episode,reward,cost,feasible,latency_s,ppl_hat,candidate_reward,candidate_feasible,temperature,entropy_coef,hard_batch_fraction,state_weight_mean,state_weight_max,policy_loss,loss,replay_loss,buffer
1,-0.591107964515686,0.591107964515686,1.0,5.174467086791992,54.353607177734375,-1.1751315593719482,1.0,1.2,0.02,0.75,15.759162902832031,24.0,-1.7585387229919434,-1.7966325283050537,0.5771510004997253,3200
2,-0.5976827144622803,0.5976827144622803,1.0,4.951114177703857,59.66427993774414,-1.040948510169983,0.9990234375,1.1975341356475036,0.01992326660654911,0.75,13.212625503540039,24.0,-1.6184794902801514,-1.63746178150177,0.3990832567214966,3840
3,-0.4326746165752411,0.4326746165752411,1.0,4.912475109100342,35.436363220214844,-1.0137908458709717,0.999755859375,1.1950733383675112,0.019846827613781745,0.75,13.742109298706055,24.0,-1.6945452690124512,-1.719325065612793,0.30697283148765564,4480
4,-0.5032801032066345,0.5032801032066345,1.0,5.166850566864014,51.627132415771484,-1.2660086154937744,1.0,1.1926175977477618,0.019770681892179728,0.75,11.78448486328125,24.0,-1.5771455764770508,-1.6100163459777832,0.2294882833957672,5120
5,-0.5457606315612793,0.5457606315612793,1.0,5.0903096199035645,57.63226318359375,-1.1096851825714111,1.0,1.19016690339739,0.01969482831655848,0.75,12.838101387023926,24.0,-1.9377288818359375,-1.9647902250289917,0.2026127427816391,5760
6,-0.5470063090324402,0.5470063090324402,1.0,5.026673316955566,60.18254470825195,-1.0838804244995117,1.0,1.1877212449468828,0.019619265766050366,0.75,15.8554048538208,24.0,-2.3612773418426514,-2.3930118083953857,0.190975159406662,6400
7,-3.612861156463623,0.6754858493804932,0.96875,6.39469051361084,43680.93359375,-1.0282076597213745,0.9998779296875,1.185280612048035,0.01954399312408817,0.75,14.11959171295166,24.0,-2.1806533336639404,-2.2215476036071777,0.1624094545841217,7040
8,-0.5252665281295776,0.5252665281295776,1.0,5.0013532638549805,52.46622848510742,-1.0909602642059326,0.993896484375,1.1828449943739063,0.01946900927838856,0.75,13.6239013671875,24.0,-2.6357665061950684,-2.6775033473968506,0.14102908968925476,7680
9,-0.460977166891098,0.460977166891098,1.0,4.612632751464844,42.08979415893555,-0.9480923414230347,0.9996337890625,1.1804143816187769,0.019394313120935678,0.75,11.375597953796387,24.0,-2.092747211456299,-2.1350491046905518,0.17268222570419312,8320
10,-0.6406397223472595,0.6406397223472595,1.0,5.144796371459961,64.68099975585938,-1.2444571256637573,0.9996337890625,1.1779887634981037,0.019319903547964753,0.75,13.201261520385742,24.0,-2.567237138748169,-2.6040358543395996,0.15786653757095337,8960
11,-0.4541310667991638,0.4541310667991638,1.0,5.01519250869751,37.9326171875,-0.9106392860412598,0.9998779296875,1.1755681297484775,0.01924577945994579,0.75,13.487449645996094,24.0,-2.554994583129883,-2.5846474170684814,0.14698292315006256,9600
12,-0.5509820580482483,0.5509820580482483,1.0,4.818922996520996,54.10199737548828,-1.050341248512268,0.9996337890625,1.1731524701275795,0.019171939761567336,0.75,16.307580947875977,24.0,-1.9278929233551025,-1.9535226821899414,0.13455910980701447,10240
13,-0.449371874332428,0.449371874332428,1.0,4.870031356811523,34.93278503417969,-0.8590452671051025,0.9998779296875,1.1707417744141373,0.01909838336172028,0.75,13.830442428588867,24.0,-2.1497936248779297,-2.1707041263580322,0.1546863168478012,10880
14,-0.4839581847190857,0.4839581847190857,1.0,5.024679183959961,39.152923583984375,-0.8300668001174927,0.998779296875,1.168336032407882,0.019025109173481738,0.75,14.74501895904541,24.0,-1.3109750747680664,-1.331966757774353,0.13244286179542542,11520
15,-0.4690241813659668,0.4690241813659668,1.0,4.850158214569092,38.61663055419922,-0.9849437475204468,1.0,1.1659352339295055,0.018952116114098992,0.75,12.431755065917969,24.0,-1.5464820861816406,-1.5714696645736694,0.13019077479839325,12160
16,-0.43098753690719604,0.43098753690719604,1.0,4.757792949676514,35.46064758300781,-0.8168788552284241,1.0,1.163539368820617,0.018879403104973488,0.75,12.902839660644531,24.0,-1.9072786569595337,-1.9323934316635132,0.1146414577960968,12800
17,-0.39894846081733704,0.39894846081733704,1.0,4.890366554260254,50.429603576660156,-0.7341240644454956,1.0,1.1611484269436996,0.01880696907164489,0.75,13.477956771850586,24.0,-1.8608429431915283,-1.884594440460205,0.12326698005199432,13440
18,-0.47163113951683044,0.47163113951683044,1.0,5.041694641113281,38.4261589050293,-0.7835997939109802,0.9998779296875,1.158762398182068,0.018734812943775228,0.75,13.806028366088867,24.0,-1.398891806602478,-1.4217755794525146,0.12053325772285461,14080
19,-0.49309247732162476,0.49309247732162476,1.0,4.788763046264648,44.31920623779297,-0.8060070872306824,1.0,1.156381272439826,0.01866293365513305,0.75,12.805941581726074,24.0,-1.2069149017333984,-1.2313921451568604,0.10575179755687714,14720
20,-0.45731306076049805,0.45731306076049805,1.0,4.8407487869262695,38.214378356933594,-0.9139108061790466,0.99658203125,1.1540050396418227,0.01859133014357769,0.75,11.847886085510254,24.0,-2.111027717590332,-2.1326451301574707,0.12300944328308105,15360
21,-0.5124698877334595,0.5124698877334595,1.0,4.848209857940674,62.39460754394531,-0.9363420605659485,1.0,1.151633689733611,0.018520001351043563,0.75,12.005220413208008,24.0,-1.498268485069275,-1.5188589096069336,0.10623754560947418,16000
22,-0.4060142934322357,0.4060142934322357,1.0,4.723855018615723,38.925941467285156,-0.7234698534011841,1.0,1.1492672126814043,0.018448946223524533,0.75,13.423251152038574,24.0,-1.5297807455062866,-1.5545812845230103,0.10385309159755707,16640
23,-0.5107220411300659,0.5107220411300659,1.0,5.046879768371582,44.963111877441406,-0.9892958998680115,0.9996337890625,1.1469055984720342,0.01837816371105833,0.75,13.029820442199707,24.0,-1.0878300666809082,-1.1069895029067993,0.09586521983146667,17280
24,-0.393010675907135,0.393010675907135,1.0,4.985915660858154,41.103904724121094,-0.7166410684585571,1.0,1.1445488371129087,0.018307652767711055,0.75,13.136740684509277,24.0,-1.3922843933105469,-1.4230610132217407,0.10338747501373291,17920
25,-0.4327932894229889,0.4327932894229889,1.0,5.03166389465332,48.84969711303711,-0.7359686493873596,1.0,1.1421969186319687,0.0182374123515617,0.75,12.757020950317383,24.0,-1.1507132053375244,-1.1784542798995972,0.11942316591739655,18560
26,-0.3704181909561157,0.3704181909561157,1.0,4.589245319366455,33.40547180175781,-0.735395073890686,0.9998779296875,1.1398498330776472,0.018167441424686775,0.75,11.063494682312012,24.0,-1.16102933883667,-1.1884533166885376,0.10278764367103577,19200
27,-0.3988655209541321,0.3988655209541321,1.0,4.794873237609863,41.74880599975586,-0.7338489294052124,0.9962158203125,1.1375075705188262,0.01809773895314495,0.75,10.377668380737305,24.0,-1.323695182800293,-1.3471910953521729,0.09896018356084824,19840
28,-0.47089269757270813,0.47089269757270813,1.0,4.887825012207031,43.838600158691406,-0.8466598391532898,0.99951171875,1.1351701210447953,0.018028303906961793,0.75,13.899347305297852,24.0,-1.5786961317062378,-1.6027718782424927,0.11566449701786041,20480
29,-0.5513662695884705,0.5513662695884705,1.0,4.703377723693848,132.85598754882812,-0.8349722623825073,0.9993896484375,1.132837474765209,0.017959135260114535,0.75,11.958771705627441,24.0,-1.1791534423828125,-1.1955667734146118,0.12922051548957825,21120
30,-0.5080165863037109,0.5080165863037109,1.0,4.9342145919799805,49.96869659423828,-0.8483377695083618,0.9991455078125,1.130509621810046,0.01789023199051693,0.75,13.536027908325195,24.0,-1.319529414176941,-1.3394633531570435,0.11653219163417816,21760
31,-0.5048263072967529,0.5048263072967529,1.0,4.940155029296875,39.47957992553711,-0.8434662818908691,0.9986572265625,1.1281865523295664,0.017821593080004125,0.75,13.17959976196289,24.0,-0.7994347810745239,-0.8144364356994629,0.1100461557507515,22400
32,-0.6032742857933044,0.6032742857933044,1.0,4.900406837463379,60.732460021972656,-0.9407438039779663,1.0,1.1258682564942704,0.017753217514317642,0.75,14.509799003601074,24.0,-1.205822467803955,-1.2272546291351318,0.12417832762002945,23040
33,-0.4642349183559418,0.4642349183559418,1.0,5.105904579162598,39.466461181640625,-0.6862202882766724,0.998779296875,1.1235547244948565,0.017685104283090378,0.75,13.250125885009766,24.0,-1.106894612312317,-1.127776861190796,0.10228218138217926,23680
34,-0.45911848545074463,0.45911848545074463,1.0,4.81689977645874,38.19960403442383,-0.8881937265396118,1.0,1.1212459465421807,0.017617252379831656,0.75,13.059001922607422,24.0,-0.9463918805122375,-0.9631497263908386,0.10647137463092804,24320
35,-0.596534013748169,0.596534013748169,1.0,5.001461982727051,257.61895751953125,-0.9106568098068237,0.9998779296875,1.1189419128672147,0.017549660801912392,0.75,12.805773735046387,24.0,-1.290402889251709,-1.3088685274124146,0.10491367429494858,24960
36,-0.545881986618042,0.545881986618042,1.0,4.884028911590576,53.52456283569336,-0.775349497795105,1.0,1.1166426137210033,0.01748232855055025,0.75,14.75507640838623,24.0,-1.5453760623931885,-1.567405343055725,0.10687342286109924,25600
37,-0.561003565788269,0.561003565788269,1.0,4.912419319152832,52.98353576660156,-1.0045084953308105,0.998046875,1.114348039374626,0.017415254630794894,0.75,14.44852066040039,24.0,-1.1105470657348633,-1.1270591020584106,0.10046399384737015,26240
38,-0.44394809007644653,0.44394809007644653,1.0,4.921752452850342,40.24359893798828,-0.708163857460022,0.9998779296875,1.1120581801191523,0.017348438051513284,0.75,12.694398880004883,24.0,-1.1400704383850098,-1.1587419509887695,0.11991655826568604,26880
39,-0.48493772745132446,0.48493772745132446,1.0,4.915867805480957,48.248287200927734,-0.7080660462379456,1.0,1.109773026265604,0.017281877825375026,0.75,12.913978576660156,24.0,-1.0947246551513672,-1.1089836359024048,0.0989646166563034,27520
40,-0.4598134160041809,0.4598134160041809,1.0,4.701239585876465,45.718196868896484,-0.7481412291526794,1.0,1.107492568144912,0.01721557296883779,0.75,11.30455493927002,24.0,-1.2302536964416504,-1.2484636306762695,0.10053812712430954,28160
41,-0.5777472853660583,0.5777472853660583,1.0,4.875842094421387,63.5738639831543,-0.7811241745948792,1.0,1.105216796107876,0.017149522502132773,0.75,13.858196258544922,24.0,-0.9787346720695496,-0.9921661615371704,0.10587956011295319,28800
42,-0.47133833169937134,0.47133833169937134,1.0,4.9880290031433105,37.73733139038086,-0.8332382440567017,0.9998779296875,1.1029457005251238,0.017083725449250218,0.75,13.778949737548828,24.0,-1.2621290683746338,-1.2768748998641968,0.08365052938461304,29440
43,-0.4055355191230774,0.4055355191230774,1.0,4.99971866607666,36.05803298950195,-0.6791744232177734,0.9954833984375,1.1006792717870704,0.017018180837925004,0.75,15.26215934753418,24.0,-1.436483383178711,-1.4508826732635498,0.09771797806024551,30080
44,-0.38695788383483887,0.38695788383483887,1.0,5.016497611999512,30.917753219604492,-0.649523913860321,1.0,1.0984175003038774,0.016952887699622256,0.75,13.823585510253906,24.0,-1.3504098653793335,-1.3640562295913696,0.09798355400562286,30720
45,-0.6544706225395203,0.6544706225395203,1.0,4.930078029632568,271.8736267089844,-0.8845341205596924,0.999267578125,1.0961603765054129,0.016887845069523063,0.75,13.180312156677246,24.0,-0.7431806325912476,-0.7610365152359009,0.11684665828943253,31360
46,-0.4747234284877777,0.4747234284877777,1.0,5.09913969039917,42.529388427734375,-0.8813835382461548,0.9993896484375,1.0939078908412097,0.016823051986510195,0.75,14.066797256469727,24.0,-0.7962454557418823,-0.8097545504570007,0.11223667114973068,32000
47,-0.4184700846672058,0.4184700846672058,1.0,5.097057342529297,31.27316665649414,-0.6739792823791504,0.9998779296875,1.0916600337804263,0.01675850749315391,0.75,11.759655952453613,24.0,-0.9707157611846924,-0.9814589619636536,0.11276115477085114,32640
48,-0.4799085557460785,0.4799085557460785,1.0,4.904681205749512,44.698097229003906,-0.6521005630493164,0.9998779296875,1.0894167958118062,0.016694210635697815,0.75,11.702951431274414,24.0,-0.7898679971694946,-0.8009601831436157,0.09547903388738632,33280
49,-0.3923454284667969,0.3923454284667969,1.0,5.1469268798828125,26.997426986694336,-0.5697797536849976,1.0,1.0871781674436367,0.016630160464044762,0.75,17.04846954345703,24.0,-0.4398990571498871,-0.45564672350883484,0.09746965765953064,33920
50,-0.523510754108429,0.523510754108429,1.0,5.004513740539551,54.91511535644531,-0.8640543222427368,1.0,1.0849441392037105,0.016566356031742814,0.75,14.611287117004395,24.0,-0.7822099924087524,-0.793178915977478,0.08384943753480911,34560
51,-0.4611298441886902,0.4611298441886902,1.0,4.957789421081543,35.015769958496094,-0.6843478083610535,0.999755859375,1.0827147016392835,0.016502796395971252,0.75,11.735525131225586,24.0,-1.0807650089263916,-1.089821457862854,0.08692905306816101,35200
52,-0.3849284052848816,0.3849284052848816,1.0,4.853456497192383,42.3283805847168,-0.6340411305427551,1.0,1.0804898453170368,0.01643948061752665,0.75,10.785387992858887,24.0,-0.8004310727119446,-0.809402585029602,0.10134030133485794,35840
53,-0.4977627396583557,0.4977627396583557,1.0,5.0735979080200195,43.85474395751953,-0.710828423500061,1.0,1.0782695608230353,0.016376407760809,0.75,12.584009170532227,24.0,-1.017113208770752,-1.0272303819656372,0.09998658299446106,36480
54,-0.5053349733352661,0.5053349733352661,1.0,4.6897783279418945,57.82012176513672,-0.7833209037780762,1.0,1.0760538387626892,0.016313576893807885,0.75,12.739934921264648,24.0,-0.9443499445915222,-0.9533522129058838,0.09072671085596085,37120
55,-0.38977473974227905,0.38977473974227905,1.0,4.880970001220703,31.425113677978516,-0.6836118698120117,1.0,1.0738426697607124,0.01625098708808869,0.75,11.12471866607666,24.0,-0.9420533180236816,-0.9583622217178345,0.10063433647155762,37760
56,-0.3860143721103668,0.3860143721103668,1.0,5.145148754119873,26.75960922241211,-0.6435700058937073,1.0,1.0716360444610855,0.016188637418778906,0.75,13.175049781799316,24.0,-0.8437294363975525,-0.8596639633178711,0.09669739007949829,38400
57,-0.4080302119255066,0.4080302119255066,1.0,4.784943580627441,43.252296447753906,-0.6775317192077637,1.0,1.069433953527013,0.01612652696455446,0.75,12.312753677368164,24.0,-0.8138665556907654,-0.8227475881576538,0.09354252368211746,39040
58,-0.5000731945037842,0.5000731945037842,1.0,5.022495269775391,48.30787658691406,-0.7814154624938965,1.0,1.0672363876408868,0.01606465480762608,0.75,13.823159217834473,24.0,-0.6253565549850464,-0.6398794651031494,0.08164458721876144,39680
59,-0.48415517807006836,0.48415517807006836,1.0,4.930696487426758,44.71916198730469,-0.7287728786468506,0.9998779296875,1.0650433375042445,0.016003020033725765,0.75,11.410072326660156,24.0,-0.6264668703079224,-0.6370081901550293,0.0936577320098877,40320
60,-0.39319998025894165,0.39319998025894165,1.0,5.04481315612793,30.913047790527344,-0.6076909303665161,1.0,1.0628547938377315,0.015941621732093247,0.75,13.896939277648926,24.0,-0.7006412148475647,-0.708218514919281,0.08150370419025421,40960
61,-0.5451781749725342,0.5451781749725342,1.0,4.867532730102539,59.56871795654297,-0.7619382739067078,1.0,1.0606707473810613,0.015880458995462546,0.75,14.520655632019043,24.0,-0.34498438239097595,-0.3572278916835785,0.07916863262653351,41600
62,-0.5200038552284241,0.5200038552284241,1.0,5.090115070343018,46.68088912963867,-0.7232064604759216,1.0,1.0584911888929756,0.015819530920048567,0.75,13.0758056640625,24.0,-0.7943629622459412,-0.8023815155029297,0.09810078144073486,42240
63,-0.4635598361492157,0.4635598361492157,1.0,5.2375898361206055,36.34035110473633,-0.7740574479103088,0.99951171875,1.0563161091512066,0.015758836605533736,0.75,12.55176830291748,24.0,-0.881054162979126,-0.8944311141967773,0.07709591835737228,42880
64,-0.48756083846092224,0.48756083846092224,1.0,5.034113883972168,40.31537628173828,-0.7319425940513611,0.999755859375,1.0541454989524368,0.015698375155054702,0.75,14.773082733154297,24.0,-0.8206247091293335,-0.8352315425872803,0.09422419965267181,43520
65,-0.5084826946258545,0.5084826946258545,1.0,5.075735569000244,41.701377868652344,-0.9009885191917419,0.9898681640625,1.0519793491122607,0.015638145675189077,0.75,13.117096900939941,24.0,-1.0551812648773193,-1.070993185043335,0.10994372516870499,44160
66,-0.6093898415565491,0.6093898415565491,1.0,4.9967451095581055,56.000160217285156,-0.8981561660766602,0.999755859375,1.0498176504651455,0.015578147275942245,0.75,13.620442390441895,24.0,-0.7666149139404297,-0.776949942111969,0.08798300474882126,44800
67,-0.37819117307662964,0.37819117307662964,1.0,4.980171203613281,32.34000015258789,-0.9262501001358032,1.0,1.0476603938643925,0.015518379070734205,0.75,11.436326026916504,24.0,-1.0931065082550049,-1.1061781644821167,0.08872465789318085,45440
68,-0.5215393304824829,0.5215393304824829,1.0,4.8039703369140625,54.541343688964844,-0.7880610227584839,1.0,1.0455075701820986,0.015458840176386471,0.75,12.7422513961792,24.0,-1.0150585174560547,-1.023106336593628,0.08007077872753143,46080
69,-0.46580034494400024,0.46580034494400024,1.0,4.768661975860596,46.843162536621094,-0.6318592429161072,1.0,1.0433591703091176,0.015399529713109015,0.75,13.530411720275879,24.0,-0.5534477233886719,-0.5613335967063904,0.07104311883449554,46720
70,-0.45899534225463867,0.45899534225463867,1.0,4.884566783905029,43.84355163574219,-0.7098959684371948,1.0,1.0412151851550213,0.01534044680448728,0.75,14.358677864074707,24.0,-0.6939157843589783,-0.7015033960342407,0.08418897539377213,47360
71,-0.4375394582748413,0.4375394582748413,1.0,5.159738063812256,30.611751556396484,-0.7663503885269165,1.0,1.0390756056480617,0.015281590577469223,0.75,10.473551750183105,24.0,-0.8985154032707214,-0.9086297154426575,0.07556433975696564,48000
72,-0.43048036098480225,0.43048036098480225,1.0,4.817196846008301,44.258968353271484,-0.7115805745124817,1.0,1.0369404227351315,0.015222960162352405,0.75,10.583849906921387,24.0,-0.49302589893341064,-0.5061758160591125,0.08525889366865158,48640
73,-0.4550051689147949,0.4550051689147949,1.0,4.960466384887695,39.291351318359375,-0.6948518753051758,1.0,1.034809627381727,0.015164554692771153,0.75,13.337577819824219,24.0,-0.4866366386413574,-0.49813488125801086,0.09753776341676712,49280
74,-0.47307056188583374,0.47307056188583374,1.0,4.811617374420166,40.63996124267578,-0.6973217129707336,1.0,1.03268321057191,0.015106373305683754,0.75,11.50414752960205,24.0,-0.7926958799362183,-0.7999125719070435,0.08695220947265625,49920
75,-0.45953190326690674,0.45953190326690674,1.0,5.110182762145996,35.22967529296875,-0.7015423774719238,0.9998779296875,1.0305611633082676,0.0150484151413597,0.75,14.166547775268555,24.0,-0.49046584963798523,-0.49682551622390747,0.09959690272808075,50560
76,-0.5783148407936096,0.5783148407936096,1.0,5.0430450439453125,158.2413330078125,-0.8846140503883362,1.0,1.0284434766118766,0.014990679343366986,0.75,13.046975135803223,24.0,-0.4786003828048706,-0.4923596680164337,0.09113825857639313,51200
77,-0.4064449667930603,0.4064449667930603,1.0,4.811704635620117,33.43234634399414,-0.7388710975646973,1.0,1.0263301415222643,0.01493316505855945,0.75,11.342300415039062,24.0,-0.5034511685371399,-0.5175001621246338,0.09030541032552719,51840
78,-0.4420744478702545,0.4420744478702545,1.0,4.812272071838379,38.211631774902344,-0.6465526223182678,1.0,1.0242211490973707,0.014875871437064172,0.75,12.579927444458008,24.0,-0.6167445182800293,-0.6234000325202942,0.09125509858131409,52480
79,-0.46719157695770264,0.46719157695770264,1.0,4.715084552764893,59.04527282714844,-0.7504761815071106,1.0,1.0221164904135105,0.01481879763226892,0.75,11.752664566040039,24.0,-0.6259344816207886,-0.633943498134613,0.08967985212802887,53120
80,-0.465505450963974,0.465505450963974,1.0,4.701018333435059,36.99715042114258,-0.7166028022766113,1.0,1.020016156565336,0.014761942800809618,0.75,13.298540115356445,24.0,-0.6072693467140198,-0.6145150065422058,0.09134985506534576,53760
81,-0.4611060619354248,0.4611060619354248,1.0,5.0925750732421875,38.287532806396484,-0.6997718214988708,1.0,1.0179201386657986,0.014705306102557913,0.75,13.278634071350098,24.0,-0.4388270974159241,-0.4466545581817627,0.09978037327528,54400
82,-0.4982026219367981,0.4982026219367981,1.0,5.058483123779297,86.30842590332031,-0.735988974571228,1.0,1.0158284278461118,0.014648886700608746,0.75,12.488941192626953,24.0,-0.6957466006278992,-0.7036816477775574,0.08991771936416626,55040
83,-0.48147180676460266,0.48147180676460266,1.0,4.786194801330566,95.08512878417969,-0.7345684170722961,1.0,1.0137410152557134,0.01459268376126798,0.75,12.232538223266602,24.0,-0.5109152793884277,-0.5189756155014038,0.08329960703849792,55680
84,-3.6500892639160156,0.6678658723831177,0.96875,6.027297496795654,2279.062255859375,-0.8937501907348633,0.9998779296875,1.011657892062228,0.01453669645404009,0.75,14.580506324768066,24.0,-0.504757285118103,-0.516731858253479,0.070720374584198,56320
85,-0.4674578607082367,0.4674578607082367,1.0,4.797449588775635,47.18164825439453,-0.7121585607528687,1.0,1.0095790494514294,0.014480923951615888,0.75,12.290064811706543,24.0,-0.808807373046875,-0.817741334438324,0.08021508157253265,56960
86,-0.4177316427230835,0.4177316427230835,1.0,5.258272171020508,35.159393310546875,-0.6178423166275024,1.0,1.007504478627205,0.0144253654298603,0.75,12.327725410461426,24.0,-1.1702611446380615,-1.1851024627685547,0.08226753771305084,57600
87,-0.5856155157089233,0.5856155157089233,1.0,5.288136959075928,52.52321243286133,-0.8315906524658203,0.9998779296875,1.0054341708115155,0.014370020067800183,0.75,15.181292533874512,24.0,-0.909325122833252,-0.9179824590682983,0.08159045875072479,58240
88,-0.4313049018383026,0.4313049018383026,1.0,5.03461217880249,36.214210510253906,-0.643537700176239,1.0,1.0033681172443605,0.014314887047612197,0.75,13.516656875610352,24.0,-0.5856868028640747,-0.6030723452568054,0.08677701652050018,58880
89,-0.4487621784210205,0.4487621784210205,1.0,4.865901947021484,36.24925994873047,-0.7118551135063171,1.0,1.0013063091837402,0.014259965554610723,0.75,11.40096664428711,24.0,-0.44654422998428345,-0.45481884479522705,0.07881615310907364,59520
90,-0.3622894585132599,0.3622894585132599,1.0,4.935420989990234,34.0562744140625,-0.6389802098274231,1.0,0.9992487379056186,0.014205254777235818,0.75,12.462445259094238,24.0,-0.14236143231391907,-0.16189038753509521,0.06418506801128387,60160
91,-0.4686450958251953,0.4686450958251953,1.0,4.815468788146973,39.70484924316406,-0.6260950565338135,1.0,0.9971953947038865,0.014150753907041229,0.75,12.664461135864258,24.0,-0.7004114985466003,-0.7098679542541504,0.08184779435396194,60800
92,-0.38419103622436523,0.38419103622436523,1.0,5.032770156860352,29.75465202331543,-0.6931173801422119,1.0,0.9951462708903249,0.014096462138682443,0.75,13.042107582092285,24.0,-0.7168732285499573,-0.7355748414993286,0.0998096913099289,61440
93,-0.4695223569869995,0.4695223569869995,1.0,4.821620941162109,43.39562225341797,-0.733282208442688,1.0,0.9931013577945681,0.014042378669904787,0.75,14.278684616088867,24.0,-0.7104498744010925,-0.7246606349945068,0.0784103274345398,62080
94,-0.4957418441772461,0.4957418441772461,1.0,4.906466484069824,262.19427490234375,-0.8347289562225342,1.0,0.9910606467640669,0.013988502701531578,0.75,13.07257080078125,24.0,-0.08715172111988068,-0.09840727597475052,0.06538622826337814,62720
95,-0.4317818284034729,0.4317818284034729,1.0,4.805469512939453,39.01390838623047,-0.7493212223052979,1.0,0.9890241291640522,0.013934833437452304,0.75,10.477107048034668,24.0,-0.5302886366844177,-0.5373597145080566,0.07411973178386688,63360
96,-0.53021240234375,0.53021240234375,1.0,4.8917388916015625,118.22346496582031,-0.7672415971755981,1.0,0.9869917963774986,0.013881370084610871,0.75,14.44056510925293,24.0,-0.4295749068260193,-0.44001320004463196,0.07537306100130081,64000
97,-0.5932579636573792,0.5932579636573792,1.0,4.804079532623291,82.0882339477539,-0.899248480796814,1.0,0.9849636398050872,0.01382811185299388,0.75,12.617907524108887,24.0,-0.42544683814048767,-0.43130719661712646,0.07892045378684998,64640
98,-0.47787362337112427,0.47787362337112427,1.0,4.900768280029297,53.12606430053711,-0.7628742456436157,1.0,0.98293965086517,0.013775057955618944,0.75,13.487218856811523,24.0,-0.6464782953262329,-0.6573554277420044,0.07157427817583084,65280
99,-0.6719218492507935,0.6719218492507935,1.0,5.100107192993164,808.5620727539062,-0.8936862349510193,1.0,0.9809198209937336,0.013722207608523076,0.75,14.139533042907715,24.0,-0.8461190462112427,-0.8577037453651428,0.07177893072366714,65920
100,-0.5123031139373779,0.5123031139373779,1.0,5.137486457824707,50.2724609375,-0.7358783483505249,1.0,0.9789041416443622,0.013669560030751095,0.75,12.577615737915039,24.0,-0.6731937527656555,-0.6831831336021423,0.08249591290950775,66560
101,-0.5289837121963501,0.5289837121963501,1.0,4.809677600860596,43.640419006347656,-0.7850832939147949,1.0,0.9768926042882022,0.013617114444344085,0.75,12.044824600219727,24.0,-0.659785807132721,-0.6694434881210327,0.07635906338691711,67200
102,-0.441547691822052,0.441547691822052,1.0,4.996561527252197,37.81098175048828,-0.701892077922821,1.0,0.9748852004139259,0.013564870074327905,0.75,11.775572776794434,24.0,-0.5067418813705444,-0.5163410902023315,0.0844859927892685,67840
103,-0.4335595369338989,0.4335595369338989,1.0,4.840995788574219,42.267425537109375,-0.6292445063591003,1.0,0.972881921527695,0.013512826148701723,0.75,12.229150772094727,24.0,-0.6168532371520996,-0.6245877742767334,0.07764802128076553,68480
104,-0.4577517807483673,0.4577517807483673,1.0,4.844770431518555,43.642208099365234,-0.8460390567779541,0.9991455078125,0.9708827591531256,0.013460981898426632,0.75,11.330875396728516,24.0,-0.50182044506073,-0.5131881833076477,0.07919342070817947,69120
105,-0.44268661737442017,0.44268661737442017,1.0,5.040132522583008,38.80961608886719,-0.8314374685287476,1.0,0.9688877048312514,0.013409336557414267,0.75,12.050054550170898,24.0,-0.3347190320491791,-0.34496694803237915,0.0757361501455307,69760
106,-0.5600259304046631,0.5600259304046631,1.0,4.837644577026367,60.06462097167969,-0.8923130035400391,1.0,0.9668967501204884,0.013357889362515495,0.75,12.474285125732422,24.0,-0.36432328820228577,-0.377357542514801,0.08975045382976532,70400
107,-0.5624977350234985,0.5624977350234985,1.0,5.046243667602539,55.92557144165039,-0.7232922315597534,0.9998779296875,0.9649098865965995,0.013306639553509126,0.75,15.212821006774902,24.0,-0.597980260848999,-0.6066927313804626,0.08351705968379974,71040
108,-0.5119799971580505,0.5119799971580505,1.0,5.003313064575195,41.16297912597656,-0.8140869140625,1.0,0.9629271058526578,0.013255586373090695,0.75,14.297359466552734,24.0,-0.7656456232070923,-0.7743921875953674,0.08728588372468948,71680
109,-0.4363687038421631,0.4363687038421631,1.0,5.073824405670166,40.417381286621094,-0.6542608737945557,1.0,0.9609483994990123,0.013204729066861263,0.75,13.596811294555664,24.0,-0.5089877843856812,-0.5145931243896484,0.07267601788043976,72320
110,-0.4596042037010193,0.4596042037010193,1.0,5.016347885131836,42.80401611328125,-0.7763354182243347,0.9991455078125,0.9589737591632514,0.01315406688331627,0.75,12.320928573608398,24.0,-0.5982586145401001,-0.6049280166625977,0.07562464475631714,72960
111,-0.42425501346588135,0.42425501346588135,1.0,4.998162269592285,39.47922897338867,-0.6008344888687134,1.0,0.9570031764901679,0.013103599073834427,0.75,11.586734771728516,24.0,-0.3494698405265808,-0.36082693934440613,0.07644008845090866,73600
112,-0.5828976631164551,0.5828976631164551,1.0,5.110698699951172,75.3026123046875,-0.8417530059814453,1.0,0.9550366431417238,0.013053324892666664,0.75,14.556282043457031,24.0,-0.4344562292098999,-0.446595162153244,0.07718734443187714,74240
113,-0.4505429267883301,0.4505429267883301,1.0,5.120722770690918,40.35589599609375,-0.6304347515106201,1.0,0.9530741507970146,0.013003243596925099,0.75,13.134275436401367,24.0,-0.5718939900398254,-0.5851407051086426,0.08193841576576233,74880
114,-0.4690385162830353,0.4690385162830353,1.0,4.853091716766357,43.845726013183594,-0.7425209283828735,1.0,0.9511156911522345,0.012953354446572068,0.75,12.411825180053711,24.0,-0.773789644241333,-0.7795979976654053,0.07377121597528458,75520
115,-0.3835626244544983,0.3835626244544983,1.0,5.020593643188477,30.60433578491211,-0.6089060306549072,1.0,0.9491612559206409,0.012903656704409185,0.75,13.45086669921875,24.0,-0.4107592701911926,-0.4179269075393677,0.083945631980896,76160
116,-0.5472041368484497,0.5472041368484497,1.0,5.076369285583496,81.65882873535156,-0.7853221893310547,1.0,0.9472108368325197,0.012854149636066452,0.75,12.238176345825195,24.0,-0.9967280030250549,-1.0067722797393799,0.07982724905014038,76800
117,-0.401710569858551,0.401710569858551,1.0,4.811308860778809,36.597434997558594,-0.5523018836975098,1.0,0.94526442563515,0.012804832509991407,0.75,12.394474983215332,24.0,-0.49836140871047974,-0.5044493079185486,0.09770363569259644,77440
118,-0.455411821603775,0.455411821603775,1.0,4.6168107986450195,38.69145202636719,-0.7338222861289978,1.0,0.9433220140927694,0.012755704597438312,0.75,12.066173553466797,24.0,-0.41248273849487305,-0.4170532524585724,0.088877834379673,78080
119,-0.48501527309417725,0.48501527309417725,1.0,4.883767127990723,45.48523712158203,-0.8256258964538574,1.0,0.9413835939865389,0.012706765172457382,0.75,13.475371360778809,24.0,-0.5502788424491882,-0.557794988155365,0.07968559861183167,78720
120,-0.44857436418533325,0.44857436418533325,1.0,5.035346031188965,34.904266357421875,-0.6537595987319946,0.9998779296875,0.9394491571145087,0.01265801351188407,0.75,12.926553726196289,24.0,-0.4335358142852783,-0.44324374198913574,0.06997402012348175,79360
121,-0.45264166593551636,0.45264166593551636,1.0,4.8840179443359375,39.194618225097656,-0.7645529508590698,1.0,0.9375186952915824,0.012609448895328366,0.75,11.891288757324219,24.0,-0.6314481496810913,-0.6389056444168091,0.06765401363372803,80000
122,-0.42765742540359497,0.42765742540359497,1.0,4.84689474105835,37.868255615234375,-0.641057014465332,1.0,0.9355922003494836,0.01256107060516416,0.75,10.137185096740723,24.0,-0.3477873206138611,-0.3560974895954132,0.06560468673706055,80640
123,-3.5168888568878174,0.5289554595947266,0.96875,5.8458251953125,1539.2393798828125,-0.703608512878418,0.98095703125,0.9336696641367207,0.012512877926518635,0.75,13.45585823059082,24.0,-1.0454356670379639,-1.0518136024475098,0.07626281678676605,81280
124,-0.45442771911621094,0.45442771911621094,1.0,5.02127742767334,58.61149978637695,-0.7267937660217285,1.0,0.9317510785185523,0.01246487014726171,0.75,10.242870330810547,24.0,-0.5175933837890625,-0.5260868072509766,0.08125279098749161,81920
125,-0.4495369791984558,0.4495369791984558,1.0,4.992000579833984,34.83264923095703,-0.7695462703704834,1.0,0.9298364353769533,0.012417046557995503,0.75,11.943092346191406,24.0,0.027966350317001343,0.018880732357501984,0.07799196243286133,82560
126,-0.37418055534362793,0.37418055534362793,1.0,5.01397180557251,29.86389923095703,-0.5156694054603577,1.0,0.9279257266105796,0.01236940645204387,0.75,14.067449569702148,24.0,-0.3732980787754059,-0.38299521803855896,0.08551527559757233,83200
127,-0.47889411449432373,0.47889411449432373,1.0,4.685795783996582,39.02876281738281,-0.6604281067848206,1.0,0.9260189441347351,0.012321949125441935,0.75,13.70864486694336,24.0,-0.6119782328605652,-0.6165832877159119,0.08384213596582413,83840
128,-0.32167917490005493,0.32167917490005493,1.0,5.1575822830200195,21.67839813232422,-0.5737611055374146,1.0,0.9241160798813366,0.012274673876925714,0.75,12.82192611694336,24.0,-0.6521888971328735,-0.6637866497039795,0.08460476994514465,84480
129,-0.4678284823894501,0.4678284823894501,1.0,4.810921669006348,37.0709342956543,-0.6564697027206421,1.0,0.9222171257988797,0.012227580007921741,0.75,13.694570541381836,24.0,-0.5507025718688965,-0.5561932325363159,0.08137376606464386,85120
130,-0.6171540021896362,0.6171540021896362,1.0,5.173335075378418,214.4758758544922,-0.8517633676528931,0.9998779296875,0.9203220738524055,0.012180666822536735,0.75,12.399670600891113,24.0,-0.7044445276260376,-0.7123401165008545,0.08060778677463531,85760
131,-0.5262739658355713,0.5262739658355713,1.0,4.90640115737915,54.144195556640625,-0.6813613176345825,0.999755859375,0.9184309160234654,0.01213393362754734,0.75,13.738348007202148,24.0,-0.3848647475242615,-0.3893279433250427,0.06963779032230377,86400
132,-0.4514623284339905,0.4514623284339905,1.0,5.014580726623535,32.9887580871582,-0.7150714993476868,1.0,0.9165436443100878,0.012087379732389861,0.75,15.048151016235352,24.0,-0.2018185555934906,-0.21464085578918457,0.06635117530822754,87040
133,-0.5353655815124512,0.5353655815124512,1.0,5.049277305603027,43.34833526611328,-0.7409595251083374,1.0,0.9146602507267451,0.01204100444915007,0.75,16.497970581054688,24.0,-0.4533109664916992,-0.4597586691379547,0.09232129156589508,87680
134,-0.5248881578445435,0.5248881578445435,1.0,4.926919460296631,57.04521560668945,-0.7200936079025269,1.0,0.9127807273043178,0.011994807092553041,0.75,13.619959831237793,24.0,-0.10607742518186569,-0.11011526733636856,0.09854729473590851,88320
135,-0.485141396522522,0.485141396522522,1.0,4.506654739379883,42.03141784667969,-0.7882345914840698,1.0,0.9109050660900633,0.011948786979953024,0.75,13.243667602539062,24.0,-0.7855594158172607,-0.793545663356781,0.09523836523294449,88960
136,-0.3361073434352875,0.3361073434352875,1.0,4.953455924987793,24.24847412109375,-0.572478175163269,1.0,0.90903325914758,0.011902943431323343,0.75,15.870402336120605,24.0,-0.7070748805999756,-0.7180933952331543,0.06856894493103027,89600
137,-0.5304829478263855,0.5304829478263855,1.0,4.942850112915039,51.04880905151367,-0.7809653878211975,1.0,0.9071652985567753,0.01185727576924637,0.75,14.158256530761719,24.0,-0.3672049939632416,-0.3749886155128479,0.07093208283185959,90240
138,-0.46929728984832764,0.46929728984832764,1.0,5.024299144744873,55.681434631347656,-0.7206528186798096,0.9990234375,0.9053011764138312,0.011811783318903507,0.75,14.671016693115234,24.0,-0.3889573812484741,-0.39780712127685547,0.06548318266868591,90880
139,-0.5206423401832581,0.5206423401832581,1.0,5.185538291931152,46.50270462036133,-0.8181536197662354,1.0,0.9034408848311712,0.011766465408065202,0.75,14.448966979980469,24.0,-0.32325491309165955,-0.3356647789478302,0.07650720328092575,91520
140,-0.42775166034698486,0.42775166034698486,1.0,4.623966217041016,39.57080841064453,-0.6394863128662109,1.0,0.9015844159374271,0.011721321367081032,0.75,11.544010162353516,24.0,-0.546154260635376,-0.5571924448013306,0.07017499208450317,92160
141,-0.45930325984954834,0.45930325984954834,1.0,4.983060359954834,39.17272186279297,-0.8004952669143677,1.0,0.8997317618774051,0.011676350528869806,0.75,11.594810485839844,24.0,-0.4162667989730835,-0.4229103922843933,0.06701728701591492,92800
142,-0.4609565734863281,0.4609565734863281,1.0,4.915766716003418,51.83934783935547,-0.6726238131523132,1.0,0.8978829148120532,0.01163155222890969,0.75,9.697086334228516,24.0,-0.5393486022949219,-0.5529417395591736,0.05945209413766861,93440
143,-0.41095224022865295,0.41095224022865295,1.0,4.618782043457031,33.988346099853516,-0.6583617925643921,1.0,0.8960378669184277,0.011586925805228415,0.75,12.226877212524414,24.0,-0.309810072183609,-0.32172641158103943,0.08307475596666336,94080
144,-0.43570196628570557,0.43570196628570557,1.0,4.649012565612793,38.36732482910156,-0.7212557792663574,0.9998779296875,0.89419661038966,0.011542470598393473,0.75,14.207286834716797,24.0,-0.3466253876686096,-0.35485437512397766,0.06716232001781464,94720
145,-0.44265758991241455,0.44265758991241455,1.0,4.981589317321777,39.32563400268555,-0.6502428650856018,0.9998779296875,0.8923591374349242,0.011498185951502378,0.75,12.338235855102539,24.0,-0.7472918033599854,-0.7577121257781982,0.09213278442621231,95360
146,-0.41801968216896057,0.41801968216896057,1.0,4.9830193519592285,35.552154541015625,-0.6489124894142151,1.0,0.8905254402794032,0.01145407121017297,0.75,13.394052505493164,24.0,-0.43502572178840637,-0.4437946677207947,0.06734118610620499,96000
147,-0.3846656382083893,0.3846656382083893,1.0,4.831439971923828,33.937049865722656,-0.5990809798240662,1.0,0.8886955111642564,0.011410125722533734,0.75,13.422642707824707,24.0,-0.7049019932746887,-0.7098867893218994,0.07558610290288925,96640
148,-0.505682110786438,0.505682110786438,1.0,4.782702445983887,87.35659790039062,-0.7653206586837769,0.999755859375,0.8868693423465869,0.01136634883921417,0.75,13.604167938232422,24.0,-0.24712449312210083,-0.25184446573257446,0.0884789377450943,97280
149,-0.4309866428375244,0.4309866428375244,1.0,4.890093803405762,33.831947326660156,-0.6872390508651733,0.9696044921875,0.8850469260994082,0.011322739913335196,0.75,14.229217529296875,24.0,-0.28957849740982056,-0.296714186668396,0.07739171385765076,97920
150,-0.5494687557220459,0.5494687557220459,1.0,5.0084333419799805,53.65765380859375,-0.7278812527656555,0.9996337890625,0.8832282547116123,0.011279298300499592,0.75,13.812764167785645,24.0,-0.4743626117706299,-0.48202332854270935,0.08782480657100677,98560
151,-0.38877588510513306,0.38877588510513306,1.0,4.748414039611816,28.04240608215332,-0.6505289077758789,0.9998779296875,0.8814133204879364,0.011236023358782484,0.75,12.535467147827148,24.0,-0.18595804274082184,-0.19133909046649933,0.08224726468324661,99200
152,-0.4253937602043152,0.4253937602043152,1.0,4.979162216186523,30.56156349182129,-0.5742077827453613,1.0,0.8796021157489308,0.011192914448721841,0.75,15.839481353759766,24.0,-0.245987668633461,-0.25363755226135254,0.07624461501836777,99840
153,-0.44278156757354736,0.44278156757354736,1.0,4.819199562072754,39.38274002075195,-0.607638418674469,1.0,0.8777946328309261,0.011149970933309043,0.75,11.993432998657227,24.0,-0.5549463033676147,-0.5595768094062805,0.09502624720335007,100000
154,-0.45430025458335876,0.45430025458335876,1.0,4.982115745544434,38.7110710144043,-0.6005167961120605,1.0,0.8759908640860007,0.011107192177979465,0.75,14.328826904296875,24.0,-0.08157172799110413,-0.09105434268712997,0.0869859978556633,100000
155,-0.4170817732810974,0.4170817732810974,1.0,5.288792610168457,33.31229782104492,-0.6119120121002197,1.0,0.8741908018819488,0.011064577550603085,0.75,14.334545135498047,24.0,-0.951153039932251,-0.9612849950790405,0.073747918009758,100000
156,-0.3803527355194092,0.3803527355194092,1.0,4.922196388244629,25.93377685546875,-0.7836120128631592,1.0,0.8723944386022479,0.01102212642147517,0.75,13.568144798278809,24.0,-1.0205016136169434,-1.03004789352417,0.06309118866920471,100000
157,-0.45063385367393494,0.45063385367393494,1.0,5.020257949829102,36.33340835571289,-0.858234703540802,1.0,0.8706017666460268,0.010979838163306943,0.75,12.464899063110352,24.0,-0.5031876564025879,-0.511343777179718,0.06090717762708664,100000
158,-0.39154574275016785,0.39154574275016785,1.0,4.939196586608887,30.51366424560547,-0.6199946403503418,1.0,0.8688127784280327,0.010937712151216337,0.75,14.54106330871582,24.0,-0.47425413131713867,-0.4811336100101471,0.0708199143409729,100000
159,-0.4622049629688263,0.4622049629688263,1.0,4.963527679443359,34.28966522216797,-0.720205545425415,0.99658203125,0.8670274663786002,0.010895747762718745,0.75,14.88034439086914,24.0,-0.4408474564552307,-0.44843438267707825,0.0711296796798706,100000
160,-0.48835328221321106,0.48835328221321106,1.0,5.042313575744629,50.24811553955078,-0.786759078502655,1.0,0.8652458229436183,0.010853944377717827,0.75,13.92646312713623,24.0,-0.07290694117546082,-0.07899821549654007,0.06589868664741516,100000
161,-0.39493870735168457,0.39493870735168457,1.0,4.988212585449219,31.852951049804688,-0.6775717735290527,1.0,0.863467840584499,0.010812301378496352,0.75,12.942419052124023,24.0,-0.31373459100723267,-0.32116684317588806,0.06557650119066238,100000
162,-0.3659157156944275,0.3659157156944275,1.0,4.729671955108643,30.68950653076172,-0.5671266913414001,1.0,0.8616935117781453,0.010770818149707062,0.75,12.877147674560547,24.0,-0.6775194406509399,-0.6824213266372681,0.0847802609205246,100000
163,-0.4622151851654053,0.4622151851654053,1.0,4.893426895141602,36.41471862792969,-0.6931160688400269,1.0,0.8599228290169194,0.01072949407836359,0.75,12.601542472839355,24.0,-0.11130709946155548,-0.11453094333410263,0.0707036703824997,100000
164,-0.4658048152923584,0.4658048152923584,1.0,5.005516529083252,42.177467346191406,-0.6607036590576172,1.0,0.8581557848086104,0.010688328553831386,0.75,12.379369735717773,24.0,-0.43261227011680603,-0.43821898102760315,0.06487169861793518,100000
165,-0.5589432120323181,0.5589432120323181,1.0,5.0962748527526855,66.09881591796875,-0.691444993019104,0.9998779296875,0.8563923716764036,0.010647320967818707,0.75,13.481992721557617,24.0,-0.4619317054748535,-0.4666505455970764,0.0643453598022461,100000
166,-0.3632887303829193,0.3632887303829193,1.0,4.878279685974121,34.866580963134766,-0.5690810680389404,1.0,0.8546325821588481,0.01060647071436763,0.75,10.864944458007812,24.0,-0.39867258071899414,-0.4046105146408081,0.06397765874862671,100000
167,-0.5571371912956238,0.5571371912956238,1.0,4.973273277282715,51.0107421875,-0.9115667939186096,1.0,0.8528764088098252,0.010565777189845084,0.75,14.848154067993164,24.0,-0.5425390005111694,-0.5499289035797119,0.059403590857982635,100000
168,-0.5765127539634705,0.5765127539634705,1.0,5.125509738922119,44.85738754272461,-0.822528600692749,0.9998779296875,0.8511238441985174,0.010525239792933943,0.75,15.354475975036621,24.0,-0.5010952949523926,-0.5056084990501404,0.060996316373348236,100000
169,-0.5149085521697998,0.5149085521697998,1.0,5.130843162536621,45.04084777832031,-0.6523176431655884,1.0,0.8493748809093767,0.010484857924624136,0.75,16.64934539794922,24.0,-0.5058140754699707,-0.5100011229515076,0.06158322095870972,100000
170,-0.42030125856399536,0.42030125856399536,1.0,5.155767917633057,33.86804962158203,-0.5827929973602295,1.0,0.847629511542093,0.010444630988203791,0.75,12.64492130279541,24.0,-0.11154025793075562,-0.11756077408790588,0.07355892658233643,100000
171,-0.46681416034698486,0.46681416034698486,1.0,4.985315322875977,35.21228790283203,-0.7346925735473633,1.0,0.8458877287115635,0.010404558389250432,0.75,14.691018104553223,24.0,-0.500684916973114,-0.505112886428833,0.06237078458070755,100000
172,-0.4068986177444458,0.4068986177444458,1.0,5.037453651428223,32.3661994934082,-0.57752525806427,1.0,0.84414952504786,0.010364639535622175,0.75,14.2474365234375,24.0,-0.32414811849594116,-0.33178701996803284,0.05769385024905205,100000
173,-0.4726625978946686,0.4726625978946686,1.0,5.010211944580078,41.111358642578125,-0.677274227142334,1.0,0.8424148931961998,0.010324873837448997,0.75,13.017860412597656,24.0,-0.041632041335105896,-0.04544498398900032,0.0596347451210022,100000
174,-0.49367183446884155,0.49367183446884155,1.0,4.946791172027588,54.576202392578125,-0.7021681070327759,1.0,0.8406838258169126,0.01028526070712401,0.75,14.070359230041504,24.0,-0.13432173430919647,-0.1413278877735138,0.052843909710645676,100000
175,-0.5027258396148682,0.5027258396148682,1.0,4.862703323364258,126.06639099121094,-0.7014352083206177,1.0,0.8389563155854107,0.010245799559294774,0.75,10.978555679321289,24.0,-0.30370932817459106,-0.3081360459327698,0.04740377515554428,100000
176,-0.5197492837905884,0.5197492837905884,1.0,5.004424571990967,43.305023193359375,-0.7718492746353149,1.0,0.8372323551921576,0.010206489810854655,0.75,13.805259704589844,24.0,-0.3809855580329895,-0.38632264733314514,0.057771336287260056,100000
177,-0.4913754165172577,0.4913754165172577,1.0,4.8808488845825195,98.98687744140625,-0.7331767678260803,1.0,0.8355119373426368,0.010167330880934215,0.75,12.480854034423828,24.0,0.0985511764883995,0.09357082098722458,0.05961301922798157,100000
178,-0.46244359016418457,0.46244359016418457,1.0,4.916159629821777,41.371925354003906,-0.674302339553833,1.0,0.8337950547573214,0.01012832219089261,0.75,13.300239562988281,24.0,-0.5395767688751221,-0.5455158948898315,0.05360424518585205,100000
179,-0.546450138092041,0.546450138092041,1.0,4.832767486572266,50.3044548034668,-0.7803951501846313,1.0,0.8320817001716432,0.010089463164309052,0.75,14.609780311584473,24.0,-0.5924507975578308,-0.5995916128158569,0.0459061935544014,100000
180,-0.49981117248535156,0.49981117248535156,1.0,4.9477667808532715,39.44165802001953,-0.693125307559967,0.9998779296875,0.8303718663359615,0.010050753226974293,0.75,14.795732498168945,24.0,-0.33121830224990845,-0.33637169003486633,0.05189467966556549,100000
181,-0.4835602641105652,0.4835602641105652,1.0,4.90814208984375,45.30359649658203,-0.6591382026672363,1.0,0.8286655460155334,0.010012191806882129,0.75,13.189987182617188,24.0,-0.04866968095302582,-0.05384260416030884,0.06326495110988617,100000
182,-0.49429595470428467,0.49429595470428467,1.0,4.922563076019287,41.15611267089844,-0.6785035729408264,1.0,0.826962731990482,0.009973778334220966,0.75,14.744279861450195,24.0,-0.23736460506916046,-0.2410711944103241,0.07010135054588318,100000
183,-0.4725920855998993,0.4725920855998993,1.0,4.860204219818115,41.94852828979492,-0.6865116357803345,1.0,0.8252634170557667,0.00993551224136538,0.75,11.523356437683105,24.0,-0.1926577091217041,-0.1972772628068924,0.05075426399707794,100000
184,-0.44444000720977783,0.44444000720977783,1.0,5.153975486755371,35.789100646972656,-0.6664961576461792,1.0,0.8235675940211523,0.009897392962867738,0.75,12.934001922607422,24.0,-0.23204004764556885,-0.23728792369365692,0.04502596706151962,100000
185,-0.4976114332675934,0.4976114332675934,1.0,5.02067232131958,47.2132568359375,-0.6174066066741943,1.0,0.821875255711179,0.009859419935449849,0.75,14.223137855529785,24.0,-0.44615212082862854,-0.4504464268684387,0.05806519463658333,100000
186,-0.42025741934776306,0.42025741934776306,1.0,5.149015426635742,34.020469665527344,-0.6764565110206604,1.0,0.8201863949651315,0.009821592597994627,0.75,12.32563591003418,24.0,-0.18347781896591187,-0.19071005284786224,0.06014782935380936,100000
187,-0.4768128991127014,0.4768128991127014,1.0,4.981383323669434,42.57868957519531,-0.7163407802581787,1.0,0.8185010046370089,0.009783910391537812,0.75,12.678104400634766,24.0,-0.009298250079154968,-0.015406021848320961,0.05398939549922943,100000
188,-0.47882723808288574,0.47882723808288574,1.0,4.780952453613281,40.18095397949219,-0.7358307242393494,1.0,0.8168190775954948,0.009746372759259707,0.75,12.388923645019531,24.0,-0.44061458110809326,-0.44733765721321106,0.06648082286119461,100000
189,-0.4287227988243103,0.4287227988243103,1.0,4.886179447174072,36.11168670654297,-0.5525915026664734,0.9998779296875,0.8151406067239267,0.00970897914647694,0.75,11.075899124145508,24.0,-0.1653343141078949,-0.17661330103874207,0.06220150738954544,100000
190,-0.5194425582885742,0.5194425582885742,1.0,4.994200706481934,51.262901306152344,-0.8343713283538818,1.0,0.8134655849202659,0.009671729000634285,0.75,13.270757675170898,24.0,-0.35737481713294983,-0.3611936569213867,0.0612669438123703,100000
191,-0.4571017324924469,0.4571017324924469,1.0,4.928091526031494,44.078636169433594,-0.7250552177429199,1.0,0.811794005097068,0.009634621771296481,0.75,13.271027565002441,24.0,-0.11921576410531998,-0.12331931293010712,0.05956047773361206,100000
192,-0.3903527855873108,0.3903527855873108,1.0,5.365655899047852,33.76072311401367,-0.5946899652481079,0.9998779296875,0.8101258601814519,0.00959765691014011,0.75,13.648591995239258,24.0,-0.17976516485214233,-0.1883474886417389,0.05447273701429367,100000
193,-0.46307802200317383,0.46307802200317383,1.0,4.886162281036377,40.33104705810547,-0.8427419066429138,0.9976806640625,0.8084611431150712,0.009560833870945489,0.75,11.938913345336914,24.0,-0.235113263130188,-0.24104565382003784,0.05826102942228317,100000
194,-0.4987308084964752,0.4987308084964752,1.0,4.773421287536621,39.83289337158203,-0.6733756065368652,0.9990234375,0.806799846854083,0.009524152109588596,0.75,13.652172088623047,24.0,-0.25821229815483093,-0.26160547137260437,0.04467841237783432,100000
195,-0.37829652428627014,0.37829652428627014,1.0,5.015532493591309,30.328205108642578,-0.7261285781860352,1.0,0.8051419643691188,0.009487611084033036,0.75,13.003068923950195,24.0,0.03975093737244606,0.0331876240670681,0.047466881573200226,100000
196,-0.477644145488739,0.477644145488739,1.0,4.92853307723999,39.57749938964844,-0.7307907342910767,1.0,0.8034874886452548,0.00945121025432203,0.75,11.990801811218262,24.0,0.030827295035123825,0.026097772642970085,0.061817754060029984,100000
197,-0.4190203547477722,0.4190203547477722,1.0,4.924603462219238,30.80308723449707,-0.7012073993682861,1.0,0.801836412681982,0.00941494908257043,0.75,12.84091567993164,24.0,-0.27109086513519287,-0.2758420705795288,0.047758229076862335,100000
198,-0.4697440266609192,0.4697440266609192,1.0,5.014128684997559,46.04650115966797,-0.6706979274749756,1.0,0.8001887294931769,0.00937882703295678,0.75,10.4515962600708,24.0,-0.5949916839599609,-0.5995159149169922,0.04270632565021515,100000
199,-0.5625572204589844,0.5625572204589844,1.0,4.964147090911865,55.42253112792969,-0.8622630834579468,0.9998779296875,0.7985444321070715,0.009342843571715395,0.75,11.15425968170166,24.0,-0.16614927351474762,-0.17032404243946075,0.06898009777069092,100000
200,-0.5314809083938599,0.5314809083938599,1.0,5.057277679443359,68.93974304199219,-0.7895869612693787,1.0,0.7969035135662237,0.009306998167128466,0.75,12.178890228271484,24.0,-0.4341236352920532,-0.43790683150291443,0.06046929582953453,100000
201,-0.47344356775283813,0.47344356775283813,1.0,4.925906658172607,41.35614013671875,-0.7781342267990112,1.0,0.7952659669274885,0.009271290289518216,0.75,10.043405532836914,24.0,0.1451064944267273,0.13723807036876678,0.05182669311761856,100000
202,-0.4440517723560333,0.4440517723560333,1.0,4.891907215118408,36.05447006225586,-0.6330145597457886,1.0,0.7936317852619885,0.009235719411239067,0.75,14.738765716552734,24.0,0.11181885004043579,0.10825961828231812,0.0464930459856987,100000
203,-0.526577353477478,0.526577353477478,1.0,4.786828994750977,53.600379943847656,-0.7551282644271851,0.9998779296875,0.7920009616550838,0.009200285006669836,0.75,16.524477005004883,24.0,-0.30650848150253296,-0.31032514572143555,0.04760904237627983,100000
204,-0.4963165819644928,0.4963165819644928,1.0,4.907754898071289,46.53770446777344,-0.7715351581573486,1.0,0.7903734892063438,0.009164986552205979,0.75,13.467528343200684,24.0,-0.15754175186157227,-0.16148334741592407,0.05254942551255226,100000
205,-0.47167250514030457,0.47167250514030457,1.0,4.587254524230957,44.03123474121094,-0.6701400876045227,1.0,0.7887493610295169,0.00912982352625185,0.75,11.27135181427002,24.0,-0.1885618269443512,-0.1913994699716568,0.0417969673871994,100000
206,-0.4681873023509979,0.4681873023509979,1.0,4.787320137023926,44.94062042236328,-0.6131307482719421,1.0,0.7871285702525026,0.009094795409212998,0.75,10.366581916809082,24.0,-0.3477832078933716,-0.35224848985671997,0.04718736186623573,100000
207,-0.42937007546424866,0.42937007546424866,1.0,5.006667613983154,32.16680908203125,-0.6601248383522034,1.0,0.7855111100173217,0.009059901683488471,0.75,8.956127166748047,24.0,-0.1693795621395111,-0.17380498349666595,0.05970364809036255,100000
208,-0.4719718098640442,0.4719718098640442,1.0,4.998128890991211,43.07135009765625,-0.7172198295593262,1.0,0.783896973480087,0.009025141833463196,0.75,13.294472694396973,24.0,-0.3395409882068634,-0.34420859813690186,0.054964154958724976,100000
209,-0.46914738416671753,0.46914738416671753,1.0,4.956006050109863,38.0568962097168,-0.5796926617622375,1.0,0.7822861538109751,0.008990515345500336,0.75,12.949031829833984,24.0,-0.4856789708137512,-0.49030429124832153,0.050453364849090576,100000
210,-0.5543349385261536,0.5543349385261536,1.0,4.891968250274658,53.47015380859375,-0.6535434126853943,1.0,0.7806786441941967,0.008956021707933708,0.75,13.478854179382324,24.0,-0.0026793014258146286,-0.006171569228172302,0.05195096880197525,100000
211,-0.4676353633403778,0.4676353633403778,1.0,5.081010818481445,48.0513916015625,-0.6617258787155151,1.0,0.7790744378279686,0.008921660411060229,0.75,14.21409797668457,24.0,-0.32936209440231323,-0.33399683237075806,0.07120370864868164,100000
212,-0.5127492547035217,0.5127492547035217,1.0,5.017905235290527,150.7882537841797,-0.7550041675567627,1.0,0.7774735279244842,0.008887430947132373,0.75,13.691253662109375,24.0,-0.19994798302650452,-0.20436272025108337,0.05201607197523117,100000
213,-0.3927984833717346,0.3927984833717346,1.0,4.88636589050293,30.157901763916016,-0.6683226227760315,1.0,0.7758759077098855,0.008853332810350677,0.75,12.527116775512695,24.0,-0.481558233499527,-0.4867444634437561,0.04473978653550148,100000
214,-0.5685020685195923,0.5685020685195923,1.0,4.706212043762207,57.22201919555664,-0.7056171894073486,1.0,0.7742815704242332,0.00881936549685626,0.75,13.81649112701416,24.0,-0.3843158483505249,-0.3866937458515167,0.06632381677627563,100000
215,-0.567509651184082,0.567509651184082,1.0,4.900121688842773,284.2467956542969,-0.9239033460617065,1.0,0.7726905093214799,0.008785528504723385,0.75,10.501714706420898,24.0,-0.037804484367370605,-0.043031830340623856,0.06341740489006042,100000
216,-0.3459663391113281,0.3459663391113281,1.0,4.9208149909973145,26.338817596435547,-0.5852246284484863,1.0,0.7711027176694397,0.008751821333952038,0.75,11.919639587402344,24.0,0.2960696220397949,0.29089802503585815,0.058047957718372345,100000
217,-0.45875370502471924,0.45875370502471924,1.0,4.8104095458984375,42.302223205566406,-0.6586505174636841,1.0,0.7695181887497612,0.008718243486460537,0.75,13.673974990844727,24.0,-0.09406326711177826,-0.09677419066429138,0.0684928447008133,100000
218,-0.4351657032966614,0.4351657032966614,1.0,4.888947486877441,32.92619323730469,-0.6711506843566895,1.0,0.7679369158578981,0.008684794466078173,0.75,12.2470064163208,24.0,-0.08466152101755142,-0.09194459021091461,0.05591851472854614,100000
219,-0.5709034204483032,0.5709034204483032,1.0,4.827099800109863,52.891963958740234,-0.8221205472946167,1.0,0.7663588923030814,0.00865147377853789,0.75,13.363641738891602,24.0,-0.25992074608802795,-0.2646622359752655,0.05790736526250839,100000
220,-0.5689038038253784,0.5689038038253784,1.0,5.050657749176025,163.1829376220703,-0.9927845597267151,1.0,0.7647841114082908,0.00861828093146896,0.75,16.143285751342773,24.0,-0.368529736995697,-0.37413519620895386,0.06763296574354172,100000
221,-0.4605221152305603,0.4605221152305603,1.0,5.216282844543457,33.307071685791016,-0.760930061340332,1.0,0.7632125665102264,0.008585215434389724,0.75,12.667864799499512,24.0,-0.2638353109359741,-0.26825621724128723,0.06034725904464722,100000
222,-0.3935956656932831,0.3935956656932831,1.0,4.953431606292725,27.77411460876465,-0.6534487009048462,1.0,0.7616442509592806,0.008552276798700338,0.75,10.532291412353516,24.0,-0.17546729743480682,-0.1779203712940216,0.053286850452423096,100000
223,-3.6334681510925293,0.7282048463821411,0.96875,6.452782154083252,208252.734375,-0.787611186504364,0.99853515625,0.7600791581195103,0.00851946453767556,0.75,12.067607879638672,24.0,-0.47654592990875244,-0.4781763255596161,0.05375625938177109,100000
224,-0.4578433036804199,0.4578433036804199,1.0,4.903775691986084,37.03746795654297,-0.7478344440460205,1.0,0.7585172813686084,0.00848677816645754,0.75,12.831233024597168,24.0,-0.12112002074718475,-0.12387087196111679,0.048418138176202774,100000
225,-0.4377010762691498,0.4377010762691498,1.0,4.817375183105469,34.933197021484375,-0.7372164130210876,1.0,0.7569586140978755,0.00845421720204868,0.75,12.744193077087402,24.0,-0.6707020998001099,-0.6771795749664307,0.04799453169107437,100000
226,-0.533218502998352,0.533218502998352,1.0,4.869771957397461,60.35313034057617,-0.7294511795043945,0.9998779296875,0.755403149712193,0.008421781163304476,0.75,13.58587646484375,24.0,-0.674437403678894,-0.6777594089508057,0.044729940593242645,100000
227,-0.5026016235351562,0.5026016235351562,1.0,5.213059902191162,43.888458251953125,-0.73835688829422,1.0,0.7538508816299939,0.008389469570926417,0.75,15.203478813171387,24.0,-0.003918346017599106,-0.010476486757397652,0.05552811920642853,100000
228,-0.42110294103622437,0.42110294103622437,1.0,4.826907157897949,34.92311096191406,-0.6911042332649231,1.0,0.752301803283236,0.00835728194745491,0.75,13.47465705871582,24.0,-0.48517468571662903,-0.4874474108219147,0.06669071316719055,100000
229,-0.4022078514099121,0.4022078514099121,1.0,4.938267707824707,30.170785903930664,-0.5993610620498657,1.0,0.7507559081173737,0.008325217817262207,0.75,14.036251068115234,24.0,0.028552524745464325,0.024941176176071167,0.057873211801052094,100000
230,-0.4991565942764282,0.4991565942764282,1.0,5.436733245849609,43.313880920410156,-0.8217101097106934,1.0,0.7492131895913298,0.008293276706545387,0.75,12.010933876037598,24.0,-0.21726879477500916,-0.22415472567081451,0.06155979633331299,100000
231,-0.41040781140327454,0.41040781140327454,1.0,4.689851760864258,31.697052001953125,-0.6004949808120728,1.0,0.7476736411774685,0.008261458143319364,0.75,11.093633651733398,24.0,-0.1662348359823227,-0.16838401556015015,0.05871880054473877,100000
232,-0.49526843428611755,0.49526843428611755,1.0,5.4253435134887695,37.630165100097656,-0.7971214652061462,1.0,0.7461372563615679,0.008229761657409896,0.75,13.265216827392578,24.0,0.12991172075271606,0.12416082620620728,0.056771133095026016,100000
233,-0.5699176788330078,0.5699176788330078,1.0,4.813045501708984,51.547210693359375,-0.7537980079650879,1.0,0.7446040286427916,0.008198186780446641,0.75,13.286991119384766,24.0,-0.5417222380638123,-0.5465561151504517,0.06405515968799591,100000
234,-0.48299872875213623,0.48299872875213623,1.0,4.989274024963379,40.53193664550781,-0.8142277002334595,1.0,0.7430739515336622,0.008166733045856247,0.75,12.519734382629395,24.0,-0.2253163754940033,-0.22939597070217133,0.0567324236035347,100000
235,-0.5482965707778931,0.5482965707778931,1.0,4.7061567306518555,223.2710418701172,-0.7369240522384644,0.9993896484375,0.7415470185600326,0.008135399988855443,0.75,12.326045989990234,24.0,-0.12326723337173462,-0.12684287130832672,0.050849128514528275,100000
236,-0.5352405309677124,0.5352405309677124,1.0,4.96257209777832,65.48419952392578,-0.8687827587127686,1.0,0.74002322326106,0.008104187146444182,0.75,12.27204418182373,24.0,-0.05430416017770767,-0.06113694980740547,0.05423782765865326,100000
237,-0.4522349238395691,0.4522349238395691,1.0,5.0139079093933105,218.57313537597656,-0.7772958874702454,1.0,0.7385025591891774,0.008073094057398793,0.75,11.681711196899414,24.0,-0.4651039242744446,-0.4716130197048187,0.059118565171957016,100000
238,-0.42698585987091064,0.42698585987091064,1.0,5.013416290283203,31.27782440185547,-0.6562496423721313,1.0,0.7369850199100675,0.008042120262265173,0.75,13.622509002685547,24.0,-0.3854171633720398,-0.39163097739219666,0.052805740386247635,100000
239,-0.49797916412353516,0.49797916412353516,1.0,5.114768981933594,44.73107147216797,-0.7397953271865845,1.0,0.7354705990026339,0.008011265303351982,0.75,9.988368034362793,24.0,-0.5851299166679382,-0.5886081457138062,0.05080027878284454,100000
240,-0.39383235573768616,0.39383235573768616,1.0,5.030821800231934,28.368942260742188,-0.6422079801559448,1.0,0.7339592900589758,0.007980528724723905,0.75,12.164403915405273,24.0,0.24968813359737396,0.24426043033599854,0.043569572269916534,100000
241,-0.41895803809165955,0.41895803809165955,1.0,5.047154426574707,29.21916389465332,-0.6960122585296631,1.0,0.7324510866843591,0.007949910072194886,0.75,12.079432487487793,24.0,-0.14879456162452698,-0.1536376178264618,0.04982006549835205,100000
242,-0.4869837164878845,0.4869837164878845,1.0,5.030126571655273,35.72547912597656,-0.8722019195556641,1.0,0.7309459824971907,0.00791940889332144,0.75,12.4969482421875,24.0,0.08079282939434052,0.0772520899772644,0.05182180553674698,100000
243,-0.5727254152297974,0.5727254152297974,1.0,5.149658203125,3605.975341796875,-0.771310567855835,1.0,0.7294439711289904,0.007889024737395955,0.75,12.91397762298584,24.0,-0.4407239556312561,-0.4442780613899231,0.05219665914773941,100000
244,-0.4820828437805176,0.4820828437805176,1.0,4.917173385620117,38.122005462646484,-0.6511553525924683,1.0,0.7279450462243651,0.007858757155440033,0.75,12.618388175964355,24.0,-0.10968402028083801,-0.11195511370897293,0.05517669767141342,100000
245,-0.5632784366607666,0.5632784366607666,1.0,5.235635757446289,128.71755981445312,-0.8659478425979614,1.0,0.7264492014409809,0.007828605700197866,0.75,12.891045570373535,24.0,0.041190680116415024,0.038590021431446075,0.05350561439990997,100000
246,-0.46474555134773254,0.46474555134773254,1.0,4.97091007232666,48.27183532714844,-0.5585904121398926,1.0,0.7249564304495368,0.007798569926129606,0.75,13.263862609863281,24.0,-0.22107011079788208,-0.22468769550323486,0.06277482211589813,100000
247,-0.45108553767204285,0.45108553767204285,1.0,5.069045543670654,32.69175720214844,-0.7004333138465881,1.0,0.723466726933738,0.007768649389404806,0.75,11.982184410095215,24.0,-0.28903907537460327,-0.2919762134552002,0.061242133378982544,100000
248,-0.4124286472797394,0.4124286472797394,1.0,5.125738620758057,29.8065128326416,-0.5463590025901794,1.0,0.7219800845902686,0.007738843647895846,0.75,16.086544036865234,24.0,-0.2472679167985916,-0.25179699063301086,0.0586048923432827,100000
249,-0.4795459508895874,0.4795459508895874,1.0,4.991803169250488,35.633811950683594,-0.5855765342712402,1.0,0.7204964971287657,0.007709152261171399,0.75,16.477783203125,24.0,-0.12638752162456512,-0.12981660664081573,0.05878710001707077,100000
250,-0.35217511653900146,0.35217511653900146,1.0,4.8638997077941895,26.111230850219727,-0.4879365563392639,1.0,0.7190159582717922,0.007679574790489935,0.75,11.69371223449707,24.0,0.10804209858179092,0.10278456658124924,0.05388275906443596,100000
251,-0.47515738010406494,0.47515738010406494,1.0,4.848484992980957,42.977874755859375,-0.7732342481613159,1.0,0.7175384617548101,0.007650110798793225,0.75,13.271673202514648,24.0,-0.06533772498369217,-0.0688907727599144,0.05988473817706108,100000
252,-0.5325387716293335,0.5325387716293335,1.0,5.597153186798096,44.79165267944336,-0.8415704369544983,1.0,0.7160640013261548,0.00762075985069989,0.75,11.76524543762207,24.0,-0.21305954456329346,-0.21847745776176453,0.0511464960873127,100000
253,-0.48297882080078125,0.48297882080078125,1.0,5.06962251663208,38.06283187866211,-0.8316655158996582,1.0,0.7145925707470081,0.007591521512498965,0.75,14.223063468933105,24.0,-0.9647648334503174,-0.9697277545928955,0.05525539815425873,100000
254,-0.41678404808044434,0.41678404808044434,1.0,4.814920425415039,43.90092086791992,-0.6296390891075134,1.0,0.7131241637913716,0.007562395352143491,0.75,12.505655288696289,24.0,0.13594938814640045,0.1309264600276947,0.05130888149142265,100000
255,-0.4482218027114868,0.4482218027114868,1.0,4.930068016052246,36.617164611816406,-0.7914713621139526,1.0,0.7116587742460406,0.007533380939244129,0.75,15.130828857421875,24.0,-0.28427839279174805,-0.2883304953575134,0.043632131069898605,100000
256,-0.44752490520477295,0.44752490520477295,1.0,5.19336462020874,34.365997314453125,-0.7251552939414978,1.0,0.7101963959105785,0.007504477845062806,0.75,13.804967880249023,24.0,-0.39893487095832825,-0.4026958644390106,0.05725547671318054,100000
257,-0.5071401596069336,0.5071401596069336,1.0,5.031605243682861,51.766197204589844,-0.845613956451416,1.0,0.7087370225972891,0.007475685642506371,0.75,14.382312774658203,24.0,-0.16061513125896454,-0.1649114191532135,0.05518175661563873,100000
258,-0.4218705892562866,0.4218705892562866,1.0,4.845277309417725,58.47663879394531,-0.579901933670044,1.0,0.7072806481311915,0.0074470039061202906,0.75,13.925626754760742,24.0,-0.11708943545818329,-0.12252432852983475,0.053948938846588135,100000
259,-0.46008026599884033,0.46008026599884033,1.0,5.021587371826172,33.90692138671875,-0.665605902671814,1.0,0.7058272663499937,0.007418432212082359,0.75,15.453185081481934,24.0,-0.20782065391540527,-0.21382616460323334,0.04558468237519264,100000
260,-0.5521507263183594,0.5521507263183594,1.0,5.017609596252441,50.650352478027344,-0.6851348280906677,1.0,0.7043768711040668,0.007389970138196434,0.75,14.578755378723145,24.0,0.05626172944903374,0.05340468883514404,0.048991717398166656,100000
261,-0.4375847578048706,0.4375847578048706,1.0,4.916660308837891,35.0906867980957,-0.6301884055137634,1.0,0.702929456256418,0.007361617263886206,0.75,10.19035530090332,24.0,-0.8183393478393555,-0.8225621581077576,0.051118433475494385,100000
262,-0.5814107060432434,0.5814107060432434,1.0,5.097473621368408,453.81939697265625,-0.8948219418525696,1.0,0.701485015682666,0.007333373170188975,0.75,14.215076446533203,24.0,0.4787368178367615,0.4748963415622711,0.04624996706843376,100000
263,-0.472921758890152,0.472921758890152,1.0,4.947880744934082,44.34034729003906,-0.6157023906707764,0.9993896484375,0.700043543271014,0.007305237439749459,0.75,13.116223335266113,24.0,-0.11762253195047379,-0.12040743976831436,0.06240900605916977,100000
264,-0.5449205040931702,0.5449205040931702,1.0,5.037529468536377,46.13196563720703,-0.7838228344917297,0.9993896484375,0.6986050329222246,0.0072772096568136345,0.75,15.163930892944336,24.0,-0.24412114918231964,-0.2476321905851364,0.05808059498667717,100000
265,-0.5003946423530579,0.5003946423530579,1.0,5.0828962326049805,39.903343200683594,-0.7261865735054016,1.0,0.6971694785495934,0.007249289407222589,0.75,15.778613090515137,24.0,-0.8759732842445374,-0.880064070224762,0.06645897775888443,100000
266,-0.4308859407901764,0.4308859407901764,1.0,4.9364914894104,33.551048278808594,-0.639674961566925,1.0,0.6957368740789235,0.0072214762784064005,0.75,13.656749725341797,24.0,-0.19742174446582794,-0.20030534267425537,0.05611399561166763,100000
267,-0.3328176736831665,0.3328176736831665,1.0,4.776739120483398,24.097217559814453,-0.45349109172821045,1.0,0.6943072134484997,0.007193769859378038,0.75,10.57520580291748,24.0,-0.21775656938552856,-0.22017592191696167,0.04610234126448631,100000
268,-0.3496312201023102,0.3496312201023102,1.0,5.043984413146973,25.932098388671875,-0.6918809413909912,1.0,0.6928804906090632,0.007166169740727299,0.75,11.034212112426758,24.0,-0.25578466057777405,-0.25737255811691284,0.05787384510040283,100000
269,-0.3831736445426941,0.3831736445426941,1.0,4.913785934448242,26.666343688964844,-0.5710946917533875,1.0,0.6914566995237855,0.007138675514614743,0.75,12.142705917358398,24.0,0.07401701807975769,0.07096060365438461,0.04215799272060394,100000
270,-0.5177517533302307,0.5177517533302307,1.0,4.934064865112305,198.95819091796875,-0.7355766296386719,1.0,0.6900358341682434,0.007111286774765685,0.75,11.757125854492188,24.0,0.030464209616184235,0.0282948836684227,0.04560623690485954,100000
271,-0.556837797164917,0.556837797164917,1.0,4.908954620361328,104.22958374023438,-0.878165602684021,1.0,0.688617888530393,0.007084003116464175,0.75,12.028371810913086,24.0,-0.2923961281776428,-0.2948008179664612,0.03427271917462349,100000
272,-0.3968682885169983,0.3968682885169983,1.0,4.7718353271484375,37.197662353515625,-0.47704607248306274,1.0,0.6872028566105443,0.007056824136547024,0.75,11.908666610717773,24.0,-0.18531949818134308,-0.1878122240304947,0.03964736685156822,100000
273,-0.5588806867599487,0.5588806867599487,1.0,4.918186187744141,80.15498352050781,-0.7943965196609497,1.0,0.6857907324213361,0.007029749433397855,0.75,10.853167533874512,24.0,0.049996938556432724,0.046747367829084396,0.03481922298669815,100000
274,-0.3757900595664978,0.3757900595664978,1.0,5.01619815826416,28.2694034576416,-0.532534122467041,1.0,0.684381509987711,0.00700277860694115,0.75,13.678565979003906,24.0,0.395785391330719,0.3913806080818176,0.036540936678647995,100000
275,-0.4430454969406128,0.4430454969406128,1.0,4.962416648864746,41.55280685424805,-0.7068322896957397,1.0,0.682975183346889,0.006975911258636355,0.75,13.278778076171875,24.0,-0.16513118147850037,-0.1676243543624878,0.03413127362728119,100000
276,-0.4758263826370239,0.4758263826370239,1.0,4.87984561920166,39.551353454589844,-0.7410317659378052,0.9998779296875,0.6815717465483434,0.006949146991471983,0.75,12.397505760192871,24.0,0.22946640849113464,0.22417761385440826,0.05249759182333946,100000
277,-0.4303444027900696,0.4303444027900696,1.0,4.824745178222656,32.08842468261719,-0.6590244770050049,1.0,0.6801711936537748,0.006922485409959749,0.75,11.69963550567627,24.0,-0.19918012619018555,-0.2008567452430725,0.05429646372795105,100000
278,-0.4951234459877014,0.4951234459877014,1.0,4.932690620422363,42.14586639404297,-0.6457555294036865,0.999755859375,0.6787735187370867,0.006895926120128725,0.75,11.792243957519531,24.0,0.19187889993190765,0.18846331536769867,0.03900088742375374,100000
279,-0.36611229181289673,0.36611229181289673,1.0,4.9819536209106445,24.446840286254883,-0.4651350975036621,1.0,0.6773787158843597,0.006869468729519519,0.75,13.22958755493164,24.0,0.21090036630630493,0.20747315883636475,0.044692035764455795,100000
280,-0.4403017461299896,0.4403017461299896,1.0,4.877896308898926,31.744770050048828,-0.7654138803482056,1.0,0.6759867791938271,0.006843112847178478,0.75,11.562112808227539,24.0,-0.30024778842926025,-0.302580863237381,0.03803496062755585,100000
281,-0.5316622853279114,0.5316622853279114,1.0,5.17819356918335,116.34736633300781,-0.7160370945930481,1.0,0.6745977027758496,0.006816858083651908,0.75,10.467854499816895,24.0,-0.02971918135881424,-0.034781187772750854,0.04977969825267792,100000
282,-0.5150291323661804,0.5150291323661804,1.0,4.952637672424316,40.278045654296875,-0.6941143870353699,1.0,0.6732114807528905,0.0067907040509803205,0.75,15.179030418395996,24.0,-0.32682526111602783,-0.3297295570373535,0.04827679693698883,100000
283,-0.4700535833835602,0.4700535833835602,1.0,5.111040115356445,36.187652587890625,-0.5634196996688843,1.0,0.6718281072594906,0.006764650362692699,0.75,12.953405380249023,24.0,-0.28665444254875183,-0.2907285690307617,0.04239113628864288,100000
284,-0.4422187805175781,0.4422187805175781,1.0,5.075927734375,35.86743927001953,-0.739619791507721,1.0,0.6704475764422436,0.006738696633800789,0.75,11.932647705078125,24.0,0.4442656636238098,0.4393426477909088,0.0460132397711277,100000
285,-0.4483029246330261,0.4483029246330261,1.0,4.903800010681152,34.11138916015625,-0.626892626285553,1.0,0.6690698824597715,0.006712842480793408,0.75,13.553115844726562,24.0,0.01512395404279232,0.013152807019650936,0.05638677626848221,100000
286,-0.4797486960887909,0.4797486960887909,1.0,4.969366550445557,38.61144256591797,-0.7916703820228577,1.0,0.6676950194826995,0.006687087521630779,0.75,14.742981910705566,24.0,0.06664735823869705,0.06395372003316879,0.05145009607076645,100000
287,-0.5804570913314819,0.5804570913314819,1.0,4.663420677185059,1198.4609375,-0.8082460761070251,1.0,0.6663229816936314,0.006661431375738888,0.75,12.706905364990234,24.0,0.11796455830335617,0.11638256907463074,0.046019356697797775,100000
288,-0.3639368712902069,0.3639368712902069,1.0,4.725246429443359,27.92060661315918,-0.6101596355438232,1.0,0.6649537632871251,0.006635873664003854,0.75,10.26175308227539,24.0,-0.11843918263912201,-0.12102348357439041,0.04719265177845955,100000
289,-0.4330426752567291,0.4330426752567291,1.0,4.5646820068359375,37.07725143432617,-0.6437441110610962,1.0,0.6635873584696683,0.0066104140087663325,0.75,11.315462112426758,24.0,-0.13481535017490387,-0.13724444806575775,0.04944697022438049,100000
290,-0.5680866241455078,0.5680866241455078,1.0,5.187773704528809,98.54399108886719,-0.7657453417778015,1.0,0.6622237614596537,0.0065850520338159345,0.75,12.522357940673828,24.0,0.05415951833128929,0.04992862790822983,0.0420742928981781,100000
291,-0.4792832136154175,0.4792832136154175,1.0,4.790609359741211,46.05729293823242,-0.6869242191314697,1.0,0.6608629664873541,0.006559787364385667,0.75,11.630697250366211,24.0,-0.10998761653900146,-0.11373531818389893,0.04878636822104454,100000
292,-0.4756420850753784,0.4756420850753784,1.0,4.893838882446289,37.988258361816406,-0.649573028087616,1.0,0.659504967794899,0.006534619627146386,0.75,14.096055030822754,24.0,0.2211221158504486,0.21766825020313263,0.04945812001824379,100000
293,-0.47924232482910156,0.47924232482910156,1.0,4.817306041717529,40.321197509765625,-0.7714371085166931,1.0,0.6581497596362491,0.0065095484502013,0.75,12.494505882263184,24.0,-0.3699740469455719,-0.37275874614715576,0.042006634175777435,100000
294,-0.4961392283439636,0.4961392283439636,1.0,5.218127250671387,53.67380142211914,-0.6806727051734924,1.0,0.6567973362771733,0.006484573463080453,0.75,14.416145324707031,24.0,-0.10002101957798004,-0.1016889289021492,0.04003073275089264,100000
295,-0.4144299030303955,0.4144299030303955,1.0,4.969907760620117,30.79157066345215,-0.5388743877410889,1.0,0.6554476919952228,0.006459694296735266,0.75,13.176067352294922,24.0,0.45500966906547546,0.4512646198272705,0.0333174504339695,100000
296,-0.43727853894233704,0.43727853894233704,1.0,4.895292282104492,81.33656311035156,-0.6806594729423523,1.0,0.6541008210797087,0.006434910583533072,0.75,12.105180740356445,24.0,-0.18994686007499695,-0.1918909251689911,0.03520993888378143,100000
297,-0.6172977685928345,0.6172977685928345,1.0,5.164292335510254,105.11332702636719,-0.7805217504501343,1.0,0.652756717831676,0.006410221957251695,0.75,14.064241409301758,24.0,-0.37499433755874634,-0.3782747685909271,0.0478907972574234,100000
298,-0.47379830479621887,0.47379830479621887,1.0,5.296148300170898,168.2147216796875,-0.693697452545166,1.0,0.6514153765638813,0.006385628053074029,0.75,11.715353965759277,24.0,0.26725637912750244,0.2631678879261017,0.04465445131063461,100000
299,-0.4461009204387665,0.4461009204387665,1.0,5.117203235626221,38.65961456298828,-0.5717834234237671,1.0,0.6500767916007671,0.00636112850758265,0.75,13.143094062805176,24.0,-0.3268103301525116,-0.33056092262268066,0.045937713235616684,100000
300,-0.4724234640598297,0.4724234640598297,1.0,4.905620574951172,39.93879699707031,-0.5706304311752319,1.0,0.6487409572784392,0.0063367229587544495,0.75,14.281427383422852,24.0,-0.3470515012741089,-0.3498953878879547,0.06029331684112549,100000
301,-0.5545658469200134,0.5545658469200134,1.0,5.052825927734375,44.96111297607422,-0.7725268602371216,1.0,0.6474078679446413,0.00631241104595528,0.75,13.239558219909668,24.0,0.02165735885500908,0.018786342814564705,0.047559164464473724,100000
302,-0.47190895676612854,0.47190895676612854,1.0,4.829185485839844,55.977256774902344,-0.6876451969146729,1.0,0.6460775179587328,0.006288192409934628,0.75,9.896160125732422,24.0,0.018962539732456207,0.016768937930464745,0.04618961364030838,100000
303,-0.4386756420135498,0.4386756420135498,1.0,4.81912899017334,38.246070861816406,-0.5903671979904175,1.0,0.6447499016916628,0.006264066692820307,0.75,12.44147777557373,24.0,-0.015181727707386017,-0.01887860707938671,0.050740472972393036,100000
304,-0.4189794063568115,0.4189794063568115,1.0,4.780668258666992,41.0440673828125,-0.5705241560935974,1.0,0.6434250135259486,0.006240033538113167,0.75,10.980918884277344,24.0,-0.17024128139019012,-0.1730768084526062,0.05100858956575394,100000
305,-0.490032821893692,0.490032821893692,1.0,5.030126094818115,680.8212890625,-0.6847390532493591,1.0,0.6421028478556502,0.0062160925906818276,0.75,16.708965301513672,24.0,-0.10773365944623947,-0.11101032793521881,0.04010478034615517,100000
306,-0.3947690725326538,0.3947690725326538,1.0,4.86311674118042,32.64340591430664,-0.4743531346321106,1.0,0.6407833990863472,0.0061922434967574295,0.75,12.370555877685547,24.0,-0.049278002232313156,-0.04964658245444298,0.0602034367620945,100000
307,-0.4648286700248718,0.4648286700248718,1.0,5.0746965408325195,61.04254150390625,-0.682666540145874,1.0,0.639466661635115,0.006168485903928409,0.75,12.748464584350586,24.0,0.11497317254543304,0.11176779866218567,0.04070521146059036,100000
308,-0.489163875579834,0.489163875579834,1.0,5.090819835662842,48.41908264160156,-0.8087869882583618,1.0,0.6381526299305017,0.006144819461135289,0.75,16.441299438476562,24.0,0.017848849296569824,0.016255822032690048,0.04005587846040726,100000
309,-0.5447226762771606,0.5447226762771606,1.0,5.2212114334106445,95.68191528320312,-0.8247267007827759,1.0,0.6368412984125038,0.006121243818665488,0.75,11.528434753417969,24.0,-0.5594984292984009,-0.5617536306381226,0.03595666587352753,100000
310,-0.42726001143455505,0.42726001143455505,1.0,5.043045520782471,31.699508666992188,-0.6547423601150513,1.0,0.6355326615325431,0.006097758628148164,0.75,12.944381713867188,24.0,0.18529754877090454,0.1833098828792572,0.0486217625439167,100000
311,-0.5555171966552734,0.5555171966552734,1.0,5.022186279296875,52.18526840209961,-0.6976580023765564,1.0,0.6342267137534429,0.006074363542549051,0.75,12.66947078704834,24.0,-0.1983756422996521,-0.2010287195444107,0.041678451001644135,100000
312,-0.4512457251548767,0.4512457251548767,1.0,4.924898624420166,35.88044357299805,-0.6266639828681946,1.0,0.6329234495494048,0.006051058216165342,0.75,12.00420093536377,24.0,-0.15491366386413574,-0.15781833231449127,0.04438627511262894,100000
313,-0.5186212658882141,0.5186212658882141,1.0,5.036169052124023,41.92514419555664,-0.8348551988601685,1.0,0.6316228634059857,0.00602784230462058,0.75,14.160173416137695,24.0,0.03250328078866005,0.030212439596652985,0.05176908150315285,100000
314,-0.5004465579986572,0.5004465579986572,1.0,5.017930030822754,49.521026611328125,-0.7315335273742676,1.0,0.6303249498200737,0.006004715464859561,0.75,14.569662094116211,24.0,-0.213369682431221,-0.2165134698152542,0.044919565320014954,100000
315,-0.41426682472229004,0.41426682472229004,1.0,4.92317008972168,49.674312591552734,-0.6890580058097839,1.0,0.629029703299865,0.005981677355143275,0.75,10.058708190917969,24.0,0.06511121988296509,0.0645056739449501,0.05706969276070595,100000
316,-0.5130174160003662,0.5130174160003662,1.0,5.095252990722656,160.93263244628906,-0.8431721329689026,1.0,0.6277371183648411,0.005958727635043851,0.75,13.387754440307617,24.0,-0.12013014405965805,-0.12229172885417938,0.04667409881949425,100000
317,-0.41184335947036743,0.41184335947036743,1.0,4.9205169677734375,32.447689056396484,-0.6778528094291687,1.0,0.6264471895457455,0.0059358659654395254,0.75,12.134222030639648,24.0,-0.029380543157458305,-0.03408069908618927,0.050298772752285004,100000
318,-0.47997018694877625,0.47997018694877625,1.0,4.828378677368164,38.00736999511719,-0.6970641613006592,1.0,0.6251599113845602,0.005913092008509635,0.75,13.446233749389648,24.0,-0.013675394468009472,-0.015259303152561188,0.05913776531815529,100000
319,-0.3898324966430664,0.3898324966430664,1.0,4.966489791870117,30.89478302001953,-0.6677958965301514,1.0,0.6238752784344826,0.00589040542772962,0.75,12.79507827758789,24.0,-0.11741943657398224,-0.11994864046573639,0.05978493392467499,100000
320,-0.478179931640625,0.478179931640625,1.0,4.906999588012695,35.158424377441406,-0.6543207168579102,1.0,0.6225932852599033,0.005867805887866059,0.75,12.354105949401855,24.0,-0.06182616949081421,-0.0655689537525177,0.04445960372686386,100000
321,-0.4495078921318054,0.4495078921318054,1.0,4.810570240020752,53.762054443359375,-0.6345034837722778,1.0,0.6213139264363816,0.005845293054971704,0.75,13.09354019165039,24.0,-0.28341373801231384,-0.28556767106056213,0.04158429801464081,100000
322,-0.45690709352493286,0.45690709352493286,1.0,4.993882179260254,47.059906005859375,-0.668104887008667,1.0,0.6200371965506241,0.005822866596380559,0.75,11.55667495727539,24.0,-0.922866940498352,-0.9264131784439087,0.039129141718149185,100000
323,-0.5017094016075134,0.5017094016075134,1.0,5.290805339813232,43.667137145996094,-0.7580347061157227,1.0,0.6187630902004606,0.005800526180702954,0.75,14.076752662658691,24.0,-0.2657542824745178,-0.2692984938621521,0.03615010157227516,100000
324,-0.43108880519866943,0.43108880519866943,1.0,4.901352882385254,34.20326232910156,-0.5854084491729736,1.0,0.6174916019948226,0.00577827147782065,0.75,14.153135299682617,24.0,-0.4283291697502136,-0.43159711360931396,0.03943111002445221,100000
325,-0.4568721652030945,0.4568721652030945,1.0,4.826415061950684,48.304935455322266,-0.5870052576065063,1.0,0.6162227265537183,0.005756102158881967,0.75,11.899784088134766,24.0,-0.080104298889637,-0.08215798437595367,0.05204254761338234,100000
326,-0.42200255393981934,0.42200255393981934,1.0,5.080738067626953,30.505239486694336,-0.5932204127311707,1.0,0.6149564585082125,0.005734017896296914,0.75,15.25632095336914,24.0,-0.24275265634059906,-0.24578681588172913,0.059463292360305786,100000
327,-0.3683655261993408,0.3683655261993408,1.0,4.834507465362549,25.807334899902344,-0.5708251595497131,1.0,0.6136927925004018,0.0057120183637323655,0.75,9.350500106811523,24.0,-0.13353446125984192,-0.1347268670797348,0.053476426750421524,100000
328,-0.45103710889816284,0.45103710889816284,1.0,5.144536972045898,32.06843948364258,-0.759623646736145,1.0,0.6124317231833928,0.0056901032361072156,0.75,13.063642501831055,24.0,0.475841224193573,0.4734061062335968,0.05021759122610092,100000
329,-0.44829732179641724,0.44829732179641724,1.0,4.748896598815918,37.41907501220703,-0.6124672889709473,1.0,0.6111732452212796,0.005668272189587596,0.75,10.916330337524414,24.0,-0.042970504611730576,-0.0447784960269928,0.04279051721096039,100000
330,-0.6423412561416626,0.6423412561416626,1.0,4.920343399047852,760.4764404296875,-0.9250893592834473,1.0,0.6099173532891207,0.005646524901582077,0.75,13.647741317749023,24.0,-0.14500939846038818,-0.14584976434707642,0.03489498794078827,100000
331,-0.551148533821106,0.551148533821106,1.0,5.3707275390625,81.07846069335938,-0.7788146734237671,1.0,0.6086640420729169,0.00562486105073691,0.75,14.730216979980469,24.0,-0.015296938829123974,-0.01906626857817173,0.03838173300027847,100000
332,-0.5586457848548889,0.5586457848548889,1.0,5.257412433624268,1867.255126953125,-0.7147881984710693,1.0,0.6074133062695886,0.005603280316931271,0.75,14.443603515625,24.0,0.2999652028083801,0.29748356342315674,0.03947681188583374,100000
333,-0.5439759492874146,0.5439759492874146,1.0,5.123665809631348,49.12750244140625,-0.8405410051345825,1.0,0.6061651405869534,0.005581782381272536,0.75,12.794953346252441,24.0,-0.09067010879516602,-0.0938333049416542,0.040072210133075714,100000
334,-0.5445544719696045,0.5445544719696045,1.0,5.1566667556762695,40.15624237060547,-0.7617485523223877,1.0,0.6049195397437038,0.005560366926091563,0.75,14.842172622680664,24.0,0.16376030445098877,0.16021111607551575,0.038699015974998474,100000
335,-0.479923814535141,0.479923814535141,1.0,4.905601978302002,39.50336456298828,-0.7437412738800049,1.0,0.6036764984693851,0.005539033634938009,0.75,12.145794868469238,24.0,-0.27153921127319336,-0.27447962760925293,0.04376057907938957,100000
336,-0.36619138717651367,0.36619138717651367,1.0,4.943076133728027,27.942245483398438,-0.5779038667678833,1.0,0.6024360115043722,0.0055177821925756374,0.75,13.402533531188965,24.0,-0.18959876894950867,-0.19166789948940277,0.05097700282931328,100000
337,-0.4903648793697357,0.4903648793697357,1.0,5.308014392852783,38.235595703125,-0.6750288009643555,1.0,0.6011980735998482,0.0054966122849776766,0.75,14.14497184753418,24.0,-0.13696858286857605,-0.13893842697143555,0.04909061640501022,100000
338,-0.39122146368026733,0.39122146368026733,1.0,4.786655902862549,39.2337760925293,-0.6128350496292114,1.0,0.599962679517782,0.005475523599322168,0.75,12.726823806762695,24.0,0.051008209586143494,0.04981879144906998,0.05550369620323181,100000
339,-0.39640510082244873,0.39640510082244873,1.0,4.758049964904785,41.97920608520508,-0.6478989124298096,1.0,0.5987298240309061,0.005454515823987346,0.75,11.02122688293457,24.0,-0.4049151837825775,-0.4065396785736084,0.0682312548160553,100000
340,-0.6931396722793579,0.6931396722793579,1.0,5.1176066398620605,793.5234985351562,-0.8505163192749023,1.0,0.5974995019226942,0.0054335886485470395,0.75,12.76092529296875,24.0,-0.3328952193260193,-0.33422860503196716,0.05221384018659592,100000
341,-0.56632399559021,0.56632399559021,1.0,5.091611862182617,14574.5654296875,-0.798405110836029,1.0,0.5962717079873396,0.005412741763766077,0.75,13.098505020141602,24.0,0.3102988600730896,0.30836957693099976,0.06689082086086273,100000
342,-0.4678059220314026,0.4678059220314026,1.0,5.241862773895264,37.870094299316406,-0.5869530439376831,1.0,0.5950464370297328,0.005391974861595721,0.75,14.135765075683594,24.0,-0.06397102773189545,-0.06520552188158035,0.04526904597878456,100000
343,-0.4585864245891571,0.4585864245891571,1.0,5.1812639236450195,40.35125732421875,-0.6945545077323914,1.0,0.5938236838654397,0.005371287635169112,0.75,15.30929946899414,24.0,-0.11202305555343628,-0.11375036090612411,0.04587402194738388,100000
344,-0.5099416375160217,0.5099416375160217,1.0,5.0801100730896,49.090145111083984,-0.6933367848396301,1.0,0.5926034433206798,0.0053506797787967455,0.75,15.797334671020508,24.0,-0.011556089855730534,-0.012618650682270527,0.04271657019853592,100000
345,-0.506914496421814,0.506914496421814,1.0,5.055507183074951,47.96406555175781,-0.7213668823242188,1.0,0.5913857102323039,0.005330150987961939,0.75,13.471092224121094,24.0,0.14710262417793274,0.14308004081249237,0.04251750558614731,100000
346,-0.5620646476745605,0.5620646476745605,1.0,5.287567138671875,78.03707885742188,-0.7513492107391357,1.0,0.5901704794477726,0.005309700959316342,0.75,16.468738555908203,24.0,-0.08887545019388199,-0.09089411050081253,0.03634220361709595,100000
347,-0.5134607553482056,0.5134607553482056,1.0,4.960175514221191,46.06477355957031,-0.7810587286949158,1.0,0.5889577458251343,0.005289329390675453,0.75,14.109298706054688,24.0,0.29462969303131104,0.29267704486846924,0.03801485151052475,100000
348,-0.46993517875671387,0.46993517875671387,1.0,4.904666423797607,47.99602127075195,-0.7828574180603027,1.0,0.5877475042330035,0.005269035981014149,0.75,11.83401870727539,24.0,-0.0006193909794092178,-0.003748941468074918,0.03532085567712784,100000
349,-0.4817236065864563,0.4817236065864563,1.0,5.083743095397949,44.737579345703125,-0.6928802728652954,1.0,0.5865397495505394,0.005248820430462247,0.75,14.24245548248291,24.0,-0.3249868154525757,-0.32793939113616943,0.03625250607728958,100000
350,-0.431291401386261,0.431291401386261,1.0,5.051777362823486,37.150962829589844,-0.5829997062683105,1.0,0.5853344766674237,0.0052286824403000596,0.75,13.69633674621582,24.0,0.18327221274375916,0.1815246343612671,0.038637131452560425,100000
351,-0.4018663465976715,0.4018663465976715,1.0,5.067270278930664,28.732912063598633,-0.5749574303627014,1.0,0.5841316804838392,0.0052086217129539945,0.75,14.105363845825195,24.0,-0.1997450888156891,-0.2013150155544281,0.03683525323867798,100000
352,-0.40794581174850464,0.40794581174850464,1.0,5.143218994140625,29.191497802734375,-0.6114161610603333,1.0,0.5829313559104485,0.005188637951992148,0.75,15.264907836914062,24.0,0.14122189581394196,0.13838714361190796,0.03810533136129379,100000
353,-0.4350496530532837,0.4350496530532837,1.0,4.759550094604492,35.809669494628906,-0.5955873131752014,0.999755859375,0.5817334978683718,0.005168730862119926,0.75,11.789682388305664,24.0,-0.0972261056303978,-0.09867800772190094,0.04873240739107132,100000
354,-0.36191993951797485,0.36191993951797485,1.0,5.031350612640381,29.75495147705078,-0.4942169189453125,1.0,0.5805381012891663,0.0051489001491756845,0.75,13.948415756225586,24.0,-0.09195563197135925,-0.09437242150306702,0.04376284033060074,100000
355,-0.33487677574157715,0.33487677574157715,1.0,4.763085842132568,24.280363082885742,-0.5457539558410645,1.0,0.5793451611148038,0.005129145520126383,0.75,11.76108455657959,24.0,-0.06677671521902084,-0.0682610273361206,0.04899602383375168,100000
356,-0.42210644483566284,0.42210644483566284,1.0,4.987748146057129,41.54356384277344,-0.5983659029006958,1.0,0.5781546722976503,0.005109466683063247,0.75,12.354713439941406,24.0,0.1429014801979065,0.14063438773155212,0.04778021574020386,100000
357,-0.42250996828079224,0.42250996828079224,1.0,5.180825233459473,32.51372528076172,-0.6480014324188232,1.0,0.5769666298004436,0.005089863347197461,0.75,12.459630966186523,24.0,-0.7718105316162109,-0.7743546366691589,0.04054772108793259,100000
358,-0.5836408138275146,0.5836408138275146,1.0,5.007535934448242,261.8876953125,-0.7938783764839172,1.0,0.5757810285962728,0.005070335222855873,0.75,14.16927719116211,24.0,-0.6698404550552368,-0.6716970801353455,0.03233370557427406,100000
359,-0.6213718056678772,0.6213718056678772,1.0,5.51045560836792,72.67887878417969,-0.8403543829917908,1.0,0.5745978636685567,0.005050882021476706,0.75,14.517318725585938,24.0,0.0705408975481987,0.06799902021884918,0.045818716287612915,100000
360,-0.42354094982147217,0.42354094982147217,1.0,4.95245885848999,40.5660400390625,-0.5321572422981262,1.0,0.5734171300110227,0.005031503455605307,0.75,12.95730209350586,24.0,0.2969508469104767,0.29469308257102966,0.03359318897128105,100000
361,-0.47309261560440063,0.47309261560440063,1.0,5.086126327514648,34.78605651855469,-0.5550968050956726,1.0,0.5722388226276851,0.005012199238889882,0.75,13.697022438049316,24.0,-0.10054028034210205,-0.10395269840955734,0.05073239654302597,100000
362,-0.5455431938171387,0.5455431938171387,1.0,4.749329566955566,75.43085479736328,-0.7886321544647217,1.0,0.571062936532825,0.004992969086077282,0.75,12.358819007873535,24.0,-0.08707602322101593,-0.08871737122535706,0.04253426939249039,100000
363,-0.43794548511505127,0.43794548511505127,1.0,5.072113037109375,33.527992248535156,-0.6026118993759155,1.0,0.5698894667509682,0.004973812713008778,0.75,12.381608963012695,24.0,-0.15825918316841125,-0.1600925326347351,0.04033173993229866,100000
364,-0.5885506272315979,0.5885506272315979,1.0,5.0500993728637695,119.15283966064453,-0.8530777096748352,1.0,0.5687184083168645,0.0049547298366158605,0.75,11.726079940795898,24.0,0.17608442902565002,0.1740952581167221,0.03444100171327591,100000
365,-0.432684063911438,0.432684063911438,1.0,4.75961446762085,539.6358642578125,-0.6358488202095032,1.0,0.5675497562754669,0.004935720174916065,0.75,11.638293266296387,24.0,-0.1775490641593933,-0.1789267510175705,0.039164118468761444,100000
366,-0.5401783585548401,0.5401783585548401,1.0,5.090666770935059,51.89885711669922,-0.6494845151901245,1.0,0.5663835056819105,0.004916783447008798,0.75,14.200448989868164,24.0,-0.1460120677947998,-0.14842437207698822,0.04295464605093002,100000
367,-0.35593461990356445,0.35593461990356445,1.0,4.822729110717773,25.25974464416504,-0.4479981064796448,1.0,0.5652196516014913,0.004897919373071191,0.75,12.192428588867188,24.0,-0.07998989522457123,-0.08295612782239914,0.039242926985025406,100000
368,-0.4839077889919281,0.4839077889919281,1.0,4.9702043533325195,93.5212631225586,-0.6460608839988708,1.0,0.5640581891096459,0.00487912767435396,0.75,12.484877586364746,24.0,0.043038509786129,0.04157359153032303,0.04184100776910782,100000
369,-0.4769594669342041,0.4769594669342041,1.0,4.867850303649902,46.472686767578125,-0.7638252377510071,1.0,0.5628991132919299,0.004860408073177293,0.75,11.658525466918945,24.0,0.150630921125412,0.14837214350700378,0.049515098333358765,100000
370,-0.47735437750816345,0.47735437750816345,1.0,4.8518266677856445,38.518680572509766,-0.613140881061554,1.0,0.5617424192439979,0.004841760292926744,0.75,13.502541542053223,24.0,0.025825263932347298,0.024669919162988663,0.03638296574354172,100000
371,-0.40987861156463623,0.40987861156463623,1.0,5.112567901611328,31.602794647216797,-0.6928160786628723,1.0,0.5605881020715822,0.004823184058049141,0.75,13.778921127319336,24.0,-0.19527798891067505,-0.19681616127490997,0.043310001492500305,100000
372,-0.47554469108581543,0.47554469108581543,1.0,4.836757659912109,41.58616256713867,-0.6443787217140198,1.0,0.5594361568904722,0.004804679094048524,0.75,14.833690643310547,24.0,-0.21408462524414062,-0.2157525271177292,0.039826590567827225,100000
373,-0.49619731307029724,0.49619731307029724,1.0,4.975630760192871,126.1768569946289,-0.7652604579925537,1.0,0.5582865788264941,0.004786245127482079,0.75,14.067790985107422,24.0,-0.37954258918762207,-0.3811049163341522,0.04591616243124008,100000
374,-0.5056473612785339,0.5056473612785339,1.0,5.058346271514893,46.874656677246094,-0.7917723059654236,1.0,0.5571393630154895,0.004767881885956105,0.75,13.526009559631348,24.0,-0.04110186547040939,-0.0416562519967556,0.056284137070178986,100000
375,-0.503814160823822,0.503814160823822,1.0,4.848782062530518,39.80056381225586,-0.8153611421585083,1.0,0.5559945046032958,0.004749589098121983,0.75,12.500457763671875,24.0,-0.09489350020885468,-0.0961875393986702,0.042256101965904236,100000
376,-0.5116258859634399,0.5116258859634399,1.0,5.116921424865723,76.3045883178711,-0.6283081769943237,1.0,0.5548519987457248,0.004731366493672169,0.75,12.750411033630371,24.0,0.08869899809360504,0.08633902668952942,0.03900715708732605,100000
377,-0.41643980145454407,0.41643980145454407,1.0,5.050426959991455,31.692106246948242,-0.6738059520721436,0.99755859375,0.5537118406085426,0.004713213803336204,0.75,13.735390663146973,24.0,0.16958776116371155,0.1686149537563324,0.038056645542383194,100000
378,-0.4523196816444397,0.4523196816444397,1.0,5.085364818572998,33.22882843017578,-0.588509202003479,1.0,0.5525740253674495,0.004695130758876726,0.75,12.56490707397461,24.0,-0.2913929224014282,-0.29279232025146484,0.03548586368560791,100000
379,-0.4700995981693268,0.4700995981693268,1.0,4.934884071350098,77.52012634277344,-0.6804381608963013,0.999755859375,0.5514385482080587,0.004677117093085512,0.75,11.532480239868164,24.0,-0.1159142404794693,-0.11930519342422485,0.031276360154151917,100000
380,-0.4121024012565613,0.4121024012565613,1.0,4.951197147369385,34.11941146850586,-0.5325525403022766,1.0,0.5503054043258765,0.0046591725397795315,0.75,14.94061279296875,24.0,-0.46280258893966675,-0.46617454290390015,0.03373168781399727,100000
381,-0.4381713569164276,0.4381713569164276,1.0,4.928197860717773,33.288421630859375,-0.6114076375961304,1.0,0.549174588926282,0.004641296833797008,0.75,13.919353485107422,24.0,-0.2728017568588257,-0.2750754654407501,0.03598690405488014,100000
382,-0.589447021484375,0.589447021484375,1.0,5.050212860107422,843.6544799804688,-0.9604449272155762,1.0,0.5480460972245068,0.004623489710993502,0.75,12.962783813476562,24.0,0.49360060691833496,0.4922407567501068,0.038830723613500595,100000
383,-0.4062267541885376,0.4062267541885376,1.0,4.889033317565918,30.584190368652344,-0.6578712463378906,1.0,0.5469199244456147,0.004605750908238011,0.75,14.03117561340332,24.0,0.05535556375980377,0.05461852625012398,0.0368262454867363,100000
384,-0.4717128872871399,0.4717128872871399,1.0,5.2387871742248535,93.34607696533203,-0.7077991962432861,1.0,0.5457960658244809,0.004588080163409079,0.75,14.086017608642578,24.0,-0.13699299097061157,-0.13974513113498688,0.028649259358644485,100000
385,-0.5452384352684021,0.5452384352684021,1.0,5.005346775054932,75.65841674804688,-0.7137641906738281,1.0,0.544674516605773,0.0045704772153909255,0.75,12.806055068969727,24.0,-0.14233234524726868,-0.14444600045681,0.038472726941108704,100000
386,-0.3931863307952881,0.3931863307952881,1.0,5.035437107086182,33.27668762207031,-0.6088547110557556,1.0,0.5435552720439303,0.004552941804069579,0.75,11.792289733886719,24.0,0.1308758556842804,0.12842614948749542,0.03050660714507103,100000
387,-0.44473332166671753,0.44473332166671753,1.0,5.0698652267456055,38.682518005371094,-0.6038546562194824,1.0,0.542438327403143,0.004535473670329045,0.75,12.715315818786621,24.0,0.32528504729270935,0.32289639115333557,0.03642678260803223,100000
388,-0.36401230096817017,0.36401230096817017,1.0,5.227447986602783,27.946298599243164,-0.4776793420314789,1.0,0.5413236779573337,0.004518072556047469,0.75,12.583731651306152,24.0,-0.011017438024282455,-0.012449312023818493,0.03183167800307274,100000
389,-0.5972437858581543,0.5972437858581543,1.0,4.868241786956787,1353.0731201171875,-0.699116587638855,1.0,0.540211318990136,0.004500738204093326,0.75,13.910654067993164,24.0,-0.1035737618803978,-0.10450717806816101,0.027487345039844513,100000
390,-0.507361650466919,0.507361650466919,1.0,4.777803421020508,51.43677520751953,-0.6954895257949829,1.0,0.5391012457948754,0.004483470358321619,0.75,10.699548721313477,24.0,0.4476301074028015,0.44449856877326965,0.03937801346182823,100000
391,-0.42721396684646606,0.42721396684646606,1.0,5.150630950927734,32.488609313964844,-0.5751978158950806,1.0,0.5379934536745486,0.004466268763570094,0.75,14.686258316040039,24.0,-0.3986460566520691,-0.4037613570690155,0.047815509140491486,100000
392,-0.5305624008178711,0.5305624008178711,1.0,5.2072930335998535,41.84342956542969,-0.6993927955627441,1.0,0.5368879379418049,0.004449133165655472,0.75,14.55681037902832,24.0,0.03449506685137749,0.03239839896559715,0.04056480526924133,100000
393,-0.4692598879337311,0.4692598879337311,1.0,4.750842571258545,800.1640014648438,-0.6203097105026245,1.0,0.5357846939189248,0.004432063311369689,0.75,8.288110733032227,24.0,-0.16407912969589233,-0.1649545133113861,0.04389458894729614,100000
394,-0.47829508781433105,0.47829508781433105,1.0,5.005315780639648,40.222145080566406,-0.6839759349822998,1.0,0.5346837169378016,0.004415058948476159,0.75,13.369457244873047,24.0,-0.09458485245704651,-0.0964304581284523,0.04028577730059624,100000
395,-0.4534335732460022,0.4534335732460022,1.0,4.813619136810303,40.13653564453125,-0.6805121898651123,1.0,0.5335850023399206,0.004398119825706044,0.75,11.586448669433594,24.0,-0.11599156260490417,-0.11830797046422958,0.03247309476137161,100000
396,-0.49565404653549194,0.49565404653549194,1.0,5.038291931152344,38.878944396972656,-0.6319551467895508,1.0,0.53248854547634,0.004381245692754541,0.75,13.250051498413086,24.0,0.12091095000505447,0.11880996078252792,0.029349448159337044,100000
397,-0.5166114568710327,0.5166114568710327,1.0,4.928684234619141,78.54869842529297,-0.7564961314201355,1.0,0.531394341707671,0.0043644363002771835,0.75,13.702445983886719,24.0,-0.22041115164756775,-0.2224012315273285,0.03002820909023285,100000
398,-0.46966877579689026,0.46966877579689026,1.0,4.904182434082031,38.128196716308594,-0.6103067398071289,1.0,0.5303023864040582,0.004347691399886158,0.75,14.567426681518555,24.0,-0.15854494273662567,-0.16038760542869568,0.034122589975595474,100000
399,-0.5191061496734619,0.5191061496734619,1.0,4.74824333190918,57.76947784423828,-0.6701164245605469,1.0,0.5292126749451603,0.004331010744146632,0.75,11.881220817565918,24.0,-0.21904918551445007,-0.22088146209716797,0.027333185076713562,100000
400,-0.5115869045257568,0.5115869045257568,1.0,5.001165390014648,44.446502685546875,-0.6421582698822021,1.0,0.5281252027201299,0.0043143940865731,0.75,14.756574630737305,24.0,0.04350193589925766,0.04221530631184578,0.046048931777477264,100000
401,-0.4776095449924469,0.4776095449924469,1.0,5.0528411865234375,45.8807373046875,-0.5632610321044922,1.0,0.5270399651275944,0.00429784118162574,0.75,12.172414779663086,24.0,0.03840018808841705,0.03462349250912666,0.0382251963019371,100000
402,-0.5279062986373901,0.5279062986373901,1.0,5.024869918823242,168.7447967529297,-0.7095648646354675,1.0,0.5259569575756369,0.004281351784706783,0.75,12.289299011230469,24.0,-0.29750198125839233,-0.30021777749061584,0.04951123148202896,100000
403,-0.5214861631393433,0.5214861631393433,1.0,5.122001647949219,86.2900161743164,-0.6839399933815002,1.0,0.5248761754817758,0.004264925652156905,0.75,15.548582077026367,24.0,0.07497037947177887,0.07369696348905563,0.03834051266312599,100000
404,-0.35511279106140137,0.35511279106140137,1.0,4.922125816345215,29.964221954345703,-0.45538902282714844,1.0,0.5237976142729466,0.004248562541251617,0.75,10.122947692871094,24.0,0.1831798255443573,0.18120764195919037,0.030112572014331818,100000
405,-0.5704092979431152,0.5704092979431152,1.0,4.726484775543213,50.835052490234375,-0.7073091268539429,1.0,0.5227212693854812,0.004232262210197688,0.75,14.48962116241455,24.0,0.3380742073059082,0.3369846045970917,0.03700226545333862,100000
406,-0.541919469833374,0.541919469833374,1.0,5.1007232666015625,64.6029052734375,-0.7701115608215332,1.0,0.5216471362650902,0.004216024418129566,0.75,15.264446258544922,24.0,0.4138486385345459,0.412867933511734,0.03703414648771286,100000
407,-0.4147387742996216,0.4147387742996216,1.0,5.053745269775391,33.10111999511719,-0.6078946590423584,1.0,0.5205752103668418,0.004199848925105822,0.75,14.380128860473633,24.0,0.03079131245613098,0.029178360477089882,0.036739759147167206,100000
408,-0.4366961121559143,0.4366961121559143,1.0,5.020910263061523,35.4307746887207,-0.6175658702850342,1.0,0.5195054871551444,0.004183735492105599,0.75,12.39039134979248,24.0,-0.10258828103542328,-0.10483372211456299,0.029724041000008583,100000
409,-0.4599807858467102,0.4599807858467102,1.0,5.307478904724121,44.766719818115234,-0.7510277032852173,1.0,0.518437962103726,0.004167683881025089,0.75,12.674139022827148,24.0,-0.10771816968917847,-0.10995383560657501,0.030771616846323013,100000
410,-0.48473161458969116,0.48473161458969116,1.0,5.2631988525390625,35.67766571044922,-0.604623556137085,1.0,0.5173726306956155,0.004151693854674007,0.75,14.542299270629883,24.0,0.22140935063362122,0.2189701646566391,0.03323161229491234,100000
411,-0.3747430443763733,0.3747430443763733,1.0,4.826050758361816,27.588932037353516,-0.4847790598869324,1.0,0.5163094884231242,0.00413576517677209,0.75,11.376693725585938,24.0,-0.14363324642181396,-0.14393466711044312,0.032005079090595245,100000
412,-0.4914833903312683,0.4914833903312683,1.0,4.9324951171875,42.44211196899414,-0.6260533928871155,1.0,0.5152485307878256,0.004119897611945603,0.75,14.753464698791504,24.0,0.19347551465034485,0.1922629326581955,0.0346333272755146,100000
413,-0.5493940114974976,0.5493940114974976,1.0,4.666979789733887,69.81756591796875,-0.7819690704345703,1.0,0.5141897533005374,0.0041040909257238625,0.75,12.867999076843262,24.0,-0.04692079871892929,-0.04733195900917053,0.03960445523262024,100000
414,-0.4450347423553467,0.4450347423553467,1.0,4.9836883544921875,30.435184478759766,-0.8274224400520325,1.0,0.5131331514813018,0.004088344884535773,0.75,13.772906303405762,24.0,-0.35819488763809204,-0.35946422815322876,0.030083248391747475,100000
415,-0.4568753242492676,0.4568753242492676,1.0,5.278675556182861,37.98881530761719,-0.662968099117279,1.0,0.5120787208593669,0.004072659255706372,0.75,12.757146835327148,24.0,-0.0030411817133426666,-0.005013681016862392,0.046737052500247955,100000
416,-0.5075459480285645,0.5075459480285645,1.0,5.133316516876221,100.76731872558594,-0.6633730530738831,1.0,0.5110264569731676,0.004057033807453396,0.75,11.025533676147461,24.0,0.25607597827911377,0.25435203313827515,0.040412984788417816,100000
417,-0.5477042198181152,0.5477042198181152,1.0,5.267004013061523,44.20355224609375,-0.8775119185447693,1.0,0.5099763553703072,0.004041468308883851,0.75,14.205987930297852,24.0,-0.05449024587869644,-0.05657858029007912,0.03609206900000572,100000
418,-0.5311673879623413,0.5311673879623413,1.0,5.041001796722412,79.1052017211914,-0.7370314598083496,1.0,0.5089284116075374,0.004025962529990606,0.75,12.68032455444336,24.0,-0.0042488835752010345,-0.005324224941432476,0.030907897278666496,100000
419,-0.4906311631202698,0.4906311631202698,1.0,5.09195613861084,39.95489501953125,-0.7617935538291931,1.0,0.507882621250741,0.004010516241648991,0.75,12.86515998840332,24.0,0.44693949818611145,0.4451429545879364,0.02842240408062935,100000
420,-0.5347799062728882,0.5347799062728882,1.0,5.103099822998047,49.87525177001953,-0.704777717590332,1.0,0.5068389798749121,0.003995129215613409,0.75,15.012910842895508,24.0,0.3001217246055603,0.2970099449157715,0.03333546221256256,100000
421,-0.4505155086517334,0.4505155086517334,1.0,5.016423225402832,50.449520111083984,-0.8004516363143921,1.0,0.5057974830641377,0.003979801224513969,0.75,11.280353546142578,24.0,-0.03427097946405411,-0.03614315390586853,0.03349382430315018,100000
422,-0.4873647093772888,0.4873647093772888,1.0,4.918489456176758,43.321937561035156,-0.6857686638832092,1.0,0.5047581264115792,0.00396453204185312,0.75,12.620148658752441,24.0,-0.279857873916626,-0.28162920475006104,0.03515973687171936,100000
423,-0.5299358367919922,0.5299358367919922,1.0,5.193031311035156,68.48406982421875,-0.7986993789672852,1.0,0.5037209055194533,0.003949321442002312,0.75,12.065154075622559,24.0,0.13949723541736603,0.13767996430397034,0.03400580585002899,100000
424,-0.695294976234436,0.695294976234436,1.0,5.069122314453125,9702.9013671875,-0.9350234866142273,1.0,0.5026858159990135,0.0039341692001986514,0.75,10.6852445602417,24.0,-0.07213851809501648,-0.07301934063434601,0.03259239345788956,100000
425,-0.4672641456127167,0.4672641456127167,1.0,4.962692737579346,37.20912551879883,-0.5531185269355774,1.0,0.5016528534705322,0.00391907509254159,0.75,15.153861045837402,24.0,0.4073255658149719,0.405556321144104,0.04010028392076492,100000
426,-0.5471296310424805,0.5471296310424805,1.0,5.327445030212402,2210.097412109375,-0.7305837273597717,1.0,0.5006220135632813,0.0039040388959896105,0.75,11.156042098999023,24.0,0.055923689156770706,0.054512619972229004,0.04591776430606842,100000
427,-0.4426056742668152,0.4426056742668152,1.0,4.93056583404541,89.05448913574219,-0.5723027586936951,1.0,0.49959329191551405,0.003889060388356933,0.75,12.398381233215332,24.0,0.07328122854232788,0.0728895366191864,0.04651264101266861,100000
428,-0.428618848323822,0.428618848323822,1.0,5.029336452484131,31.754560470581055,-0.6235438585281372,1.0,0.4985666841744467,0.00387413934831023,0.75,11.4034423828125,24.0,0.4539472460746765,0.4521259069442749,0.040681611746549606,100000
429,-0.5564472675323486,0.5564472675323486,1.0,5.0920515060424805,356.72998046875,-0.7126952409744263,1.0,0.49754218599623995,0.0038592755553653563,0.75,10.130595207214355,24.0,0.28077244758605957,0.27858009934425354,0.039222247898578644,100000
430,-0.5068220496177673,0.5068220496177673,1.0,5.114505290985107,66.295654296875,-0.7806272506713867,1.0,0.49651979304598054,0.003844468789884094,0.75,12.94111156463623,24.0,-0.0620248019695282,-0.06339424103498459,0.031843312084674835,100000
431,-0.5337689518928528,0.5337689518928528,1.0,4.867790222167969,44.52779769897461,-0.8490714430809021,1.0,0.49549950099766304,0.0038297188330709015,0.75,12.492114067077637,24.0,-0.10523338615894318,-0.10637383908033371,0.03732141852378845,100000
432,-0.3708358705043793,0.3708358705043793,1.0,4.984638214111328,28.58804702758789,-0.6823830008506775,1.0,0.49448130553417147,0.003815025466969686,0.75,11.552912712097168,24.0,-0.17551815509796143,-0.1769905686378479,0.03723642975091934,100000
433,-0.5626043081283569,0.5626043081283569,1.0,5.270914077758789,68.50473022460938,-1.3280506134033203,0.987548828125,0.493465202347261,0.003800388474460578,0.75,12.2474946975708,24.0,-0.23612096905708313,-0.23791515827178955,0.03713555634021759,100000
434,-0.46854910254478455,0.46854910254478455,1.0,4.924824237823486,323.5209655761719,-0.6527184844017029,1.0,0.4924511871375397,0.0037858076392567274,0.75,10.524154663085938,24.0,0.014554484747350216,0.013240687549114227,0.029826411977410316,100000
435,-0.47560790181159973,0.47560790181159973,1.0,5.01699161529541,42.34923553466797,-0.5722454786300659,1.0,0.49143925561445045,0.003771282745901104,0.75,14.702654838562012,24.0,0.03902192413806915,0.03854455053806305,0.034371234476566315,100000
436,-0.6005855798721313,0.6005855798721313,1.0,4.955832004547119,270.8587951660156,-0.845264196395874,1.0,0.49042940349625297,0.0037568135797633145,0.75,12.73569107055664,24.0,-0.20533324778079987,-0.20593056082725525,0.03327875956892967,100000
437,-0.4386586546897888,0.4386586546897888,1.0,4.891773223876953,41.72163772583008,-0.5486471652984619,1.0,0.48942162651000504,0.0037423999270364333,0.75,13.51089096069336,24.0,-0.08222165703773499,-0.08298354595899582,0.03210192546248436,100000
438,-0.48144519329071045,0.48144519329071045,1.0,5.187782287597656,36.60442352294922,-0.7123478651046753,1.0,0.48841592039154513,0.0037280415747338396,0.75,10.807345390319824,24.0,0.1980973333120346,0.19683846831321716,0.027763983234763145,100000
439,-0.6093727946281433,0.6093727946281433,1.0,5.004303932189941,2213.3623046875,-0.6793534755706787,1.0,0.48741228088547417,0.0037137383106860735,0.75,12.645956039428711,24.0,-0.17016665637493134,-0.17052406072616577,0.03018893487751484,100000
440,-0.4450826048851013,0.4450826048851013,1.0,5.176761627197266,33.9068717956543,-0.8011438846588135,0.990966796875,0.48641070374513706,0.003699489923537698,0.75,11.88953685760498,24.0,0.14821338653564453,0.14506936073303223,0.027843760326504707,100000
441,-3.6591837406158447,0.7776618599891663,0.96875,6.089542388916016,3375037.0,-0.758416473865509,0.9998779296875,0.4854111847326056,0.0036852962027441767,0.75,11.821730613708496,24.0,-0.06716263294219971,-0.06892669945955276,0.027453603222966194,100000
442,-0.5236518979072571,0.5236518979072571,1.0,4.862265586853027,71.69757080078125,-0.6165107488632202,1.0,0.48441371961865953,0.0036711569385687636,0.75,12.332454681396484,24.0,0.15736429393291473,0.15672822296619415,0.029429195448756218,100000
443,-0.47761407494544983,0.47761407494544983,1.0,4.883636951446533,73.70865631103516,-0.7344481348991394,1.0,0.48341830418276965,0.003657071922079405,0.75,12.922121047973633,24.0,-0.06712234020233154,-0.06758389621973038,0.03291834518313408,100000
444,-0.5622124075889587,0.5622124075889587,1.0,5.159603595733643,53.32655334472656,-0.823998749256134,1.0,0.4824249342130792,0.0036430409451456494,0.75,14.231073379516602,24.0,0.12213145196437836,0.12139661610126495,0.0326312854886055,100000
445,-0.62669438123703,0.62669438123703,1.0,5.166143417358398,173.5677947998047,-0.8392516374588013,1.0,0.4814336055063863,0.0036290638004355708,0.75,12.617168426513672,24.0,-0.15724265575408936,-0.1589345932006836,0.040734052658081055,100000
446,-0.3391016721725464,0.3391016721725464,1.0,5.055656909942627,24.10401725769043,-0.5635809898376465,1.0,0.48044431386812625,0.0036151402814127106,0.75,12.560890197753906,24.0,0.06673732399940491,0.06464068591594696,0.030790643766522408,100000
447,-0.49121350049972534,0.49121350049972534,1.0,5.231594562530518,47.217044830322266,-0.7229883670806885,1.0,0.4794570551123537,0.003601270182333021,0.75,13.245088577270508,24.0,0.18552832305431366,0.18342286348342896,0.03554801270365715,100000
448,-0.384740948677063,0.384740948677063,1.0,4.82708215713501,35.49748229980469,-0.4684946537017822,0.9998779296875,0.47847182506172503,0.0035874532982418245,0.75,11.455917358398438,24.0,0.030435174703598022,0.028553524985909462,0.0332539901137352,100000
449,-0.42693030834198,0.42693030834198,1.0,5.072138786315918,32.99558639526367,-0.5583057403564453,1.0,0.47748861954748034,0.00357368942497079,0.75,13.957735061645508,24.0,-0.2615336775779724,-0.2628529667854309,0.03712685406208038,100000
450,-0.3434758186340332,0.3434758186340332,1.0,4.96607780456543,24.57730484008789,-0.4971076548099518,1.0,0.47650743440942633,0.0035599783591349116,0.75,11.036699295043945,24.0,-0.1695515364408493,-0.17073678970336914,0.03518447279930115,100000
451,-0.47318243980407715,0.47318243980407715,1.0,4.902548789978027,46.62745666503906,-0.7562901973724365,1.0,0.4755282654959182,0.003546319898129504,0.75,13.00629997253418,24.0,0.11541785299777985,0.11423386633396149,0.03308776766061783,100000
452,-0.4554452896118164,0.4554452896118164,1.0,4.926361083984375,38.84117126464844,-0.8078179359436035,1.0,0.4745511086638425,0.00353271384012721,0.75,11.92425537109375,24.0,-0.06335000693798065,-0.06534675508737564,0.03043936938047409,100000
453,-0.49144989252090454,0.49144989252090454,1.0,4.849475860595703,64.66961669921875,-0.6533723473548889,1.0,0.4735759597785993,0.003519159984075015,0.75,12.708677291870117,24.0,-0.060594700276851654,-0.06137995421886444,0.030441489070653915,100000
454,-0.49738913774490356,0.49738913774490356,1.0,5.090513706207275,56.476844787597656,-0.7635499835014343,1.0,0.4726028147140849,0.003505658129691282,0.75,10.858840942382812,24.0,0.20379553735256195,0.2016693651676178,0.03604498133063316,100000
455,-0.47162503004074097,0.47162503004074097,1.0,5.110694408416748,61.13713836669922,-0.7258641719818115,1.0,0.4716316693526741,0.0034922080774627867,0.75,11.565698623657227,24.0,-0.14760351181030273,-0.14893260598182678,0.0282310638576746,100000
456,-0.565245509147644,0.565245509147644,1.0,5.053035736083984,51.609893798828125,-0.7621486783027649,0.9830322265625,0.4706625195852031,0.0034788096286417704,0.75,13.430984497070312,24.0,-0.2633621096611023,-0.26519936323165894,0.032651886343955994,100000
457,-0.46832436323165894,0.46832436323165894,1.0,4.8698015213012695,41.253868103027344,-0.6223906874656677,1.0,0.4696953613109521,0.0034654625852430045,0.75,13.031864166259766,24.0,0.11331755667924881,0.11146242171525955,0.03168980032205582,100000
458,-0.457195907831192,0.457195907831192,1.0,4.90537166595459,36.97337341308594,-0.5435760021209717,1.0,0.46873019043762737,0.003452166750040865,0.75,12.46893310546875,24.0,-0.035048820078372955,-0.03638118505477905,0.028968995437026024,100000
459,-0.4371141493320465,0.4371141493320465,1.0,5.1679840087890625,34.34998321533203,-0.5689033269882202,1.0,0.4677670028813448,0.0034389219265664158,0.75,12.752213478088379,24.0,0.18632394075393677,0.18530161678791046,0.03262897580862045,100000
460,-0.44619646668434143,0.44619646668434143,1.0,4.979392051696777,33.407752990722656,-0.6195622682571411,0.9993896484375,0.46680579456661214,0.00342572791910451,0.75,12.069389343261719,24.0,0.09185989946126938,0.09142965078353882,0.035693779587745667,100000
461,-0.5118393301963806,0.5118393301963806,1.0,5.1750407218933105,47.95835876464844,-0.7191786766052246,1.0,0.46584656142631164,0.003412584532690893,0.75,11.983856201171875,24.0,-0.052864525467157364,-0.05354927480220795,0.03187735378742218,100000
462,-0.5348730087280273,0.5348730087280273,1.0,5.484374046325684,446.42596435546875,-0.6670538783073425,1.0,0.46488929940168316,0.0033994915731093227,0.75,11.981147766113281,24.0,0.5852413177490234,0.5836774706840515,0.02999538742005825,100000
463,-0.4814445376396179,0.4814445376396179,1.0,5.094057559967041,56.271636962890625,-0.6115809679031372,1.0,0.4639340044423068,0.003386448846888704,0.75,12.956550598144531,24.0,0.2841669023036957,0.28271883726119995,0.02620874159038067,100000
464,-0.5718467235565186,0.5718467235565186,1.0,5.226993560791016,138.35067749023438,-0.846582293510437,1.0,0.4629806725060858,0.0033734561613002222,0.75,11.64314079284668,24.0,0.041568510234355927,0.03966953605413437,0.026200558990240097,100000
465,-0.540702223777771,0.540702223777771,1.0,5.175230979919434,49.118858337402344,-0.6529971361160278,1.0,0.46202929955922944,0.003360513324354503,0.75,14.000541687011719,24.0,-0.06568232923746109,-0.06756620109081268,0.043842166662216187,100000
466,-0.47271835803985596,0.47271835803985596,1.0,4.844268798828125,35.733306884765625,-0.5548232793807983,1.0,0.46107988157623614,0.003347620144798771,0.75,14.721967697143555,24.0,0.07951797544956207,0.07791590690612793,0.044991038739681244,100000
467,-0.49495741724967957,0.49495741724967957,1.0,5.172605991363525,188.69570922851562,-0.7145069241523743,1.0,0.4601324145398761,0.0033347764321140223,0.75,13.203115463256836,24.0,0.21080282330513,0.20888333022594452,0.043117307126522064,100000
468,-0.49953821301460266,0.49953821301460266,1.0,5.085248947143555,40.73851776123047,-0.5947654843330383,1.0,0.4591868944411744,0.003321981996512214,0.75,15.20812702178955,24.0,-0.1686735451221466,-0.17000935971736908,0.029093652963638306,100000
469,-0.5357149839401245,0.5357149839401245,1.0,4.993122100830078,115.98362731933594,-0.5989633202552795,1.0,0.4582433172793944,0.003309236648933457,0.75,13.45211410522461,24.0,0.03503192588686943,0.033960841596126556,0.031574513763189316,100000
470,-0.4345023036003113,0.4345023036003113,1.0,4.843118667602539,34.867645263671875,-0.811220109462738,1.0,0.45730167906202024,0.003296540201043221,0.75,11.505682945251465,24.0,0.05493858456611633,0.05357031151652336,0.03167886286973953,100000
471,-0.5634372234344482,0.5634372234344482,1.0,5.214682579040527,55.83495330810547,-0.716640830039978,1.0,0.4563619758047404,0.003283892465229555,0.75,16.48331069946289,24.0,0.2767874300479889,0.2758238911628723,0.042991720139980316,100000
472,-0.5802662372589111,0.5802662372589111,1.0,5.086182594299316,51.09476089477539,-0.8709707856178284,1.0,0.45542420353143065,0.003271293254600311,0.75,12.939552307128906,24.0,0.07164227962493896,0.06991106271743774,0.03927243500947952,100000
473,-0.5140941143035889,0.5140941143035889,1.0,5.0873188972473145,50.13656234741211,-0.775071382522583,0.970947265625,0.4544883582741371,0.0032587423829803864,0.75,10.376986503601074,24.0,0.03998497501015663,0.03890750929713249,0.03298650681972504,100000
474,-0.543425977230072,0.543425977230072,1.0,5.052734375,152.44078063964844,-0.9073166847229004,1.0,0.45355443607305973,0.0032462396649089705,0.75,12.628523826599121,24.0,-0.02071906439960003,-0.021757453680038452,0.030815649777650833,100000
475,-0.41383588314056396,0.41383588314056396,1.0,4.818921089172363,30.654064178466797,-0.586143970489502,1.0,0.4526224329765355,0.0032337849156368025,0.75,13.604950904846191,24.0,-0.05629951134324074,-0.05683208629488945,0.033604882657527924,100000
476,-0.5769621729850769,0.5769621729850769,1.0,5.0752716064453125,71.345703125,-0.8351811170578003,1.0,0.45169234504102124,0.0032213779511234466,0.75,13.890054702758789,24.0,-0.005744574591517448,-0.007161842659115791,0.03260309249162674,100000
477,-0.5681049823760986,0.5681049823760986,1.0,5.044132232666016,177.93275451660156,-0.7658013701438904,1.0,0.45076416833107774,0.0032090185880345673,0.75,12.51304817199707,24.0,-0.1652696281671524,-0.16654202342033386,0.030200432986021042,100000
478,-0.35072189569473267,0.35072189569473267,1.0,4.690892219543457,25.714643478393555,-0.5482852458953857,1.0,0.4498378989193525,0.0031967066437392235,0.75,11.138246536254883,24.0,0.01711621880531311,0.016804875805974007,0.03267734497785568,100000
479,-0.6191775798797607,0.6191775798797607,1.0,5.05903959274292,826.5411376953125,-0.7328094244003296,1.0,0.4489135328865632,0.0031844419363071673,0.75,12.241554260253906,24.0,0.27080273628234863,0.2700485587120056,0.03190582990646362,100000
480,-0.540173351764679,0.540173351764679,1.0,4.823086738586426,54.84572219848633,-0.6857262849807739,1.0,0.4479910663214814,0.003172224284506159,0.75,14.205146789550781,24.0,0.04579092189669609,0.044903986155986786,0.045389629900455475,100000
481,-0.4103636145591736,0.4103636145591736,1.0,4.876363754272461,40.78550338745117,-0.626193642616272,1.0,0.44707049532091553,0.0031600535077992847,0.75,10.126249313354492,24.0,-0.20377278327941895,-0.2041846513748169,0.05427488684654236,100000
482,-0.5515320301055908,0.5515320301055908,1.0,5.107767105102539,175.33551025390625,-0.8269972801208496,1.0,0.4461518159896949,0.0031479294263422938,0.75,12.728584289550781,24.0,0.16121208667755127,0.15926788747310638,0.036640673875808716,100000
483,-0.5620467662811279,0.5620467662811279,1.0,4.954372406005859,63.76789474487305,-0.8416893482208252,1.0,0.44523502444065277,0.0031358518609809357,0.75,14.543137550354004,24.0,0.12434449791908264,0.1235928013920784,0.03630198538303375,100000
484,-0.5326386094093323,0.5326386094093323,1.0,4.965396404266357,64.76726531982422,-0.6168476343154907,1.0,0.4443201167946102,0.0031238206332483177,0.75,13.147322654724121,24.0,0.3506770133972168,0.3497774302959442,0.03031766042113304,100000
485,-0.5192964673042297,0.5192964673042297,1.0,4.984010696411133,85.17356872558594,-0.6851043105125427,1.0,0.44340708918035954,0.0031118355653622655,0.75,13.216819763183594,24.0,-0.14791183173656464,-0.14888601005077362,0.030186902731657028,100000
486,-0.48378345370292664,0.48378345370292664,1.0,5.026161193847656,47.701560974121094,-0.6834739446640015,1.0,0.4424959377346478,0.003099896480222694,0.75,11.908599853515625,24.0,-0.14946249127388,-0.15107959508895874,0.023118432611227036,100000
487,-0.3966981768608093,0.3966981768608093,1.0,4.940892219543457,30.366182327270508,-0.5918835401535034,1.0,0.44158665860216084,0.0030880032014089964,0.75,11.788228988647461,24.0,-0.07978504151105881,-0.08151284605264664,0.03488823026418686,100000
488,-0.4844711720943451,0.4844711720943451,1.0,5.0831451416015625,40.58527755737305,-0.8328276872634888,1.0,0.4406792479355066,0.0030761555531774306,0.75,11.983119010925293,24.0,-0.19563379883766174,-0.19628548622131348,0.03147939592599869,100000
489,-0.5083870887756348,0.5083870887756348,1.0,5.350577354431152,38.21729278564453,-0.6381245851516724,1.0,0.43977370189519904,0.003064353360458525,0.75,13.650748252868652,24.0,-0.07543689012527466,-0.07708737999200821,0.03230243921279907,100000
490,-0.5255621671676636,0.5255621671676636,1.0,4.899953842163086,46.01746368408203,-0.6401059031486511,1.0,0.43887001664964176,0.003052596448854494,0.75,12.926773071289062,24.0,-0.11130789667367935,-0.11227400600910187,0.02926839515566826,100000
491,-0.753400981426239,0.753400981426239,1.0,4.991277694702148,207.45440673828125,-0.998885989189148,1.0,0.4379681883751118,0.0030408846446366568,0.75,15.348492622375488,24.0,0.056065984070301056,0.05495888739824295,0.03320172429084778,100000
492,-0.529810905456543,0.529810905456543,1.0,5.142104625701904,50.080604553222656,-0.6796624660491943,1.0,0.43706821325574374,0.003029217774742872,0.75,12.909473419189453,24.0,-0.04535442963242531,-0.046573277562856674,0.023002278059720993,100000
493,-0.5507680773735046,0.5507680773735046,1.0,4.984032154083252,63.853126525878906,-0.6381937265396118,1.0,0.4361700874835132,0.0030175956667749834,0.75,14.829000473022461,24.0,-0.20652513206005096,-0.20767655968666077,0.028237521648406982,100000
494,-0.48488765954971313,0.48488765954971313,1.0,4.842521667480469,40.05971908569336,-1.3437299728393555,0.9722900390625,0.43527380725822085,0.0030060181489962663,0.75,16.025169372558594,24.0,0.04358895868062973,0.04262197017669678,0.03086819499731064,100000
495,-0.5570329427719116,0.5570329427719116,1.0,5.118527412414551,85.63606262207031,-0.73426353931427,1.0,0.43437936878747635,0.0029944850503288933,0.75,14.383358001708984,24.0,-0.2640944719314575,-0.2655271291732788,0.030433770269155502,100000
496,-0.48007917404174805,0.48007917404174805,1.0,5.007623672485352,37.89170455932617,-0.6562458276748657,1.0,0.4334867682866822,0.002982996200351409,0.75,13.129659652709961,24.0,-0.238935649394989,-0.23992827534675598,0.02875639498233795,100000
497,-0.5048009753227234,0.5048009753227234,1.0,5.130444049835205,121.26502990722656,-0.6233612298965454,1.0,0.43259600197901804,0.0029715514292962047,0.75,14.613279342651367,24.0,0.05141031742095947,0.05018855631351471,0.03214132413268089,100000
498,-0.4990512728691101,0.4990512728691101,1.0,5.0436601638793945,38.02888870239258,-0.6443932056427002,1.0,0.43170706609542425,0.002960150568047018,0.75,16.388347625732422,24.0,-0.027591697871685028,-0.029318170621991158,0.02892652153968811,100000
499,-0.5641559362411499,0.5641559362411499,1.0,4.774631500244141,4915.921875,-0.7306566834449768,1.0,0.43081995687458635,0.0029487934481364263,0.75,10.774152755737305,24.0,-0.26737749576568604,-0.2687496542930603,0.03276785835623741,100000
500,-0.6205217838287354,0.6205217838287354,1.0,5.2195725440979,253.0905303955078,-0.8528510332107544,1.0,0.42993467056291873,0.0029374799017433634,0.75,12.013803482055664,24.0,-0.08033547550439835,-0.08124997466802597,0.028197133913636208,100000
501,-0.509281575679779,0.509281575679779,1.0,4.966299057006836,38.762264251708984,-0.705565869808197,1.0,0.4290512034145492,0.002926209761690636,0.75,11.889266014099121,24.0,-0.1415661722421646,-0.14232590794563293,0.02606198750436306,100000
502,-0.41660916805267334,0.41660916805267334,1.0,4.687172889709473,33.49908447265625,-0.6633998155593872,1.0,0.4281695516913029,0.0029149828614424534,0.75,11.379786491394043,24.0,0.0066468738950788975,0.0061621586792171,0.02732805907726288,100000
503,-0.32918214797973633,0.32918214797973633,1.0,4.8500518798828125,25.688678741455078,-0.47809404134750366,1.0,0.42728971166268626,0.0029037990351019707,0.75,10.455977439880371,24.0,-0.1725109964609146,-0.1735491156578064,0.034042950719594955,100000
504,-0.5342124700546265,0.5342124700546265,1.0,4.9048943519592285,74.58575439453125,-0.6463034749031067,1.0,0.42641167960587173,0.0028926581174088307,0.75,14.576655387878418,24.0,-0.02666931413114071,-0.027481775730848312,0.027764176949858665,100000
505,-0.45510774850845337,0.45510774850845337,1.0,4.94724702835083,38.543067932128906,-0.688624918460846,1.0,0.4255354518056815,0.0028815599437367286,0.75,12.716041564941406,24.0,-0.03213046118617058,-0.03293219581246376,0.02863626554608345,100000
506,-0.5343357920646667,0.5343357920646667,1.0,4.820356369018555,47.74668884277344,-0.7134823799133301,1.0,0.4246610245545722,0.0028705043500909743,0.75,14.366034507751465,24.0,-0.3419782519340515,-0.3427562117576599,0.03515656664967537,100000
507,-0.5276617407798767,0.5276617407798767,1.0,5.2054123878479,80.03564453125,-0.6350420713424683,0.9998779296875,0.42378839415261915,0.0028594911731060733,0.75,14.49006462097168,24.0,0.05665040761232376,0.0557943619787693,0.03508790209889412,100000
508,-0.4939231276512146,0.4939231276512146,1.0,4.956506252288818,40.33879852294922,-0.7731242179870605,1.0,0.42291755690750027,0.0028485202500433088,0.75,10.447409629821777,24.0,-0.01399925909936428,-0.014596465043723583,0.03512762859463692,100000
509,-0.5398543477058411,0.5398543477058411,1.0,5.165055274963379,67.42304992675781,-0.7094895839691162,1.0,0.42204850913448094,0.0028375914187883378,0.75,14.200403213500977,24.0,0.19835981726646423,0.19749635457992554,0.025850769132375717,100000
510,-0.521882176399231,0.521882176399231,1.0,5.151941776275635,92.33545684814453,-0.7623927593231201,1.0,0.42118124715639843,0.0028267045178488,0.75,13.483240127563477,24.0,0.08878479152917862,0.08775708079338074,0.02551763877272606,100000
511,-0.40381714701652527,0.40381714701652527,1.0,4.8427324295043945,32.11014175415039,-0.7248883247375488,1.0,0.42031576730364606,0.002815859386351925,0.75,10.48462963104248,24.0,0.03551710397005081,0.034739285707473755,0.023314524441957474,100000
512,-0.5582852959632874,0.5582852959632874,1.0,5.125191688537598,45.143699645996094,-0.8177444934844971,1.0,0.4194520659141575,0.0028050558640421584,0.75,12.914081573486328,24.0,0.12636741995811462,0.12559372186660767,0.03049885481595993,100000
513,-0.6038439273834229,0.6038439273834229,1.0,5.123606204986572,328.78265380859375,-0.9069018363952637,1.0,0.4185901393333919,0.002794293791278795,0.75,14.112567901611328,24.0,0.0970693975687027,0.09601537138223648,0.027596835047006607,100000
514,-0.583531379699707,0.583531379699707,1.0,5.253366470336914,232.42327880859375,-0.7802615165710449,1.0,0.417729983914318,0.002783573009033616,0.75,15.32497787475586,24.0,0.009350264444947243,0.008676744066178799,0.0270707868039608,100000
515,-0.4323359727859497,0.4323359727859497,1.0,4.8856048583984375,38.69239807128906,-0.5863360166549683,1.0,0.4168715960173986,0.0027728933588885437,0.75,13.00764274597168,24.0,-0.007902102544903755,-0.008850489743053913,0.029610024765133858,100000
516,-0.5781559944152832,0.5781559944152832,1.0,5.126491546630859,267.5897216796875,-0.6216292381286621,1.0,0.41601497201057563,0.0027622546830332957,0.75,15.547545433044434,24.0,-0.015020351856946945,-0.016085654497146606,0.027639813721179962,100000
517,-0.5425304770469666,0.5425304770469666,1.0,5.03569221496582,47.32044982910156,-0.7052515745162964,1.0,0.41516010826925426,0.0027516568242630574,0.75,14.4388427734375,24.0,0.06533637642860413,0.06449415534734726,0.026860497891902924,100000
518,-0.5682403445243835,0.5682403445243835,1.0,4.872443199157715,387.8263854980469,-0.7715632319450378,1.0,0.4143070011762878,0.002741099625976157,0.75,10.955883026123047,24.0,0.3131057620048523,0.31224939227104187,0.03850428760051727,100000
519,-0.5617856979370117,0.5617856979370117,1.0,5.021789073944092,46.084014892578125,-0.8154933452606201,1.0,0.41345564712196253,0.0027305829321717517,0.75,12.756759643554688,24.0,-0.1206078976392746,-0.12179527431726456,0.036176010966300964,100000
520,-0.48839882016181946,0.48839882016181946,1.0,4.9930219650268555,43.411277770996094,-0.6148288249969482,1.0,0.4126060425039822,0.0027201065874475207,0.75,12.580080032348633,24.0,-0.3481827974319458,-0.349139541387558,0.03302256017923355,100000
521,-0.47485798597335815,0.47485798597335815,1.0,4.824106216430664,45.20903015136719,-0.5861602425575256,1.0,0.41175818372745293,0.0027096704369973723,0.75,14.917752265930176,24.0,0.011135637760162354,0.010147691704332829,0.0269321221858263,100000
522,-0.4349914789199829,0.4349914789199829,1.0,5.000024318695068,35.553810119628906,-0.6876281499862671,1.0,0.4109120672048677,0.002699274326609154,0.75,12.81463623046875,24.0,-0.1836385279893875,-0.1842236965894699,0.02756519988179207,100000
523,-0.4485235810279846,0.4485235810279846,1.0,5.121463775634766,32.17860412597656,-0.6167418956756592,1.0,0.41006768935609184,0.0026889181026623745,0.75,12.383370399475098,24.0,-0.05156755447387695,-0.05227217823266983,0.02628844976425171,100000
524,-0.4911096692085266,0.4911096692085266,1.0,5.263181686401367,39.52417755126953,-0.6336414813995361,1.0,0.409225046608347,0.0026786016121259338,0.75,15.834833145141602,24.0,-0.060813058167696,-0.0616723857820034,0.024808522313833237,100000
525,-0.5736405849456787,0.5736405849456787,1.0,4.950311183929443,2541.7255859375,-0.8019775152206421,0.9993896484375,0.40838413539619683,0.0026683247025558617,0.75,14.345653533935547,24.0,0.14694562554359436,0.14607849717140198,0.0299716517329216,100000
526,-0.5026229023933411,0.5026229023933411,1.0,5.103185653686523,2318.96826171875,-0.7631596326828003,1.0,0.4075449521615313,0.002658087222093063,0.75,9.461441040039062,24.0,-0.06414154171943665,-0.06488409638404846,0.028210684657096863,100000
527,-0.5656790733337402,0.5656790733337402,1.0,4.95146369934082,181.3584442138672,-0.7473798990249634,1.0,0.40670749335355216,0.0026478890194610804,0.75,11.234773635864258,24.0,-0.09145490825176239,-0.09208172559738159,0.03171778470277786,100000
528,-0.46105438470840454,0.46105438470840454,1.0,5.011378288269043,50.63751983642578,-0.5828675031661987,1.0,0.4058717554287574,0.0026377299439638508,0.75,12.09320068359375,24.0,-0.20231877267360687,-0.2029968947172165,0.02929636649787426,100000
529,-0.5340387225151062,0.5340387225151062,1.0,5.058465003967285,53.526695251464844,-0.714087963104248,1.0,0.40503773485092665,0.0026276098454834818,0.75,14.371795654296875,24.0,0.07013498991727829,0.06933429837226868,0.02940690889954567,100000
530,-0.5401858687400818,0.5401858687400818,1.0,4.939535140991211,68.51210021972656,-0.6385943293571472,1.0,0.404205428091106,0.0026175285744780364,0.75,11.506508827209473,24.0,0.18327262997627258,0.18238721787929535,0.03348074108362198,100000
531,-0.6403951048851013,0.6403951048851013,1.0,5.030560493469238,58.541015625,-0.70917147397995,1.0,0.40337483162759313,0.002607485981979318,0.75,13.67109489440918,24.0,0.03711806982755661,0.03672038018703461,0.03155370429158211,100000
532,-0.5735142827033997,0.5735142827033997,1.0,4.855267524719238,52.69635772705078,-0.7067609429359436,1.0,0.4025459419459225,0.0025974819195906723,0.75,13.196455001831055,24.0,0.010346632450819016,0.009912220761179924,0.03278088942170143,100000
533,-0.5156461596488953,0.5156461596488953,1.0,5.052207946777344,61.142242431640625,-0.7374213933944702,1.0,0.40171875553885045,0.0025875162394847964,0.75,11.130724906921387,24.0,0.06421171873807907,0.06308024376630783,0.030199125409126282,100000
534,-0.48705339431762695,0.48705339431762695,1.0,4.945396900177002,39.20647048950195,-0.6169564127922058,1.0,0.40089326890634003,0.0025775887944015485,0.75,9.396389961242676,24.0,-0.2392529845237732,-0.24034005403518677,0.0313715785741806,100000
535,-0.53751540184021,0.53751540184021,1.0,4.765826225280762,48.064796447753906,-0.761772871017456,1.0,0.40006947855554675,0.0025676994376457774,0.75,10.772638320922852,24.0,0.023079466074705124,0.02256888709962368,0.028689222410321236,100000
536,-0.5436584949493408,0.5436584949493408,1.0,4.781533241271973,46.838645935058594,-0.6278111338615417,1.0,0.3992473810008035,0.0025578480230851524,0.75,12.421430587768555,24.0,0.08543741703033447,0.08536628633737564,0.03034549579024315,100000
537,-0.4987051784992218,0.4987051784992218,1.0,5.024689674377441,67.13064575195312,-0.6015740036964417,1.0,0.39842697276360556,0.0025480344051480035,0.75,13.225847244262695,24.0,0.4057943820953369,0.40508466958999634,0.02103171870112419,100000
538,-0.40514734387397766,0.40514734387397766,1.0,4.908651351928711,48.21367645263672,-0.54356449842453,1.0,0.3976082503725966,0.002538258438821172,0.75,12.45059585571289,24.0,0.20714706182479858,0.2065148949623108,0.02414516732096672,100000
539,-0.5939935445785522,0.5939935445785522,1.0,4.907388687133789,75.43019104003906,-0.6789809465408325,1.0,0.396791210363553,0.002528519979647867,0.75,14.37025260925293,24.0,-0.017124267295002937,-0.017631223425269127,0.04101533442735672,100000
540,-0.46624210476875305,0.46624210476875305,1.0,4.8234710693359375,38.72490310668945,-0.5982713103294373,1.0,0.3959758492793702,0.002518818883725529,0.75,13.242443084716797,24.0,-0.26908016204833984,-0.27029988169670105,0.026520201936364174,100000
541,-0.37998008728027344,0.37998008728027344,1.0,5.08006477355957,26.63349151611328,-0.604279100894928,1.0,0.3951621636700473,0.002509155007703707,0.75,12.094396591186523,24.0,0.005836524069309235,0.005109461955726147,0.023759856820106506,100000
542,-0.4855915904045105,0.4855915904045105,1.0,5.086687088012695,49.59309005737305,-0.658833384513855,1.0,0.3943501500926728,0.002499528208781936,0.75,13.367252349853516,24.0,0.12267379462718964,0.12169346213340759,0.028019696474075317,100000
543,-0.5734354853630066,0.5734354853630066,1.0,5.2418293952941895,2944.940673828125,-0.7826653718948364,1.0,0.39353980511141023,0.002489938344707633,0.75,14.607134819030762,24.0,-0.32367143034935,-0.3249462842941284,0.035847365856170654,100000
544,-0.4848254919052124,0.4848254919052124,1.0,4.851456642150879,42.12866973876953,-0.6349393129348755,1.0,0.39273112529748305,0.0024803852737739877,0.75,13.065866470336914,24.0,0.007866641506552696,0.007248145528137684,0.027062049135565758,100000
545,-0.5010525584220886,0.5010525584220886,1.0,4.714593887329102,46.668365478515625,-0.8023608922958374,1.0,0.39192410722916066,0.002470868854817873,0.75,13.328422546386719,24.0,0.024730464443564415,0.024014994502067566,0.023804549127817154,100000
546,-0.4906449317932129,0.4906449317932129,1.0,5.183011531829834,59.239566802978516,-0.7456653118133545,1.0,0.39111874749174363,0.0024613889472177583,0.75,11.561346054077148,24.0,0.4751899242401123,0.4741400480270386,0.02694167010486126,100000
547,-0.3998073935508728,0.3998073935508728,1.0,4.9788007736206055,32.59071350097656,-0.6983556747436523,1.0,0.3903150426775495,0.0024519454108916316,0.75,12.235158920288086,24.0,0.1364385336637497,0.13608750700950623,0.030710237100720406,100000
548,-0.38814854621887207,0.38814854621887207,1.0,4.988448143005371,48.875205993652344,-0.5140160322189331,1.0,0.38951298938589807,0.0024425381062949288,0.75,13.837526321411133,24.0,0.39415693283081055,0.3932620882987976,0.02472006529569626,100000
549,-0.4910149574279785,0.4910149574279785,1.0,4.6644697189331055,52.23752975463867,-0.6521327495574951,1.0,0.38871258422309724,0.002433166894418473,0.75,10.506600379943848,24.0,0.04339184612035751,0.042884036898612976,0.03684164956212044,100000
550,-0.5560891628265381,0.5560891628265381,1.0,4.768320083618164,50.552032470703125,-0.7386062145233154,1.0,0.3879138238024285,0.0024238316367864183,0.75,13.887723922729492,24.0,0.0412326417863369,0.040938686579465866,0.04187425225973129,100000
551,-0.45968854427337646,0.45968854427337646,1.0,4.879627227783203,38.739173889160156,-0.5858035087585449,1.0,0.3871167047441327,0.002414532195454206,0.75,12.128625869750977,24.0,-0.1653745025396347,-0.1656726747751236,0.048512447625398636,100000
552,-0.5215167999267578,0.5215167999267578,1.0,5.119908332824707,767.1295776367188,-0.7905987501144409,1.0,0.3863212236753957,0.0024052684330065246,0.75,13.33808708190918,24.0,-0.3960813283920288,-0.39699792861938477,0.039939094334840775,100000
553,-0.5023711919784546,0.5023711919784546,1.0,4.8432230949401855,250.7583770751953,-0.6544505953788757,1.0,0.38552737723033403,0.0023960402125552797,0.75,12.727691650390625,24.0,-0.17370089888572693,-0.17423973977565765,0.03309959918260574,100000
554,-0.518261194229126,0.518261194229126,1.0,4.656758785247803,147.14657592773438,-0.6045494079589844,1.0,0.3847351620499809,0.0023868473977375717,0.75,11.610569953918457,24.0,0.11627979576587677,0.11603812873363495,0.028989572077989578,100000
555,-0.43090951442718506,0.43090951442718506,1.0,5.112919807434082,34.333595275878906,-0.5976935625076294,0.9774169921875,0.3839445747822718,0.00237768985271368,0.75,13.665834426879883,24.0,-0.29575955867767334,-0.2964613139629364,0.032447002828121185,100000
556,-0.44837436079978943,0.44837436079978943,1.0,4.851223945617676,42.12550354003906,-0.647026538848877,1.0,0.38315561208203014,0.0023685674421650565,0.75,13.394615173339844,24.0,-0.15291661024093628,-0.15403807163238525,0.026893243193626404,100000
557,-0.59796142578125,0.59796142578125,1.0,5.025877952575684,79.40786743164062,-0.81868976354599,1.0,0.3823682706109534,0.0023594800312923257,0.75,12.394538879394531,24.0,-0.24139957129955292,-0.24224664270877838,0.031551606953144073,100000
558,-0.4629993438720703,0.4629993438720703,1.0,4.885862827301025,842.337646484375,-0.5872877836227417,1.0,0.38158254703759903,0.002350427485813292,0.75,11.107952117919922,24.0,-0.07338283210992813,-0.07411974668502808,0.024907320737838745,100000
559,-0.564689040184021,0.564689040184021,1.0,5.159083366394043,6823.4755859375,-0.7136857509613037,1.0,0.38079843803736996,0.0023414096719609565,0.75,14.35123348236084,24.0,-0.04556488245725632,-0.04610323905944824,0.022463805973529816,100000
560,-0.46627503633499146,0.46627503633499146,1.0,5.023305892944336,37.79935836791992,-0.5359383821487427,1.0,0.38001594029250113,0.0023324264564815417,0.75,12.775899887084961,24.0,-0.11612564325332642,-0.11633714288473129,0.026338424533605576,100000
561,-0.4530746340751648,0.4530746340751648,1.0,5.272213459014893,34.800865173339844,-0.5419898629188538,1.0,0.3792350504920447,0.002323477706632518,0.75,14.077460289001465,24.0,-0.2671191692352295,-0.26811251044273376,0.02338217757642269,100000
562,-0.5409846305847168,0.5409846305847168,1.0,5.050039768218994,174.16441345214844,-0.7725195288658142,1.0,0.3784557653318568,0.002314563290180648,0.75,14.350353240966797,24.0,-0.02134896256029606,-0.021896110847592354,0.028551995754241943,100000
563,-0.5048121213912964,0.5048121213912964,1.0,5.108705520629883,41.99427795410156,-0.6192154288291931,0.9998779296875,0.377678081514583,0.002305683075400027,0.75,13.35676383972168,24.0,0.0022730939090251923,0.0018286562990397215,0.02732013165950775,100000
564,-0.4144526720046997,0.4144526720046997,1.0,4.9825029373168945,29.706344604492188,-0.7065972089767456,1.0,0.3769019957496446,0.0022968369310701407,0.75,11.615907669067383,24.0,0.1530316025018692,0.15191306173801422,0.0293453149497509,100000
565,-0.4515652358531952,0.4515652358531952,1.0,5.17054557800293,41.98453903198242,-0.5793828964233398,1.0,0.3761275047532247,0.0022880247264739236,0.75,15.027727127075195,24.0,0.12370304018259048,0.12293070554733276,0.032115235924720764,100000
566,-0.4222760796546936,0.4222760796546936,1.0,5.009905815124512,32.757869720458984,-0.538886547088623,1.0,0.3753546052482544,0.002279246331395829,0.75,11.879522323608398,24.0,-0.36822670698165894,-0.36886268854141235,0.02450350485742092,100000
567,-0.4294688105583191,0.4294688105583191,1.0,4.851162910461426,30.385042190551758,-0.6745516061782837,1.0,0.37458329396439854,0.0022705016161199045,0.75,13.605001449584961,24.0,0.045442547649145126,0.044936083257198334,0.024206290021538734,100000
568,-0.4998003840446472,0.4998003840446472,1.0,5.17423152923584,41.33329772949219,-0.7015554904937744,1.0,0.3738135676380423,0.002261790451427874,0.75,11.9725341796875,24.0,-0.10284769535064697,-0.1036357581615448,0.020234856754541397,100000
569,-0.5066149234771729,0.5066149234771729,1.0,5.217246055603027,61.936912536621094,-0.5843384265899658,1.0,0.37304542301227717,0.0022531127085972298,0.75,13.806955337524414,24.0,0.054947517812252045,0.05441665276885033,0.023763667792081833,100000
570,-0.6203919053077698,0.6203919053077698,1.0,5.192709445953369,811.0894775390625,-0.8305166959762573,1.0,0.3722788568368873,0.00224446825939933,0.75,14.83023452758789,24.0,0.12792715430259705,0.1274014413356781,0.03049759566783905,100000
571,-0.48196113109588623,0.48196113109588623,1.0,4.84870719909668,71.10153198242188,-0.891610860824585,0.9990234375,0.3715138658683354,0.002235856976097504,0.75,11.30964469909668,24.0,0.035745903849601746,0.03542895242571831,0.026552457362413406,100000
572,-0.5125385522842407,0.5125385522842407,1.0,4.909819602966309,221.72686767578125,-0.6980893611907959,1.0,0.3707504468697497,0.0022272787314451636,0.75,11.957597732543945,24.0,0.14947615563869476,0.14891137182712555,0.028352787718176842,100000
573,-0.4746394455432892,0.4746394455432892,1.0,4.902283668518066,37.128929138183594,-0.7230172157287598,1.0,0.3699885966109095,0.0022187333986839245,0.75,11.673234939575195,24.0,-0.17920830845832825,-0.17969456315040588,0.022140253335237503,100000
574,-0.5759130120277405,0.5759130120277405,1.0,5.010409355163574,536.1172485351562,-0.8664613366127014,1.0,0.36922831186823196,0.0022102208515417322,0.75,10.079726219177246,24.0,-0.007827925495803356,-0.007936378940939903,0.0325644314289093,100000
575,-0.5136285424232483,0.5136285424232483,1.0,5.0988264083862305,50.87989807128906,-0.7248038649559021,1.0,0.3684695894247584,0.0022017409642309965,0.75,10.932010650634766,24.0,0.030833283439278603,0.03041963465511799,0.031252700835466385,100000
576,-0.46736153960227966,0.46736153960227966,1.0,5.069418430328369,109.5427474975586,-0.5963799357414246,1.0,0.3677124260701404,0.002193293611446732,0.75,10.716757774353027,24.0,-0.26288995146751404,-0.2634386718273163,0.03705383464694023,100000
577,-0.5150066614151001,0.5150066614151001,1.0,5.123408317565918,63.80943298339844,-0.870168924331665,1.0,0.3669568186006268,0.0021848786683647085,0.75,12.404032707214355,24.0,0.17662295699119568,0.17546705901622772,0.037421923130750656,100000
578,-0.584568440914154,0.584568440914154,1.0,5.063540935516357,68.9590835571289,-0.7364498376846313,1.0,0.3662027638190494,0.002176496010639604,0.75,13.175725936889648,24.0,-0.31975609064102173,-0.32026803493499756,0.03408528119325638,100000
579,-0.5056911706924438,0.5056911706924438,1.0,5.331265449523926,47.417747497558594,-0.6729480028152466,1.0,0.3654502585348103,0.002168145514403169,0.75,12.356781959533691,24.0,-0.03728483244776726,-0.037702154368162155,0.026513833552598953,100000
580,-0.4364902675151825,0.4364902675151825,1.0,4.816281318664551,50.16333770751953,-0.6170838475227356,1.0,0.3646992995638672,0.002159827056262395,0.75,13.84693717956543,24.0,-0.12346437573432922,-0.12364528328180313,0.030937882140278816,100000
581,-0.5760478377342224,0.5760478377342224,1.0,5.1833014488220215,266.602783203125,-0.7180368900299072,1.0,0.36394988372872145,0.002151540513297692,0.75,13.130309104919434,24.0,0.11205017566680908,0.11124074459075928,0.028953315690159798,100000
582,-0.5260165929794312,0.5260165929794312,1.0,5.071588039398193,164.95431518554688,-0.5971444845199585,1.0,0.36320200785840323,0.0021432857630610718,0.75,15.139226913452148,24.0,0.15230721235275269,0.15181349217891693,0.027166523039340973,100000
583,-0.6361100077629089,0.6361100077629089,1.0,5.355364799499512,10780.046875,-0.6640301942825317,1.0,0.362455668788459,0.002135062683574339,0.75,15.813063621520996,24.0,-0.09746357053518295,-0.09811165183782578,0.019665472209453583,100000
584,-0.4834252595901489,0.4834252595901489,1.0,5.143126010894775,2859.550537109375,-0.5754117965698242,1.0,0.36171086336093755,0.002126871153327288,0.75,12.275492668151855,24.0,-0.33313605189323425,-0.3339400589466095,0.02299751527607441,100000
585,-0.3961622714996338,0.3961622714996338,1.0,4.8364105224609375,30.711610794067383,-0.4892910420894623,1.0,0.36096758842437715,0.0021187110512759072,0.75,13.530525207519531,24.0,-0.062280673533678055,-0.06257045269012451,0.02424401044845581,100000
586,-0.6002340316772461,0.6002340316772461,1.0,5.113883972167969,71.05648803710938,-0.7034597396850586,0.999755859375,0.3602258408337919,0.0021105822568405924,0.75,11.082157135009766,24.0,-0.11325009912252426,-0.11356855183839798,0.02524290233850479,100000
587,-0.49400970339775085,0.49400970339775085,1.0,5.21909761428833,58.51514434814453,-0.8599059581756592,1.0,0.35948561745065855,0.002102484649904361,0.75,12.981864929199219,24.0,0.4455742835998535,0.44484224915504456,0.027303308248519897,100000
588,-0.5904181003570557,0.5904181003570557,1.0,5.1484174728393555,68.80667877197266,-0.6428360342979431,1.0,0.35874691514290286,0.0020944181108110828,0.75,15.687623977661133,24.0,-0.16848915815353394,-0.1690242439508438,0.02733147144317627,100000
589,-0.5322200059890747,0.5322200059890747,1.0,4.877817153930664,380.21435546875,-0.7636003494262695,0.9996337890625,0.3580097307848871,0.002086382520363706,0.75,12.556615829467773,24.0,-0.2686222791671753,-0.2691701650619507,0.023756034672260284,100000
590,-0.47115033864974976,0.47115033864974976,1.0,5.044628143310547,37.23426055908203,-0.8040695190429688,1.0,0.35727406125739597,0.0020783777598224994,0.75,14.260265350341797,24.0,0.19577671587467194,0.19519539177417755,0.028566060587763786,100000
591,-0.6177859902381897,0.6177859902381897,1.0,4.950430393218994,3096.32275390625,-0.7560492753982544,1.0,0.35653990344762415,0.0020704037109032973,0.75,14.741151809692383,24.0,-0.10480767488479614,-0.10517173260450363,0.023562194779515266,100000
592,-0.5571764707565308,0.5571764707565308,1.0,4.9140167236328125,88.90846252441406,-0.6804060935974121,1.0,0.35580725424916243,0.0020624602557757507,0.75,14.679317474365234,24.0,0.018866851925849915,0.018717514351010323,0.027508314698934555,100000
593,-0.5624523162841797,0.5624523162841797,1.0,5.071260452270508,103.49540710449219,-0.6132792830467224,1.0,0.35507611056198524,0.0020545472770615875,0.75,14.169920921325684,24.0,0.1381230354309082,0.13730451464653015,0.031839922070503235,100000
594,-3.622008800506592,0.6781794428825378,0.96875,6.178959846496582,28450.24609375,-0.7057404518127441,0.97265625,0.354346469292437,0.0020466646578328764,0.75,12.321395874023438,24.0,0.043056927621364594,0.042500585317611694,0.02545745298266411,100000
595,-0.5379781723022461,0.5379781723022461,1.0,5.081957817077637,44.90117263793945,-0.8501922488212585,1.0,0.35361832735321935,0.0020388122816103003,0.75,13.329252243041992,24.0,0.02453777566552162,0.023995351046323776,0.028031541034579277,100000
596,-0.6310982704162598,0.6310982704162598,1.0,5.20700216293335,401.3059997558594,-0.7330713272094727,1.0,0.3528916816633779,0.0020309900323614346,0.75,14.79198169708252,24.0,0.016513502225279808,0.016022492200136185,0.02330155484378338,100000
597,-0.4560040235519409,0.4560040235519409,1.0,4.766892433166504,42.739288330078125,-0.4965353310108185,1.0,0.3521665291482894,0.0020231977944990334,0.75,13.357704162597656,24.0,-0.15806442499160767,-0.15849484503269196,0.022984648123383522,100000
598,-0.49909085035324097,0.49909085035324097,1.0,4.985288619995117,39.254371643066406,-0.5695262551307678,1.0,0.35144286673964836,0.00201543545287932,0.75,13.669886589050293,24.0,-0.4552645683288574,-0.4560157060623169,0.025078468024730682,100000
599,-0.3798278272151947,0.3798278272151947,1.0,5.015351295471191,27.22177505493164,-0.5653491020202637,1.0,0.3507206913754547,0.002007702892800287,0.75,11.451150894165039,24.0,0.03992781415581703,0.03917638957500458,0.025756122544407845,100000
600,-0.5173327922821045,0.5173327922821045,1.0,4.88794469833374,48.365047454833984,-0.7253707647323608,1.0,0.35000000000000003,0.002,0.75,10.771340370178223,24.0,0.0977092981338501,0.09721730649471283,0.021569043397903442,100000
