seed,state_id,method,reward,cost,feasible,latency_s,ppl_hat,damage,total_energy_j,max_mem_ratio,max_energy_ratio,runtime_s,feasible_candidates
91,0,autoreg_rl_pure,-0.9103088007810715,0.9103088007810715,1,4.28156532369036,87.48283297932987,0.009495675269205844,978.4445103134176,0.9325863888292518,0.10306247505282118,0.5358440999407321,1024
91,0,random,-100.0,23.16264602345351,0,141.11837006709484,4.416017746477827e+21,0.22794754094731073,31905.260903458857,0.8934176166593382,3.3550612208244956,0.03709149989299476,-1
91,0,latency_greedy,-3.143711542841252,3.143711542841252,1,5.268277252395968,21610.74751556883,0.035819423996246325,1201.4338414870276,0.9374753799717831,0.1260256636218347,0.00010910001583397388,-1
91,0,block_balanced,-6.26809339276835,6.26809339276835,1,11.604556382939702,33154192.26559339,0.07145799068485736,2633.7879985275026,0.5945876143484208,0.2767103437115204,0.00012860004790127277,-1
91,0,pdp_aware_greedy,-1.1396850619587366,1.1396850619587366,1,4.4814042481577605,152.9170034662099,0.01219404175216832,1023.6436062862373,0.9486375176180832,0.10818196361502745,0.004086700035259128,-1
91,0,local_search,-1.1396850619587366,1.1396850619587366,1,4.4814042481577605,152.9170034662099,0.01219404175216832,1023.6436062862373,0.9486375176180832,0.10818196361502745,0.025056800106540322,-1
91,0,beam_search,-0.9103088007810715,0.9103088007810715,1,4.28156532369036,87.48283297932987,0.009495675269205844,978.4445103134176,0.9325863888292518,0.10306247505282118,0.45248909993097186,-1
91,0,simulated_annealing,-1.1396850619587366,1.1396850619587366,1,4.4814042481577605,152.9170034662099,0.01219404175216832,1023.6436062862373,0.9486375176180832,0.10818196361502745,0.011800099862739444,-1
91,0,block_beam_strong,-0.9103088007810715,0.9103088007810715,1,4.28156532369036,87.48283297932987,0.009495675269205844,978.4445103134176,0.9325863888292518,0.10306247505282118,2.7206780000124127,-1
91,0,block_lns_strong,-0.9103088007810715,0.9103088007810715,1,4.28156532369036,87.48283297932987,0.009495675269205844,978.4445103134176,0.9325863888292518,0.10306247505282118,0.10121620004065335,-1
91,0,hybrid_heuristic,-0.9103088007810715,0.9103088007810715,1,4.28156532369036,87.48283297932987,0.009495675269205844,978.4445103134176,0.9325863888292518,0.10306247505282118,0.025385299930348992,-1
91,1,autoreg_rl_pure,-0.2461838241145461,0.2461838241145461,1,5.565790641624648,15.101789384451234,0.000992565733108319,1603.6181978122129,0.9992801923022724,0.13265294139677988,0.38910800009034574,1024
91,1,random,-100.0,18.16781300281426,0,139.70313452517314,1.8537746405609524e+16,0.16917465085074837,39971.39262324857,0.7495529953991574,3.3428146562318206,0.03478679992258549,-1
91,1,latency_greedy,-0.7470081221246957,0.7470081221246957,1,6.494261663522909,49.266220195365555,0.006716856757415511,1868.894270856481,0.9944201717954918,0.1547817672881768,0.00010649999603629112,-1
91,1,block_balanced,-2.2210732117471896,2.2210732117471896,1,9.60142139926433,1555.2077256836403,0.023342891384398715,2757.9627965960785,0.6218404944389335,0.23025249219968935,0.0001129999291151762,-1
91,1,pdp_aware_greedy,-1.2354328398326002,1.2354328398326002,1,5.750714963110095,176.6316435670979,0.013093139121893202,1656.5132020898545,0.9944201717954918,0.13706035747840378,0.0038183999713510275,-1
91,1,local_search,-0.7417992782367392,0.7417992782367392,1,6.428068118490601,48.870848016215724,0.006690183740724767,1849.9773813749894,0.9351375414367434,0.15320413546272735,0.03697789995931089,-1
91,1,beam_search,-0.3238108900401703,0.3238108900401703,1,6.8592360630394955,16.641049383044805,0.0014231578138659037,1973.6359008480013,0.9302445421099648,0.16591919021978374,0.44691969989798963,-1
91,1,simulated_annealing,-0.7417992782367392,0.7417992782367392,1,6.428068118490601,48.870848016215724,0.006690183740724767,1849.9773813749894,0.9351375414367434,0.15320413546272735,0.011976700043305755,-1
91,1,block_beam_strong,-0.2461838241145461,0.2461838241145461,1,5.565790641624648,15.101789384451234,0.000992565733108319,1603.6181978122129,0.9992801923022724,0.13265294139677988,2.1247449999209493,-1
91,1,block_lns_strong,-0.2461838241145461,0.2461838241145461,1,5.565790641624648,15.101789384451234,0.000992565733108319,1603.6181978122129,0.9992801923022724,0.13265294139677988,0.11644320003688335,-1
91,1,hybrid_heuristic,-0.2461838241145461,0.2461838241145461,1,5.565790641624648,15.101789384451234,0.000992565733108319,1603.6181978122129,0.9992801923022724,0.13265294139677988,0.055842499947175384,-1
91,2,autoreg_rl_pure,-0.1274522492943207,0.1274522492943207,1,4.083684258370244,12.54274336949082,6.0675640922169786e-05,1163.2416389074215,0.9847341939311136,0.11112150113968651,0.3684145000297576,1022
91,2,random,-100.0,16.397363962027196,0,138.23921476904212,247456710187791.66,0.14893440099459127,39018.83755802731,0.7448574457860427,3.710228918332379,0.03278400003910065,-1
91,2,latency_greedy,-1.233836830998395,1.233836830998395,1,4.733030954395257,189.88198219620247,0.013277056621322543,1346.4709622655362,0.9847341939311136,0.12833965533432318,0.00012189988046884537,-1
91,2,block_balanced,-4.425346651130154,4.425346651130154,1,12.320361916559557,313679.63112328405,0.048811676464426475,3487.706831432769,0.548917726641448,0.33120632024444,0.00011330004781484604,-1
91,2,pdp_aware_greedy,-0.3167994144141974,0.3167994144141974,1,4.669493498459291,19.270482105623763,0.0021038212767678214,1328.8041095434091,0.9847341939311136,0.12626210930882545,0.004028300056234002,-1
91,2,local_search,-0.1717901168609623,0.1717901168609623,1,5.452839106799992,12.645486284680374,0.00010879231904692858,1549.8445593531183,0.9847341939311136,0.14721950387245378,0.03612079983577132,-1
91,2,beam_search,-0.16685683299569373,0.16685683299569373,1,5.102672444100251,12.822861417738157,0.00020691905108198143,1450.8499522673474,0.9075303336076939,0.1384530338660869,0.5148527000565082,-1
91,2,simulated_annealing,-0.1717901168609623,0.1717901168609623,1,5.452839106799992,12.645486284680374,0.00010879231904692858,1549.8445593531183,0.9847341939311136,0.14721950387245378,0.011564499931409955,-1
91,2,block_beam_strong,-0.1274522492943207,0.1274522492943207,1,4.083684258370244,12.54274336949082,6.0675640922169786e-05,1163.2416389074215,0.9847341939311136,0.11112150113968651,3.6712870001792908,-1
91,2,block_lns_strong,-0.1274522492943207,0.1274522492943207,1,4.083684258370244,12.54274336949082,6.0675640922169786e-05,1163.2416389074215,0.9847341939311136,0.11112150113968651,0.10088720009662211,-1
91,2,hybrid_heuristic,-0.1274522492943207,0.1274522492943207,1,4.083684258370244,12.54274336949082,6.0675640922169786e-05,1163.2416389074215,0.9847341939311136,0.11112150113968651,0.025619300082325935,-1
91,3,autoreg_rl_pure,-0.12120742714825401,0.12120742714825401,1,4.040247571608464,12.38873976910538,9.821135740385022e-19,1110.6962488999552,0.9885309785621477,0.09992602794634517,0.3265255999285728,1024
91,3,random,-100.0,6.871769581969156,0,97.96816581005473,230636.80883481132,0.04764892157734492,26676.217358003596,0.7153429211028168,2.3675568881001667,0.034721999894827604,-1
91,3,latency_greedy,-0.13017614562072044,0.13017614562072044,1,4.277657696252226,12.446058839885003,2.2580841494124945e-05,1175.3088605427317,0.9929171670472805,0.10567700438035864,0.00010399986058473587,-1
91,3,block_balanced,-3.1394236121382426,3.1394236121382426,1,11.528716234857718,13368.992201399531,0.03400581421080511,3149.2330610495183,0.5881972702506102,0.2793892431080641,0.00011040014214813709,-1
91,3,pdp_aware_greedy,-0.1297782041692843,0.1297782041692843,1,4.325940138976139,12.38873976910538,1.0719443844198096e-18,1188.577301449693,0.9929171670472805,0.10558837785198256,0.004007099894806743,-1
91,3,local_search,-0.12684812358473693,0.12684812358473693,1,4.228270786157894,12.38873976910538,1.215338435006901e-18,1161.983101508464,0.9018544812275036,0.10359811142973714,0.03530029999092221,-1
91,3,beam_search,-0.12120742714825401,0.12120742714825401,1,4.040247571608464,12.38873976910538,9.821135740385022e-19,1110.6962488999552,0.9885309785621477,0.09992602794634517,0.43387810001149774,-1
91,3,simulated_annealing,-0.12684812358473693,0.12684812358473693,1,4.228270786157894,12.38873976910538,1.215338435006901e-18,1161.983101508464,0.9018544812275036,0.10359811142973714,0.011578099802136421,-1
91,3,block_beam_strong,-0.12120742714825401,0.12120742714825401,1,4.040247571608464,12.38873976910538,9.821135740385022e-19,1110.6962488999552,0.9885309785621477,0.09992602794634517,3.2579693999141455,-1
91,3,block_lns_strong,-0.12120742714825401,0.12120742714825401,1,4.040247571608464,12.38873976910538,9.821135740385022e-19,1110.6962488999552,0.9885309785621477,0.09992602794634517,0.09877829998731613,-1
91,3,hybrid_heuristic,-0.12120742714825401,0.12120742714825401,1,4.040247571608464,12.38873976910538,9.821135740385022e-19,1110.6962488999552,0.9885309785621477,0.09992602794634517,0.025299000088125467,-1
91,4,autoreg_rl_pure,-0.14592649210207972,0.14592649210207972,1,4.728006969190362,12.515948167300479,5.57372694603813e-05,1184.9868163916583,0.9826584813377199,0.13566328520367743,0.6157584998290986,1024
91,4,random,-100.0,17.03497916672588,0,106.0247029411136,1.3648188172936584e+16,0.16560797673489813,26329.52664530494,0.7036224868778261,2.9889954185644263,0.03372250008396804,-1
91,4,latency_greedy,-1.6016179345550128,1.6016179345550128,1,4.853052330401437,471.94095788024896,0.01753748813113116,1215.6169776038957,0.9758179753369592,0.13896963963326783,0.00010429997928440571,-1
91,4,block_balanced,-3.885011933754549,3.885011933754549,1,9.96913954475301,96919.1442502365,0.043948195754563914,2485.880237682658,0.6157419422807198,0.2824847588769689,0.00011170003563165665,-1
91,4,pdp_aware_greedy,-0.37850873755868886,0.37850873755868886,1,5.687628740133047,20.831945821822348,0.0025149523327710156,1423.0715373243875,0.9758179753369592,0.16026194625839552,0.003692199941724539,-1
91,4,local_search,-0.37850873755868886,0.37850873755868886,1,5.687628740133047,20.831945821822348,0.0025149523327710156,1423.0715373243875,0.9758179753369592,0.16026194625839552,0.024581799982115626,-1
91,4,beam_search,-0.1724866270688975,0.1724866270688975,1,4.707100131670241,13.396212727249736,0.0004095319518248285,1179.730190498192,0.9826584813377199,0.13526468063176533,0.4574947999790311,-1
91,4,simulated_annealing,-0.37850873755868886,0.37850873755868886,1,5.687628740133047,20.831945821822348,0.0025149523327710156,1423.0715373243875,0.9758179753369592,0.16026194625839552,0.01245569996535778,-1
91,4,block_beam_strong,-0.1426744717133651,0.1426744717133651,1,4.655228383947547,12.482554473895899,5.5520508619314814e-05,1166.854195946187,0.9826584813377199,0.13361803258131322,2.3674087000545114,-1
91,4,block_lns_strong,-0.1426744717133651,0.1426744717133651,1,4.655228383947547,12.482554473895899,5.5520508619314814e-05,1166.854195946187,0.9826584813377199,0.13361803258131322,0.09331709984689951,-1
91,4,hybrid_heuristic,-0.1426744717133651,0.1426744717133651,1,4.655228383947547,12.482554473895899,5.5520508619314814e-05,1166.854195946187,0.9826584813377199,0.13361803258131322,0.02618409995920956,-1
91,5,autoreg_rl_pure,-0.2489881213084986,0.2489881213084986,1,4.617373731603361,16.329205456001752,0.0013236669722703214,1275.958528380798,0.9546451502334068,0.11554925999954722,0.5714779000263661,1024
91,5,random,-100.0,24.606257265804828,0,179.84014915610547,8.936401593572884e+21,0.2305681519526721,49274.12513039677,0.7852247452285983,4.462730468314163,0.03447229997254908,-1
91,5,latency_greedy,-3.165157353673392,3.165157353673392,1,8.382550433178169,18051.60859473703,0.03522250759910382,2307.1993328672493,0.9839235982278974,0.2096696571098241,0.00010780012235045433,-1
91,5,block_balanced,-5.353180200692992,5.353180200692992,1,13.35767877644138,2951761.2097260524,0.05984677157177831,3670.202228628271,0.5913112256135983,0.332487149228156,0.00011269981041550636,-1
91,5,pdp_aware_greedy,-0.5633248019006318,0.5633248019006318,1,4.5214142012107015,36.08920956270226,0.005133670349094848,1249.5694249302321,0.9839235982278974,0.1133378174221333,0.003950899932533503,-1
91,5,local_search,-0.5633248019006318,0.5633248019006318,1,4.5214142012107015,36.08920956270226,0.005133670349094848,1249.5694249302321,0.9839235982278974,0.1133378174221333,0.02430579997599125,-1
91,5,beam_search,-0.24593674559346618,0.24593674559346618,1,4.713343833107457,16.08889131513003,0.0012680825620485902,1302.2502013148655,0.9405436062730147,0.11792294515906691,0.44381430000066757,-1
91,5,simulated_annealing,-0.5633248019006318,0.5633248019006318,1,4.5214142012107015,36.08920956270226,0.005133670349094848,1249.5694249302321,0.9839235982278974,0.1133378174221333,0.012480400037020445,-1
91,5,block_beam_strong,-0.24593674559346618,0.24593674559346618,1,4.713343833107457,16.08889131513003,0.0012680825620485902,1302.2502013148655,0.9405436062730147,0.11792294515906691,2.7679518999066204,-1
91,5,block_lns_strong,-0.24593674559346618,0.24593674559346618,1,4.713343833107457,16.08889131513003,0.0012680825620485902,1302.2502013148655,0.9405436062730147,0.11792294515906691,0.08675340004265308,-1
91,5,hybrid_heuristic,-0.24593674559346618,0.24593674559346618,1,4.713343833107457,16.08889131513003,0.0012680825620485902,1302.2502013148655,0.9405436062730147,0.11792294515906691,0.026650300016626716,-1
91,6,autoreg_rl_pure,-0.18999140064089493,0.18999140064089493,1,4.46924201559732,14.247384234154115,0.0006554700477042757,1347.131644477047,0.9843817564521237,0.15524255054068825,0.33819439983926713,1024
91,6,random,-100.0,29.280242156726505,0,176.00807189088349,1.4148032366821793e+27,0.30876550449848583,52626.349185848114,0.8768766342789649,6.135838933852051,0.03392999991774559,-1
91,6,latency_greedy,-1.5762353837465217,1.5762353837465217,1,4.895050434050042,441.5307443425993,0.016796120924814483,1474.323627778698,0.9937081813946552,0.17003333266696394,0.00010770000517368317,-1
91,6,block_balanced,-4.062276836134247,4.062276836134247,1,9.689514302436159,154163.1127502468,0.04509876520187735,2907.6378481509832,0.5227142140119395,0.33884995666357137,0.00011230004020035267,-1
91,6,pdp_aware_greedy,-0.825829206334584,0.825829206334584,1,4.685770077389505,68.7123009925709,0.008193612534953883,1411.7917539451394,0.9937081813946552,0.16390573157185892,0.00428879982791841,-1
91,6,local_search,-0.8237531283154598,0.8237531283154598,1,4.7541838249824,68.00675311990868,0.008193685741008844,1432.24571139573,0.9937081813946552,0.16651500473502603,0.036826200084760785,-1
91,6,beam_search,-0.17731650502206284,0.17731650502206284,1,4.428667668069565,13.845069332390311,0.0005463001989524081,1334.9786433242302,0.8821938421337775,0.1538331694477086,0.47417249996215105,-1
91,6,simulated_annealing,-0.8237531283154598,0.8237531283154598,1,4.7541838249824,68.00675311990868,0.008193685741008844,1432.24571139573,0.9937081813946552,0.16651500473502603,0.011519999941810966,-1
91,6,block_beam_strong,-0.17731650502206284,0.17731650502206284,1,4.428667668069565,13.845069332390311,0.0005463001989524081,1334.9786433242302,0.8821938421337775,0.1538331694477086,6.051952900132164,-1
91,6,block_lns_strong,-0.17731650502206284,0.17731650502206284,1,4.428667668069565,13.845069332390311,0.0005463001989524081,1334.9786433242302,0.8821938421337775,0.1538331694477086,0.11411729990504682,-1
91,6,hybrid_heuristic,-0.17731650502206284,0.17731650502206284,1,4.428667668069565,13.845069332390311,0.0005463001989524081,1334.9786433242302,0.8821938421337775,0.1538331694477086,0.025681399973109365,-1
91,7,autoreg_rl_pure,-0.1469773168198475,0.1469773168198475,1,4.7519979589229315,12.52631237658452,8.388568332915499e-05,1301.5763831146323,0.9696428782270597,0.12586374992036267,2.632531200069934,1008
91,7,random,-100.0,22.304088319612163,0,158.8724172731082,1.3632555426577626e+20,0.21208391193284398,43149.41765194705,0.7282170283873669,4.217589506360653,0.03440180001780391,-1
91,7,latency_greedy,-4.489806162635412,4.489806162635412,1,12.298760037585744,369127.12677165336,0.04974304360958149,3350.4307515383075,0.9999083353276749,0.3298373815333006,0.0001058999914675951,-1
91,7,block_balanced,-4.282613503285094,4.282613503285094,1,15.144508420234182,177634.54550653073,0.04653924666098303,4123.632242110659,0.5585455432404747,0.40277263787527257,0.00011080014519393444,-1
91,7,pdp_aware_greedy,-0.15618644683824068,0.15618644683824068,1,5.059650359928123,12.525672235379519,8.423569442325239e-05,1385.255890526692,0.9757527505915946,0.1340123823897447,0.004764899844303727,-1
91,7,local_search,-0.15388657977407738,0.15388657977407738,1,4.987468438584495,12.521464021477255,8.32472565943851e-05,1365.6392891470687,0.9356330169823213,0.13210053659871138,0.03573939995840192,-1
91,7,beam_search,-0.1469773168198475,0.1469773168198475,1,4.7519979589229315,12.52631237658452,8.388568332915499e-05,1301.5763831146323,0.9696428782270597,0.12586374992036267,0.4873393999878317,-1
91,7,simulated_annealing,-0.15388657977407738,0.15388657977407738,1,4.987468438584495,12.521464021477255,8.32472565943851e-05,1365.6392891470687,0.9356330169823213,0.13210053659871138,0.010490900138393044,-1
91,7,block_beam_strong,-0.1469773168198475,0.1469773168198475,1,4.7519979589229315,12.52631237658452,8.388568332915499e-05,1301.5763831146323,0.9696428782270597,0.12586374992036267,5.2478108000941575,-1
91,7,block_lns_strong,-0.1469773168198475,0.1469773168198475,1,4.7519979589229315,12.52631237658452,8.388568332915499e-05,1301.5763831146323,0.9696428782270597,0.12586374992036267,0.09976420016027987,-1
91,7,hybrid_heuristic,-0.1469773168198475,0.1469773168198475,1,4.7519979589229315,12.52631237658452,8.388568332915499e-05,1301.5763831146323,0.9696428782270597,0.12586374992036267,0.025839600013568997,-1
91,8,autoreg_rl_pure,-0.17514445976291498,0.17514445976291498,1,3.737236906926822,14.5030120915437,0.000780383038600126,1066.3743809302778,0.9940200944213922,0.09049250439109541,0.5490062001626939,1018
91,8,random,-100.0,18.607707516320342,0,127.58359273562557,1.3817360719141056e+17,0.17749717260656578,36046.592718947126,0.7814915993066341,3.037322602915971,0.03401360008865595,-1
91,8,latency_greedy,-0.8334733018500748,0.8334733018500748,1,5.077985520213354,68.00779408645019,0.008000943516377267,1444.9782558084464,0.9940200944213922,0.12097135574723775,0.00010489998385310173,-1
91,8,block_balanced,-1.2276923178556793,1.2276923178556793,1,7.343139822776021,153.743139545384,0.01208719499818221,2084.981617274184,0.6678148183433112,0.1758192064616331,0.00011710007674992085,-1
91,8,pdp_aware_greedy,-0.7987860115766019,0.7987860115766019,1,4.057520385803279,67.3187618350665,0.007955844007319393,1156.8370042518056,0.9940200944213922,0.09798688553770793,0.004914599936455488,-1
91,8,local_search,-0.7987860115766019,0.7987860115766019,1,4.057520385803279,67.3187618350665,0.007955844007319393,1156.8370042518056,0.9940200944213922,0.09798688553770793,0.025426100008189678,-1
91,8,beam_search,-0.24005196919898833,0.24005196919898833,1,4.829954853418209,15.715874024379932,0.00119090435974447,1375.0562257428533,0.9940200944213922,0.1165242883690389,0.4266934001352638,-1
91,8,simulated_annealing,-0.7987860115766019,0.7987860115766019,1,4.057520385803279,67.3187618350665,0.007955844007319393,1156.8370042518056,0.9940200944213922,0.09798688553770793,0.012130399933084846,-1
91,8,block_beam_strong,-0.17514445976291498,0.17514445976291498,1,3.737236906926822,14.5030120915437,0.000780383038600126,1066.3743809302778,0.9940200944213922,0.09049250439109541,2.2119184001348913,-1
91,8,block_lns_strong,-0.17514445976291498,0.17514445976291498,1,3.737236906926822,14.5030120915437,0.000780383038600126,1066.3743809302778,0.9940200944213922,0.09049250439109541,0.095210500061512,-1
91,8,hybrid_heuristic,-0.17514445976291498,0.17514445976291498,1,3.737236906926822,14.5030120915437,0.000780383038600126,1066.3743809302778,0.9940200944213922,0.09049250439109541,0.02496930002234876,-1
91,9,autoreg_rl_pure,-0.13762582991717406,0.13762582991717406,1,4.513516415741936,12.457698939839931,3.03995911934377e-05,1304.288685820774,0.9462193367980316,0.1367670970395236,0.3475673000793904,1024
91,9,random,-100.0,12.671069917076789,0,134.1923682876078,30167624445.007854,0.1038201237331442,38456.44990282632,0.8543550963291143,4.003668247391435,0.033880700124427676,-1
91,9,latency_greedy,-1.9105293731627067,1.9105293731627067,1,8.089399436635098,801.4370687120229,0.0202316211504331,2328.24506474011,0.9703943280806571,0.24090193960673079,0.00010540010407567024,-1
91,9,block_balanced,-2.6294211574894706,2.6294211574894706,1,10.532780711465422,4025.4110838894812,0.027699837323663542,3028.6536606655477,0.5813621621624567,0.31505800289454866,0.00011120014823973179,-1
91,9,pdp_aware_greedy,-0.34369040202783996,0.34369040202783996,1,3.9041790684096216,21.82815285180264,0.0027484213814431046,1129.2712651351708,0.9703943280806571,0.11849030697707941,0.00383859989233315,-1
91,9,local_search,-0.34369040202783996,0.34369040202783996,1,3.9041790684096216,21.82815285180264,0.0027484213814431046,1129.2712651351708,0.9703943280806571,0.11849030697707941,0.024868200067430735,-1
91,9,beam_search,-0.14188198500517246,0.14188198500517246,1,4.7075675280294895,12.409041682339005,9.0569626176777e-06,1359.5039606861124,0.9624511406312329,0.1426442288130425,0.41904750000685453,-1
91,9,simulated_annealing,-0.34369040202783996,0.34369040202783996,1,3.9041790684096216,21.82815285180264,0.0027484213814431046,1129.2712651351708,0.9703943280806571,0.11849030697707941,0.010913100093603134,-1
91,9,block_beam_strong,-0.14200593361306205,0.14200593361306205,1,4.659519871334313,12.457698940715604,3.0399634500483856e-05,1346.1576827922825,0.9462193367980316,0.14092685859308576,3.118770800065249,-1
91,9,block_lns_strong,-0.13762582991717406,0.13762582991717406,1,4.513516415741936,12.457698939839931,3.03995911934377e-05,1304.288685820774,0.9462193367980316,0.1367670970395236,0.10032310010865331,-1
91,9,hybrid_heuristic,-0.13762582991717406,0.13762582991717406,1,4.513516415741936,12.457698939839931,3.03995911934377e-05,1304.288685820774,0.9462193367980316,0.1367670970395236,0.024134299950674176,-1
91,10,autoreg_rl_pure,-0.3188586504705417,0.3188586504705417,1,4.892943908074223,19.048032396928537,0.0020951244937907603,1198.8786585527744,0.9236743842777753,0.09029249662789628,1.0202498000580817,999
91,10,random,-100.0,17.33625144753797,0,152.56243681550671,883784026319989.9,0.15316280291035167,37053.40665350325,0.932653757864454,2.8249729840009916,0.03396570007316768,-1
91,10,latency_greedy,-3.1830390671078517,3.1830390671078517,1,8.4433398072371,18791.03473246628,0.034906220259361284,2060.8679421793327,0.9978327115710047,0.15602328653528702,0.00010549998842179775,-1
91,10,block_balanced,-100.0,7.111961323240219,0,57.488291624786186,8754421.221324021,0.06504124871791028,13969.394720676757,0.6114354144005426,1.0620246493451375,0.00028060004115104675,-1
91,10,pdp_aware_greedy,-0.38495231444085287,0.38495231444085287,1,3.9322693818910732,24.149134945076074,0.003226744980191203,965.6015728219236,0.9689803616444073,0.07323226074500419,0.004486800171434879,-1
91,10,local_search,-0.38495231444085287,0.38495231444085287,1,3.9322693818910732,24.149134945076074,0.003226744980191203,965.6015728219236,0.9689803616444073,0.07323226074500419,0.02625359990634024,-1
91,10,beam_search,-0.31721986568550375,0.31721986568550375,1,4.838317765594322,19.048032372611775,0.00209512449005851,1185.6137699147878,0.9236743842777753,0.0892844468978509,0.516194999916479,-1
91,10,simulated_annealing,-0.38495231444085287,0.38495231444085287,1,3.9322693818910732,24.149134945076074,0.003226744980191203,965.6015728219236,0.9689803616444073,0.07323226074500419,0.011340700089931488,-1
91,10,block_beam_strong,-0.31938870136468867,0.31938870136468867,1,4.910612275163869,19.048032391283538,0.002095124490583288,1203.1635481804055,0.9236743842777753,0.09061854184849032,3.83803079999052,-1
91,10,block_lns_strong,-0.31721986568550375,0.31721986568550375,1,4.838317765594322,19.048032372611775,0.00209512449005851,1185.6137699147878,0.9236743842777753,0.0892844468978509,0.127120700199157,-1
91,10,hybrid_heuristic,-0.31721986568550375,0.31721986568550375,1,4.838317765594322,19.048032372611775,0.00209512449005851,1185.6137699147878,0.9236743842777753,0.0892844468978509,0.024657800095155835,-1
91,11,autoreg_rl_pure,-0.20712135076145227,0.20712135076145227,1,4.514174410913304,14.820750698462069,0.0008294743813239637,1271.6896149000067,0.9855249080251969,0.154162104934447,0.3353126998990774,1024
91,11,random,-100.0,14.828598769906186,0,124.51279434078243,13719308363388.025,0.13485273581359558,34778.08470761573,0.8747575893760673,4.194308602711469,0.035501099890097976,-1
91,11,latency_greedy,-4.2999361079359915,4.2999361079359915,1,8.46042758144424,306231.36136767146,0.04843769471761108,2373.2416508492165,0.9908853593492992,0.2840138347039096,0.0001088001299649477,-1
91,11,block_balanced,-3.561240965329402,3.561240965329402,1,11.563775902076001,38277.104304776156,0.03848693935509452,3239.9746322530173,0.6623770566742335,0.3899317241773351,0.00011359993368387222,-1
91,11,pdp_aware_greedy,-0.2959034491542393,0.2959034491542393,1,5.369796022075377,17.353806864516343,0.0015766830392470634,1510.3187345797269,0.9908853593492992,0.18075412067310678,0.0035985999274998903,-1
91,11,local_search,-0.2959034491542393,0.2959034491542393,1,5.369796022075377,17.353806864516343,0.0015766830392470634,1510.3187345797269,0.9908853593492992,0.18075412067310678,0.024906500009819865,-1
91,11,beam_search,-0.23147048173395485,0.23147048173395485,1,5.768060416195252,14.337229992746712,0.0006840296024625346,1621.7942669404547,0.9485425495494144,0.19644568000253285,0.4902919000014663,-1
91,11,simulated_annealing,-0.2959034491542393,0.2959034491542393,1,5.369796022075377,17.353806864516343,0.0015766830392470634,1510.3187345797269,0.9908853593492992,0.18075412067310678,0.011075699934735894,-1
91,11,block_beam_strong,-0.20595275316348818,0.20595275316348818,1,5.388703303261012,13.839365615120478,0.0006007094726465053,1515.668167997436,0.9328301776575271,0.18246939880460666,2.0701052001677454,-1
91,11,block_lns_strong,-0.2031510029701296,0.2031510029701296,1,5.242726746843399,13.894053993000874,0.000571661247231685,1474.8835674065958,0.9328301776575271,0.17730482685166488,0.12100460007786751,-1
91,11,hybrid_heuristic,-0.2031510029701296,0.2031510029701296,1,5.242726746843399,13.894053993000874,0.000571661247231685,1474.8835674065958,0.9328301776575271,0.17730482685166488,0.025043000001460314,-1
91,12,autoreg_rl_pure,-0.19279406812618538,0.19279406812618538,1,5.0747083462575775,13.710610488207658,0.0005497332799547372,1521.5273274513668,0.945179754661835,0.148170994803702,0.33268170012161136,1024
91,12,random,-100.0,19.152587590788883,0,158.42640340562636,5.338342494826289e+16,0.1739103034747781,47155.84795705153,0.9490198444039807,4.5815826468274965,0.03517200006172061,-1
91,12,latency_greedy,-5.115323238638006,5.115323238638006,1,7.72496123117002,2484852.8020585,0.059990324408280886,2309.873089532384,0.966642423559322,0.22277359467691923,0.00010140007361769676,-1
91,12,block_balanced,-5.331425588483268,5.331425588483268,1,14.903175204424063,2489553.1830820325,0.05860188743750504,4446.2690961010485,0.5323752994210729,0.4314361285533729,0.00011159991845488548,-1
91,12,pdp_aware_greedy,-0.20402738599782297,0.20402738599782297,1,5.143217490370823,14.028838869403247,0.0005787416893402005,1542.0024261645826,0.9605710773671337,0.1515600716292654,0.004761200165376067,-1
91,12,local_search,-0.20402738599782297,0.20402738599782297,1,5.143217490370823,14.028838869403247,0.0005787416893402005,1542.0024261645826,0.9605710773671337,0.1515600716292654,0.025034000165760517,-1
91,12,beam_search,-0.2118317381866544,0.2118317381866544,1,5.567143632365999,13.857568562152206,0.0005815484915631997,1668.3003105200328,0.9489434304470757,0.16384008334620823,0.4788895999081433,-1
91,12,simulated_annealing,-0.20402738599782297,0.20402738599782297,1,5.143217490370823,14.028838869403247,0.0005787416893402005,1542.0024261645826,0.9605710773671337,0.1515600716292654,0.01165249990299344,-1
91,12,block_beam_strong,-0.19279406812618538,0.19279406812618538,1,5.0747083462575775,13.710610488207658,0.0005497332799547372,1521.5273274513668,0.945179754661835,0.148170994803702,5.366126900073141,-1
91,12,block_lns_strong,-0.19279406812618538,0.19279406812618538,1,5.0747083462575775,13.710610488207658,0.0005497332799547372,1521.5273274513668,0.945179754661835,0.148170994803702,0.10912199993617833,-1
91,12,hybrid_heuristic,-0.19279406812618538,0.19279406812618538,1,5.0747083462575775,13.710610488207658,0.0005497332799547372,1521.5273274513668,0.945179754661835,0.148170994803702,0.026272399816662073,-1
91,13,autoreg_rl_pure,-0.12476427458452494,0.12476427458452494,1,4.053709846362884,12.48677925387007,7.298974026987161e-05,1171.175467054299,0.9921528111692575,0.11795907643595248,0.3236840998288244,1024
91,13,random,-100.0,26.830614906932787,0,169.75739311478932,4.950450233875132e+24,0.26376678176298185,48598.459459166785,0.6620462590559076,4.865053971421795,0.03236120007932186,-1
91,13,latency_greedy,-1.703108760114865,1.703108760114865,1,4.6177082563347565,619.078299349061,0.01885510790433234,1332.6006262462029,0.9921528111692575,0.13386958147647585,0.00010380009189248085,-1
91,13,block_balanced,-2.9909854412667167,2.9909854412667167,1,9.667160708190842,10606.417558723177,0.03255779070769131,2778.1623686262456,0.5662742682342061,0.2784713208900676,0.00011209980584681034,-1
91,13,pdp_aware_greedy,-0.13844780129167225,0.13844780129167225,1,4.212495385799829,12.768361154420218,0.00012993344730657765,1216.7106775929608,0.9921528111692575,0.1234594651273571,0.0038694001268595457,-1
91,13,local_search,-0.13476081880654056,0.13476081880654056,1,4.1362327427678585,12.723778532295874,0.00013596981289615151,1194.8384253332144,0.9921528111692575,0.1207943653278557,0.035223100101575255,-1
91,13,beam_search,-0.12476427458452494,0.12476427458452494,1,4.053709846362884,12.48677925387007,7.298974026987161e-05,1171.175467054299,0.9921528111692575,0.11795907643595248,0.46660939999856055,-1
91,13,simulated_annealing,-0.12973929565748704,0.12973929565748704,1,4.166682754271443,12.53638240945103,6.926191747282449e-05,1203.5548131616943,0.8972751435690071,0.12167401948809672,0.01137010008096695,-1
91,13,block_beam_strong,-0.12476427458452494,0.12476427458452494,1,4.053709846362884,12.48677925387007,7.298974026987161e-05,1171.175467054299,0.9921528111692575,0.11795907643595248,3.9257325001526624,-1
91,13,block_lns_strong,-0.12476427458452494,0.12476427458452494,1,4.053709846362884,12.48677925387007,7.298974026987161e-05,1171.175467054299,0.9921528111692575,0.11795907643595248,0.10574829997494817,-1
91,13,hybrid_heuristic,-0.12476427458452494,0.12476427458452494,1,4.053709846362884,12.48677925387007,7.298974026987161e-05,1171.175467054299,0.9921528111692575,0.11795907643595248,0.0260839001275599,-1
91,14,autoreg_rl_pure,-0.13514335615618228,0.13514335615618228,1,4.065506369751379,12.803689730426582,0.00018536924242303874,957.4782830105836,0.9915563001263925,0.10426486608721451,0.32236670004203916,1024
91,14,random,-100.0,13.549978281568842,0,127.93733742260082,434053386627.5154,0.11699407662282992,29797.59288668484,0.8325917846456905,3.288462183426439,0.03327720006927848,-1
91,14,latency_greedy,-0.13967472733620923,0.13967472733620923,1,4.017560402623106,12.996209851407192,0.0002128426942443082,946.2774856798205,0.9925008172461467,0.10303523332135635,0.0001020999625325203,-1
91,14,block_balanced,-3.205499863964358,3.205499863964358,1,9.18070292369848,18807.009358525214,0.035151767286603686,2148.6245103765623,0.5819830698811328,0.23713008585310227,0.00011259992606937885,-1
91,14,pdp_aware_greedy,-1.0755902831085258,1.0755902831085258,1,4.541081390017367,129.69461614991818,0.011500696672195523,1068.2804156865623,0.9925008172461467,0.11646156713567209,0.004350099945440888,-1
91,14,local_search,-0.13967472733620923,0.13967472733620923,1,4.017560402623106,12.996209851407192,0.0002128426942443082,946.2774856798205,0.9925008172461467,0.10303523332135635,0.024166799848899245,-1
91,14,beam_search,-0.13843962898165094,0.13843962898165094,1,4.613180851985584,12.390108906487418,4.922555052927404e-07,1085.2887921820443,0.9964023240596568,0.12070864217534001,0.4456501000095159,-1
91,14,simulated_annealing,-0.13794100946033117,0.13794100946033117,1,4.142917198387116,12.818913668925887,0.00017790805778482129,975.4815759954146,0.9591012985383144,0.1062501611396237,0.011721899965777993,-1
91,14,block_beam_strong,-0.13794100946033117,0.13794100946033117,1,4.142917198387116,12.818913668925887,0.00017790805778482129,975.4815759954146,0.9591012985383144,0.1062501611396237,3.343078800011426,-1
91,14,block_lns_strong,-0.13794100946033117,0.13794100946033117,1,4.142917198387116,12.818913668925887,0.00017790805778482129,975.4815759954146,0.9591012985383144,0.1062501611396237,0.10108770010992885,-1
91,14,hybrid_heuristic,-0.13794100946033117,0.13794100946033117,1,4.142917198387116,12.818913668925887,0.00017790805778482129,975.4815759954146,0.9591012985383144,0.1062501611396237,0.024153999984264374,-1
91,15,autoreg_rl_pure,-0.22941087554123546,0.22941087554123546,1,4.398190444452937,15.806968426195855,0.0011657118008512688,1168.6916403280259,0.9385311538074619,0.09602896019427797,0.3232627999968827,1024
91,15,random,-100.0,21.248329325824262,0,154.51268372947806,1.3499171833203597e+19,0.20149715001346588,40679.00815869752,0.6053120857161336,3.30618799211522,0.032358899945393205,-1
91,15,latency_greedy,-1.3153643080430644,1.3153643080430644,1,4.119210354698671,243.7779988656403,0.014483794500891212,1094.8894598888307,0.9490086836919813,0.08784340232322732,0.00024010008201003075,-1
91,15,block_balanced,-2.5597089458856,2.5597089458856,1,9.123162361817304,3758.680201382343,0.027619767541901284,2412.1868758159544,0.5161098911036515,0.19600306648610674,0.00015909993089735508,-1
91,15,pdp_aware_greedy,-1.5527630302358015,1.5527630302358015,1,3.9966244663460304,445.389293918524,0.01705852445827634,1062.642532916741,0.947083917479781,0.0852292213073372,0.004640999948605895,-1
91,15,local_search,-1.2845658055385818,1.2845658055385818,1,4.054877035478366,226.80411447260286,0.014216041952036216,1077.961325663855,0.947083917479781,0.08647147490111554,0.035298499977216125,-1
91,15,beam_search,-1.1800802450357524,1.1800802450357524,1,3.9987105042826023,175.40284531753036,0.012620918935615783,1063.1918048405478,0.9437915136603037,0.08527370669505592,0.4434021001216024,-1
91,15,simulated_annealing,-1.2311395219521035,1.2311395219521035,1,5.294276443076013,180.83157054606235,0.012774987199299552,1404.174161465716,0.9437915136603037,0.1129020408168817,0.011449000099673867,-1
91,15,block_beam_strong,-0.21774795561849575,0.21774795561849575,1,4.575221024599021,15.150238722900161,0.0009721610942748315,1215.3131937840724,0.8615867601737293,0.0993884131662617,4.6288402997888625,-1
91,15,block_lns_strong,-0.21774795561849575,0.21774795561849575,1,4.575221024599021,15.150238722900161,0.0009721610942748315,1215.3131937840724,0.8615867601737293,0.0993884131662617,0.10510109993629158,-1
91,15,hybrid_heuristic,-0.21774795561849575,0.21774795561849575,1,4.575221024599021,15.150238722900161,0.0009721610942748315,1215.3131937840724,0.8615867601737293,0.0993884131662617,0.023590700002387166,-1
91,16,autoreg_rl_pure,-0.15385024132722563,0.15385024132722563,1,4.239038375587052,13.24321971804163,0.00032355831702311126,1190.6439594990002,0.9637825843980831,0.11487607124872014,0.33143120002932847,1024
91,16,random,-100.0,17.310252060007887,0,147.2144669955352,1236836249296289.2,0.1558872010514061,40978.54589756679,0.8698240726785839,3.9198871804909947,0.03287110012024641,-1
91,16,latency_greedy,-2.683120012377613,2.683120012377613,1,5.301147707291943,6815.821840983617,0.030479008223303166,1486.0165064250912,0.9637825843980831,0.14310724807841615,0.00010240008123219013,-1
91,16,block_balanced,-3.680649484399682,3.680649484399682,1,10.66023108057604,55209.72293455363,0.04113402633464075,2977.577404526968,0.5621362142737089,0.2841382295900859,0.00011290004476904869,-1
91,16,pdp_aware_greedy,-0.15385024132722563,0.15385024132722563,1,4.239038375587052,13.24321971804163,0.00032355831702311126,1190.6439594990002,0.9637825843980831,0.11487607124872014,0.0040333999786525965,-1
91,16,local_search,-0.15385024132722563,0.15385024132722563,1,4.239038375587052,13.24321971804163,0.00032355831702311126,1190.6439594990002,0.9637825843980831,0.11487607124872014,0.0246522999368608,-1
91,16,beam_search,-0.17456777935235418,0.17456777935235418,1,5.460286806175231,12.726493396892446,0.00014203108028032726,1530.625126919872,0.9959037992371598,0.1444344009771265,0.48331920010969043,-1
91,16,simulated_annealing,-0.15385024132722563,0.15385024132722563,1,4.239038375587052,13.24321971804163,0.00032355831702311126,1190.6439594990002,0.9637825843980831,0.11487607124872014,0.011336100054904819,-1
91,16,block_beam_strong,-0.15385024132722563,0.15385024132722563,1,4.239038375587052,13.24321971804163,0.00032355831702311126,1190.6439594990002,0.9637825843980831,0.11487607124872014,3.006834000116214,-1
91,16,block_lns_strong,-0.15385024132722563,0.15385024132722563,1,4.239038375587052,13.24321971804163,0.00032355831702311126,1190.6439594990002,0.9637825843980831,0.11487607124872014,0.09041630011051893,-1
91,16,hybrid_heuristic,-0.15385024132722563,0.15385024132722563,1,4.239038375587052,13.24321971804163,0.00032355831702311126,1190.6439594990002,0.9637825843980831,0.11487607124872014,0.0249525997787714,-1
91,17,autoreg_rl_pure,-0.11293842731626144,0.11293842731626144,1,3.5282743043922413,12.610294098912036,9.72263533593546e-05,995.7255592928427,0.9714935972541624,0.1170710836312819,0.3279699000995606,1024
91,17,random,-100.0,10.109678175502065,0,114.34557939748386,221307780.1240734,0.08073371057810456,31933.75796536027,0.7398228338664484,3.6950795544937347,0.032720900140702724,-1
91,17,latency_greedy,-0.5709858969914854,0.5709858969914854,1,3.770801478773228,38.917445031401776,0.005427025194761473,1063.390151274183,0.9653397487483113,0.12176365395254127,0.00010580010712146759,-1
91,17,block_balanced,-3.782761420807093,3.782761420807093,1,10.112403370905458,74255.06546708598,0.042471705984066105,2834.065171606089,0.537239618072834,0.32892134344810275,0.00011040014214813709,-1
91,17,pdp_aware_greedy,-0.5486313211012008,0.5486313211012008,1,3.668749063769873,37.08490820356862,0.005300499648359373,1034.9403474931107,0.9714935972541624,0.1216891143459465,0.0045189999509602785,-1
91,17,local_search,-0.5486313211012008,0.5486313211012008,1,3.668749063769873,37.08490820356862,0.005300499648359373,1034.9403474931107,0.9714935972541624,0.1216891143459465,0.023399800062179565,-1
91,17,beam_search,-0.5486313211012008,0.5486313211012008,1,3.668749063769873,37.08490820356862,0.005300499648359373,1034.9403474931107,0.9714935972541624,0.1216891143459465,0.44961589993909,-1
91,17,simulated_annealing,-0.5486313211012008,0.5486313211012008,1,3.668749063769873,37.08490820356862,0.005300499648359373,1034.9403474931107,0.9714935972541624,0.1216891143459465,0.012606000062078238,-1
91,17,block_beam_strong,-0.11202578406714095,0.11202578406714095,1,3.497852861059852,12.610294100515157,9.722635355845689e-05,987.2198553879768,0.922524220289034,0.11566675995381694,5.28864790010266,-1
91,17,block_lns_strong,-0.11202578406714095,0.11202578406714095,1,3.497852861059852,12.610294100515157,9.722635355845689e-05,987.2198553879768,0.922524220289034,0.11566675995381694,0.1152913998812437,-1
91,17,hybrid_heuristic,-0.11202578406714095,0.11202578406714095,1,3.497852861059852,12.610294100515157,9.722635355845689e-05,987.2198553879768,0.922524220289034,0.11566675995381694,0.025145200081169605,-1
91,18,autoreg_rl_pure,-0.13939186128759218,0.13939186128759218,1,4.643515119657127,12.39141626438987,1.187242260216989e-06,1048.2212416860266,0.9742797987775202,0.08851761564516168,0.8519987999461591,1015
91,18,random,-100.0,11.317925529797854,0,102.26607243382546,11227661743.953115,0.10020662984574892,22849.2217381627,0.8560544482940164,1.9132695643113675,0.033849400002509356,-1
91,18,latency_greedy,-7.749321686669412,7.749321686669412,1,16.590281006187375,925478184.5087473,0.08792486703185266,3715.7368385694162,0.9984040958503342,0.3120914224169893,0.0005391999147832394,-1
91,18,block_balanced,-7.1264690705184,7.1264690705184,1,13.979023376528446,237228388.58152643,0.08133829659259137,3132.9484346800364,0.637775191966019,0.2622485784245446,0.0001371998805552721,-1
91,18,pdp_aware_greedy,-0.2470431673854392,0.2470431673854392,1,4.744341864581352,16.09599133423347,0.0012480727112512936,1070.7375706089674,0.9695413682173272,0.09044280917331479,0.004165099933743477,-1
91,18,local_search,-0.2470431673854392,0.2470431673854392,1,4.744341864581352,16.09599133423347,0.0012480727112512936,1070.7375706089674,0.9695413682173272,0.09044280917331479,0.024609799962490797,-1
91,18,beam_search,-0.13939186128759218,0.13939186128759218,1,4.643515119657127,12.39141626438987,1.187242260216989e-06,1048.2212416860266,0.9742797987775202,0.08851761564516168,0.4747407000977546,-1
91,18,simulated_annealing,-0.2470431673854392,0.2470431673854392,1,4.744341864581352,16.09599133423347,0.0012480727112512936,1070.7375706089674,0.9695413682173272,0.09044280917331479,0.011886199936270714,-1
91,18,block_beam_strong,-0.13939186128759218,0.13939186128759218,1,4.643515119657127,12.39141626438987,1.187242260216989e-06,1048.2212416860266,0.9742797987775202,0.08851761564516168,2.478043300099671,-1
91,18,block_lns_strong,-0.13939186128759218,0.13939186128759218,1,4.643515119657127,12.39141626438987,1.187242260216989e-06,1048.2212416860266,0.9742797987775202,0.08851761564516168,0.08290019980631769,-1
91,18,hybrid_heuristic,-0.13939186128759218,0.13939186128759218,1,4.643515119657127,12.39141626438987,1.187242260216989e-06,1048.2212416860266,0.9742797987775202,0.08851761564516168,0.025310900062322617,-1
91,19,autoreg_rl_pure,-0.5055706740052224,0.5055706740052224,1,4.542196836707777,31.188514410683496,0.004471166252966595,1087.9724348724378,0.970842778504596,0.09376133927591669,0.3335778000764549,1024
91,19,random,-100.0,30.31615800226533,0,210.53860007551097,1.4148032366821793e+27,0.3315405743159236,49929.949814225,0.8707239261334461,4.363513687763404,0.03330320003442466,-1
91,19,latency_greedy,-4.593065277485373,4.593065277485373,1,6.327787212706236,747782.268490568,0.0534332337467829,1511.1711597157584,0.9915414171330633,0.1330426566084073,0.0001066999975591898,-1
91,19,block_balanced,-8.46127106574175,8.46127106574175,1,20.725072514174173,4024172765.9578905,0.09388332430255855,4924.893971585582,0.5361931229137222,0.43003260297771706,0.0001259001437574625,-1
91,19,pdp_aware_greedy,-1.3670383026837856,1.3670383026837856,1,4.635848736135378,266.8522350479377,0.014513117219194991,1110.0806354966826,0.9915414171330633,0.09789262225788828,0.004153300076723099,-1
91,19,local_search,-1.3664590575532287,1.3664590575532287,1,4.698116381964027,265.2245676325451,0.014513160614066373,1124.8426245827677,0.9915414171330633,0.09918442103881314,0.03606500010937452,-1
91,19,beam_search,-0.5055706740052224,0.5055706740052224,1,4.542196836707777,31.188514410683496,0.004471166252966595,1087.9724348724378,0.970842778504596,0.09376133927591669,0.4380767000839114,-1
91,19,simulated_annealing,-1.3664590575532287,1.3664590575532287,1,4.698116381964027,265.2245676325451,0.014513160614066373,1124.8426245827677,0.9915414171330633,0.09918442103881314,0.011451399885118008,-1
91,19,block_beam_strong,-0.5055706740052224,0.5055706740052224,1,4.542196836707777,31.188514410683496,0.004471166252966595,1087.9724348724378,0.970842778504596,0.09376133927591669,4.6029614000581205,-1
91,19,block_lns_strong,-0.5055706740052224,0.5055706740052224,1,4.542196836707777,31.188514410683496,0.004471166252966595,1087.9724348724378,0.970842778504596,0.09376133927591669,0.11096590012311935,-1
91,19,hybrid_heuristic,-0.5055706740052224,0.5055706740052224,1,4.542196836707777,31.188514410683496,0.004471166252966595,1087.9724348724378,0.970842778504596,0.09376133927591669,0.0256013001780957,-1
91,20,autoreg_rl_pure,-0.13072042866540798,0.13072042866540798,1,4.344592955667245,12.400596507599536,5.3083415639026235e-06,1301.3666821515656,0.9870105658368322,0.12753634561907637,0.3327533002011478,1024
91,20,random,-100.0,18.059461354299128,0,140.93273944671208,1.2893322081762086e+16,0.1668674968314918,41865.60361867394,0.6112859404855961,4.150857404685814,0.03479840001091361,-1
91,20,latency_greedy,-0.13072042866540798,0.13072042866540798,1,4.344592955667245,12.400596507599536,5.3083415639026235e-06,1301.3666821515656,0.9870105658368322,0.12753634561907637,0.00010349997319281101,-1
91,20,block_balanced,-1.21206040237721,1.21206040237721,1,8.31898874386424,137.4162756204317,0.011640984951555583,2482.0458385659067,0.5632944982466661,0.2458378446189378,0.00011139991693198681,-1
91,20,pdp_aware_greedy,-0.13072042866540798,0.13072042866540798,1,4.344592955667245,12.400596507599536,5.3083415639026235e-06,1301.3666821515656,0.9870105658368322,0.12753634561907637,0.003951499937102199,-1
91,20,local_search,-0.13072042866540798,0.13072042866540798,1,4.344592955667245,12.400596507599536,5.3083415639026235e-06,1301.3666821515656,0.9870105658368322,0.12753634561907637,0.024883200181648135,-1
91,20,beam_search,-0.13072042866540798,0.13072042866540798,1,4.344592955667245,12.400596507599536,5.3083415639026235e-06,1301.3666821515656,0.9870105658368322,0.12753634561907637,0.46410099999047816,-1
91,20,simulated_annealing,-0.13072042866540798,0.13072042866540798,1,4.344592955667245,12.400596507599536,5.3083415639026235e-06,1301.3666821515656,0.9870105658368322,0.12753634561907637,0.011481599882245064,-1
91,20,block_beam_strong,-0.13072042866540798,0.13072042866540798,1,4.344592955667245,12.400596507599536,5.3083415639026235e-06,1301.3666821515656,0.9870105658368322,0.12753634561907637,4.164811599999666,-1
91,20,block_lns_strong,-0.13072042866540798,0.13072042866540798,1,4.344592955667245,12.400596507599536,5.3083415639026235e-06,1301.3666821515656,0.9870105658368322,0.12753634561907637,0.10185510013252497,-1
91,20,hybrid_heuristic,-0.13072042866540798,0.13072042866540798,1,4.344592955667245,12.400596507599536,5.3083415639026235e-06,1301.3666821515656,0.9870105658368322,0.12753634561907637,0.026723100105300546,-1
91,21,autoreg_rl_pure,-0.1884757264002285,0.1884757264002285,1,5.518769728712607,13.119104980826508,0.00027251877978155906,1489.5289353147202,0.9365936427214472,0.14099716209911223,0.32577709993347526,1024
91,21,random,-100.0,23.06440387295888,0,143.18867868946978,2.957545805696713e+21,0.22808260113142817,38356.656899394475,0.7738658606268299,3.6282113102845974,0.033271600026637316,-1
91,21,latency_greedy,-3.1981682077730156,3.1981682077730156,1,6.690116356385781,22257.844107456916,0.03540450708009209,1802.7832644046362,0.9668727205343717,0.16894060398973268,0.00010279985144734383,-1
91,21,block_balanced,-4.147469650469969,4.147469650469969,1,12.814570558456454,150899.49696841597,0.045030496424237385,3443.3017510644904,0.5506946357540484,0.32528570453086386,0.00011699995957314968,-1
91,21,pdp_aware_greedy,-0.19299804219313316,0.19299804219313316,1,5.618694829953113,13.169202638563162,0.00033530559588882915,1516.3224754308005,0.9653936400649237,0.14499162073851837,0.00425349990837276,-1
91,21,local_search,-0.19299804219313316,0.19299804219313316,1,5.618694829953113,13.169202638563162,0.00033530559588882915,1516.3224754308005,0.9653936400649237,0.14499162073851837,0.02498849993571639,-1
91,21,beam_search,-0.19138241300260045,0.19138241300260045,1,5.564372285418907,13.169665120947553,0.0003353630866459959,1501.7390146268087,0.9401160480661119,0.14213944133472034,0.42664459999650717,-1
91,21,simulated_annealing,-0.19299804219313316,0.19299804219313316,1,5.618694829953113,13.169202638563162,0.00033530559588882915,1516.3224754308005,0.9653936400649237,0.14499162073851837,0.01262759999372065,-1
91,21,block_beam_strong,-0.19138241300260045,0.19138241300260045,1,5.564372285418907,13.169665120947553,0.0003353630866459959,1501.7390146268087,0.9401160480661119,0.14213944133472034,4.5574345998466015,-1
91,21,block_lns_strong,-0.19138241300260045,0.19138241300260045,1,5.564372285418907,13.169665120947553,0.0003353630866459959,1501.7390146268087,0.9401160480661119,0.14213944133472034,0.09637459996156394,-1
91,21,hybrid_heuristic,-0.19138241300260045,0.19138241300260045,1,5.564372285418907,13.169665120947553,0.0003353630866459959,1501.7390146268087,0.9401160480661119,0.14213944133472034,0.025373500073328614,-1
91,22,autoreg_rl_pure,-0.1614220955693251,0.1614220955693251,1,4.525644674982519,13.209283333116115,0.0003537473981588032,1262.8828575816835,0.9753178050121818,0.11952484420365846,0.3294377999845892,1024
91,22,random,-100.0,8.851506747568525,0,106.0788283342113,17710048.012114357,0.067375979892495,29351.419181686073,0.9658308471609177,2.805989442197298,0.03439839999191463,-1
91,22,latency_greedy,-0.17736567074325055,0.17736567074325055,1,3.908728566119933,14.397398223244455,0.0007665555632287041,1091.957535438337,0.9318166135583867,0.10501712815930421,0.00010409997776150703,-1
91,22,block_balanced,-1.5588453400713145,1.5588453400713145,1,7.957342729387028,335.99645939450136,0.015958312320417722,2212.008886409052,0.5813958998668035,0.2121310832466822,0.00010990002192556858,-1
91,22,pdp_aware_greedy,-4.169310408440493,4.169310408440493,1,7.680013524773406,234230.97582138932,0.046531946661155676,2135.4252006516963,0.9753178050121818,0.2028335156546679,0.003611800028011203,-1
91,22,local_search,-0.17736567074325055,0.17736567074325055,1,3.908728566119933,14.397398223244455,0.0007665555632287041,1091.957535438337,0.9318166135583867,0.10501712815930421,0.024918799987062812,-1
91,22,beam_search,-0.16953036095802046,0.16953036095802046,1,4.237905628282608,13.773837468701197,0.0004841515344615642,1183.217985609373,0.9630123696252391,0.1145615639897319,0.4389802999794483,-1
91,22,simulated_annealing,-0.17736567074325055,0.17736567074325055,1,3.908728566119933,14.397398223244455,0.0007665555632287041,1091.957535438337,0.9318166135583867,0.10501712815930421,0.011366999940946698,-1
91,22,block_beam_strong,-0.1614220955693251,0.1614220955693251,1,4.525644674982519,13.209283333116115,0.0003537473981588032,1262.8828575816835,0.9753178050121818,0.11952484420365846,3.1702878999058157,-1
91,22,block_lns_strong,-0.1614220955693251,0.1614220955693251,1,4.525644674982519,13.209283333116115,0.0003537473981588032,1262.8828575816835,0.9753178050121818,0.11952484420365846,0.09272059984505177,-1
91,22,hybrid_heuristic,-0.1614220955693251,0.1614220955693251,1,4.525644674982519,13.209283333116115,0.0003537473981588032,1262.8828575816835,0.9753178050121818,0.11952484420365846,0.02486569993197918,-1
91,23,autoreg_rl_pure,-0.1381497685535065,0.1381497685535065,1,4.571250945773668,12.420130421396625,1.6088833107853465e-05,1268.5816835385028,0.9624662863320049,0.12853164137989598,0.32331210002303123,1024
91,23,random,-100.0,8.688842567952955,0,102.83094193672608,15045263.041537551,0.06830240878691375,28296.205498616655,0.8211994427812578,2.8335143334825688,0.033681900007650256,-1
91,23,latency_greedy,-0.8126365103164428,0.8126365103164428,1,5.880688916475078,60.78406002588699,0.007604388388911283,1628.5729813094529,0.9958329405446028,0.16183441957992095,0.00010659988038241863,-1
91,23,block_balanced,-1.1602433154142655,1.1602433154142655,1,8.154453092076421,122.21872697291468,0.011023282133934695,2254.1827962001453,0.5784159668573441,0.225851930964578,0.0001167000737041235,-1
91,23,pdp_aware_greedy,-0.14361385291806059,0.14361385291806059,1,4.698653894218838,12.471219718597366,4.093944248540003e-05,1303.6895541734107,0.9797211248387906,0.12895851776425632,0.004379200050607324,-1
91,23,local_search,-0.14361385291806059,0.14361385291806059,1,4.698653894218838,12.471219718597366,4.093944248540003e-05,1303.6895541734107,0.9797211248387906,0.12895851776425632,0.02466559992171824,-1
91,23,beam_search,-0.1381497685535065,0.1381497685535065,1,4.571250945773668,12.420130421396625,1.6088833107853465e-05,1268.5816835385028,0.9624662863320049,0.12853164137989598,0.4270979999564588,-1
91,23,simulated_annealing,-0.14361385291806059,0.14361385291806059,1,4.698653894218838,12.471219718597366,4.093944248540003e-05,1303.6895541734107,0.9797211248387906,0.12895851776425632,0.011818799888715148,-1
91,23,block_beam_strong,-0.1381497685535065,0.1381497685535065,1,4.571250945773668,12.420130421396625,1.6088833107853465e-05,1268.5816835385028,0.9624662863320049,0.12853164137989598,3.5790534000843763,-1
91,23,block_lns_strong,-0.1381497685535065,0.1381497685535065,1,4.571250945773668,12.420130421396625,1.6088833107853465e-05,1268.5816835385028,0.9624662863320049,0.12853164137989598,0.09973530005663633,-1
91,23,hybrid_heuristic,-0.1381497685535065,0.1381497685535065,1,4.571250945773668,12.420130421396625,1.6088833107853465e-05,1268.5816835385028,0.9624662863320049,0.12853164137989598,0.024429599987342954,-1
91,24,autoreg_rl_pure,-0.15495796128816244,0.15495796128816244,1,5.164694932700999,12.389269811215394,1.5787481855441383e-07,1193.1323467805719,0.950553492591826,0.14457931635040916,0.3257480999454856,1024
91,24,random,-100.0,17.637190346534705,0,122.90141087263399,1.734634173055184e+16,0.16693753787732418,28129.240923194528,0.9493483573601107,3.3749349065089675,0.03315740008838475,-1
91,24,latency_greedy,-1.7317336587639527,1.7317336587639527,1,5.167333960644791,638.1491776484571,0.019309381388167256,1193.357419288791,0.9303496452023597,0.1448398983679456,0.00010489998385310173,-1
91,24,block_balanced,-7.288803380832062,7.288803380832062,1,13.128244467762498,379429017.0334428,0.082276384613306,3014.9149726635446,0.5469286186235445,0.3624021617118101,0.0001121999230235815,-1
91,24,pdp_aware_greedy,-0.19476164362253207,0.19476164362253207,1,4.9763199135965825,13.88026562930655,0.0005170854106929147,1149.858563380814,0.9435978631439086,0.13638391238402348,0.0038187000900506973,-1
91,24,local_search,-0.1941027268288817,0.1941027268288817,1,4.954356020807576,13.880265628960231,0.0005170854107082756,1144.8099193471412,0.950553492591826,0.13578195718786265,0.035227200016379356,-1
91,24,beam_search,-0.15495796128816244,0.15495796128816244,1,5.164694932700999,12.389269811215394,1.5787481855441383e-07,1193.1323467805719,0.950553492591826,0.14457931635040916,0.5020940999966115,-1
91,24,simulated_annealing,-0.1941027268288817,0.1941027268288817,1,4.954356020807576,13.880265628960231,0.0005170854107082756,1144.8099193471412,0.950553492591826,0.13578195718786265,0.012310900026932359,-1
91,24,block_beam_strong,-0.15570588176636058,0.15570588176636058,1,5.189625614974931,12.389269811524512,1.5787480319356654e-07,1198.8597406953409,0.9274854223692451,0.1452597400912391,3.428883699933067,-1
91,24,block_lns_strong,-0.15495796128816244,0.15495796128816244,1,5.164694932700999,12.389269811215394,1.5787481855441383e-07,1193.1323467805719,0.950553492591826,0.14457931635040916,0.10445050010457635,-1
91,24,hybrid_heuristic,-0.15495796128816244,0.15495796128816244,1,5.164694932700999,12.389269811215394,1.5787481855441383e-07,1193.1323467805719,0.950553492591826,0.14457931635040916,0.024817500030621886,-1
91,25,autoreg_rl_pure,-0.7625459547833937,0.7625459547833937,1,4.50097616950828,59.476403327598746,0.007612052743058756,1172.6635575886583,0.9945089699774236,0.10052533021478277,0.34130429988726974,1024
91,25,random,-100.0,30.541164564441914,0,218.03881881473046,1.4148032366821793e+27,0.2960513255930764,56291.245682253415,0.6709210079435509,4.890117050831639,0.033242200035601854,-1
91,25,latency_greedy,-1.4541247556270294,1.4541247556270294,1,8.018601765228402,257.4189037461269,0.014760330746060679,2080.6200447036654,0.9983437109102564,0.17908839326258563,0.00010770000517368317,-1
91,25,block_balanced,-3.500348846720403,3.500348846720403,1,9.76991654993479,37605.90453193277,0.038871331962378436,2533.0415713003613,0.6719574878466623,0.2193553364433766,0.00011650007218122482,-1
91,25,pdp_aware_greedy,-0.7625459547833937,0.7625459547833937,1,4.50097616950828,59.476403327598746,0.007612052743058756,1172.6635575886583,0.9945089699774236,0.10052533021478277,0.004514400148764253,-1
91,25,local_search,-0.7625459547833937,0.7625459547833937,1,4.50097616950828,59.476403327598746,0.007612052743058756,1172.6635575886583,0.9945089699774236,0.10052533021478277,0.024634100031107664,-1
91,25,beam_search,-1.0081584092610099,1.0081584092610099,1,4.525688999619138,109.70087297599449,0.010582212129902034,1179.043061007878,0.9901157497398801,0.10107726946393175,0.4578440000768751,-1
91,25,simulated_annealing,-0.7625459547833937,0.7625459547833937,1,4.50097616950828,59.476403327598746,0.007612052743058756,1172.6635575886583,0.9945089699774236,0.10052533021478277,0.011638199910521507,-1
91,25,block_beam_strong,-0.7625459547833937,0.7625459547833937,1,4.50097616950828,59.476403327598746,0.007612052743058756,1172.6635575886583,0.9945089699774236,0.10052533021478277,2.742068599909544,-1
91,25,block_lns_strong,-0.7625459547833937,0.7625459547833937,1,4.50097616950828,59.476403327598746,0.007612052743058756,1172.6635575886583,0.9945089699774236,0.10052533021478277,0.097673200070858,-1
91,25,hybrid_heuristic,-0.7625459547833937,0.7625459547833937,1,4.50097616950828,59.476403327598746,0.007612052743058756,1172.6635575886583,0.9945089699774236,0.10052533021478277,0.02547500003129244,-1
91,26,autoreg_rl_pure,-0.11005526741234743,0.11005526741234743,1,3.6595783238944013,12.397040455194109,4.435205144542638e-06,944.3780624630133,0.9717554525343772,0.08652164139395051,0.32771390001289546,1024
91,26,random,-100.0,14.961292726656621,0,146.4250973466364,3695501897231.4927,0.12723391603707357,37366.33746834439,0.9717554525343772,3.387206004920426,0.034218900138512254,-1
91,26,latency_greedy,-3.5561662668610525,3.5561662668610525,1,14.205997553631667,31000.351668475705,0.03776294998367931,3634.9180701089736,0.9717554525343772,0.33328635734989387,0.00010859989561140537,-1
91,26,block_balanced,-3.565881142553961,3.565881142553961,1,24.846740808323823,14299.577533185007,0.03337663436078906,6350.036918628394,0.5839985021903171,0.578432268842684,0.00012070010416209698,-1
91,26,pdp_aware_greedy,-0.11226411675110554,0.11226411675110554,1,3.721954531550353,12.407506829698946,7.119235761974158e-06,960.3176772688622,0.9832330450003284,0.08740666741318587,0.003988599870353937,-1
91,26,local_search,-0.11226411675110554,0.11226411675110554,1,3.721954531550353,12.407506829698946,7.119235761974158e-06,960.3176772688622,0.9832330450003284,0.08740666741318587,0.023479700088500977,-1
91,26,beam_search,-0.11005526741234743,0.11005526741234743,1,3.6595783238944013,12.397040455194109,4.435205144542638e-06,944.3780624630133,0.9717554525343772,0.08652164139395051,0.45489539997652173,-1
91,26,simulated_annealing,-0.11226411675110554,0.11226411675110554,1,3.721954531550353,12.407506829698946,7.119235761974158e-06,960.3176772688622,0.9832330450003284,0.08740666741318587,0.011627000058069825,-1
91,26,block_beam_strong,-0.11005526741234743,0.11005526741234743,1,3.6595783238944013,12.397040455194109,4.435205144542638e-06,944.3780624630133,0.9717554525343772,0.08652164139395051,3.634113400010392,-1
91,26,block_lns_strong,-0.11005526741234743,0.11005526741234743,1,3.6595783238944013,12.397040455194109,4.435205144542638e-06,944.3780624630133,0.9717554525343772,0.08652164139395051,0.0978346997871995,-1
91,26,hybrid_heuristic,-0.11005526741234743,0.11005526741234743,1,3.6595783238944013,12.397040455194109,4.435205144542638e-06,944.3780624630133,0.9717554525343772,0.08652164139395051,0.024509399896487594,-1
91,27,autoreg_rl_pure,-0.20653713238382548,0.20653713238382548,1,4.871600894168589,14.407670535171157,0.0007429286195693788,1412.955427011892,0.9986754210800893,0.1524720383619547,0.3298647999763489,1024
91,27,random,-100.0,17.65795819486337,0,133.13809378263483,8478639795526421.0,0.16452849524943247,38317.631952012016,0.9424321217699936,4.104887210573009,0.03225739998742938,-1
91,27,latency_greedy,-0.6552693157119605,0.6552693157119605,1,4.611059572447546,45.11125618858219,0.006074309386409071,1337.781235697887,0.9962664959344761,0.1429652388292095,0.00010240008123219013,-1
91,27,block_balanced,-1.1477963446808572,1.1477963446808572,1,7.804388011232633,121.62587537118519,0.011073745644927364,2256.7118640076696,0.5617924420984016,0.24155397059979736,0.000112100038677454,-1
91,27,pdp_aware_greedy,-0.6552693157119605,0.6552693157119605,1,4.611059572447546,45.11125618858219,0.006074309386409071,1337.781235697887,0.9962664959344761,0.1429652388292095,0.004153999965637922,-1
91,27,local_search,-0.6552693157119605,0.6552693157119605,1,4.611059572447546,45.11125618858219,0.006074309386409071,1337.781235697887,0.9962664959344761,0.1429652388292095,0.02519030007533729,-1
91,27,beam_search,-0.38131025344240593,0.38131025344240593,1,4.7990682993446825,22.424037542510558,0.0028684460178827857,1392.0654085911506,0.9986754210800893,0.15026839173666973,0.4663464999757707,-1
91,27,simulated_annealing,-0.6552693157119605,0.6552693157119605,1,4.611059572447546,45.11125618858219,0.006074309386409071,1337.781235697887,0.9962664959344761,0.1429652388292095,0.0115104999858886,-1
91,27,block_beam_strong,-0.2042696308881499,0.2042696308881499,1,4.920919415002066,14.2733348108925,0.0007173448321753297,1427.1305577843286,0.9187691988870378,0.15377882726967243,4.41168970009312,-1
91,27,block_lns_strong,-0.20083380735956835,0.20083380735956835,1,4.887839432959723,14.186411046214433,0.0006932270757846461,1417.6088165416668,0.9925337073737354,0.15254446137192246,0.11271199979819357,-1
91,27,hybrid_heuristic,-0.20083380735956835,0.20083380735956835,1,4.887839432959723,14.186411046214433,0.0006932270757846461,1417.6088165416668,0.9925337073737354,0.15254446137192246,0.024041500175371766,-1
91,28,autoreg_rl_pure,-0.12442106622374094,0.12442106622374094,1,4.147368874124698,12.388739769105376,4.6532787612546903e-32,1057.3968875654211,0.964169376526542,0.10904270699711012,0.33126650005578995,1024
91,28,random,-100.0,19.354801056539667,0,108.18765212000997,3.8312266856514166e+18,0.19113582638844087,27304.190152292103,0.9015097151620923,2.847698952944937,0.033014100044965744,-1
91,28,latency_greedy,-3.6103915120581638,3.6103915120581638,1,7.449298326214249,58927.86705337002,0.04095544668796236,1890.2884106968468,0.964169376526542,0.1985879910907009,0.00010460009798407555,-1
91,28,block_balanced,-4.058203209939145,4.058203209939145,1,10.66605510993771,141823.96274181164,0.04433582678007045,2702.0767627830032,0.573725111101967,0.2823770289500418,0.00011429982259869576,-1
91,28,pdp_aware_greedy,-0.126244587987384,0.126244587987384,1,4.2081529329126495,12.388739769105516,5.280848582474143e-17,1072.7311512074857,0.964169376526542,0.11064084271005861,0.004429099848493934,-1
91,28,local_search,-0.126244587987384,0.126244587987384,1,4.2081529329126495,12.388739769105516,5.280848582474143e-17,1072.7311512074857,0.964169376526542,0.11064084271005861,0.02417670004069805,-1
91,28,beam_search,-0.12442106622374094,0.12442106622374094,1,4.147368874124698,12.388739769105376,4.6532787612546903e-32,1057.3968875654211,0.964169376526542,0.10904270699711012,0.48749660002067685,-1
91,28,simulated_annealing,-0.126244587987384,0.126244587987384,1,4.2081529329126495,12.388739769105516,5.280848582474143e-17,1072.7311512074857,0.964169376526542,0.11064084271005861,0.0128305999096483,-1
91,28,block_beam_strong,-0.1253810656358242,0.1253810656358242,1,4.179368854527474,12.388739769105376,4.7943079230416823e-32,1065.5002176315677,0.9605568487199746,0.10988405113429145,3.769858199870214,-1
91,28,block_lns_strong,-0.12442106622374094,0.12442106622374094,1,4.147368874124698,12.388739769105376,4.6532787612546903e-32,1057.3968875654211,0.964169376526542,0.10904270699711012,0.09863910009153187,-1
91,28,hybrid_heuristic,-0.12442106622374094,0.12442106622374094,1,4.147368874124698,12.388739769105376,4.6532787612546903e-32,1057.3968875654211,0.964169376526542,0.10904270699711012,0.02513110009022057,-1
91,29,autoreg_rl_pure,-0.3800953383638145,0.3800953383638145,1,4.633141549518155,22.63598069902573,0.002949701290168529,1353.0340997822157,0.9904299491702964,0.1251951506880495,0.3280607999768108,1024
91,29,random,-100.0,28.02832178524431,0,182.70116946447962,3.744834431111438e+25,0.27069006612677693,52930.26886561279,0.7209944157874403,4.882909519674751,0.03458800003863871,-1
91,29,latency_greedy,-3.020701855300159,3.020701855300159,1,5.211337268608863,15957.62930241625,0.033962532610975975,1520.3355002932888,0.9941548257734905,0.13899900390057324,0.00011090002954006195,-1
91,29,block_balanced,-7.1223777799585966,7.1223777799585966,1,18.329989379679517,169435557.9378931,0.07852676669400455,5320.545670995395,0.5212273168159511,0.4927188881009623,0.0001121999230235815,-1
91,29,pdp_aware_greedy,-1.3398306490089802,1.3398306490089802,1,4.883828890759157,244.71088013828748,0.014272013776727774,1425.656687786935,0.9941548257734905,0.13299709633694604,0.0041281001176685095,-1
91,29,local_search,-1.261626500640634,1.261626500640634,1,4.762505286751415,203.0934731666859,0.013580435866357444,1390.49684574483,0.9941548257734905,0.12952984194085573,0.03630839986726642,-1
91,29,beam_search,-0.3800953383638145,0.3800953383638145,1,4.633141549518155,22.63598069902573,0.002949701290168529,1353.0340997822157,0.9904299491702964,0.1251951506880495,0.4626037001144141,-1
91,29,simulated_annealing,-1.261626500640634,1.261626500640634,1,4.762505286751415,203.0934731666859,0.013580435866357444,1390.49684574483,0.9941548257734905,0.12952984194085573,0.011612700065597892,-1
91,29,block_beam_strong,-0.39933565147276556,0.39933565147276556,1,4.850212671299133,23.36785021548145,0.003101762572282575,1415.9724941175698,0.9006283270310556,0.13158925964550375,6.0314654998946935,-1
91,29,block_lns_strong,-0.3800953383638145,0.3800953383638145,1,4.633141549518155,22.63598069902573,0.002949701290168529,1353.0340997822157,0.9904299491702964,0.1251951506880495,0.1068873000331223,-1
91,29,hybrid_heuristic,-0.3800953383638145,0.3800953383638145,1,4.633141549518155,22.63598069902573,0.002949701290168529,1353.0340997822157,0.9904299491702964,0.1251951506880495,0.02466140012256801,-1
91,30,autoreg_rl_pure,-0.12892377314026454,0.12892377314026454,1,4.297331648982771,12.38885819582709,9.094553047079198e-08,1297.8386566819888,0.9328769968128392,0.11751784923575183,0.3217391998041421,1024
91,30,random,-100.0,16.839435708489205,0,156.7809676156786,186006861168516.22,0.14603688426624273,46955.36658115819,0.6435095086279944,4.29084347223297,0.03349360008724034,-1
91,30,latency_greedy,-1.5981199443140393,1.5981199443140393,1,4.715637728467325,472.67828951422695,0.017722062095954175,1422.8794341823746,0.9969629844371255,0.1311449348163036,0.00010529998689889908,-1
91,30,block_balanced,-3.815099373531844,3.815099373531844,1,10.113751607892759,80499.4024304366,0.04279949922453723,3039.5057350489765,0.539653865362246,0.27819023868140513,0.00011059991084039211,-1
91,30,pdp_aware_greedy,-0.32845282838755685,0.32845282838755685,1,4.258457077271265,20.461309616274985,0.002434680674519475,1286.0010783939947,0.9969629844371255,0.11859184276227461,0.00420899991877377,-1
91,30,local_search,-0.32845282838755685,0.32845282838755685,1,4.258457077271265,20.461309616274985,0.002434680674519475,1286.0010783939947,0.9969629844371255,0.11859184276227461,0.02499009994789958,-1
91,30,beam_search,-0.12787812189777947,0.12787812189777947,1,4.262478344289981,12.38885658212572,8.979698793991837e-08,1287.3920376201186,0.9328769968128392,0.11656472628857958,0.4678563999477774,-1
91,30,simulated_annealing,-0.32845282838755685,0.32845282838755685,1,4.258457077271265,20.461309616274985,0.002434680674519475,1286.0010783939947,0.9969629844371255,0.11859184276227461,0.012685999972745776,-1
91,30,block_beam_strong,-0.12787812189777947,0.12787812189777947,1,4.262478344289981,12.38885658212572,8.979698793991837e-08,1287.3920376201186,0.9328769968128392,0.11656472628857958,4.930070800008252,-1
91,30,block_lns_strong,-0.12787812189777947,0.12787812189777947,1,4.262478344289981,12.38885658212572,8.979698793991837e-08,1287.3920376201186,0.9328769968128392,0.11656472628857958,0.09897290007211268,-1
91,30,hybrid_heuristic,-0.12787812189777947,0.12787812189777947,1,4.262478344289981,12.38885658212572,8.979698793991837e-08,1287.3920376201186,0.9328769968128392,0.11656472628857958,0.024462200002744794,-1
91,31,autoreg_rl_pure,-0.10562548962998271,0.10562548962998271,1,3.5180424869223232,12.391348338686885,7.773244514571809e-07,832.147419458228,0.9757502195404761,0.07547384370331474,0.318615399999544,1024
91,31,random,-100.0,8.430215172519222,0,114.36190179614813,3319030.4778594216,0.060474925332193105,26713.54002873064,0.7288394457593168,2.395206943769527,0.031787100015208125,-1
91,31,latency_greedy,-0.14861041988347906,0.14861041988347906,1,3.771648299946313,13.537185822674473,0.0004892687687597664,891.3621526819168,0.9757502195404761,0.08078945437776044,0.00010529998689889908,-1
91,31,block_balanced,-0.2915244016860963,0.2915244016860963,1,7.090454824331309,15.086719738185991,0.0009656340642257691,1666.5585498697474,0.5243193431801355,0.14898302543718017,0.00011870008893311024,-1
91,31,pdp_aware_greedy,-0.14679010807902648,0.14679010807902648,1,3.713735070024216,13.53438002723565,0.00048819302147103057,877.8708197801025,0.9757502195404761,0.07954843460248573,0.004093199968338013,-1
91,31,local_search,-0.1459136955271817,0.1459136955271817,1,3.6845213182960563,13.53438002723565,0.00048819302147103057,871.055255520387,0.9517816322674549,0.07875086423651154,0.03507869993336499,-1
91,31,beam_search,-0.10514729357550667,0.10514729357550667,1,3.503286718939475,12.390247942417378,6.770254036504065e-07,828.7042869344446,0.948215518578247,0.07481392005966173,0.41080089984461665,-1
91,31,simulated_annealing,-0.1459136955271817,0.1459136955271817,1,3.6845213182960563,13.53438002723565,0.00048819302147103057,871.055255520387,0.9517816322674549,0.07875086423651154,0.012760000070556998,-1
91,31,block_beam_strong,-0.10514729357550667,0.10514729357550667,1,3.503286718939475,12.390247942417378,6.770254036504065e-07,828.7042869344446,0.948215518578247,0.07481392005966173,6.083803700050339,-1
91,31,block_lns_strong,-0.10514729357550667,0.10514729357550667,1,3.503286718939475,12.390247942417378,6.770254036504065e-07,828.7042869344446,0.948215518578247,0.07481392005966173,0.11536529986187816,-1
91,31,hybrid_heuristic,-0.10514729357550667,0.10514729357550667,1,3.503286718939475,12.390247942417378,6.770254036504065e-07,828.7042869344446,0.948215518578247,0.07481392005966173,0.024576300056651235,-1
91,32,autoreg_rl_pure,-0.5642480300657817,0.5642480300657817,1,4.775209971685675,35.49057982426824,0.005125986301412886,1348.2057267899531,0.9777187359128978,0.11653027960437183,1.9193603000603616,1022
91,32,random,-100.0,24.588407924363803,0,135.16581914561414,2.4373568965103527e+23,0.24890048524697503,37854.9115407836,0.9937748080580353,3.31013408127989,0.03707109997048974,-1
91,32,latency_greedy,-6.580790809507317,6.580790809507317,1,13.825212370661191,61335789.53599095,0.07493132074847027,3881.530491132015,0.9986555279819268,0.3400113425123,0.00011010002344846725,-1
91,32,block_balanced,-4.3781240049839125,4.3781240049839125,1,10.111020430534062,328986.32287892123,0.04892112851505236,2841.8872477460263,0.6634883969693152,0.2486419108157154,0.0002500000409781933,-1
91,32,pdp_aware_greedy,-2.054351591074417,2.054351591074417,1,6.146582060381736,1328.3240317359982,0.022258751614814866,1731.9202021987662,0.9925478728928395,0.15203665358110607,0.00406969990581274,-1
91,32,local_search,-1.7373870415414232,1.7373870415414232,1,6.151559169326445,601.1765447551737,0.018785348573590585,1733.312561146738,0.9925478728928395,0.15215872873966563,0.03716460010036826,-1
91,32,beam_search,-0.5642480300657817,0.5642480300657817,1,4.775209971685675,35.49057982426824,0.005125986301412886,1348.2057267899531,0.9777187359128978,0.11653027960437183,0.5027773000765592,-1
91,32,simulated_annealing,-1.7373870415414232,1.7373870415414232,1,6.151559169326445,601.1765447551737,0.018785348573590585,1733.312561146738,0.9925478728928395,0.15215872873966563,0.012431100010871887,-1
91,32,block_beam_strong,-0.5642480300657817,0.5642480300657817,1,4.775209971685675,35.49057982426824,0.005125986301412886,1348.2057267899531,0.9777187359128978,0.11653027960437183,2.238237499957904,-1
91,32,block_lns_strong,-0.5642480300657817,0.5642480300657817,1,4.775209971685675,35.49057982426824,0.005125986301412886,1348.2057267899531,0.9777187359128978,0.11653027960437183,0.09515989990904927,-1
91,32,hybrid_heuristic,-0.5642480300657817,0.5642480300657817,1,4.775209971685675,35.49057982426824,0.005125986301412886,1348.2057267899531,0.9777187359128978,0.11653027960437183,0.024935400113463402,-1
91,33,autoreg_rl_pure,-0.13834744225909135,0.13834744225909135,1,4.6068370799537615,12.393148772482004,1.2861260179091204e-06,1140.0094215484105,0.9650002805928545,0.11554618864101623,0.3488398001063615,1022
91,33,random,-100.0,4.519939980297387,0,96.68266838084715,710.122719238178,0.01932321022351947,23700.953592803104,0.8166820799054493,2.432483591603167,0.032747199991717935,-1
91,33,latency_greedy,-0.28322508002687585,0.28322508002687585,1,4.621747746102455,17.782584794293523,0.0016977825254153693,1143.564672659553,0.9650002805928545,0.11781954877996545,0.00010189996100962162,-1
91,33,block_balanced,-2.910905397522086,2.910905397522086,1,10.728668937806171,8017.655291014255,0.03153149406447368,2640.2633149174712,0.5331238920541471,0.27070216603505937,0.00010930001735687256,-1
91,33,pdp_aware_greedy,-0.1456263917865266,0.1456263917865266,1,4.854208162226115,12.388744319482374,1.5340753649705336e-09,1200.7663857742668,0.9987950538540776,0.1225122240620442,0.0046605998650193214,-1
91,33,local_search,-0.14408761216555038,0.14408761216555038,1,4.802915509749958,12.38874431803625,1.5337340990567317e-09,1188.1890261007666,0.9650002805928545,0.12140916949460516,0.035785100189968944,-1
91,33,beam_search,-0.1542047580282974,0.1542047580282974,1,5.140153705180331,12.388744318031167,1.5335771239077418e-09,1270.5973527988697,0.9650002805928545,0.13082457458363422,0.4571623997762799,-1
91,33,simulated_annealing,-0.14408761216555038,0.14408761216555038,1,4.802915509749958,12.38874431803625,1.5337340990567317e-09,1188.1890261007666,0.9650002805928545,0.12140916949460516,0.011265200097113848,-1
91,33,block_beam_strong,-0.13782044734996918,0.13782044734996918,1,4.534715673523787,12.443960686259386,2.228234636064645e-05,1122.2618417883698,0.9975723871981388,0.1161777226849121,4.55084290006198,-1
91,33,block_lns_strong,-0.13543035234036188,0.13543035234036188,1,4.461175698055616,12.438241022567038,1.9884507328391396e-05,1104.2214474750647,0.9613846395739021,0.11395418748254857,0.11165259988047183,-1
91,33,hybrid_heuristic,-0.13543035234036188,0.13543035234036188,1,4.461175698055616,12.438241022567038,1.9884507328391396e-05,1104.2214474750647,0.9613846395739021,0.11395418748254857,0.027249700156971812,-1
91,34,autoreg_rl_pure,-1.0789235820464709,1.0789235820464709,1,5.309794348974325,123.45322703369212,0.011194617378193699,1458.724103394057,0.9609976305523583,0.13265311065187588,1.0027369998861104,1024
91,34,random,-100.0,15.301877020946959,0,77.49877980972565,1522411588011759.0,0.1569014086640181,21137.691066754975,0.9475673526692894,1.9406831325458047,0.03298959997482598,-1
91,34,latency_greedy,-5.675953613190005,5.675953613190005,1,7.847196224992048,10000366.427306766,0.06494131439210171,2150.043700444775,0.966224673500949,0.1983452449022689,0.00010480009950697422,-1
91,34,block_balanced,-5.807269062618119,5.807269062618119,1,13.16087573960757,9322067.091392929,0.06461070650443826,3598.971126217938,0.6317115684461929,0.33056927872754266,0.0001137999352067709,-1
91,34,pdp_aware_greedy,-2.956924204641059,2.956924204641059,1,6.83395327768935,12046.771680506503,0.03291811257892243,1873.991127790478,0.966224673500949,0.17087259073576613,0.003792200004681945,-1
91,34,local_search,-2.8695711502696644,2.8695711502696644,1,6.691881354424842,9787.141888878614,0.03261242221543064,1835.2256688032103,0.966224673500949,0.16766513327016297,0.038378800032660365,-1
91,34,beam_search,-2.3074641021853552,2.3074641021853552,1,6.311628082540844,2470.2536735480944,0.025579574142380008,1731.6769570038261,0.966224673500949,0.15776288034179475,0.4733265999238938,-1
91,34,simulated_annealing,-2.8695711502696644,2.8695711502696644,1,6.691881354424842,9787.141888878614,0.03261242221543064,1835.2256688032103,0.966224673500949,0.16766513327016297,0.010980899911373854,-1
91,34,block_beam_strong,-1.5102715557162911,1.5102715557162911,1,5.4076506299223634,360.28416559875944,0.016046463944287694,1485.436369353702,0.976851444485892,0.1353984600467512,2.4828975000418723,-1
91,34,block_lns_strong,-1.5102715557162911,1.5102715557162911,1,5.4076506299223634,360.28416559875944,0.016046463944287694,1485.436369353702,0.976851444485892,0.1353984600467512,0.10003589978441596,-1
91,34,hybrid_heuristic,-1.4476641047369951,1.4476641047369951,1,6.952288435443938,274.38345699116064,0.015005531000791609,1906.474080605064,0.966224673500949,0.17366606249101163,0.038020200096070766,-1
91,35,autoreg_rl_pure,-0.15172154340788135,0.15172154340788135,1,5.023058686045023,12.420675138226668,1.3344585123167738e-05,1366.3882709839418,0.9931022166289226,0.14551662262084492,0.3248026999644935,1024
91,35,random,-100.0,21.214154910033972,0,136.41559372534763,4.8157363201780646e+19,0.20762028384450862,36809.92304402507,0.6452499922901599,3.884289603592697,0.033105700043961406,-1
91,35,latency_greedy,-3.5478297343246084,3.5478297343246084,1,6.162843553197215,55500.596434191364,0.04049621085350241,1673.7352337737018,0.9965666401629716,0.17643375890761265,0.00010189996100962162,-1
91,35,block_balanced,-4.457266386693653,4.457266386693653,1,11.967428772862903,348849.81731396314,0.04914148168068246,3239.775948810632,0.5556620058763978,0.341574324059086,0.00011770008131861687,-1
91,35,pdp_aware_greedy,-0.41851000450276465,0.41851000450276465,1,5.414410767576279,23.49957135111688,0.003152555229446494,1472.1024830468625,0.9965666401629716,0.15545915657183515,0.004084600135684013,-1
91,35,local_search,-0.4168516082787462,0.4168516082787462,1,5.348454423516292,23.51839582183002,0.003153815823495824,1454.2808299601704,0.9965666401629716,0.15406897401683822,0.03518550004810095,-1
91,35,beam_search,-0.14939060328473427,0.14939060328473427,1,4.955196698422633,12.411515769677035,1.0152446136662346e-05,1348.0847301956223,0.9931022166289226,0.14261247484990816,0.4624745000619441,-1
91,35,simulated_annealing,-0.4168516082787462,0.4168516082787462,1,5.348454423516292,23.51839582183002,0.003153815823495824,1454.2808299601704,0.9965666401629716,0.15406897401683822,0.012088499963283539,-1
91,35,block_beam_strong,-0.14952855455541111,0.14952855455541111,1,4.959788682688055,12.411521719222764,1.0152151015121151e-05,1349.3378861165038,0.9211765087171285,0.1429798438242117,4.219771899981424,-1
91,35,block_lns_strong,-0.14939060328473427,0.14939060328473427,1,4.955196698422633,12.411515769677035,1.0152446136662346e-05,1348.0847301956223,0.9931022166289226,0.14261247484990816,0.10727679985575378,-1
91,35,hybrid_heuristic,-0.14939060328473427,0.14939060328473427,1,4.955196698422633,12.411515769677035,1.0152446136662346e-05,1348.0847301956223,0.9931022166289226,0.14261247484990816,0.024601700017228723,-1
91,36,autoreg_rl_pure,-0.5170662730904905,0.5170662730904905,1,4.454257727547189,32.31024394920249,0.004645613942213268,1290.4760768576878,0.9921234420415173,0.1155652917281556,0.3284861999563873,1024
91,36,random,-100.0,25.68281967725319,0,176.4421154148398,1.7010086099059176e+23,0.24663429686537514,50694.963655754254,0.9325502924447975,4.519645133149325,0.032968100160360336,-1
91,36,latency_greedy,-2.766709244753094,2.766709244753094,1,7.534104483580785,7104.639160423482,0.030084143521317948,2175.084695251414,0.9958546876483739,0.1960986260204184,0.00010080006904900074,-1
91,36,block_balanced,-8.246404290215793,8.246404290215793,1,20.501656346448275,2391470956.337472,0.09339220185348611,5900.226694340998,0.5845024461351154,0.5266675488717483,0.00011070002801716328,-1
91,36,pdp_aware_greedy,-0.7348922939372827,0.7348922939372827,1,4.466866947131466,55.64563793463127,0.007267606689372758,1294.0745944221303,0.9360574912815647,0.11673908267591909,0.004207800142467022,-1
91,36,local_search,-0.7228516426366585,0.7228516426366585,1,4.428712741493393,54.15030618931703,0.007153368379042456,1283.1043365111752,0.9360574912815647,0.1157655466478412,0.03432730003260076,-1
91,36,beam_search,-1.7210653507699571,1.7210653507699571,1,8.047725620848482,500.6323164153439,0.017452301130702372,2322.794827761886,0.9958546876483739,0.20507659250291335,0.4359516000840813,-1
91,36,simulated_annealing,-0.7228516426366585,0.7228516426366585,1,4.428712741493393,54.15030618931703,0.007153368379042456,1283.1043365111752,0.9360574912815647,0.1157655466478412,0.010822799988090992,-1
91,36,block_beam_strong,-0.5251545558301017,0.5251545558301017,1,4.6328273741337185,32.53161264793826,0.004670988582847483,1341.9033718062728,0.9958546876483739,0.11794002738078312,2.7866699998266995,-1
91,36,block_lns_strong,-0.5118257423234152,0.5118257423234152,1,4.689634211989295,31.331681271255537,0.004518937713437435,1358.2201492069469,0.9958546876483739,0.11938618530359052,0.0966251001227647,-1
91,36,hybrid_heuristic,-0.5118257423234152,0.5118257423234152,1,4.689634211989295,31.331681271255537,0.004518937713437435,1358.2201492069469,0.9958546876483739,0.11938618530359052,0.024817900033667684,-1
91,37,autoreg_rl_pure,-0.12701726675182887,0.12701726675182887,1,4.230703952403955,12.391718013976323,1.446078895378579e-06,1183.9776590194838,0.9276676159855453,0.10605087718973841,1.5129245000425726,1015
91,37,random,-100.0,11.408330061889156,0,113.93762907546795,5865132737.759781,0.0970084621137402,31606.44133979993,0.9088305084063237,2.8674942763171947,0.03580060019157827,-1
91,37,latency_greedy,-2.858917348538471,2.858917348538471,1,7.878366160781946,8718.512227243113,0.031983660055760976,2195.396292228121,0.9322013973438071,0.1985374390829318,0.00013669999316334724,-1
91,37,block_balanced,-4.822724239890266,4.822724239890266,1,12.895230886285178,811351.1798689924,0.052732891269256246,3586.700393260132,0.6498207093257079,0.3258727239439825,0.00011959997937083244,-1
91,37,pdp_aware_greedy,-0.9325068697604271,0.9325068697604271,1,4.913809144038703,88.19228305833012,0.0092500133794265,1373.4071832597394,0.9322013973438071,0.12317424616112804,0.003674399806186557,-1
91,37,local_search,-0.672039664614192,0.672039664614192,1,4.874647763845123,46.12193065881242,0.0064099392280594384,1362.524869598458,0.9322013973438071,0.12219258949873496,0.036518500186502934,-1
91,37,beam_search,-0.15704548427417994,0.15704548427417994,1,5.233666912603857,12.38983860291656,1.0014104232395814e-06,1462.0943908728245,0.9322013973438071,0.1311921073288924,0.4408185000065714,-1
91,37,simulated_annealing,-0.2091982819819815,0.2091982819819815,1,6.9470715426391845,12.413111787515957,1.4007411282312974e-05,1937.2340523862836,0.9322013973438071,0.17414194878328115,0.012208699947223067,-1
91,37,block_beam_strong,-0.12642969851382574,0.12642969851382574,1,4.212592485249612,12.390348054445905,1.0106482595124072e-06,1178.9575818929854,0.9285799959182216,0.10559687780795235,1.9955405001528561,-1
91,37,block_lns_strong,-0.12485830219634503,0.12485830219634503,1,4.160760843343045,12.389838602916234,1.0014104230330257e-06,1164.5818191426058,0.9216099640984129,0.10429761623063198,0.11881159991025925,-1
91,37,hybrid_heuristic,-0.12485830219634503,0.12485830219634503,1,4.160760843343045,12.389838602916234,1.0014104230330257e-06,1164.5818191426058,0.9216099640984129,0.10429761623063198,0.02484939992427826,-1
91,38,autoreg_rl_pure,-0.1439086408973861,0.1439086408973861,1,4.61674806629695,12.557316379878788,5.800265359863841e-05,1061.194143979524,0.9611796915173998,0.1061800894162912,0.4234611000865698,1017
91,38,random,-100.0,27.351385787323625,0,184.32637890903004,6.102703045189061e+24,0.2630052986759363,41932.67154360757,0.8190948701689299,4.2522855505913615,0.0346556999720633,-1
91,38,latency_greedy,-5.607848246709984,5.607848246709984,1,9.132097741695816,7659837.0072602555,0.063442574552519,2088.090587076942,0.9611796915173998,0.21301313757860224,0.0001058999914675951,-1
91,38,block_balanced,-5.726791045068354,5.726791045068354,1,14.390882235200035,6951370.705778581,0.06365541986907257,3284.429828158903,0.6176625584188864,0.33357015866118384,0.00011610006913542747,-1
91,38,pdp_aware_greedy,-0.19682874829517588,0.19682874829517588,1,4.84862223965399,14.086447707491796,0.0006467860201955365,1114.0563309046051,0.9611796915173998,0.11328677524406193,0.00415579997934401,-1
91,38,local_search,-0.19682874829517588,0.19682874829517588,1,4.84862223965399,14.086447707491796,0.0006467860201955365,1114.0563309046051,0.9611796915173998,0.11328677524406193,0.02460370003245771,-1
91,38,beam_search,-0.20226745470373264,0.20226745470373264,1,6.53324463547661,12.584466878328277,6.354199053841883e-05,1497.0387358607425,0.9611796915173998,0.15209209537540008,0.4956308000255376,-1
91,38,simulated_annealing,-0.19682874829517588,0.19682874829517588,1,4.84862223965399,14.086447707491796,0.0006467860201955365,1114.0563309046051,0.9611796915173998,0.11328677524406193,0.011258699931204319,-1
91,38,block_beam_strong,-0.1439086408973861,0.1439086408973861,1,4.61674806629695,12.557316379878788,5.800265359863841e-05,1061.194143979524,0.9611796915173998,0.1061800894162912,2.7013596000615507,-1
91,38,block_lns_strong,-0.1439086408973861,0.1439086408973861,1,4.61674806629695,12.557316379878788,5.800265359863841e-05,1061.194143979524,0.9611796915173998,0.1061800894162912,0.08830729988403618,-1
91,38,hybrid_heuristic,-0.1439086408973861,0.1439086408973861,1,4.61674806629695,12.557316379878788,5.800265359863841e-05,1061.194143979524,0.9611796915173998,0.1061800894162912,0.025268099969252944,-1
91,39,autoreg_rl_pure,-0.13810109027340048,0.13810109027340048,1,4.512636717332766,12.473332293341393,6.648528837011618e-05,1221.1735464488604,0.9603745111318002,0.10833556434580464,0.7553506998810917,1024
91,39,random,-100.0,22.147980125508454,0,143.6487431836313,2.8903589311289423e+20,0.2155036066448475,38527.762387056304,0.8358265030000904,3.384151047370912,0.0334065998904407,-1
91,39,latency_greedy,-0.7355524292144741,0.7355524292144741,1,4.022845121353258,57.62495185634593,0.007477623050017695,1089.4661335002818,0.9925865152176199,0.09650498618087858,0.000108000123873353,-1
91,39,block_balanced,-0.6031959053989235,0.6031959053989235,1,7.401355354371221,32.12633468080411,0.004628486972315996,1995.617630704871,0.5854615565037861,0.17567822650202372,0.00011019990779459476,-1
91,39,pdp_aware_greedy,-0.7355524292144741,0.7355524292144741,1,4.022845121353258,57.62495185634593,0.007477623050017695,1089.4661335002818,0.9925865152176199,0.09650498618087858,0.003808399895206094,-1
91,39,local_search,-0.5995621213280719,0.5995621213280719,1,7.281458839834161,32.12337207585035,0.00463072635541164,1963.4428234890595,0.623207858375195,0.1728552637198532,0.03834549989551306,-1
91,39,beam_search,-0.15596402784106503,0.15596402784106503,1,4.77269108516978,12.791056491764698,0.00012124424608924004,1291.0346207857083,0.9348117875627925,0.11366468846820016,0.4824125999584794,-1
91,39,simulated_annealing,-0.5995621213280719,0.5995621213280719,1,7.281458839834161,32.12337207585035,0.00463072635541164,1963.4428234890595,0.623207858375195,0.1728552637198532,0.012517499970272183,-1
91,39,block_beam_strong,-0.13996754298462963,0.13996754298462963,1,4.574851807707071,12.473332293341393,6.648528837011618e-05,1237.8949211636734,0.9603745111318002,0.10979889826704553,3.4681166999507695,-1
91,39,block_lns_strong,-0.13810109027340048,0.13810109027340048,1,4.512636717332766,12.473332293341393,6.648528837011618e-05,1221.1735464488604,0.9603745111318002,0.10833556434580464,0.09868900012224913,-1
91,39,hybrid_heuristic,-0.13810109027340048,0.13810109027340048,1,4.512636717332766,12.473332293341393,6.648528837011618e-05,1221.1735464488604,0.9603745111318002,0.10833556434580464,0.024336599977687,-1
91,40,autoreg_rl_pure,-0.9580878643053812,0.9580878643053812,1,6.199971684303823,85.37128144196,0.009140383194814805,1862.3050684843088,0.9644334221446768,0.1892585893221748,2.1603780000004917,1024
91,40,random,-100.0,30.8955594463251,0,229.85198154417003,1.4148032366821793e+27,0.3546154125114359,68637.04968806695,0.894930066783885,6.944241818043307,0.03271079994738102,-1
91,40,latency_greedy,-3.3289195590130416,3.3289195590130416,1,5.308643766506261,34232.76796468226,0.038200432998375736,1595.6988142257098,0.9900990970400775,0.1614849475072403,0.00010149995796382427,-1
91,40,block_balanced,-5.168669718645739,5.168669718645739,1,10.644997509307053,2280915.511196273,0.05904206800627035,3189.1946483403703,0.5667577546492826,0.32267851059299624,0.00010909978300333023,-1
91,40,pdp_aware_greedy,-2.9816806288682867,2.9816806288682867,1,5.021499893079245,14681.993017772567,0.03410784947340838,1510.0996313268222,0.9900990970400775,0.1512907126723516,0.004233299987390637,-1
91,40,local_search,-2.9816806288682867,2.9816806288682867,1,5.021499893079245,14681.993017772567,0.03410784947340838,1510.0996313268222,0.9900990970400775,0.1512907126723516,0.024226099951192737,-1
91,40,beam_search,-0.954015936466009,0.954015936466009,1,6.06424240927799,85.37127085835543,0.009140383524205478,1821.7901993147116,0.9718618818860922,0.18515830305625544,0.48221340007148683,-1
91,40,simulated_annealing,-2.9816806288682867,2.9816806288682867,1,5.021499893079245,14681.993017772567,0.03410784947340838,1510.0996313268222,0.9900990970400775,0.1512907126723516,0.011514600133523345,-1
91,40,block_beam_strong,-1.1849941936614503,1.1849941936614503,1,5.149520603648293,162.8874409249559,0.01250092002941451,1548.676707927822,0.9640582836702227,0.15764620722978245,3.1795262000523508,-1
91,40,block_lns_strong,-0.954015936466009,0.954015936466009,1,6.06424240927799,85.37127085835543,0.009140383524205478,1821.7901993147116,0.9718618818860922,0.18515830305625544,0.12016779999248683,-1
91,40,hybrid_heuristic,-0.954015936466009,0.954015936466009,1,6.06424240927799,85.37127085835543,0.009140383524205478,1821.7901993147116,0.9718618818860922,0.18515830305625544,0.025508100166916847,-1
91,41,autoreg_rl_pure,-0.4321934793363369,0.4321934793363369,1,5.769514063518913,23.678278774681555,0.003154625273348183,1697.652985507504,0.9824036609918426,0.15919260289973086,2.929695300059393,945
91,41,random,-100.0,24.858729184653512,0,152.50484766330226,1.3051137802957823e+23,0.2453272940656151,44589.37146586753,0.9824036609918426,4.154408263473105,0.034433700144290924,-1
91,41,latency_greedy,-5.645234451332443,5.645234451332443,1,10.495169344762164,7592992.985556673,0.0631634496915972,3078.915583315665,0.9824036609918426,0.2876002203316614,0.00010569998994469643,-1
91,41,block_balanced,-5.670065762828988,5.670065762828988,1,14.881530828995023,5814338.452755725,0.06316577238835296,4361.276300925313,0.68481579801199,0.40613242053747445,0.00011179991997778416,-1
91,41,pdp_aware_greedy,-0.6390098190956645,0.6390098190956645,1,6.131726295295069,38.645604874351385,0.005408108571476137,1803.6383590608402,0.9776257198546763,0.16896145554960437,0.0037207999266684055,-1
91,41,local_search,-0.6372863339975559,0.6372863339975559,1,6.074418017096428,38.64519554689537,0.005408077599307632,1786.887948897785,0.9631874580423714,0.1671700176484654,0.03593180002644658,-1
91,41,beam_search,-0.4718188531499296,0.4718188531499296,1,7.0916053183255885,23.676067099985918,0.0031548563973009046,2084.1073502071354,0.9824036609918426,0.19555930924184112,0.48643569997511804,-1
91,41,simulated_annealing,-0.6372863339975559,0.6372863339975559,1,6.074418017096428,38.64519554689537,0.005408077599307632,1786.887948897785,0.9631874580423714,0.1671700176484654,0.011461100075393915,-1
91,41,block_beam_strong,-0.434260539649552,0.434260539649552,1,5.83903237175447,23.677184334650573,0.003154572551910372,1718.0130335448862,0.9824036609918426,0.161078324691608,1.3405683001037687,-1
91,41,block_lns_strong,-0.4321934793363369,0.4321934793363369,1,5.769514063518913,23.678278774681555,0.003154625273348183,1697.652985507504,0.9824036609918426,0.15919260289973086,0.11362649989314377,-1
91,41,hybrid_heuristic,-0.4321934793363369,0.4321934793363369,1,5.769514063518913,23.678278774681555,0.003154625273348183,1697.652985507504,0.9824036609918426,0.15919260289973086,0.024967700010165572,-1
91,42,autoreg_rl_pure,-0.14437596397482302,0.14437596397482302,1,4.81183884598369,12.389383956815198,3.815317172056172e-07,1409.990584430835,0.9902358206126459,0.1343826213722127,0.32681520003825426,1024
91,42,random,-100.0,21.286979559319136,0,166.64095721137588,5.987257198217549e+18,0.1978584605433603,48447.51947332879,0.7657304813295405,4.58577918329831,0.033387500094249845,-1
91,42,latency_greedy,-1.9738068521932188,1.9738068521932188,1,5.842337724275676,1111.1266483747072,0.02113380399493642,1709.312211925986,0.9359160310993263,0.16195269258151324,0.000107599887996912,-1
91,42,block_balanced,-2.978699698317601,2.978699698317601,1,10.956825871562728,9337.326818085761,0.03211058290350923,3196.1748794852047,0.5375009955351803,0.3019491826938532,0.000112100038677454,-1
91,42,pdp_aware_greedy,-1.399018754794558,1.399018754794558,1,5.5993116379953864,268.91261917586075,0.01443214626182638,1638.8562356007312,0.9939599671239007,0.15620451749250153,0.004234600113704801,-1
91,42,local_search,-1.399018754794558,1.399018754794558,1,5.5993116379953864,268.91261917586075,0.01443214626182638,1638.8562356007312,0.9939599671239007,0.15620451749250153,0.024171900004148483,-1
91,42,beam_search,-0.14437596397482302,0.14437596397482302,1,4.81183884598369,12.389383956815198,3.815317172056172e-07,1409.990584430835,0.9902358206126459,0.1343826213722127,0.4518347999546677,-1
91,42,simulated_annealing,-1.3953037698136255,1.3953037698136255,1,5.655102647353122,265.31417847671025,0.014438352102939199,1655.1228760134222,0.9359160310993263,0.15729278464417554,0.011603799881413579,-1
91,42,block_beam_strong,-0.14437596397482302,0.14437596397482302,1,4.81183884598369,12.389383956815198,3.815317172056172e-07,1409.990584430835,0.9902358206126459,0.1343826213722127,4.969071200117469,-1
91,42,block_lns_strong,-0.14437596397482302,0.14437596397482302,1,4.81183884598369,12.389383956815198,3.815317172056172e-07,1409.990584430835,0.9902358206126459,0.1343826213722127,0.11244620010256767,-1
91,42,hybrid_heuristic,-0.14437596397482302,0.14437596397482302,1,4.81183884598369,12.389383956815198,3.815317172056172e-07,1409.990584430835,0.9902358206126459,0.1343826213722127,0.025678500067442656,-1
91,43,autoreg_rl_pure,-0.28152258495224364,0.28152258495224364,1,4.424383809014902,17.97111332677124,0.0018666656358231435,1241.5863328092996,0.9786390014685217,0.10188567622357171,2.620632400037721,1024
91,43,random,-100.0,15.077074627137574,0,117.0328797524788,44745346361723.22,0.13984830783743368,32561.148638690356,0.9915242566818597,2.70122023767026,0.034101600060239434,-1
91,43,latency_greedy,-1.8332247058105575,1.8332247058105575,1,6.030865297087163,770.881637917773,0.019974710186452423,1688.1530157718003,0.9786390014685217,0.1410476284746754,0.00010289996862411499,-1
91,43,block_balanced,-3.607091600746692,3.607091600746692,1,9.613624794931017,49686.82662799938,0.039853886784469744,2684.8656939188527,0.6422765145768613,0.22320318221553684,0.00010990002192556858,-1
91,43,pdp_aware_greedy,-0.5396335169086612,0.5396335169086612,1,5.219683055520548,32.2783116911405,0.004552320046663024,1462.6906151892936,0.9915242566818597,0.12214098750081538,0.0043605000246316195,-1
91,43,local_search,-0.5396335169086612,0.5396335169086612,1,5.219683055520548,32.2783116911405,0.004552320046663024,1462.6906151892936,0.9915242566818597,0.12214098750081538,0.024206200148910284,-1
91,43,beam_search,-0.5056351448898996,0.5056351448898996,1,4.394917893952797,31.54001310677953,0.004517551548795828,1233.3910482208275,0.9786390014685217,0.10120712869893518,0.4749125000089407,-1
91,43,simulated_annealing,-0.5396335169086612,0.5396335169086612,1,5.219683055520548,32.2783116911405,0.004552320046663024,1462.6906151892936,0.9915242566818597,0.12214098750081538,0.012785200029611588,-1
91,43,block_beam_strong,-0.28225074992114807,0.28225074992114807,1,4.429176911196543,17.997387048384027,0.001799191993789522,1242.9292085781826,0.9634147718652919,0.10199605282697355,2.050327100092545,-1
91,43,block_lns_strong,-0.28152258495224364,0.28152258495224364,1,4.424383809014902,17.97111332677124,0.0018666656358231435,1241.5863328092996,0.9786390014685217,0.10188567622357171,0.08897310006432235,-1
91,43,hybrid_heuristic,-0.28152258495224364,0.28152258495224364,1,4.424383809014902,17.97111332677124,0.0018666656358231435,1241.5863328092996,0.9786390014685217,0.10188567622357171,0.02549999998882413,-1
91,44,autoreg_rl_pure,-0.611807833729461,0.611807833729461,1,6.081986792087607,36.23982136113562,0.005190900046559154,1580.4283304999901,0.9524023395578997,0.13875784289913756,0.4422424000222236,1024
91,44,random,-100.0,26.4263796445809,0,205.34295803391979,1.249268396241291e+23,0.24345772115745434,52991.347562084986,0.9218943314976006,4.664846323326778,0.04182060016319156,-1
91,44,latency_greedy,-1.8118617363469007,1.8118617363469007,1,4.576694736740617,815.0017109214365,0.019837855123967286,1191.630312787764,0.9524023395578997,0.10370240187165936,0.0001020999625325203,-1
91,44,block_balanced,-6.660175706629802,6.660175706629802,1,14.440055118433857,71429614.45603476,0.0756565147585973,3736.8390778568173,0.6145962209984004,0.32833481393134034,0.00011739996261894703,-1
91,44,pdp_aware_greedy,-0.8397455255951987,0.8397455255951987,1,4.296991621374323,73.24993930542715,0.008523194445601071,1119.4894480923178,0.9284319934120042,0.09736466546079102,0.00425220001488924,-1
91,44,local_search,-0.8397455255951987,0.8397455255951987,1,4.296991621374323,73.24993930542715,0.008523194445601071,1119.4894480923178,0.9284319934120042,0.09736466546079102,0.026718599954620004,-1
91,44,beam_search,-0.8404119616884775,0.8404119616884775,1,6.032546559667533,64.4169559215821,0.008146679025642312,1567.652930906116,0.9524023395578997,0.137260514783927,0.47089409991167486,-1
91,44,simulated_annealing,-0.8397455255951987,0.8397455255951987,1,4.296991621374323,73.24993930542715,0.008523194445601071,1119.4894480923178,0.9284319934120042,0.09736466546079102,0.012111299904063344,-1
91,44,block_beam_strong,-0.6125143501336402,0.6125143501336402,1,6.201865324637145,35.978946678646324,0.005190951288958108,1611.3761187658524,0.9524023395578997,0.1416673349244861,2.4211163998115808,-1
91,44,block_lns_strong,-0.611807833729461,0.611807833729461,1,6.081986792087607,36.23982136113562,0.005190900046559154,1580.4283304999901,0.9524023395578997,0.13875784289913756,0.11358799994923174,-1
91,44,hybrid_heuristic,-0.611807833729461,0.611807833729461,1,6.081986792087607,36.23982136113562,0.005190900046559154,1580.4283304999901,0.9524023395578997,0.13875784289913756,0.025966099929064512,-1
91,45,autoreg_rl_pure,-0.12822932217054736,0.12822932217054736,1,4.226078719207621,12.433635969586676,2.6290213299314034e-05,1148.8796611117198,0.9694374855011212,0.11690476137000233,0.3337854999117553,1024
91,45,random,-100.0,16.24809122962902,0,135.13962714768596,214975248659071.6,0.14667079168259545,36397.90260230571,0.9694374855011212,3.697200460213061,0.03277590009383857,-1
91,45,latency_greedy,-1.3778656441151615,1.3778656441151615,1,7.627015841222909,219.07757681283886,0.013702475971253134,2064.426265780825,0.9985715771843311,0.2075493273386126,0.00010469998233020306,-1
91,45,block_balanced,-3.1388456054669853,3.1388456054669853,1,10.285773875522937,14654.004912027389,0.033720178572945465,2780.5542399571304,0.5325497526275337,0.28254226190762455,0.0001105000264942646,-1
91,45,pdp_aware_greedy,-0.5601619116288475,0.5601619116288475,1,4.2869636912237485,36.440124142386985,0.005318885100576413,1165.2520219869148,0.9575535279020148,0.1190543521908067,0.00418430007994175,-1
91,45,local_search,-0.5601619116288475,0.5601619116288475,1,4.2869636912237485,36.440124142386985,0.005318885100576413,1165.2520219869148,0.9575535279020148,0.1190543521908067,0.024722000118345022,-1
91,45,beam_search,-0.12822932217054736,0.12822932217054736,1,4.226078719207621,12.433635969586676,2.6290213299314034e-05,1148.8796611117198,0.9694374855011212,0.11690476137000233,0.4414953999221325,-1
91,45,simulated_annealing,-0.5601619116288475,0.5601619116288475,1,4.2869636912237485,36.440124142386985,0.005318885100576413,1165.2520219869148,0.9575535279020148,0.1190543521908067,0.011226000031456351,-1
91,45,block_beam_strong,-0.19617154017716082,0.19617154017716082,1,4.367828481832117,14.579693307706663,0.0008272593355796233,1187.0889352486624,0.9651550179629618,0.11885905080135974,6.131248600082472,-1
91,45,block_lns_strong,-0.12822932217054736,0.12822932217054736,1,4.226078719207621,12.433635969586676,2.6290213299314034e-05,1148.8796611117198,0.9694374855011212,0.11690476137000233,0.11075600003823638,-1
91,45,hybrid_heuristic,-0.12822932217054736,0.12822932217054736,1,4.226078719207621,12.433635969586676,2.6290213299314034e-05,1148.8796611117198,0.9694374855011212,0.11690476137000233,0.02585379988886416,-1
91,46,autoreg_rl_pure,-0.12051243890434239,0.12051243890434239,1,4.017081296321452,12.388739769560626,2.8687015091730907e-13,1034.8860452902732,0.9490755917911239,0.09280168303776061,0.3382214999292046,1024
91,46,random,-100.0,17.308433494826705,0,103.20928420318008,3.3394760079728252e+16,0.17016424922311685,26316.078432599163,0.9961312395288282,2.355390543955576,0.034302900079637766,-1
91,46,latency_greedy,-2.4733424081404722,2.4733424081404722,1,6.201811552211208,3770.670555674531,0.027716910497994306,1591.439417309226,0.9962337588750306,0.14193330588881511,0.00010229996405541897,-1
91,46,block_balanced,-3.0356662312344627,3.0356662312344627,1,9.602174009342775,11917.82555745803,0.03279123987282865,2458.2347505298926,0.5485911246739615,0.21902859700486793,0.0001105000264942646,-1
91,46,pdp_aware_greedy,-0.4027983181592425,0.4027983181592425,1,3.987098592239094,25.14732119866355,0.0034352725511617483,1027.0301262714365,0.970145489031036,0.09154596667854387,0.0045698999892920256,-1
91,46,local_search,-0.40159336109394694,0.40159336109394694,1,3.946933356729243,25.14732119866355,0.0034352725511617483,1016.7930501732254,0.970145489031036,0.09079869587543737,0.03698189998976886,-1
91,46,beam_search,-0.12051243890434239,0.12051243890434239,1,4.017081296321452,12.388739769560626,2.8687015091730907e-13,1034.8860452902732,0.9490755917911239,0.09280168303776061,0.4478969001211226,-1
91,46,simulated_annealing,-0.40159336109394694,0.40159336109394694,1,3.946933356729243,25.14732119866355,0.0034352725511617483,1016.7930501732254,0.970145489031036,0.09079869587543737,0.013881099876016378,-1
91,46,block_beam_strong,-0.1192424333248456,0.1192424333248456,1,3.8009236935592345,12.551306744338588,7.533450125749094e-05,979.6419999936838,0.9962337588750306,0.08790663320812112,3.5015543999616057,-1
91,46,block_lns_strong,-0.1192424333248456,0.1192424333248456,1,3.8009236935592345,12.551306744338588,7.533450125749094e-05,979.6419999936838,0.9962337588750306,0.08790663320812112,0.09797849995084107,-1
91,46,hybrid_heuristic,-0.1192424333248456,0.1192424333248456,1,3.8009236935592345,12.551306744338588,7.533450125749094e-05,979.6419999936838,0.9962337588750306,0.08790663320812112,0.02640830003656447,-1
91,47,autoreg_rl_pure,-0.14211462090116236,0.14211462090116236,1,4.716243355873866,12.4081842800856,5.678755395896008e-06,1186.8646129439394,0.9944612002821918,0.11090656108619974,2.70946679986082,966
91,47,random,-100.0,13.618083347807257,0,134.81624367874238,307204064992.4027,0.11589657905250124,33615.28334181594,0.9006384946957604,3.1788917778056867,0.03383859992027283,-1
91,47,latency_greedy,-2.829165109096709,2.829165109096709,1,8.648009896237687,7639.596047822088,0.03114886370011496,2166.451802836497,0.9998702577442734,0.20586406169452487,0.00011110003106296062,-1
91,47,block_balanced,-6.39251742503146,6.39251742503146,1,35.73870523194016,7405093.6102783345,0.06489837829512526,8919.472594871451,0.6004256631305069,0.8427428627308848,0.0002967000473290682,-1
91,47,pdp_aware_greedy,-0.2552882598643706,0.2552882598643706,1,4.816340168200917,16.3427294087703,0.001334535979920653,1211.812814472026,0.9998702577442734,0.11326042461553983,0.005164100090041757,-1
91,47,local_search,-0.2552882598643706,0.2552882598643706,1,4.816340168200917,16.3427294087703,0.001334535979920653,1211.812814472026,0.9998702577442734,0.11326042461553983,0.025775999994948506,-1
91,47,beam_search,-0.16504890209679962,0.16504890209679962,1,5.480719395728442,12.4081842800856,5.678755395896403e-06,1377.4165522332855,0.9944612002821918,0.1288838795185642,0.4561713000293821,-1
91,47,simulated_annealing,-0.2552882598643706,0.2552882598643706,1,4.816340168200917,16.3427294087703,0.001334535979920653,1211.812814472026,0.9998702577442734,0.11326042461553983,0.011471700156107545,-1
91,47,block_beam_strong,-0.14211462090116236,0.14211462090116236,1,4.716243355873866,12.4081842800856,5.678755395896008e-06,1186.8646129439394,0.9944612002821918,0.11090656108619974,3.010418700054288,-1
91,47,block_lns_strong,-0.14211462090116236,0.14211462090116236,1,4.716243355873866,12.4081842800856,5.678755395896008e-06,1186.8646129439394,0.9944612002821918,0.11090656108619974,0.09660120005719364,-1
91,47,hybrid_heuristic,-0.14211462090116236,0.14211462090116236,1,4.716243355873866,12.4081842800856,5.678755395896008e-06,1186.8646129439394,0.9944612002821918,0.11090656108619974,0.02551009994931519,-1
91,48,autoreg_rl_pure,-0.18781742381019892,0.18781742381019892,1,5.968854783151443,12.662785645560621,9.657203548812929e-05,1549.5431806418449,0.9233382450812693,0.18071259225423816,0.329022099962458,1024
91,48,random,-100.0,23.135725409118255,0,162.3957452250316,8.370542924709593e+20,0.21976510441521557,41846.2802879435,0.9183432073892295,4.857371520054947,0.0351114000659436,-1
91,48,latency_greedy,-2.8746806029763556,2.8746806029763556,1,10.449896004483513,7478.199130459295,0.030712879512423102,2703.2570185246414,0.9297007415528478,0.3132718623854795,0.00010650022886693478,-1
91,48,block_balanced,-3.4814086957929478,3.4814086957929478,1,13.553565493865138,27005.40484397012,0.0369578680291968,3503.095734729836,0.6263637693092119,0.40664611775633774,0.0001113000325858593,-1
91,48,pdp_aware_greedy,-0.867538091779138,0.867538091779138,1,6.710260117106501,65.5205410688251,0.00806149959234808,1740.143656658322,0.9849102264755905,0.20320077652664106,0.0042825001291930676,-1
91,48,local_search,-0.8654718382218418,0.8654718382218418,1,6.641384998530029,65.52054106882477,0.008061499592348066,1722.4067863080509,0.9297007415528478,0.20063593286769463,0.0374940000474453,-1
91,48,beam_search,-0.37167986825246235,0.37167986825246235,1,6.181801487788636,19.734187464597536,0.0022170541043489626,1604.4508911779076,0.9926615527518191,0.18738128247059926,0.4602562999352813,-1
91,48,simulated_annealing,-0.8654718382218418,0.8654718382218418,1,6.641384998530029,65.52054106882477,0.008061499592348066,1722.4067863080509,0.9297007415528478,0.20063593286769463,0.013408300001174212,-1
91,48,block_beam_strong,-0.18781742381019892,0.18781742381019892,1,5.968854783151443,12.662785645560621,9.657203548812929e-05,1549.5431806418449,0.9233382450812693,0.18071259225423816,2.4747025999240577,-1
91,48,block_lns_strong,-0.18781742381019892,0.18781742381019892,1,5.968854783151443,12.662785645560621,9.657203548812929e-05,1549.5431806418449,0.9233382450812693,0.18071259225423816,0.08911910001188517,-1
91,48,hybrid_heuristic,-0.18781742381019892,0.18781742381019892,1,5.968854783151443,12.662785645560621,9.657203548812929e-05,1549.5431806418449,0.9233382450812693,0.18071259225423816,0.02396350004710257,-1
91,49,autoreg_rl_pure,-0.5511809316757084,0.5511809316757084,1,5.073272288401956,33.59055359637996,0.0050193088949722214,1267.1477720161981,0.9800383105188732,0.12413287291873132,0.9934497000649571,1014
91,49,random,-100.0,21.656455534187348,0,128.64204997094745,2.606663900458737e+20,0.21484494030960186,31867.570366885302,0.98388723025515,3.1152014144754543,0.03408559993840754,-1
91,49,latency_greedy,-3.090337061320329,3.090337061320329,1,5.709322942221204,18295.88425710145,0.03435140508017885,1424.6480597066563,0.9800383105188732,0.13965480375850758,0.00010449998080730438,-1
91,49,block_balanced,-1.6129060251274552,1.6129060251274552,1,7.623195414684806,394.37939743940416,0.016454212148872403,1898.707592335903,0.6551261308127218,0.1851061430655571,0.00010999990627169609,-1
91,49,pdp_aware_greedy,-1.9045163850046452,1.9045163850046452,1,5.345609590383004,969.8662934089713,0.020523565066763526,1334.6252807273108,0.9800383105188732,0.13087585882564767,0.003977200016379356,-1
91,49,local_search,-1.0826142550453606,1.0826142550453606,1,8.474751239438639,98.26985055092351,0.00984563353746513,2109.596706708819,0.7131836407585986,0.20579339125973203,0.034667199943214655,-1
91,49,beam_search,-1.9045163850046452,1.9045163850046452,1,5.345609590383004,969.8662934089713,0.020523565066763526,1334.6252807273108,0.9800383105188732,0.13087585882564767,0.4305863999761641,-1
91,49,simulated_annealing,-1.0826142550453606,1.0826142550453606,1,8.474751239438639,98.26985055092351,0.00984563353746513,2109.596706708819,0.7131836407585986,0.20579339125973203,0.012897799955680966,-1
91,49,block_beam_strong,-0.5527710400695055,0.5527710400695055,1,5.0975659308829115,33.66296030878015,0.004837081935198614,1273.1663166025926,0.9800383105188732,0.12472095315575757,1.9469476998783648,-1
91,49,block_lns_strong,-0.5511929101176076,0.5511929101176076,1,5.044961599152984,33.66296030878015,0.004837081935198614,1260.139620330836,0.9800383105188732,0.1232699604612131,0.10849419981241226,-1
91,49,hybrid_heuristic,-0.5511929101176076,0.5511929101176076,1,5.044961599152984,33.66296030878015,0.004837081935198614,1260.139620330836,0.9800383105188732,0.1232699604612131,0.02480800007469952,-1
91,50,autoreg_rl_pure,-0.12337634652920916,0.12337634652920916,1,4.108460883023494,12.392535022502772,6.0353844383428e-06,1128.2652234391403,0.9605706080736376,0.1130342197046706,0.3230564999394119,1024
91,50,random,-100.0,11.968807216354662,0,111.1314810788228,29390723576.44602,0.10374920969075077,30232.973296918182,0.7462379808021279,3.065431896888604,0.03228239994496107,-1
91,50,latency_greedy,-0.6052980781993437,0.6052980781993437,1,4.0663935150340285,41.47345810061561,0.005889475633594671,1116.5507111562354,0.9605706080736376,0.11309429876367502,0.00010040006600320339,-1
91,50,block_balanced,-2.3220218064095666,2.3220218064095666,1,7.646794761027852,2317.7053127663685,0.025356377073078827,2090.441260647144,0.5498549010310572,0.21194969108331307,0.00011470005847513676,-1
91,50,pdp_aware_greedy,-0.41514425576615355,0.41514425576615355,1,4.51780036345982,24.9235612016635,0.003392493149084681,1239.6041945033207,0.9643994586492711,0.12429619105667356,0.004028599942103028,-1
91,50,local_search,-0.40937369514750843,0.40937369514750843,1,4.317653956703609,24.938135250578974,0.003393954635301921,1185.1061539238183,0.9550124850790501,0.11878965380135642,0.037109200144186616,-1
91,50,beam_search,-0.12527128382333033,0.12527128382333033,1,4.175709262332564,12.388739953491744,6.645839011617258e-11,1146.6280564595431,0.955875849058635,0.11488439384482461,0.4691591998562217,-1
91,50,simulated_annealing,-0.40937369514750843,0.40937369514750843,1,4.317653956703609,24.938135250578974,0.003393954635301921,1185.1061539238183,0.9550124850790501,0.11878965380135642,0.010789499850943685,-1
91,50,block_beam_strong,-0.1264908059922669,0.1264908059922669,1,4.2122761961178,12.392535024678546,6.035388304582751e-06,1156.5412631897611,0.9605706080736376,0.1158904432986446,4.444702500011772,-1
91,50,block_lns_strong,-0.12337634652920916,0.12337634652920916,1,4.108460883023494,12.392535022502772,6.0353844383428e-06,1128.2652234391403,0.9605706080736376,0.1130342197046706,0.10661350004374981,-1
91,50,hybrid_heuristic,-0.12337634652920916,0.12337634652920916,1,4.108460883023494,12.392535022502772,6.0353844383428e-06,1128.2652234391403,0.9605706080736376,0.1130342197046706,0.025701399892568588,-1
91,51,autoreg_rl_pure,-0.14889598252395095,0.14889598252395095,1,4.146826327980104,13.170980449133841,0.00024251218904975077,1189.4991745121235,0.9997064890559941,0.11436198712688274,0.4767714999616146,1020
91,51,random,-100.0,20.671072573358643,0,181.44533358064922,4.2296650725881754e+17,0.184198228219471,51576.651320520876,0.7597080726646529,4.922258323899045,0.03478800016455352,-1
91,51,latency_greedy,-1.1508202852799059,1.1508202852799059,1,4.510913346830023,156.88611957147464,0.012186837719740712,1292.8280769811581,0.9658082548980877,0.1221177748825004,0.0002807001583278179,-1
91,51,block_balanced,-2.4172124541608646,2.4172124541608646,1,8.626909618491993,2732.0318832862076,0.02596228474806056,2462.826405120777,0.6456137666734472,0.2352093652297435,0.00019509997218847275,-1
91,51,pdp_aware_greedy,-1.4311426739755,1.4311426739755,1,6.181622438168413,278.94732898331074,0.01498088362277634,1767.7404116471696,0.9997064890559941,0.16965592221859369,0.0037248998414725065,-1
91,51,local_search,-1.1508202852799059,1.1508202852799059,1,4.510913346830023,156.88611957147464,0.012186837719740712,1292.8280769811581,0.9658082548980877,0.1221177748825004,0.025112800067290664,-1
91,51,beam_search,-0.14889598252395095,0.14889598252395095,1,4.146826327980104,13.170980449133841,0.00024251218904975077,1189.4991745121235,0.9997064890559941,0.11436198712688274,0.48367620003409684,-1
91,51,simulated_annealing,-1.1508202852799059,1.1508202852799059,1,4.510913346830023,156.88611957147464,0.012186837719740712,1292.8280769811581,0.9658082548980877,0.1221177748825004,0.012215799884870648,-1
91,51,block_beam_strong,-0.3728330225402883,0.3728330225402883,1,5.634206598391121,20.62089822263148,0.002534136813351148,1612.186290362754,0.8957011814078368,0.1543398120495137,2.267530499957502,-1
91,51,block_lns_strong,-0.14889598252395095,0.14889598252395095,1,4.146826327980104,13.170980449133841,0.00024251218904975077,1189.4991745121235,0.9997064890559941,0.11436198712688274,0.09952850011177361,-1
91,51,hybrid_heuristic,-0.14889598252395095,0.14889598252395095,1,4.146826327980104,13.170980449133841,0.00024251218904975077,1189.4991745121235,0.9997064890559941,0.11436198712688274,0.024687099969014525,-1
91,52,autoreg_rl_pure,-0.1313952045632977,0.1313952045632977,1,4.341878388962244,12.424062409719813,1.568337215751468e-05,1135.205737490108,0.9756290684122089,0.10817376993860932,0.3276278998237103,1024
91,52,random,-100.0,12.47683074254444,0,97.65989535450593,287466647480.33136,0.11472499618837857,25292.936857581168,0.6929882275002898,2.441619271125056,0.03709070011973381,-1
91,52,latency_greedy,-4.949622554116184,4.949622554116184,1,39.10384955087488,156069.33551080688,0.04552114782295662,10134.036945945929,0.9442845178856386,0.9774138490480712,0.00010829977691173553,-1
91,52,block_balanced,-100.0,5.725299533308754,0,50.22724924470955,471178.8933119757,0.05073063659410456,13013.774131908613,0.5758338700072134,1.2541171534272206,0.00011499994434416294,-1
91,52,pdp_aware_greedy,-0.1313952045632977,0.1313952045632977,1,4.341878388962244,12.424062409719813,1.568337215751468e-05,1135.205737490108,0.9756290684122089,0.10817376993860932,0.0048247999511659145,-1
91,52,local_search,-0.1313952045632977,0.1313952045632977,1,4.341878388962244,12.424062409719813,1.568337215751468e-05,1135.205737490108,0.9756290684122089,0.10817376993860932,0.0253175999969244,-1
91,52,beam_search,-0.1313952045632977,0.1313952045632977,1,4.341878388962244,12.424062409719813,1.568337215751468e-05,1135.205737490108,0.9756290684122089,0.10817376993860932,0.4508881000801921,-1
91,52,simulated_annealing,-0.1313952045632977,0.1313952045632977,1,4.341878388962244,12.424062409719813,1.568337215751468e-05,1135.205737490108,0.9756290684122089,0.10817376993860932,0.012009600177407265,-1
91,52,block_beam_strong,-0.1313952045632977,0.1313952045632977,1,4.341878388962244,12.424062409719813,1.568337215751468e-05,1135.205737490108,0.9756290684122089,0.10817376993860932,3.2743516999762505,-1
91,52,block_lns_strong,-0.1313952045632977,0.1313952045632977,1,4.341878388962244,12.424062409719813,1.568337215751468e-05,1135.205737490108,0.9756290684122089,0.10817376993860932,0.09376320010051131,-1
91,52,hybrid_heuristic,-0.1313952045632977,0.1313952045632977,1,4.341878388962244,12.424062409719813,1.568337215751468e-05,1135.205737490108,0.9756290684122089,0.10817376993860932,0.02512230002321303,-1
91,53,autoreg_rl_pure,-0.6947301888614557,0.6947301888614557,1,5.83662711787551,45.4160885322932,0.006341717379108547,1399.3820527231396,0.9634388377864603,0.17811321859607432,0.34301030007191,1024
91,53,random,-100.0,25.39105911275943,0,202.3993367313925,1.1707135773758162e+22,0.23204455956105294,48151.59242456485,0.9249186804327708,6.142497039256192,0.03234030003659427,-1
91,53,latency_greedy,-2.4655277961773225,2.4655277961773225,1,5.056898828341383,4029.268219632516,0.02806665054705669,1213.8314192853406,0.9634388377864603,0.153251836028314,0.00010139984078705311,-1
91,53,block_balanced,-5.343255257925352,5.343255257925352,1,18.07391104816018,2021565.548312314,0.05780162067056419,4310.130832409968,0.6142581609508672,0.5492213027875226,0.00011060014367103577,-1
91,53,pdp_aware_greedy,-1.1744183421113479,1.1744183421113479,1,5.962206250531052,149.2568076168341,0.012074927543310184,1429.1991532729362,0.9634388377864603,0.18117774056115,0.0038464998360723257,-1
91,53,local_search,-1.1744183421113479,1.1744183421113479,1,5.962206250531052,149.2568076168341,0.012074927543310184,1429.1991532729362,0.9634388377864603,0.18117774056115,0.025874299928545952,-1
91,53,beam_search,-0.928782910239451,0.928782910239451,1,5.263213519713366,85.11508130790033,0.009383341428265433,1263.2150420958383,0.9806455267372971,0.1622673899124892,0.4402018999680877,-1
91,53,simulated_annealing,-1.1744183421113479,1.1744183421113479,1,5.962206250531052,149.2568076168341,0.012074927543310184,1429.1991532729362,0.9634388377864603,0.18117774056115,0.011089100036770105,-1
91,53,block_beam_strong,-0.7566927443524285,0.7566927443524285,1,6.034113237900048,52.2458961384573,0.006795390719962034,1446.4412551701953,0.8012707606000101,0.18485144475010085,2.3379343999549747,-1
91,53,block_lns_strong,-0.6906577395413398,0.6906577395413398,1,5.700878934266596,45.41608809949509,0.006341717404428012,1367.0984504422177,0.8750796764147023,0.1739993023241132,0.11963349999859929,-1
91,53,hybrid_heuristic,-0.6906577395413398,0.6906577395413398,1,5.700878934266596,45.41608809949509,0.006341717404428012,1367.0984504422177,0.8750796764147023,0.1739993023241132,0.023597799940034747,-1
91,54,autoreg_rl_pure,-0.1151948110581714,0.1151948110581714,1,3.8227802669345983,12.404588996888835,4.794131729566704e-06,1194.265489494528,0.9891189116072568,0.09736886761875267,0.3242123001255095,1024
91,54,random,-100.0,16.955627364740128,0,125.93295076016749,2514587280348486.0,0.15918534132587284,38996.42457659126,0.9257060482840554,3.1584013009503225,0.033031499944627285,-1
91,54,latency_greedy,-2.5971445955223493,2.5971445955223493,1,7.23600756207364,4754.9853716830585,0.02887018780868025,2250.902857354879,0.9970331066310646,0.18354782022642152,0.00010710000060498714,-1
91,54,block_balanced,-4.862513731861256,4.862513731861256,1,10.121635950437707,1103447.1498045411,0.05473694031876124,3144.3886418511665,0.5859933112588875,0.25472237341839843,0.00011069979518651962,-1
91,54,pdp_aware_greedy,-0.22128093477939184,0.22128093477939184,1,3.939920824153528,16.03054960490566,0.0012224843215893337,1230.5768710590828,0.9782491814899623,0.10031487312763153,0.0041467000264674425,-1
91,54,local_search,-0.1692451797968628,0.1692451797968628,1,3.97590740426305,14.037156801707848,0.00065604618444387,1241.7328176235378,0.930130988386483,0.10088471776390806,0.035227700136601925,-1
91,54,beam_search,-0.1151948110581714,0.1151948110581714,1,3.8227802669345983,12.404588996888835,4.794131729566704e-06,1194.265489494528,0.9891189116072568,0.09736886761875267,0.42418959992937744,-1
91,54,simulated_annealing,-0.1692451797968628,0.1692451797968628,1,3.97590740426305,14.037156801707848,0.00065604618444387,1241.7328176235378,0.930130988386483,0.10088471776390806,0.01199520006775856,-1
91,54,block_beam_strong,-0.1151948110581714,0.1151948110581714,1,3.8227802669345983,12.404588996888835,4.794131729566704e-06,1194.265489494528,0.9891189116072568,0.09736886761875267,4.197273999918252,-1
91,54,block_lns_strong,-0.1151948110581714,0.1151948110581714,1,3.8227802669345983,12.404588996888835,4.794131729566704e-06,1194.265489494528,0.9891189116072568,0.09736886761875267,0.1001176000572741,-1
91,54,hybrid_heuristic,-0.1151948110581714,0.1151948110581714,1,3.8227802669345983,12.404588996888835,4.794131729566704e-06,1194.265489494528,0.9891189116072568,0.09736886761875267,0.024630999891087413,-1
91,55,autoreg_rl_pure,-0.6110980549189928,0.6110980549189928,1,6.063999770105315,36.22440748157339,0.005258292648254993,1780.6853174737648,0.9498681748412608,0.18306060043752492,5.668209200026467,854
91,55,random,-100.0,19.088366780706124,0,121.89649756762135,7.039386561423835e+17,0.18488881544305427,35581.766771823684,0.6741921678652525,3.6506014328936223,0.03365670004859567,-1
91,55,latency_greedy,-1.7545311507673715,1.7545311507673715,1,6.138547996323007,628.1159317392986,0.01896129263859847,1802.2295687865412,0.9899583810772509,0.18575870655691712,0.00010519986972212791,-1
91,55,block_balanced,-2.8863411378598784,2.8863411378598784,1,8.93242117442231,8627.492912623156,0.03177224518513288,2617.724781610227,0.63227716406685,0.2682068159033207,0.00011410005390644073,-1
91,55,pdp_aware_greedy,-0.848949882353059,0.848949882353059,1,4.60751885300265,73.2295310183863,0.008719928873162532,1355.5371107582453,0.9899583810772509,0.13993907882180073,0.00389110017567873,-1
91,55,local_search,-0.848949882353059,0.848949882353059,1,4.60751885300265,73.2295310183863,0.008719928873162532,1355.5371107582453,0.9899583810772509,0.13993907882180073,0.02409949991852045,-1
91,55,beam_search,-0.7942279296723431,0.7942279296723431,1,5.9424019369134164,57.782020069834026,0.007530329061090075,1745.0908893517108,0.9498681748412608,0.1794416893771349,0.4853655998595059,-1
91,55,simulated_annealing,-0.848949882353059,0.848949882353059,1,4.60751885300265,73.2295310183863,0.008719928873162532,1355.5371107582453,0.9899583810772509,0.13993907882180073,0.011347699910402298,-1
91,55,block_beam_strong,-0.5484912898797619,0.5484912898797619,1,4.6875361266742654,34.34481262964807,0.004934334687147864,1378.9344095066417,0.9899583810772509,0.1423238500131508,3.375359700061381,-1
91,55,block_lns_strong,-0.5436916658159943,0.5436916658159943,1,4.664393117630496,33.99412303061392,0.004934578562596703,1372.196915381121,0.9144355942663002,0.14120307465199727,0.09900270006619394,-1
91,55,hybrid_heuristic,-0.5436916658159943,0.5436916658159943,1,4.664393117630496,33.99412303061392,0.004934578562596703,1372.196915381121,0.9144355942663002,0.14120307465199727,0.02483300003223121,-1
91,56,autoreg_rl_pure,-0.10667537084206546,0.10667537084206546,1,3.555741318983225,12.38883675078747,6.109355954205642e-08,895.7769455698676,0.9766099748475775,0.09937678360434184,0.32964399992488325,1024
91,56,random,-100.0,18.208165321464328,0,153.89628041998236,7072428072863489.0,0.16345681324296582,38316.29090200197,0.8942338640550788,4.211122694516635,0.035085099982097745,-1
91,56,latency_greedy,-0.6540089918213823,0.6540089918213823,1,3.7644233227803805,47.917400576059215,0.006641275829523299,947.6944528384341,0.9995722773672583,0.10509046620014306,0.0001175999641418457,-1
91,56,block_balanced,-4.070030543352734,4.070030543352734,1,10.647040989487445,146288.54136653547,0.045471275044928955,2661.1240867537526,0.6500072441256256,0.2921093379732797,0.00012119999155402184,-1
91,56,pdp_aware_greedy,-0.6540089918213823,0.6540089918213823,1,3.7644233227803805,47.917400576059215,0.006641275829523299,947.6944528384341,0.9995722773672583,0.10509046620014306,0.0045409000013023615,-1
91,56,local_search,-0.6390868728622529,0.6390868728622529,1,3.7645133187059083,46.16244829761659,0.006484798025430639,947.7249315429609,0.9766099748475775,0.10509130342254822,0.03630720009095967,-1
91,56,beam_search,-0.1050496202849284,0.1050496202849284,1,3.5014360623531866,12.388942277544656,7.443495916438443e-08,882.2443935366582,0.9766099748475775,0.09789267725684034,0.4323201000224799,-1
91,56,simulated_annealing,-0.6390868728622529,0.6390868728622529,1,3.7645133187059083,46.16244829761659,0.006484798025430639,947.7249315429609,0.9766099748475775,0.10509130342254822,0.01075370004400611,-1
91,56,block_beam_strong,-0.10667537084206546,0.10667537084206546,1,3.555741318983225,12.38883675078747,6.109355954205642e-08,895.7769455698676,0.9766099748475775,0.09937678360434184,2.2330679001752287,-1
91,56,block_lns_strong,-0.1050496202849284,0.1050496202849284,1,3.5014360623531866,12.388942277544656,7.443495916438443e-08,882.2443935366582,0.9766099748475775,0.09789267725684034,0.08010759996250272,-1
91,56,hybrid_heuristic,-0.1050496202849284,0.1050496202849284,1,3.5014360623531866,12.388942277544656,7.443495916438443e-08,882.2443935366582,0.9766099748475775,0.09789267725684034,0.025108400033786893,-1
91,57,autoreg_rl_pure,-0.14528982280625904,0.14528982280625904,1,4.842988445331012,12.388745017172665,2.3564438400596074e-09,1393.9161521600681,0.9913781183946768,0.12757784761167934,0.8119905998464674,1024
91,57,random,-100.0,32.39078278442525,0,279.69275948084163,1.4148032366821793e+27,0.3313967676294507,79854.42116856987,0.7600269944501782,7.287703906002985,0.03278949996456504,-1
91,57,latency_greedy,-3.4539971517247565,3.4539971517247565,1,6.363920776468398,43238.5093803406,0.03899275040928998,1827.7106636100689,0.9853264719620506,0.16475946164689734,0.0001020999625325203,-1
91,57,block_balanced,-6.096958403790788,6.096958403790788,1,24.623236524105604,8141143.82449112,0.0642753813921293,7040.578603752527,0.5323903434050631,0.6439329560991475,0.00010879989713430405,-1
91,57,pdp_aware_greedy,-0.14545207705327234,0.14545207705327234,1,4.848396444051945,12.388745459617663,2.2615288138947874e-09,1395.423894157112,0.9876636454952933,0.12747751172335553,0.004438900155946612,-1
91,57,local_search,-0.14545207705327234,0.14545207705327234,1,4.848396444051945,12.388745459617663,2.2615288138947874e-09,1395.423894157112,0.9876636454952933,0.12747751172335553,0.025376399978995323,-1
91,57,beam_search,-0.14528982280625904,0.14528982280625904,1,4.842988445331012,12.388745017172665,2.3564438400596074e-09,1393.9161521600681,0.9913781183946768,0.12757784761167934,0.4739934999961406,-1
91,57,simulated_annealing,-0.14545207705327234,0.14545207705327234,1,4.848396444051945,12.388745459617663,2.2615288138947874e-09,1395.423894157112,0.9876636454952933,0.12747751172335553,0.01134889991953969,-1
91,57,block_beam_strong,-0.14545207705327234,0.14545207705327234,1,4.848396444051945,12.388745459617663,2.2615288138947874e-09,1395.423894157112,0.9876636454952933,0.12747751172335553,4.857771399896592,-1
91,57,block_lns_strong,-0.14528982280625904,0.14528982280625904,1,4.842988445331012,12.388745017172665,2.3564438400596074e-09,1393.9161521600681,0.9913781183946768,0.12757784761167934,0.1097907000221312,-1
91,57,hybrid_heuristic,-0.14528982280625904,0.14528982280625904,1,4.842988445331012,12.388745017172665,2.3564438400596074e-09,1393.9161521600681,0.9913781183946768,0.12757784761167934,0.024176300037652254,-1
91,58,autoreg_rl_pure,-0.13433284405024673,0.13433284405024673,1,4.447386275667193,12.416995218623141,1.477964069083052e-05,1315.688559832708,0.983175826777657,0.13692407869798567,0.3243686000350863,1024
91,58,random,-100.0,18.482310376772805,0,139.9847118454683,3.9842498158344824e+16,0.17037051590710067,41072.64930445403,0.6835044914646965,4.328313780430527,0.034076099982485175,-1
91,58,latency_greedy,-0.4786999942206084,0.4786999942206084,1,4.687372775992557,28.84639430177906,0.003996663918174358,1385.988788497097,0.987516881439653,0.14712638619162138,0.00010369997471570969,-1
91,58,block_balanced,-3.0099337114732743,3.0099337114732743,1,9.270499840397527,11456.754727466601,0.033219038779328455,2730.6255842341484,0.6219470618604875,0.2873917519577392,0.00012159999459981918,-1
91,58,pdp_aware_greedy,-1.0310598875310661,1.0310598875310661,1,4.581141032459984,115.68281798752842,0.011013457781741696,1354.8296631673268,0.9868734215818712,0.14316605204869925,0.0040132999420166016,-1
91,58,local_search,-0.46736177625523967,0.46736177625523967,1,4.623857667853422,28.174099331219427,0.003907627578114865,1367.3588431546796,0.9868734215818712,0.1449338879698185,0.03596109990030527,-1
91,58,beam_search,-0.46627414151926383,0.46627414151926383,1,5.417602323080901,26.47373624595004,0.0037469873779022605,1600.1868163135027,0.9868734215818712,0.16891863670981352,0.4911922998726368,-1
91,58,simulated_annealing,-0.46736177625523967,0.46736177625523967,1,4.623857667853422,28.174099331219427,0.003907627578114865,1367.3588431546796,0.9868734215818712,0.1449338879698185,0.01059019984677434,-1
91,58,block_beam_strong,-0.1687477605615979,0.1687477605615979,1,5.562887514582038,12.446516875443834,2.538220018337081e-05,1642.983714607112,0.9610786557455382,0.17126761666781562,2.5098081999458373,-1
91,58,block_lns_strong,-0.16550609612926037,0.16550609612926037,1,5.489945217239194,12.413782234973457,1.5489114051142384e-05,1621.5678582608184,0.983175826777657,0.16902190283890267,0.11605660011991858,-1
91,58,hybrid_heuristic,-0.16550609612926037,0.16550609612926037,1,5.489945217239194,12.413782234973457,1.5489114051142384e-05,1621.5678582608184,0.983175826777657,0.16902190283890267,0.025283500086516142,-1
91,59,autoreg_rl_pure,-0.12199909454459805,0.12199909454459805,1,4.054830357629776,12.399714354972195,4.021557771889687e-06,1076.6454919433704,0.933257713392417,0.09185549505073175,0.32976000010967255,1024
91,59,random,-100.0,3.3919174448872957,0,80.97324460464401,137.4950950060404,0.011716633403418733,21291.30134033368,0.8551635329030506,1.8374282109815125,0.035098399966955185,-1
91,59,latency_greedy,-0.15144365021604916,0.15144365021604916,1,4.657285355023066,12.757262290115614,0.000164007767479131,1234.7912040097622,0.9378188151820245,0.10550311952587645,0.00010820012539625168,-1
91,59,block_balanced,-0.21229822462570483,0.21229822462570483,1,6.517543210153582,12.919241610059494,0.00021596852689484923,1723.9880977105333,0.6171503230928356,0.14852220434141947,0.00011599995195865631,-1
91,59,pdp_aware_greedy,-0.12494910821832332,0.12494910821832332,1,4.144361013884966,12.407903783123434,8.548193003500704e-06,1100.2154957786265,0.9509495973053824,0.09388366442582356,0.003970000194385648,-1
91,59,local_search,-0.12494910821832332,0.12494910821832332,1,4.144361013884966,12.407903783123434,8.548193003500704e-06,1100.2154957786265,0.9509495973053824,0.09388366442582356,0.024246699875220656,-1
91,59,beam_search,-0.1242390162538405,0.1242390162538405,1,4.141300541793301,12.38873976910666,3.955489140297757e-16,1099.4266835146946,0.9509495973053824,0.09381433447752133,0.4335643998347223,-1
91,59,simulated_annealing,-0.12494910821832332,0.12494910821832332,1,4.144361013884966,12.407903783123434,8.548193003500704e-06,1100.2154957786265,0.9509495973053824,0.09388366442582356,0.011588599998503923,-1
91,59,block_beam_strong,-0.12199909454459805,0.12199909454459805,1,4.054830357629776,12.399714354972195,4.021557771889687e-06,1076.6454919433704,0.933257713392417,0.09185549505073175,2.2646439999807626,-1
91,59,block_lns_strong,-0.12199909454459805,0.12199909454459805,1,4.054830357629776,12.399714354972195,4.021557771889687e-06,1076.6454919433704,0.933257713392417,0.09185549505073175,0.08710010000504553,-1
91,59,hybrid_heuristic,-0.12199909454459805,0.12199909454459805,1,4.054830357629776,12.399714354972195,4.021557771889687e-06,1076.6454919433704,0.933257713392417,0.09185549505073175,0.024830600013956428,-1
91,60,autoreg_rl_pure,-0.7247563181757187,0.7247563181757187,1,4.908993265680913,52.48378566558666,0.007026315658067935,1310.6256862341556,0.9795099425004351,0.13162279064030846,2.0814006000291556,1024
91,60,random,-100.0,29.119049740172763,0,170.6349913390921,1.4148032366821793e+27,0.3103118920444218,45179.06591484773,0.6996469295687828,4.500300900492577,0.0355364999268204,-1
91,60,latency_greedy,-5.872843461170049,5.872843461170049,1,8.151422883704608,15991052.636426145,0.06838836905042187,2168.69763673574,0.9795099425004351,0.21411188058493483,0.0001067998819053173,-1
91,60,block_balanced,-6.510107822253017,6.510107822253017,1,17.09861318879784,40211418.01120341,0.07325363930388273,4537.228389827885,0.6468565630310035,0.45077941888113965,0.00011150003410875797,-1
91,60,pdp_aware_greedy,-2.905929809111517,2.905929809111517,1,6.426558230544942,10933.870465123,0.03279824670087124,1712.135545968281,0.9795099425004351,0.1692134958733862,0.004151799948886037,-1
91,60,local_search,-2.8211096672806404,2.8211096672806404,1,6.542618211609087,8768.015519901408,0.03226914820834086,1742.8762437451144,0.9795099425004351,0.17247121363434376,0.0369012001901865,-1
91,60,beam_search,-1.251248425009012,1.251248425009012,1,4.98877959634102,194.5619399550207,0.01335724478912483,1331.7184121300318,0.9795099425004351,0.133310214717729,0.4445180001202971,-1
91,60,simulated_annealing,-2.8211096672806404,2.8211096672806404,1,6.542618211609087,8768.015519901408,0.03226914820834086,1742.8762437451144,0.9795099425004351,0.17247121363434376,0.01175410021096468,-1
91,60,block_beam_strong,-0.7239253390418945,0.7239253390418945,1,4.855861255954382,52.58399155311423,0.007028206364406918,1296.5669689178394,0.9491619503547618,0.13022718220677393,2.4862796999514103,-1
91,60,block_lns_strong,-0.7239253390418945,0.7239253390418945,1,4.855861255954382,52.58399155311423,0.007028206364406918,1296.5669689178394,0.9491619503547618,0.13022718220677393,0.09674290008842945,-1
91,60,hybrid_heuristic,-0.7239253390418945,0.7239253390418945,1,4.855861255954382,52.58399155311423,0.007028206364406918,1296.5669689178394,0.9491619503547618,0.13022718220677393,0.026839100057259202,-1
91,61,autoreg_rl_pure,-0.8929059612331173,0.8929059612331173,1,4.390873137377748,83.07446669808266,0.009372997361124435,1180.8735573437752,0.9968885728282951,0.11972817340903515,0.8425497999414802,971
91,61,random,-100.0,29.822274325199672,0,194.0758108399891,1.4148032366821793e+27,0.30998291338498607,51721.87521204391,0.9828643258694353,5.310510722095691,0.03355199983343482,-1
91,61,latency_greedy,-2.5861961045991353,2.5861961045991353,1,7.291917595758912,4607.240739532791,0.028814422677688075,1953.7601472118822,0.9968885728282951,0.19883242969547654,0.00010549998842179775,-1
91,61,block_balanced,-4.538397728218152,4.538397728218152,1,12.887795834640086,398792.93842901225,0.05116257989979199,3445.019186327767,0.6534800671728264,0.3527714770873161,0.00012250011786818504,-1
91,61,pdp_aware_greedy,-2.4651426701536905,2.4651426701536905,1,5.009086666993489,4039.851255277488,0.027624965013916796,1345.597613722008,0.9968885728282951,0.13658531647872738,0.004139399854466319,-1
91,61,local_search,-2.323209271519312,2.323209271519312,1,4.882823435019228,2860.0643343500697,0.02634367896043531,1311.951680986701,0.9968885728282951,0.1331424326467368,0.03667750000022352,-1
91,61,beam_search,-2.5131498392494276,2.5131498392494276,1,6.285693218582021,4139.1079957757365,0.02737401184100979,1685.8027092573823,0.9775758756490439,0.1713951972932258,0.474712299881503,-1
91,61,simulated_annealing,-2.323209271519312,2.323209271519312,1,4.882823435019228,2860.0643343500697,0.02634367896043531,1311.951680986701,0.9968885728282951,0.1331424326467368,0.010785900056362152,-1
91,61,block_beam_strong,-0.8929059612331173,0.8929059612331173,1,4.390873137377748,83.07446669808266,0.009372997361124435,1180.8735573437752,0.9968885728282951,0.11972817340903515,2.2662478999700397,-1
91,61,block_lns_strong,-0.8929059612331173,0.8929059612331173,1,4.390873137377748,83.07446669808266,0.009372997361124435,1180.8735573437752,0.9968885728282951,0.11972817340903515,0.09374259994365275,-1
91,61,hybrid_heuristic,-0.8929059612331173,0.8929059612331173,1,4.390873137377748,83.07446669808266,0.009372997361124435,1180.8735573437752,0.9968885728282951,0.11972817340903515,0.024653299944475293,-1
91,62,autoreg_rl_pure,-0.741317815870057,0.741317815870057,1,4.986109390812343,54.386954182541544,0.007205007296399647,1237.4903180973076,0.9407387426180192,0.14346822985257734,0.5744651998393238,1024
91,62,random,-100.0,30.85116726300539,0,228.37224210017965,1.4148032366821793e+27,0.3202147318332643,56175.93218413618,0.7800222264011439,6.4540165280732715,0.03286479995585978,-1
91,62,latency_greedy,-3.0040459063868337,3.0040459063868337,1,4.773932031339531,15817.27285462213,0.035014430971956494,1184.8690699700846,0.9263620648521821,0.13452513009566638,0.00010459986515343189,-1
91,62,block_balanced,-5.287040072976303,5.287040072976303,1,12.282606885911864,2711988.3787577767,0.05877420934435409,3031.811800455267,0.5594911019109369,0.3478399983814443,0.00011139991693198681,-1
91,62,pdp_aware_greedy,-4.724894654244073,4.724894654244073,1,8.27541993664698,898397.695492273,0.05305026053800828,2046.1109585596996,0.9442767371375019,0.23319392405788728,0.003802899969741702,-1
91,62,local_search,-1.8977291753419827,1.8977291753419827,1,4.7351927406023435,998.217770804671,0.021603512246215085,1175.3493839685314,0.9407387426180192,0.13343349156959972,0.0368476000148803,-1
91,62,beam_search,-1.721313127071241,1.721313127071241,1,4.201019518822917,668.4718795650155,0.019580853956298692,1044.0701363539304,0.9442767371375019,0.11838096847506054,0.4775231999810785,-1
91,62,simulated_annealing,-1.8977291753419827,1.8977291753419827,1,4.7351927406023435,998.217770804671,0.021603512246215085,1175.3493839685314,0.9407387426180192,0.13343349156959972,0.011212100042030215,-1
91,62,block_beam_strong,-0.741317815870057,0.741317815870057,1,4.986109390812343,54.386954182541544,0.007205007296399647,1237.4903180973076,0.9407387426180192,0.14346822985257734,3.477569199865684,-1
91,62,block_lns_strong,-0.741317815870057,0.741317815870057,1,4.986109390812343,54.386954182541544,0.007205007296399647,1237.4903180973076,0.9407387426180192,0.14346822985257734,0.09931079996749759,-1
91,62,hybrid_heuristic,-0.741317815870057,0.741317815870057,1,4.986109390812343,54.386954182541544,0.007205007296399647,1237.4903180973076,0.9407387426180192,0.14346822985257734,0.02488799998536706,-1
91,63,autoreg_rl_pure,-0.1836898693306102,0.1836898693306102,1,5.810489245667402,12.682536352660547,0.0001683667535286725,1576.4928875336316,0.9906944890569357,0.13696528464224408,0.5842022998258471,1024
91,63,random,-100.0,15.475579278098547,0,130.5197009296143,44068158250057.93,0.13915796093380742,35169.08592695962,0.8745980937593038,3.066793162746557,0.03407759987749159,-1
91,63,latency_greedy,-3.317712100076222,3.317712100076222,1,8.659135452061808,25890.5435780983,0.03737746035825892,2343.373292170482,0.9728270742221965,0.20265347282351728,0.00010779988951981068,-1
91,63,block_balanced,-3.710412459169247,3.710412459169247,1,12.20967142935048,52949.49256189598,0.04099932198499778,3300.1620593859984,0.7160108203887418,0.28692792973619713,0.00011939997784793377,-1
91,63,pdp_aware_greedy,-0.1902366042294859,0.1902366042294859,1,5.609125103516357,13.087991163857787,0.0002724216691323633,1522.1381132464446,0.9906944890569357,0.13166280512220951,0.004775299923494458,-1
91,63,local_search,-0.1902366042294859,0.1902366042294859,1,5.609125103516357,13.087991163857787,0.0002724216691323633,1522.1381132464446,0.9906944890569357,0.13166280512220951,0.024256600067019463,-1
91,63,beam_search,-0.17924408303994324,0.17924408303994324,1,5.655204198071965,12.689284151089444,0.00015981368948648648,1534.6120387912054,0.9220591087288982,0.13333108185756684,0.5081546998117119,-1
91,63,simulated_annealing,-0.1902366042294859,0.1902366042294859,1,5.609125103516357,13.087991163857787,0.0002724216691323633,1522.1381132464446,0.9906944890569357,0.13166280512220951,0.012722700135782361,-1
91,63,block_beam_strong,-0.18046271210315945,0.18046271210315945,1,5.749016526554266,12.63876297064918,0.00016364784468708425,1559.9080835208065,0.9220591087288982,0.13552661214645637,1.5976871000602841,-1
91,63,block_lns_strong,-0.17811065472125812,0.17811065472125812,1,5.630659301376893,12.676693704059092,0.00013063380554048177,1527.9901614114317,0.9680957090188311,0.13254745342859367,0.11615830007940531,-1
91,63,hybrid_heuristic,-0.17811065472125812,0.17811065472125812,1,5.630659301376893,12.676693704059092,0.00013063380554048177,1527.9901614114317,0.9680957090188311,0.13254745342859367,0.024840099969878793,-1
92,0,autoreg_rl_pure,-0.15636604705471713,0.15636604705471713,1,4.012113442629884,13.555530057031545,0.00047700426208015164,1001.1475543792341,0.9765437590420977,0.07615688492562762,0.3600068998057395,1024
92,0,random,-100.0,25.632812417990763,0,190.73018994298545,5.140666448488489e+22,0.23863427704485968,47106.45619887001,0.7258201028602036,3.6334219330990662,0.03425309993326664,-1
92,0,latency_greedy,-2.7464593327403852,2.7464593327403852,1,4.796228014324415,8293.43243518414,0.03178565768395513,1194.5206628069689,0.9909292466408375,0.093827915872375,0.00010259984992444515,-1
92,0,block_balanced,-100.0,6.113292587065324,0,65.35220145010459,399753.879643074,0.05052920911185809,16147.528447932355,0.534847393228497,1.244323521383067,0.00010990002192556858,-1
92,0,pdp_aware_greedy,-0.31958287931974544,0.31958287931974544,1,4.065885033870874,20.30371344566168,0.002453730020330186,1014.3675716355134,0.9909292466408375,0.0796714779180564,0.004245599964633584,-1
92,0,local_search,-0.3107539693217205,0.3107539693217205,1,4.032507845006419,19.910252734560288,0.002252853573063275,1006.1551172954591,0.9765437590420977,0.0788504650587309,0.037392600206658244,-1
92,0,beam_search,-0.15636604705471713,0.15636604705471713,1,4.012113442629884,13.555530057031545,0.00047700426208015164,1001.1475543792341,0.9765437590420977,0.07615688492562762,0.4279017997905612,-1
92,0,simulated_annealing,-0.3107539693217205,0.3107539693217205,1,4.032507845006419,19.910252734560288,0.002252853573063275,1006.1551172954591,0.9765437590420977,0.0788504650587309,0.010915499879047275,-1
92,0,block_beam_strong,-0.15636604705471713,0.15636604705471713,1,4.012113442629884,13.555530057031545,0.00047700426208015164,1001.1475543792341,0.9765437590420977,0.07615688492562762,5.168562300037593,-1
92,0,block_lns_strong,-0.15636604705471713,0.15636604705471713,1,4.012113442629884,13.555530057031545,0.00047700426208015164,1001.1475543792341,0.9765437590420977,0.07615688492562762,0.09693469991907477,-1
92,0,hybrid_heuristic,-0.15636604705471713,0.15636604705471713,1,4.012113442629884,13.555530057031545,0.00047700426208015164,1001.1475543792341,0.9765437590420977,0.07615688492562762,0.024942100048065186,-1
92,1,autoreg_rl_pure,-0.15359727791567324,0.15359727791567324,1,5.010906984449711,12.490434956023858,6.092890607423261e-05,1131.8654531068828,0.960187381328949,0.09408059558143048,2.8864619999658316,968
92,1,random,-100.0,16.563306082754814,0,156.82306863452254,92972329840526.4,0.14366059787709004,35104.86167021124,0.9799785021187741,2.9289464454305945,0.03465479984879494,-1
92,1,latency_greedy,-0.4309089987363647,0.4309089987363647,1,5.104437856161813,24.809524566608562,0.00343604155224415,1152.7550856828466,0.9847679419869355,0.09705165580696234,0.00010719988495111465,-1
92,1,block_balanced,-1.198079627434267,1.198079627434267,1,7.813419570930054,137.82442295649392,0.011618443174072283,1759.3139602645854,0.6366619991187018,0.14679140487591374,0.00011139991693198681,-1
92,1,pdp_aware_greedy,-0.4309089987363647,0.4309089987363647,1,5.104437856161813,24.809524566608562,0.00343604155224415,1152.7550856828466,0.9847679419869355,0.09705165580696234,0.004541600123047829,-1
92,1,local_search,-0.4309089987363647,0.4309089987363647,1,5.104437856161813,24.809524566608562,0.00343604155224415,1152.7550856828466,0.9847679419869355,0.09705165580696234,0.02502760011702776,-1
92,1,beam_search,-0.19315135505471695,0.19315135505471695,1,6.281561944503943,12.53530694962934,9.131191033369813e-05,1416.1766030910323,0.9847679419869355,0.11860271660072016,0.45430470001883805,-1
92,1,simulated_annealing,-0.26122622180524613,0.26122622180524613,1,8.22864451075078,12.841796375677678,0.0001864899120088137,1851.8962657264672,0.9847679419869355,0.15507579623795262,0.012420300161466002,-1
92,1,block_beam_strong,-0.14650317440289978,0.14650317440289978,1,4.860527278411171,12.410046758820611,7.053999737973475e-06,1098.1961667565802,0.9799785021187741,0.09246587810964507,2.486587099963799,-1
92,1,block_lns_strong,-0.14303965754733491,0.14303965754733491,1,4.746952421382037,12.408301062771919,6.900430083316269e-06,1072.7663539370321,0.9799785021187741,0.09015849556832829,0.09914349997416139,-1
92,1,hybrid_heuristic,-0.14303965754733491,0.14303965754733491,1,4.746952421382037,12.408301062771919,6.900430083316269e-06,1072.7663539370321,0.9799785021187741,0.09015849556832829,0.025877300184220076,-1
92,2,autoreg_rl_pure,-0.2973613686018597,0.2973613686018597,1,4.802070054416385,18.174802273812848,0.0018707009988305804,1476.227934495417,0.9165234706385278,0.1312089712337318,1.6480936999432743,1015
92,2,random,-100.0,22.022857563912453,0,130.46242513517961,5.683391454906009e+20,0.21906291735645939,39832.1141132586,0.9101886421503014,3.53049888071411,0.03469950007274747,-1
92,2,latency_greedy,-1.433639123097902,1.433639123097902,1,4.052613328105963,329.29031729699835,0.015846495823413576,1247.1869285961766,0.9483089328062789,0.10909388204256462,0.00010310020297765732,-1
92,2,block_balanced,-4.8199312843450945,4.8199312843450945,1,9.437434007921013,1044249.1174277357,0.0548085281496752,2891.0180800746166,0.632205955204186,0.25508835371802724,0.00011110003106296062,-1
92,2,pdp_aware_greedy,-2.010759510730685,2.010759510730685,1,5.54366957864287,1246.2714532187738,0.022147032316506665,1702.6089448243313,0.9339721220999601,0.15127731821289422,0.0035304001066833735,-1
92,2,local_search,-1.433639123097902,1.433639123097902,1,4.052613328105963,329.29031729699835,0.015846495823413576,1247.1869285961766,0.9483089328062789,0.10909388204256462,0.025814899941906333,-1
92,2,beam_search,-1.0429108635142927,1.0429108635142927,1,4.949579158428251,115.91378694820058,0.010657741196513094,1521.1605485416903,0.9339721220999601,0.13427803505791117,0.499830299988389,-1
92,2,simulated_annealing,-1.433639123097902,1.433639123097902,1,4.052613328105963,329.29031729699835,0.015846495823413576,1247.1869285961766,0.9483089328062789,0.10909388204256462,0.012118699960410595,-1
92,2,block_beam_strong,-0.30628933964424787,0.30628933964424787,1,4.717707609341517,18.70298721699394,0.001964976825734517,1450.449082091855,0.8721727906644478,0.12872078964216624,1.849235099973157,-1
92,2,block_lns_strong,-0.2970936108760738,0.2970936108760738,1,4.793144796890189,18.174802273812848,0.0018707009988305804,1473.5083826301632,0.9101886421503014,0.13096721783112686,0.1150350000243634,-1
92,2,hybrid_heuristic,-0.2970936108760738,0.2970936108760738,1,4.793144796890189,18.174802273812848,0.0018707009988305804,1473.5083826301632,0.9101886421503014,0.13096721783112686,0.025268299970775843,-1
92,3,autoreg_rl_pure,-0.13288449236694422,0.13288449236694422,1,4.369403722439135,12.44468878968463,1.8599231625251832e-05,1041.4773530145155,0.9768868734055773,0.12571055720806615,0.5485199000686407,1024
92,3,random,-100.0,25.020751795289197,0,164.935412120667,7.70322837307224e+22,0.24314608626794684,38919.241549458064,0.9284915286900298,4.757964797424703,0.03302510012872517,-1
92,3,latency_greedy,-3.230162977339316,3.230162977339316,1,6.434170272482326,24578.63011388539,0.0372173966719618,1528.3380007086735,0.9802947299360137,0.18783239045437491,0.00010169995948672295,-1
92,3,block_balanced,-4.143155153294065,4.143155153294065,1,12.113829739930921,157335.9535463818,0.04596233774204019,2868.4311898652904,0.5538177287800738,0.35062135477462764,0.00011070002801716328,-1
92,3,pdp_aware_greedy,-0.9426307854560328,0.9426307854560328,1,4.772612446058275,91.41586189414646,0.009517634107450275,1136.6198150938808,0.9802947299360137,0.1373111316885172,0.004680100129917264,-1
92,3,local_search,-0.8902694166475221,0.8902694166475221,1,4.740367556766607,80.39355021643178,0.00904095956511137,1128.9997605503659,0.9802947299360137,0.13638342547104154,0.03614540002308786,-1
92,3,beam_search,-0.9426307854560328,0.9426307854560328,1,4.772612446058275,91.41586189414646,0.009517634107450275,1136.6198150938808,0.9802947299360137,0.1373111316885172,0.4973450000397861,-1
92,3,simulated_annealing,-0.8902694166475221,0.8902694166475221,1,4.740367556766607,80.39355021643178,0.00904095956511137,1128.9997605503659,0.9802947299360137,0.13638342547104154,0.011812400072813034,-1
92,3,block_beam_strong,-0.13465176161189338,0.13465176161189338,1,4.417720739590361,12.454578738712057,2.249880269061374e-05,1052.901650949909,0.9768868734055773,0.12710066888795493,4.19650650001131,-1
92,3,block_lns_strong,-0.13288449236694422,0.13288449236694422,1,4.369403722439135,12.44468878968463,1.8599231625251832e-05,1041.4773530145155,0.9768868734055773,0.12571055720806615,0.11272309999912977,-1
92,3,hybrid_heuristic,-0.13288449236694422,0.13288449236694422,1,4.369403722439135,12.44468878968463,1.8599231625251832e-05,1041.4773530145155,0.9768868734055773,0.12571055720806615,0.026187200099229813,-1
92,4,autoreg_rl_pure,-0.1570444699085555,0.1570444699085555,1,5.215006767259587,12.407158992793743,7.277012859429038e-06,1482.9220894748312,0.988075445866333,0.13174607974169575,1.5074013001285493,1014
92,4,random,-100.0,7.794486066626712,0,68.78292953821612,20671849.97460344,0.06910269571268345,19428.266814732742,0.9434364487439431,1.734720325435636,0.03583250008523464,-1
92,4,latency_greedy,-1.3628693395649332,1.3628693395649332,1,6.139858178600506,235.9150924260607,0.014331019873567963,1744.001966292074,0.9837106455718739,0.15444683155590466,0.00010600010864436626,-1
92,4,block_balanced,-1.9046472936681975,1.9046472936681975,1,8.588155495006202,760.7422101006287,0.019507007608337887,2435.3225504589745,0.7162195241058099,0.2171543447005588,0.0001151000615209341,-1
92,4,pdp_aware_greedy,-0.16814928731411521,0.16814928731411521,1,5.497952019185227,12.488582086118031,4.762259520447715e-05,1562.8991902889006,0.9837106455718739,0.13829981812431644,0.004233000101521611,-1
92,4,local_search,-0.1640467023227007,0.1640467023227007,1,5.400268742405116,12.452041396295364,3.29790574029869e-05,1535.2946521428041,0.911465941744294,0.13584261599426242,0.036467700032517314,-1
92,4,beam_search,-0.1640467023227007,0.1640467023227007,1,5.400268742405116,12.452041396295364,3.29790574029869e-05,1535.2946521428041,0.911465941744294,0.13584261599426242,0.4659419001545757,-1
92,4,simulated_annealing,-0.1640467023227007,0.1640467023227007,1,5.400268742405116,12.452041396295364,3.29790574029869e-05,1535.2946521428041,0.911465941744294,0.13584261599426242,0.011753299972042441,-1
92,4,block_beam_strong,-0.16246775462134805,0.16246775462134805,1,5.402427854760019,12.400977180231477,4.132661827436099e-06,1535.9321055266053,0.9704954435189931,0.13777076703639327,1.5059803000185639,-1
92,4,block_lns_strong,-0.15971937043730358,0.15971937043730358,1,5.310814984957113,12.400977239447467,4.132595603371041e-06,1510.0501012614934,0.9704954435189931,0.13546313421654946,0.1142682998906821,-1
92,4,hybrid_heuristic,-0.15971937043730358,0.15971937043730358,1,5.310814984957113,12.400977239447467,4.132595603371041e-06,1510.0501012614934,0.9704954435189931,0.13546313421654946,0.024695599917322397,-1
92,5,autoreg_rl_pure,-0.11866657910073167,0.11866657910073167,1,3.943896759524417,12.399574626456468,4.272821731640554e-06,902.5983979316813,0.959307057849805,0.07431105669170739,0.32406509993597865,1024
92,5,random,-100.0,9.524413725938194,0,120.31786907224563,32735874.41219857,0.07184853662844812,27226.948714216804,0.6295654999127928,2.2388781983288037,0.03311130008660257,-1
92,5,latency_greedy,-1.0523729662657428,1.0523729662657428,1,4.06444982011625,126.83495268052577,0.01127621282094035,929.6275351069837,0.984480651713323,0.07534797144062588,0.00010660011321306229,-1
92,5,block_balanced,-1.3677658368848236,1.3677658368848236,1,7.442350871804978,216.59435096737283,0.013676245519974855,1694.1661711614895,0.5373848027868053,0.13914550541393586,0.00011790008284151554,-1
92,5,pdp_aware_greedy,-0.24235709369182556,0.24235709369182556,1,5.104962793900561,15.48401964748479,0.0010716080288430902,1165.7427159012698,0.984480651713323,0.09586269552449204,0.004160800017416477,-1
92,5,local_search,-0.23755788583259735,0.23755788583259735,1,4.9519090709750975,15.475985674448435,0.0010463592728228474,1131.1085583492354,0.984480651713323,0.09316371623080702,0.03668970009312034,-1
92,5,beam_search,-0.14345568195967473,0.14345568195967473,1,4.776503193810317,12.393714417526713,2.517556542977644e-06,1090.9596220709766,0.9801317313384017,0.08952058047170476,0.5084969000890851,-1
92,5,simulated_annealing,-0.23755788583259735,0.23755788583259735,1,4.9519090709750975,15.475985674448435,0.0010463592728228474,1131.1085583492354,0.984480651713323,0.09316371623080702,0.01158619998022914,-1
92,5,block_beam_strong,-0.12117857010424027,0.12117857010424027,1,4.0263618809078,12.40075380029341,4.271045599687768e-06,921.307637202977,0.8898427774781139,0.0761146296173678,5.473609699867666,-1
92,5,block_lns_strong,-0.11866657910073167,0.11866657910073167,1,3.943896759524417,12.399574626456468,4.272821731640554e-06,902.5983979316813,0.959307057849805,0.07431105669170739,0.11167330015450716,-1
92,5,hybrid_heuristic,-0.11866657910073167,0.11866657910073167,1,3.943896759524417,12.399574626456468,4.272821731640554e-06,902.5983979316813,0.959307057849805,0.07431105669170739,0.025027599884197116,-1
92,6,autoreg_rl_pure,-0.11280803221142334,0.11280803221142334,1,3.62408217735866,12.515925759527118,7.943210275128369e-05,1036.9370637270376,0.9711477532559645,0.10932932782563258,0.9429789998102933,1024
92,6,random,-100.0,9.235273652479705,0,107.01245019469937,43100206.38225356,0.07257700723278837,30325.767956475072,0.6941592606620576,3.2360889655489506,0.03414979996159673,-1
92,6,latency_greedy,-0.37892466125746493,0.37892466125746493,1,3.6844325560839346,24.234256458754857,0.003310393042856201,1054.021777434812,0.9711477532559645,0.11114994502390635,0.00010469998233020306,-1
92,6,block_balanced,-3.201598991383944,3.201598991383944,1,9.18162677892305,18623.200980988135,0.034811608602870275,2611.644128851025,0.5546377948714493,0.27929914352840046,0.00011139991693198681,-1
92,6,pdp_aware_greedy,-0.13526439620674321,0.13526439620674321,1,4.084041351251164,12.789772985901122,0.00013989659271855333,1167.4740790491394,0.9711477532559645,0.12320512446817765,0.004350000061094761,-1
92,6,local_search,-0.13526439620674321,0.13526439620674321,1,4.084041351251164,12.789772985901122,0.00013989659271855333,1167.4740790491394,0.9711477532559645,0.12320512446817765,0.02499589999206364,-1
92,6,beam_search,-0.1120025431862238,0.1120025431862238,1,3.5972325485684027,12.515925754474068,7.943210246635689e-05,1029.319168210162,0.9711477532559645,0.1085193429179101,0.4306063000112772,-1
92,6,simulated_annealing,-0.13526439620674321,0.13526439620674321,1,4.084041351251164,12.789772985901122,0.00013989659271855333,1167.4740790491394,0.9711477532559645,0.12320512446817765,0.011866099899634719,-1
92,6,block_beam_strong,-0.1120025431862238,0.1120025431862238,1,3.5972325485684027,12.515925754474068,7.943210246635689e-05,1029.319168210162,0.9711477532559645,0.1085193429179101,4.175658500054851,-1
92,6,block_lns_strong,-0.1120025431862238,0.1120025431862238,1,3.5972325485684027,12.515925754474068,7.943210246635689e-05,1029.319168210162,0.9711477532559645,0.1085193429179101,0.10402409988455474,-1
92,6,hybrid_heuristic,-0.1120025431862238,0.1120025431862238,1,3.5972325485684027,12.515925754474068,7.943210246635689e-05,1029.319168210162,0.9711477532559645,0.1085193429179101,0.025536500150337815,-1
92,7,autoreg_rl_pure,-0.18108307658199763,0.18108307658199763,1,3.534170287145965,14.94583845446146,0.0009364468273571304,898.0368180746682,0.9347723635920068,0.09766182924296453,0.3306403998285532,1024
92,7,random,-100.0,18.626994982484106,0,129.56113244502043,1.250125465718495e+17,0.1789591144203636,32556.31019978517,0.9290859975041316,3.5023684857149093,0.03414370003156364,-1
92,7,latency_greedy,-2.2631129423191054,2.2631129423191054,1,5.81697415853349,2294.562037212025,0.02531641320224501,1471.4518876965783,0.9696713698312238,0.15939505214732194,0.00010189996100962162,-1
92,7,block_balanced,-4.89646306904572,4.89646306904572,1,11.694901131175627,1067497.9083513794,0.05471291403816275,2948.0618769470257,0.5799666518036767,0.31697141041561433,0.00011159991845488548,-1
92,7,pdp_aware_greedy,-1.4393413397692363,1.4393413397692363,1,5.161460160245738,307.3637237816183,0.015483689480075068,1306.8332725000187,0.9696713698312238,0.13890639261521545,0.003910699859261513,-1
92,7,local_search,-1.4393413397692363,1.4393413397692363,1,5.161460160245738,307.3637237816183,0.015483689480075068,1306.8332725000187,0.9696713698312238,0.13890639261521545,0.02575020003132522,-1
92,7,beam_search,-0.26782637007796445,0.26782637007796445,1,4.69434066949384,17.01811477782121,0.001575897907364883,1189.517605111681,0.9463063887323598,0.1287090450282948,0.44977309997193515,-1
92,7,simulated_annealing,-1.4393413397692363,1.4393413397692363,1,5.161460160245738,307.3637237816183,0.015483689480075068,1306.8332725000187,0.9696713698312238,0.13890639261521545,0.013442299794405699,-1
92,7,block_beam_strong,-0.18108307658199763,0.18108307658199763,1,3.534170287145965,14.94583845446146,0.0009364468273571304,898.0368180746682,0.9347723635920068,0.09766182924296453,3.1195844002068043,-1
92,7,block_lns_strong,-0.18108307658199763,0.18108307658199763,1,3.534170287145965,14.94583845446146,0.0009364468273571304,898.0368180746682,0.9347723635920068,0.09766182924296453,0.09425879991613328,-1
92,7,hybrid_heuristic,-0.18108307658199763,0.18108307658199763,1,3.534170287145965,14.94583845446146,0.0009364468273571304,898.0368180746682,0.9347723635920068,0.09766182924296453,0.02409820002503693,-1
92,8,autoreg_rl_pure,-0.20493743258104,0.20493743258104,1,5.0872824017152265,14.11990322433566,0.0006892188041973329,1518.9666353288371,0.996298447485503,0.17333259590369607,0.4339097000192851,1022
92,8,random,-100.0,15.621549560889564,0,124.57947644236071,99105013466924.34,0.14268438328726807,36953.61062468379,0.9357865518842757,4.202907416015387,0.03456059983000159,-1
92,8,latency_greedy,-0.8083681397958641,0.8083681397958641,1,5.401535740067546,62.33936859640153,0.00784098263515617,1612.155648928971,0.996298447485503,0.18397670416624018,0.00010649999603629112,-1
92,8,block_balanced,-1.2856593723755694,1.2856593723755694,1,7.845940061267044,171.1415348367893,0.012636617314000986,2337.294749129659,0.6735668188207944,0.2658492301175033,0.0001151000615209341,-1
92,8,pdp_aware_greedy,-1.0630005107081328,1.0630005107081328,1,5.64804667271007,115.66357400751913,0.010661372805752188,1685.4440497009914,0.9246882776112353,0.19225484975302046,0.004046499961987138,-1
92,8,local_search,-0.8083681397958641,0.8083681397958641,1,5.401535740067546,62.33936859640153,0.00784098263515617,1612.155648928971,0.996298447485503,0.18397670416624018,0.025272300001233816,-1
92,8,beam_search,-0.23574651968137939,0.23574651968137939,1,4.984722223264599,15.368194927556,0.0010987628418840424,1488.7695036642094,0.9246882776112353,0.1698394683937456,0.4878616000059992,-1
92,8,simulated_annealing,-0.8083681397958641,0.8083681397958641,1,5.401535740067546,62.33936859640153,0.00784098263515617,1612.155648928971,0.996298447485503,0.18397670416624018,0.013149600010365248,-1
92,8,block_beam_strong,-0.20855953552367545,0.20855953552367545,1,5.039146360541931,14.29987561084332,0.0006901699872284749,1504.7108542716396,0.9246882776112353,0.17171093839323368,1.5031661000102758,-1
92,8,block_lns_strong,-0.20855953552367545,0.20855953552367545,1,5.039146360541931,14.29987561084332,0.0006901699872284749,1504.7108542716396,0.9246882776112353,0.17171093839323368,0.11691149999387562,-1
92,8,hybrid_heuristic,-0.20855953552367545,0.20855953552367545,1,5.039146360541931,14.29987561084332,0.0006901699872284749,1504.7108542716396,0.9246882776112353,0.17171093839323368,0.025398500030860305,-1
92,9,autoreg_rl_pure,-0.7539588558964503,0.7539588558964503,1,5.841181631281339,52.646328092343836,0.007045765562492493,1721.5367294609105,0.9425374635860598,0.14538456399165325,2.7573041999712586,927
92,9,random,-100.0,16.832281260990474,0,113.257631188702,4779769842932070.0,0.1619715019656316,33181.92102247792,0.9025891116636662,2.784057334214628,0.03335179993882775,-1
92,9,latency_greedy,-2.4778805468929246,2.4778805468929246,1,6.031304449602432,3862.776523272486,0.027081211263635854,1776.9713893347587,0.9425374635860598,0.1501172411634682,0.00010349997319281101,-1
92,9,block_balanced,-3.9973369192515036,3.9973369192515036,1,9.883270787210492,129170.04143502633,0.04441597009513423,2905.5546771316854,0.6322534997061741,0.24387465770052158,0.00011350004933774471,-1
92,9,pdp_aware_greedy,-2.076324601071572,2.076324601071572,1,5.300558586997638,1495.263292303012,0.02307534109126826,1563.2221139497342,0.9380041621342727,0.13183167860659797,0.0038910999428480864,-1
92,9,local_search,-2.076324601071572,2.076324601071572,1,5.300558586997638,1495.263292303012,0.02307534109126826,1563.2221139497342,0.9380041621342727,0.13183167860659797,0.025075000012293458,-1
92,9,beam_search,-1.106197206931504,1.106197206931504,1,6.990416655101116,116.51263768592736,0.010824529820950056,2058.454226330069,0.9941713874548559,0.17376307443210826,0.4660251000896096,-1
92,9,simulated_annealing,-2.076324601071572,2.076324601071572,1,5.300558586997638,1495.263292303012,0.02307534109126826,1563.2221139497342,0.9380041621342727,0.13183167860659797,0.011856399942189455,-1
92,9,block_beam_strong,-0.7709154288838992,0.7709154288838992,1,5.862036399272881,54.84021741291055,0.00718966173817595,1727.602923050378,0.9425374635860598,0.14590285902976216,2.0421390999108553,-1
92,9,block_lns_strong,-0.7539588558964503,0.7539588558964503,1,5.841181631281339,52.646328092343836,0.007045765562492493,1721.5367294609105,0.9425374635860598,0.14538456399165325,0.1200951999053359,-1
92,9,hybrid_heuristic,-0.7539588558964503,0.7539588558964503,1,5.841181631281339,52.646328092343836,0.007045765562492493,1721.5367294609105,0.9425374635860598,0.14538456399165325,0.02621499984525144,-1
92,10,autoreg_rl_pure,-0.532819194779119,0.532819194779119,1,4.479541534555503,33.5444138987739,0.004851310586885613,1170.7708183826385,0.969308561864268,0.13427409786720904,0.42149290000088513,1024
92,10,random,-100.0,25.074392965832995,0,170.59674452410232,5.761181103180406e+22,0.24068622576781581,44189.90731071739,0.932097523511912,5.016403681994771,0.03228390007279813,-1
92,10,latency_greedy,-1.7346079492064181,1.7346079492064181,1,5.284499140084451,637.127896228106,0.01911906823913028,1378.9982324200444,0.9656767786754122,0.15512182314089157,0.00010199984535574913,-1
92,10,block_balanced,-5.699067929053691,5.699067929053691,1,12.13160024392593,7683515.757179038,0.06428983353536344,3152.4988857494736,0.5634466478065133,0.35883695408196464,0.0001151000615209341,-1
92,10,pdp_aware_greedy,-1.30597464582176,1.30597464582176,1,5.224726738536375,219.1749098328663,0.013969829002224238,1364.0224815269662,0.9362333123878412,0.15594166448043079,0.003955699969083071,-1
92,10,local_search,-0.7391982399766712,0.7391982399766712,1,5.162955155599786,53.386715424195245,0.007114552617411242,1348.0082012578196,0.9362333123878412,0.15433510346972168,0.03513679979369044,-1
92,10,beam_search,-0.7518946720640745,0.7518946720640745,1,4.456210937928835,58.108318939530136,0.007471604777624135,1164.661010110601,0.9656767786754122,0.13252442339963047,0.4692197002004832,-1
92,10,simulated_annealing,-0.7391982399766712,0.7391982399766712,1,5.162955155599786,53.386715424195245,0.007114552617411242,1348.0082012578196,0.9362333123878412,0.15433510346972168,0.011520900065079331,-1
92,10,block_beam_strong,-0.532819194779119,0.532819194779119,1,4.479541534555503,33.5444138987739,0.004851310586885613,1170.7708183826385,0.969308561864268,0.13427409786720904,3.812540699960664,-1
92,10,block_lns_strong,-0.532819194779119,0.532819194779119,1,4.479541534555503,33.5444138987739,0.004851310586885613,1170.7708183826385,0.969308561864268,0.13427409786720904,0.09465930005535483,-1
92,10,hybrid_heuristic,-0.532819194779119,0.532819194779119,1,4.479541534555503,33.5444138987739,0.004851310586885613,1170.7708183826385,0.969308561864268,0.13427409786720904,0.02493799990043044,-1
92,11,autoreg_rl_pure,-0.5988147162054492,0.5988147162054492,1,5.329830764715815,37.11745930309558,0.005351132273408301,1420.2868319601437,0.9074024079774246,0.12536502683723608,0.3335182999726385,1024
92,11,random,-100.0,22.463077666173195,0,164.9459976784032,1.2863779218944995e+20,0.20980844207216814,43625.66594440787,0.8095294213630089,3.843720940941942,0.03510179999284446,-1
92,11,latency_greedy,-5.117597859872605,5.117597859872605,1,11.684517401049472,1856946.1128424546,0.05784377021976586,3100.2046747661784,0.9738091490271196,0.27433855120184397,0.00010519986972212791,-1
92,11,block_balanced,-6.198938111369611,6.198938111369611,1,18.425340149009543,16721949.306886235,0.06793078939597663,4882.957932425823,0.585430861108679,0.43036010996407636,0.00011589983478188515,-1
92,11,pdp_aware_greedy,-0.6913431537725634,0.6913431537725634,1,5.236512855433314,47.10633048492789,0.006339161116636952,1395.592454504546,0.9816652513785903,0.12334243967021158,0.004683800041675568,-1
92,11,local_search,-0.6913431537725634,0.6913431537725634,1,5.236512855433314,47.10633048492789,0.006339161116636952,1395.592454504546,0.9816652513785903,0.12334243967021158,0.02448230003938079,-1
92,11,beam_search,-1.2595237978395002,1.2595237978395002,1,6.6286044561366015,175.64275609636397,0.012442592142410077,1763.7822424139356,0.9816652513785903,0.15373845381316759,0.4541939999908209,-1
92,11,simulated_annealing,-0.6913431537725634,0.6913431537725634,1,5.236512855433314,47.10633048492789,0.006339161116636952,1395.592454504546,0.9816652513785903,0.12334243967021158,0.011159599991515279,-1
92,11,block_beam_strong,-0.5988147162054492,0.5988147162054492,1,5.329830764715815,37.11745930309558,0.005351132273408301,1420.2868319601437,0.9074024079774246,0.12536502683723608,3.748609400121495,-1
92,11,block_lns_strong,-0.5988147162054492,0.5988147162054492,1,5.329830764715815,37.11745930309558,0.005351132273408301,1420.2868319601437,0.9074024079774246,0.12536502683723608,0.09443740011192858,-1
92,11,hybrid_heuristic,-0.5988147162054492,0.5988147162054492,1,5.329830764715815,37.11745930309558,0.005351132273408301,1420.2868319601437,0.9074024079774246,0.12536502683723608,0.02389880013652146,-1
92,12,autoreg_rl_pure,-0.13780727673098545,0.13780727673098545,1,4.190691348970303,12.768795175763627,0.00016907764857290036,1094.7379619036317,0.9916206311131587,0.13250050648429262,0.3231293000280857,1024
92,12,random,-100.0,25.186448369325866,0,139.45146017028875,7.882083311794689e+23,0.25551853184423534,36087.21041560787,0.6343449097423347,4.337671722419831,0.03243019990622997,-1
92,12,latency_greedy,-3.63495461125785,3.63495461125785,1,5.718009655425006,71347.94215296404,0.04159741770505871,1489.8378982958081,0.9916206311131587,0.18016777283761645,0.00010069995187222958,-1
92,12,block_balanced,-4.671747420870774,4.671747420870774,1,10.936480227012197,644300.5005835034,0.051969840955832076,2840.060749416305,0.5044347430842289,0.34107438239373156,0.00011090002954006195,-1
92,12,pdp_aware_greedy,-0.1470553324620144,0.1470553324620144,1,4.243301842113025,13.01599088876261,0.0002429893089654399,1108.3559075220087,0.9925092796410289,0.1341358935718112,0.004156999988481402,-1
92,12,local_search,-0.14606117471023997,0.14606117471023997,1,4.249209218378409,12.977929998353186,0.00024299249441470485,1109.883320444028,0.9916206311131587,0.13431987638774986,0.03563920012675226,-1
92,12,beam_search,-0.13780727673098545,0.13780727673098545,1,4.190691348970303,12.768795175763627,0.00016907764857290036,1094.7379619036317,0.9916206311131587,0.13250050648429262,0.45491309999488294,-1
92,12,simulated_annealing,-0.14606117471023997,0.14606117471023997,1,4.249209218378409,12.977929998353186,0.00024299249441470485,1109.883320444028,0.9916206311131587,0.13431987638774986,0.011533199809491634,-1
92,12,block_beam_strong,-0.13824664374111512,0.13824664374111512,1,4.202379699030674,12.771627497152666,0.00016065207920943622,1097.7626073158738,0.9916206311131587,0.13286402421906238,6.343643300002441,-1
92,12,block_lns_strong,-0.13780727673098545,0.13780727673098545,1,4.190691348970303,12.768795175763627,0.00016907764857290036,1094.7379619036317,0.9916206311131587,0.13250050648429262,0.10405709990300238,-1
92,12,hybrid_heuristic,-0.13780727673098545,0.13780727673098545,1,4.190691348970303,12.768795175763627,0.00016907764857290036,1094.7379619036317,0.9916206311131587,0.13250050648429262,0.026241200044751167,-1
92,13,autoreg_rl_pure,-0.14132093927937503,0.14132093927937503,1,4.105418060951192,12.964099632156458,0.0002428674623121398,1097.7359954129763,0.9994436170403171,0.0910592162395178,1.0803563999943435,1004
92,13,random,-100.0,27.012829814317186,0,178.80062248649668,3.9620976490091896e+24,0.26127763750895805,47361.460397121176,0.8267788502666354,3.8964768275139567,0.034487999975681305,-1
92,13,latency_greedy,-4.679987191364132,4.679987191364132,1,9.689018976748127,722215.9927513801,0.0533785810345353,2576.3606740751843,0.9994436170403171,0.2139528963650822,0.00010369997471570969,-1
92,13,block_balanced,-4.474279301179183,4.474279301179183,1,15.740030990793839,274301.7085184705,0.047739555271331724,4179.20490725986,0.5968798410168266,0.344635121612586,0.00011620018631219864,-1
92,13,pdp_aware_greedy,-1.218745274949392,1.218745274949392,1,6.2792892135224605,162.82963550548982,0.012415932225014022,1673.869840367388,0.9994436170403171,0.1378679518929888,0.0039028997998684645,-1
92,13,local_search,-1.1316905669864636,1.1316905669864636,1,6.1745753823935505,132.01575093115486,0.0116508906714293,1646.143469522672,0.9994436170403171,0.13559204171763425,0.037008200073614717,-1
92,13,beam_search,-0.14132093927937503,0.14132093927937503,1,4.105418060951192,12.964099632156458,0.0002428674623121398,1097.7359954129763,0.9994436170403171,0.0910592162395178,0.44018579996190965,-1
92,13,simulated_annealing,-1.1316905669864636,1.1316905669864636,1,6.1745753823935505,132.01575093115486,0.0116508906714293,1646.143469522672,0.9994436170403171,0.13559204171763425,0.011784299975261092,-1
92,13,block_beam_strong,-0.14132093927937503,0.14132093927937503,1,4.105418060951192,12.964099632156458,0.0002428674623121398,1097.7359954129763,0.9994436170403171,0.0910592162395178,3.0947038999293,-1
92,13,block_lns_strong,-0.14132093927937503,0.14132093927937503,1,4.105418060951192,12.964099632156458,0.0002428674623121398,1097.7359954129763,0.9994436170403171,0.0910592162395178,0.10298609989695251,-1
92,13,hybrid_heuristic,-0.14132093927937503,0.14132093927937503,1,4.105418060951192,12.964099632156458,0.0002428674623121398,1097.7359954129763,0.9994436170403171,0.0910592162395178,0.025470799999311566,-1
92,14,autoreg_rl_pure,-0.11950098291624989,0.11950098291624989,1,3.7848722102614807,12.574551111349464,0.00010825470389545825,1049.2938725057334,0.9515622527835389,0.11558683395459968,0.32192580006085336,1024
92,14,random,-100.0,14.042484703637644,0,135.24092905942038,859769405030.8518,0.12038786813393544,37131.37753079475,0.6768519187414314,4.141629026088584,0.03289919998496771,-1
92,14,latency_greedy,-1.9963137235199522,1.9963137235199522,1,5.211283897928457,1232.4089061553857,0.022637938250630815,1440.7579934082678,0.9540889921296838,0.15914825471968083,0.00010620011016726494,-1
92,14,block_balanced,-4.113266275380806,4.113266275380806,1,10.934833492050565,159506.69152555117,0.045743049424569235,3012.1103973232694,0.4968283251161909,0.33514505934283695,0.00011489982716739178,-1
92,14,pdp_aware_greedy,-0.7172615160531632,0.7172615160531632,1,4.2521511662624185,54.110617827483686,0.007177778303850926,1177.7299188880902,0.9896359432553127,0.1298571427252167,0.004556300118565559,-1
92,14,local_search,-0.7172615160531632,0.7172615160531632,1,4.2521511662624185,54.110617827483686,0.007177778303850926,1177.7299188880902,0.9896359432553127,0.1298571427252167,0.02380970004014671,-1
92,14,beam_search,-0.3376230195617226,0.3376230195617226,1,4.981823031945821,19.830254934011272,0.0022903806359684618,1378.0093311491025,0.9896359432553127,0.15214071165296755,0.5022895000874996,-1
92,14,simulated_annealing,-0.7172615160531632,0.7172615160531632,1,4.2521511662624185,54.110617827483686,0.007177778303850926,1177.7299188880902,0.9896359432553127,0.1298571427252167,0.01154610002413392,-1
92,14,block_beam_strong,-0.11950098291624989,0.11950098291624989,1,3.7848722102614807,12.574551111349464,0.00010825470389545825,1049.2938725057334,0.9515622527835389,0.11558683395459968,6.415075000142679,-1
92,14,block_lns_strong,-0.11950098291624989,0.11950098291624989,1,3.7848722102614807,12.574551111349464,0.00010825470389545825,1049.2938725057334,0.9515622527835389,0.11558683395459968,0.10134759987704456,-1
92,14,hybrid_heuristic,-0.11950098291624989,0.11950098291624989,1,3.7848722102614807,12.574551111349464,0.00010825470389545825,1049.2938725057334,0.9515622527835389,0.11558683395459968,0.02556940005160868,-1
92,15,autoreg_rl_pure,-0.10564995016344035,0.10564995016344035,1,3.5216650014988486,12.388739772774763,1.4212526970842735e-12,941.5009583714542,0.9774003617678966,0.08171487782617035,0.326595300110057,1024
92,15,random,-100.0,17.63587919513398,0,100.24869116889921,9.454328123864387e+16,0.17522264955027153,26515.46602385359,0.783085659889855,2.3024281015885237,0.03391860006377101,-1
92,15,latency_greedy,-2.4659034696733464,2.4659034696733464,1,4.785381014960918,4116.024605622046,0.027453652887502476,1275.3926224639636,0.9854510957952062,0.10948941670275457,0.00012800004333257675,-1
92,15,block_balanced,-3.581691706818144,3.581691706818144,1,9.146399745740698,48292.775990080045,0.04000769574823158,2428.5776116885722,0.5575436939624433,0.21027576483832228,0.00012330012395977974,-1
92,15,pdp_aware_greedy,-1.256496201504508,1.256496201504508,1,3.7447460982459835,216.40951668869982,0.01380319206660785,1000.2563274829495,0.9854510957952062,0.0856797117544082,0.004101400030776858,-1
92,15,local_search,-1.256496201504508,1.256496201504508,1,3.7447460982459835,216.40951668869982,0.01380319206660785,1000.2563274829495,0.9854510957952062,0.0856797117544082,0.023947600042447448,-1
92,15,beam_search,-0.10778413278777854,0.10778413278777854,1,3.592803831262059,12.388740321950323,5.068065888546619e-10,960.3190105036165,0.9994973403419292,0.08320960743559078,0.4322818999644369,-1
92,15,simulated_annealing,-1.256496201504508,1.256496201504508,1,3.7447460982459835,216.40951668869982,0.01380319206660785,1000.2563274829495,0.9854510957952062,0.0856797117544082,0.011069400003179908,-1
92,15,block_beam_strong,-0.10638751510346148,0.10638751510346148,1,3.5462505031625926,12.38873976937123,8.960742712761025e-14,948.0110043448615,0.996022728641568,0.08226313485627053,4.145444099791348,-1
92,15,block_lns_strong,-0.10638751510346148,0.10638751510346148,1,3.5462505031625926,12.38873976937123,8.960742712761025e-14,948.0110043448615,0.996022728641568,0.08226313485627053,0.1045705999713391,-1
92,15,hybrid_heuristic,-0.10638751510346148,0.10638751510346148,1,3.5462505031625926,12.38873976937123,8.960742712761025e-14,948.0110043448615,0.996022728641568,0.08226313485627053,0.024206000147387385,-1
92,16,autoreg_rl_pure,-0.10179552065029168,0.10179552065029168,1,3.377682473669769,12.40315149345385,4.289617447288451e-06,908.3949119192287,0.9890651022822035,0.09028601200597482,0.3326523997820914,1024
92,16,random,-100.0,11.406052829567354,0,113.0307046031883,6242316632.240336,0.09511419733296701,30066.38764301592,0.9850467145259538,3.028694379103498,0.0340289999730885,-1
92,16,latency_greedy,-7.89118947390634,7.89118947390634,1,12.92939740358267,1736360089.3472085,0.09087706445914168,3448.2781411831857,0.995893332973927,0.34990231658530846,0.000108000123873353,-1
92,16,block_balanced,-5.179507981872407,5.179507981872407,1,10.589335505328847,2353367.3342967886,0.05789226372397452,2826.138097197306,0.5799684338151392,0.2850768869396217,0.00011259992606937885,-1
92,16,pdp_aware_greedy,-0.10516922818052549,0.10516922818052549,1,3.4901393162040755,12.403151563351953,4.289630563732607e-06,938.3071585956679,0.9995192892970409,0.09329200203444991,0.00429339986294508,-1
92,16,local_search,-0.1019967952060934,0.1019967952060934,1,3.3901693065668006,12.3977780487761,3.5850551480183757e-06,911.7265689669829,0.9951039360904687,0.09061978711765165,0.03508910001255572,-1
92,16,beam_search,-0.10169944497582896,0.10169944497582896,1,3.3802576845961836,12.397778000079304,3.5850426758830343e-06,909.0844594107896,0.9461127987994443,0.09035484782059999,0.4510347000323236,-1
92,16,simulated_annealing,-0.1019967952060934,0.1019967952060934,1,3.3901693065668006,12.3977780487761,3.5850551480183757e-06,911.7265689669829,0.9951039360904687,0.09061978711765165,0.01187789998948574,-1
92,16,block_beam_strong,-0.10169944497582896,0.10169944497582896,1,3.3802576845961836,12.397778000079304,3.5850426758830343e-06,909.0844594107896,0.9461127987994443,0.09035484782059999,5.533697499893606,-1
92,16,block_lns_strong,-0.10169944497582896,0.10169944497582896,1,3.3802576845961836,12.397778000079304,3.5850426758830343e-06,909.0844594107896,0.9461127987994443,0.09035484782059999,0.10392919997684658,-1
92,16,hybrid_heuristic,-0.10169944497582896,0.10169944497582896,1,3.3802576845961836,12.397778000079304,3.5850426758830343e-06,909.0844594107896,0.9461127987994443,0.09035484782059999,0.024706300115212798,-1
92,17,autoreg_rl_pure,-0.23020180038363924,0.23020180038363924,1,4.974283542764796,15.168504597033298,0.000997292257003838,1443.6586274258188,0.997998626791799,0.13578407862417283,0.6803425999823958,1015
92,17,random,-100.0,21.891980842877523,0,143.1630026847893,1.5806134368673382e+20,0.20965311036418927,41245.5866756996,0.8924490900201594,3.8495177676345724,0.03312860010191798,-1
92,17,latency_greedy,-6.6175738731385305,6.6175738731385305,1,12.333277421113852,75204892.99151304,0.07423187215331628,3563.092937110698,0.997998626791799,0.334245954898433,0.00010640011169016361,-1
92,17,block_balanced,-3.7326324572414755,3.7326324572414755,1,11.736199396611081,57997.440849749655,0.04139495771856674,3391.4456782199404,0.5326987855284981,0.316258418148622,0.00011730007827281952,-1
92,17,pdp_aware_greedy,-0.36150926803961325,0.36150926803961325,1,5.024859533413439,20.982666287710835,0.002597700464730244,1458.2470161411597,0.933846066823142,0.13714058316109837,0.005050599807873368,-1
92,17,local_search,-0.36150926803961325,0.36150926803961325,1,5.024859533413439,20.982666287710835,0.002597700464730244,1458.2470161411597,0.933846066823142,0.13714058316109837,0.02496220008470118,-1
92,17,beam_search,-0.36150926803961325,0.36150926803961325,1,5.024859533413439,20.982666287710835,0.002597700464730244,1458.2470161411597,0.933846066823142,0.13714058316109837,0.5032677000854164,-1
92,17,simulated_annealing,-0.36150926803961325,0.36150926803961325,1,5.024859533413439,20.982666287710835,0.002597700464730244,1458.2470161411597,0.933846066823142,0.13714058316109837,0.011456199921667576,-1
92,17,block_beam_strong,-0.24503660324293927,0.24503660324293927,1,4.991780897916987,15.720976724624865,0.0011363423949058032,1448.7250954650196,0.9140974145283733,0.13589720615725046,7.473979000002146,-1
92,17,block_lns_strong,-0.23020180038363924,0.23020180038363924,1,4.974283542764796,15.168504597033298,0.000997292257003838,1443.6586274258188,0.997998626791799,0.13578407862417283,0.10241289995610714,-1
92,17,hybrid_heuristic,-0.23020180038363924,0.23020180038363924,1,4.974283542764796,15.168504597033298,0.000997292257003838,1443.6586274258188,0.997998626791799,0.13578407862417283,0.026558299781754613,-1
92,18,autoreg_rl_pure,-0.15085346580239517,0.15085346580239517,1,4.784897346493028,12.6171164490186,0.0001154737511835771,1388.264031377736,0.9397148629271845,0.15756963296210175,2.028518999926746,949
92,18,random,-100.0,4.982510147050121,0,92.70258741339549,3042.3006122679276,0.026720019765718698,26706.223628954423,0.8489582384642241,3.0648961204248213,0.03453429997898638,-1
92,18,latency_greedy,-1.7456384891361085,1.7456384891361085,1,5.4263068776196235,648.0132760901598,0.01916173995344702,1572.9126676182855,0.9443075226839818,0.17916492904202722,0.0001067998819053173,-1
92,18,block_balanced,-1.2294190980259105,1.2294190980259105,1,7.441765585204548,153.2703419581171,0.012082083028623165,2153.680485842833,0.6468627472923372,0.2470889556016393,0.00011099991388618946,-1
92,18,pdp_aware_greedy,-0.16907488724706937,0.16907488724706937,1,5.361118474575001,12.646636739666118,0.00010151714509201486,1554.493943406077,0.9443075226839818,0.1770182345578383,0.00454410002566874,-1
92,18,local_search,-0.16610136843448864,0.16610136843448864,1,5.248054992728172,12.659871588152456,0.00010239693463231792,1521.9681770711618,0.9375795763887327,0.17353746533303904,0.03769140015356243,-1
92,18,beam_search,-0.15896961264472242,0.15896961264472242,1,5.145550972980516,12.53212923648254,6.64072197709526e-05,1492.4219585179792,0.9443075226839818,0.17183595421785106,0.46852939995005727,-1
92,18,simulated_annealing,-0.16610136843448864,0.16610136843448864,1,5.248054992728172,12.659871588152456,0.00010239693463231792,1521.9681770711618,0.9375795763887327,0.17353746533303904,0.011961899930611253,-1
92,18,block_beam_strong,-0.1499962932348676,0.1499962932348676,1,4.976665356196914,12.41032525885759,7.886468358963389e-06,1443.7865085721464,0.9397148629271845,0.16554089839058303,1.6408631999511272,-1
92,18,block_lns_strong,-0.14658805401970798,0.14658805401970798,1,4.863057389510603,12.410325252200373,7.886467488729711e-06,1411.0138242230255,0.9397148629271845,0.1625178794620089,0.10790140018798411,-1
92,18,hybrid_heuristic,-0.14658805401970798,0.14658805401970798,1,4.863057389510603,12.410325252200373,7.886467488729711e-06,1411.0138242230255,0.9397148629271845,0.1625178794620089,0.02583210007287562,-1
92,19,autoreg_rl_pure,-0.17215168450843285,0.17215168450843285,1,4.235605951232351,13.866789570897627,0.0006050064917566679,1059.424943851418,0.9844203596567436,0.08701711224127046,2.843580599874258,974
92,19,random,-100.0,13.819843472101692,0,114.65976573964075,2306873422023.197,0.12459569565166022,28403.828463843864,0.7860408044400022,2.3632529600548353,0.03386299987323582,-1
92,19,latency_greedy,-1.0825816775544974,1.0825816775544974,1,4.039814085735224,137.03770601856428,0.011772188393114799,1010.6596000174571,0.9549015758016439,0.08299472608636049,0.00011579995043575764,-1
92,19,block_balanced,-4.02072572702118,4.02072572702118,1,10.272811359919412,133004.9257824109,0.04480636126271632,2554.5077296727313,0.5917391149231487,0.21255124855058008,0.0002671000547707081,-1
92,19,pdp_aware_greedy,-0.17900979580383808,0.17900979580383808,1,4.678255099232885,13.645957637299952,0.00047186393825642274,1169.2505460429961,0.9549015758016439,0.09611098240732269,0.004309599986299872,-1
92,19,local_search,-0.1741016372030269,0.1741016372030269,1,4.5960550361269386,13.562897535102968,0.0004761403646185778,1148.823921737961,0.9549015758016439,0.09442224832773992,0.03563639987260103,-1
92,19,beam_search,-0.17900979580383808,0.17900979580383808,1,4.678255099232885,13.645957637299952,0.00047186393825642274,1169.2505460429961,0.9549015758016439,0.09611098240732269,0.49876079987734556,-1
92,19,simulated_annealing,-0.1741016372030269,0.1741016372030269,1,4.5960550361269386,13.562897535102968,0.0004761403646185778,1148.823921737961,0.9549015758016439,0.09442224832773992,0.012111299904063344,-1
92,19,block_beam_strong,-0.17215168450843285,0.17215168450843285,1,4.235605951232351,13.866789570897627,0.0006050064917566679,1059.424943851418,0.9844203596567436,0.08701711224127046,3.338068699929863,-1
92,19,block_lns_strong,-0.17215168450843285,0.17215168450843285,1,4.235605951232351,13.866789570897627,0.0006050064917566679,1059.424943851418,0.9844203596567436,0.08701711224127046,0.09340310003608465,-1
92,19,hybrid_heuristic,-0.17215168450843285,0.17215168450843285,1,4.235605951232351,13.866789570897627,0.0006050064917566679,1059.424943851418,0.9844203596567436,0.08701711224127046,0.02553959982469678,-1
92,20,autoreg_rl_pure,-0.12898958828204668,0.12898958828204668,1,4.027686223585916,12.644033968149879,7.72531401243938e-05,1053.598451817601,0.9983977586365046,0.12030001057117896,0.3663103000726551,1021
92,20,random,-100.0,11.936351437066602,0,96.41689749045614,81706488788.89958,0.10875407323391467,24979.959073745387,0.723854097920014,2.8889550981794936,0.03330700006335974,-1
92,20,latency_greedy,-0.7219871201230329,0.7219871201230329,1,6.098082192816461,47.67464059273213,0.006371124632200058,1589.715380677749,0.9983977586365046,0.18341851167794157,0.00010579987429082394,-1
92,20,block_balanced,-3.106780379587219,3.106780379587219,1,8.195989016714146,15820.150422177761,0.034664383294801066,2133.228856343805,0.5850718038801265,0.24636983367365756,0.00011150003410875797,-1
92,20,pdp_aware_greedy,-0.1342767391752502,0.1342767391752502,1,4.203924584293128,12.644033970425399,7.72531405878018e-05,1099.3009565309721,0.9795622969282944,0.1255639451180089,0.004633500007912517,-1
92,20,local_search,-0.1274789013942492,0.1274789013942492,1,4.074225094034538,12.552481164025973,6.456417792622702e-05,1065.6777337528947,0.9983977586365046,0.12169004601489218,0.03457319992594421,-1
92,20,beam_search,-0.13070640668223407,0.13070640668223407,1,4.356880222741136,12.388739769105376,9.38450054342202e-24,1139.0820311399016,0.9983977586365046,0.13205109434480167,0.4405825000721961,-1
92,20,simulated_annealing,-0.1274789013942492,0.1274789013942492,1,4.074225094034538,12.552481164025973,6.456417792622702e-05,1065.6777337528947,0.9983977586365046,0.12169004601489218,0.01104529993608594,-1
92,20,block_beam_strong,-0.12898958828204668,0.12898958828204668,1,4.027686223585916,12.644033968149879,7.72531401243938e-05,1053.598451817601,0.9983977586365046,0.12030001057117896,3.7962255000602454,-1
92,20,block_lns_strong,-0.1274789013942492,0.1274789013942492,1,4.074225094034538,12.552481164025973,6.456417792622702e-05,1065.6777337528947,0.9983977586365046,0.12169004601489218,0.10127760004252195,-1
92,20,hybrid_heuristic,-0.1274789013942492,0.1274789013942492,1,4.074225094034538,12.552481164025973,6.456417792622702e-05,1065.6777337528947,0.9983977586365046,0.12169004601489218,0.03199569997377694,-1
92,21,autoreg_rl_pure,-0.13564020137996774,0.13564020137996774,1,4.478312759784549,12.428783384549677,2.161053730213552e-05,1117.2286272584163,0.9755031737244411,0.12123574760396293,0.3260552999563515,1024
92,21,random,-100.0,25.548744768047506,0,169.5511043189614,2.039816666083432e+23,0.24681889477142255,41901.508116444544,0.7544914029277494,4.508827596405836,0.03595879999920726,-1
92,21,latency_greedy,-2.41438712302732,2.41438712302732,1,5.253613285093476,3493.763455155697,0.02740709244710387,1308.4975411050082,0.9730684128679793,0.1394377859759938,0.00010739988647401333,-1
92,21,block_balanced,-6.999321466170871,6.999321466170871,1,15.370961586030939,155517608.85413918,0.07900381677212116,3808.4145128402715,0.5552435507609497,0.4095073085533882,0.00011869985610246658,-1
92,21,pdp_aware_greedy,-0.146893022497317,0.146893022497317,1,4.745835930979466,12.529462091490755,4.153093427902564e-05,1183.4051430594955,0.9730684128679793,0.12925505826215805,0.0046251998282969,-1
92,21,local_search,-0.14147247903633095,0.14147247903633095,1,4.593969620992485,12.502410340174665,4.055240021769803e-05,1145.8634628860075,0.9730684128679793,0.12496351480626132,0.037553299916908145,-1
92,21,beam_search,-0.13564020137996774,0.13564020137996774,1,4.478312759784549,12.428783384549677,2.161053730213552e-05,1117.2286272584163,0.9755031737244411,0.12123574760396293,0.47414770000614226,-1
92,21,simulated_annealing,-0.14147247903633095,0.14147247903633095,1,4.593969620992485,12.502410340174665,4.055240021769803e-05,1145.8634628860075,0.9730684128679793,0.12496351480626132,0.011208700016140938,-1
92,21,block_beam_strong,-0.13564020137996774,0.13564020137996774,1,4.478312759784549,12.428783384549677,2.161053730213552e-05,1117.2286272584163,0.9755031737244411,0.12123574760396293,4.252423400059342,-1
92,21,block_lns_strong,-0.13564020137996774,0.13564020137996774,1,4.478312759784549,12.428783384549677,2.161053730213552e-05,1117.2286272584163,0.9755031737244411,0.12123574760396293,0.10683390009216964,-1
92,21,hybrid_heuristic,-0.13564020137996774,0.13564020137996774,1,4.478312759784549,12.428783384549677,2.161053730213552e-05,1117.2286272584163,0.9755031737244411,0.12123574760396293,0.025656299898400903,-1
92,22,autoreg_rl_pure,-0.15929326128164764,0.15929326128164764,1,4.277541336295217,13.385948400022235,0.0003807073810878563,1281.8149506798725,0.9443301669835382,0.12405389024149814,0.32798770000226796,1024
92,22,random,-100.0,21.55093166482849,0,166.34873199004943,1.1839371743477875e+19,0.19923471155234096,49445.83191189846,0.8729213287494086,4.837383894901877,0.03317119996063411,-1
92,22,latency_greedy,-2.7693709556793524,2.7693709556793524,1,5.127051118193922,8567.116857134453,0.0320200105122,1534.1189076551218,0.9862429324877501,0.15144978096524891,0.00010280008427798748,-1
92,22,block_balanced,-7.588824503996528,7.588824503996528,1,14.634091475754047,717506364.7043744,0.0873459156735328,4359.574345966135,0.5629238842798585,0.42659080633170954,0.00011200015433132648,-1
92,22,pdp_aware_greedy,-0.9740932697564738,0.9740932697564738,1,4.561734669896168,100.47320259175103,0.010300428458349525,1366.2530680645411,0.9397373970957077,0.13229584183054638,0.004136999836191535,-1
92,22,local_search,-0.9740932697564738,0.9740932697564738,1,4.561734669896168,100.47320259175103,0.010300428458349525,1366.2530680645411,0.9397373970957077,0.13229584183054638,0.024670799961313605,-1
92,22,beam_search,-0.21192993132645868,0.21192993132645868,1,5.175405467085119,14.27425257571078,0.0007474737582645205,1548.6576214022782,0.9762432271472145,0.1500930397378904,0.4700218001380563,-1
92,22,simulated_annealing,-0.9740932697564738,0.9740932697564738,1,4.561734669896168,100.47320259175103,0.010300428458349525,1366.2530680645411,0.9397373970957077,0.13229584183054638,0.012073199963197112,-1
92,22,block_beam_strong,-0.16594601465470232,0.16594601465470232,1,4.266749863994645,13.621463861368834,0.0004011986368710163,1278.590364431119,0.9443301669835382,0.1237409244475828,3.8259030000772327,-1
92,22,block_lns_strong,-0.15929326128164764,0.15929326128164764,1,4.277541336295217,13.385948400022235,0.0003807073810878563,1281.8149506798725,0.9443301669835382,0.12405389024149814,0.10502539994195104,-1
92,22,hybrid_heuristic,-0.15929326128164764,0.15929326128164764,1,4.277541336295217,13.385948400022235,0.0003807073810878563,1281.8149506798725,0.9443301669835382,0.12405389024149814,0.025204299949109554,-1
92,23,autoreg_rl_pure,-0.12139910827261148,0.12139910827261148,1,4.029474111911056,12.404696975123999,7.1250213842961626e-06,986.762084263081,0.9799757074103317,0.10956434690753702,0.7682485000696033,1024
92,23,random,-100.0,7.610768905647342,0,76.14181740125085,7519979.2449458,0.06478816112074212,18458.07191854793,0.9150860150398116,2.0371394433839622,0.03892780002206564,-1
92,23,latency_greedy,-0.8769289693614928,0.8769289693614928,1,5.382987573237929,74.09783631350957,0.008781467742832734,1314.6555815690763,0.9724769514208746,0.14366356586035448,0.00010629999451339245,-1
92,23,block_balanced,-0.6324388669403835,0.6324388669403835,1,7.216281167818201,35.04609015228606,0.0049085533447837245,1759.0166013439048,0.6951093480327322,0.19389008877348213,0.00011810008436441422,-1
92,23,pdp_aware_greedy,-1.223431414152819,1.223431414152819,1,5.561545209704141,173.8600424080022,0.01241122835188618,1358.049841107863,0.9724769514208746,0.1482321269956017,0.0042860999237746,-1
92,23,local_search,-0.27708443649437964,0.27708443649437964,1,7.943257788549335,13.650207650577896,0.00041921406574565474,1935.075535399842,0.9724769514208746,0.2136979999056036,0.036261399975046515,-1
92,23,beam_search,-0.15190780357036715,0.15190780357036715,1,5.060319876956646,12.391781803047971,1.209248121200257e-06,1236.6159718771423,0.9724769514208746,0.13487294454256687,0.43437220016494393,-1
92,23,simulated_annealing,-0.27708443649437964,0.27708443649437964,1,7.943257788549335,13.650207650577896,0.00041921406574565474,1935.075535399842,0.9724769514208746,0.2136979999056036,0.011733199935406446,-1
92,23,block_beam_strong,-0.1203427060352148,0.1203427060352148,1,3.99426070493886,12.404696974248512,7.1250214277472434e-06,978.2173249762901,0.9799757074103317,0.10862481040981731,1.2187103000469506,-1
92,23,block_lns_strong,-0.11788914223488701,0.11788914223488701,1,3.9072547647872438,12.409554810760818,6.8407623449329335e-06,957.1286858124349,0.9690962722961233,0.10608310360773565,0.09297280013561249,-1
92,23,hybrid_heuristic,-0.11788914223488701,0.11788914223488701,1,3.9072547647872438,12.409554810760818,6.8407623449329335e-06,957.1286858124349,0.9690962722961233,0.10608310360773565,0.025228500133380294,-1
92,24,autoreg_rl_pure,-0.44116954609063463,0.44116954609063463,1,5.1915715460888165,25.28835406668722,0.003580751995073124,1350.5475818052287,0.9451336107996766,0.11424107368794646,0.3253114998806268,1024
92,24,random,-100.0,31.628249674768245,0,254.2749891589415,1.4148032366821793e+27,0.400765920260174,65619.63481507266,0.7961315822533104,5.5496952261834505,0.033619699999690056,-1
92,24,latency_greedy,-2.4489864734863667,2.4489864734863667,1,8.263243927249814,3039.6901537257977,0.02662414737808267,2142.4487910137696,0.993693512028163,0.17935671850805268,0.00010449998080730438,-1
92,24,block_balanced,-4.322752298119997,4.322752298119997,1,15.040502183789762,197922.54740641706,0.046984767985829845,3891.5590054559507,0.5526492447661211,0.327478225166631,0.00011019990779459476,-1
92,24,pdp_aware_greedy,-3.1252403514833125,3.1252403514833125,1,5.6879085125062865,19996.163661009297,0.03576598332300242,1478.3138499641645,0.993693512028163,0.12550373295587586,0.00391740002669394,-1
92,24,local_search,-2.42514602375296,2.42514602375296,1,7.9195781587124,2938.588592242307,0.026482288418056003,2053.7751353521294,0.993693512028163,0.1718973278557749,0.03568009985610843,-1
92,24,beam_search,-0.5298750564349464,0.5298750564349464,1,4.5688939244435565,33.07602083164309,0.004781192534520774,1189.5819344555828,0.9688040957272075,0.09916950639654054,0.42913659987971187,-1
92,24,simulated_annealing,-2.42514602375296,2.42514602375296,1,7.9195781587124,2938.588592242307,0.026482288418056003,2053.7751353521294,0.993693512028163,0.1718973278557749,0.010849700076505542,-1
92,24,block_beam_strong,-0.4310787391265336,0.4310787391265336,1,4.890147822123583,25.222179292244295,0.003449827622085459,1272.6557266902482,0.9654361847678646,0.10819954135655008,4.548251899890602,-1
92,24,block_lns_strong,-0.4310787391265336,0.4310787391265336,1,4.890147822123583,25.222179292244295,0.003449827622085459,1272.6557266902482,0.9654361847678646,0.10819954135655008,0.10558580001816154,-1
92,24,hybrid_heuristic,-0.4310787391265336,0.4310787391265336,1,4.890147822123583,25.222179292244295,0.003449827622085459,1272.6557266902482,0.9654361847678646,0.10819954135655008,0.0237639001570642,-1
92,25,autoreg_rl_pure,-0.16738893138680794,0.16738893138680794,1,5.551480594693512,12.41492354645475,1.914238865987555e-05,1533.0719421345555,0.9720611550578815,0.18251406439400755,0.32437799987383187,1024
92,25,random,-100.0,17.654625088756397,0,121.14716484881723,2.0666973442031416e+16,0.16960383767610104,33220.34359321013,0.9971296718625021,3.9169832307175176,0.033429100178182125,-1
92,25,latency_greedy,-1.5169027046938206,1.5169027046938206,1,4.926471674424561,379.7675530559404,0.01663298527154654,1361.141737513856,0.9931407953611415,0.1602555524129561,0.00010349997319281101,-1
92,25,block_balanced,-3.623112314884766,3.623112314884766,1,9.601294998087798,51765.109486826994,0.04008939849801282,2642.936842201261,0.5225431109401175,0.31197154113143594,0.00011189980432391167,-1
92,25,pdp_aware_greedy,-0.4496272579630506,0.4496272579630506,1,4.715402505475032,26.767833762391806,0.0037192065695171314,1303.309826887098,0.9931407953611415,0.15203490776978762,0.004210600163787603,-1
92,25,local_search,-0.4496272579630506,0.4496272579630506,1,4.715402505475032,26.767833762391806,0.0037192065695171314,1303.309826887098,0.9931407953611415,0.15203490776978762,0.025309599936008453,-1
92,25,beam_search,-0.16696772765869217,0.16696772765869217,1,5.508328762729212,12.44205963174085,1.818853881996394e-05,1521.2475964202367,0.9626789728120697,0.18086397675286153,0.4550969998817891,-1
92,25,simulated_annealing,-0.4496272579630506,0.4496272579630506,1,4.715402505475032,26.767833762391806,0.0037192065695171314,1303.309826887098,0.9931407953611415,0.15203490776978762,0.011969400104135275,-1
92,25,block_beam_strong,-0.16696772765869217,0.16696772765869217,1,5.508328762729212,12.44205963174085,1.818853881996394e-05,1521.2475964202367,0.9626789728120697,0.18086397675286153,5.4210249001625925,-1
92,25,block_lns_strong,-0.16696772765869217,0.16696772765869217,1,5.508328762729212,12.44205963174085,1.818853881996394e-05,1521.2475964202367,0.9626789728120697,0.18086397675286153,0.10376200010068715,-1
92,25,hybrid_heuristic,-0.16696772765869217,0.16696772765869217,1,5.508328762729212,12.44205963174085,1.818853881996394e-05,1521.2475964202367,0.9626789728120697,0.18086397675286153,0.025036699837073684,-1
92,26,autoreg_rl_pure,-0.11921580993580684,0.11921580993580684,1,3.76830007387559,12.581217110264339,7.726441176354816e-05,929.073109728702,0.9744989599007061,0.08646454092146182,0.34049930004402995,1024
92,26,random,-100.0,16.56041471324887,0,133.97112356952604,512330219137823.4,0.15043278753113937,32669.72798733413,0.7704495635022,3.013975232876887,0.03159199981018901,-1
92,26,latency_greedy,-0.7968625474706886,0.7968625474706886,1,3.9425170322769785,67.57618095172846,0.008020805387450012,971.3908248046374,0.9877372047365722,0.08948003179427529,0.00010310020297765732,-1
92,26,block_balanced,-1.2718883898984574,1.2718883898984574,1,7.446155048730499,170.38274082180723,0.012611073213247639,1825.8692513886504,0.530435098239994,0.1680897541032598,0.00011059991084039211,-1
92,26,pdp_aware_greedy,-0.12421586198061495,0.12421586198061495,1,4.010554390690945,12.510096678753909,6.0044430278089176e-05,988.2433479381114,0.9790251521745275,0.0908244082141492,0.004099099896848202,-1
92,26,local_search,-0.12421586198061495,0.12421586198061495,1,4.010554390690945,12.510096678753909,6.0044430278089176e-05,988.2433479381114,0.9790251521745275,0.0908244082141492,0.024587600026279688,-1
92,26,beam_search,-0.1208073008889389,0.1208073008889389,1,4.013190248600646,12.40149413976482,4.611438481820336e-06,988.818250845598,0.9877372047365722,0.09212740793517368,0.44128859997726977,-1
92,26,simulated_annealing,-0.12421586198061495,0.12421586198061495,1,4.010554390690945,12.510096678753909,6.0044430278089176e-05,988.2433479381114,0.9790251521745275,0.0908244082141492,0.011071099899709225,-1
92,26,block_beam_strong,-0.11773608699739369,0.11773608699739369,1,3.9202811046927364,12.392694076075193,1.1854708220788797e-06,966.1722389600916,0.9669570076240284,0.09002479916378592,4.933918199967593,-1
92,26,block_lns_strong,-0.11534594309049247,0.11534594309049247,1,3.840612644972308,12.392691284147507,1.1874019860014762e-06,946.7012938572179,0.9744989599007061,0.08824366564699798,0.10575470002368093,-1
92,26,hybrid_heuristic,-0.11534594309049247,0.11534594309049247,1,3.840612644972308,12.392691284147507,1.1874019860014762e-06,946.7012938572179,0.9744989599007061,0.08824366564699798,0.026448599994182587,-1
92,27,autoreg_rl_pure,-0.11392450165088536,0.11392450165088536,1,3.76998649609936,12.414315019741233,2.5009496753424152e-05,985.6564883519388,0.9775542072943206,0.09609677583935752,0.3313847000245005,1024
92,27,random,-100.0,14.563921936097032,0,84.16217983680801,145971035270789.97,0.14582813727871935,21783.166319438653,0.937165958084577,2.100962463932618,0.03282329998910427,-1
92,27,latency_greedy,-1.9616744084457491,1.9616744084457491,1,4.91642109718112,1155.4468320790745,0.022270277561900826,1282.2362310173405,0.9809643918099237,0.12510999169347015,0.00010779988951981068,-1
92,27,block_balanced,-4.417339008655583,4.417339008655583,1,10.992826059905822,339650.87950566865,0.04932334992441859,2854.5803016243062,0.587156547993674,0.27570960027422575,0.00011730007827281952,-1
92,27,pdp_aware_greedy,-0.11442515567154819,0.11442515567154819,1,3.697576085162754,12.497550432552444,3.886377284523819e-05,966.9240812994593,0.9809643918099237,0.09444289819140218,0.004641899839043617,-1
92,27,local_search,-0.11442515567154819,0.11442515567154819,1,3.697576085162754,12.497550432552444,3.886377284523819e-05,966.9240812994593,0.9809643918099237,0.09444289819140218,0.02575289993546903,-1
92,27,beam_search,-0.11449900725843297,0.11449900725843297,1,3.807368048366639,12.397351876230461,3.854871921810477e-06,995.3270022310318,0.9775542072943206,0.09718396853629178,0.45215269993059337,-1
92,27,simulated_annealing,-0.11442515567154819,0.11442515567154819,1,3.697576085162754,12.497550432552444,3.886377284523819e-05,966.9240812994593,0.9809643918099237,0.09444289819140218,0.011115500004962087,-1
92,27,block_beam_strong,-0.11392450165088536,0.11392450165088536,1,3.76998649609936,12.414315019741233,2.5009496753424152e-05,985.6564883519388,0.9775542072943206,0.09609677583935752,3.676349300192669,-1
92,27,block_lns_strong,-0.11392450165088536,0.11392450165088536,1,3.76998649609936,12.414315019741233,2.5009496753424152e-05,985.6564883519388,0.9775542072943206,0.09609677583935752,0.10120150004513562,-1
92,27,hybrid_heuristic,-0.11392450165088536,0.11392450165088536,1,3.76998649609936,12.414315019741233,2.5009496753424152e-05,985.6564883519388,0.9775542072943206,0.09609677583935752,0.026953599881380796,-1
92,28,autoreg_rl_pure,-0.10437354194958914,0.10437354194958914,1,3.4777726337134656,12.389989947024114,7.391387046624247e-07,940.5835992916951,0.9444893792341112,0.09284124832186859,0.330280999885872,1024
92,28,random,-100.0,9.244792358712393,0,98.789563035463,81780684.75805551,0.07593337145221367,26435.382902958998,0.7298745330249714,2.643178604741904,0.03276929981075227,-1
92,28,latency_greedy,-1.7396571891547392,1.7396571891547392,1,4.145599868290882,702.7568517724295,0.019858953139315887,1119.173395645345,0.9428315076690607,0.11258559703972788,0.00010220007970929146,-1
92,28,block_balanced,-1.196292210805996,1.196292210805996,1,6.774187472416438,148.3322134212928,0.011677094049553378,1822.4571114618404,0.5644604239585831,0.18225511726639518,0.00010770000517368317,-1
92,28,pdp_aware_greedy,-0.11754483388727335,0.11754483388727335,1,3.9181356525013147,12.388763441291413,9.918509827862754e-09,1058.5521210825545,0.9693342517760094,0.10459700601077643,0.004634799901396036,-1
92,28,local_search,-0.11281607983098219,0.11281607983098219,1,3.76050238265554,12.388770999649864,1.147961763843303e-08,1016.3477652947809,0.9428315076690607,0.10038889033131265,0.034452500054612756,-1
92,28,beam_search,-0.10540410235114599,0.10540410235114599,1,3.509511116436893,12.392418806459482,1.451461086272686e-06,949.0813694456431,0.9444893792341112,0.09368852635474526,0.4372142998035997,-1
92,28,simulated_annealing,-0.11281607983098219,0.11281607983098219,1,3.76050238265554,12.388770999649864,1.147961763843303e-08,1016.3477652947809,0.9428315076690607,0.10038889033131265,0.010988200083374977,-1
92,28,block_beam_strong,-0.10452660880053408,0.10452660880053408,1,3.4828748620782966,12.389989947024114,7.391387046624247e-07,941.9525456869271,0.9392989281023536,0.09297745540050914,3.5161556999664754,-1
92,28,block_lns_strong,-0.10437354194958914,0.10437354194958914,1,3.4777726337134656,12.389989947024114,7.391387046624247e-07,940.5835992916951,0.9444893792341112,0.09284124832186859,0.10812440002337098,-1
92,28,hybrid_heuristic,-0.10437354194958914,0.10437354194958914,1,3.4777726337134656,12.389989947024114,7.391387046624247e-07,940.5835992916951,0.9444893792341112,0.09284124832186859,0.0248585999943316,-1
92,29,autoreg_rl_pure,-0.15344724316253613,0.15344724316253613,1,5.10692583948474,12.396158755801974,2.770933128561707e-06,1478.1486572225556,0.9857190312871622,0.1691328973161191,2.2305171999614686,1014
92,29,random,-100.0,24.230680697920345,0,159.7183012114975,1.5805060569824097e+22,0.23266726480365515,45892.112883271926,0.8750096938702258,5.309061491157343,0.03406129986979067,-1
92,29,latency_greedy,-100.0,7.913636464322014,0,46.340585855969294,149878451.24320135,0.07952655826776062,13322.656473511932,0.997477286395143,1.5522159374552613,0.00011099991388618946,-1
92,29,block_balanced,-2.255639721240124,2.255639721240124,1,9.116935199565908,1758.3253687585814,0.023613905916802045,2629.9934062116445,0.5740289305783792,0.3040084533476389,0.000112100038677454,-1
92,29,pdp_aware_greedy,-0.15344724316253613,0.15344724316253613,1,5.10692583948474,12.396158755801974,2.770933128561707e-06,1478.1486572225556,0.9857190312871622,0.1691328973161191,0.003942799987271428,-1
92,29,local_search,-0.15297782991446296,0.15297782991446296,1,5.091477778223421,12.395973700810146,2.854913134174673e-06,1473.724901680579,0.9857660170712047,0.1686212831981222,0.03607990010641515,-1
92,29,beam_search,-0.15297782991446296,0.15297782991446296,1,5.091477778223421,12.395973700810146,2.854913134174673e-06,1473.724901680579,0.9857660170712047,0.1686212831981222,0.49081610003486276,-1
92,29,simulated_annealing,-0.15297782991446296,0.15297782991446296,1,5.091477778223421,12.395973700810146,2.854913134174673e-06,1473.724901680579,0.9857660170712047,0.1686212831981222,0.012158300029113889,-1
92,29,block_beam_strong,-0.15297782991446296,0.15297782991446296,1,5.091477778223421,12.395973700810146,2.854913134174673e-06,1473.724901680579,0.9857660170712047,0.1686212831981222,4.873598599806428,-1
92,29,block_lns_strong,-0.15297782991446296,0.15297782991446296,1,5.091477778223421,12.395973700810146,2.854913134174673e-06,1473.724901680579,0.9857660170712047,0.1686212831981222,0.11016770009882748,-1
92,29,hybrid_heuristic,-0.15297782991446296,0.15297782991446296,1,5.091477778223421,12.395973700810146,2.854913134174673e-06,1473.724901680579,0.9857660170712047,0.1686212831981222,0.026113699888810515,-1
92,30,autoreg_rl_pure,-0.218797659642438,0.218797659642438,1,4.423979740097764,15.363332218746823,0.0010468085821085265,1322.9853690113084,0.9847582667286989,0.1488743911845702,0.3255791000556201,1024
92,30,random,-100.0,28.5502219131207,0,188.45592532357287,8.966729771240189e+25,0.2757062580825859,55913.25760876207,0.8957435812291727,6.2730668455129575,0.03335020015947521,-1
92,30,latency_greedy,-4.288224400097262,4.288224400097262,1,6.957787873496589,332872.52459483093,0.04879327112721883,2074.3400235247773,0.9914769030442819,0.2343463808411156,0.00010609999299049377,-1
92,30,block_balanced,-4.346593585184389,4.346593585184389,1,12.335075276357252,257336.87267207276,0.04750588548198012,3669.6538870282534,0.5288353475499524,0.41212459661132117,0.00011440017260611057,-1
92,30,pdp_aware_greedy,-0.5525744691022496,0.5525744691022496,1,4.6310954924249845,34.8443843936077,0.0049125042305483094,1384.421812005078,0.9655769988032137,0.15661477247457337,0.004227799829095602,-1
92,30,local_search,-0.5524325847297573,0.5524325847297573,1,4.622808880050142,34.85368159271099,0.004912525998234097,1381.9549722283182,0.9620854332955728,0.15634073586623073,0.03588290000334382,-1
92,30,beam_search,-0.2369737431855481,0.2369737431855481,1,4.459424152044115,16.034866755035303,0.0012557120898682448,1333.498812244664,0.9655769988032137,0.15064146502993941,0.44042279990389943,-1
92,30,simulated_annealing,-0.5524325847297573,0.5524325847297573,1,4.622808880050142,34.85368159271099,0.004912525998234097,1381.9549722283182,0.9620854332955728,0.15634073586623073,0.011790999909862876,-1
92,30,block_beam_strong,-0.22016676436377652,0.22016676436377652,1,4.447545445880643,15.388784723303395,0.001046394038346327,1329.9932626838424,0.8315540704056826,0.14965692215437212,5.339962600031868,-1
92,30,block_lns_strong,-0.21625340660191597,0.21625340660191597,1,4.339820207385212,15.362584539698426,0.0010466540329288185,1297.9768200790247,0.9584807135599237,0.1466698551121892,0.10584109998308122,-1
92,30,hybrid_heuristic,-0.21625340660191597,0.21625340660191597,1,4.339820207385212,15.362584539698426,0.0010466540329288185,1297.9768200790247,0.9584807135599237,0.1466698551121892,0.025907200062647462,-1
92,31,autoreg_rl_pure,-0.26425630527431687,0.26425630527431687,1,4.231747072467993,17.462360040101977,0.0016656098458539756,1028.9613252851311,0.9261027093427928,0.07858462266778256,0.3280356000177562,1024
92,31,random,-100.0,21.870195723197433,0,151.70686780852932,7.886444758720599e+19,0.20969492472092627,36519.54215398947,0.9507146927014155,2.8372605058427127,0.03276370000094175,-1
92,31,latency_greedy,-4.484774591554509,4.484774591554509,1,11.548426963541793,385614.1100636268,0.04958431327059715,2789.7053960975395,0.9970805356497974,0.2151700563488292,0.00010529998689889908,-1
92,31,block_balanced,-3.7618849027820036,3.7618849027820036,1,9.619380758736174,73133.85542029246,0.04165997192232398,2325.618582561551,0.6429679454009715,0.17990598772487723,0.00011440017260611057,-1
92,31,pdp_aware_greedy,-0.28620042782436905,0.28620042782436905,1,4.15322948808097,18.556067692085115,0.0018989328997215005,1010.0460826444088,0.931139952393807,0.07712653109563163,0.004201299976557493,-1
92,31,local_search,-0.28620042782436905,0.28620042782436905,1,4.15322948808097,18.556067692085115,0.0018989328997215005,1010.0460826444088,0.931139952393807,0.07712653109563163,0.03326359996572137,-1
92,31,beam_search,-0.5208372634637788,0.5208372634637788,1,4.547020904471818,32.39015659170835,0.004733975323919433,1104.9668497961243,0.9927017261626839,0.08587198309911065,0.48048239992931485,-1
92,31,simulated_annealing,-0.28620042782436905,0.28620042782436905,1,4.15322948808097,18.556067692085115,0.0018989328997215005,1010.0460826444088,0.931139952393807,0.07712653109563163,0.010719700017943978,-1
92,31,block_beam_strong,-0.2858137651061775,0.2858137651061775,1,4.140368955849433,18.55602841119312,0.0018989261779773356,1006.9429737046444,0.9889822939999351,0.07688770773132957,3.9811899999622256,-1
92,31,block_lns_strong,-0.26357365281920053,0.26357365281920053,1,4.209019176568214,17.462324435341216,0.0016656024553258547,1023.4891355866566,0.9889822939999351,0.07816255984296559,0.10253280005417764,-1
92,31,hybrid_heuristic,-0.26357365281920053,0.26357365281920053,1,4.209019176568214,17.462324435341216,0.0016656024553258547,1023.4891355866566,0.9889822939999351,0.07816255984296559,0.024958300171419978,-1
92,32,autoreg_rl_pure,-0.19708646745928687,0.19708646745928687,1,5.089873003165423,13.842778245530306,0.0005645021628423084,1512.8925263119977,0.9776757867127901,0.1490676859228066,2.90490430011414,941
92,32,random,-100.0,25.769166998987775,0,210.77198415023082,1.6079090645327717e+22,0.23480301512543794,62207.06173450626,0.9146014570706088,6.088644743070711,0.03395859990268946,-1
92,32,latency_greedy,-100.0,4.38380375616209,0,35.83199688421245,48479.56272512971,0.04013628140785615,10583.894742024637,0.9985947163508676,1.031821216461827,0.000107599887996912,-1
92,32,block_balanced,-100.0,4.092368834384347,0,45.75022236456143,11119.364151351267,0.03237492909203664,13510.987575915959,0.6217629530755505,1.3202178649408276,0.00011799996718764305,-1
92,32,pdp_aware_greedy,-2.397818274236518,2.397818274236518,1,6.273351882858794,3105.1964810726586,0.026804878975855494,1861.8781949793988,0.9985947163508676,0.18084630795986004,0.0039472999051213264,-1
92,32,local_search,-2.3894567156523037,2.3894567156523037,1,6.009372689128387,3101.765716731785,0.02680389751591405,1783.915648567065,0.9985947163508676,0.17366148582829438,0.03654609993100166,-1
92,32,beam_search,-0.9707661563509304,0.9707661563509304,1,3.7753960605478043,105.69405669595682,0.01040152827850888,1124.3789184982843,0.9937380296709821,0.10871662465275538,0.48821179987862706,-1
92,32,simulated_annealing,-2.3894567156523037,2.3894567156523037,1,6.009372689128387,3101.765716731785,0.02680389751591405,1783.915648567065,0.9985947163508676,0.17366148582829438,0.011978600174188614,-1
92,32,block_beam_strong,-0.19708646745928687,0.19708646745928687,1,5.089873003165423,13.842778245530306,0.0005645021628423084,1512.8925263119977,0.9776757867127901,0.1490676859228066,2.3565380999352783,-1
92,32,block_lns_strong,-0.19708646745928687,0.19708646745928687,1,5.089873003165423,13.842778245530306,0.0005645021628423084,1512.8925263119977,0.9776757867127901,0.1490676859228066,0.10137109993956983,-1
92,32,hybrid_heuristic,-0.19708646745928687,0.19708646745928687,1,5.089873003165423,13.842778245530306,0.0005645021628423084,1512.8925263119977,0.9776757867127901,0.1490676859228066,0.02521850005723536,-1
92,33,autoreg_rl_pure,-0.11885599127543973,0.11885599127543973,1,3.9610947683024422,12.389456733232162,2.7921709815158437e-07,1096.275404519327,0.995796800807102,0.08460025646118231,0.332739399978891,1024
92,33,random,-100.0,14.792745828114885,0,121.41051579275992,15828984900963.572,0.1334463344980675,33288.81841709648,0.7937701594963243,2.6026161568120654,0.035483800107613206,-1
92,33,latency_greedy,-0.9898728145306864,0.9898728145306864,1,4.21047595436118,107.30597323857737,0.010401350815682027,1164.459164741987,0.9992706243612949,0.09143705161575848,0.00010329997166991234,-1
92,33,block_balanced,-2.14329315826011,2.14329315826011,1,7.978081655720732,1446.1566763256449,0.022917250286619482,2197.293046587293,0.6072383929017914,0.17172676134949355,0.00010969978757202625,-1
92,33,pdp_aware_greedy,-0.37879540378859367,0.37879540378859367,1,5.137022415558903,21.72578502685748,0.002706405937606297,1418.582534439236,0.9696980947949504,0.11122925513402177,0.0035764998756349087,-1
92,33,local_search,-0.37815821883389034,0.37815821883389034,1,5.115785359175797,21.72578104760596,0.0027064058421445215,1412.7487923909387,0.908400475376231,0.11077597358118482,0.03677250002510846,-1
92,33,beam_search,-0.5673233970249789,0.5673233970249789,1,4.289904485446167,37.0902315005369,0.005338952995364994,1186.401589116988,0.9992706243612949,0.09162290752721809,0.4462190999183804,-1
92,33,simulated_annealing,-0.37815821883389034,0.37815821883389034,1,5.115785359175797,21.72578104760596,0.0027064058421445215,1412.7487923909387,0.908400475376231,0.11077597358118482,0.012078200001269579,-1
92,33,block_beam_strong,-0.12000007477913788,0.12000007477913788,1,3.9992464974545903,12.389442226089198,2.955261369882233e-07,1106.7337135130101,0.995796800807102,0.08541509333318488,3.1043092999607325,-1
92,33,block_lns_strong,-0.11885599127543973,0.11885599127543973,1,3.9610947683024422,12.389456733232162,2.7921709815158437e-07,1096.275404519327,0.995796800807102,0.08460025646118231,0.09285359992645681,-1
92,33,hybrid_heuristic,-0.11885599127543973,0.11885599127543973,1,3.9610947683024422,12.389456733232162,2.7921709815158437e-07,1096.275404519327,0.995796800807102,0.08460025646118231,0.02451159991323948,-1
92,34,autoreg_rl_pure,-0.19407894822509342,0.19407894822509342,1,4.116973793807526,14.779074762890698,0.0007736730037072155,919.6717250544457,0.969014544659031,0.10449810898893629,1.062156899832189,1013
92,34,random,-100.0,25.097011568481257,0,163.09153969613314,1.0703591881979186e+23,0.24442951945559557,36029.123254033286,0.7277451400107074,4.081704656927141,0.03487870004028082,-1
92,34,latency_greedy,-4.774106405571294,4.774106405571294,1,10.881386382563424,835637.3550699248,0.0535963356722506,2413.5780373378248,0.969014544659031,0.2760721347846142,0.00010349997319281101,-1
92,34,block_balanced,-7.512935848823098,7.512935848823098,1,20.161464422309074,392096196.6637623,0.08310812701444513,4463.399564283902,0.6495266451370337,0.5077914229877845,0.00011419993825256824,-1
92,34,pdp_aware_greedy,-0.19407894822509342,0.19407894822509342,1,4.116973793807526,14.779074762890698,0.0007736730037072155,919.6717250544457,0.969014544659031,0.10449810898893629,0.003996900049969554,-1
92,34,local_search,-0.19407894822509342,0.19407894822509342,1,4.116973793807526,14.779074762890698,0.0007736730037072155,919.6717250544457,0.969014544659031,0.10449810898893629,0.02505529997870326,-1
92,34,beam_search,-0.19407894822509342,0.19407894822509342,1,4.116973793807526,14.779074762890698,0.0007736730037072155,919.6717250544457,0.969014544659031,0.10449810898893629,0.47197080007754266,-1
92,34,simulated_annealing,-0.19407894822509342,0.19407894822509342,1,4.116973793807526,14.779074762890698,0.0007736730037072155,919.6717250544457,0.969014544659031,0.10449810898893629,0.011487800162285566,-1
92,34,block_beam_strong,-0.19407894822509342,0.19407894822509342,1,4.116973793807526,14.779074762890698,0.0007736730037072155,919.6717250544457,0.969014544659031,0.10449810898893629,1.7268707999028265,-1
92,34,block_lns_strong,-0.19407894822509342,0.19407894822509342,1,4.116973793807526,14.779074762890698,0.0007736730037072155,919.6717250544457,0.969014544659031,0.10449810898893629,0.08850639988668263,-1
92,34,hybrid_heuristic,-0.19407894822509342,0.19407894822509342,1,4.116973793807526,14.779074762890698,0.0007736730037072155,919.6717250544457,0.969014544659031,0.10449810898893629,0.02626740001142025,-1
92,35,autoreg_rl_pure,-0.37493542506711847,0.37493542506711847,1,4.605617803722469,22.392032515279283,0.0029114529922550404,1141.7233166711476,0.9814368144750106,0.11463824577260583,0.3220466999337077,1024
92,35,random,-100.0,27.337343890674752,0,152.8612545373328,6.239663710948241e+25,0.2734565056805749,37550.037261572164,0.6736321105740924,3.7175202555903764,0.03189249988645315,-1
92,35,latency_greedy,-2.73886474356758,2.73886474356758,1,4.810545534555601,8128.721399539112,0.030970862687765527,1191.7239082671877,0.9814368144750106,0.11977116295283367,0.00010079983621835709,-1
92,35,block_balanced,-7.880090650321667,7.880090650321667,1,13.565577856540521,1610154965.9934547,0.09042744068816178,3342.223066986556,0.5173591930343877,0.33131178416898827,0.00011480017565190792,-1
92,35,pdp_aware_greedy,-2.308830820415701,2.308830820415701,1,5.482843006781099,2637.671508125809,0.02603257019675552,1357.2608688317425,0.9832576242102897,0.1330572621846601,0.004859199980273843,-1
92,35,local_search,-2.308830820415701,2.308830820415701,1,5.482843006781099,2637.671508125809,0.02603257019675552,1357.2608688317425,0.9832576242102897,0.1330572621846601,0.026763000059872866,-1
92,35,beam_search,-0.37493542506711847,0.37493542506711847,1,4.605617803722469,22.392032515279283,0.0029114529922550404,1141.7233166711476,0.9814368144750106,0.11463824577260583,0.4402899001725018,-1
92,35,simulated_annealing,-2.308830820415701,2.308830820415701,1,5.482843006781099,2637.671508125809,0.02603257019675552,1357.2608688317425,0.9832576242102897,0.1330572621846601,0.011144200107082725,-1
92,35,block_beam_strong,-0.37493542506711847,0.37493542506711847,1,4.605617803722469,22.392032515279283,0.0029114529922550404,1141.7233166711476,0.9814368144750106,0.11463824577260583,6.1843348001129925,-1
92,35,block_lns_strong,-0.37493542506711847,0.37493542506711847,1,4.605617803722469,22.392032515279283,0.0029114529922550404,1141.7233166711476,0.9814368144750106,0.11463824577260583,0.10478450008668005,-1
92,35,hybrid_heuristic,-0.37493542506711847,0.37493542506711847,1,4.605617803722469,22.392032515279283,0.0029114529922550404,1141.7233166711476,0.9814368144750106,0.11463824577260583,0.024460399989038706,-1
92,36,autoreg_rl_pure,-0.1090324234453157,0.1090324234453157,1,3.634414111207563,12.388739772484058,1.1030554723228014e-12,1056.5615969846783,0.9582794747275538,0.100007543147245,0.33735099993646145,1024
92,36,random,-100.0,17.83170440196273,0,115.21744831121225,5.019743669655088e+16,0.17354274819559937,33175.24237175731,0.9288239178569059,3.1704185546072923,0.0336754999589175,-1
92,36,latency_greedy,-1.4279317701628484,1.4279317701628484,1,4.50597369733182,313.77286836980744,0.015433697036634532,1307.4353305532627,0.9546890150705717,0.12399009721171735,0.00014159991405904293,-1
92,36,block_balanced,-5.383463216922852,5.383463216922852,1,11.599604032233612,3632659.987468775,0.06048434314079583,3349.6463552069104,0.5511532039957964,0.3210917716994941,0.0001205001026391983,-1
92,36,pdp_aware_greedy,-1.39791656836303,1.39791656836303,1,5.629836652991141,267.55941366968295,0.014644766799484267,1631.4616581952803,0.9995884775808128,0.1588354341072276,0.004851500038057566,-1
92,36,local_search,-1.3218879489317383,1.3218879489317383,1,5.522271212580264,223.03696237886638,0.013958701836145015,1600.5094841952323,0.9995884775808128,0.15585951075195342,0.035387699957937,-1
92,36,beam_search,-0.1090324234453157,0.1090324234453157,1,3.634414111207563,12.388739772484058,1.1030554723228014e-12,1056.5615969846783,0.9582794747275538,0.100007543147245,0.4339650000911206,-1
92,36,simulated_annealing,-1.3218879489317383,1.3218879489317383,1,5.522271212580264,223.03696237886638,0.013958701836145015,1600.5094841952323,0.9995884775808128,0.15585951075195342,0.01229580002836883,-1
92,36,block_beam_strong,-0.1183419612156745,0.1183419612156745,1,3.9447320341634846,12.388739775013875,2.7204826798982026e-12,1146.0271041948495,0.9546890150705717,0.1085465076460006,3.7589025998022407,-1
92,36,block_lns_strong,-0.1090324234453157,0.1090324234453157,1,3.634414111207563,12.388739772484058,1.1030554723228014e-12,1056.5615969846783,0.9582794747275538,0.100007543147245,0.1062022999394685,-1
92,36,hybrid_heuristic,-0.1090324234453157,0.1090324234453157,1,3.634414111207563,12.388739772484058,1.1030554723228014e-12,1056.5615969846783,0.9582794747275538,0.100007543147245,0.025907499948516488,-1
92,37,autoreg_rl_pure,-0.2670325263592074,0.2670325263592074,1,4.855230710076057,16.78065927432174,0.0014777723712839942,1510.0780407396019,0.972315138265309,0.11936181547807305,1.8812183998525143,1019
92,37,random,-100.0,22.066455101219887,0,140.24032386304773,3.044082616370373e+20,0.2138546618516479,43324.8664708252,0.5622459109493191,3.4642966022037713,0.03522339998744428,-1
92,37,latency_greedy,-0.3325011677967308,0.3325011677967308,1,3.69537221690989,21.56103995227312,0.002619627261546165,1151.671065177602,0.972315138265309,0.090847657509294,0.00010289996862411499,-1
92,37,block_balanced,-3.9416619487249513,3.9416619487249513,1,8.596658748880046,123771.6287037808,0.04420691500132441,2665.701281431818,0.5609514989274363,0.21303557334739254,0.00011459994129836559,-1
92,37,pdp_aware_greedy,-0.3193288245461313,0.3193288245461313,1,4.468595387235636,19.687135147816235,0.002255019839233365,1390.833892854535,0.972315138265309,0.10985670710775203,0.004113700008019805,-1
92,37,local_search,-0.3193288245461313,0.3193288245461313,1,4.468595387235636,19.687135147816235,0.002255019839233365,1390.833892854535,0.972315138265309,0.10985670710775203,0.02524980017915368,-1
92,37,beam_search,-1.063492331804893,1.063492331804893,1,3.8656069002548583,132.36963693401003,0.011451682668641345,1204.2753817324544,0.9633084595765294,0.09503273584537002,0.45329810003750026,-1
92,37,simulated_annealing,-0.3193288245461313,0.3193288245461313,1,4.468595387235636,19.687135147816235,0.002255019839233365,1390.833892854535,0.972315138265309,0.10985670710775203,0.010806799866259098,-1
92,37,block_beam_strong,-0.2445913458989459,0.2445913458989459,1,4.168186466120961,16.704069238309096,0.0014997680555113256,1297.9769668377792,0.9633084595765294,0.10247140322597312,3.7809840000700206,-1
92,37,block_lns_strong,-0.2445913458989459,0.2445913458989459,1,4.168186466120961,16.704069238309096,0.0014997680555113256,1297.9769668377792,0.9633084595765294,0.10247140322597312,0.09143589995801449,-1
92,37,hybrid_heuristic,-0.2445913458989459,0.2445913458989459,1,4.168186466120961,16.704069238309096,0.0014997680555113256,1297.9769668377792,0.9633084595765294,0.10247140322597312,0.025439100107178092,-1
92,38,autoreg_rl_pure,-0.3434467667500706,0.3434467667500706,1,7.792354709506144,16.29695516351773,0.0013434971280663868,2116.0414882989617,0.9957891852164448,0.2583843314165151,0.3762523999903351,1024
92,38,random,-100.0,18.190513159825542,0,135.11920403943728,2.7670148998193456e+16,0.1711825814285105,36510.26686601632,0.8304230736998787,4.444489264987968,0.033870500046759844,-1
92,38,latency_greedy,-4.179497080593323,4.179497080593323,1,8.605011849124292,224168.83838726976,0.04685853844970772,2334.886073681503,0.9957377981435304,0.28449837099139164,0.00010579987429082394,-1
92,38,block_balanced,-1.8229144357164737,1.8229144357164737,1,8.309022966842035,633.270299035866,0.019069269277721918,2255.2493824200255,0.5993355326530831,0.2740973028093263,0.00011030002497136593,-1
92,38,pdp_aware_greedy,-1.2122062066487236,1.2122062066487236,1,4.299835401561059,185.82694519105448,0.013091582660131459,1171.9548235745465,0.9765233137423256,0.14279882602869168,0.0041772001422941685,-1
92,38,local_search,-1.2122062066487236,1.2122062066487236,1,4.299835401561059,185.82694519105448,0.013091582660131459,1171.9548235745465,0.9765233137423256,0.14279882602869168,0.025593600003048778,-1
92,38,beam_search,-1.1479400269447926,1.1479400269447926,1,5.5082224734153264,144.53495172773714,0.011887561544038302,1498.3730413826395,0.9731285680089915,0.1824343428657862,0.48291969997808337,-1
92,38,simulated_annealing,-1.2122062066487236,1.2122062066487236,1,4.299835401561059,185.82694519105448,0.013091582660131459,1171.9548235745465,0.9765233137423256,0.14279882602869168,0.011534699937328696,-1
92,38,block_beam_strong,-0.37320503486613854,0.37320503486613854,1,4.2342035414329695,22.92516690222794,0.0030884517648414145,1154.3184590546819,0.9765233137423256,0.1388833509287921,3.458329899935052,-1
92,38,block_lns_strong,-0.37320503486613854,0.37320503486613854,1,4.2342035414329695,22.92516690222794,0.0030884517648414145,1154.3184590546819,0.9765233137423256,0.1388833509287921,0.08357300003990531,-1
92,38,hybrid_heuristic,-0.37320503486613854,0.37320503486613854,1,4.2342035414329695,22.92516690222794,0.0030884517648414145,1154.3184590546819,0.9765233137423256,0.1388833509287921,0.02564230002462864,-1
92,39,autoreg_rl_pure,-0.11328599490666058,0.11328599490666058,1,3.7730215023415368,12.391693281888505,1.1630861968295775e-06,1006.868461563721,0.9682766615963796,0.10714533835858119,0.9842807999812067,1024
92,39,random,-100.0,30.22143205684025,0,207.38106856134164,1.4148032366821793e+27,0.2948544226844089,54780.07211023418,0.9746603115279566,5.780973123592505,0.03381310007534921,-1
92,39,latency_greedy,-1.679474870560653,1.679474870560653,1,4.411735455459036,592.6446594378579,0.018285891077257074,1175.545542396875,0.9682766615963796,0.12455484685451265,0.0001034000888466835,-1
92,39,block_balanced,-6.71651728123181,6.71651728123181,1,13.67392569738796,87097327.01777163,0.07684929459651199,3622.039465247969,0.6455177743975864,0.38266495218249785,0.00011410005390644073,-1
92,39,pdp_aware_greedy,-0.12156697823851345,0.12156697823851345,1,3.841116615090606,12.58646054623582,5.862931233063399e-05,1024.852682527763,0.9720063742378128,0.10908407155508704,0.006342800101265311,-1
92,39,local_search,-0.11671126050663862,0.11671126050663862,1,3.716907811465612,12.550971115731985,5.7247913575087924e-05,992.0422390289277,0.9682766615963796,0.10540239268086442,0.035541600082069635,-1
92,39,beam_search,-0.11328599490666058,0.11328599490666058,1,3.7730215023415368,12.391693281888505,1.1630861968295775e-06,1006.868461563721,0.9682766615963796,0.10714533835858119,0.44988179998472333,-1
92,39,simulated_annealing,-0.11671126050663862,0.11671126050663862,1,3.716907811465612,12.550971115731985,5.7247913575087924e-05,992.0422390289277,0.9682766615963796,0.10540239268086442,0.011644300073385239,-1
92,39,block_beam_strong,-0.11671126050663862,0.11671126050663862,1,3.716907811465612,12.550971115731985,5.7247913575087924e-05,992.0422390289277,0.9682766615963796,0.10540239268086442,2.0699161998927593,-1
92,39,block_lns_strong,-0.11328599490666058,0.11328599490666058,1,3.7730215023415368,12.391693281888505,1.1630861968295775e-06,1006.868461563721,0.9682766615963796,0.10714533835858119,0.08774139988236129,-1
92,39,hybrid_heuristic,-0.11328599490666058,0.11328599490666058,1,3.7730215023415368,12.391693281888505,1.1630861968295775e-06,1006.868461563721,0.9682766615963796,0.10714533835858119,0.025347799994051456,-1
92,40,autoreg_rl_pure,-0.12710887808450747,0.12710887808450747,1,4.236962602758805,12.38873976915937,2.1294674204628324e-14,1173.2545755826736,0.936860454086148,0.11684053239858251,0.32486169994808733,1024
92,40,random,-100.0,9.677653827517698,0,103.04978310091272,175331462.7310863,0.07900311703438236,28285.48779107355,0.9451742988214259,2.8052039334243517,0.03313319990411401,-1
92,40,latency_greedy,-3.7572689372573365,3.7572689372573365,1,7.841020484011573,82609.81546623448,0.043197601203992964,2161.9586271935846,0.9487947189541264,0.21478050622556247,0.00010229996405541897,-1
92,40,block_balanced,-4.67518879434752,4.67518879434752,1,14.110308225018734,512208.3966463446,0.05190645394240884,3882.2552877674816,0.599962945661766,0.3840325709979756,0.0001105000264942646,-1
92,40,pdp_aware_greedy,-0.3972924256944794,0.3972924256944794,1,4.500902831510276,23.865915916471792,0.003188038246359163,1245.674212364358,0.9410173764537869,0.12403073488536827,0.0038731000386178493,-1
92,40,local_search,-0.3972924256944794,0.3972924256944794,1,4.500902831510276,23.865915916471792,0.003188038246359163,1245.674212364358,0.9410173764537869,0.12403073488536827,0.025380800012499094,-1
92,40,beam_search,-0.12710887808450747,0.12710887808450747,1,4.236962602758805,12.38873976915937,2.1294674204628324e-14,1173.2545755826736,0.936860454086148,0.11684053239858251,0.46022439980879426,-1
92,40,simulated_annealing,-0.3972924256944794,0.3972924256944794,1,4.500902831510276,23.865915916471792,0.003188038246359163,1245.674212364358,0.9410173764537869,0.12403073488536827,0.012440299848094583,-1
92,40,block_beam_strong,-0.12710887808450747,0.12710887808450747,1,4.236962602758805,12.38873976915937,2.1294674204628324e-14,1173.2545755826736,0.936860454086148,0.11684053239858251,2.640756400069222,-1
92,40,block_lns_strong,-0.12710887808450747,0.12710887808450747,1,4.236962602758805,12.38873976915937,2.1294674204628324e-14,1173.2545755826736,0.936860454086148,0.11684053239858251,0.1075180999469012,-1
92,40,hybrid_heuristic,-0.12710887808450747,0.12710887808450747,1,4.236962602758805,12.38873976915937,2.1294674204628324e-14,1173.2545755826736,0.936860454086148,0.11684053239858251,0.024877900024876,-1
92,41,autoreg_rl_pure,-0.4010611238696539,0.4010611238696539,1,4.179316659396421,24.6799713243068,0.0033566932297340694,1117.165018496353,0.998668493083978,0.14348738757130716,0.3817796998191625,1024
92,41,random,-100.0,26.49236591706086,0,183.4591999833124,7.604997766004731e+23,0.25387067290213483,48588.047141720606,0.9969955706064346,6.1993904498802594,0.03351010009646416,-1
92,41,latency_greedy,-4.439413200754418,4.439413200754418,1,8.633525844737125,428397.39657488134,0.049853918601978325,2296.4702946288153,0.9566432471254762,0.29537808866152987,0.00021540001034736633,-1
92,41,block_balanced,-5.943824534622474,5.943824534622474,1,15.33867613793661,11138839.391266063,0.06559772506532864,4072.1969904704197,0.6001725049493066,0.5208934314476426,0.00013780011795461178,-1
92,41,pdp_aware_greedy,-0.7751729704984105,0.7751729704984105,1,4.275464955426093,62.430911636515546,0.0076015482075322115,1142.6227673417093,0.998668493083978,0.1470193156852391,0.004015699960291386,-1
92,41,local_search,-0.7721060302409722,0.7721060302409722,1,4.173233613511485,62.430911636515546,0.0076015482075322115,1115.5523359009098,0.9566432471254762,0.14355746149983767,0.034600700018927455,-1
92,41,beam_search,-0.6574624709315143,0.6574624709315143,1,4.33447390104808,46.31003200830583,0.006397705598382371,1158.2820857183929,0.998668493083978,0.14832782835008188,0.46231099986471236,-1
92,41,simulated_annealing,-0.7721060302409722,0.7721060302409722,1,4.173233613511485,62.430911636515546,0.0076015482075322115,1115.5523359009098,0.9566432471254762,0.14355746149983767,0.01120990002527833,-1
92,41,block_beam_strong,-0.6322440344777178,0.6322440344777178,1,4.511656696902816,42.906520648132435,0.006027739084321706,1205.296761429507,0.9938114475893791,0.15212627539993046,2.7105266000144184,-1
92,41,block_lns_strong,-0.6322440344777178,0.6322440344777178,1,4.511656696902816,42.906520648132435,0.006027739084321706,1205.296761429507,0.9938114475893791,0.15212627539993046,0.09997970005497336,-1
92,41,hybrid_heuristic,-0.6322440344777178,0.6322440344777178,1,4.511656696902816,42.906520648132435,0.006027739084321706,1205.296761429507,0.9938114475893791,0.15212627539993046,0.02626119996421039,-1
92,42,autoreg_rl_pure,-0.12598312449847918,0.12598312449847918,1,3.8300514795987106,12.736755242883156,0.00014784417852112917,949.6149064298766,0.9775265294983787,0.08164303743749114,0.32563519990071654,1024
92,42,random,-100.0,28.08734281778657,0,210.25843288376896,5.49435017438422e+24,0.2636603619877501,51569.16821423869,0.8330287648429163,4.391375988816767,0.032817799830809236,-1
92,42,latency_greedy,-2.091086951109192,2.091086951109192,1,5.489337888342319,1529.666494330823,0.022637182031590646,1356.4234369796675,0.9790417898044276,0.11667884456097004,0.0001025001984089613,-1
92,42,block_balanced,-6.090936678115382,6.090936678115382,1,14.637518373331492,16959111.418962833,0.06834975985295923,3599.9884342981036,0.525765482423508,0.30657561077378065,0.00011610006913542747,-1
92,42,pdp_aware_greedy,-0.14562213930058757,0.14562213930058757,1,4.262091078359142,12.951174697866655,0.00022561036922982266,1055.7598283737373,0.9815346991245513,0.09062578316168554,0.004712600028142333,-1
92,42,local_search,-0.14363816420224146,0.14363816420224146,1,4.21821111060815,12.929577989055664,0.0002256133778354773,1044.9741962274366,0.9775265294983787,0.08971431203692531,0.03571629989892244,-1
92,42,beam_search,-0.12598312449847918,0.12598312449847918,1,3.8300514795987106,12.736755242883156,0.00014784417852112917,949.6149064298766,0.9775265294983787,0.08164303743749114,0.4670463998336345,-1
92,42,simulated_annealing,-0.14363816420224146,0.14363816420224146,1,4.21821111060815,12.929577989055664,0.0002256133778354773,1044.9741962274366,0.9775265294983787,0.08971431203692531,0.012015900108963251,-1
92,42,block_beam_strong,-0.12598312449847918,0.12598312449847918,1,3.8300514795987106,12.736755242883156,0.00014784417852112917,949.6149064298766,0.9775265294983787,0.08164303743749114,5.769712599925697,-1
92,42,block_lns_strong,-0.12598312449847918,0.12598312449847918,1,3.8300514795987106,12.736755242883156,0.00014784417852112917,949.6149064298766,0.9775265294983787,0.08164303743749114,0.1089355000294745,-1
92,42,hybrid_heuristic,-0.12598312449847918,0.12598312449847918,1,3.8300514795987106,12.736755242883156,0.00014784417852112917,949.6149064298766,0.9775265294983787,0.08164303743749114,0.025196900125592947,-1
92,43,autoreg_rl_pure,-0.6954612849677002,0.6954612849677002,1,5.210938212170823,47.68518789799242,0.006639245728535112,1585.6624315010956,0.9702798181651495,0.15775603791354148,1.17550710006617,1024
92,43,random,-100.0,32.702955372010074,0,290.09851240033584,1.4148032366821793e+27,0.316241243124375,87674.69983935171,0.971515661719145,8.798817749290071,0.0348624000325799,-1
92,43,latency_greedy,-4.691996499184595,4.691996499184595,1,7.634809801831279,868192.2799075216,0.05399389721640105,2317.981534062003,0.9762637412257066,0.2335088116284835,0.00010409997776150703,-1
92,43,block_balanced,-100.0,8.26919577356214,0,34.85322165612501,862879652.3110673,0.08691787337770152,10543.327974400845,0.5819597811301748,1.0583263888636956,0.00011620018631219864,-1
92,43,pdp_aware_greedy,-2.3822803869869436,2.3822803869869436,1,5.928142197136365,3065.2312054364606,0.02705510406457973,1802.539537002304,0.9408847754959309,0.17946868435784327,0.004014000063762069,-1
92,43,local_search,-2.3822803869869436,2.3822803869869436,1,5.928142197136365,3065.2312054364606,0.02705510406457973,1802.539537002304,0.9408847754959309,0.17946868435784327,0.025170800043269992,-1
92,43,beam_search,-0.7144030429538469,0.7144030429538469,1,5.395100264254998,49.311783291241284,0.006779913867495496,1641.3268332651946,0.9762637412257066,0.16333136321733618,0.4706429000943899,-1
92,43,simulated_annealing,-2.3822803869869436,2.3822803869869436,1,5.928142197136365,3065.2312054364606,0.02705510406457973,1802.539537002304,0.9408847754959309,0.17946868435784327,0.011522199958562851,-1
92,43,block_beam_strong,-0.6954612849677002,0.6954612849677002,1,5.210938212170823,47.68518789799242,0.006639245728535112,1585.6624315010956,0.9702798181651495,0.15775603791354148,3.4964616999495775,-1
92,43,block_lns_strong,-0.6954612849677002,0.6954612849677002,1,5.210938212170823,47.68518789799242,0.006639245728535112,1585.6624315010956,0.9702798181651495,0.15775603791354148,0.10423830011859536,-1
92,43,hybrid_heuristic,-0.6954612849677002,0.6954612849677002,1,5.210938212170823,47.68518789799242,0.006639245728535112,1585.6624315010956,0.9702798181651495,0.15775603791354148,0.02471200004220009,-1
92,44,autoreg_rl_pure,-0.12440418834081957,0.12440418834081957,1,3.4703639884570556,13.033476313845707,0.0002638573435613919,835.3278706038584,0.9775635696697355,0.09015842028094395,0.32694249995984137,1024
92,44,random,-100.0,19.96683936439001,0,137.92945464534358,1.9015048815604918e+18,0.19061503020604414,32800.693330398106,0.630753032455617,3.504086348218948,0.03362990007735789,-1
92,44,latency_greedy,-0.5463763055440972,0.5463763055440972,1,3.7015024308637727,36.78595293064781,0.005115389087636459,890.2763136979554,0.9812400575140783,0.09600650120118899,0.00010120007209479809,-1
92,44,block_balanced,-5.499115556878298,5.499115556878298,1,11.31293890895401,4955984.781188548,0.06263535000162385,2700.000963347363,0.5503244251681224,0.2879835402490247,0.00011030002497136593,-1
92,44,pdp_aware_greedy,-0.5463763055440972,0.5463763055440972,1,3.7015024308637727,36.78595293064781,0.005115389087636459,890.2763136979554,0.9812400575140783,0.09600650120118899,0.004282200010493398,-1
92,44,local_search,-0.5463763055440972,0.5463763055440972,1,3.7015024308637727,36.78595293064781,0.005115389087636459,890.2763136979554,0.9812400575140783,0.09600650120118899,0.024783100001513958,-1
92,44,beam_search,-0.17977940139542348,0.17977940139542348,1,4.467853673482245,13.88969856427154,0.0005814547903301877,1072.538836126954,0.9815505196094405,0.1156663129910429,0.45263439998961985,-1
92,44,simulated_annealing,-0.5463763055440972,0.5463763055440972,1,3.7015024308637727,36.78595293064781,0.005115389087636459,890.2763136979554,0.9812400575140783,0.09600650120118899,0.01072410005144775,-1
92,44,block_beam_strong,-0.1256901634704788,0.1256901634704788,1,3.513229826112364,13.033476313845707,0.0002638573435613919,845.5255101711509,0.9775635696697355,0.09109314585683317,4.569062300026417,-1
92,44,block_lns_strong,-0.12440418834081957,0.12440418834081957,1,3.4703639884570556,13.033476313845707,0.0002638573435613919,835.3278706038584,0.9775635696697355,0.09015842028094395,0.08980479999445379,-1
92,44,hybrid_heuristic,-0.12440418834081957,0.12440418834081957,1,3.4703639884570556,13.033476313845707,0.0002638573435613919,835.3278706038584,0.9775635696697355,0.09015842028094395,0.026520000072196126,-1
92,45,autoreg_rl_pure,-0.20501343078315565,0.20501343078315565,1,4.821248873969095,14.407197215141254,0.0007699488120213193,1136.2547372197937,0.8781978536991889,0.11125599284364585,0.3824795000255108,1023
92,45,random,-100.0,19.979662429734034,0,124.13976816600048,5.523047354351117e+18,0.19668858842961323,28987.421629717166,0.9194794147465633,2.877949883316176,0.034310500137507915,-1
92,45,latency_greedy,-4.1281039255270775,4.1281039255270775,1,5.9522995310850355,240536.0674530118,0.047655139204022874,1400.086800752282,0.9568555846252373,0.13735631811274926,0.00013890000991523266,-1
92,45,block_balanced,-4.178901256635736,4.178901256635736,1,11.828869437032285,175760.21155725225,0.045846634304816974,2772.0947952796428,0.5655167711901691,0.2747669369660507,0.00012569990940392017,-1
92,45,pdp_aware_greedy,-0.23297073879427632,0.23297073879427632,1,4.935832667408123,15.31798110311015,0.001069560693679971,1163.022950626653,0.9568555846252373,0.11547402314280018,0.004499900154769421,-1
92,45,local_search,-0.23297073879427632,0.23297073879427632,1,4.935832667408123,15.31798110311015,0.001069560693679971,1163.022950626653,0.9568555846252373,0.11547402314280018,0.02462389995343983,-1
92,45,beam_search,-0.20346142018165222,0.20346142018165222,1,5.024560434760675,14.13422971463779,0.0006951953591642784,1183.8338289589892,0.9879311574005567,0.11909539520496254,0.4585820999927819,-1
92,45,simulated_annealing,-0.23297073879427632,0.23297073879427632,1,4.935832667408123,15.31798110311015,0.001069560693679971,1163.022950626653,0.9568555846252373,0.11547402314280018,0.012061999877914786,-1
92,45,block_beam_strong,-0.20346142018165222,0.20346142018165222,1,5.024560434760675,14.13422971463779,0.0006951953591642784,1183.8338289589892,0.9879311574005567,0.11909539520496254,4.324069800088182,-1
92,45,block_lns_strong,-0.20346142018165222,0.20346142018165222,1,5.024560434760675,14.13422971463779,0.0006951953591642784,1183.8338289589892,0.9879311574005567,0.11909539520496254,0.10903370007872581,-1
92,45,hybrid_heuristic,-0.20346142018165222,0.20346142018165222,1,5.024560434760675,14.13422971463779,0.0006951953591642784,1183.8338289589892,0.9879311574005567,0.11909539520496254,0.024789499817416072,-1
92,46,autoreg_rl_pure,-0.5420888084273436,0.5420888084273436,1,4.488888269370468,34.30679288240172,0.004931002458518312,1101.3224136793565,0.9901183749506941,0.1274158134486296,2.0808368001598865,1005
92,46,random,-100.0,28.93126862166452,0,164.37562072215067,1.4148032366821793e+27,0.29545209786932347,39951.659594856785,0.9853029131378125,4.683705346726994,0.034822999965399504,-1
92,46,latency_greedy,-3.64932888451989,3.64932888451989,1,5.243620533762117,76637.25906079111,0.04271065790623952,1284.5741774157082,0.9650101183880011,0.1507032207282545,0.0001029998529702425,-1
92,46,block_balanced,-6.758966039731415,6.758966039731415,1,12.040847397451065,109467638.13973355,0.07764201275471042,2936.4159967211936,0.645080236424577,0.3440606954366971,0.00011199992150068283,-1
92,46,pdp_aware_greedy,-0.5420888084273436,0.5420888084273436,1,4.488888269370468,34.30679288240172,0.004931002458518312,1101.3224136793565,0.9901183749506941,0.1274158134486296,0.003988400101661682,-1
92,46,local_search,-0.5420888084273436,0.5420888084273436,1,4.488888269370468,34.30679288240172,0.004931002458518312,1101.3224136793565,0.9901183749506941,0.1274158134486296,0.02659490006044507,-1
92,46,beam_search,-2.3993949436882462,2.3993949436882462,1,6.43118635282918,3080.77466722424,0.026799173280194544,1573.3054583706123,0.940938118963335,0.18254739067060247,0.4939466000068933,-1
92,46,simulated_annealing,-0.5420888084273436,0.5420888084273436,1,4.488888269370468,34.30679288240172,0.004931002458518312,1101.3224136793565,0.9901183749506941,0.1274158134486296,0.011634900001809001,-1
92,46,block_beam_strong,-0.5420888084273436,0.5420888084273436,1,4.488888269370468,34.30679288240172,0.004931002458518312,1101.3224136793565,0.9901183749506941,0.1274158134486296,1.856991000007838,-1
92,46,block_lns_strong,-0.5420888084273436,0.5420888084273436,1,4.488888269370468,34.30679288240172,0.004931002458518312,1101.3224136793565,0.9901183749506941,0.1274158134486296,0.10166419995948672,-1
92,46,hybrid_heuristic,-0.5420888084273436,0.5420888084273436,1,4.488888269370468,34.30679288240172,0.004931002458518312,1101.3224136793565,0.9901183749506941,0.1274158134486296,0.02655759989283979,-1
92,47,autoreg_rl_pure,-0.10700099830341771,0.10700099830341771,1,3.566365907715462,12.389050144124832,1.3934714387368238e-07,919.2500932169112,0.9610166569157639,0.0774661010525185,0.5388938998803496,1024
92,47,random,-100.0,17.824319030897517,0,139.90593413450665,7735840183713267.0,0.16555766267245187,35668.07341605375,0.8330921269709471,3.0030607849819226,0.03510259999893606,-1
92,47,latency_greedy,-5.144067602372892,5.144067602372892,1,9.69558197775071,2303150.058500553,0.059047059767795736,2481.368350055792,0.9336392619166075,0.20883410824438242,0.00012480001896619797,-1
92,47,block_balanced,-4.433263817115514,4.433263817115514,1,13.186527937662305,299826.1016434001,0.04790242374530151,3371.345195352045,0.550936163179527,0.28369086447815733,0.0001151000615209341,-1
92,47,pdp_aware_greedy,-0.10700099830341771,0.10700099830341771,1,3.566365907715462,12.389050144124832,1.3934714387368238e-07,919.2500932169112,0.9610166569157639,0.0774661010525185,0.004400699865072966,-1
92,47,local_search,-0.10700099830341771,0.10700099830341771,1,3.566365907715462,12.389050144124832,1.3934714387368238e-07,919.2500932169112,0.9610166569157639,0.0774661010525185,0.026694299886003137,-1
92,47,beam_search,-0.10318767469369272,0.10318767469369272,1,3.43914818019061,12.389149511396202,1.3378776465762725e-07,886.8313648069711,0.9671565235422177,0.07556782725774305,0.43970010010525584,-1
92,47,simulated_annealing,-0.10700099830341771,0.10700099830341771,1,3.566365907715462,12.389050144124832,1.3934714387368238e-07,919.2500932169112,0.9610166569157639,0.0774661010525185,0.014305300079286098,-1
92,47,block_beam_strong,-0.10382037945529636,0.10382037945529636,1,3.460238338910731,12.389149511396202,1.3378776465762725e-07,892.2068824598571,0.8304372683237667,0.0757464312216112,4.543347600148991,-1
92,47,block_lns_strong,-0.10318767469369272,0.10318767469369272,1,3.43914818019061,12.389149511396202,1.3378776465762725e-07,886.8313648069711,0.9671565235422177,0.07556782725774305,0.10284119984135032,-1
92,47,hybrid_heuristic,-0.10318767469369272,0.10318767469369272,1,3.43914818019061,12.389149511396202,1.3378776465762725e-07,886.8313648069711,0.9671565235422177,0.07556782725774305,0.027241199975833297,-1
92,48,autoreg_rl_pure,-0.4099065769047385,0.4099065769047385,1,3.881511478605392,25.801717469145192,0.0034876751712063854,891.8635845264241,0.9977351908523724,0.10752630673910467,0.3278838999103755,1024
92,48,random,-100.0,20.152096273326944,0,136.3075191569814,3.4124586716569825e+18,0.19304701866964594,30965.7910806879,0.8294240909057848,3.694524771081264,0.03425149992108345,-1
92,48,latency_greedy,-0.4099065769047385,0.4099065769047385,1,3.881511478605392,25.801717469145192,0.0034876751712063854,891.8635845264241,0.9977351908523724,0.10752630673910467,0.00010360009036958218,-1
92,48,block_balanced,-2.2935171042678926,2.2935171042678926,1,8.288705107038407,2056.843601757499,0.024402111539858804,1893.0766004965496,0.5731740258635539,0.22569144220652004,0.00011530006304383278,-1
92,48,pdp_aware_greedy,-3.0860552546689366,3.0860552546689366,1,6.466895068944427,17101.28666827014,0.033995208737111725,1479.3227206366487,0.9673374991344105,0.17466865970498574,0.0036476999521255493,-1
92,48,local_search,-0.4099065769047385,0.4099065769047385,1,3.881511478605392,25.801717469145192,0.0034876751712063854,891.8635845264241,0.9977351908523724,0.10752630673910467,0.025150599889457226,-1
92,48,beam_search,-0.49225914057962694,0.49225914057962694,1,5.264142086986077,28.57765651723495,0.004025106894763979,1206.0003827924456,0.9289545240782179,0.1449976156167897,0.49840569985099137,-1
92,48,simulated_annealing,-0.4099065769047385,0.4099065769047385,1,3.881511478605392,25.801717469145192,0.0034876751712063854,891.8635845264241,0.9977351908523724,0.10752630673910467,0.011713400017470121,-1
92,48,block_beam_strong,-0.4099065769047385,0.4099065769047385,1,3.881511478605392,25.801717469145192,0.0034876751712063854,891.8635845264241,0.9977351908523724,0.10752630673910467,4.468731099972501,-1
92,48,block_lns_strong,-0.4099065769047385,0.4099065769047385,1,3.881511478605392,25.801717469145192,0.0034876751712063854,891.8635845264241,0.9977351908523724,0.10752630673910467,0.10623089992441237,-1
92,48,hybrid_heuristic,-0.4099065769047385,0.4099065769047385,1,3.881511478605392,25.801717469145192,0.0034876751712063854,891.8635845264241,0.9977351908523724,0.10752630673910467,0.0248155000153929,-1
92,49,autoreg_rl_pure,-0.12752992195118765,0.12752992195118765,1,4.25098307821862,12.388753074762404,2.3274450918012196e-08,1088.9710391455053,0.9748582464125507,0.10529482316922725,0.3291342998854816,1024
92,49,random,-100.0,10.221549616268621,0,116.36985201632979,251492346.68469268,0.08231538080098166,29528.422533587553,0.8601189015566065,2.826206546054188,0.03421350009739399,-1
92,49,latency_greedy,-0.3484065131447132,0.3484065131447132,1,4.112777532508057,21.74417585383144,0.002735722144455194,1053.592417335096,0.9748582464125507,0.10119568037634027,0.0001088001299649477,-1
92,49,block_balanced,-0.4778973755057384,0.4778973755057384,1,7.411000018276489,23.469610505620338,0.0031678123938985083,1890.603731512811,0.5580335064336996,0.18099365839767997,0.00011430005542933941,-1
92,49,pdp_aware_greedy,-0.13521560006042524,0.13521560006042524,1,4.199479935689355,12.677971779176737,0.00012768178120341499,1075.7446875351632,0.9748582464125507,0.10169038359258821,0.0039264000952243805,-1
92,49,local_search,-0.13521560006042524,0.13521560006042524,1,4.199479935689355,12.677971779176737,0.00012768178120341499,1075.7446875351632,0.9748582464125507,0.10169038359258821,0.023707800079137087,-1
92,49,beam_search,-0.15520605986235833,0.15520605986235833,1,5.162398375695888,12.399092052973446,1.4517153989919669e-05,1320.1537942311943,0.978259026105398,0.1274259511136604,0.47398269991390407,-1
92,49,simulated_annealing,-0.13521560006042524,0.13521560006042524,1,4.199479935689355,12.677971779176737,0.00012768178120341499,1075.7446875351632,0.9748582464125507,0.10169038359258821,0.012250700034201145,-1
92,49,block_beam_strong,-0.1313759862880946,0.1313759862880946,1,4.2314450284883085,12.526790182507133,4.897545639220865e-05,1083.9585833978845,0.9106588930571102,0.1024644181392647,3.2835746000055224,-1
92,49,block_lns_strong,-0.12629507216625646,0.12629507216625646,1,4.062121380262452,12.52675245578458,4.897627525442804e-05,1040.9034059337462,0.978259026105398,0.0983642469268602,0.09445769991725683,-1
92,49,hybrid_heuristic,-0.12629507216625646,0.12629507216625646,1,4.062121380262452,12.52675245578458,4.897627525442804e-05,1040.9034059337462,0.978259026105398,0.0983642469268602,0.026171999983489513,-1
92,50,autoreg_rl_pure,-0.14459440688867323,0.14459440688867323,1,4.044346475956138,13.130634458600252,0.0002707095397318912,1154.4985152670115,0.9959774645747371,0.13596810000045334,0.3874315998982638,1024
92,50,random,-100.0,15.34742055716961,0,117.95259203075176,82094732234636.38,0.14336794204360392,33375.595006087395,0.6579081507260058,3.93588233185364,0.034045099979266524,-1
92,50,latency_greedy,-1.0101478886834108,1.0101478886834108,1,4.031802781361494,114.40816971899844,0.010724921711851016,1150.8777506471965,0.9959774645747371,0.13441271839396465,0.00010139984078705311,-1
92,50,block_balanced,-3.958074921762885,3.958074921762885,1,9.20239417345078,123228.51032876753,0.044485179511519986,2613.658304604559,0.579680788922518,0.3088842069042502,0.00011970009654760361,-1
92,50,pdp_aware_greedy,-1.0101478886834108,1.0101478886834108,1,4.031802781361494,114.40816971899844,0.010724921711851016,1150.8777506471965,0.9959774645747371,0.13441271839396465,0.0043015999253839254,-1
92,50,local_search,-1.002457173660721,1.002457173660721,1,4.044317920443429,112.12418672182584,0.010725064740503502,1154.418932234148,0.9428644577549258,0.13482994958217112,0.03714050003327429,-1
92,50,beam_search,-0.14459440688867323,0.14459440688867323,1,4.044346475956138,13.130634458600252,0.0002707095397318912,1154.4985152670115,0.9959774645747371,0.13596810000045334,0.4298436997924,-1
92,50,simulated_annealing,-1.002457173660721,1.002457173660721,1,4.044317920443429,112.12418672182584,0.010725064740503502,1154.418932234148,0.9428644577549258,0.13482994958217112,0.011634499998763204,-1
92,50,block_beam_strong,-0.1417613376999841,0.1417613376999841,1,4.030479212132944,13.051530156373907,0.0002706558130632429,1150.5917518043677,0.9428644577549258,0.13573769929617258,3.1724758001510054,-1
92,50,block_lns_strong,-0.1417613376999841,0.1417613376999841,1,4.030479212132944,13.051530156373907,0.0002706558130632429,1150.5917518043677,0.9428644577549258,0.13573769929617258,0.08679169998504221,-1
92,50,hybrid_heuristic,-0.1417613376999841,0.1417613376999841,1,4.030479212132944,13.051530156373907,0.0002706558130632429,1150.5917518043677,0.9428644577549258,0.13573769929617258,0.024767100112512708,-1
92,51,autoreg_rl_pure,-0.19476897603546192,0.19476897603546192,1,4.991331421760484,13.864901299658127,0.0006045392696958813,1183.4990622610421,0.9728337521374973,0.08895458988613644,0.33941769995726645,1024
92,51,random,-100.0,14.604166608334296,0,102.65426324476222,40330727139589.29,0.14031437696399993,24136.18588050235,0.9282053790574716,1.8082356030407956,0.033729600021615624,-1
92,51,latency_greedy,-2.935250011520297,2.935250011520297,1,6.394874796963207,11793.424341657255,0.03322993154205711,1513.1525064585499,0.9685362816704862,0.11364782737488155,0.00010469998233020306,-1
92,51,block_balanced,-3.2966018248283113,3.2966018248283113,1,9.730231703303943,22663.8214022574,0.03619164749582033,2297.2921400661953,0.6202480614875923,0.17165095802204924,0.00010900013148784637,-1
92,51,pdp_aware_greedy,-0.7852895715405281,0.7852895715405281,1,5.5362552713835935,58.25283497816841,0.0075278157639410434,1311.7819688213954,0.9527423596011604,0.09703306749372498,0.004244500072672963,-1
92,51,local_search,-0.4769722438722747,0.4769722438722747,1,5.311737680957958,27.40809096577183,0.0038681565788385376,1258.9702084116025,0.9527423596011604,0.09335635178460905,0.03741630003787577,-1
92,51,beam_search,-0.27722120587649507,0.27722120587649507,1,6.57005375821023,15.136165701253008,0.000960583981683223,1554.653734255512,0.9685362816704862,0.11665679289884702,0.5183317000046372,-1
92,51,simulated_annealing,-0.4769722438722747,0.4769722438722747,1,5.311737680957958,27.40809096577183,0.0038681565788385376,1258.9702084116025,0.9527423596011604,0.09335635178460905,0.011229099938645959,-1
92,51,block_beam_strong,-0.20462373115535987,0.20462373115535987,1,5.264239175175405,13.922822033733597,0.0005474408533577954,1247.750993484369,0.9728337521374973,0.09373426250281656,1.8891954000573605,-1
92,51,block_lns_strong,-0.19476897603546192,0.19476897603546192,1,4.991331421760484,13.864901299658127,0.0006045392696958813,1183.4990622610421,0.9728337521374973,0.08895458988613644,0.09149389993399382,-1
92,51,hybrid_heuristic,-0.19476897603546192,0.19476897603546192,1,4.991331421760484,13.864901299658127,0.0006045392696958813,1183.4990622610421,0.9728337521374973,0.08895458988613644,0.02585300011560321,-1
92,52,autoreg_rl_pure,-1.0978991821912065,1.0978991821912065,1,6.830071356037845,115.50116086519378,0.010843863648629245,1594.4339433827877,0.9696631049414738,0.1346355952281098,3.544357700040564,907
92,52,random,-100.0,29.660722329448838,0,188.69074431496125,1.4148032366821793e+27,0.30426655955148146,43755.07458250882,0.9185469721734474,3.7198158341363614,0.0335850000847131,-1
92,52,latency_greedy,-7.093797527997316,7.093797527997316,1,18.83967882824342,151835139.9779284,0.07878410634360875,4378.2625463623535,0.9396418471521881,0.3737227388427707,0.00010620011016726494,-1
92,52,block_balanced,-8.507427918984757,8.507427918984757,1,24.21873468757572,3475320954.8663974,0.09360672515351885,5625.541039594651,0.6558671837112123,0.4787578202642644,0.00011599995195865631,-1
92,52,pdp_aware_greedy,-4.569852388267121,4.569852388267121,1,7.219852690449457,659957.0233863351,0.052675600557077706,1684.4923037733686,0.9526061717525923,0.14317353729028148,0.0037733002100139856,-1
92,52,local_search,-3.493593328537196,3.493593328537196,1,7.021410858358093,45440.792048284835,0.04030565005087976,1638.5035324908554,0.9479731513392318,0.13911112375415016,0.03694939985871315,-1
92,52,beam_search,-1.0978991821912065,1.0978991821912065,1,6.830071356037845,115.50116086519378,0.010843863648629245,1594.4339433827877,0.9696631049414738,0.1346355952281098,0.4612357998266816,-1
92,52,simulated_annealing,-3.493593328537196,3.493593328537196,1,7.021410858358093,45440.792048284835,0.04030565005087976,1638.5035324908554,0.9479731513392318,0.13911112375415016,0.011489999946206808,-1
92,52,block_beam_strong,-1.1334721675831645,1.1334721675831645,1,6.971316574456186,124.91326953867384,0.011190664383964629,1627.1069647953775,0.8607570612734926,0.13766795409184926,1.6391042999457568,-1
92,52,block_lns_strong,-1.0978991821912065,1.0978991821912065,1,6.830071356037845,115.50116086519378,0.010843863648629245,1594.4339433827877,0.9696631049414738,0.1346355952281098,0.12413689983077347,-1
92,52,hybrid_heuristic,-1.0978991821912065,1.0978991821912065,1,6.830071356037845,115.50116086519378,0.010843863648629245,1594.4339433827877,0.9696631049414738,0.1346355952281098,0.025122199906036258,-1
92,53,autoreg_rl_pure,-0.5099690892421052,0.5099690892421052,1,4.822354341290578,30.877696415350922,0.004431372326092764,1528.0126431381382,0.9907016019498774,0.11764746963290997,0.33661630004644394,1024
92,53,random,-100.0,19.576150680203174,0,136.24114630345395,8.126514605008343e+17,0.1867246810863858,42873.1996409135,0.8133590205903563,3.281705183079956,0.03334319987334311,-1
92,53,latency_greedy,-6.549462953345581,6.549462953345581,1,10.913390171961717,70557680.57012159,0.07601482530803542,3443.9515916679625,0.9979980817013547,0.261819843707385,0.00010609999299049377,-1
92,53,block_balanced,-3.033324919083423,3.033324919083423,1,8.943703659924884,12448.09029454787,0.033933945387101455,2824.4593140638003,0.6435596254894772,0.21610266912362386,0.0001142001710832119,-1
92,53,pdp_aware_greedy,-0.8490822754416669,0.8490822754416669,1,4.442055968653696,74.1684952634813,0.008695705358045813,1408.1056636323708,0.986325200672017,0.10852384636671611,0.0038952999748289585,-1
92,53,local_search,-0.5618931018088059,0.5618931018088059,1,5.630052249115832,33.09118103037141,0.004823288893096808,1781.9021709587132,0.9364116669287476,0.1369315212016362,0.036971400026232004,-1
92,53,beam_search,-0.8490822754416669,0.8490822754416669,1,4.442055968653696,74.1684952634813,0.008695705358045813,1408.1056636323708,0.986325200672017,0.10852384636671611,0.4689011999871582,-1
92,53,simulated_annealing,-0.5618931018088059,0.5618931018088059,1,5.630052249115832,33.09118103037141,0.004823288893096808,1781.9021709587132,0.9364116669287476,0.1369315212016362,0.012446499895304441,-1
92,53,block_beam_strong,-0.5099690892421052,0.5099690892421052,1,4.822354341290578,30.877696415350922,0.004431372326092764,1528.0126431381382,0.9907016019498774,0.11764746963290997,3.7142370000947267,-1
92,53,block_lns_strong,-0.5099690892421052,0.5099690892421052,1,4.822354341290578,30.877696415350922,0.004431372326092764,1528.0126431381382,0.9907016019498774,0.11764746963290997,0.10544209997169673,-1
92,53,hybrid_heuristic,-0.5099690892421052,0.5099690892421052,1,4.822354341290578,30.877696415350922,0.004431372326092764,1528.0126431381382,0.9907016019498774,0.11764746963290997,0.025312599958851933,-1
92,54,autoreg_rl_pure,-0.5625914182319028,0.5625914182319028,1,5.768053292846834,32.80767643084348,0.004777781476753007,1799.9804029570214,0.9811957110472111,0.15437142592256364,0.3316219998523593,1024
92,54,random,-100.0,20.650418083979176,0,141.2779564822042,8.169884541844392e+18,0.19811020473694432,43837.16224748138,0.9842849600984525,3.7400724070507554,0.037227499997243285,-1
92,54,latency_greedy,-1.8426231050408868,1.8426231050408868,1,4.722130305482587,870.6029056235432,0.0205327195224974,1475.2159543924656,0.9842849600984525,0.12456944941332712,0.00010309997014701366,-1
92,54,block_balanced,-5.140012880844334,5.140012880844334,1,10.573693756898965,2134607.073645936,0.05796833571535723,3290.635102841389,0.6064041889651605,0.2811238861380367,0.00011680019088089466,-1
92,54,pdp_aware_greedy,-1.398818174872478,1.398818174872478,1,4.249958605310094,297.40252335273544,0.015600878800250581,1328.807674413865,0.9848858588969363,0.1145795751565287,0.004491299856454134,-1
92,54,local_search,-1.398818174872478,1.398818174872478,1,4.249958605310094,297.40252335273544,0.015600878800250581,1328.807674413865,0.9848858588969363,0.1145795751565287,0.025583599926903844,-1
92,54,beam_search,-0.8346083000292315,0.8346083000292315,1,5.857411214667284,64.32850759136555,0.008049452169845863,1827.6664197216724,0.9469306145340126,0.15553707639579295,0.4828368001617491,-1
92,54,simulated_annealing,-1.398818174872478,1.398818174872478,1,4.249958605310094,297.40252335273544,0.015600878800250581,1328.807674413865,0.9848858588969363,0.1145795751565287,0.011560400016605854,-1
92,54,block_beam_strong,-0.566504231067466,0.566504231067466,1,5.594328895984225,33.56466535849041,0.004801874129371814,1745.9770796057728,0.9842849600984525,0.14978858913771004,2.7036596999969333,-1
92,54,block_lns_strong,-0.5581809766434304,0.5581809766434304,1,5.590517662697373,32.882861461636026,0.004691671504540031,1744.7513533874617,0.9842849600984525,0.1496880490845104,0.10869269981049001,-1
92,54,hybrid_heuristic,-0.5581809766434304,0.5581809766434304,1,5.590517662697373,32.882861461636026,0.004691671504540031,1744.7513533874617,0.9842849600984525,0.1496880490845104,0.024842799874022603,-1
92,55,autoreg_rl_pure,-0.16257231323728466,0.16257231323728466,1,4.9583573391002425,12.824301935279323,0.00017657920092745266,1359.7904058216582,0.9934082963264601,0.10843965179892842,0.47713260003365576,1021
92,55,random,-100.0,15.878888488563742,0,111.17545738238275,515340980029695.25,0.15197323443769353,30254.202908293955,0.79638485124288,2.43969097727532,0.03668449982069433,-1
92,55,latency_greedy,-3.43707255715407,3.43707255715407,1,6.266119859485496,41752.32345473066,0.03924733000372841,1715.0849311516265,0.956429249085249,0.13737147705228187,0.00010639987885951996,-1
92,55,block_balanced,-1.6868202034017985,1.6868202034017985,1,8.81305040905731,433.9197914712379,0.0173023086107959,2408.279704733166,0.6622721975509734,0.19394210117659375,0.00011330004781484604,-1
92,55,pdp_aware_greedy,-0.1732864440398375,0.1732864440398375,1,5.679585689078466,12.47884936452981,4.231579717172392e-05,1555.8170988123795,0.9934082963264601,0.12437436674208803,0.00507269985973835,-1
92,55,local_search,-0.16879431405426903,0.16879431405426903,1,5.529855901544057,12.478841990794368,4.231531645719756e-05,1515.0625001998212,0.956429249085249,0.12143889177413554,0.037947499891743064,-1
92,55,beam_search,-0.16791880560895925,0.16791880560895925,1,5.49569967492798,12.483496791479007,4.178164572752922e-05,1505.7925785262032,0.9549688073213773,0.12102285205620708,0.4715797998942435,-1
92,55,simulated_annealing,-0.16879431405426903,0.16879431405426903,1,5.529855901544057,12.478841990794368,4.231531645719756e-05,1515.0625001998212,0.956429249085249,0.12143889177413554,0.011525199981406331,-1
92,55,block_beam_strong,-0.16843876613601372,0.16843876613601372,1,5.518025198483872,12.478822435639135,4.2308670486235253e-05,1511.8101210905866,0.956429249085249,0.12168067638472853,2.0177416000515223,-1
92,55,block_lns_strong,-0.16751900098651057,0.16751900098651057,1,5.482362180468936,12.483506784875555,4.178164591927045e-05,1502.1528027895179,0.9549688073213773,0.12090072347065713,0.12250220007263124,-1
92,55,hybrid_heuristic,-0.16751900098651057,0.16751900098651057,1,5.482362180468936,12.483506784875555,4.178164591927045e-05,1502.1528027895179,0.9549688073213773,0.12090072347065713,0.025963999796658754,-1
92,56,autoreg_rl_pure,-0.1490864224076698,0.1490864224076698,1,4.968381876308959,12.38982278179464,6.309542978960584e-07,1126.4894014147621,0.976094648765734,0.07518091007450403,0.325624099932611,1024
92,56,random,-100.0,10.512798776477707,0,115.4392186444997,558543756.4472173,0.0853820646718817,25928.615538502945,0.979765612192008,1.710484565475911,0.035434799967333674,-1
92,56,latency_greedy,-4.170713968344394,4.170713968344394,1,6.7372959245597315,252275.16703217445,0.04699332400701928,1523.3854130360578,0.959264088978468,0.10166107792387592,0.0001021998468786478,-1
92,56,block_balanced,-3.6592688454714097,3.6592688454714097,1,11.147993688658516,50456.18242918003,0.040561317965114585,2513.946886775002,0.5797683744048004,0.16639476476780052,0.00011120014823973179,-1
92,56,pdp_aware_greedy,-0.15159619101940947,0.15159619101940947,1,5.049770144508833,12.391932965816594,1.1908954968091205e-06,1144.771556565467,0.9584462447474845,0.07638912965914099,0.003943599993363023,-1
92,56,local_search,-0.1490864224076698,0.1490864224076698,1,4.968381876308959,12.38982278179464,6.309542978960584e-07,1126.4894014147621,0.976094648765734,0.07518091007450403,0.037573100067675114,-1
92,56,beam_search,-0.1490864224076698,0.1490864224076698,1,4.968381876308959,12.38982278179464,6.309542978960584e-07,1126.4894014147621,0.976094648765734,0.07518091007450403,0.5122864998411387,-1
92,56,simulated_annealing,-0.1490864224076698,0.1490864224076698,1,4.968381876308959,12.38982278179464,6.309542978960584e-07,1126.4894014147621,0.976094648765734,0.07518091007450403,0.011520399944856763,-1
92,56,block_beam_strong,-0.1490864224076698,0.1490864224076698,1,4.968381876308959,12.38982278179464,6.309542978960584e-07,1126.4894014147621,0.976094648765734,0.07518091007450403,3.4227349997963756,-1
92,56,block_lns_strong,-0.1490864224076698,0.1490864224076698,1,4.968381876308959,12.38982278179464,6.309542978960584e-07,1126.4894014147621,0.976094648765734,0.07518091007450403,0.095687200082466,-1
92,56,hybrid_heuristic,-0.1490864224076698,0.1490864224076698,1,4.968381876308959,12.38982278179464,6.309542978960584e-07,1126.4894014147621,0.976094648765734,0.07518091007450403,0.026817399775609374,-1
92,57,autoreg_rl_pure,-0.1332431561628228,0.1332431561628228,1,4.441275225612036,12.388891513342225,5.577500943430305e-08,1139.1818653549408,0.9721890180394068,0.11963647566773272,0.5925005001481622,1020
92,57,random,-100.0,16.232074045987716,0,121.44672526337432,576772311515555.6,0.15183317120817835,30866.77559440612,0.9032495551981865,3.280983450697618,0.03391860006377101,-1
92,57,latency_greedy,-3.267136625778048,3.267136625778048,1,5.5651819477124995,28774.385996785953,0.03705127983079289,1424.514225951899,0.9956647882690804,0.14991161791425808,0.00010169995948672295,-1
92,57,block_balanced,-4.058305534567645,4.058305534567645,1,10.78756134778062,140573.35234304518,0.04521847869303878,2751.693986978238,0.534692372877121,0.292400345994501,0.00011110003106296062,-1
92,57,pdp_aware_greedy,-0.1332431561628228,0.1332431561628228,1,4.441275225612036,12.388891513342225,5.577500943430305e-08,1139.1818653549408,0.9721890180394068,0.11963647566773272,0.004433800000697374,-1
92,57,local_search,-0.1332431561628228,0.1332431561628228,1,4.441275225612036,12.388891513342225,5.577500943430305e-08,1139.1818653549408,0.9721890180394068,0.11963647566773272,0.02392319985665381,-1
92,57,beam_search,-0.1332431561628228,0.1332431561628228,1,4.441275225612036,12.388891513342225,5.577500943430305e-08,1139.1818653549408,0.9721890180394068,0.11963647566773272,0.4756895999889821,-1
92,57,simulated_annealing,-0.1332431561628228,0.1332431561628228,1,4.441275225612036,12.388891513342225,5.577500943430305e-08,1139.1818653549408,0.9721890180394068,0.11963647566773272,0.011684200027957559,-1
92,57,block_beam_strong,-0.1332431561628228,0.1332431561628228,1,4.441275225612036,12.388891513342225,5.577500943430305e-08,1139.1818653549408,0.9721890180394068,0.11963647566773272,4.623639700002968,-1
92,57,block_lns_strong,-0.1332431561628228,0.1332431561628228,1,4.441275225612036,12.388891513342225,5.577500943430305e-08,1139.1818653549408,0.9721890180394068,0.11963647566773272,0.10770619986578822,-1
92,57,hybrid_heuristic,-0.1332431561628228,0.1332431561628228,1,4.441275225612036,12.388891513342225,5.577500943430305e-08,1139.1818653549408,0.9721890180394068,0.11963647566773272,0.025761299999430776,-1
92,58,autoreg_rl_pure,-0.12010569192279304,0.12010569192279304,1,4.00198283429515,12.390170964729023,4.824953537109928e-07,1060.8683345465229,0.9690909590886227,0.10629596489769369,0.3302280001807958,1024
92,58,random,-100.0,27.21166228966259,0,163.26467832626022,2.0885405106050632e+25,0.2676421904149192,42858.932090048154,0.7429408369206562,4.350705224821681,0.03213889990001917,-1
92,58,latency_greedy,-2.6021757836881165,2.6021757836881165,1,5.223230235553597,5599.79443755945,0.029766233591093795,1381.2409605799016,0.9690909590886227,0.13873330315490062,0.00010139984078705311,-1
92,58,block_balanced,-6.229579809757621,6.229579809757621,1,13.052442995517005,27012337.840398896,0.07098820816714475,3436.34686502976,0.5240526505121779,0.34792530286783135,0.0001151000615209341,-1
92,58,pdp_aware_greedy,-0.12010569192279304,0.12010569192279304,1,4.00198283429515,12.390170964729023,4.824953537109928e-07,1060.8683345465229,0.9690909590886227,0.10629596489769369,0.004118700046092272,-1
92,58,local_search,-0.12010569192279304,0.12010569192279304,1,4.00198283429515,12.390170964729023,4.824953537109928e-07,1060.8683345465229,0.9690909590886227,0.10629596489769369,0.02474249992519617,-1
92,58,beam_search,-0.12010569192279304,0.12010569192279304,1,4.00198283429515,12.390170964729023,4.824953537109928e-07,1060.8683345465229,0.9690909590886227,0.10629596489769369,0.4734755998943001,-1
92,58,simulated_annealing,-0.12010569192279304,0.12010569192279304,1,4.00198283429515,12.390170964729023,4.824953537109928e-07,1060.8683345465229,0.9690909590886227,0.10629596489769369,0.01096359989605844,-1
92,58,block_beam_strong,-0.12010569192279304,0.12010569192279304,1,4.00198283429515,12.390170964729023,4.824953537109928e-07,1060.8683345465229,0.9690909590886227,0.10629596489769369,4.720247600227594,-1
92,58,block_lns_strong,-0.12010569192279304,0.12010569192279304,1,4.00198283429515,12.390170964729023,4.824953537109928e-07,1060.8683345465229,0.9690909590886227,0.10629596489769369,0.09865020005963743,-1
92,58,hybrid_heuristic,-0.12010569192279304,0.12010569192279304,1,4.00198283429515,12.390170964729023,4.824953537109928e-07,1060.8683345465229,0.9690909590886227,0.10629596489769369,0.02371620014309883,-1
92,59,autoreg_rl_pure,-0.2521776718293584,0.2521776718293584,1,4.222503961007256,16.95468775683676,0.001484081015905845,1030.070657469205,0.9375812826714138,0.11151695530210394,1.0207110000774264,1024
92,59,random,-100.0,23.663315720834074,0,143.22060050994864,1.3187181877091082e+22,0.23235105489878646,34592.87304061936,0.7911338173986391,3.7092548268813856,0.03424270008690655,-1
92,59,latency_greedy,-2.7398342046233415,2.7398342046233415,1,4.787114810241536,8162.778379647742,0.03161016389603745,1166.202254171517,0.9972356122923229,0.12346011390322895,0.00010489998385310173,-1
92,59,block_balanced,-4.178487172579684,4.178487172579684,1,9.350585645319661,211443.26374729752,0.04720316331977975,2268.378005069831,0.5688584215609229,0.24323075578752384,0.00011259992606937885,-1
92,59,pdp_aware_greedy,-1.4281097502679894,1.4281097502679894,1,4.16959471014025,321.9327746362832,0.015839239852785826,1017.3608427040898,0.9939635879642357,0.10753421596300565,0.004028300056234002,-1
92,59,local_search,-0.7851051501238657,0.7851051501238657,1,4.08860951281923,64.90373283443098,0.00806593806637273,997.7778112855066,0.9939635879642357,0.10544560056896121,0.03492259979248047,-1
92,59,beam_search,-1.194849572727422,1.194849572727422,1,4.93137578001029,169.70450610301924,0.01272598069367931,1201.3766110922431,0.9939635879642357,0.12718061705918773,0.5288178999908268,-1
92,59,simulated_annealing,-0.7851051501238657,0.7851051501238657,1,4.08860951281923,64.90373283443098,0.00806593806637273,997.7778112855066,0.9939635879642357,0.10544560056896121,0.011161600006744266,-1
92,59,block_beam_strong,-0.24001912498765557,0.24001912498765557,1,4.110287645868217,16.586087075353102,0.0014812111512494848,1002.9467081516748,0.9937688631709072,0.10817540572840253,3.3315327998716384,-1
92,59,block_lns_strong,-0.24001912498765557,0.24001912498765557,1,4.110287645868217,16.586087075353102,0.0014812111512494848,1002.9467081516748,0.9937688631709072,0.10817540572840253,0.10222730017267168,-1
92,59,hybrid_heuristic,-0.24001912498765557,0.24001912498765557,1,4.110287645868217,16.586087075353102,0.0014812111512494848,1002.9467081516748,0.9937688631709072,0.10817540572840253,0.02485519996844232,-1
92,60,autoreg_rl_pure,-0.31290170149183805,0.31290170149183805,1,5.261554609951069,18.254755745950277,0.0018814056457452496,1348.1310958551767,0.9743315450141965,0.16653470148971095,0.3372543000150472,1024
92,60,random,-100.0,21.08759554129343,0,144.60825160208273,1.898456510453417e+19,0.20277258080482397,36759.70183989286,0.8701720727023016,4.524768690063799,0.03309029992669821,-1
92,60,latency_greedy,-1.4021542517897116,1.4021542517897116,1,5.461873700952123,273.83701094262966,0.014854751633366048,1398.9345818127813,0.9509347584129771,0.17004947984203106,0.00010269996710121632,-1
92,60,block_balanced,-5.705308485304377,5.705308485304377,1,16.1120355611464,5790079.170354336,0.06271818492265399,4105.68804423718,0.5760876251883424,0.5031274474242535,0.00011100014671683311,-1
92,60,pdp_aware_greedy,-2.1997845700543843,2.1997845700543843,1,5.7360908425973,1970.4999846757448,0.024887035826619407,1468.7208020816379,0.9690606458417476,0.18152805392383578,0.0044784999918192625,-1
92,60,local_search,-1.4021542517897116,1.4021542517897116,1,5.461873700952123,273.83701094262966,0.014854751633366048,1398.9345818127813,0.9509347584129771,0.17004947984203106,0.023799199843779206,-1
92,60,beam_search,-0.7537526261163936,0.7537526261163936,1,6.615725321238555,49.64959051946872,0.006852647852486173,1692.2530303319038,0.9498432181819025,0.20880825395889827,0.5091303999070078,-1
92,60,simulated_annealing,-1.4021542517897116,1.4021542517897116,1,5.461873700952123,273.83701094262966,0.014854751633366048,1398.9345818127813,0.9509347584129771,0.17004947984203106,0.011916500050574541,-1
92,60,block_beam_strong,-0.34911825527411744,0.34911825527411744,1,6.363934535640009,18.398856665308795,0.0019070150473784878,1628.2705101597503,0.9743315450141965,0.20094462618756334,3.22851589997299,-1
92,60,block_lns_strong,-0.34911825527411744,0.34911825527411744,1,6.363934535640009,18.398856665308795,0.0019070150473784878,1628.2705101597503,0.9743315450141965,0.20094462618756334,0.09482489991933107,-1
92,60,hybrid_heuristic,-0.34911825527411744,0.34911825527411744,1,6.363934535640009,18.398856665308795,0.0019070150473784878,1628.2705101597503,0.9743315450141965,0.20094462618756334,0.024421000154688954,-1
92,61,autoreg_rl_pure,-0.13431314613920825,0.13431314613920825,1,4.450750920472769,12.413250902728818,2.720187277776188e-05,1211.8580310532182,0.9541968261084269,0.11555820132712274,0.5176359000615776,1024
92,61,random,-100.0,17.16371933085288,0,123.66328705270568,5015651785592035.0,0.16145577535719702,33383.65275847716,0.9798467875588972,3.159736909225236,0.032982499804347754,-1
92,61,latency_greedy,-3.3483161392221583,3.3483161392221583,1,6.6337699115344835,32534.149861090238,0.038121253231845245,1800.5145391773294,0.9646771663979109,0.16893548476651823,0.00010100007057189941,-1
92,61,block_balanced,-5.4457160080211,5.4457160080211,1,13.304082858476704,3735050.0718763643,0.061212830678647016,3600.963790523203,0.5530055704283435,0.3407251904405657,0.0001146998256444931,-1
92,61,pdp_aware_greedy,-1.161379268259544,1.161379268259544,1,5.164431893475536,153.37773815533743,0.01238150560577297,1404.5302850080645,0.9798467875588972,0.13306402994063568,0.00471129990182817,-1
92,61,local_search,-1.149986788705774,1.149986788705774,1,4.970060783951867,151.26002714470172,0.01176091047433109,1352.0925119518088,0.9798467875588972,0.12828883631750862,0.03623849991708994,-1
92,61,beam_search,-0.21052362509430747,0.21052362509430747,1,4.600047267937051,14.851390460329196,0.0008606920399476968,1252.1462794994159,0.9575255287184222,0.11938211479563808,0.45293970010243356,-1
92,61,simulated_annealing,-1.149986788705774,1.149986788705774,1,4.970060783951867,151.26002714470172,0.01176091047433109,1352.0925119518088,0.9798467875588972,0.12828883631750862,0.012632100144401193,-1
92,61,block_beam_strong,-0.13620492456653546,0.13620492456653546,1,4.513581504127184,12.413463820286745,2.7061950970315597e-05,1228.843409139533,0.9541968261084269,0.11698397521003019,4.387535999994725,-1
92,61,block_lns_strong,-0.13431314613920825,0.13431314613920825,1,4.450750920472769,12.413250902728818,2.720187277776188e-05,1211.8580310532182,0.9541968261084269,0.11555820132712274,0.10149460006505251,-1
92,61,hybrid_heuristic,-0.13431314613920825,0.13431314613920825,1,4.450750920472769,12.413250902728818,2.720187277776188e-05,1211.8580310532182,0.9541968261084269,0.11555820132712274,0.02513659978285432,-1
92,62,autoreg_rl_pure,-0.11846680273356444,0.11846680273356444,1,3.924311081438571,12.411601656371039,2.709553708373363e-05,997.1926987806751,0.9954995264409556,0.09449367048385522,3.20829000021331,988
92,62,random,-100.0,21.618147909444826,0,133.61157191053317,1.6316438398812373e+20,0.21287889806661878,33604.53722760459,0.8001577766415237,3.1654241796610116,0.034073099959641695,-1
92,62,latency_greedy,-2.221601981668236,2.221601981668236,1,6.77574571838469,1924.8667089271994,0.02486454967860778,1714.1226349587084,0.9989723129575779,0.16206029289055635,0.00010940013453364372,-1
92,62,block_balanced,-6.635791256222021,6.635791256222021,1,14.322264908087464,67801593.07835984,0.07522578648214312,3611.757913035336,0.5683511667582898,0.3397403186508626,0.0001126001589000225,-1
92,62,pdp_aware_greedy,-1.820796829296026,1.820796829296026,1,4.922899127170963,812.0505692461861,0.02064340872459735,1248.4782376252133,0.9989723129575779,0.1162798461407907,0.004257899941876531,-1
92,62,local_search,-1.820796829296026,1.820796829296026,1,4.922899127170963,812.0505692461861,0.02064340872459735,1248.4782376252133,0.9989723129575779,0.1162798461407907,0.025060700019821525,-1
92,62,beam_search,-0.11846680273356444,0.11846680273356444,1,3.924311081438571,12.411601656371039,2.709553708373363e-05,997.1926987806751,0.9954995264409556,0.09449367048385522,0.44759290013462305,-1
92,62,simulated_annealing,-1.820796829296026,1.820796829296026,1,4.922899127170963,812.0505692461861,0.02064340872459735,1248.4782376252133,0.9989723129575779,0.1162798461407907,0.012229399988427758,-1
92,62,block_beam_strong,-0.11846680273356444,0.11846680273356444,1,3.924311081438571,12.411601656371039,2.709553708373363e-05,997.1926987806751,0.9954995264409556,0.09449367048385522,3.7989547001197934,-1
92,62,block_lns_strong,-0.11846680273356444,0.11846680273356444,1,3.924311081438571,12.411601656371039,2.709553708373363e-05,997.1926987806751,0.9954995264409556,0.09449367048385522,0.09841260011307895,-1
92,62,hybrid_heuristic,-0.11846680273356444,0.11846680273356444,1,3.924311081438571,12.411601656371039,2.709553708373363e-05,997.1926987806751,0.9954995264409556,0.09449367048385522,0.026171900099143386,-1
92,63,autoreg_rl_pure,-0.932800965496043,0.932800965496043,1,5.083735044582733,87.13949821657455,0.009465549697532652,1296.8758545099054,0.9716466912081364,0.09525246630116692,0.9061441000085324,1024
92,63,random,-100.0,27.093384854141217,0,212.18060740986033,3.963975428032113e+23,0.24777521633562788,53684.046586465505,0.8717638082708314,3.980587572421062,0.034719200106337667,-1
92,63,latency_greedy,-100.0,12.8953777987211,0,291.3953430109513,400545.1398580059,0.05078469254082377,73721.93271364132,0.9761138111020101,5.459789868483558,0.00010229996405541897,-1
92,63,block_balanced,-100.0,10.995393757228548,0,261.0944005496625,33630.62296887966,0.03782570137704226,66057.3436987893,0.6039224074841876,4.892933954944562,0.00010890001431107521,-1
92,63,pdp_aware_greedy,-1.1013782643742662,1.1013782643742662,1,6.652245489287365,118.07443446626345,0.010829814051351598,1693.704130852349,0.9769316563571989,0.12478372235511072,0.004233299987390637,-1
92,63,local_search,-1.0981565275577858,1.0981565275577858,1,6.535928014608066,118.15350805353548,0.010829831157780988,1664.289505868702,0.9761138111020101,0.12275405994864942,0.03807280003093183,-1
92,63,beam_search,-4.138605441440995,4.138605441440995,1,9.62169447370351,187526.32133467382,0.04629287187268291,2445.154304465603,0.9769316563571989,0.1819824610287835,0.4475261000916362,-1
92,63,simulated_annealing,-1.0981565275577858,1.0981565275577858,1,6.535928014608066,118.15350805353548,0.010829831157780988,1664.289505868702,0.9761138111020101,0.12275405994864942,0.013016599928960204,-1
92,63,block_beam_strong,-0.9625250685735509,0.9625250685735509,1,4.594892713269091,97.36664467447669,0.010041262972008354,1172.9902502613622,0.9660907510780623,0.08609316958690268,2.9263857000041753,-1
92,63,block_lns_strong,-0.9625250685735509,0.9625250685735509,1,4.594892713269091,97.36664467447669,0.010041262972008354,1172.9902502613622,0.9660907510780623,0.08609316958690268,0.10059179994277656,-1
92,63,hybrid_heuristic,-0.9625250685735509,0.9625250685735509,1,4.594892713269091,97.36664467447669,0.010041262972008354,1172.9902502613622,0.9660907510780623,0.08609316958690268,0.02512959996238351,-1
93,0,autoreg_rl_pure,-0.15866333169607783,0.15866333169607783,1,5.288748347485025,12.388767063744481,1.6149259984658564e-08,1310.638423507498,0.9842160302604029,0.1677312379838578,0.33166759996674955,1024
93,0,random,-100.0,17.72626008384419,0,144.75089957845523,4209501883486976.0,0.1601918881856316,35565.0907575729,0.8145125281404809,4.598405057208531,0.03443789994344115,-1
93,0,latency_greedy,-1.2690576174868924,1.2690576174868924,1,5.6202363479338,194.01089058800136,0.013114832135711352,1391.2673644811966,0.9457344717071935,0.18109805632081807,0.00010520010255277157,-1
93,0,block_balanced,-1.6829073793509273,1.6829073793509273,1,8.560559853853636,437.91044949065514,0.017094281516762712,2113.9605932014806,0.5842301622508129,0.27347968046001514,0.00011459994129836559,-1
93,0,pdp_aware_greedy,-0.6964302710144138,0.6964302710144138,1,4.9290296883457545,48.822263487410346,0.00660692820704991,1221.831312452863,0.9386414031450411,0.15899295303235977,0.0038624999579042196,-1
93,0,local_search,-0.48125940174305826,0.48125940174305826,1,4.890252756132112,28.593159890821745,0.004066804576182621,1212.3408254822716,0.9842160302604029,0.15755745650581593,0.03860020008869469,-1
93,0,beam_search,-0.15866333169607783,0.15866333169607783,1,5.288748347485025,12.388767063744481,1.6149259984658564e-08,1310.638423507498,0.9842160302604029,0.1677312379838578,0.489510599989444,-1
93,0,simulated_annealing,-0.48125940174305826,0.48125940174305826,1,4.890252756132112,28.593159890821745,0.004066804576182621,1212.3408254822716,0.9842160302604029,0.15755745650581593,0.012527500046417117,-1
93,0,block_beam_strong,-0.16123710051633855,0.16123710051633855,1,5.374483897910078,12.388819787584675,3.157552083886343e-08,1331.708123852177,0.9457344717071935,0.17045031801323002,3.8554566998500377,-1
93,0,block_lns_strong,-0.15866333169607783,0.15866333169607783,1,5.288748347485025,12.388767063744481,1.6149259984658564e-08,1310.638423507498,0.9842160302604029,0.1677312379838578,0.09496139991097152,-1
93,0,hybrid_heuristic,-0.15866333169607783,0.15866333169607783,1,5.288748347485025,12.388767063744481,1.6149259984658564e-08,1310.638423507498,0.9842160302604029,0.1677312379838578,0.025529199978336692,-1
93,1,autoreg_rl_pure,-0.23906422160120067,0.23906422160120067,1,5.350402514668728,15.0769689191452,0.0009548502876772577,1426.3927485137795,0.9802979614229173,0.17403242898894605,0.4625027999281883,1024
93,1,random,-100.0,28.941279546205642,0,188.38797172881502,2.3957025902131793e+26,0.2819483481961261,49828.22303926308,0.9241592457752458,6.032040275402849,0.035760599886998534,-1
93,1,latency_greedy,-2.256762874631896,2.256762874631896,1,5.449015665720427,2321.61649836472,0.024772533907404387,1452.1724796896033,0.9802979614229173,0.1773460558506445,0.00010349997319281101,-1
93,1,block_balanced,-5.992796272072174,5.992796272072174,1,11.838165536318105,16369268.15501544,0.06845414537618262,3141.9764824837553,0.580450290446556,0.3805870384917121,0.00011059991084039211,-1
93,1,pdp_aware_greedy,-1.6269305961122358,1.6269305961122358,1,5.714963564253077,471.2987585733908,0.017324285440917766,1522.795833483837,0.9802979614229173,0.18570218898940286,0.004110600100830197,-1
93,1,local_search,-1.5381356772826493,1.5381356772826493,1,5.868057774310365,373.1658045331394,0.016458123213759647,1563.2918889828238,0.9802979614229173,0.19060564120113477,0.036962500074878335,-1
93,1,beam_search,-0.27004968132756013,0.27004968132756013,1,6.3168894095525925,15.152196038992603,0.0009821350649265488,1681.966728115182,0.9802979614229173,0.20531129733298858,0.4739902000874281,-1
93,1,simulated_annealing,-1.5381356772826493,1.5381356772826493,1,5.868057774310365,373.1658045331394,0.016458123213759647,1563.2918889828238,0.9802979614229173,0.19060564120113477,0.0132426000200212,-1
93,1,block_beam_strong,-0.23906422160120067,0.23906422160120067,1,5.350402514668728,15.0769689191452,0.0009548502876772577,1426.3927485137795,0.9802979614229173,0.17403242898894605,3.2934495999943465,-1
93,1,block_lns_strong,-0.23906422160120067,0.23906422160120067,1,5.350402514668728,15.0769689191452,0.0009548502876772577,1426.3927485137795,0.9802979614229173,0.17403242898894605,0.09760549990460277,-1
93,1,hybrid_heuristic,-0.23906422160120067,0.23906422160120067,1,5.350402514668728,15.0769689191452,0.0009548502876772577,1426.3927485137795,0.9802979614229173,0.17403242898894605,0.024343499913811684,-1
93,2,autoreg_rl_pure,-0.2265837563384337,0.2265837563384337,1,7.450577639710687,12.484077655419373,4.225807837021585e-05,1881.6572673074145,0.9937105598024703,0.1815780787103794,10.231877599842846,675
93,2,random,-100.0,19.04408700265777,0,142.7010871211665,1.3237615837126803e+17,0.1774820573168348,35830.34013602474,0.9495540544344223,3.451669372343274,0.034464200027287006,-1
93,2,latency_greedy,-5.13077475193531,5.13077475193531,1,23.998167634579264,762122.2723227505,0.054405594253255286,6034.7409394025435,0.9919398378814952,0.5860885522316558,0.00013429997488856316,-1
93,2,block_balanced,-4.163898916824683,4.163898916824683,1,27.25733154325014,53222.440656153325,0.04043622745053704,6853.165119686209,0.6630819438540592,0.6639896419807342,0.0001230000052601099,-1
93,2,pdp_aware_greedy,-0.3914340294816946,0.3914340294816946,1,5.555924526275338,21.729672246324327,0.002726654050193901,1405.6241464869127,0.9865736820823082,0.13586716588169473,0.003927200101315975,-1
93,2,local_search,-0.3914340294816946,0.3914340294816946,1,5.555924526275338,21.729672246324327,0.002726654050193901,1405.6241464869127,0.9865736820823082,0.13586716588169473,0.025385099928826094,-1
93,2,beam_search,-0.39085937055594044,0.39085937055594044,1,8.025477092446136,18.02979417354764,0.001927547412730699,2026.0292427977824,0.9921573606000582,0.19510061033348036,0.48872820008546114,-1
93,2,simulated_annealing,-0.3914340294816946,0.3914340294816946,1,5.555924526275338,21.729672246324327,0.002726654050193901,1405.6241464869127,0.9865736820823082,0.13586716588169473,0.011698799906298518,-1
93,2,block_beam_strong,-0.2235454681485606,0.2235454681485606,1,7.3481471033271015,12.485158445733196,4.230751161607004e-05,1855.9611753871534,0.9919398378814952,0.17910299133852695,1.883927899878472,-1
93,2,block_lns_strong,-0.2235454681485606,0.2235454681485606,1,7.3481471033271015,12.485158445733196,4.230751161607004e-05,1855.9611753871534,0.9919398378814952,0.17910299133852695,0.13147219992242754,-1
93,2,hybrid_heuristic,-0.2235454681485606,0.2235454681485606,1,7.3481471033271015,12.485158445733196,4.230751161607004e-05,1855.9611753871534,0.9919398378814952,0.17910299133852695,0.025804599979892373,-1
93,3,autoreg_rl_pure,-0.16347815116017758,0.16347815116017758,1,3.8204251848084256,13.998517987229619,0.0006131621805697207,916.118331952504,0.9954699853612315,0.09297329059253616,0.44595060008578,1024
93,3,random,-100.0,24.071665390022577,0,166.211795175325,6.525906435960195e+21,0.22947177547066525,39400.816383640034,0.6676910665137507,3.9587535551803996,0.03401209996081889,-1
93,3,latency_greedy,-3.8522001456728545,3.8522001456728545,1,6.457236800395634,116191.57088694214,0.04478022434590982,1540.9812902774415,0.9954699853612315,0.15630887158763207,0.0001066999975591898,-1
93,3,block_balanced,-4.20001424624264,4.20001424624264,1,12.16451756104527,180680.3587724264,0.04727548686722876,2893.7414556599397,0.5482311189074485,0.29061236916227823,0.00011270004324615002,-1
93,3,pdp_aware_greedy,-0.24141137808075924,0.24141137808075924,1,4.154305202311973,16.58906149280679,0.0014518004273046635,995.3886289360814,0.9628526556417658,0.10111540722937423,0.004377299919724464,-1
93,3,local_search,-0.236613635407566,0.236613635407566,1,4.125995148877534,16.426114718798765,0.001354325245939984,988.6807549678974,0.9662115539949988,0.10023758491494543,0.03639590018428862,-1
93,3,beam_search,-0.16347815116017758,0.16347815116017758,1,3.8204251848084256,13.998517987229619,0.0006131621805697207,916.118331952504,0.9954699853612315,0.09297329059253616,0.41749659995548427,-1
93,3,simulated_annealing,-0.236613635407566,0.236613635407566,1,4.125995148877534,16.426114718798765,0.001354325245939984,988.6807549678974,0.9662115539949988,0.10023758491494543,0.012501699849963188,-1
93,3,block_beam_strong,-0.16424291046492046,0.16424291046492046,1,3.9250638185180575,13.915668933959834,0.0005990268990819118,940.952363037763,0.9577339372011417,0.09544594643527579,4.398686700034887,-1
93,3,block_lns_strong,-0.16347815116017758,0.16347815116017758,1,3.8204251848084256,13.998517987229619,0.0006131621805697207,916.118331952504,0.9954699853612315,0.09297329059253616,0.09338949993252754,-1
93,3,hybrid_heuristic,-0.16347815116017758,0.16347815116017758,1,3.8204251848084256,13.998517987229619,0.0006131621805697207,916.118331952504,0.9954699853612315,0.09297329059253616,0.02482689986936748,-1
93,4,autoreg_rl_pure,-0.13434137052722903,0.13434137052722903,1,4.4780456722696895,12.388739780228555,3.527633187257016e-12,1274.6695586796234,0.961832995613751,0.131290530774674,0.32737649977207184,1024
93,4,random,-100.0,17.003115991190775,0,127.88725554905538,2445519057383478.0,0.15724788164474565,36094.52544218375,0.9540174980813583,3.762528060684554,0.033403699984773993,-1
93,4,latency_greedy,-3.8532396309336203,3.8532396309336203,1,5.875004846805961,121693.60018008495,0.044279237295232234,1668.371812641673,0.9739435868389213,0.17224757429729126,0.00010779988951981068,-1
93,4,block_balanced,-8.458103459839476,8.458103459839476,1,15.973123391293216,5701883365.253996,0.09647700650430124,4517.99241802229,0.558103325045296,0.4714245360373141,0.00011179991997778416,-1
93,4,pdp_aware_greedy,-0.13733584592449885,0.13733584592449885,1,4.575863471375822,12.390596416099468,5.529691946305487e-07,1302.2689573720743,0.961832995613751,0.1341584226417405,0.004031300079077482,-1
93,4,local_search,-0.13733584592449885,0.13733584592449885,1,4.575863471375822,12.390596416099468,5.529691946305487e-07,1302.2689573720743,0.961832995613751,0.1341584226417405,0.024581599980592728,-1
93,4,beam_search,-0.13733584592449885,0.13733584592449885,1,4.575863471375822,12.390596416099468,5.529691946305487e-07,1302.2689573720743,0.961832995613751,0.1341584226417405,0.4900795000139624,-1
93,4,simulated_annealing,-0.13733584592449885,0.13733584592449885,1,4.575863471375822,12.390596416099468,5.529691946305487e-07,1302.2689573720743,0.961832995613751,0.1341584226417405,0.011507899966090918,-1
93,4,block_beam_strong,-0.13434137052722903,0.13434137052722903,1,4.4780456722696895,12.388739780228555,3.527633187257016e-12,1274.6695586796234,0.961832995613751,0.131290530774674,4.063499799929559,-1
93,4,block_lns_strong,-0.13434137052722903,0.13434137052722903,1,4.4780456722696895,12.388739780228555,3.527633187257016e-12,1274.6695586796234,0.961832995613751,0.131290530774674,0.1027305000461638,-1
93,4,hybrid_heuristic,-0.13434137052722903,0.13434137052722903,1,4.4780456722696895,12.388739780228555,3.527633187257016e-12,1274.6695586796234,0.961832995613751,0.131290530774674,0.025976700009778142,-1
93,5,autoreg_rl_pure,-0.4289406331033422,0.4289406331033422,1,5.510771410179364,23.946728175821487,0.0032098006152172956,1509.2357708959912,0.9837723753403228,0.12948713811650706,0.32874209992587566,1024
93,5,random,-100.0,27.023227275399464,0,166.02806241520793,1.0598465774821275e+25,0.26623523214351436,45130.99955296837,0.7770089251830897,3.8321554145291827,0.03232989995740354,-1
93,5,latency_greedy,-2.7747172080667255,2.7747172080667255,1,5.659264155514061,8342.64995607324,0.03196409030118921,1549.1978202601504,0.9785937776289046,0.13309037768754378,0.00010429997928440571,-1
93,5,block_balanced,-5.455483752523826,5.455483752523826,1,12.768135213938322,3984359.849117027,0.060944861951502796,3481.358012123497,0.6071060025224118,0.29628379995768805,0.00011570006608963013,-1
93,5,pdp_aware_greedy,-1.5158120209892436,1.5158120209892436,1,5.56773459631191,360.94945499536703,0.01632100079819067,1524.384560433536,0.9837723753403228,0.12994725739853144,0.004031199961900711,-1
93,5,local_search,-1.5158120209892436,1.5158120209892436,1,5.56773459631191,360.94945499536703,0.01632100079819067,1524.384560433536,0.9837723753403228,0.12994725739853144,0.024128099903464317,-1
93,5,beam_search,-0.6817990095320212,0.6817990095320212,1,6.436632862383553,42.03648938869293,0.00602322473792301,1760.8687781632634,0.9785937776289046,0.15115025789706787,0.5041001997888088,-1
93,5,simulated_annealing,-1.5158120209892436,1.5158120209892436,1,5.56773459631191,360.94945499536703,0.01632100079819067,1524.384560433536,0.9837723753403228,0.12994725739853144,0.011361100012436509,-1
93,5,block_beam_strong,-0.4330063244264879,0.4330063244264879,1,5.646294454284225,23.946728175821487,0.0032098006152172956,1546.132433938704,0.9837723753403228,0.13196169436193927,2.893803699873388,-1
93,5,block_lns_strong,-0.4289406331033422,0.4289406331033422,1,5.510771410179364,23.946728175821487,0.0032098006152172956,1509.2357708959912,0.9837723753403228,0.12948713811650706,0.09292319999076426,-1
93,5,hybrid_heuristic,-0.4289406331033422,0.4289406331033422,1,5.510771410179364,23.946728175821487,0.0032098006152172956,1509.2357708959912,0.9837723753403228,0.12948713811650706,0.024773000041022897,-1
93,6,autoreg_rl_pure,-0.12135317575000092,0.12135317575000092,1,3.582902703265881,12.825728769142986,0.00019550973672833138,838.605420015521,0.9798893930737658,0.09848380193276998,0.3326834000181407,1024
93,6,random,-100.0,17.331278674250942,0,121.00380161604794,9308455181545096.0,0.1659570169159044,27971.919602119444,0.8308452217436485,3.3401267486968997,0.03294029994867742,-1
93,6,latency_greedy,-5.077268020956293,5.077268020956293,1,16.731598429635298,1149788.0132983874,0.054323386622273415,3876.872015772927,0.9798893930737658,0.459904039331254,0.00010449998080730438,-1
93,6,block_balanced,-6.312079059705717,6.312079059705717,1,27.036941997657188,11631354.414018031,0.06573614192399645,6258.38397928228,0.5553950387275929,0.744330619416415,0.00011699995957314968,-1
93,6,pdp_aware_greedy,-0.6225287815925901,0.6225287815925901,1,3.8940030274498056,43.8624983740376,0.0062580473407480375,910.4928445802948,0.9798893930737658,0.1070350647622693,0.003939099842682481,-1
93,6,local_search,-0.6225287815925901,0.6225287815925901,1,3.8940030274498056,43.8624983740376,0.0062580473407480375,910.4928445802948,0.9798893930737658,0.1070350647622693,0.024968399899080396,-1
93,6,beam_search,-0.12135317575000092,0.12135317575000092,1,3.582902703265881,12.825728769142986,0.00019550973672833138,838.605420015521,0.9798893930737658,0.09848380193276998,0.44789749989286065,-1
93,6,simulated_annealing,-0.6225287815925901,0.6225287815925901,1,3.8940030274498056,43.8624983740376,0.0062580473407480375,910.4928445802948,0.9798893930737658,0.1070350647622693,0.012081499909982085,-1
93,6,block_beam_strong,-0.12462438030514217,0.12462438030514217,1,3.6766047832526203,12.840491404859272,0.00018763535404379942,860.2661652525649,0.9196655009520126,0.1010594055286173,4.175070999888703,-1
93,6,block_lns_strong,-0.12135317575000092,0.12135317575000092,1,3.582902703265881,12.825728769142986,0.00019550973672833138,838.605420015521,0.9798893930737658,0.09848380193276998,0.10783370002172887,-1
93,6,hybrid_heuristic,-0.12135317575000092,0.12135317575000092,1,3.582902703265881,12.825728769142986,0.00019550973672833138,838.605420015521,0.9798893930737658,0.09848380193276998,0.025961099890992045,-1
93,7,autoreg_rl_pure,-0.11505780283082824,0.11505780283082824,1,3.825249781045806,12.398044399003224,5.38031364442665e-06,972.2710873794186,0.998549397407336,0.08854886720896941,0.326621700078249,1024
93,7,random,-100.0,15.174096378502808,0,107.11950369913528,119946406414766.58,0.14450756209855165,26933.570603264932,0.7458693575415308,2.4925712257840793,0.03221410000696778,-1
93,7,latency_greedy,-1.3005314425180226,1.3005314425180226,1,4.370975784483478,230.50980497301,0.013841585779420962,1109.3617340789099,0.998549397407336,0.1011816159644435,0.00014759995974600315,-1
93,7,block_balanced,-2.9695641632328407,2.9695641632328407,1,8.328562810879808,11115.059440787869,0.03278508518416639,2104.112341658397,0.5323875909692053,0.19486729322811802,0.00012099999003112316,-1
93,7,pdp_aware_greedy,-0.11902587145081998,0.11902587145081998,1,3.9377716031820365,12.416419939372329,1.0096215336204085e-05,1000.5856123407674,0.998549397407336,0.09115358074580107,0.003931500017642975,-1
93,7,local_search,-0.11902587145081998,0.11902587145081998,1,3.9377716031820365,12.416419939372329,1.0096215336204085e-05,1000.5856123407674,0.998549397407336,0.09115358074580107,0.025350800016894937,-1
93,7,beam_search,-0.11505780283082824,0.11505780283082824,1,3.825249781045806,12.398044399003224,5.38031364442665e-06,972.2710873794186,0.998549397407336,0.08854886720896941,0.4209994999691844,-1
93,7,simulated_annealing,-0.11902587145081998,0.11902587145081998,1,3.9377716031820365,12.416419939372329,1.0096215336204085e-05,1000.5856123407674,0.998549397407336,0.09115358074580107,0.0112724001519382,-1
93,7,block_beam_strong,-0.11505780283082824,0.11505780283082824,1,3.825249781045806,12.398044399003224,5.38031364442665e-06,972.2710873794186,0.998549397407336,0.08854886720896941,4.959263099823147,-1
93,7,block_lns_strong,-0.11505780283082824,0.11505780283082824,1,3.825249781045806,12.398044399003224,5.38031364442665e-06,972.2710873794186,0.998549397407336,0.08854886720896941,0.11785559984855354,-1
93,7,hybrid_heuristic,-0.11505780283082824,0.11505780283082824,1,3.825249781045806,12.398044399003224,5.38031364442665e-06,972.2710873794186,0.998549397407336,0.08854886720896941,0.025792500004172325,-1
93,8,autoreg_rl_pure,-0.8920074584824581,0.8920074584824581,1,5.44337904678723,76.59663870241047,0.008790207222256208,1614.4511497726685,0.9567314610172222,0.15660042156848142,3.0109310999978334,946
93,8,random,-100.0,27.799230496426215,0,181.96194844259352,2.232430182262744e+25,0.2685960272639808,53599.86544235875,0.8031067507827374,5.256334213703542,0.033852099906653166,-1
93,8,latency_greedy,-2.1453290224664006,2.1453290224664006,1,5.3962803131298696,1764.0886838568988,0.023541015110543535,1600.2191793787588,0.986087285301247,0.15782841330263053,0.00010489998385310173,-1
93,8,block_balanced,-8.053541259955953,8.053541259955953,1,17.305054291390157,1876664911.088569,0.09140774394023193,5107.753682234002,0.561008618894239,0.49976417531679107,0.000476200133562088,-1
93,8,pdp_aware_greedy,-3.0477183372033516,3.0477183372033516,1,6.165434398784007,15893.670703834749,0.03510877384870264,1827.0509549287628,0.9567314610172222,0.17904895225669618,0.004134500166401267,-1
93,8,local_search,-2.1453290224664006,2.1453290224664006,1,5.3962803131298696,1764.0886838568988,0.023541015110543535,1600.2191793787588,0.986087285301247,0.15782841330263053,0.025212100008502603,-1
93,8,beam_search,-0.9569481408180234,0.9569481408180234,1,6.609035147306343,82.55631717803807,0.009283929943223766,1957.8035878102187,0.9567314610172222,0.190135149754075,0.4678352000191808,-1
93,8,simulated_annealing,-2.1453290224664006,2.1453290224664006,1,5.3962803131298696,1764.0886838568988,0.023541015110543535,1600.2191793787588,0.986087285301247,0.15782841330263053,0.011866600019857287,-1
93,8,block_beam_strong,-0.889663524840433,0.889663524840433,1,5.447831182346839,76.12368489961588,0.008785346430196316,1615.8094476885508,0.8760320837210561,0.15672850493352397,3.605290000094101,-1
93,8,block_lns_strong,-0.889663524840433,0.889663524840433,1,5.447831182346839,76.12368489961588,0.008785346430196316,1615.8094476885508,0.8760320837210561,0.15672850493352397,0.10286820004694164,-1
93,8,hybrid_heuristic,-0.889663524840433,0.889663524840433,1,5.447831182346839,76.12368489961588,0.008785346430196316,1615.8094476885508,0.8760320837210561,0.15672850493352397,0.02498900005593896,-1
93,9,autoreg_rl_pure,-0.1845375014152263,0.1845375014152263,1,5.098504479663002,13.406556716416546,0.00038641008466736894,1401.2881398684904,0.9646833706969485,0.123763235258442,0.3449692998547107,1024
93,9,random,-100.0,18.067470807660676,0,134.66100030300683,2.1054484512927308e+16,0.1683442615687728,36719.963441382584,0.7143525227977027,3.2408240286437824,0.033529800130054355,-1
93,9,latency_greedy,-0.6393500198095095,0.6393500198095095,1,5.523060176791042,40.48508008116737,0.005763166154089264,1516.5141829497234,0.9646833706969485,0.1321727376282037,0.00010860012844204903,-1
93,9,block_balanced,-0.6409117772320453,0.6409117772320453,1,8.139097833629897,33.40264479995157,0.004687485510249377,2230.0350558026685,0.5895591024849138,0.1965804323653588,0.00011580018326640129,-1
93,9,pdp_aware_greedy,-0.34962947196699223,0.34962947196699223,1,5.4226289109333665,19.769977290846928,0.002217584443148138,1489.2186655376072,0.9646833706969485,0.1304427311535604,0.004073800053447485,-1
93,9,local_search,-0.34962947196699223,0.34962947196699223,1,5.4226289109333665,19.769977290846928,0.002217584443148138,1489.2186655376072,0.9646833706969485,0.1304427311535604,0.025651799980551004,-1
93,9,beam_search,-0.22032202704342635,0.22032202704342635,1,5.598906208998611,14.121169845071435,0.0005896434630414255,1537.889828426255,0.9952423377328488,0.13734875800861923,0.46797070000320673,-1
93,9,simulated_annealing,-0.34962947196699223,0.34962947196699223,1,5.4226289109333665,19.769977290846928,0.002217584443148138,1489.2186655376072,0.9646833706969485,0.1304427311535604,0.012702499981969595,-1
93,9,block_beam_strong,-0.18722001978610284,0.18722001978610284,1,5.188046373848204,13.406431417490346,0.00038639953494639236,1425.7657623623409,0.8671522696388928,0.12634651153537793,3.682012700010091,-1
93,9,block_lns_strong,-0.1845375014152263,0.1845375014152263,1,5.098504479663002,13.406556716416546,0.00038641008466736894,1401.2881398684904,0.9646833706969485,0.123763235258442,0.0970515999943018,-1
93,9,hybrid_heuristic,-0.1845375014152263,0.1845375014152263,1,5.098504479663002,13.406556716416546,0.00038641008466736894,1401.2881398684904,0.9646833706969485,0.123763235258442,0.025260699912905693,-1
93,10,autoreg_rl_pure,-0.1402520024738417,0.1402520024738417,1,4.675050161290193,12.38875518179546,1.1936413216555353e-08,1253.694612662849,0.9885371754305935,0.1147899228586551,2.123448600061238,1024
93,10,random,-100.0,21.713422139996844,0,138.47854898778826,1.437276916240561e+20,0.21043314514686498,36811.77993074684,0.7197336214006349,3.327113073674869,0.03445490007288754,-1
93,10,latency_greedy,-5.029132190535433,5.029132190535433,1,12.617329637057706,1387922.705025552,0.0566335460730553,3363.975572238825,0.9593942987507605,0.3064163871501414,0.00010269996710121632,-1
93,10,block_balanced,-6.62917474734316,6.62917474734316,1,20.977229808440338,40484616.06392548,0.07387858610749656,5585.8951597686755,0.5745626316426188,0.5058421937749236,0.0001230998896062374,-1
93,10,pdp_aware_greedy,-0.1402520024738417,0.1402520024738417,1,4.675050161290193,12.38875518179546,1.1936413216555353e-08,1253.694612662849,0.9885371754305935,0.1147899228586551,0.004129600012674928,-1
93,10,local_search,-0.1402520024738417,0.1402520024738417,1,4.675050161290193,12.38875518179546,1.1936413216555353e-08,1253.694612662849,0.9885371754305935,0.1147899228586551,0.02547309990040958,-1
93,10,beam_search,-0.1402520024738417,0.1402520024738417,1,4.675050161290193,12.38875518179546,1.1936413216555353e-08,1253.694612662849,0.9885371754305935,0.1147899228586551,0.47348659997805953,-1
93,10,simulated_annealing,-0.1402520024738417,0.1402520024738417,1,4.675050161290193,12.38875518179546,1.1936413216555353e-08,1253.694612662849,0.9885371754305935,0.1147899228586551,0.011056500021368265,-1
93,10,block_beam_strong,-0.1402520024738417,0.1402520024738417,1,4.675050161290193,12.38875518179546,1.1936413216555353e-08,1253.694612662849,0.9885371754305935,0.1147899228586551,3.296800100011751,-1
93,10,block_lns_strong,-0.1402520024738417,0.1402520024738417,1,4.675050161290193,12.38875518179546,1.1936413216555353e-08,1253.694612662849,0.9885371754305935,0.1147899228586551,0.09546380001120269,-1
93,10,hybrid_heuristic,-0.1402520024738417,0.1402520024738417,1,4.675050161290193,12.38875518179546,1.1936413216555353e-08,1253.694612662849,0.9885371754305935,0.1147899228586551,0.025689000030979514,-1
93,11,autoreg_rl_pure,-0.12605295624705695,0.12605295624705695,1,4.102127394621691,12.481665567092477,3.2057999993320885e-05,965.872515955894,0.9861108497318872,0.09464552823757232,0.3282125999685377,1024
93,11,random,-100.0,18.815571407345423,0,131.56592294000524,1.723445860383979e+17,0.17866239360686728,30637.788358889997,0.7722598385264353,2.9939006979680123,0.033723599975928664,-1
93,11,latency_greedy,-5.059323192634874,5.059323192634874,1,7.870833538597548,2136722.0132052153,0.057435385860130285,1843.0227092843465,0.9973165519622367,0.1807349743965002,0.00010760012082755566,-1
93,11,block_balanced,-6.668451527134381,6.668451527134381,1,14.93248541932362,70278774.8208849,0.074428212112757,3486.9804059393064,0.5993600252373715,0.34082968132451036,0.00011320016346871853,-1
93,11,pdp_aware_greedy,-0.8586965102289921,0.8586965102289921,1,4.18872708989306,77.43003239276429,0.00901733032740674,985.9261084705373,0.9973165519622367,0.0950146895783067,0.0038783999625593424,-1
93,11,local_search,-0.8586965102289921,0.8586965102289921,1,4.18872708989306,77.43003239276429,0.00901733032740674,985.9261084705373,0.9973165519622367,0.0950146895783067,0.025293299928307533,-1
93,11,beam_search,-0.12605295624705695,0.12605295624705695,1,4.102127394621691,12.481665567092477,3.2057999993320885e-05,965.872515955894,0.9861108497318872,0.09464552823757232,0.4371371001470834,-1
93,11,simulated_annealing,-0.8586965102289921,0.8586965102289921,1,4.18872708989306,77.43003239276429,0.00901733032740674,985.9261084705373,0.9973165519622367,0.0950146895783067,0.011388999875634909,-1
93,11,block_beam_strong,-0.12605295624705695,0.12605295624705695,1,4.102127394621691,12.481665567092477,3.2057999993320885e-05,965.872515955894,0.9861108497318872,0.09464552823757232,3.317272499902174,-1
93,11,block_lns_strong,-0.12605295624705695,0.12605295624705695,1,4.102127394621691,12.481665567092477,3.2057999993320885e-05,965.872515955894,0.9861108497318872,0.09464552823757232,0.10376309999264777,-1
93,11,hybrid_heuristic,-0.12605295624705695,0.12605295624705695,1,4.102127394621691,12.481665567092477,3.2057999993320885e-05,965.872515955894,0.9861108497318872,0.09464552823757232,0.026030599838122725,-1
93,12,autoreg_rl_pure,-0.1144800096358603,0.1144800096358603,1,3.813682721204565,12.390893367007244,9.662170466177222e-07,1089.6127173494501,0.9708838751800487,0.09848682087590864,0.3236694000661373,1024
93,12,random,-100.0,17.54421605828109,0,150.3411163385433,1755876218840024.2,0.1582892236540929,42538.389760420556,0.9593497850408061,3.8288425876926095,0.032539499923586845,-1
93,12,latency_greedy,-1.4732337085993295,1.4732337085993295,1,4.69907564248946,346.3471428875312,0.01604679640110588,1340.0636069244188,0.9597977684628781,0.12143563449547762,0.00012440001592040062,-1
93,12,block_balanced,-4.055838151496145,4.055838151496145,1,15.88030031243133,95354.88406616985,0.043350565025554635,4503.15524305525,0.5337979019170497,0.4059487405136964,0.00012409989722073078,-1
93,12,pdp_aware_greedy,-0.15285072054175763,0.15285072054175763,1,3.9611343230688147,13.488395241711642,0.0003779303638356434,1131.3223930884017,0.9708838751800487,0.10242091281702245,0.003945099888369441,-1
93,12,local_search,-0.15116746997421768,0.15116746997421768,1,4.039243163814358,13.353298254132213,0.0003841643545111773,1153.423797698039,0.9708838751800487,0.10424917639532356,0.03876419994048774,-1
93,12,beam_search,-0.1144800096358603,0.1144800096358603,1,3.813682721204565,12.390893367007244,9.662170466177222e-07,1089.6127173494501,0.9708838751800487,0.09848682087590864,0.46687000012025237,-1
93,12,simulated_annealing,-0.15116746997421768,0.15116746997421768,1,4.039243163814358,13.353298254132213,0.0003841643545111773,1153.423797698039,0.9708838751800487,0.10424917639532356,0.011963300174102187,-1
93,12,block_beam_strong,-0.11571014537486093,0.11571014537486093,1,3.8544925616020307,12.391074291698645,9.27301497797396e-07,1101.1546597231356,0.9593497850408061,0.09952499856879465,4.516865399898961,-1
93,12,block_lns_strong,-0.1144800096358603,0.1144800096358603,1,3.813682721204565,12.390893367007244,9.662170466177222e-07,1089.6127173494501,0.9708838751800487,0.09848682087590864,0.11289620003663003,-1
93,12,hybrid_heuristic,-0.1144800096358603,0.1144800096358603,1,3.813682721204565,12.390893367007244,9.662170466177222e-07,1089.6127173494501,0.9708838751800487,0.09848682087590864,0.025088800117373466,-1
93,13,autoreg_rl_pure,-0.11727040000518713,0.11727040000518713,1,3.9090063356877174,12.388746271168527,2.919526089441047e-09,921.169878182123,0.9502606649354111,0.09134290084322438,0.32454649987630546,1024
93,13,random,-100.0,15.068221065461112,0,100.12565432845967,155538836058097.0,0.1457085615683385,23326.67214820643,0.7051500246439997,2.34907937527643,0.033569199964404106,-1
93,13,latency_greedy,-0.26710442915528554,0.26710442915528554,1,4.04194974727396,17.839280912777006,0.0017962865200435438,951.9871655976947,0.9544770450760485,0.09719049796087063,0.00010600010864436626,-1
93,13,block_balanced,-1.2674941712135985,1.2674941712135985,1,7.780624899864393,164.34642334755534,0.012351774676141927,1822.8117335777058,0.5210071500542662,0.18343592358215888,0.00011959997937083244,-1
93,13,pdp_aware_greedy,-0.12436705468230479,0.12436705468230479,1,4.145112296126866,12.38916365084712,1.2358432818399763e-07,976.2325497113172,0.9877270618158428,0.09686005826913918,0.004522500094026327,-1
93,13,local_search,-0.1227244480335414,0.1227244480335414,1,4.090461586584462,12.38906808856361,1.2067248750680933e-07,963.5288604787705,0.9877270618158428,0.09558301906427295,0.035459000151604414,-1
93,13,beam_search,-0.1227244480335414,0.1227244480335414,1,4.090461586584462,12.38906808856361,1.2067248750680933e-07,963.5288604787705,0.9877270618158428,0.09558301906427295,0.44433200010098517,-1
93,13,simulated_annealing,-0.1227244480335414,0.1227244480335414,1,4.090461586584462,12.38906808856361,1.2067248750680933e-07,963.5288604787705,0.9877270618158428,0.09558301906427295,0.011492399964481592,-1
93,13,block_beam_strong,-0.11744771749506902,0.11744771749506902,1,3.9149163285965973,12.388746819451569,2.801938860337382e-09,922.5503965277763,0.9502606649354111,0.09148100138589467,5.596478600054979,-1
93,13,block_lns_strong,-0.11744771749506902,0.11744771749506902,1,3.9149163285965973,12.388746819451569,2.801938860337382e-09,922.5503965277763,0.9502606649354111,0.09148100138589467,0.11058350000530481,-1
93,13,hybrid_heuristic,-0.11744771749506902,0.11744771749506902,1,3.9149163285965973,12.388746819451569,2.801938860337382e-09,922.5503965277763,0.9502606649354111,0.09148100138589467,0.026336200069636106,-1
93,14,autoreg_rl_pure,-0.13250940184336996,0.13250940184336996,1,4.416980060464058,12.388739770017441,3.596997479830917e-13,1098.3502998518577,0.9697033352410513,0.09311557409771322,0.3438089000992477,1024
93,14,random,-100.0,25.770477332844973,0,148.32568468208316,1.7445780583023334e+24,0.2594965957995825,36519.053987428066,0.6648596376142739,3.062536875498031,0.032745599979534745,-1
93,14,latency_greedy,-1.6428790284453383,1.6428790284453383,1,4.697790253993737,529.3507623659123,0.01764897640405574,1167.2012552522278,0.9725423281687853,0.09773540690395918,0.00022549997083842754,-1
93,14,block_balanced,-4.8824093219432925,4.8824093219432925,1,12.102922682123952,999581.6102011524,0.05417889980986248,2990.116544967382,0.5405192872411403,0.2507587058804576,0.0001346999779343605,-1
93,14,pdp_aware_greedy,-0.7316380860612677,0.7316380860612677,1,4.411196852811189,55.42570238369429,0.007042140798881556,1096.7407184218796,0.9725423281687853,0.09304078391903157,0.0043889000080525875,-1
93,14,local_search,-0.7291743019503836,0.7291743019503836,1,4.3290707155546,55.42570238463842,0.007042140798899003,1076.5133860717037,0.9725423281687853,0.09116425204408929,0.03494919999502599,-1
93,14,beam_search,-0.13596008377695348,0.13596008377695348,1,4.524610804517968,12.395609979570605,2.0456342413830765e-06,1124.8413162528084,0.9697033352410513,0.09534172711994511,0.45194509997963905,-1
93,14,simulated_annealing,-0.7291743019503836,0.7291743019503836,1,4.3290707155546,55.42570238463842,0.007042140798899003,1076.5133860717037,0.9725423281687853,0.09116425204408929,0.011521699838340282,-1
93,14,block_beam_strong,-0.13250940184336996,0.13250940184336996,1,4.416980060464058,12.388739770017441,3.596997479830917e-13,1098.3502998518577,0.9697033352410513,0.09311557409771322,6.458973900182173,-1
93,14,block_lns_strong,-0.13250940184336996,0.13250940184336996,1,4.416980060464058,12.388739770017441,3.596997479830917e-13,1098.3502998518577,0.9697033352410513,0.09311557409771322,0.11682379990816116,-1
93,14,hybrid_heuristic,-0.13250940184336996,0.13250940184336996,1,4.416980060464058,12.388739770017441,3.596997479830917e-13,1098.3502998518577,0.9697033352410513,0.09311557409771322,0.02415510010905564,-1
93,15,autoreg_rl_pure,-0.41054509618466606,0.41054509618466606,1,5.458548339050365,22.960138231063556,0.0029725104746651195,1428.0021317304934,0.9860886317137897,0.1507774745462903,0.3352904999628663,1024
93,15,random,-100.0,18.839689443167412,0,122.78505475716597,3.536671028056923e+17,0.1830419198268149,31882.681464137917,0.9659580524602476,3.3608764789501393,0.035013699904084206,-1
93,15,latency_greedy,-1.3736649749787508,1.3736649749787508,1,4.767827571400492,268.637623400699,0.014984125060579516,1248.6533111859223,0.9914521492347668,0.13192257963854662,0.00010369997471570969,-1
93,15,block_balanced,-5.027835548606117,5.027835548606117,1,10.780096168874206,1587815.350120593,0.05671706587549814,2809.456059092111,0.6573924211425265,0.29536489965783236,0.00011659995652735233,-1
93,15,pdp_aware_greedy,-2.298163763550406,2.298163763550406,1,5.856108623681539,2497.359465868463,0.02498007437998281,1531.25755986887,0.9914521492347668,0.16164388352394649,0.0043935999274253845,-1
93,15,local_search,-1.0993996249070055,1.0993996249070055,1,5.613787644693926,127.00836695609199,0.01133566462878896,1468.2656678817493,0.96244739818904,0.1550352365068235,0.03655859990976751,-1
93,15,beam_search,-1.1870121403726648,1.1870121403726648,1,7.165010349496905,140.74398793819879,0.011440473703753989,1871.0118542423763,0.9914521492347668,0.1978369745260553,0.45627039996907115,-1
93,15,simulated_annealing,-1.0993996249070055,1.0993996249070055,1,5.613787644693926,127.00836695609199,0.01133566462878896,1468.2656678817493,0.96244739818904,0.1550352365068235,0.011950200190767646,-1
93,15,block_beam_strong,-0.41054509618466606,0.41054509618466606,1,5.458548339050365,22.960138231063556,0.0029725104746651195,1428.0021317304934,0.9860886317137897,0.1507774745462903,2.1971416000742465,-1
93,15,block_lns_strong,-0.41054509618466606,0.41054509618466606,1,5.458548339050365,22.960138231063556,0.0029725104746651195,1428.0021317304934,0.9860886317137897,0.1507774745462903,0.10314359981566668,-1
93,15,hybrid_heuristic,-0.41054509618466606,0.41054509618466606,1,5.458548339050365,22.960138231063556,0.0029725104746651195,1428.0021317304934,0.9860886317137897,0.1507774745462903,0.025946799898520112,-1
93,16,autoreg_rl_pure,-0.1615618863172327,0.1615618863172327,1,5.185219530679195,12.576138238948067,7.407295077934691e-05,1423.3777126835218,0.9903191304471581,0.1385794767552762,1.2501282000448555,988
93,16,random,-100.0,19.169116876007944,0,152.84700610095197,8.454452464406782e+16,0.17556366408986607,41629.36963483679,0.6215085969634662,4.023677452649124,0.03331109997816384,-1
93,16,latency_greedy,-3.1569229767007836,3.1569229767007836,1,4.86159215952747,23028.227078126467,0.03698432962449619,1334.4827590426266,0.9826443744360205,0.12770180568603046,0.0001020999625325203,-1
93,16,block_balanced,-2.9508472553753995,2.9508472553753995,1,9.59293432534322,9647.32584049352,0.0318013952005903,2623.3110273013262,0.5361970604994541,0.2536442056697702,0.00011100014671683311,-1
93,16,pdp_aware_greedy,-3.1569229767007836,3.1569229767007836,1,4.86159215952747,23028.227078126467,0.03698432962449619,1334.4827590426266,0.9826443744360205,0.12770180568603046,0.004504599841311574,-1
93,16,local_search,-2.54116230113484,2.54116230113484,1,11.278518330895762,3052.7706129209405,0.026583402760446493,3082.232478312324,0.5605350640381441,0.29777133328379435,0.037848800187930465,-1
93,16,beam_search,-0.5406702220188166,0.5406702220188166,1,6.412979318596169,29.591586559421263,0.004099194775995195,1757.7554932017406,0.9895634120844181,0.16925675733851714,0.5091369999572635,-1
93,16,simulated_annealing,-2.5334296049267286,2.5334296049267286,1,10.884753321986192,3084.070178457297,0.02661548557775531,2974.888111181218,0.7814593420236708,0.2865933994412599,0.011300500016659498,-1
93,16,block_beam_strong,-0.1615618863172327,0.1615618863172327,1,5.185219530679195,12.576138238948067,7.407295077934691e-05,1423.3777126835218,0.9903191304471581,0.1385794767552762,5.2749475000891834,-1
93,16,block_lns_strong,-0.1615618863172327,0.1615618863172327,1,5.185219530679195,12.576138238948067,7.407295077934691e-05,1423.3777126835218,0.9903191304471581,0.1385794767552762,0.10467529995366931,-1
93,16,hybrid_heuristic,-0.1615618863172327,0.1615618863172327,1,5.185219530679195,12.576138238948067,7.407295077934691e-05,1423.3777126835218,0.9903191304471581,0.1385794767552762,0.025266800075769424,-1
93,17,autoreg_rl_pure,-0.3579038464460498,0.3579038464460498,1,4.903356290966432,20.984747644808103,0.002566817420986328,1451.2882644890374,0.9275785901946004,0.14029169298708608,0.4890881997998804,1020
93,17,random,-100.0,19.099562292608276,0,114.42455151035102,1.2678476148988856e+18,0.18850520024883924,33626.0871516476,0.9338373496391446,3.225595373398751,0.03544440004043281,-1
93,17,latency_greedy,-3.3142587272145385,3.3142587272145385,1,10.545983966381165,22280.920259505358,0.03660059346857817,3108.9053545604547,0.9978843192337328,0.298883417405739,0.00011019990779459476,-1
93,17,block_balanced,-1.3477034751885926,1.3477034751885926,1,7.299744293002213,208.21388464066348,0.013816965101897954,2155.3222173499407,0.696626087516191,0.20705269066451706,0.00021700002253055573,-1
93,17,pdp_aware_greedy,-3.3060732861481803,3.3060732861481803,1,5.884363621826129,30965.963251857313,0.03683240437896847,1739.4383373551527,0.92818081035476,0.16785602159861338,0.003916300134733319,-1
93,17,local_search,-0.7346098431289737,0.7346098431289737,1,10.539927017329084,35.26242884428555,0.005095914047929016,3107.2023030345827,0.9275785901946004,0.2999711892544526,0.03625819995068014,-1
93,17,beam_search,-0.6512675495158917,0.6512675495158917,1,6.278939215801564,39.410662815358386,0.005724918231612526,1855.3482679929887,0.9978843192337328,0.1794319260007226,0.44227090012282133,-1
93,17,simulated_annealing,-0.7304652447367924,0.7304652447367924,1,10.756696721426048,34.336153420588424,0.004946277805803792,3170.8771047475934,0.9275785901946004,0.30613657645598913,0.01144529995508492,-1
93,17,block_beam_strong,-0.3575127634333188,0.3575127634333188,1,4.890733183085414,20.984097664051948,0.0025664826112727934,1447.5906822894178,0.9275785901946004,0.13993462750035102,1.4381173001602292,-1
93,17,block_lns_strong,-0.3575127634333188,0.3575127634333188,1,4.890733183085414,20.984097664051948,0.0025664826112727934,1447.5906822894178,0.9275785901946004,0.13993462750035102,0.11051439982838929,-1
93,17,hybrid_heuristic,-0.3575127634333188,0.3575127634333188,1,4.890733183085414,20.984097664051948,0.0025664826112727934,1447.5906822894178,0.9275785901946004,0.13993462750035102,0.024953600019216537,-1
93,18,autoreg_rl_pure,-0.1353146546324473,0.1353146546324473,1,4.357793535532026,12.531432629593299,6.936870846962069e-05,1192.376199880454,0.9978489097735639,0.13850121195100193,0.47796319983899593,1022
93,18,random,-100.0,21.099720034371906,0,169.02355409522434,3.1355037024358144e+18,0.19230881859784782,45829.55184587039,0.8538124021643212,5.280116939240133,0.03367660008370876,-1
93,18,latency_greedy,-2.462506765908659,2.462506765908659,1,4.877719017472252,4053.0540623142288,0.028466798506805426,1333.049390919181,0.9991815158085717,0.153390814003028,0.0004217000678181648,-1
93,18,block_balanced,-2.2337755276008533,2.2337755276008533,1,8.132228374844745,1792.3980012848488,0.023893231497463505,2215.4169920280156,0.5231306462933978,0.2544930070149632,0.000193099956959486,-1
93,18,pdp_aware_greedy,-0.7527216285959241,0.7527216285959241,1,4.2774780158437675,59.01438319836413,0.007683428228190238,1170.4042795652235,0.9991815158085717,0.136029051613376,0.004779299953952432,-1
93,18,local_search,-0.7527216285959241,0.7527216285959241,1,4.2774780158437675,59.01438319836413,0.007683428228190238,1170.4042795652235,0.9991815158085717,0.136029051613376,0.023906500078737736,-1
93,18,beam_search,-0.13469727801607773,0.13469727801607773,1,4.329666732289422,12.538528289525566,6.913461576381534e-05,1184.7542783522822,0.9258306559689425,0.13740226543418102,0.45784089993685484,-1
93,18,simulated_annealing,-0.7527216285959241,0.7527216285959241,1,4.2774780158437675,59.01438319836413,0.007683428228190238,1170.4042795652235,0.9991815158085717,0.136029051613376,0.011572499992325902,-1
93,18,block_beam_strong,-0.13469727801607773,0.13469727801607773,1,4.329666732289422,12.538528289525566,6.913461576381534e-05,1184.7542783522822,0.9258306559689425,0.13740226543418102,5.8168891000095755,-1
93,18,block_lns_strong,-0.13469727801607773,0.13469727801607773,1,4.329666732289422,12.538528289525566,6.913461576381534e-05,1184.7542783522822,0.9258306559689425,0.13740226543418102,0.1052379000466317,-1
93,18,hybrid_heuristic,-0.13469727801607773,0.13469727801607773,1,4.329666732289422,12.538528289525566,6.913461576381534e-05,1184.7542783522822,0.9258306559689425,0.13740226543418102,0.02517219982109964,-1
93,19,autoreg_rl_pure,-0.12248408077524366,0.12248408077524366,1,4.082802656841305,12.388739802245395,9.871135110698765e-12,1160.26867087116,0.9428181831064197,0.09141959899364425,0.33064649999141693,1024
93,19,random,-100.0,11.662154632579858,0,128.7369944372189,3646012623.8316402,0.09480774345144656,36247.17081790942,0.9693503988989792,2.897229511882935,0.03419460006989539,-1
93,19,latency_greedy,-4.152614148322975,4.152614148322975,1,6.340668197029451,248394.4368725042,0.047935076317576916,1795.4830211597116,0.9916792182312614,0.14353089230848126,0.0001066999975591898,-1
93,19,block_balanced,-2.2455185536944557,2.2455185536944557,1,8.31449471101656,1820.738119151467,0.02368550764135055,2351.3016574149187,0.5959721415402435,0.18733082030068687,0.00010990002192556858,-1
93,19,pdp_aware_greedy,-0.13864029628065375,0.13864029628065375,1,4.58444231150346,12.423073929796038,2.8126174261095908e-05,1301.2555374042001,0.977990903021095,0.10409346546566756,0.004159099888056517,-1
93,19,local_search,-0.13864029628065375,0.13864029628065375,1,4.58444231150346,12.423073929796038,2.8126174261095908e-05,1301.2555374042001,0.977990903021095,0.10409346546566756,0.02524790004827082,-1
93,19,beam_search,-0.12307429217551834,0.12307429217551834,1,4.102476370183794,12.388739802245395,9.871135110698765e-12,1165.7963662391223,0.977990903021095,0.09186012064890293,0.45410119998268783,-1
93,19,simulated_annealing,-0.13864029628065375,0.13864029628065375,1,4.58444231150346,12.423073929796038,2.8126174261095908e-05,1301.2555374042001,0.977990903021095,0.10409346546566756,0.012423799838870764,-1
93,19,block_beam_strong,-0.12248408077524366,0.12248408077524366,1,4.082802656841305,12.388739802245395,9.871135110698765e-12,1160.26867087116,0.9428181831064197,0.09141959899364425,3.2377659999765456,-1
93,19,block_lns_strong,-0.12248408077524366,0.12248408077524366,1,4.082802656841305,12.388739802245395,9.871135110698765e-12,1160.26867087116,0.9428181831064197,0.09141959899364425,0.09702560002915561,-1
93,19,hybrid_heuristic,-0.12248408077524366,0.12248408077524366,1,4.082802656841305,12.388739802245395,9.871135110698765e-12,1160.26867087116,0.9428181831064197,0.09141959899364425,0.025128500070422888,-1
93,20,autoreg_rl_pure,-0.13622368782582867,0.13622368782582867,1,4.159851704727599,12.747795040221165,0.00016809136102519947,1177.0805410241878,0.9988300245915582,0.10284057342204386,0.32573319994844496,1024
93,20,random,-100.0,16.34721073643226,0,129.82110008256316,410432382666670.3,0.15072870893930276,36404.6563061091,0.6823520667955493,3.2209475828976073,0.03436079993844032,-1
93,20,latency_greedy,-2.9378714789451172,2.9378714789451172,1,7.3235508997452285,11072.284320890914,0.032765539976170974,2063.950163316112,0.9988300245915582,0.1819505458003969,0.0001042000949382782,-1
93,20,block_balanced,-4.908256903861718,4.908256903861718,1,14.697321684695273,877762.3027957007,0.05447886159697879,4131.4251674117095,0.5411221662081973,0.3652217761794546,0.00011820020154118538,-1
93,20,pdp_aware_greedy,-1.34964438782783,1.34964438782783,1,4.955582051731579,249.44296518506232,0.014655226844484774,1400.331696474276,0.948612649985683,0.12496790909812547,0.004621999803930521,-1
93,20,local_search,-1.34964438782783,1.34964438782783,1,4.955582051731579,249.44296518506232,0.014655226844484774,1400.331696474276,0.948612649985683,0.12496790909812547,0.024367500096559525,-1
93,20,beam_search,-0.150765359076888,0.150765359076888,1,4.442910655608548,12.94206780077333,0.0002139085829171541,1256.5898635873382,0.9988300245915582,0.10983840576971052,0.4344929999206215,-1
93,20,simulated_annealing,-1.34964438782783,1.34964438782783,1,4.955582051731579,249.44296518506232,0.014655226844484774,1400.331696474276,0.948612649985683,0.12496790909812547,0.011175999883562326,-1
93,20,block_beam_strong,-0.136755931226059,0.136755931226059,1,4.123702290097523,12.799423530412849,0.00016374532244790046,1166.9694897663799,0.9988300245915582,0.10194688134037586,5.160153500037268,-1
93,20,block_lns_strong,-0.13622368782582867,0.13622368782582867,1,4.159851704727599,12.747795040221165,0.00016809136102519947,1177.0805410241878,0.9988300245915582,0.10284057342204386,0.10022220015525818,-1
93,20,hybrid_heuristic,-0.13622368782582867,0.13622368782582867,1,4.159851704727599,12.747795040221165,0.00016809136102519947,1177.0805410241878,0.9988300245915582,0.10284057342204386,0.025361199863255024,-1
93,21,autoreg_rl_pure,-0.28597173757953076,0.28597173757953076,1,5.430732035795461,16.851040711438692,0.0015641147045311827,1551.8528322341294,0.9985010615693413,0.16940298976590076,0.33160170004703104,1024
93,21,random,-100.0,26.195584640355584,0,180.34171945448327,4.575259781041533e+23,0.2502532505897743,51163.234531209404,0.779612853687427,5.634711012217186,0.033797600073739886,-1
93,21,latency_greedy,-2.604816419054893,2.604816419054893,1,8.230029203420784,4498.8488606878145,0.028502716514392436,2345.448263860446,0.9981639273431436,0.25946220703919454,0.00010569998994469643,-1
93,21,block_balanced,-3.14713830718487,3.14713830718487,1,11.73670349924872,13418.383952341677,0.033203142336630416,3340.2762460881418,0.6674679245263245,0.3681879930062881,0.00011079991236329079,-1
93,21,pdp_aware_greedy,-1.1448018603173817,1.1448018603173817,1,6.453878646770399,133.5868367866941,0.011603938639243364,1841.846602519439,0.9985010615693413,0.20385407978605144,0.0046454002149403095,-1
93,21,local_search,-1.1448018603173817,1.1448018603173817,1,6.453878646770399,133.5868367866941,0.011603938639243364,1841.846602519439,0.9985010615693413,0.20385407978605144,0.024130400037392974,-1
93,21,beam_search,-0.28597173757953076,0.28597173757953076,1,5.430732035795461,16.851040711438692,0.0015641147045311827,1551.8528322341294,0.9985010615693413,0.16940298976590076,0.4733102999161929,-1
93,21,simulated_annealing,-1.1448018603173817,1.1448018603173817,1,6.453878646770399,133.5868367866941,0.011603938639243364,1841.846602519439,0.9985010615693413,0.20385407978605144,0.01242609997279942,-1
93,21,block_beam_strong,-0.6058111546047453,0.6058111546047453,1,6.424874156445837,34.79418592478014,0.005082669310879451,1833.71882880066,0.8863561324082387,0.20147153572888912,2.144552099984139,-1
93,21,block_lns_strong,-0.28597173757953076,0.28597173757953076,1,5.430732035795461,16.851040711438692,0.0015641147045311827,1551.8528322341294,0.9985010615693413,0.16940298976590076,0.09975800011307001,-1
93,21,hybrid_heuristic,-0.28597173757953076,0.28597173757953076,1,5.430732035795461,16.851040711438692,0.0015641147045311827,1551.8528322341294,0.9985010615693413,0.16940298976590076,0.025229900144040585,-1
93,22,autoreg_rl_pure,-0.17325313315975188,0.17325313315975188,1,3.950555352152297,14.205499216491349,0.0006997178010866035,1087.1505401187069,0.961542248056888,0.10548207029775704,0.5628490000963211,1024
93,22,random,-100.0,22.013481771288596,0,172.88140233800604,2.305437499287681e+19,0.20319247643683297,47112.72292520571,0.9521892856351557,4.552049667159696,0.034145599929615855,-1
93,22,latency_greedy,-2.2490718776642664,2.2490718776642664,1,4.490557095123181,2447.1415030917005,0.025174111046661497,1234.270093774318,0.9988311664678665,0.12092957774639987,0.0001034000888466835,-1
93,22,block_balanced,-3.7417300396736866,3.7417300396736866,1,9.475911572272754,70292.45232106202,0.04116619745078448,2592.798920426706,0.5442088594267827,0.25076724927151406,0.0001126001589000225,-1
93,22,pdp_aware_greedy,-2.181177263804083,2.181177263804083,1,4.603716278180146,2047.6588918302095,0.024325397210356467,1265.1779106170877,0.9988311664678665,0.1238827873376019,0.0046629998832941055,-1
93,22,local_search,-2.0554693608401267,2.0554693608401267,1,4.788842662941967,1474.8302527893889,0.023107957796922596,1315.6278608969985,0.961542248056888,0.1286059876037795,0.036887999856844544,-1
93,22,beam_search,-0.17325313315975188,0.17325313315975188,1,3.950555352152297,14.205499216491349,0.0006997178010866035,1087.1505401187069,0.961542248056888,0.10548207029775704,0.46905250009149313,-1
93,22,simulated_annealing,-2.0554693608401267,2.0554693608401267,1,4.788842662941967,1474.8302527893889,0.023107957796922596,1315.6278608969985,0.961542248056888,0.1286059876037795,0.010924699949100614,-1
93,22,block_beam_strong,-0.18005557633252023,0.18005557633252023,1,3.936915512478397,14.463934198534393,0.0007886416906076913,1083.4521471677385,0.8722679642666537,0.10584952295584506,3.7224513001274318,-1
93,22,block_lns_strong,-0.17325313315975188,0.17325313315975188,1,3.950555352152297,14.205499216491349,0.0006997178010866035,1087.1505401187069,0.961542248056888,0.10548207029775704,0.09305249992758036,-1
93,22,hybrid_heuristic,-0.17325313315975188,0.17325313315975188,1,3.950555352152297,14.205499216491349,0.0006997178010866035,1087.1505401187069,0.961542248056888,0.10548207029775704,0.025153599912300706,-1
93,23,autoreg_rl_pure,-0.172025339853782,0.172025339853782,1,5.0654768959353005,13.025911413499314,0.0002611182644741536,1284.308841267799,0.9552774336195189,0.11732767513744882,2.0934343999251723,953
93,23,random,-100.0,20.87818900231573,0,161.14663011864127,3.2535006831132534e+18,0.19434052302645935,40517.94120004033,0.9096601111953814,3.6935555419642316,0.03391240001656115,-1
93,23,latency_greedy,-2.8035824847254993,2.8035824847254993,1,7.304953037606046,7925.753799753819,0.03137241874110639,1847.2206665820408,0.9552774336195189,0.1688016586897461,0.00010549998842179775,-1
93,23,block_balanced,-4.016291822159245,4.016291822159245,1,10.60892648437771,128264.27283297534,0.04413099537719564,2677.8204769327535,0.6236272215990237,0.24402476410993443,0.00011179991997778416,-1
93,23,pdp_aware_greedy,-2.2073269118073813,2.2073269118073813,1,5.728394052264189,2009.1674324174537,0.025152375259043524,1450.9272745584394,0.9599461521841001,0.13254555903351609,0.0036556997802108526,-1
93,23,local_search,-2.2073269118073813,2.2073269118073813,1,5.728394052264189,2009.1674324174537,0.025152375259043524,1450.9272745584394,0.9599461521841001,0.13254555903351609,0.024543599924072623,-1
93,23,beam_search,-0.17086962861389485,0.17086962861389485,1,5.026953187939063,13.025911413499314,0.0002611182644741536,1274.6140278401303,0.946180084193115,0.1164461105708241,0.4984967999625951,-1
93,23,simulated_annealing,-2.2073269118073813,2.2073269118073813,1,5.728394052264189,2009.1674324174537,0.025152375259043524,1450.9272745584394,0.9599461521841001,0.13254555903351609,0.012338800122961402,-1
93,23,block_beam_strong,-0.172025339853782,0.172025339853782,1,5.0654768959353005,13.025911413499314,0.0002611182644741536,1284.308841267799,0.9552774336195189,0.11732767513744882,2.205593400169164,-1
93,23,block_lns_strong,-0.17086962861389485,0.17086962861389485,1,5.026953187939063,13.025911413499314,0.0002611182644741536,1274.6140278401303,0.946180084193115,0.1164461105708241,0.12032360001467168,-1
93,23,hybrid_heuristic,-0.17086962861389485,0.17086962861389485,1,5.026953187939063,13.025911413499314,0.0002611182644741536,1274.6140278401303,0.946180084193115,0.1164461105708241,0.023809999926015735,-1
93,24,autoreg_rl_pure,-0.12946119368853554,0.12946119368853554,1,4.305961151216488,12.397488041575755,3.911445866051914e-06,1035.6361161188404,0.9906802150055476,0.13170520275236697,0.3302388999145478,1024
93,24,random,-100.0,15.625600097481591,0,122.33832003852221,118438412745258.64,0.1427305043661202,29120.260757019198,0.7394125641151559,3.6791969561784335,0.033263999968767166,-1
93,24,latency_greedy,-1.8036179803775187,1.8036179803775187,1,5.668397408756124,735.6122327427724,0.019504771697179225,1359.7990301504396,0.993802328338265,0.1714092061022951,0.00010210019536316395,-1
93,24,block_balanced,-6.218114768756361,6.218114768756361,1,19.93193269806257,15668767.322823754,0.06797489042148552,4753.774377604213,0.5702600971926473,0.5989064387830062,0.00011539994738996029,-1
93,24,pdp_aware_greedy,-0.2463614170911444,0.2463614170911444,1,4.596898931766134,16.247257085055004,0.00126447140574457,1104.9063133800933,0.9845500708128018,0.1375585265761827,0.0042230000253766775,-1
93,24,local_search,-0.22743213906342108,0.22743213906342108,1,4.56603953889291,15.532201098598058,0.0011222437919828382,1097.5495759150426,0.9218259146386188,0.13663508390805224,0.03613449982367456,-1
93,24,beam_search,-0.12892349456627814,0.12892349456627814,1,4.283828336148139,12.401402711664833,4.27794031129858e-06,1030.3591396201907,0.944280199475905,0.13037543047435554,0.44007720006629825,-1
93,24,simulated_annealing,-0.22743213906342108,0.22743213906342108,1,4.56603953889291,15.532201098598058,0.0011222437919828382,1097.5495759150426,0.9218259146386188,0.13663508390805224,0.011526599992066622,-1
93,24,block_beam_strong,-0.12892349456627814,0.12892349456627814,1,4.283828336148139,12.401402711664833,4.27794031129858e-06,1030.3591396201907,0.944280199475905,0.13037543047435554,4.887307900004089,-1
93,24,block_lns_strong,-0.12892349456627814,0.12892349456627814,1,4.283828336148139,12.401402711664833,4.27794031129858e-06,1030.3591396201907,0.944280199475905,0.13037543047435554,0.1018316000699997,-1
93,24,hybrid_heuristic,-0.12892349456627814,0.12892349456627814,1,4.283828336148139,12.401402711664833,4.27794031129858e-06,1030.3591396201907,0.944280199475905,0.13037543047435554,0.024682299932464957,-1
93,25,autoreg_rl_pure,-0.13994197079326892,0.13994197079326892,1,4.420864452718817,12.617415850565017,0.0001085320519206846,1101.7509088508782,0.9613635323180838,0.08896310057741293,0.45048290002159774,1022
93,25,random,-100.0,17.3985037230901,0,158.8746090688839,643183772707824.2,0.15232126246356165,39208.13341468179,0.7425582409612242,3.1378041420185556,0.03423379990272224,-1
93,25,latency_greedy,-100.0,10.533113336680552,0,53.9716982465583,59052572896.248,0.10665815898604328,13326.696970840088,0.9998915039423755,1.0642030269329459,0.00010639987885951996,-1
93,25,block_balanced,-3.693162083959481,3.693162083959481,1,21.723337212217707,24845.772489345592,0.036338502615696926,5370.640411767679,0.5595052459482466,0.42886407953515143,0.00011230004020035267,-1
93,25,pdp_aware_greedy,-0.13994197079326892,0.13994197079326892,1,4.420864452718817,12.617415850565017,0.0001085320519206846,1101.7509088508782,0.9613635323180838,0.08896310057741293,0.004780299961566925,-1
93,25,local_search,-0.13994197079326892,0.13994197079326892,1,4.420864452718817,12.617415850565017,0.0001085320519206846,1101.7509088508782,0.9613635323180838,0.08896310057741293,0.02488779998384416,-1
93,25,beam_search,-0.13994197079326892,0.13994197079326892,1,4.420864452718817,12.617415850565017,0.0001085320519206846,1101.7509088508782,0.9613635323180838,0.08896310057741293,0.44807699997909367,-1
93,25,simulated_annealing,-0.13994197079326892,0.13994197079326892,1,4.420864452718817,12.617415850565017,0.0001085320519206846,1101.7509088508782,0.9613635323180838,0.08896310057741293,0.012200199998915195,-1
93,25,block_beam_strong,-0.13994197079326892,0.13994197079326892,1,4.420864452718817,12.617415850565017,0.0001085320519206846,1101.7509088508782,0.9613635323180838,0.08896310057741293,3.652215800015256,-1
93,25,block_lns_strong,-0.13994197079326892,0.13994197079326892,1,4.420864452718817,12.617415850565017,0.0001085320519206846,1101.7509088508782,0.9613635323180838,0.08896310057741293,0.09336000005714595,-1
93,25,hybrid_heuristic,-0.13994197079326892,0.13994197079326892,1,4.420864452718817,12.617415850565017,0.0001085320519206846,1101.7509088508782,0.9613635323180838,0.08896310057741293,0.02517209993675351,-1
93,26,autoreg_rl_pure,-0.2955344529614078,0.2955344529614078,1,5.155164647063589,17.619156731961976,0.0017089849745324985,1303.392118160828,0.9406259633549544,0.14201883077110447,0.3195847999304533,1024
93,26,random,-100.0,21.339425093607723,0,132.0759367756596,9.12062822355007e+19,0.20940214149457614,33111.5876329874,0.7489097259541219,3.5955561932302893,0.034053599927574396,-1
93,26,latency_greedy,-1.2309466505008873,1.2309466505008873,1,5.238807825009669,181.4978878221297,0.013069991658119189,1324.150604514864,0.9735492642253748,0.14289520261061542,0.0001020999625325203,-1
93,26,block_balanced,-3.6682472605194363,3.6682472605194363,1,10.328668431446953,54871.863735322855,0.04002557202990492,2600.069746897089,0.5259808047763435,0.2817008614795962,0.0001276000402867794,-1
93,26,pdp_aware_greedy,-1.667173384053829,1.667173384053829,1,5.634634062156811,524.331376524829,0.018420337111590995,1423.5449122246482,0.9735492642253748,0.1543989125770566,0.0040670998860150576,-1
93,26,local_search,-1.2226925446543246,1.2226925446543246,1,5.229584791234537,177.9140341129277,0.012766942979593807,1321.8439599507644,0.9582875306908519,0.14284276127525555,0.03582069999538362,-1
93,26,beam_search,-0.9637354511143263,0.9637354511143263,1,5.23656532211481,93.07300689332445,0.009900860873029198,1323.762839812175,0.9735492642253748,0.1418663465617574,0.4864835001062602,-1
93,26,simulated_annealing,-1.2226925446543246,1.2226925446543246,1,5.229584791234537,177.9140341129277,0.012766942979593807,1321.8439599507644,0.9582875306908519,0.14284276127525555,0.011799300089478493,-1
93,26,block_beam_strong,-0.2955344529614078,0.2955344529614078,1,5.155164647063589,17.619156731961976,0.0017089849745324985,1303.392118160828,0.9406259633549544,0.14201883077110447,5.800821699900553,-1
93,26,block_lns_strong,-0.29233406650547344,0.29233406650547344,1,5.048485098532442,17.619156731961976,0.0017089849745324985,1276.6346305275101,0.8999003941538739,0.13912118436659882,0.10430180002003908,-1
93,26,hybrid_heuristic,-0.29233406650547344,0.29233406650547344,1,5.048485098532442,17.619156731961976,0.0017089849745324985,1276.6346305275101,0.8999003941538739,0.13912118436659882,0.02386289997957647,-1
93,27,autoreg_rl_pure,-0.1400872038541605,0.1400872038541605,1,4.667189239585655,12.390955280332003,1.0257107430505728e-06,1031.6052006676803,0.9974174500651447,0.08979747780125476,1.7231125000398606,996
93,27,random,-100.0,15.860549299433162,0,114.84121298129973,373922716607239.2,0.14964849018822954,25117.331505352435,0.6328220982640007,2.161304983687522,0.033058299915865064,-1
93,27,latency_greedy,-0.5724879689039437,0.5724879689039437,1,4.80141635150537,36.158124693037536,0.005216797159023605,1060.431120728776,0.9757678254399115,0.09208400661182796,0.00010990002192556858,-1
93,27,block_balanced,-0.7871211029388561,0.7871211029388561,1,7.179113663910691,51.73617307410681,0.006788349360116573,1580.5508172169666,0.6155266565049355,0.1359318897678822,0.0001113000325858593,-1
93,27,pdp_aware_greedy,-0.5724879689039437,0.5724879689039437,1,4.80141635150537,36.158124693037536,0.005216797159023605,1060.431120728776,0.9757678254399115,0.09208400661182796,0.004053100012242794,-1
93,27,local_search,-0.5724879689039437,0.5724879689039437,1,4.80141635150537,36.158124693037536,0.005216797159023605,1060.431120728776,0.9757678254399115,0.09208400661182796,0.024399199988693,-1
93,27,beam_search,-0.4555928333890247,0.4555928333890247,1,3.996058485939791,28.6761473363334,0.004088918921629898,884.4325448260493,0.9974174500651447,0.07487448053645367,0.49356969981454313,-1
93,27,simulated_annealing,-0.5724879689039437,0.5724879689039437,1,4.80141635150537,36.158124693037536,0.005216797159023605,1060.431120728776,0.9757678254399115,0.09208400661182796,0.012828900013118982,-1
93,27,block_beam_strong,-0.1400872038541605,0.1400872038541605,1,4.667189239585655,12.390955280332003,1.0257107430505728e-06,1031.6052006676803,0.9974174500651447,0.08979747780125476,2.4970979001373053,-1
93,27,block_lns_strong,-0.1400872038541605,0.1400872038541605,1,4.667189239585655,12.390955280332003,1.0257107430505728e-06,1031.6052006676803,0.9974174500651447,0.08979747780125476,0.10020800004713237,-1
93,27,hybrid_heuristic,-0.1400872038541605,0.1400872038541605,1,4.667189239585655,12.390955280332003,1.0257107430505728e-06,1031.6052006676803,0.9974174500651447,0.08979747780125476,0.02480040001682937,-1
93,28,autoreg_rl_pure,-0.12779092384470464,0.12779092384470464,1,4.259697459901751,12.38873977058125,5.425018440726279e-13,1217.748630716215,0.9327009058750328,0.1089600294540396,0.33426469983533025,1024
93,28,random,-100.0,22.67782771223037,0,156.0568483203134,4.286162341912824e+20,0.21591860316393324,44216.80708400993,0.8558332105843446,4.0070223261885936,0.033988900016993284,-1
93,28,latency_greedy,-0.5653748427762242,0.5653748427762242,1,4.735958781958672,35.69562653328701,0.005194477291751839,1352.6569046125362,0.9327009058750328,0.12114245512338251,0.0001026000827550888,-1
93,28,block_balanced,-0.8570285531358951,0.8570285531358951,1,8.434522348237683,56.07949196868183,0.007132709292425607,2400.5249636518715,0.5995487017765457,0.21676578476224653,0.00011690007522702217,-1
93,28,pdp_aware_greedy,-0.7000260590635818,0.7000260590635818,1,4.826731183789573,49.64254786099008,0.006749178969583622,1378.4763505174035,0.9221872681528468,0.1234643485607012,0.003962700022384524,-1
93,28,local_search,-0.5653748427762242,0.5653748427762242,1,4.735958781958672,35.69562653328701,0.005194477291751839,1352.6569046125362,0.9327009058750328,0.12114245512338251,0.023738699965178967,-1
93,28,beam_search,-0.12779092384470464,0.12779092384470464,1,4.259697459901751,12.38873977058125,5.425018440726279e-13,1217.748630716215,0.9327009058750328,0.1089600294540396,0.4547174000181258,-1
93,28,simulated_annealing,-0.5653748427762242,0.5653748427762242,1,4.735958781958672,35.69562653328701,0.005194477291751839,1352.6569046125362,0.9327009058750328,0.12114245512338251,0.011449000099673867,-1
93,28,block_beam_strong,-0.12779092384470464,0.12779092384470464,1,4.259697459901751,12.38873977058125,5.425018440726279e-13,1217.748630716215,0.9327009058750328,0.1089600294540396,3.314402899937704,-1
93,28,block_lns_strong,-0.12779092384470464,0.12779092384470464,1,4.259697459901751,12.38873977058125,5.425018440726279e-13,1217.748630716215,0.9327009058750328,0.1089600294540396,0.1010358000639826,-1
93,28,hybrid_heuristic,-0.12779092384470464,0.12779092384470464,1,4.259697459901751,12.38873977058125,5.425018440726279e-13,1217.748630716215,0.9327009058750328,0.1089600294540396,0.025424799881875515,-1
93,29,autoreg_rl_pure,-0.14273504079686863,0.14273504079686863,1,4.757489828082028,12.38906020659145,1.0557591406988416e-07,1233.2079083414608,0.966066215905384,0.12190141677926196,0.3246220999862999,1024
93,29,random,-100.0,13.09570597517883,0,119.34699560506648,265539181891.1036,0.11486466339288517,30664.486101547176,0.6727131408402368,3.06523444733463,0.03221360011957586,-1
93,29,latency_greedy,-1.3716372671926893,1.3716372671926893,1,4.402170425349043,274.7106502969887,0.0149703995564004,1141.4694500237858,0.9991403635626547,0.11279704868442275,0.0001029998529702425,-1
93,29,block_balanced,-4.163099220219367,4.163099220219367,1,10.080602735565137,192623.12185293305,0.04660135800991223,2600.3102579359643,0.5648018546275565,0.25970589228866964,0.00011690007522702217,-1
93,29,pdp_aware_greedy,-0.3839668177460538,0.3839668177460538,1,4.1485568245687645,23.702090699983625,0.003136414589262338,1076.4049696899629,0.9866822318458641,0.10629869380258587,0.00464350008405745,-1
93,29,local_search,-0.3839668177460538,0.3839668177460538,1,4.1485568245687645,23.702090699983625,0.003136414589262338,1076.4049696899629,0.9866822318458641,0.10629869380258587,0.02427289984188974,-1
93,29,beam_search,-0.2869887127634555,0.2869887127634555,1,5.276404720977842,17.09061367232657,0.001559826579898582,1366.0833672656245,0.9901242593505838,0.13519760088426516,0.49954660004004836,-1
93,29,simulated_annealing,-0.3839668177460538,0.3839668177460538,1,4.1485568245687645,23.702090699983625,0.003136414589262338,1076.4049696899629,0.9866822318458641,0.10629869380258587,0.0108988001011312,-1
93,29,block_beam_strong,-0.13746028748926933,0.13746028748926933,1,4.5817689779399,12.388963330610618,9.81710283827135e-08,1188.00624883475,0.9553394907479434,0.11739891202065116,4.541448900010437,-1
93,29,block_lns_strong,-0.13518151006851117,0.13518151006851117,1,4.505775333648407,12.388995291327362,8.707485719103571e-08,1168.4635349468942,0.9600085126037542,0.1154517228011028,0.11025739996694028,-1
93,29,hybrid_heuristic,-0.13518151006851117,0.13518151006851117,1,4.505775333648407,12.388995291327362,8.707485719103571e-08,1168.4635349468942,0.9600085126037542,0.1154517228011028,0.02419399982318282,-1
93,30,autoreg_rl_pure,-0.2712503907608975,0.2712503907608975,1,6.023216796221235,15.536198591024181,0.0011180920606130335,1601.599579741769,0.9587980443091875,0.16839369549476668,0.3345282000955194,1024
93,30,random,-100.0,7.3557385520394085,0,72.87542479913272,5078251.142934553,0.06186779743667954,19252.97203950323,0.7986516563291627,2.0135378596044786,0.034282500157132745,-1
93,30,latency_greedy,-1.4919470962263166,1.4919470962263166,1,6.639452587454555,313.7814653619679,0.01582668610288847,1764.2517331700224,0.9587980443091875,0.1855506849526603,0.0001534000039100647,-1
93,30,block_balanced,-1.9819677651833014,1.9819677651833014,1,9.428246838543302,866.6098512864035,0.02018837667909504,2500.758526549575,0.6279434370956252,0.26171999914165783,0.0001221999991685152,-1
93,30,pdp_aware_greedy,-0.7168699762539406,0.7168699762539406,1,6.24655910732619,46.54739237831886,0.006350071679338015,1660.5694055904705,0.9587980443091875,0.17456784962706534,0.004236599896103144,-1
93,30,local_search,-0.7004597834290978,0.7004597834290978,1,6.311164711176136,44.46045232124794,0.006282568290279959,1677.6630631737225,0.9587980443091875,0.17634516423216487,0.03585560014471412,-1
93,30,beam_search,-0.2712503907608975,0.2712503907608975,1,6.023216796221235,15.536198591024181,0.0011180920606130335,1601.599579741769,0.9587980443091875,0.16839369549476668,0.47885879990644753,-1
93,30,simulated_annealing,-0.7004597834290978,0.7004597834290978,1,6.311164711176136,44.46045232124794,0.006282568290279959,1677.6630631737225,0.9587980443091875,0.17634516423216487,0.012721599778160453,-1
93,30,block_beam_strong,-0.29046329759361483,0.29046329759361483,1,6.541098577737033,15.67965210618882,0.001144652041314195,1738.488713902163,0.9259223055109066,0.1820201824760627,2.2254661000333726,-1
93,30,block_lns_strong,-0.2712503907608975,0.2712503907608975,1,6.023216796221235,15.536198591024181,0.0011180920606130335,1601.599579741769,0.9587980443091875,0.16839369549476668,0.09296829998493195,-1
93,30,hybrid_heuristic,-0.2712503907608975,0.2712503907608975,1,6.023216796221235,15.536198591024181,0.0011180920606130335,1601.599579741769,0.9587980443091875,0.16839369549476668,0.025127700064331293,-1
93,31,autoreg_rl_pure,-0.4384093126634894,0.4384093126634894,1,5.994549182424958,23.646617226658933,0.003143961596610728,1524.035916405833,0.9308973484522888,0.15775824178080708,0.5836832001805305,1017
93,31,random,-100.0,16.237523352127567,0,175.0239472629204,10514751716797.072,0.13346361791462355,44179.11669658944,0.9052822626251662,4.594241867084712,0.03586309985257685,-1
93,31,latency_greedy,-2.289774840126642,2.289774840126642,1,6.900160988605295,2261.340375779961,0.025152118798481397,1752.4108868031942,0.9328476662348539,0.18215287209996564,0.0001091999001801014,-1
93,31,block_balanced,-4.74556659892146,4.74556659892146,1,13.146918565851545,656504.9953648315,0.05189535306102702,3329.052297587277,0.695051425018402,0.3446744692953595,0.00011439993977546692,-1
93,31,pdp_aware_greedy,-1.8397049579817875,1.8397049579817875,1,6.418657338701415,761.0134801744978,0.019893169820517018,1630.9020694459193,0.9328476662348539,0.1692948918424009,0.0033124000765383244,-1
93,31,local_search,-1.8397049579817875,1.8397049579817875,1,6.418657338701415,761.0134801744978,0.019893169820517018,1630.9020694459193,0.9328476662348539,0.1692948918424009,0.024868200067430735,-1
93,31,beam_search,-1.96128161591604,1.96128161591604,1,10.134527862361653,780.4747801691511,0.020021252443710134,2568.6136244586924,0.9271626860978621,0.26680156973720776,0.482411399949342,-1
93,31,simulated_annealing,-1.8397049579817875,1.8397049579817875,1,6.418657338701415,761.0134801744978,0.019893169820517018,1630.9020694459193,0.9328476662348539,0.1692948918424009,0.012228300096467137,-1
93,31,block_beam_strong,-0.440496135832386,0.440496135832386,1,6.096325876841913,23.589551377083772,0.003253152761743896,1549.654740008653,0.9328476662348539,0.16087601474530064,1.4370562001131475,-1
93,31,block_lns_strong,-0.440496135832386,0.440496135832386,1,6.096325876841913,23.589551377083772,0.003253152761743896,1549.654740008653,0.9328476662348539,0.16087601474530064,0.12687269994057715,-1
93,31,hybrid_heuristic,-0.440496135832386,0.440496135832386,1,6.096325876841913,23.589551377083772,0.003253152761743896,1549.654740008653,0.9328476662348539,0.16087601474530064,0.02581120003014803,-1
93,32,autoreg_rl_pure,-0.2970275175010778,0.2970275175010778,1,6.3312058294134035,16.191984461495434,0.001276022592981377,1743.7018114710916,0.9983762428268763,0.16667592549969426,2.9047401999123394,1004
93,32,random,-100.0,25.42815717238541,0,218.63802272101614,3.80015650317158e+21,0.22759736807898212,59831.92647360494,0.8143943389774991,5.710082271635563,0.033201499842107296,-1
93,32,latency_greedy,-3.313708719694229,3.313708719694229,1,6.981268947109161,29070.075918338003,0.03725358123868103,1921.2946112271902,0.9510596094538866,0.18170872084300224,0.00010359985753893852,-1
93,32,block_balanced,-5.396437836785117,5.396437836785117,1,13.041379841636775,3367829.672465177,0.060455253764940216,3579.638371069153,0.5854283045418144,0.3404539149942541,0.00011450005695223808,-1
93,32,pdp_aware_greedy,-2.833134656117765,2.833134656117765,1,5.966139167473612,9434.836982047042,0.03226220017665305,1643.8176730229409,0.9983762428268763,0.15731744404636566,0.00415279995650053,-1
93,32,local_search,-2.214192810688457,2.214192810688457,1,9.118991453448178,1585.0094439624952,0.023275616653694133,2506.378849112415,0.9510596094538866,0.2392719167447887,0.0377700999379158,-1
93,32,beam_search,-0.2970275175010778,0.2970275175010778,1,6.3312058294134035,16.191984461495434,0.001276022592981377,1743.7018114710916,0.9983762428268763,0.16667592549969426,0.47980790003202856,-1
93,32,simulated_annealing,-2.214192810688457,2.214192810688457,1,9.118991453448178,1585.0094439624952,0.023275616653694133,2506.378849112415,0.9510596094538866,0.2392719167447887,0.011006999993696809,-1
93,32,block_beam_strong,-0.356513556827586,0.356513556827586,1,5.3496952925005266,20.22348842186604,0.002354890290858401,1475.155420966956,0.9983762428268763,0.14107453922090105,2.974768199957907,-1
93,32,block_lns_strong,-0.2970275175010778,0.2970275175010778,1,6.3312058294134035,16.191984461495434,0.001276022592981377,1743.7018114710916,0.9983762428268763,0.16667592549969426,0.10269410000182688,-1
93,32,hybrid_heuristic,-0.2970275175010778,0.2970275175010778,1,6.3312058294134035,16.191984461495434,0.001276022592981377,1743.7018114710916,0.9983762428268763,0.16667592549969426,0.02582430001348257,-1
93,33,autoreg_rl_pure,-0.31052273157112165,0.31052273157112165,1,4.336806204778332,19.44975241128441,0.00217466519614656,1185.793210926567,0.9616913835478799,0.11333385626543918,1.3820042998995632,1024
93,33,random,-100.0,22.256660187126855,0,161.68639261958623,9.804507524181266e+19,0.21090471824414683,43813.95339301049,0.9066599614064155,4.184104046564698,0.033757299883291125,-1
93,33,latency_greedy,-1.9316757322767728,1.9316757322767728,1,5.117996432036881,1055.8776282435706,0.021047885983693917,1397.3848005723203,0.9616913835478799,0.13471253334024594,0.00010309997014701366,-1
93,33,block_balanced,-4.634801282083767,4.634801282083767,1,10.743748677498738,596008.3948780071,0.051782329183004745,2921.79694013047,0.5680438224959781,0.2794159247886337,0.0001151000615209341,-1
93,33,pdp_aware_greedy,-1.116451332167699,1.116451332167699,1,6.1844782682619,126.9864562685025,0.011183517261713946,1686.512221019389,0.9405997566323906,0.16210338505812866,0.0038280999287962914,-1
93,33,local_search,-0.9353513941321778,0.9353513941321778,1,6.113682923097102,81.17767273301055,0.009222327351063157,1667.372170133257,0.936025129674786,0.16009400456571604,0.0373452000785619,-1
93,33,beam_search,-0.31052273157112165,0.31052273157112165,1,4.336806204778332,19.44975241128441,0.00217466519614656,1185.793210926567,0.9616913835478799,0.11333385626543918,0.46426099981181324,-1
93,33,simulated_annealing,-0.8186436518338118,0.8186436518338118,1,6.267734538344314,59.93837889890277,0.007634998349531312,1709.1634725030513,0.9066599614064155,0.1640726142495487,0.012489499989897013,-1
93,33,block_beam_strong,-0.31052273157112165,0.31052273157112165,1,4.336806204778332,19.44975241128441,0.00217466519614656,1185.793210926567,0.9616913835478799,0.11333385626543918,3.5183308001141995,-1
93,33,block_lns_strong,-0.31052273157112165,0.31052273157112165,1,4.336806204778332,19.44975241128441,0.00217466519614656,1185.793210926567,0.9616913835478799,0.11333385626543918,0.10269360011443496,-1
93,33,hybrid_heuristic,-0.31052273157112165,0.31052273157112165,1,4.336806204778332,19.44975241128441,0.00217466519614656,1185.793210926567,0.9616913835478799,0.11333385626543918,0.026294099865481257,-1
93,34,autoreg_rl_pure,-0.11975794382222096,0.11975794382222096,1,3.989287060706915,12.39119707156552,8.285514764172402e-07,935.8377713962468,0.9990640993782149,0.12484476301553488,0.38904160005040467,1024
93,34,random,-100.0,20.698978262942262,0,152.70607132344242,3.9147309770165745e+18,0.19480043454966872,35415.51366271544,0.7131193250586274,4.681970316261488,0.034699699841439724,-1
93,34,latency_greedy,-3.588547493974383,3.588547493974383,1,13.704745507140531,34902.04836299009,0.038275121847075655,3188.1137571240324,0.9990640993782149,0.4234185587005556,0.00010739988647401333,-1
93,34,block_balanced,-4.799932006579243,4.799932006579243,1,17.158789101756607,556659.3827357725,0.051248259301148555,3989.1850991288675,0.5787087728799989,0.5272435810157973,0.00011099991388618946,-1
93,34,pdp_aware_greedy,-0.12584347043134678,0.12584347043134678,1,4.182789483614402,12.39988801751126,4.21281097143418e-06,980.7491376532535,0.9412834507656096,0.1307596452966776,0.005001400131732225,-1
93,34,local_search,-0.12584347043134678,0.12584347043134678,1,4.182789483614402,12.39988801751126,4.21281097143418e-06,980.7491376532535,0.9412834507656096,0.1307596452966776,0.024564200080931187,-1
93,34,beam_search,-0.12584347043134678,0.12584347043134678,1,4.182789483614402,12.39988801751126,4.21281097143418e-06,980.7491376532535,0.9412834507656096,0.1307596452966776,0.48996619996614754,-1
93,34,simulated_annealing,-0.12584347043134678,0.12584347043134678,1,4.182789483614402,12.39988801751126,4.21281097143418e-06,980.7491376532535,0.9412834507656096,0.1307596452966776,0.01137910014949739,-1
93,34,block_beam_strong,-0.11975794382222096,0.11975794382222096,1,3.989287060706915,12.39119707156552,8.285514764172402e-07,935.8377713962468,0.9990640993782149,0.12484476301553488,3.8167216000147164,-1
93,34,block_lns_strong,-0.11975794382222096,0.11975794382222096,1,3.989287060706915,12.39119707156552,8.285514764172402e-07,935.8377713962468,0.9990640993782149,0.12484476301553488,0.09691710001789033,-1
93,34,hybrid_heuristic,-0.11975794382222096,0.11975794382222096,1,3.989287060706915,12.39119707156552,8.285514764172402e-07,935.8377713962468,0.9990640993782149,0.12484476301553488,0.025253500090911984,-1
93,35,autoreg_rl_pure,-0.12883347041017712,0.12883347041017712,1,4.204120070568167,12.47295434274587,3.58935009016953e-05,1145.914645606089,0.9863113443831926,0.11932163670015643,0.3201689999550581,1024
93,35,random,-100.0,24.566201308615312,0,185.17552761880683,5.418612162967307e+21,0.22803676109805668,50000.5172600148,0.8279369199436,5.1630426459873755,0.03410750022158027,-1
93,35,latency_greedy,-3.6496121755269813,3.6496121755269813,1,5.676858876563527,74239.67575989605,0.04242534683957696,1543.379480169658,0.9863113443831926,0.15774782606777213,0.00010720011778175831,-1
93,35,block_balanced,-3.2681569053623445,3.2681569053623445,1,10.18578127096092,20399.111908769886,0.03514464618039064,2760.8004866124375,0.5538568173459899,0.28531436312956676,0.00011030002497136593,-1
93,35,pdp_aware_greedy,-0.2138451169544957,0.2138451169544957,1,4.362264430861449,15.244685293829784,0.0010239111540700481,1188.6068399032251,0.9863113443831926,0.12350498784047265,0.004409499932080507,-1
93,35,local_search,-0.18750779208808965,0.18750779208808965,1,4.345511225906216,14.291202171843418,0.0007100761806051874,1184.1052676296274,0.9155764570679978,0.12372441730148777,0.034606900066137314,-1
93,35,beam_search,-0.12883347041017712,0.12883347041017712,1,4.204120070568167,12.47295434274587,3.58935009016953e-05,1145.914645606089,0.9863113443831926,0.11932163670015643,0.46240260009653866,-1
93,35,simulated_annealing,-0.18750779208808965,0.18750779208808965,1,4.345511225906216,14.291202171843418,0.0007100761806051874,1184.1052676296274,0.9155764570679978,0.12372441730148777,0.011081199860200286,-1
93,35,block_beam_strong,-0.1297426145409448,0.1297426145409448,1,4.2092800307609,12.496498823597264,3.826378856756571e-05,1147.3105861904235,0.9863113443831926,0.12014970197971264,4.744639300042763,-1
93,35,block_lns_strong,-0.12883347041017712,0.12883347041017712,1,4.204120070568167,12.47295434274587,3.58935009016953e-05,1145.914645606089,0.9863113443831926,0.11932163670015643,0.0996551001444459,-1
93,35,hybrid_heuristic,-0.12883347041017712,0.12883347041017712,1,4.204120070568167,12.47295434274587,3.58935009016953e-05,1145.914645606089,0.9863113443831926,0.11932163670015643,0.025528399972245097,-1
93,36,autoreg_rl_pure,-0.657312241825863,0.657312241825863,1,5.98811826278665,40.89303322622632,0.005796539096424733,1736.073223735791,0.9657340765994522,0.16095984797433258,2.224988700123504,1024
93,36,random,-100.0,27.609052935485288,0,251.75801606227367,7.394208547578184e+22,0.24270421467330416,72534.92322001589,0.673195732664638,6.73266221462059,0.03509650006890297,-1
93,36,latency_greedy,-2.665518290307942,2.665518290307942,1,7.290553860777356,5618.343581904985,0.02953440197239291,2110.9698750450175,0.9863497176209287,0.19710490887864598,0.0001050999853760004,-1
93,36,block_balanced,-4.870558089314354,4.870558089314354,1,14.126471416743676,833757.4768827461,0.05427476573669202,4080.493066039746,0.6203592243293767,0.37927368804671946,0.00010990002192556858,-1
93,36,pdp_aware_greedy,-1.8252415478094248,1.8252415478094248,1,6.3038141311017135,740.3372211164422,0.019712956192418106,1827.0944315519687,0.9972385643550394,0.16984941169911622,0.003869200125336647,-1
93,36,local_search,-1.7611999705837589,1.7611999705837589,1,6.330005869949458,629.5702621929561,0.019324515782557602,1834.6489622967672,0.9863497176209287,0.17054777559615772,0.036182899959385395,-1
93,36,beam_search,-1.4420333923593853,1.4420333923593853,1,8.250098441393746,245.45510890025977,0.014548058939351297,2387.8350077301766,0.9863497176209287,0.22180396011516115,0.5365648998413235,-1
93,36,simulated_annealing,-1.7611999705837589,1.7611999705837589,1,6.330005869949458,629.5702621929561,0.019324515782557602,1834.6489622967672,0.9863497176209287,0.17054777559615772,0.012398800114169717,-1
93,36,block_beam_strong,-0.654623605270106,0.654623605270106,1,4.457062744190489,45.561692389481316,0.0063188323167262745,1294.8472188200126,0.9610372083411546,0.11876924863826954,2.2644198001362383,-1
93,36,block_lns_strong,-0.654623605270106,0.654623605270106,1,4.457062744190489,45.561692389481316,0.0063188323167262745,1294.8472188200126,0.9610372083411546,0.11876924863826954,0.085458799963817,-1
93,36,hybrid_heuristic,-0.654623605270106,0.654623605270106,1,4.457062744190489,45.561692389481316,0.0063188323167262745,1294.8472188200126,0.9610372083411546,0.11876924863826954,0.02378839999437332,-1
93,37,autoreg_rl_pure,-0.4098093754662733,0.4098093754662733,1,4.570680929773472,24.49601241786833,0.0033079423853523424,1156.947270038049,0.9457794914991209,0.10079706172032749,0.7360161000397056,1024
93,37,random,-100.0,18.786456756669825,0,155.40019687610518,2.681975406493294e+16,0.1689749104287533,38969.798030415295,0.8544585417646299,3.438733059956527,0.033319899812340736,-1
93,37,latency_greedy,-4.902743322985043,4.902743322985043,1,8.217985298294003,1407460.2358880856,0.056928767078221566,2071.17823442138,0.9689167158595323,0.18123093343335575,0.00010279985144734383,-1
93,37,block_balanced,-9.585831977637655,9.585831977637655,1,18.66182762235544,78137102838.27042,0.10930362014576817,4689.66429298511,0.6056746735241341,0.4133253475513063,0.00011060014367103577,-1
93,37,pdp_aware_greedy,-1.2616969857045994,1.2616969857045994,1,4.906774104153184,200.9432205580817,0.013679402917708958,1241.2400640356666,0.9903172336824252,0.10820891237502014,0.004161600023508072,-1
93,37,local_search,-1.2263547192391584,1.2263547192391584,1,4.758132747999914,186.01267543940781,0.013360052249471382,1203.984962197623,0.9903172336824252,0.10493092990794889,0.03532819985412061,-1
93,37,beam_search,-0.7497689184902273,0.7497689184902273,1,4.73647802688355,56.598043706723864,0.0074587333891115255,1198.5750226182745,0.9903172336824252,0.10445337912406363,0.47236960008740425,-1
93,37,simulated_annealing,-1.2263547192391584,1.2263547192391584,1,4.758132747999914,186.01267543940781,0.013360052249471382,1203.984962197623,0.9903172336824252,0.10493092990794889,0.011895699892193079,-1
93,37,block_beam_strong,-0.4098093754662733,0.4098093754662733,1,4.570680929773472,24.49601241786833,0.0033079423853523424,1156.947270038049,0.9457794914991209,0.10079706172032749,2.6609177000354975,-1
93,37,block_lns_strong,-0.4098093754662733,0.4098093754662733,1,4.570680929773472,24.49601241786833,0.0033079423853523424,1156.947270038049,0.9457794914991209,0.10079706172032749,0.09047739999368787,-1
93,37,hybrid_heuristic,-0.4098093754662733,0.4098093754662733,1,4.570680929773472,24.49601241786833,0.0033079423853523424,1156.947270038049,0.9457794914991209,0.10079706172032749,0.02410089992918074,-1
93,38,autoreg_rl_pure,-0.15536770888530643,0.15536770888530643,1,4.491002097415168,13.04470222825565,0.0002644868502085758,1180.8404883403186,0.9733449675504496,0.13908307239816545,1.0800279001705348,1001
93,38,random,-100.0,23.2819468881049,0,157.2855224727635,1.7699548872774994e+21,0.2213214083610394,40977.95462231856,0.6220963755747052,4.788321090048974,0.03351750015281141,-1
93,38,latency_greedy,-1.9319723232024517,1.9319723232024517,1,7.235259537693345,901.5128707648415,0.020828144801682366,1895.4578037924261,0.9699612708899048,0.22115701141823924,0.00010380009189248085,-1
93,38,block_balanced,-5.575444765402939,5.575444765402939,1,14.731275483504136,4641528.22662299,0.062014278158165854,3848.0736996575683,0.5552303538401012,0.44970244557486033,0.00011560018174350262,-1
93,38,pdp_aware_greedy,-0.3074627619691709,0.3074627619691709,1,4.43288367631787,19.16294767798707,0.0021808949714493204,1165.5814547173502,0.9945732664988532,0.13776073561934063,0.004288099939003587,-1
93,38,local_search,-0.3074627619691709,0.3074627619691709,1,4.43288367631787,19.16294767798707,0.0021808949714493204,1165.5814547173502,0.9945732664988532,0.13776073561934063,0.02442750008776784,-1
93,38,beam_search,-0.15536770888530643,0.15536770888530643,1,4.491002097415168,13.04470222825565,0.0002644868502085758,1180.8404883403186,0.9733449675504496,0.13908307239816545,0.45086609991267323,-1
93,38,simulated_annealing,-0.3074627619691709,0.3074627619691709,1,4.43288367631787,19.16294767798707,0.0021808949714493204,1165.5814547173502,0.9945732664988532,0.13776073561934063,0.011327799875289202,-1
93,38,block_beam_strong,-0.15557045309172507,0.15557045309172507,1,4.499933855459026,13.042575836782767,0.0002701157372859367,1183.1831706820665,0.9225410173856634,0.13935427690469107,4.0119001001585275,-1
93,38,block_lns_strong,-0.15536770888530643,0.15536770888530643,1,4.491002097415168,13.04470222825565,0.0002644868502085758,1180.8404883403186,0.9733449675504496,0.13908307239816545,0.09708729991689324,-1
93,38,hybrid_heuristic,-0.15536770888530643,0.15536770888530643,1,4.491002097415168,13.04470222825565,0.0002644868502085758,1180.8404883403186,0.9733449675504496,0.13908307239816545,0.024698900058865547,-1
93,39,autoreg_rl_pure,-0.13520810696683305,0.13520810696683305,1,4.506398214833958,12.389240300464595,2.9657323365039006e-07,1168.957487402367,0.9140306876781662,0.10404266688957121,0.3273861000780016,1024
93,39,random,-100.0,8.778693242826675,0,118.39735254345169,5860348.572962757,0.06243255681647618,30427.34352792171,0.9095852799535239,2.6815401879274976,0.0342355000320822,-1
93,39,latency_greedy,-2.9837585069197337,2.9837585069197337,1,4.642840142203075,15183.600858905067,0.03458870946799291,1203.4047154639393,0.9871311461432946,0.10695954152797765,0.00011159991845488548,-1
93,39,block_balanced,-2.3602155198970416,2.3602155198970416,1,8.722330267296833,2352.30742082996,0.024964386438232324,2251.788336344612,0.6164367829860199,0.1989374219008238,0.00011399993672966957,-1
93,39,pdp_aware_greedy,-0.2712916584425039,0.2712916584425039,1,5.285501716087538,16.421714178072612,0.0014362139606438951,1368.8457588819997,0.9871311461432946,0.11941473024460236,0.003734600031748414,-1
93,39,local_search,-0.2712916584425039,0.2712916584425039,1,5.285501716087538,16.421714178072612,0.0014362139606438951,1368.8457588819997,0.9871311461432946,0.11941473024460236,0.025686200009658933,-1
93,39,beam_search,-0.1413683022144715,0.1413683022144715,1,4.577803231005275,12.51431876757151,7.859110512939989e-05,1187.2708407466214,0.9442652057241783,0.10600001292129825,0.47498279996216297,-1
93,39,simulated_annealing,-0.2712916584425039,0.2712916584425039,1,5.285501716087538,16.421714178072612,0.0014362139606438951,1368.8457588819997,0.9871311461432946,0.11941473024460236,0.012144600041210651,-1
93,39,block_beam_strong,-0.13622496055231656,0.13622496055231656,1,4.5406388769124275,12.388919228887081,3.125377784675041e-07,1177.7251037862727,0.9409826007590357,0.10499039152843342,2.5413784000556916,-1
93,39,block_lns_strong,-0.13520810696683305,0.13520810696683305,1,4.506398214833958,12.389240300464595,2.9657323365039006e-07,1168.957487402367,0.9140306876781662,0.10404266688957121,0.1037959000095725,-1
93,39,hybrid_heuristic,-0.13520810696683305,0.13520810696683305,1,4.506398214833958,12.389240300464595,2.9657323365039006e-07,1168.957487402367,0.9140306876781662,0.10404266688957121,0.025042599998414516,-1
93,40,autoreg_rl_pure,-0.10958943993421941,0.10958943993421941,1,3.6371562145358887,12.403452492381694,5.702491981927734e-06,777.1705695862453,0.9991703655968247,0.10025413478333058,1.365084100048989,1022
93,40,random,-100.0,18.083396654401195,0,114.2817584065215,1.0102533606584933e+17,0.17653284333696237,24091.900670218038,0.7726393946295692,3.164361816877487,0.03358180006034672,-1
93,40,latency_greedy,-2.8694098463353774,2.8694098463353774,1,7.797564592156916,9004.63972376401,0.03150614544650596,1653.830625376415,0.9991703655968247,0.21493112901766787,0.00010760012082755566,-1
93,40,block_balanced,-3.906679181832635,3.906679181832635,1,9.056574320983467,109561.66905499819,0.04430613371139484,1919.4290784175892,0.5496431862898034,0.2516178016038455,0.00011719996109604836,-1
93,40,pdp_aware_greedy,-0.9850854470947535,0.9850854470947535,1,4.027819577547399,107.49186027597226,0.010519641900020735,859.4963260951071,0.9545472104623841,0.11102233255656337,0.004261299967765808,-1
93,40,local_search,-0.9850854470947535,0.9850854470947535,1,4.027819577547399,107.49186027597226,0.010519641900020735,859.4963260951071,0.9545472104623841,0.11102233255656337,0.024600400123745203,-1
93,40,beam_search,-0.10958943993421941,0.10958943993421941,1,3.6371562145358887,12.403452492381694,5.702491981927734e-06,777.1705695862453,0.9991703655968247,0.10025413478333058,0.48443469987250865,-1
93,40,simulated_annealing,-0.9850854470947535,0.9850854470947535,1,4.027819577547399,107.49186027597226,0.010519641900020735,859.4963260951071,0.9545472104623841,0.11102233255656337,0.011307199951261282,-1
93,40,block_beam_strong,-0.10984543968838098,0.10984543968838098,1,3.6459846761284895,12.403177942096486,6.037900484294401e-06,779.0453592625367,0.9991703655968247,0.1004974814328082,4.39578070002608,-1
93,40,block_lns_strong,-0.10958943993421941,0.10958943993421941,1,3.6371562145358887,12.403452492381694,5.702491981927734e-06,777.1705695862453,0.9991703655968247,0.10025413478333058,0.0890720000024885,-1
93,40,hybrid_heuristic,-0.10958943993421941,0.10958943993421941,1,3.6371562145358887,12.403452492381694,5.702491981927734e-06,777.1705695862453,0.9991703655968247,0.10025413478333058,0.025660800049081445,-1
93,41,autoreg_rl_pure,-0.11476847118891453,0.11476847118891453,1,3.825613399177774,12.38874191277818,1.2720183502668179e-09,1100.4142983215418,0.9701201718915191,0.11632836296601515,0.32969820010475814,1024
93,41,random,-100.0,12.173921237260135,0,129.24894469616225,12612071122.118874,0.10030386786677642,36819.23512826152,0.6492290188236488,3.9142231483546763,0.03371870005503297,-1
93,41,latency_greedy,-1.0836389436704434,1.0836389436704434,1,4.359196398149022,134.1482599999766,0.011478952757075802,1252.2232872902605,0.9621168225288096,0.13237266194447114,0.00010699988342821598,-1
93,41,block_balanced,-2.9717272788960654,2.9717272788960654,1,9.17700785915244,10486.359378033225,0.03256801475796525,2624.539513626599,0.5403527174044999,0.278699974402361,0.00011150003410875797,-1
93,41,pdp_aware_greedy,-0.47768024342204773,0.47768024342204773,1,4.238229367116664,29.758695736273708,0.004173166825718468,1217.9436181483072,0.9800716461041059,0.12866699574040288,0.004838000051677227,-1
93,41,local_search,-0.1422330411637564,0.1422330411637564,1,4.741096065277723,12.388744699992799,2.066287931908418e-09,1361.15266023153,0.9800716461041059,0.1438944894686977,0.036249900003895164,-1
93,41,beam_search,-0.1422330411637564,0.1422330411637564,1,4.741096065277723,12.388744699992799,2.066287931908418e-09,1361.15266023153,0.9800716461041059,0.1438944894686977,0.45254410011693835,-1
93,41,simulated_annealing,-0.1422330411637564,0.1422330411637564,1,4.741096065277723,12.388744699992799,2.066287931908418e-09,1361.15266023153,0.9800716461041059,0.1438944894686977,0.011717999819666147,-1
93,41,block_beam_strong,-0.11476847118891453,0.11476847118891453,1,3.825613399177774,12.38874191277818,1.2720183502668179e-09,1100.4142983215418,0.9701201718915191,0.11632836296601515,4.800290200160816,-1
93,41,block_lns_strong,-0.11476847118891453,0.11476847118891453,1,3.825613399177774,12.38874191277818,1.2720183502668179e-09,1100.4142983215418,0.9701201718915191,0.11632836296601515,0.09833530010655522,-1
93,41,hybrid_heuristic,-0.11476847118891453,0.11476847118891453,1,3.825613399177774,12.38874191277818,1.2720183502668179e-09,1100.4142983215418,0.9701201718915191,0.11632836296601515,0.02400500001385808,-1
93,42,autoreg_rl_pure,-0.10490394830318091,0.10490394830318091,1,3.496798276772634,12.388739769105435,2.279730107428603e-17,889.3711303356093,0.9899457367261651,0.0785286561394137,0.3174475999549031,1024
93,42,random,-100.0,4.408755035621555,0,75.48615642331556,2636.5165447531595,0.02593636025088263,18978.25615226991,0.8948541472392315,1.6986498508365409,0.03298609983175993,-1
93,42,latency_greedy,-0.22065447379727332,0.22065447379727332,1,5.783079488290671,13.939035308098946,0.0005500644894948753,1463.8380775492158,0.9980385206067838,0.12987236455115744,0.00011059991084039211,-1
93,42,block_balanced,-1.3607977048966506,1.3607977048966506,1,7.018025288978658,219.7367727490253,0.014004929394913582,1774.3143123921977,0.4990192603033919,0.15908705322318012,0.00011360016651451588,-1
93,42,pdp_aware_greedy,-0.10508058322100365,0.10508058322100365,1,3.5026861039290766,12.388739772299544,1.3383526065488979e-12,890.8467397424907,0.9899457367261651,0.07866088085401843,0.004701399942860007,-1
93,42,local_search,-0.10508058322100365,0.10508058322100365,1,3.5026861039290766,12.388739772299544,1.3383526065488979e-12,890.8467397424907,0.9899457367261651,0.07866088085401843,0.02496240008622408,-1
93,42,beam_search,-0.10496990580200831,0.10496990580200831,1,3.498996844859538,12.38873978323542,5.19392518375299e-12,889.9328815363549,0.8470500285241566,0.07857803004766639,0.4126259000040591,-1
93,42,simulated_annealing,-0.10508058322100365,0.10508058322100365,1,3.5026861039290766,12.388739772299544,1.3383526065488979e-12,890.8467397424907,0.9899457367261651,0.07866088085401843,0.012320799985900521,-1
93,42,block_beam_strong,-0.10372523318175764,0.10372523318175764,1,3.4575077707090163,12.388739770978775,8.411882704740664e-13,879.5033905760737,0.9150564757291958,0.07764629736547232,6.731607099995017,-1
93,42,block_lns_strong,-0.10372523318175764,0.10372523318175764,1,3.4575077707090163,12.388739770978775,8.411882704740664e-13,879.5033905760737,0.9150564757291958,0.07764629736547232,0.10880090016871691,-1
93,42,hybrid_heuristic,-0.10372523318175764,0.10372523318175764,1,3.4575077707090163,12.388739770978775,8.411882704740664e-13,879.5033905760737,0.9150564757291958,0.07764629736547232,0.0245750998146832,-1
93,43,autoreg_rl_pure,-0.14798089063144837,0.14798089063144837,1,4.9148634322718125,12.40532041203357,1.623915155025441e-05,1124.652340185423,0.9806066138426348,0.0946249754424604,0.32669070013798773,1024
93,43,random,-100.0,29.614900659010242,0,187.1633553003414,1.4148032366821793e+27,0.30293171263379437,42406.27962613149,0.8454890182792677,3.5513374617035063,0.03281720005907118,-1
93,43,latency_greedy,-4.651021255408824,4.651021255408824,1,7.204697954647397,809351.6457974642,0.05409627772479039,1642.9076175383134,0.9806066138426348,0.13781787135337717,0.00010380009189248085,-1
93,43,block_balanced,-7.480255656295199,7.480255656295199,1,15.742242897875599,503331169.61330795,0.08393412248109008,3577.2789992623557,0.5593726534098195,0.2990850590772719,0.00011079991236329079,-1
93,43,pdp_aware_greedy,-1.196324128966383,1.196324128966383,1,5.339561783285815,165.195755157888,0.012480024820975691,1220.835930037139,0.9585722744926402,0.10067362577410317,0.0051420999225229025,-1
93,43,local_search,-1.1867572325427145,1.1867572325427145,1,5.15578442633868,163.53012535464754,0.012948064976824152,1179.1373830524217,0.9064238562277807,0.09720863489845413,0.03509010002017021,-1
93,43,beam_search,-0.14798089063144837,0.14798089063144837,1,4.9148634322718125,12.40532041203357,1.623915155025441e-05,1124.652340185423,0.9806066138426348,0.0946249754424604,0.5074197999201715,-1
93,43,simulated_annealing,-1.1867572325427145,1.1867572325427145,1,5.15578442633868,163.53012535464754,0.012948064976824152,1179.1373830524217,0.9064238562277807,0.09720863489845413,0.011123100062832236,-1
93,43,block_beam_strong,-0.14798089063144837,0.14798089063144837,1,4.9148634322718125,12.40532041203357,1.623915155025441e-05,1124.652340185423,0.9806066138426348,0.0946249754424604,4.06401599990204,-1
93,43,block_lns_strong,-0.14798089063144837,0.14798089063144837,1,4.9148634322718125,12.40532041203357,1.623915155025441e-05,1124.652340185423,0.9806066138426348,0.0946249754424604,0.09722290001809597,-1
93,43,hybrid_heuristic,-0.14798089063144837,0.14798089063144837,1,4.9148634322718125,12.40532041203357,1.623915155025441e-05,1124.652340185423,0.9806066138426348,0.0946249754424604,0.025298500200733542,-1
93,44,autoreg_rl_pure,-0.13572757461591461,0.13572757461591461,1,4.519499470293248,12.393156848066061,1.543264864005815e-06,1247.30651187188,0.9701766928761281,0.12558438575939604,0.32572070020250976,1024
93,44,random,-100.0,22.178781544552468,0,202.41396652236264,3.804416677012443e+18,0.19600042452590777,55372.3354368033,0.7020947477473255,5.647205304101886,0.033182699931785464,-1
93,44,latency_greedy,-3.044465944589387,3.044465944589387,1,5.606154779357787,16440.3051510729,0.03454975850679351,1544.341940474794,0.9684698374043984,0.15878201608117448,0.00010310020297765732,-1
93,44,block_balanced,-8.999350967509706,8.999350967509706,1,19.23873995800347,17270400145.97745,0.10167197289439323,5273.163541783972,0.5288563631212162,0.5369287509917993,0.00010999990627169609,-1
93,44,pdp_aware_greedy,-0.2268599850548138,0.2268599850548138,1,4.707220828781261,15.346637235009911,0.0010816451242880128,1298.6482690081953,0.9738253996496721,0.13080064292561422,0.004067100118845701,-1
93,44,local_search,-0.2268599850548138,0.2268599850548138,1,4.707220828781261,15.346637235009911,0.0010816451242880128,1298.6482690081953,0.9738253996496721,0.13080064292561422,0.025824200129136443,-1
93,44,beam_search,-0.2268599850548138,0.2268599850548138,1,4.707220828781261,15.346637235009911,0.0010816451242880128,1298.6482690081953,0.9738253996496721,0.13080064292561422,0.45124319987371564,-1
93,44,simulated_annealing,-0.2268599850548138,0.2268599850548138,1,4.707220828781261,15.346637235009911,0.0010816451242880128,1298.6482690081953,0.9738253996496721,0.13080064292561422,0.012291599996387959,-1
93,44,block_beam_strong,-0.13977682257415583,0.13977682257415583,1,4.657864417708987,12.390006274089739,1.3838811205102773e-06,1285.1654444191067,0.9284248485503497,0.12942916482089448,4.870089499978349,-1
93,44,block_lns_strong,-0.13572757461591461,0.13572757461591461,1,4.519499470293248,12.393156848066061,1.543264864005815e-06,1247.30651187188,0.9701766928761281,0.12558438575939604,0.09594140015542507,-1
93,44,hybrid_heuristic,-0.13572757461591461,0.13572757461591461,1,4.519499470293248,12.393156848066061,1.543264864005815e-06,1247.30651187188,0.9701766928761281,0.12558438575939604,0.025853700004518032,-1
93,45,autoreg_rl_pure,-0.11678270451376477,0.11678270451376477,1,3.8889966619867327,12.392234030556327,1.4634204014166653e-06,1047.3909101341428,0.9475128776062834,0.1032458561148898,0.3204653998836875,1024
93,45,random,-100.0,11.027214761343831,0,105.5747067452379,4235307935.2215652,0.09601877346332245,28148.22375551082,0.7965530293039781,2.7811456171759836,0.033579399809241295,-1
93,45,latency_greedy,-0.6159744189135052,0.6159744189135052,1,4.000081284809999,42.80769721285527,0.005863941565529222,1076.7909677030138,0.9689359583297664,0.1071989623420757,0.00010300008580088615,-1
93,45,block_balanced,-2.30598280447636,2.30598280447636,1,8.749111822414356,2049.9313862018635,0.024386492971766836,2342.83387068057,0.572105953830075,0.2310492173926633,0.0001091999001801014,-1
93,45,pdp_aware_greedy,-0.11678270451376477,0.11678270451376477,1,3.8889966619867327,12.392234030556327,1.4634204014166653e-06,1047.3909101341428,0.9475128776062834,0.1032458561148898,0.004417099989950657,-1
93,45,local_search,-0.11678270451376477,0.11678270451376477,1,3.8889966619867327,12.392234030556327,1.4634204014166653e-06,1047.3909101341428,0.9475128776062834,0.1032458561148898,0.0249399000313133,-1
93,45,beam_search,-0.13224897827435145,0.13224897827435145,1,4.391741841679447,12.404133756014957,6.196531838336559e-06,1181.1858332446825,0.9689359583297664,0.11749093553104263,0.49108030018396676,-1
93,45,simulated_annealing,-0.11294137256257995,0.11294137256257995,1,3.759747670023299,12.393353651557865,1.6937559252168513e-06,1012.8792685719804,0.9374026740252591,0.10034973136102748,0.011546999914571643,-1
93,45,block_beam_strong,-0.11097067611026504,0.11097067611026504,1,3.6941885302846407,12.393232127260637,1.7724715294447926e-06,995.3627971258634,0.9689359583297664,0.09896530443555694,3.9884411999955773,-1
93,45,block_lns_strong,-0.11097067611026504,0.11097067611026504,1,3.6941885302846407,12.393232127260637,1.7724715294447926e-06,995.3627971258634,0.9689359583297664,0.09896530443555694,0.11072760005481541,-1
93,45,hybrid_heuristic,-0.11097067611026504,0.11097067611026504,1,3.6941885302846407,12.393232127260637,1.7724715294447926e-06,995.3627971258634,0.9689359583297664,0.09896530443555694,0.02634739992208779,-1
93,46,autoreg_rl_pure,-0.10855565087388894,0.10855565087388894,1,3.6185216907578903,12.38873977378684,3.5998528510246e-12,951.5281632248807,0.9632015302817243,0.10470912484706557,0.32626069989055395,1024
93,46,random,-100.0,19.27677575714125,0,146.7258721130655,1.7512684963140598e+17,0.18082259973794942,38156.98241111302,0.6909696768884306,4.156903376311917,0.03452300000935793,-1
93,46,latency_greedy,-0.21987100119053063,0.21987100119053063,1,3.750331796942261,16.202905777298913,0.0013182152992494225,985.7184359439863,0.9377405676213922,0.10753786039514646,0.00010240008123219013,-1
93,46,block_balanced,-0.8600380373421576,0.8600380373421576,1,7.029797910829038,62.78073299508633,0.007685410146179969,1838.3858921883834,0.6026003704009,0.19986835065691066,0.00012030010111629963,-1
93,46,pdp_aware_greedy,-0.21563553646583988,0.21563553646583988,1,3.6669658040298434,16.13279864682286,0.0012987168761453742,964.0545539536824,0.9377405676213922,0.10335689466916077,0.004168100189417601,-1
93,46,local_search,-0.21563553646583988,0.21563553646583988,1,3.6669658040298434,16.13279864682286,0.0012987168761453742,964.0545539536824,0.9377405676213922,0.10335689466916077,0.025800100062042475,-1
93,46,beam_search,-0.10855565087388894,0.10855565087388894,1,3.6185216907578903,12.38873977378684,3.5998528510246e-12,951.5281632248807,0.9632015302817243,0.10470912484706557,0.44712219992652535,-1
93,46,simulated_annealing,-0.21563553646583988,0.21563553646583988,1,3.6669658040298434,16.13279864682286,0.0012987168761453742,964.0545539536824,0.9377405676213922,0.10335689466916077,0.01175049995072186,-1
93,46,block_beam_strong,-0.10855565087388894,0.10855565087388894,1,3.6185216907578903,12.38873977378684,3.5998528510246e-12,951.5281632248807,0.9632015302817243,0.10470912484706557,3.8164140000008047,-1
93,46,block_lns_strong,-0.10855565087388894,0.10855565087388894,1,3.6185216907578903,12.38873977378684,3.5998528510246e-12,951.5281632248807,0.9632015302817243,0.10470912484706557,0.09893670002929866,-1
93,46,hybrid_heuristic,-0.10855565087388894,0.10855565087388894,1,3.6185216907578903,12.38873977378684,3.5998528510246e-12,951.5281632248807,0.9632015302817243,0.10470912484706557,0.026199700077995658,-1
93,47,autoreg_rl_pure,-0.11105219635884067,0.11105219635884067,1,3.7017398786280227,12.388739769105376,1.2104138465016307e-20,1063.5561446259314,0.9888567453829715,0.09911878153539788,0.3237387998960912,1024
93,47,random,-100.0,19.305469811714076,0,128.0319245560359,7.645533213154088e+17,0.1861757422591434,36418.90485892762,0.8910976866146896,3.359292110636493,0.035267499973997474,-1
93,47,latency_greedy,-4.339621222290727,4.339621222290727,1,7.903860494106404,352586.58264055033,0.04886385301367495,2258.347327285136,0.9925757053739062,0.2073669524144967,0.00010329997166991234,-1
93,47,block_balanced,-6.146434809116034,6.146434809116034,1,15.440433524258175,18344538.988903057,0.06904317388899966,4401.68723612766,0.5600021454866332,0.4052285889694723,0.00011790008284151554,-1
93,47,pdp_aware_greedy,-0.11750119785155483,0.11750119785155483,1,3.916683022235227,12.388761671936525,7.382517117911548e-09,1124.6882629444597,0.9925757053739062,0.10443726565084376,0.0039705999661237,-1
93,47,local_search,-0.11624974082572999,0.11624974082572999,1,3.8749677880410656,12.388761671936525,7.3825171179121385e-09,1112.8154787318235,0.9925757053739062,0.10354719479699093,0.03640599991194904,-1
93,47,beam_search,-0.11429253403029914,0.11429253403029914,1,3.8097235605186106,12.388765389502261,1.073482836762537e-08,1094.262219735181,0.9925757053739062,0.10196216650038999,0.44891389994882047,-1
93,47,simulated_annealing,-0.11624974082572999,0.11624974082572999,1,3.8749677880410656,12.388761671936525,7.3825171179121385e-09,1112.8154787318235,0.9925757053739062,0.10354719479699093,0.01131070009432733,-1
93,47,block_beam_strong,-0.11105219635884067,0.11105219635884067,1,3.7017398786280227,12.388739769105376,1.2104138465016307e-20,1063.5561446259314,0.9888567453829715,0.09911878153539788,4.312532800016925,-1
93,47,block_lns_strong,-0.11105219635884067,0.11105219635884067,1,3.7017398786280227,12.388739769105376,1.2104138465016307e-20,1063.5561446259314,0.9888567453829715,0.09911878153539788,0.10586080001667142,-1
93,47,hybrid_heuristic,-0.11105219635884067,0.11105219635884067,1,3.7017398786280227,12.388739769105376,1.2104138465016307e-20,1063.5561446259314,0.9888567453829715,0.09911878153539788,0.02541120001114905,-1
93,48,autoreg_rl_pure,-0.13426590913549535,0.13426590913549535,1,4.304715816518961,12.548473986920545,7.633739432318124e-05,1194.1517931189592,0.9659890387655331,0.11603711437443347,0.32112930016592145,1024
93,48,random,-100.0,21.525142274135433,0,151.7134898912227,3.326814213832181e+19,0.20547176198599695,41709.910960202855,0.6904719026625785,4.055550402385711,0.03279359987936914,-1
93,48,latency_greedy,-1.6957950635656487,1.6957950635656487,1,4.639703466857426,606.8598506296631,0.01894658994842429,1286.1460969885925,0.9659890387655331,0.12347924915185822,0.00010200007818639278,-1
93,48,block_balanced,-5.49081659737823,5.49081659737823,1,11.149426567667199,4914116.196463141,0.06198743396689044,3075.5863448974296,0.5423664081905835,0.2984490850440597,0.00015899981372058392,-1
93,48,pdp_aware_greedy,-0.13426590913549535,0.13426590913549535,1,4.304715816518961,12.548473986920545,7.633739432318124e-05,1194.1517931189592,0.9659890387655331,0.11603711437443347,0.004512900020927191,-1
93,48,local_search,-0.13426590913549535,0.13426590913549535,1,4.304715816518961,12.548473986920545,7.633739432318124e-05,1194.1517931189592,0.9659890387655331,0.11603711437443347,0.025006999960169196,-1
93,48,beam_search,-0.13426590913549535,0.13426590913549535,1,4.304715816518961,12.548473986920545,7.633739432318124e-05,1194.1517931189592,0.9659890387655331,0.11603711437443347,0.47720219986513257,-1
93,48,simulated_annealing,-0.13426590913549535,0.13426590913549535,1,4.304715816518961,12.548473986920545,7.633739432318124e-05,1194.1517931189592,0.9659890387655331,0.11603711437443347,0.011395800160244107,-1
93,48,block_beam_strong,-0.13426590913549535,0.13426590913549535,1,4.304715816518961,12.548473986920545,7.633739432318124e-05,1194.1517931189592,0.9659890387655331,0.11603711437443347,4.921293399995193,-1
93,48,block_lns_strong,-0.13426590913549535,0.13426590913549535,1,4.304715816518961,12.548473986920545,7.633739432318124e-05,1194.1517931189592,0.9659890387655331,0.11603711437443347,0.09576619998551905,-1
93,48,hybrid_heuristic,-0.13426590913549535,0.13426590913549535,1,4.304715816518961,12.548473986920545,7.633739432318124e-05,1194.1517931189592,0.9659890387655331,0.11603711437443347,0.02616550005041063,-1
93,49,autoreg_rl_pure,-0.5365227608910239,0.5365227608910239,1,4.8755019322678805,32.86578786595145,0.004707645752022732,1310.8321052139042,0.9381598825551809,0.15808125902161554,0.33303990005515516,1024
93,49,random,-100.0,24.47724932096278,0,156.4224696971359,3.7484934259195393e+22,0.2398287266656298,41707.275748673535,0.6494115008637563,5.016195292484293,0.033939900109544396,-1
93,49,latency_greedy,-2.4437875315348965,2.4437875315348965,1,7.705939296936439,3128.5075805075,0.02654547729251702,2065.0759378447992,0.960176934518675,0.24878570359787877,0.0001050999853760004,-1
93,49,block_balanced,-3.365642910444138,3.365642910444138,1,11.284534239958099,23969.924676841096,0.0370944928167648,3019.2063612315287,0.6299503589516562,0.36260760892922134,0.00022660009562969208,-1
93,49,pdp_aware_greedy,-1.0558283978450382,1.0558283978450382,1,5.150194560257436,117.93037164618636,0.01082088138366966,1384.010125186013,0.9768935540707135,0.16463060055653858,0.003942899871617556,-1
93,49,local_search,-1.0558283978450382,1.0558283978450382,1,5.150194560257436,117.93037164618636,0.01082088138366966,1384.010125186013,0.9768935540707135,0.16463060055653858,0.02564260014332831,-1
93,49,beam_search,-0.6636533669107163,0.6636533669107163,1,5.09476772626965,44.42550825524575,0.006224204562042199,1369.2843219366348,0.9803014339065591,0.16512851346186375,0.4449809000361711,-1
93,49,simulated_annealing,-1.0558283978450382,1.0558283978450382,1,5.150194560257436,117.93037164618636,0.01082088138366966,1384.010125186013,0.9768935540707135,0.16463060055653858,0.011600999860092998,-1
93,49,block_beam_strong,-0.5365227608910239,0.5365227608910239,1,4.8755019322678805,32.86578786595145,0.004707645752022732,1310.8321052139042,0.9381598825551809,0.15808125902161554,2.321360500063747,-1
93,49,block_lns_strong,-0.5365227608910239,0.5365227608910239,1,4.8755019322678805,32.86578786595145,0.004707645752022732,1310.8321052139042,0.9381598825551809,0.15808125902161554,0.1022434001788497,-1
93,49,hybrid_heuristic,-0.5365227608910239,0.5365227608910239,1,4.8755019322678805,32.86578786595145,0.004707645752022732,1310.8321052139042,0.9381598825551809,0.15808125902161554,0.02522579999640584,-1
93,50,autoreg_rl_pure,-0.11459586001425764,0.11459586001425764,1,3.8167518392710216,12.39162992950964,2.609309082689383e-06,907.9782478045543,0.9397533905860973,0.11696220007104156,0.33158689993433654,1024
93,50,random,-100.0,15.916380484576704,0,138.94041113291215,70540515836495.95,0.1404349535485234,32669.373756162124,0.7392064636178625,4.267109557080818,0.03481159987859428,-1
93,50,latency_greedy,-0.11459586001425764,0.11459586001425764,1,3.8167518392710216,12.39162992950964,2.609309082689383e-06,907.9782478045543,0.9397533905860973,0.11696220007104156,0.00010469998233020306,-1
93,50,block_balanced,-6.003889460662543,6.003889460662543,1,13.047640452107741,15370161.06538798,0.06826275923553293,3078.100685273974,0.5046668077971683,0.40144958213354465,0.00011120014823973179,-1
93,50,pdp_aware_greedy,-0.11459586001425764,0.11459586001425764,1,3.8167518392710216,12.39162992950964,2.609309082689383e-06,907.9782478045543,0.9397533905860973,0.11696220007104156,0.004195799818262458,-1
93,50,local_search,-0.11459586001425764,0.11459586001425764,1,3.8167518392710216,12.39162992950964,2.609309082689383e-06,907.9782478045543,0.9397533905860973,0.11696220007104156,0.02476260019466281,-1
93,50,beam_search,-0.11431677809247827,0.11431677809247827,1,3.8034343092272414,12.395361734377289,2.772221510685192e-06,904.8701625166602,0.8715296395949889,0.11655409189974106,0.4313831999897957,-1
93,50,simulated_annealing,-0.11459586001425764,0.11459586001425764,1,3.8167518392710216,12.39162992950964,2.609309082689383e-06,907.9782478045543,0.9397533905860973,0.11696220007104156,0.011236899998039007,-1
93,50,block_beam_strong,-0.11459586001425764,0.11459586001425764,1,3.8167518392710216,12.39162992950964,2.609309082689383e-06,907.9782478045543,0.9397533905860973,0.11696220007104156,5.3536342000588775,-1
93,50,block_lns_strong,-0.11431677809247827,0.11431677809247827,1,3.8034343092272414,12.395361734377289,2.772221510685192e-06,904.8701625166602,0.8715296395949889,0.11655409189974106,0.09767509996891022,-1
93,50,hybrid_heuristic,-0.11431677809247827,0.11431677809247827,1,3.8034343092272414,12.395361734377289,2.772221510685192e-06,904.8701625166602,0.8715296395949889,0.11655409189974106,0.02475470001809299,-1
93,51,autoreg_rl_pure,-0.2036235607863925,0.2036235607863925,1,5.671521233453137,13.47023971360348,0.00042082817100387744,1451.0033560627771,0.9894225401134381,0.13181141959329434,0.3356731999665499,1024
93,51,random,-100.0,21.092283903039547,0,167.0054244862848,3.5807032660529096e+18,0.19365275306204682,42394.37602607727,0.8628723082146141,3.900128694041876,0.03325770003721118,-1
93,51,latency_greedy,-4.245165101625273,4.245165101625273,1,7.392879652299502,289304.4165145764,0.04896076655021383,1887.3048469541932,0.961800687972731,0.17181738756511164,0.00010269996710121632,-1
93,51,block_balanced,-4.299546695060848,4.299546695060848,1,12.982051914472134,217945.61125417805,0.04732260921046469,3306.057805377952,0.538088605729962,0.3036286887797572,0.00011250004172325134,-1
93,51,pdp_aware_greedy,-1.7863462971445765,1.7863462971445765,1,5.6255748807472505,706.7914218161796,0.019837087232183092,1438.8629322287682,0.961800687972731,0.13074358369424585,0.004291699966415763,-1
93,51,local_search,-1.7863462971445765,1.7863462971445765,1,5.6255748807472505,706.7914218161796,0.019837087232183092,1438.8629322287682,0.961800687972731,0.13074358369424585,0.025202600052580237,-1
93,51,beam_search,-0.2036235607863925,0.2036235607863925,1,5.671521233453137,13.47023971360348,0.00042082817100387744,1451.0033560627771,0.9894225401134381,0.13181141959329434,0.48811920010484755,-1
93,51,simulated_annealing,-1.7863462971445765,1.7863462971445765,1,5.6255748807472505,706.7914218161796,0.019837087232183092,1438.8629322287682,0.961800687972731,0.13074358369424585,0.011043499922379851,-1
93,51,block_beam_strong,-0.2036235607863925,0.2036235607863925,1,5.671521233453137,13.47023971360348,0.00042082817100387744,1451.0033560627771,0.9894225401134381,0.13181141959329434,4.065763399936259,-1
93,51,block_lns_strong,-0.2036235607863925,0.2036235607863925,1,5.671521233453137,13.47023971360348,0.00042082817100387744,1451.0033560627771,0.9894225401134381,0.13181141959329434,0.10993239982053638,-1
93,51,hybrid_heuristic,-0.2036235607863925,0.2036235607863925,1,5.671521233453137,13.47023971360348,0.00042082817100387744,1451.0033560627771,0.9894225401134381,0.13181141959329434,0.024633900029584765,-1
93,52,autoreg_rl_pure,-0.14008906164013385,0.14008906164013385,1,4.667260786803998,12.3909463393138,7.597685934612744e-07,1279.3707644321132,0.9916817683954999,0.11548730804999509,0.4298741000238806,1024
93,52,random,-100.0,15.318910129932878,0,99.73456819948994,299750232891253.3,0.14903324324670744,27109.708402832122,0.8512112230333003,2.467963345155471,0.033578400034457445,-1
93,52,latency_greedy,-1.3028904653213167,1.3028904653213167,1,4.751126538344146,225.35561144438566,0.014089735092931311,1301.9312413359387,0.9916817683954999,0.11895055854517324,0.0001034000888466835,-1
93,52,block_balanced,-2.699238167324751,2.699238167324751,1,9.082091408295778,5343.983029568559,0.02952082776086499,2478.9228524136875,0.6350858973439194,0.22538383619363392,0.00011460017412900925,-1
93,52,pdp_aware_greedy,-0.16552470792765314,0.16552470792765314,1,4.391082695272272,13.480828224599552,0.0003944138263427219,1204.1179726063126,0.9936686443011324,0.11001696717186622,0.004357200115919113,-1
93,52,local_search,-0.1631864504660501,0.1631864504660501,1,4.3131415542054174,13.480827441714043,0.00039441380443085616,1182.9345043333224,0.9589094933085246,0.10808709359320098,0.03467960003763437,-1
93,52,beam_search,-0.17126008845547244,0.17126008845547244,1,5.703559866442603,12.39348843002139,1.6992826944975765e-06,1560.9825471690692,0.9936686443011324,0.1407279781422502,0.4659177998546511,-1
93,52,simulated_annealing,-0.1631864504660501,0.1631864504660501,1,4.3131415542054174,13.480827441714043,0.00039441380443085616,1182.9345043333224,0.9589094933085246,0.10808709359320098,0.012560300063341856,-1
93,52,block_beam_strong,-0.14195169707835356,0.14195169707835356,1,4.7296539793986465,12.39066257937129,6.282284583331721e-07,1296.3601137521248,0.9219520949096898,0.1168254393278452,2.974243499804288,-1
93,52,block_lns_strong,-0.14108534239844958,0.14108534239844958,1,4.702302974445855,12.389243169913941,6.517549445312846e-07,1288.9131323919908,0.9936686443011324,0.11616009171832171,0.09091330016963184,-1
93,52,hybrid_heuristic,-0.14108534239844958,0.14108534239844958,1,4.702302974445855,12.389243169913941,6.517549445312846e-07,1288.9131323919908,0.9936686443011324,0.11616009171832171,0.024838200071826577,-1
93,53,autoreg_rl_pure,-0.14984825464961493,0.14984825464961493,1,4.908664147718397,12.469165071297866,2.885698296644065e-05,1323.3669376808011,0.962407170765654,0.1476568228840679,0.3229941998142749,1024
93,53,random,-100.0,23.924432899381184,0,133.18599910239138,5.376557216873423e+22,0.2400817717992309,35609.84030289634,0.9393370340369009,3.9598795132984206,0.034627600107342005,-1
93,53,latency_greedy,-4.097047286579757,4.097047286579757,1,6.312935616219902,216627.81508877204,0.047510778434276243,1698.2164960830753,0.9604466824653592,0.18714522576747933,0.00010309997014701366,-1
93,53,block_balanced,-6.356612801291152,6.356612801291152,1,13.383450685130184,36199692.37241023,0.07256153125636003,3588.3279124709798,0.5713611525216741,0.3990253938338479,0.0001216998789459467,-1
93,53,pdp_aware_greedy,-2.650753722238254,2.650753722238254,1,4.763815467330117,6544.538228048983,0.030909103187462875,1284.2382238279667,0.9519325246451978,0.14336282392045768,0.004082700004801154,-1
93,53,local_search,-2.650753722238254,2.650753722238254,1,4.763815467330117,6544.538228048983,0.030909103187462875,1284.2382238279667,0.9519325246451978,0.14336282392045768,0.02519670012407005,-1
93,53,beam_search,-0.14739166355942734,0.14739166355942734,1,4.830959429092802,12.46525505717824,3.013508069666114e-05,1302.5457964732386,0.9604466824653592,0.14578773285816932,0.4391699000261724,-1
93,53,simulated_annealing,-2.650753722238254,2.650753722238254,1,4.763815467330117,6544.538228048983,0.030909103187462875,1284.2382238279667,0.9519325246451978,0.14336282392045768,0.011125700082629919,-1
93,53,block_beam_strong,-0.14739166355942734,0.14739166355942734,1,4.830959429092802,12.46525505717824,3.013508069666114e-05,1302.5457964732386,0.9604466824653592,0.14578773285816932,3.4229675999376923,-1
93,53,block_lns_strong,-0.14739166355942734,0.14739166355942734,1,4.830959429092802,12.46525505717824,3.013508069666114e-05,1302.5457964732386,0.9604466824653592,0.14578773285816932,0.10451480001211166,-1
93,53,hybrid_heuristic,-0.14739166355942734,0.14739166355942734,1,4.830959429092802,12.46525505717824,3.013508069666114e-05,1302.5457964732386,0.9604466824653592,0.14578773285816932,0.024664999917149544,-1
93,54,autoreg_rl_pure,-0.6093041340275611,0.6093041340275611,1,4.827966108230267,39.56523599831401,0.0056553337172959095,1293.9780528436559,0.9394582769090073,0.14066518398859515,0.7979735999833792,1008
93,54,random,-100.0,30.505092112631523,0,216.83640375438415,1.4148032366821793e+27,0.3634198224162778,57621.88500615579,0.9168227572300004,6.317990816407671,0.03424279997125268,-1
93,54,latency_greedy,-2.2309455052562015,2.2309455052562015,1,4.695481069190186,2303.052416986161,0.02543381638205233,1258.3027641918402,0.9949035475065008,0.13940648955488355,0.0001167000737041235,-1
93,54,block_balanced,-5.096584035812288,5.096584035812288,1,14.157257229617029,1463664.4907093442,0.05705668880095349,3772.420540681595,0.5518947686595169,0.4144022092661867,0.00011599995195865631,-1
93,54,pdp_aware_greedy,-2.0823516777375306,2.0823516777375306,1,4.693813093423543,1588.6361967508847,0.023625744754289392,1257.9236906671206,0.9949035475065008,0.13934784101688197,0.004143999889492989,-1
93,54,local_search,-2.0823516777375306,2.0823516777375306,1,4.693813093423543,1588.6361967508847,0.023625744754289392,1257.9236906671206,0.9949035475065008,0.13934784101688197,0.02430279995314777,-1
93,54,beam_search,-2.0823516777375306,2.0823516777375306,1,4.693813093423543,1588.6361967508847,0.023625744754289392,1257.9236906671206,0.9949035475065008,0.13934784101688197,0.44837450003251433,-1
93,54,simulated_annealing,-2.0823516777375306,2.0823516777375306,1,4.693813093423543,1588.6361967508847,0.023625744754289392,1257.9236906671206,0.9949035475065008,0.13934784101688197,0.011730099795386195,-1
93,54,block_beam_strong,-0.6093041340275611,0.6093041340275611,1,4.827966108230267,39.56523599831401,0.0056553337172959095,1293.9780528436559,0.9394582769090073,0.14066518398859515,4.291013300186023,-1
93,54,block_lns_strong,-0.6093041340275611,0.6093041340275611,1,4.827966108230267,39.56523599831401,0.0056553337172959095,1293.9780528436559,0.9394582769090073,0.14066518398859515,0.10517409979365766,-1
93,54,hybrid_heuristic,-0.6093041340275611,0.6093041340275611,1,4.827966108230267,39.56523599831401,0.0056553337172959095,1293.9780528436559,0.9394582769090073,0.14066518398859515,0.025050000054761767,-1
93,55,autoreg_rl_pure,-0.11873795846999363,0.11873795846999363,1,3.9579319489227327,12.388739769176972,3.2148493934773977e-14,1049.4681374855522,0.9934286834564303,0.09158393868546787,0.33465089998207986,1024
93,55,random,-100.0,14.274954974179947,0,118.458523752381,5412791858968.1455,0.12890083248968606,31091.80246993,0.9934286834564303,2.673290423517022,0.032577200094237924,-1
93,55,latency_greedy,-0.6963896734360739,0.6963896734360739,1,4.365196356642711,50.92594067726923,0.006750505836933917,1156.3080417684944,0.9885971218875987,0.10049089506938769,0.00010269996710121632,-1
93,55,block_balanced,-4.552244355254003,4.552244355254003,1,10.740585395089756,484976.13398006884,0.05096746770671672,2829.264147372679,0.5391151939157143,0.2431579775140647,0.0001868000254034996,-1
93,55,pdp_aware_greedy,-0.1218765515210146,0.1218765515210146,1,4.0625506461566125,12.388740764426563,6.271886759676504e-10,1076.9129463212134,0.9784050702900023,0.09432844454958063,0.0040784000884741545,-1
93,55,local_search,-0.11944405665608307,0.11944405665608307,1,3.9814663177488647,12.388741848048113,7.641777856746878e-10,1055.626331202474,0.9885971218875987,0.09204644981749725,0.03532460005953908,-1
93,55,beam_search,-0.11944405665608307,0.11944405665608307,1,3.9814663177488647,12.388741848048113,7.641777856746878e-10,1055.626331202474,0.9885971218875987,0.09204644981749725,0.4475221000611782,-1
93,55,simulated_annealing,-0.11944405665608307,0.11944405665608307,1,3.9814663177488647,12.388741848048113,7.641777856746878e-10,1055.626331202474,0.9885971218875987,0.09204644981749725,0.011315199779346585,-1
93,55,block_beam_strong,-0.11873795846999363,0.11873795846999363,1,3.9579319489227327,12.388739769176972,3.2148493934773977e-14,1049.4681374855522,0.9934286834564303,0.09158393868546787,4.702958400128409,-1
93,55,block_lns_strong,-0.11873795846999363,0.11873795846999363,1,3.9579319489227327,12.388739769176972,3.2148493934773977e-14,1049.4681374855522,0.9934286834564303,0.09158393868546787,0.11305229994468391,-1
93,55,hybrid_heuristic,-0.11873795846999363,0.11873795846999363,1,3.9579319489227327,12.388739769176972,3.2148493934773977e-14,1049.4681374855522,0.9934286834564303,0.09158393868546787,0.02460929984226823,-1
93,56,autoreg_rl_pure,-0.1313931729633275,0.1313931729633275,1,4.199535143394332,12.557345253986142,7.38251922174426e-05,1336.6678401462677,0.9229054889076481,0.11876789790530547,0.32878939993679523,1024
93,56,random,-100.0,12.405848395058033,0,128.08805728746674,24570310677.885403,0.10328426828721167,40443.831320756784,0.8348827219459809,3.6350126433943526,0.033363800030201674,-1
93,56,latency_greedy,-0.19607872766991793,0.19607872766991793,1,3.99391224744622,14.990870425899619,0.0009484484243102301,1271.5556848956478,0.9236543907757935,0.11295263543479793,0.00010480009950697422,-1
93,56,block_balanced,-1.434068278504877,1.434068278504877,1,8.01151594570448,244.96001110698714,0.0141910910834298,2539.9302733834184,0.5550910770274178,0.22856324325530794,0.00011870008893311024,-1
93,56,pdp_aware_greedy,-0.19607872766991793,0.19607872766991793,1,3.99391224744622,14.990870425899619,0.0009484484243102301,1271.5556848956478,0.9236543907757935,0.11295263543479793,0.004269600147381425,-1
93,56,local_search,-0.18532097214667753,0.18532097214667753,1,3.987654107762273,14.59992437931031,0.0008464681166873619,1269.592974348661,0.9933210057612848,0.11277564772790154,0.033790200017392635,-1
93,56,beam_search,-0.1313931729633275,0.1313931729633275,1,4.199535143394332,12.557345253986142,7.38251922174426e-05,1336.6678401462677,0.9229054889076481,0.11876789790530547,0.45020730001851916,-1
93,56,simulated_annealing,-0.18532097214667753,0.18532097214667753,1,3.987654107762273,14.59992437931031,0.0008464681166873619,1269.592974348661,0.9933210057612848,0.11277564772790154,0.012197100091725588,-1
93,56,block_beam_strong,-0.1313931729633275,0.1313931729633275,1,4.199535143394332,12.557345253986142,7.38251922174426e-05,1336.6678401462677,0.9229054889076481,0.11876789790530547,3.5285480997990817,-1
93,56,block_lns_strong,-0.1313931729633275,0.1313931729633275,1,4.199535143394332,12.557345253986142,7.38251922174426e-05,1336.6678401462677,0.9229054889076481,0.11876789790530547,0.10569980018772185,-1
93,56,hybrid_heuristic,-0.1313931729633275,0.1313931729633275,1,4.199535143394332,12.557345253986142,7.38251922174426e-05,1336.6678401462677,0.9229054889076481,0.11876789790530547,0.024989699944853783,-1
93,57,autoreg_rl_pure,-0.27796104527977883,0.27796104527977883,1,5.9289733734824415,15.9111096777587,0.0012041530249681308,1621.5831381297576,0.9996775416947401,0.12697227583576953,13.078891400014982,791
93,57,random,-100.0,17.644211068035382,0,124.27086134130786,1.5930327007622584e+16,0.16717884269795005,33763.03202235082,0.7739020234717541,2.667578982034567,0.03366159996949136,-1
93,57,latency_greedy,-1.9206526447563959,1.9206526447563959,1,6.60463661716385,918.8030979285273,0.020463490805346256,1804.708203344905,0.9625156204887189,0.14354393211464012,0.00010680011473596096,-1
93,57,block_balanced,-3.6864938359777972,3.6864938359777972,1,10.030367820053783,58732.29238475693,0.040623479861826906,2735.313025077679,0.6879431707274943,0.2166529898146445,0.00011610006913542747,-1
93,57,pdp_aware_greedy,-1.4050358771855662,1.4050358771855662,1,6.094025629921464,263.04516504340063,0.014514410719099593,1666.0764794368051,0.9234315506941757,0.13246860916573483,0.0035516000352799892,-1
93,57,local_search,-1.4050358771855662,1.4050358771855662,1,6.094025629921464,263.04516504340063,0.014514410719099593,1666.0764794368051,0.9234315506941757,0.13246860916573483,0.026796399848535657,-1
93,57,beam_search,-0.3167156053680221,0.3167156053680221,1,7.238720902202202,15.889728952651396,0.0013293425933510253,1977.2260500036195,0.957834405260291,0.15502125059345914,0.5056322999298573,-1
93,57,simulated_annealing,-1.3991282097101934,1.3991282097101934,1,6.103904307944129,258.996792666733,0.014418960212428457,1668.745478661424,0.9203800918053313,0.13268317858629414,0.011817599879577756,-1
93,57,block_beam_strong,-0.26403874564529534,0.26403874564529534,1,5.410810317011916,15.975783864408903,0.0012068789668551283,1480.5318660658209,0.8653278153941614,0.11688089581510427,1.5555039998143911,-1
93,57,block_lns_strong,-0.25861748907398463,0.25861748907398463,1,5.361588243680934,15.819013163145799,0.0012068696682143065,1467.1586701495607,0.9135459933230603,0.11565648156002972,0.11159719992429018,-1
93,57,hybrid_heuristic,-0.25861748907398463,0.25861748907398463,1,5.361588243680934,15.819013163145799,0.0012068696682143065,1467.1586701495607,0.9135459933230603,0.11565648156002972,0.024946199962869287,-1
93,58,autoreg_rl_pure,-0.15351968150035347,0.15351968150035347,1,5.103767082541523,12.401341465699064,7.225076232460049e-06,1420.9865195682335,0.9649991123101448,0.1417252489867324,0.3321843999437988,1024
93,58,random,-100.0,9.787180852623399,0,82.22170024808173,1099490348.5327728,0.08864264949516096,22718.019975643507,0.9377013717645429,2.257608421746972,0.034363099839538336,-1
93,58,latency_greedy,-8.516036047292575,8.516036047292575,1,14.153099953643427,7554396877.858598,0.09818573691124534,3919.4185003289163,0.9961613885210217,0.3923275589595436,0.00010529998689889908,-1
93,58,block_balanced,-3.5826475476482265,3.5826475476482265,1,11.029215045404435,42033.2275922017,0.03864518416897964,3057.1325454285525,0.5983439803595054,0.30430463395852336,0.00011239992454648018,-1
93,58,pdp_aware_greedy,-0.37919474068940967,0.37919474068940967,1,5.276581574366344,21.521043213084987,0.0026372114903063667,1468.6810852600202,0.9956258846978808,0.14459090637285787,0.004296300001442432,-1
93,58,local_search,-0.36986445958342035,0.36986445958342035,1,5.321625549282166,20.953950773845563,0.002531997573896151,1481.1484237979726,0.9686283468850466,0.14582521860094033,0.036261599976569414,-1
93,58,beam_search,-0.15351968150035347,0.15351968150035347,1,5.103767082541523,12.401341465699064,7.225076232460049e-06,1420.9865195682335,0.9649991123101448,0.1417252489867324,0.4920462998561561,-1
93,58,simulated_annealing,-0.36986445958342035,0.36986445958342035,1,5.321625549282166,20.953950773845563,0.002531997573896151,1481.1484237979726,0.9686283468850466,0.14582521860094033,0.012487299973145127,-1
93,58,block_beam_strong,-0.15351968150035347,0.15351968150035347,1,5.103767082541523,12.401341465699064,7.225076232460049e-06,1420.9865195682335,0.9649991123101448,0.1417252489867324,4.569416099926457,-1
93,58,block_lns_strong,-0.15351968150035347,0.15351968150035347,1,5.103767082541523,12.401341465699064,7.225076232460049e-06,1420.9865195682335,0.9649991123101448,0.1417252489867324,0.10458209994249046,-1
93,58,hybrid_heuristic,-0.15351968150035347,0.15351968150035347,1,5.103767082541523,12.401341465699064,7.225076232460049e-06,1420.9865195682335,0.9649991123101448,0.1417252489867324,0.02394290012307465,-1
93,59,autoreg_rl_pure,-0.26409874996556215,0.26409874996556215,1,4.175502739011965,17.52927159931639,0.0016897174751935758,1073.585092274606,0.9690183277750423,0.10103328274805115,0.3212746998760849,1024
93,59,random,-100.0,17.5222781882608,0,108.6659287985331,3.785497430453138e+16,0.17194476089787009,27665.847365719368,0.8363843710597851,2.581200150224679,0.033945800038054585,-1
93,59,latency_greedy,-1.5936885268837622,1.5936885268837622,1,4.441924831446913,477.1662352594701,0.01778804448220482,1141.2464889260252,0.9690183277750423,0.10653144792718627,0.00010180007666349411,-1
93,59,block_balanced,-5.487797434600003,5.487797434600003,1,11.131027684021397,4883899.258295931,0.062034362813282784,2843.825414761819,0.5649298048724493,0.2652636410203373,0.00011150003410875797,-1
93,59,pdp_aware_greedy,-1.6168587992708086,1.6168587992708086,1,4.676182933300966,496.8167546028112,0.01791224227276482,1201.0738484060678,0.9683949277509908,0.11240595232716136,0.0038375998847186565,-1
93,59,local_search,-1.5439587599902498,1.5439587599902498,1,4.410988735100307,422.3611364970446,0.01728896672482516,1133.3818871258707,0.9690183277750423,0.10596697124205996,0.03470510011538863,-1
93,59,beam_search,-0.26409874996556215,0.26409874996556215,1,4.175502739011965,17.52927159931639,0.0016897174751935758,1073.585092274606,0.9690183277750423,0.10103328274805115,0.45566620002500713,-1
93,59,simulated_annealing,-1.5439587599902498,1.5439587599902498,1,4.410988735100307,422.3611364970446,0.01728896672482516,1133.3818871258707,0.9690183277750423,0.10596697124205996,0.011120500043034554,-1
93,59,block_beam_strong,-0.26409874996556215,0.26409874996556215,1,4.175502739011965,17.52927159931639,0.0016897174751935758,1073.585092274606,0.9690183277750423,0.10103328274805115,3.475898299831897,-1
93,59,block_lns_strong,-0.26409874996556215,0.26409874996556215,1,4.175502739011965,17.52927159931639,0.0016897174751935758,1073.585092274606,0.9690183277750423,0.10103328274805115,0.08653460000641644,-1
93,59,hybrid_heuristic,-0.26409874996556215,0.26409874996556215,1,4.175502739011965,17.52927159931639,0.0016897174751935758,1073.585092274606,0.9690183277750423,0.10103328274805115,0.024239700054749846,-1
93,60,autoreg_rl_pure,-0.24609792319910512,0.24609792319910512,1,5.777484096377848,14.860719812010633,0.0009361082461071377,1635.592965763508,0.9882539322844216,0.17704256601770635,0.45504689984954894,1018
93,60,random,-100.0,26.96648554129923,0,200.03812742214393,7.175591050586426e+23,0.25226963802921953,56237.68883383764,0.9198617724672233,6.088485247996901,0.03509290004149079,-1
93,60,latency_greedy,-7.499886851082955,7.499886851082955,1,20.958616573989076,357486751.82348305,0.08338902562653208,5902.444904843969,0.9977277521347382,0.6350237273661518,0.00010619987733662128,-1
93,60,block_balanced,-100.0,8.301256311999982,0,37.092213902712366,790370763.4990289,0.08651168963426611,10437.455570276887,0.5430557234528837,1.1253416715711453,0.00011030002497136593,-1
93,60,pdp_aware_greedy,-0.6890183811716424,0.6890183811716424,1,6.006283868526325,44.206093417519384,0.006065623764853845,1700.0079442010629,0.9985559396727701,0.18496270947373272,0.004507000092417002,-1
93,60,local_search,-0.6400130839409601,0.6400130839409601,1,7.396438164365407,35.23668841931046,0.00514213452502425,2090.715452375994,0.9977277521347382,0.22674026702472003,0.036536699859425426,-1
93,60,beam_search,-0.24609792319910512,0.24609792319910512,1,5.777484096377848,14.860719812010633,0.0009361082461071377,1635.592965763508,0.9882539322844216,0.17704256601770635,0.4575932000298053,-1
93,60,simulated_annealing,-0.6265598210652976,0.6265598210652976,1,7.2012749561353235,34.573652649544016,0.00505362355030574,2035.8597452484037,0.9977277521347382,0.22078169677694948,0.011443999828770757,-1
93,60,block_beam_strong,-0.2523585701207053,0.2523585701207053,1,5.688219117318775,15.196543009806218,0.0009854981508280484,1610.478690271927,0.9882539322844216,0.17408602899284223,4.964886500034481,-1
93,60,block_lns_strong,-0.24609792319910512,0.24609792319910512,1,5.777484096377848,14.860719812010633,0.0009361082461071377,1635.592965763508,0.9882539322844216,0.17704256601770635,0.10215170006267726,-1
93,60,hybrid_heuristic,-0.24609792319910512,0.24609792319910512,1,5.777484096377848,14.860719812010633,0.0009361082461071377,1635.592965763508,0.9882539322844216,0.17704256601770635,0.025819600094109774,-1
93,61,autoreg_rl_pure,-0.15048986788643937,0.15048986788643937,1,4.987025493382577,12.41599715907801,9.94659565878069e-06,1216.3549140815567,0.9971591802023246,0.10955423513928443,0.3268043000716716,1024
93,61,random,-100.0,22.945971996085575,0,133.9228615459923,4.4070978913400694e+21,0.2275130367656102,32369.888743336098,0.818712037403055,2.8845154994791824,0.03294790000654757,-1
93,61,latency_greedy,-1.9570747077754704,1.9570747077754704,1,5.256722091221767,1113.4522350108737,0.02213736675715138,1281.0543779544196,0.9942393959298939,0.11542914164597513,0.00010089995339512825,-1
93,61,block_balanced,-1.8052376531794327,1.8052376531794327,1,9.283118414444127,563.2075604129079,0.01915363495222964,2254.3006109817306,0.5821072686008548,0.20127665555762816,0.00011680019088089466,-1
93,61,pdp_aware_greedy,-1.0412674125024264,1.0412674125024264,1,5.167720507034307,113.56523961356437,0.010903199823230018,1259.967466315045,0.9942393959298939,0.11356733771081991,0.0045402999967336655,-1
93,61,local_search,-1.0412674125024264,1.0412674125024264,1,5.167720507034307,113.56523961356437,0.010903199823230018,1259.967466315045,0.9942393959298939,0.11356733771081991,0.02485509985126555,-1
93,61,beam_search,-0.15048986788643937,0.15048986788643937,1,4.987025493382577,12.41599715907801,9.94659565878069e-06,1216.3549140815567,0.9971591802023246,0.10955423513928443,0.4707005999516696,-1
93,61,simulated_annealing,-1.0412674125024264,1.0412674125024264,1,5.167720507034307,113.56523961356437,0.010903199823230018,1259.967466315045,0.9942393959298939,0.11356733771081991,0.011235499987378716,-1
93,61,block_beam_strong,-0.15048986788643937,0.15048986788643937,1,4.987025493382577,12.41599715907801,9.94659565878069e-06,1216.3549140815567,0.9971591802023246,0.10955423513928443,3.5472460000310093,-1
93,61,block_lns_strong,-0.15048986788643937,0.15048986788643937,1,4.987025493382577,12.41599715907801,9.94659565878069e-06,1216.3549140815567,0.9971591802023246,0.10955423513928443,0.1063691999297589,-1
93,61,hybrid_heuristic,-0.15048986788643937,0.15048986788643937,1,4.987025493382577,12.41599715907801,9.94659565878069e-06,1216.3549140815567,0.9971591802023246,0.10955423513928443,0.025920699816197157,-1
93,62,autoreg_rl_pure,-0.12263090381670887,0.12263090381670887,1,4.0520293318985665,12.421924753085024,2.743880098932052e-05,1080.8150434042568,0.888672888551191,0.10510244593788672,0.32961939997039735,1024
93,62,random,-100.0,20.822181723749537,0,132.30248301469052,2.4606838356900106e+19,0.20278073897698723,34943.96993424812,0.8430236367797761,3.379556022911972,0.03430690011009574,-1
93,62,latency_greedy,-0.16181026162535084,0.16181026162535084,1,4.111209869098939,13.639539499313704,0.000429370173064359,1096.431333973011,0.961402886815622,0.10694038385316411,0.0001034000888466835,-1
93,62,block_balanced,-4.1975611314622885,4.1975611314622885,1,9.545417359609985,218553.1478661954,0.04773815701171536,2531.518519053463,0.5790069437260263,0.24480129641178874,0.00011230004020035267,-1
93,62,pdp_aware_greedy,-0.16181026162535084,0.16181026162535084,1,4.111209869098939,13.639539499313704,0.000429370173064359,1096.431333973011,0.961402886815622,0.10694038385316411,0.004543700022622943,-1
93,62,local_search,-0.1564212994119517,0.1564212994119517,1,4.079844885900064,13.488707568622246,0.00045615081534039123,1088.1526054209626,0.941768432670186,0.10613835840715202,0.03629310010001063,-1
93,62,beam_search,-0.12263090381670887,0.12263090381670887,1,4.0520293318985665,12.421924753085024,2.743880098932052e-05,1080.8150434042568,0.888672888551191,0.10510244593788672,0.42824659985490143,-1
93,62,simulated_annealing,-0.1564212994119517,0.1564212994119517,1,4.079844885900064,13.488707568622246,0.00045615081534039123,1088.1526054209626,0.941768432670186,0.10613835840715202,0.011596400057896972,-1
93,62,block_beam_strong,-0.12263090381670887,0.12263090381670887,1,4.0520293318985665,12.421924753085024,2.743880098932052e-05,1080.8150434042568,0.888672888551191,0.10510244593788672,3.245154600124806,-1
93,62,block_lns_strong,-0.12263090381670887,0.12263090381670887,1,4.0520293318985665,12.421924753085024,2.743880098932052e-05,1080.8150434042568,0.888672888551191,0.10510244593788672,0.09255030006170273,-1
93,62,hybrid_heuristic,-0.12263090381670887,0.12263090381670887,1,4.0520293318985665,12.421924753085024,2.743880098932052e-05,1080.8150434042568,0.888672888551191,0.10510244593788672,0.02416200004518032,-1
93,63,autoreg_rl_pure,-0.15273594696285622,0.15273594696285622,1,5.08017001428262,12.398990937019965,5.9129870431793335e-06,1290.2265107838275,0.9689795190034037,0.1281309797246753,0.3280487998854369,1024
93,63,random,-100.0,15.359302302185643,0,124.64432692721331,51197878565098.71,0.1405340610743657,31385.512538030755,0.7277188351933042,3.0896904160036422,0.03305500000715256,-1
93,63,latency_greedy,-2.427750271718133,2.427750271718133,1,5.478672506624046,3551.98974931052,0.02731566423489179,1390.0412381515507,0.9707976791221132,0.13690081786258398,0.00010369997471570969,-1
93,63,block_balanced,-4.381162772004747,4.381162772004747,1,11.57195795677661,297092.2751201361,0.048440747035485114,2924.0976856122243,0.5299158682631376,0.28727612493621524,0.00011039990931749344,-1
93,63,pdp_aware_greedy,-0.35662920377162277,0.35662920377162277,1,5.071534096135782,20.655795403986954,0.002431919298970032,1287.8107282461049,0.9707976791221132,0.12507123661680614,0.0046947000082582235,-1
93,63,local_search,-0.35662920377162277,0.35662920377162277,1,5.071534096135782,20.655795403986954,0.002431919298970032,1287.8107282461049,0.9707976791221132,0.12507123661680614,0.024927200051024556,-1
93,63,beam_search,-0.15447255163106208,0.15447255163106208,1,5.1222134749090245,12.413732821133555,8.457840036391229e-06,1300.8081129717643,0.9689795190034037,0.12916578707391654,0.4357530998531729,-1
93,63,simulated_annealing,-0.35662920377162277,0.35662920377162277,1,5.071534096135782,20.655795403986954,0.002431919298970032,1287.8107282461049,0.9707976791221132,0.12507123661680614,0.012175899930298328,-1
93,63,block_beam_strong,-0.15273594696285622,0.15273594696285622,1,5.08017001428262,12.398990937019965,5.9129870431793335e-06,1290.2265107838275,0.9689795190034037,0.1281309797246753,4.587936199968681,-1
93,63,block_lns_strong,-0.15273594696285622,0.15273594696285622,1,5.08017001428262,12.398990937019965,5.9129870431793335e-06,1290.2265107838275,0.9689795190034037,0.1281309797246753,0.09836509986780584,-1
93,63,hybrid_heuristic,-0.15273594696285622,0.15273594696285622,1,5.08017001428262,12.398990937019965,5.9129870431793335e-06,1290.2265107838275,0.9689795190034037,0.1281309797246753,0.025116399861872196,-1
94,0,autoreg_rl_pure,-0.9586156490578418,0.9586156490578418,1,4.534868395352921,96.8547050928248,0.009981000322976673,1230.095414692886,0.9528413766147578,0.10339242854869733,0.4134128000587225,1022
94,0,random,-100.0,31.48977175009867,0,249.65905833662222,1.4148032366821793e+27,0.30795678371684315,67151.80024809937,0.9996292801318721,5.625480826818233,0.040258599910885096,-1
94,0,latency_greedy,-3.605423225671762,3.605423225671762,1,13.207837434727345,37788.42937247738,0.03955722523962314,3562.449524043106,0.9679241050179308,0.3007436373212381,0.00012820004485547543,-1
94,0,block_balanced,-4.736655789535864,4.736655789535864,1,26.002679466781863,244807.2611517649,0.047425649603394314,7003.570602421976,0.5327300333842444,0.5886250635305554,0.0001292000524699688,-1
94,0,pdp_aware_greedy,-3.0334534886496285,3.0334534886496285,1,5.214917891381181,16470.11584241354,0.0354630823076524,1412.9689403788263,0.9679241050179308,0.11906875750409637,0.004036500118672848,-1
94,0,local_search,-3.0334534886496285,3.0334534886496285,1,5.214917891381181,16470.11584241354,0.0354630823076524,1412.9689403788263,0.9679241050179308,0.11906875750409637,0.024591799825429916,-1
94,0,beam_search,-1.5292229963779138,1.5292229963779138,1,6.237955793302074,354.95775534425013,0.016270055291916514,1688.3619743297727,0.9686768124979845,0.1399141351386785,0.44354550004936755,-1
94,0,simulated_annealing,-3.0334534886496285,3.0334534886496285,1,5.214917891381181,16470.11584241354,0.0354630823076524,1412.9689403788263,0.9679241050179308,0.11906875750409637,0.010813700035214424,-1
94,0,block_beam_strong,-0.8818314622183175,0.8818314622183175,1,4.597141581764764,79.56553437372918,0.00902688189652401,1246.8913468717294,0.9528413766147578,0.10478918404165834,5.433797999983653,-1
94,0,block_lns_strong,-0.8818314622183175,0.8818314622183175,1,4.597141581764764,79.56553437372918,0.00902688189652401,1246.8913468717294,0.9528413766147578,0.10478918404165834,0.1077097998932004,-1
94,0,hybrid_heuristic,-0.8818314622183175,0.8818314622183175,1,4.597141581764764,79.56553437372918,0.00902688189652401,1246.8913468717294,0.9528413766147578,0.10478918404165834,0.024899200070649385,-1
94,1,autoreg_rl_pure,-0.17161215994958867,0.17161215994958867,1,5.3959456405315205,12.693911305642152,0.0001469284207038319,1339.2246359233322,0.9990460791431122,0.136645495632275,0.3308162000030279,1024
94,1,random,-100.0,16.70851106470269,0,157.89182705894856,123366240139503.14,0.14467883999608958,38883.61733956651,0.8637339245749872,3.9307631554842404,0.03275420004501939,-1
94,1,latency_greedy,-0.852409016388699,0.852409016388699,1,4.422505641922894,74.89765598286324,0.008580490390613229,1099.2602420678095,0.9946328163313856,0.11243074667128419,0.0001042000949382782,-1
94,1,block_balanced,-2.398145080108027,2.398145080108027,1,9.11126788334418,2511.927299622779,0.025653050132178203,2254.102579943405,0.5725709219843048,0.2283225068615727,0.0001146998256444931,-1
94,1,pdp_aware_greedy,-0.7236009543823989,0.7236009543823989,1,5.060333575129966,51.74176788150958,0.007018289699756532,1256.7843377603306,0.9313000917046581,0.12587581425856792,0.004466500133275986,-1
94,1,local_search,-0.7031846309603904,0.7031846309603904,1,4.905528977904116,49.741265531021575,0.006852927762665553,1218.6437748535816,0.9133086779526876,0.12202504939544857,0.035216499818488955,-1
94,1,beam_search,-0.173428332451669,0.173428332451669,1,5.434270179500938,12.71507814293742,0.00013942505091956822,1348.6602709734111,0.9990460791431122,0.1376018353871284,0.47785460017621517,-1
94,1,simulated_annealing,-0.7031846309603904,0.7031846309603904,1,4.905528977904116,49.741265531021575,0.006852927762665553,1218.6437748535816,0.9133086779526876,0.12202504939544857,0.011703100055456161,-1
94,1,block_beam_strong,-0.17449747074193295,0.17449747074193295,1,5.412420660034542,12.770018315064517,0.00013637837347717105,1343.717249313109,0.9671227514793315,0.13463398164897572,3.557824899908155,-1
94,1,block_lns_strong,-0.173428332451669,0.173428332451669,1,5.434270179500938,12.71507814293742,0.00013942505091956822,1348.6602709734111,0.9990460791431122,0.1376018353871284,0.11554150003939867,-1
94,1,hybrid_heuristic,-0.173428332451669,0.173428332451669,1,5.434270179500938,12.71507814293742,0.00013942505091956822,1348.6602709734111,0.9990460791431122,0.1376018353871284,0.025804800214245915,-1
94,2,autoreg_rl_pure,-0.6081768530115436,0.6081768530115436,1,5.0376163508797,38.83837806407928,0.00560408546976951,1349.6331811932428,0.9909457311757801,0.11793193042152854,2.3617835000623018,1020
94,2,random,-100.0,27.061558188113093,0,178.27918618686164,4.6538845191616386e+24,0.262990683550874,47391.03811287985,0.8908872609227,4.119403026494845,0.034305599983781576,-1
94,2,latency_greedy,-2.70144197421303,2.70144197421303,1,15.719331420830082,3266.3977653977686,0.026724124752905025,4188.109405651096,0.9819055250338501,0.364889497799125,0.00010360009036958218,-1
94,2,block_balanced,-7.321247540949544,7.321247540949544,1,32.81998762685458,93962634.63040894,0.07665428346019677,8733.198459268922,0.5953046578493335,0.759165896543173,0.00011010002344846725,-1
94,2,pdp_aware_greedy,-2.2512462424473982,2.2512462424473982,1,6.975887630945629,2042.0551592286024,0.024852146498604885,1864.7194229145446,0.9861262454982694,0.16280719137901395,0.004621900152415037,-1
94,2,local_search,-2.2512462424473982,2.2512462424473982,1,6.975887630945629,2042.0551592286024,0.024852146498604885,1864.7194229145446,0.9861262454982694,0.16280719137901395,0.025014899903908372,-1
94,2,beam_search,-0.6081768530115436,0.6081768530115436,1,5.0376163508797,38.83837806407928,0.00560408546976951,1349.6331811932428,0.9909457311757801,0.11793193042152854,0.5183653000276536,-1
94,2,simulated_annealing,-2.2512462424473982,2.2512462424473982,1,6.975887630945629,2042.0551592286024,0.024852146498604885,1864.7194229145446,0.9861262454982694,0.16280719137901395,0.012213800102472305,-1
94,2,block_beam_strong,-0.6081768530115436,0.6081768530115436,1,5.0376163508797,38.83837806407928,0.00560408546976951,1349.6331811932428,0.9909457311757801,0.11793193042152854,2.575035799993202,-1
94,2,block_lns_strong,-0.6081768530115436,0.6081768530115436,1,5.0376163508797,38.83837806407928,0.00560408546976951,1349.6331811932428,0.9909457311757801,0.11793193042152854,0.0988957998342812,-1
94,2,hybrid_heuristic,-0.6081768530115436,0.6081768530115436,1,5.0376163508797,38.83837806407928,0.00560408546976951,1349.6331811932428,0.9909457311757801,0.11793193042152854,0.025987799977883697,-1
94,3,autoreg_rl_pure,-0.33382104566989934,0.33382104566989934,1,5.59197531526101,18.764043194421593,0.002032353392281699,1361.981723763262,0.9281766993492333,0.15024561202074885,0.327503299806267,1024
94,3,random,-100.0,29.65223893641047,0,188.40796454701564,1.4148032366821793e+27,0.3256876663366919,45522.37947375636,0.9118509722582198,5.086536276854582,0.0350722000002861,-1
94,3,latency_greedy,-3.304165734163845,3.304165734163845,1,5.966901992893295,30628.45209180994,0.03767998413115818,1452.094119221827,0.9985274648275128,0.16268855633419238,0.00010429997928440571,-1
94,3,block_balanced,-6.280726361361984,6.280726361361984,1,13.114458204589342,30554407.809098747,0.07105486813178202,3178.8629090577665,0.5727967766745063,0.35420841928072594,0.00011019990779459476,-1
94,3,pdp_aware_greedy,-2.7325713393823925,2.7325713393823925,1,6.205806148588223,7206.804039321577,0.03079690827850894,1510.0004102742987,0.9317911231449753,0.16673806487166934,0.004067499889060855,-1
94,3,local_search,-2.7325713393823925,2.7325713393823925,1,6.205806148588223,7206.804039321577,0.03079690827850894,1510.0004102742987,0.9317911231449753,0.16673806487166934,0.024789399933069944,-1
94,3,beam_search,-0.33382104566989934,0.33382104566989934,1,5.59197531526101,18.764043194421593,0.002032353392281699,1361.981723763262,0.9281766993492333,0.15024561202074885,0.4662687999662012,-1
94,3,simulated_annealing,-2.7325713393823925,2.7325713393823925,1,6.205806148588223,7206.804039321577,0.03079690827850894,1510.0004102742987,0.9317911231449753,0.16673806487166934,0.01137010008096695,-1
94,3,block_beam_strong,-0.33382104566989934,0.33382104566989934,1,5.59197531526101,18.764043194421593,0.002032353392281699,1361.981723763262,0.9281766993492333,0.15024561202074885,3.076535499887541,-1
94,3,block_lns_strong,-0.33382104566989934,0.33382104566989934,1,5.59197531526101,18.764043194421593,0.002032353392281699,1361.981723763262,0.9281766993492333,0.15024561202074885,0.08691859990358353,-1
94,3,hybrid_heuristic,-0.33382104566989934,0.33382104566989934,1,5.59197531526101,18.764043194421593,0.002032353392281699,1361.981723763262,0.9281766993492333,0.15024561202074885,0.024897800059989095,-1
94,4,autoreg_rl_pure,-0.13883396812493445,0.13883396812493445,1,4.626757289846453,12.3897076595387,3.2628015756362273e-07,997.810888132827,0.9586787823063764,0.08468579231912116,0.3432993001770228,1024
94,4,random,-100.0,21.282566726234595,0,86.23741544569816,2.462338926093356e+21,0.22471074197134833,18406.1718223349,0.6233657695896613,1.587177261493324,0.034003800014033914,-1
94,4,latency_greedy,-1.5474931207049272,1.5474931207049272,1,4.569874487602463,421.0620424688155,0.01657296398840086,985.2942421398292,0.9350486543844919,0.0857907731659162,0.00010319985449314117,-1
94,4,block_balanced,-4.267520732652838,4.267520732652838,1,10.47023352509651,242879.88365504678,0.04732024629426841,2244.3146318965073,0.514830130559779,0.19334424240271414,0.00010979990474879742,-1
94,4,pdp_aware_greedy,-0.957468484615144,0.957468484615144,1,4.204220370207139,99.00225827068077,0.009768738903171436,907.2987550743762,0.9315371285892015,0.07900775414849574,0.004689099965617061,-1
94,4,local_search,-0.957468484615144,0.957468484615144,1,4.204220370207139,99.00225827068077,0.009768738903171436,907.2987550743762,0.9315371285892015,0.07900775414849574,0.023611800046637654,-1
94,4,beam_search,-0.6484958376199853,0.6484958376199853,1,4.2237513414680254,45.66107664148886,0.0063292322663415015,911.4927684554964,0.9350486543844919,0.07885997480042986,0.466287599876523,-1
94,4,simulated_annealing,-0.957468484615144,0.957468484615144,1,4.204220370207139,99.00225827068077,0.009768738903171436,907.2987550743762,0.9315371285892015,0.07900775414849574,0.012282799929380417,-1
94,4,block_beam_strong,-0.13883396812493445,0.13883396812493445,1,4.626757289846453,12.3897076595387,3.2628015756362273e-07,997.810888132827,0.9586787823063764,0.08468579231912116,4.343658400001004,-1
94,4,block_lns_strong,-0.13883396812493445,0.13883396812493445,1,4.626757289846453,12.3897076595387,3.2628015756362273e-07,997.810888132827,0.9586787823063764,0.08468579231912116,0.11729109985753894,-1
94,4,hybrid_heuristic,-0.13883396812493445,0.13883396812493445,1,4.626757289846453,12.3897076595387,3.2628015756362273e-07,997.810888132827,0.9586787823063764,0.08468579231912116,0.02332840021699667,-1
94,5,autoreg_rl_pure,-0.11632868334142372,0.11632868334142372,1,3.8776225285296135,12.388740000946251,7.411495664636884e-11,1021.1892302246449,0.9419819007210625,0.10540460878695952,0.32583920005708933,1024
94,5,random,-100.0,7.359426820291478,0,86.29641088289515,1873135.2916804873,0.05769403985154017,22503.627904823454,0.9305006083539614,2.320955511039666,0.034369400003924966,-1
94,5,latency_greedy,-0.8580064738003126,0.8580064738003126,1,4.218698901834574,77.12301494795211,0.008872435222746432,1110.0821504607154,0.9441051462006486,0.11458569565565875,0.00010559987276792526,-1
94,5,block_balanced,-3.1741453943236384,3.1741453943236384,1,9.17226586247722,17400.105058693895,0.03509102888769995,2401.532899518779,0.5901738494965516,0.24706762311344233,0.00011370005086064339,-1
94,5,pdp_aware_greedy,-0.6493831787515341,0.6493831787515341,1,5.486760520400443,41.626579135319425,0.00569448951951623,1440.771307905862,0.9686221938869097,0.14863784317332066,0.0038628000766038895,-1
94,5,local_search,-0.2599886039294923,0.2599886039294923,1,6.90734438133321,14.135772739099277,0.000704245542319457,1811.056240294018,0.9686221938869097,0.18661619961699671,0.03582089999690652,-1
94,5,beam_search,-0.11900783339008474,0.11900783339008474,1,3.963475114556693,12.39194824722439,1.1774190717968066e-06,1043.5664635104733,0.9419819007210625,0.10772445616688803,0.42254039994440973,-1
94,5,simulated_annealing,-0.2599886039294923,0.2599886039294923,1,6.90734438133321,14.135772739099277,0.000704245542319457,1811.056240294018,0.9686221938869097,0.18661619961699671,0.012794399866834283,-1
94,5,block_beam_strong,-0.11632868334142372,0.11632868334142372,1,3.8776225285296135,12.388740000946251,7.411495664636884e-11,1021.1892302246449,0.9419819007210625,0.10540460878695952,3.0824152000714093,-1
94,5,block_lns_strong,-0.11632868334142372,0.11632868334142372,1,3.8776225285296135,12.388740000946251,7.411495664636884e-11,1021.1892302246449,0.9419819007210625,0.10540460878695952,0.09622619999572635,-1
94,5,hybrid_heuristic,-0.11632868334142372,0.11632868334142372,1,3.8776225285296135,12.388740000946251,7.411495664636884e-11,1021.1892302246449,0.9419819007210625,0.10540460878695952,0.024059199960902333,-1
94,6,autoreg_rl_pure,-0.21367902620185253,0.21367902620185253,1,5.733744654092969,13.748843250876668,0.0005627224882127839,1348.8343563514904,0.9533524165646614,0.11561219472095789,0.3219529001507908,1024
94,6,random,-100.0,24.889316565412756,0,144.07154721366328,2.6518465550452838e+23,0.24951854406366603,33620.25929156971,0.6211503805979164,2.893720853287005,0.03342789993621409,-1
94,6,latency_greedy,-3.3582351876184884,3.3582351876184884,1,10.223326526999632,25479.422801783992,0.03669876318916401,2396.0348582026513,0.9966593993103458,0.20405361571579286,0.00010629999451339245,-1
94,6,block_balanced,-3.912252335285943,3.912252335285943,1,10.880659788277274,96893.65646816422,0.042746233876289,2549.539291485943,0.5409877204880061,0.21877546956935526,0.00020650005899369717,-1
94,6,pdp_aware_greedy,-2.2512806473961304,2.2512806473961304,1,6.439258793257887,2126.101257436984,0.024478249302326793,1513.5087565468361,0.957445981887121,0.13186912851399987,0.004990800051018596,-1
94,6,local_search,-1.4870063710739152,1.4870063710739152,1,9.656400255206062,247.16938861730407,0.014553178347011572,2263.9864950399815,0.9225882718790112,0.1959741158299173,0.034590600058436394,-1
94,6,beam_search,-0.21363733116300473,0.21363733116300473,1,5.716249525269858,13.765460472207273,0.000555734249818381,1344.7558614622485,0.9374385287661876,0.11526518401326896,0.45777360000647604,-1
94,6,simulated_annealing,-1.4870063710739152,1.4870063710739152,1,9.656400255206062,247.16938861730407,0.014553178347011572,2263.9864950399815,0.9225882718790112,0.1959741158299173,0.011506299953907728,-1
94,6,block_beam_strong,-0.21480597762120726,0.21480597762120726,1,5.7270005610863635,13.79460921000628,0.0005442851262382122,1347.2581809707672,0.9533524165646614,0.11531942423685528,7.233750599902123,-1
94,6,block_lns_strong,-0.21363733116300473,0.21363733116300473,1,5.716249525269858,13.765460472207273,0.000555734249818381,1344.7558614622485,0.9374385287661876,0.11526518401326896,0.11032449989579618,-1
94,6,hybrid_heuristic,-0.21363733116300473,0.21363733116300473,1,5.716249525269858,13.765460472207273,0.000555734249818381,1344.7558614622485,0.9374385287661876,0.11526518401326896,0.02564970008097589,-1
94,7,autoreg_rl_pure,-0.21600648106364004,0.21600648106364004,1,5.740727821428148,13.821835067202525,0.0005449658740449398,1296.9107595033386,0.999304283921065,0.13868917572967712,9.344397000037134,616
94,7,random,-100.0,13.341015975201044,0,116.53041292699521,605637188812.452,0.11858437197693814,26116.95114693199,0.9090828626090885,2.825989403109884,0.03374040010385215,-1
94,7,latency_greedy,-5.587713064485485,5.587713064485485,1,10.929958576893759,6364993.347878941,0.062083694911527286,2459.336165515675,0.9992753149255562,0.2676077196794545,0.00011719996109604836,-1
94,7,block_balanced,-4.814404226031708,4.814404226031708,1,10.648928780690898,940464.220036487,0.053957423380683864,2396.5464970557477,0.6804354985160852,0.25994066048668535,0.00011119991540908813,-1
94,7,pdp_aware_greedy,-0.22313435308332225,0.22313435308332225,1,5.978323555527008,13.821835067089063,0.0005449658740300133,1350.2246471177978,0.922182353274473,0.14442920687974492,0.003562099998816848,-1
94,7,local_search,-0.2214947782580299,0.2214947782580299,1,5.92367106129778,13.821835067143814,0.0005449658740340706,1337.9592465392748,0.922182353274473,0.14310886743638546,0.03567270003259182,-1
94,7,beam_search,-0.1670504950023408,0.1670504950023408,1,5.503470218239224,12.449169925718806,2.1865432279295176e-05,1243.7805671216865,0.9176972997505167,0.13295731342137407,0.5293891001492739,-1
94,7,simulated_annealing,-0.2214947782580299,0.2214947782580299,1,5.92367106129778,13.821835067143814,0.0005449658740340706,1337.9592465392748,0.922182353274473,0.14310886743638546,0.01207039994187653,-1
94,7,block_beam_strong,-0.17540403486317224,0.17540403486317224,1,5.814666732128114,12.418633659799749,1.794869688686997e-05,1313.5736985763697,0.9035762688461638,0.1404754521215053,1.3974224999547005,-1
94,7,block_lns_strong,-0.1670504950023408,0.1670504950023408,1,5.503470218239224,12.449169925718806,2.1865432279295176e-05,1243.7805671216865,0.9176972997505167,0.13295731342137407,0.11894220020622015,-1
94,7,hybrid_heuristic,-0.1670504950023408,0.1670504950023408,1,5.503470218239224,12.449169925718806,2.1865432279295176e-05,1243.7805671216865,0.9176972997505167,0.13295731342137407,0.024587600026279688,-1
94,8,autoreg_rl_pure,-0.1898458948303911,0.1898458948303911,1,5.321374410845413,13.360460461285195,0.0004176809351434206,1310.6401351606266,0.9440714076360609,0.11911369392625823,2.5612867998424917,958
94,8,random,-100.0,18.24388688139591,0,111.70743295789951,1.8303388756587114e+17,0.18026170205841144,27300.3066966958,0.9383180275349182,2.467675394194735,0.036207100143656135,-1
94,8,latency_greedy,-3.13491898729629,3.13491898729629,1,6.842986656210988,18785.892082019553,0.035400400770176074,1682.237041089549,0.9440714076360609,0.15306244163006097,0.00010760012082755566,-1
94,8,block_balanced,-5.440846829912386,5.440846829912386,1,12.053249671081629,4052770.6908130497,0.060650640356231876,2955.378774840517,0.6936221970353195,0.26779919514372813,0.0001259001437574625,-1
94,8,pdp_aware_greedy,-2.0217353286812303,2.0217353286812303,1,6.335906790946654,1207.0483632882454,0.022157329700830362,1558.4367453677432,0.9440714076360609,0.14168450160282892,0.0036545000039041042,-1
94,8,local_search,-1.3629526390864326,1.3629526390864326,1,10.209108728051714,173.90104317167234,0.012817737969891923,2504.724620968968,0.9273417174246145,0.22658673041899116,0.03778619994409382,-1
94,8,beam_search,-0.1898458948303911,0.1898458948303911,1,5.321374410845413,13.360460461285195,0.0004176809351434206,1310.6401351606266,0.9440714076360609,0.11911369392625823,0.48978139995597303,-1
94,8,simulated_annealing,-1.3629526390864326,1.3629526390864326,1,10.209108728051714,173.90104317167234,0.012817737969891923,2504.724620968968,0.9273417174246145,0.22658673041899116,0.01232229988090694,-1
94,8,block_beam_strong,-0.1988018687100574,0.1988018687100574,1,5.632852430375651,13.347494861504803,0.0004161507456980966,1386.821678045536,0.9440714076360609,0.12598481905769218,1.4850004999898374,-1
94,8,block_lns_strong,-0.1898458948303911,0.1898458948303911,1,5.321374410845413,13.360460461285195,0.0004176809351434206,1310.6401351606266,0.9440714076360609,0.11911369392625823,0.1203297998290509,-1
94,8,hybrid_heuristic,-0.1898458948303911,0.1898458948303911,1,5.321374410845413,13.360460461285195,0.0004176809351434206,1310.6401351606266,0.9440714076360609,0.11911369392625823,0.026192700024694204,-1
94,9,autoreg_rl_pure,-0.11536073711077338,0.11536073711077338,1,3.8433907714796662,12.390567675622744,7.658013379768669e-07,1021.3908589132222,0.9978100266846325,0.10812077879070381,0.4386120999697596,1024
94,9,random,-100.0,8.553405595504127,0,91.01897435592863,26007067.578337,0.06945887648510843,23952.138179506303,0.9126846008238841,2.506189478507011,0.03290760004892945,-1
94,9,latency_greedy,-3.229626217902481,3.229626217902481,1,4.802590770475005,27740.791156603773,0.03726004516240923,1273.5576155824058,0.9400888919547907,0.1335066874868338,0.0001066999975591898,-1
94,9,block_balanced,-2.7822110116739296,2.7822110116739296,1,8.055303782113258,7102.255740098845,0.030206514855594203,2129.34201614493,0.5609706225365404,0.22227968869103426,0.00011649983935058117,-1
94,9,pdp_aware_greedy,-0.11536073711077338,0.11536073711077338,1,3.8433907714796662,12.390567675622744,7.658013379768669e-07,1021.3908589132222,0.9978100266846325,0.10812077879070381,0.004206500016152859,-1
94,9,local_search,-0.11536073711077338,0.11536073711077338,1,3.8433907714796662,12.390567675622744,7.658013379768669e-07,1021.3908589132222,0.9978100266846325,0.10812077879070381,0.02474089991301298,-1
94,9,beam_search,-0.11536073711077338,0.11536073711077338,1,3.8433907714796662,12.390567675622744,7.658013379768669e-07,1021.3908589132222,0.9978100266846325,0.10812077879070381,0.43706280016340315,-1
94,9,simulated_annealing,-0.11536073711077338,0.11536073711077338,1,3.8433907714796662,12.390567675622744,7.658013379768669e-07,1021.3908589132222,0.9978100266846325,0.10812077879070381,0.011475800070911646,-1
94,9,block_beam_strong,-0.11536073711077338,0.11536073711077338,1,3.8433907714796662,12.390567675622744,7.658013379768669e-07,1021.3908589132222,0.9978100266846325,0.10812077879070381,3.927687400020659,-1
94,9,block_lns_strong,-0.11536073711077338,0.11536073711077338,1,3.8433907714796662,12.390567675622744,7.658013379768669e-07,1021.3908589132222,0.9978100266846325,0.10812077879070381,0.10090640000998974,-1
94,9,hybrid_heuristic,-0.11536073711077338,0.11536073711077338,1,3.8433907714796662,12.390567675622744,7.658013379768669e-07,1021.3908589132222,0.9978100266846325,0.10812077879070381,0.024719499982893467,-1
94,10,autoreg_rl_pure,-0.19119628932622945,0.19119628932622945,1,4.008180745519382,14.793163440011016,0.0008926397499353065,1021.8758043670844,0.9764326966502994,0.10415458431062043,0.32831579982303083,1024
94,10,random,-100.0,25.263696423391323,0,167.05563263333153,1.2061089678999026e+23,0.24218797303960504,42164.637568866965,0.9382173658686256,4.270887624944267,0.03344410005956888,-1
94,10,latency_greedy,-2.604462357837068,2.604462357837068,1,4.980821383250046,5735.225035506323,0.029578439649610672,1267.113649877592,0.9864995078688495,0.130099218866805,0.00010289996862411499,-1
94,10,block_balanced,-2.597865695249218,2.597865695249218,1,9.726212948285236,3952.0362994880734,0.02832564783651329,2464.8569196378853,0.5592799874016844,0.24995293718825515,0.00011010002344846725,-1
94,10,pdp_aware_greedy,-1.4748728608682893,1.4748728608682893,1,4.257177303333243,359.48837186458127,0.01621585322575438,1084.613641095513,0.9864995078688495,0.11157333513853282,0.004330700030550361,-1
94,10,local_search,-0.415142848254088,0.415142848254088,1,5.015625906718108,24.010065891099806,0.0032440448490020915,1275.9965776062722,0.9864995078688495,0.13137169478072225,0.036368400091305375,-1
94,10,beam_search,-0.3519400963938507,0.3519400963938507,1,3.8541866045640543,22.36672185088986,0.002850283793001749,982.9250850446899,0.9864995078688495,0.10128800908998128,0.4709604000672698,-1
94,10,simulated_annealing,-0.415142848254088,0.415142848254088,1,5.015625906718108,24.010065891099806,0.0032440448490020915,1275.9965776062722,0.9864995078688495,0.13137169478072225,0.011464899871498346,-1
94,10,block_beam_strong,-0.19209395542476687,0.19209395542476687,1,4.038102948803962,14.793163440011016,0.0008926397499353066,1029.4210923420192,0.8441012525018023,0.10532265458646546,3.982429699972272,-1
94,10,block_lns_strong,-0.19119628932622945,0.19119628932622945,1,4.008180745519382,14.793163440011016,0.0008926397499353065,1021.8758043670844,0.9764326966502994,0.10415458431062043,0.10265130014158785,-1
94,10,hybrid_heuristic,-0.19119628932622945,0.19119628932622945,1,4.008180745519382,14.793163440011016,0.0008926397499353065,1021.8758043670844,0.9764326966502994,0.10415458431062043,0.024595800088718534,-1
94,11,autoreg_rl_pure,-0.32031390169101315,0.32031390169101315,1,4.443920476640077,19.772235287248407,0.002300581734416984,1217.479567844395,0.9959153191454743,0.14090189112471005,0.8624330000020564,1024
94,11,random,-100.0,20.680499177886208,0,160.77290196511473,2.041197407980705e+18,0.1908520367379928,43668.32979912995,0.9934081014621678,5.013419236584917,0.03473469987511635,-1
94,11,latency_greedy,-3.6630964086164344,3.6630964086164344,1,5.473608514210197,77964.45992844485,0.04169768338122873,1496.6761988989415,0.9959153191454743,0.1732426509464554,0.00011040014214813709,-1
94,11,block_balanced,-5.118109829674456,5.118109829674456,1,10.617352093226621,2014257.3892327962,0.05792772147807765,2893.695858530956,0.5783334127832308,0.33219793748892096,0.00028609996661543846,-1
94,11,pdp_aware_greedy,-0.5514391170190911,0.5514391170190911,1,4.387660283818641,35.38582259229417,0.004932997668687343,1202.1148274362213,0.9988114309259836,0.13626918107605507,0.004006600007414818,-1
94,11,local_search,-0.5514391170190911,0.5514391170190911,1,4.387660283818641,35.38582259229417,0.004932997668687343,1202.1148274362213,0.9988114309259836,0.13626918107605507,0.024276399984955788,-1
94,11,beam_search,-0.8944979735852682,0.8944979735852682,1,5.679059202960047,75.72462998923848,0.008890837902436746,1552.5953723715006,0.9959153191454743,0.17945631616062244,0.5034149000421166,-1
94,11,simulated_annealing,-0.5514391170190911,0.5514391170190911,1,4.387660283818641,35.38582259229417,0.004932997668687343,1202.1148274362213,0.9988114309259836,0.13626918107605507,0.011987899895757437,-1
94,11,block_beam_strong,-0.32031390169101315,0.32031390169101315,1,4.443920476640077,19.772235287248407,0.002300581734416984,1217.479567844395,0.9959153191454743,0.14090189112471005,3.155122899916023,-1
94,11,block_lns_strong,-0.32031390169101315,0.32031390169101315,1,4.443920476640077,19.772235287248407,0.002300581734416984,1217.479567844395,0.9959153191454743,0.14090189112471005,0.09865970001555979,-1
94,11,hybrid_heuristic,-0.32031390169101315,0.32031390169101315,1,4.443920476640077,19.772235287248407,0.002300581734416984,1217.479567844395,0.9959153191454743,0.14090189112471005,0.026764099951833487,-1
94,12,autoreg_rl_pure,-0.3861515176906014,0.3861515176906014,1,5.610419342338687,21.357123137946783,0.002652504089117251,1427.5849886768067,0.9465111860026031,0.12779108152093938,0.9201060999184847,1024
94,12,random,-100.0,26.214776547578968,0,176.3728767894743,6.46437574108198e+23,0.2518866391272861,44551.110957892175,0.9413629374916122,4.00458225846198,0.039247999899089336,-1
94,12,latency_greedy,-3.4317443995858437,3.4317443995858437,1,6.349912447524298,40941.74748349229,0.038206697430522754,1614.0663556317727,0.9516594345135941,0.1461647472386858,0.00019359984435141087,-1
94,12,block_balanced,-3.1881585924969493,3.1881585924969493,1,9.805331880066122,17184.869014204425,0.03465509952011046,2487.0488909259384,0.6310074573350688,0.2240002628585634,0.00012570014223456383,-1
94,12,pdp_aware_greedy,-2.3400893478030307,2.3400893478030307,1,5.6638004612007,2813.6175306812625,0.02664894116132841,1441.2138615200515,0.9802187149066443,0.1282869503399389,0.00462450017221272,-1
94,12,local_search,-1.7268413725088598,1.7268413725088598,1,9.154127394404798,467.46844709629596,0.017691851996597247,2322.67384133732,0.9802187149066443,0.207344007702299,0.039841500110924244,-1
94,12,beam_search,-0.7470015636160956,0.7470015636160956,1,5.167079215133548,54.42158971126286,0.007207998499178151,1315.7724242687982,0.9516594345135941,0.11909176922660021,0.46485819993540645,-1
94,12,simulated_annealing,-1.7268413725088598,1.7268413725088598,1,9.154127394404798,467.46844709629596,0.017691851996597247,2322.67384133732,0.9802187149066443,0.207344007702299,0.01222459995187819,-1
94,12,block_beam_strong,-0.3930110104034909,0.3930110104034909,1,5.839615863604203,21.356247357676928,0.002652342816495267,1485.5543065312656,0.8387270732307399,0.13369568954333833,2.6067082001827657,-1
94,12,block_lns_strong,-0.38697860009364704,0.38697860009364704,1,5.637839718304498,21.357361865149393,0.00265242457433038,1434.5209177613801,0.9458567073231984,0.12947766222125243,0.11264110007323325,-1
94,12,hybrid_heuristic,-0.38697860009364704,0.38697860009364704,1,5.637839718304498,21.357361865149393,0.00265242457433038,1434.5209177613801,0.9458567073231984,0.12947766222125243,0.025063500041142106,-1
94,13,autoreg_rl_pure,-0.3600916493025822,0.3600916493025822,1,4.113183745093344,22.388072050574582,0.0028820068186721512,1123.8475061336283,0.9714075839015547,0.09524083174508619,1.7899762000888586,1024
94,13,random,-100.0,25.668133532686078,0,132.1082431821841,4.55835283607389e+24,0.2623596741377484,35769.206289603804,0.6648433289276441,3.0112143310266943,0.03358639986254275,-1
94,13,latency_greedy,-4.2320312856148545,4.2320312856148545,1,7.2509168104595165,282956.2101413032,0.048070855240848864,1973.1426487348429,0.9826954480706662,0.1669038889104226,0.0001066999975591898,-1
94,13,block_balanced,-100.0,8.742999664021035,0,64.50642158671697,305147406.5445566,0.0818208656368157,17471.05944131125,0.5302487885283034,1.4669376590613437,0.00011730007827281952,-1
94,13,pdp_aware_greedy,-0.49497507084206904,0.49497507084206904,1,4.257249168504199,31.029301458148556,0.004438638905896111,1162.8852694203454,0.9714075839015547,0.0985144906152864,0.004056600155308843,-1
94,13,local_search,-0.49497507084206904,0.49497507084206904,1,4.257249168504199,31.029301458148556,0.004438638905896111,1162.8852694203454,0.9714075839015547,0.0985144906152864,0.02396210003644228,-1
94,13,beam_search,-0.49497507084206904,0.49497507084206904,1,4.257249168504199,31.029301458148556,0.004438638905896111,1162.8852694203454,0.9714075839015547,0.0985144906152864,0.46609379979781806,-1
94,13,simulated_annealing,-0.49497507084206904,0.49497507084206904,1,4.257249168504199,31.029301458148556,0.004438638905896111,1162.8852694203454,0.9714075839015547,0.0985144906152864,0.011294800089672208,-1
94,13,block_beam_strong,-0.3600916493025822,0.3600916493025822,1,4.113183745093344,22.388072050574582,0.0028820068186721512,1123.8475061336283,0.9714075839015547,0.09524083174508619,5.4106463000644,-1
94,13,block_lns_strong,-0.3600916493025822,0.3600916493025822,1,4.113183745093344,22.388072050574582,0.0028820068186721512,1123.8475061336283,0.9714075839015547,0.09524083174508619,0.11085240007378161,-1
94,13,hybrid_heuristic,-0.3600916493025822,0.3600916493025822,1,4.113183745093344,22.388072050574582,0.0028820068186721512,1123.8475061336283,0.9714075839015547,0.09524083174508619,0.02445239992812276,-1
94,14,autoreg_rl_pure,-0.12324925886377851,0.12324925886377851,1,3.730872720218837,12.744447289782018,0.00015845526081924752,967.200133226984,0.9328878996960154,0.10889923357874878,0.3278503001201898,1024
94,14,random,-100.0,15.269176547618306,0,155.39469225866944,4071886113395.7964,0.12749865885221287,39866.36580943638,0.678771756958756,4.448743451803543,0.03271149983629584,-1
94,14,latency_greedy,-3.6685177490918504,3.6685177490918504,1,10.40803929811033,54583.08975351512,0.039918379858707866,2679.7508480746587,0.9956882869649355,0.30082454137147685,0.00010830000974237919,-1
94,14,block_balanced,-3.9209773518822857,3.9209773518822857,1,9.51904399103154,109677.88791907059,0.04370319835618394,2452.122807572815,0.5757041545205529,0.2737307142833914,0.00011230004020035267,-1
94,14,pdp_aware_greedy,-0.12492677994971729,0.12492677994971729,1,3.7802870421945847,12.750664636857254,0.00016006488698728084,979.8871233930978,0.9322770194899194,0.10994641890733345,0.005043699871748686,-1
94,14,local_search,-0.12324925886377851,0.12324925886377851,1,3.730872720218837,12.744447289782018,0.00015845526081924752,967.200133226984,0.9328878996960154,0.10889923357874878,0.035098099848255515,-1
94,14,beam_search,-0.15651611620684464,0.15651611620684464,1,4.444126550851426,13.128281235393734,0.00030800342733691493,1150.4747485420864,0.9364136048033999,0.12948327764035283,0.461236999835819,-1
94,14,simulated_annealing,-0.12324925886377851,0.12324925886377851,1,3.730872720218837,12.744447289782018,0.00015845526081924752,967.200133226984,0.9328878996960154,0.10889923357874878,0.012649600161239505,-1
94,14,block_beam_strong,-0.12324925886377851,0.12324925886377851,1,3.730872720218837,12.744447289782018,0.00015845526081924752,967.200133226984,0.9328878996960154,0.10889923357874878,4.569291099905968,-1
94,14,block_lns_strong,-0.12324925886377851,0.12324925886377851,1,3.730872720218837,12.744447289782018,0.00015845526081924752,967.200133226984,0.9328878996960154,0.10889923357874878,0.10059460019692779,-1
94,14,hybrid_heuristic,-0.12324925886377851,0.12324925886377851,1,3.730872720218837,12.744447289782018,0.00015845526081924752,967.200133226984,0.9328878996960154,0.10889923357874878,0.025899400003254414,-1
94,15,autoreg_rl_pure,-0.30930168847502304,0.30930168847502304,1,4.671910683521232,18.909206064624843,0.0019875423333148116,1254.8994485883773,0.939351568348115,0.14648229795986417,0.33284059981815517,1024
94,15,random,-100.0,28.6867838743258,0,191.49018555988985,1.0047827288048533e+26,0.2747054566250941,51003.19530427173,0.6228466016206831,6.031026980894986,0.03354130010120571,-1
94,15,latency_greedy,-1.0074760814524888,1.0074760814524888,1,4.170265133492292,112.4724491869315,0.010402932072937033,1120.8341331608635,0.9924753981676034,0.1333923615297181,0.00010469998233020306,-1
94,15,block_balanced,-5.502038758457952,5.502038758457952,1,10.83931157877236,5172861.13613629,0.06266830626310427,2896.9878070424434,0.5368360796434015,0.34193012496874997,0.00011339993216097355,-1
94,15,pdp_aware_greedy,-1.013234195691562,1.013234195691562,1,4.324182427033062,112.79362078254046,0.010456038036308969,1161.9029164016056,0.9924753981676034,0.13821015508460777,0.004532500170171261,-1
94,15,local_search,-1.0074760814524888,1.0074760814524888,1,4.170265133492292,112.4724491869315,0.010402932072937033,1120.8341331608635,0.9924753981676034,0.1333923615297181,0.0259483999107033,-1
94,15,beam_search,-0.3783047138291329,0.3783047138291329,1,4.5777414320750385,22.628703212307386,0.0029256921618785172,1229.6529716452505,0.9319541606051205,0.14352973116579995,0.4460603999905288,-1
94,15,simulated_annealing,-1.0074760814524888,1.0074760814524888,1,4.170265133492292,112.4724491869315,0.010402932072937033,1120.8341331608635,0.9924753981676034,0.1333923615297181,0.011942700017243624,-1
94,15,block_beam_strong,-0.3092382245245259,0.3092382245245259,1,4.638703280246762,18.953351806305776,0.002092428330963525,1246.0383543515072,0.9661158879693257,0.1454411186500624,3.8432018999010324,-1
94,15,block_lns_strong,-0.30799035206377756,0.30799035206377756,1,4.597107531562673,18.953351806295085,0.0020924283306237414,1234.9702198598202,0.9410989383172264,0.14413693257602253,0.10397060005925596,-1
94,15,hybrid_heuristic,-0.30799035206377756,0.30799035206377756,1,4.597107531562673,18.953351806295085,0.0020924283306237414,1234.9702198598202,0.9410989383172264,0.14413693257602253,0.026122799841687083,-1
94,16,autoreg_rl_pure,-0.10550974941480369,0.10550974941480369,1,3.5169916471601232,12.388739769105376,3.43732622059163e-21,921.77685371075,0.9770074369236798,0.09671144114406886,0.3296048999764025,1024
94,16,random,-100.0,23.959639726200095,0,193.58155557905286,6.331700010171826e+20,0.2185903355514329,50176.20486039481,0.7734529746826988,5.25439270367903,0.03420110000297427,-1
94,16,latency_greedy,-4.311523838585223,4.311523838585223,1,6.940658291336784,353291.2976860973,0.049080374247158526,1808.9061706900407,0.9770074369236798,0.1892173413184968,0.00010180007666349411,-1
94,16,block_balanced,-6.06303424396963,6.06303424396963,1,14.243063279341332,16291333.559069524,0.06707669156399645,3701.554793733465,0.5626300452791264,0.38630993637693256,0.00010939990170300007,-1
94,16,pdp_aware_greedy,-0.11206920976232551,0.11206920976232551,1,3.7356403254108503,12.388739769105376,3.437326192055263e-21,978.5267982566148,0.9899671958870991,0.10258844013426645,0.004564099945127964,-1
94,16,local_search,-0.10951054193974415,0.10951054193974415,1,3.6503513979914715,12.388739769105376,3.437326199813213e-21,956.3889612982298,0.9770074369236798,0.10029625683290977,0.035141800064593554,-1
94,16,beam_search,-0.10817776871355762,0.10817776871355762,1,3.6059255902070086,12.388739800304787,1.2399250355740395e-11,944.805788596386,0.973346807765528,0.09910982968218114,0.4546533999964595,-1
94,16,simulated_annealing,-0.10951054193974415,0.10951054193974415,1,3.6503513979914715,12.388739769105376,3.437326199813213e-21,956.3889612982298,0.9770074369236798,0.10029625683290977,0.010715099982917309,-1
94,16,block_beam_strong,-0.10550974941480369,0.10550974941480369,1,3.5169916471601232,12.388739769105376,3.43732622059163e-21,921.77685371075,0.9770074369236798,0.09671144114406886,3.886441000038758,-1
94,16,block_lns_strong,-0.10550974941480369,0.10550974941480369,1,3.5169916471601232,12.388739769105376,3.43732622059163e-21,921.77685371075,0.9770074369236798,0.09671144114406886,0.09639379987493157,-1
94,16,hybrid_heuristic,-0.10550974941480369,0.10550974941480369,1,3.5169916471601232,12.388739769105376,3.43732622059163e-21,921.77685371075,0.9770074369236798,0.09671144114406886,0.02578600007109344,-1
94,17,autoreg_rl_pure,-0.10646324844191381,0.10646324844191381,1,3.5182069834470884,12.417174743542388,1.0369374618896949e-05,808.6275936785447,0.8049629151556524,0.06569737729112939,0.3252181999851018,1024
94,17,random,-100.0,15.07063622181078,0,93.1404975356927,264230043427784.7,0.149041177627536,21143.967002890513,0.683508063579262,1.707814451623263,0.03339070011861622,-1
94,17,latency_greedy,-0.1177078765688874,0.1177078765688874,1,3.595780374062885,12.697106594262577,0.00013015602746349974,826.1036069218668,0.9953082572439277,0.06755025538986052,0.00010339985601603985,-1
94,17,block_balanced,-3.259010408871729,3.259010408871729,1,8.981819847252115,21822.078479416494,0.03583476672720627,2048.303822630354,0.5345009084183099,0.1653349536777269,0.00011070002801716328,-1
94,17,pdp_aware_greedy,-0.1177078765688874,0.1177078765688874,1,3.595780374062885,12.697106594262577,0.00013015602746349974,826.1036069218668,0.9953082572439277,0.06755025538986052,0.006424200022593141,-1
94,17,local_search,-0.11531215790135368,0.11531215790135368,1,3.5243743732433357,12.689061126390033,0.00012990581325830348,809.90590096509,0.9805276483501271,0.06609238444342692,0.037284799851477146,-1
94,17,beam_search,-0.10652142709994256,0.10652142709994256,1,3.5276606764863763,12.410178639685506,8.95923322912251e-06,810.7597274343766,0.9953082572439277,0.0662750622381423,0.43028889992274344,-1
94,17,simulated_annealing,-0.11531215790135368,0.11531215790135368,1,3.5243743732433357,12.689061126390033,0.00012990581325830348,809.90590096509,0.9805276483501271,0.06609238444342692,0.01183520001359284,-1
94,17,block_beam_strong,-0.10646324844191381,0.10646324844191381,1,3.5182069834470884,12.417174743542388,1.0369374618896949e-05,808.6275936785447,0.8049629151556524,0.06569737729112939,5.006471199914813,-1
94,17,block_lns_strong,-0.10646324844191381,0.10646324844191381,1,3.5182069834470884,12.417174743542388,1.0369374618896949e-05,808.6275936785447,0.8049629151556524,0.06569737729112939,0.10920799989253283,-1
94,17,hybrid_heuristic,-0.10646324844191381,0.10646324844191381,1,3.5182069834470884,12.417174743542388,1.0369374618896949e-05,808.6275936785447,0.8049629151556524,0.06569737729112939,0.024283399805426598,-1
94,18,autoreg_rl_pure,-0.21862009844635516,0.21862009844635516,1,3.7986210542212744,16.09392133662161,0.0012744414940121707,1093.669938790005,0.9630324299058287,0.10054816050508933,0.993686799891293,1024
94,18,random,-100.0,21.871729802440058,0,142.08406739306034,1.6292268361829007e+20,0.21133906151835968,40532.583115713,0.7448174560239688,3.6982070821942266,0.033491999842226505,-1
94,18,latency_greedy,-2.6038444684190263,2.6038444684190263,1,5.857606649702346,5361.926704325843,0.02909707041208493,1680.8550767311333,0.9630324299058287,0.1547007080800371,0.00010649999603629112,-1
94,18,block_balanced,-4.2563465869930805,4.2563465869930805,1,11.548918260238718,217833.34455252398,0.04772632393692894,3304.3326428336004,0.5425193776368085,0.30229168605808804,0.00011319993063807487,-1
94,18,pdp_aware_greedy,-0.31875539873827663,0.31875539873827663,1,3.9757675567140263,20.399163742785003,0.002448572100489249,1144.258895194067,0.9706844194949134,0.10515596970229549,0.004089999943971634,-1
94,18,local_search,-0.3094061164858217,0.3094061164858217,1,3.8474953019037548,20.120538725388982,0.002390896202151583,1107.6589356197153,0.9630324299058287,0.10181318791618355,0.03618689998984337,-1
94,18,beam_search,-0.3485357711134282,0.3485357711134282,1,5.623131735840968,19.42172965425273,0.0021735504018088924,1614.584708422965,0.9617471765646967,0.14613327814199636,0.4883128001820296,-1
94,18,simulated_annealing,-0.3094061164858217,0.3094061164858217,1,3.8474953019037548,20.120538725388982,0.002390896202151583,1107.6589356197153,0.9630324299058287,0.10181318791618355,0.011724699987098575,-1
94,18,block_beam_strong,-0.21862009844635516,0.21862009844635516,1,3.7986210542212744,16.09392133662161,0.0012744414940121707,1093.669938790005,0.9630324299058287,0.10054816050508933,5.1840907000005245,-1
94,18,block_lns_strong,-0.21862009844635516,0.21862009844635516,1,3.7986210542212744,16.09392133662161,0.0012744414940121707,1093.669938790005,0.9630324299058287,0.10054816050508933,0.11255749990232289,-1
94,18,hybrid_heuristic,-0.21862009844635516,0.21862009844635516,1,3.7986210542212744,16.09392133662161,0.0012744414940121707,1093.669938790005,0.9630324299058287,0.10054816050508933,0.025505200028419495,-1
94,19,autoreg_rl_pure,-0.2070074109109789,0.2070074109109789,1,3.974758135434729,15.42824073562171,0.0010859602709907981,1109.4233658934668,0.9728262797839731,0.11147675916307109,0.3537033998873085,1024
94,19,random,-100.0,24.536263889396924,0,182.63490917039218,6.083271091385606e+21,0.22929621302017145,50511.21203193846,0.9676221095771261,5.027462100006616,0.0343599000480026,-1
94,19,latency_greedy,-3.4447963933554577,3.4447963933554577,1,4.76672762373246,47632.68139350449,0.03968940792223316,1328.2703905897527,0.9685288423259097,0.1335407052657514,0.00010529998689889908,-1
94,19,block_balanced,-5.92966287824841,5.92966287824841,1,11.181746461394194,14684663.208066674,0.0680332582437161,3102.3444154029285,0.620243297351091,0.3093553761974299,0.00011279992759227753,-1
94,19,pdp_aware_greedy,-1.0335689293119055,1.0335689293119055,1,4.142554455465687,120.30362024914045,0.010989616970437509,1155.892032308958,0.9771735722983197,0.1152347837933952,0.0043264999985694885,-1
94,19,local_search,-1.0335689293119055,1.0335689293119055,1,4.142554455465687,120.30362024914045,0.010989616970437509,1155.892032308958,0.9771735722983197,0.1152347837933952,0.024819999933242798,-1
94,19,beam_search,-1.0335689293119055,1.0335689293119055,1,4.142554455465687,120.30362024914045,0.010989616970437509,1155.892032308958,0.9771735722983197,0.1152347837933952,0.5084679001010954,-1
94,19,simulated_annealing,-1.0335689293119055,1.0335689293119055,1,4.142554455465687,120.30362024914045,0.010989616970437509,1155.892032308958,0.9771735722983197,0.1152347837933952,0.010931700002402067,-1
94,19,block_beam_strong,-0.21536430771568071,0.21536430771568071,1,4.13924906456422,15.560802101542201,0.001104171887085315,1154.979335786585,0.9819493036589165,0.11540171860232128,2.7154310001060367,-1
94,19,block_lns_strong,-0.2070074109109789,0.2070074109109789,1,3.974758135434729,15.42824073562171,0.0010859602709907981,1109.4233658934668,0.9728262797839731,0.11147675916307109,0.09970419993624091,-1
94,19,hybrid_heuristic,-0.2070074109109789,0.2070074109109789,1,3.974758135434729,15.42824073562171,0.0010859602709907981,1109.4233658934668,0.9728262797839731,0.11147675916307109,0.025738999946042895,-1
94,20,autoreg_rl_pure,-0.7642841011868009,0.7642841011868009,1,4.541917002467605,59.55227240571297,0.0076475276319635434,1098.3244753960162,0.993241948868134,0.09849973690639342,1.301420799922198,1024
94,20,random,-100.0,24.58022232936399,0,168.38723527980713,1.9767006342574076e+22,0.23626107979048763,40337.185073139306,0.7918545465186021,3.5947085777058723,0.03351069986820221,-1
94,20,latency_greedy,-2.9263775191901917,2.9263775191901917,1,5.2578844877061295,12561.482145996055,0.03358469715589424,1269.6503307870616,0.993241948868134,0.11392875792091978,0.00010950001887977123,-1
94,20,block_balanced,-7.173259688301626,7.173259688301626,1,11.801886336607252,313966145.89079106,0.08165321569142915,2836.992985581067,0.5692434760907367,0.25290446013054,0.0001105000264942646,-1
94,20,pdp_aware_greedy,-1.6072491235821742,1.6072491235821742,1,4.960217823600855,474.8003733671596,0.017650815548360243,1198.5631927785003,0.993241948868134,0.10738907633896254,0.0040420000441372395,-1
94,20,local_search,-1.6072491235821742,1.6072491235821742,1,4.960217823600855,474.8003733671596,0.017650815548360243,1198.5631927785003,0.993241948868134,0.10738907633896254,0.024633500026538968,-1
94,20,beam_search,-1.3393170864244168,1.3393170864244168,1,5.629691871231088,231.10075924688834,0.014239224463575761,1358.8125857084763,0.9874053147179147,0.12097442615679489,0.4644995001144707,-1
94,20,simulated_annealing,-1.6072491235821742,1.6072491235821742,1,4.960217823600855,474.8003733671596,0.017650815548360243,1198.5631927785003,0.993241948868134,0.10738907633896254,0.012227299856022,-1
94,20,block_beam_strong,-0.7551236668051362,0.7551236668051362,1,4.827264691794949,56.97156547467138,0.007400063019883852,1166.7324626193358,0.9888543256668636,0.10453635697723096,3.7301171000581235,-1
94,20,block_lns_strong,-0.7340548623724379,0.7340548623724379,1,4.794022554230641,54.18333784133549,0.007414164037694867,1158.7805848120267,0.993241948868134,0.10383104336001653,0.10546540003269911,-1
94,20,hybrid_heuristic,-0.7340548623724379,0.7340548623724379,1,4.794022554230641,54.18333784133549,0.007414164037694867,1158.7805848120267,0.993241948868134,0.10383104336001653,0.0256674000993371,-1
94,21,autoreg_rl_pure,-0.11228558852860628,0.11228558852860628,1,3.594333799795997,12.527508586378167,6.767184565784956e-05,1006.2284013398994,0.9994743876700194,0.12152099874083115,0.32356629986315966,1024
94,21,random,-100.0,10.330594912197615,0,145.8887789067769,36093264.949545525,0.07216139126131581,40434.12628441539,0.8926863374949331,4.900937235385009,0.0332591999322176,-1
94,21,latency_greedy,-0.6089267594860798,0.6089267594860798,1,3.7493447452041258,42.85850119899972,0.006064269641969631,1049.147620524626,0.9994743876700194,0.12815991329874976,0.00010390020906925201,-1
94,21,block_balanced,-3.684778870923868,3.684778870923868,1,9.102676112494505,62694.84120411091,0.04135769896353364,2532.785935561175,0.5701354981232594,0.3065912943689821,0.00011699995957314968,-1
94,21,pdp_aware_greedy,-0.6089267594860798,0.6089267594860798,1,3.7493447452041258,42.85850119899972,0.006064269641969631,1049.147620524626,0.9994743876700194,0.12815991329874976,0.004191400017589331,-1
94,21,local_search,-0.6089267594860798,0.6089267594860798,1,3.7493447452041258,42.85850119899972,0.006064269641969631,1049.147620524626,0.9994743876700194,0.12815991329874976,0.02613239991478622,-1
94,21,beam_search,-0.11228558852860628,0.11228558852860628,1,3.594333799795997,12.527508586378167,6.767184565784956e-05,1006.2284013398994,0.9994743876700194,0.12152099874083115,0.43683889997191727,-1
94,21,simulated_annealing,-0.6089267594860798,0.6089267594860798,1,3.7493447452041258,42.85850119899972,0.006064269641969631,1049.147620524626,0.9994743876700194,0.12815991329874976,0.011566899949684739,-1
94,21,block_beam_strong,-0.11228558852860628,0.11228558852860628,1,3.594333799795997,12.527508586378167,6.767184565784956e-05,1006.2284013398994,0.9994743876700194,0.12152099874083115,4.42377240001224,-1
94,21,block_lns_strong,-0.11228558852860628,0.11228558852860628,1,3.594333799795997,12.527508586378167,6.767184565784956e-05,1006.2284013398994,0.9994743876700194,0.12152099874083115,0.09392950008623302,-1
94,21,hybrid_heuristic,-0.11228558852860628,0.11228558852860628,1,3.594333799795997,12.527508586378167,6.767184565784956e-05,1006.2284013398994,0.9994743876700194,0.12152099874083115,0.02552359993569553,-1
94,22,autoreg_rl_pure,-0.2564956946340554,0.2564956946340554,1,5.40224037167058,15.687421072227336,0.0012013800400052991,1494.1274104178021,0.9582941593310204,0.16501664711489844,0.3359781999606639,1024
94,22,random,-100.0,22.609633523026098,0,175.3855239550072,8.4811047714467e+19,0.21026916396055254,48159.85634884707,0.7091504479112699,5.374099496405601,0.036219000117853284,-1
94,22,latency_greedy,-1.2857821779226946,1.2857821779226946,1,6.323180251736273,191.9058530066193,0.013792308664278326,1746.5126294884517,0.9582941593310204,0.19528258168884108,0.00012039998546242714,-1
94,22,block_balanced,-2.4865972526934543,2.4865972526934543,1,9.364664441441418,3074.6036436002087,0.02719403154620976,2581.77950907794,0.6018836680628057,0.28781042626071107,0.00011450005695223808,-1
94,22,pdp_aware_greedy,-0.7133660968445554,0.7133660968445554,1,6.51135840632307,45.23410503783949,0.0064541428470426924,1798.5456026974114,0.9582941593310204,0.20087915696721534,0.0037938999012112617,-1
94,22,local_search,-0.7133660968445554,0.7133660968445554,1,6.51135840632307,45.23410503783949,0.0064541428470426924,1798.5456026974114,0.9582941593310204,0.20087915696721534,0.02626689989119768,-1
94,22,beam_search,-0.3854922975264543,0.3854922975264543,1,6.366266400088648,20.146865958279935,0.0023851185703688757,1758.7253671067817,0.9582941593310204,0.19465167000559028,0.47232870012521744,-1
94,22,simulated_annealing,-0.7133660968445554,0.7133660968445554,1,6.51135840632307,45.23410503783949,0.0064541428470426924,1798.5456026974114,0.9582941593310204,0.20087915696721534,0.01170360017567873,-1
94,22,block_beam_strong,-0.2605519226018209,0.2605519226018209,1,5.414964538041149,15.832193702036063,0.001223039853232246,1497.642864198529,0.9556757495917555,0.16540531905974828,2.3112933998927474,-1
94,22,block_lns_strong,-0.2564956946340554,0.2564956946340554,1,5.40224037167058,15.687421072227336,0.0012013800400052991,1494.1274104178021,0.9582941593310204,0.16501664711489844,0.08952030004002154,-1
94,22,hybrid_heuristic,-0.2564956946340554,0.2564956946340554,1,5.40224037167058,15.687421072227336,0.0012013800400052991,1494.1274104178021,0.9582941593310204,0.16501664711489844,0.026409300044178963,-1
94,23,autoreg_rl_pure,-0.7364004453019917,0.7364004453019917,1,5.522472250423368,51.60423131686219,0.006980137961830855,1463.4957469343708,0.9705789012423672,0.14743776463233738,3.6486613999586552,949
94,23,random,-100.0,30.479043681075307,0,215.96812270251021,1.4148032366821793e+27,0.4107832630396634,56836.06914156628,0.8479487774888855,5.718189586821858,0.0331154998857528,-1
94,23,latency_greedy,-0.7373330780031433,0.7373330780031433,1,5.391180186492429,52.23653519084942,0.0070290587208971765,1428.9412453910586,0.9705789012423672,0.14411931188883695,0.00010619987733662128,-1
94,23,block_balanced,-100.0,4.868532924659318,0,43.90109998095148,88924.03900848732,0.04226040129234354,11561.965200885546,0.6488028002525007,1.1603622006219105,0.000206399941816926,-1
94,23,pdp_aware_greedy,-0.7373330780031433,0.7373330780031433,1,5.391180186492429,52.23653519084942,0.0070290587208971765,1428.9412453910586,0.9705789012423672,0.14411931188883695,0.0036494999658316374,-1
94,23,local_search,-0.7364004453019917,0.7364004453019917,1,5.522472250423368,51.60423131686219,0.006980137961830855,1463.4957469343708,0.9705789012423672,0.14743776463233738,0.036080900114029646,-1
94,23,beam_search,-0.7364004453019917,0.7364004453019917,1,5.522472250423368,51.60423131686219,0.006980137961830855,1463.4957469343708,0.9705789012423672,0.14743776463233738,0.468908199807629,-1
94,23,simulated_annealing,-0.7364004453019917,0.7364004453019917,1,5.522472250423368,51.60423131686219,0.006980137961830855,1463.4957469343708,0.9705789012423672,0.14743776463233738,0.01168430014513433,-1
94,23,block_beam_strong,-0.7364004453019917,0.7364004453019917,1,5.522472250423368,51.60423131686219,0.006980137961830855,1463.4957469343708,0.9705789012423672,0.14743776463233738,1.7555149998515844,-1
94,23,block_lns_strong,-0.7364004453019917,0.7364004453019917,1,5.522472250423368,51.60423131686219,0.006980137961830855,1463.4957469343708,0.9705789012423672,0.14743776463233738,0.1245844999793917,-1
94,23,hybrid_heuristic,-0.7364004453019917,0.7364004453019917,1,5.522472250423368,51.60423131686219,0.006980137961830855,1463.4957469343708,0.9705789012423672,0.14743776463233738,0.026241499930620193,-1
94,24,autoreg_rl_pure,-0.35295044865837355,0.35295044865837355,1,4.6057956359669845,21.19423955952711,0.0026109623346603035,1108.870370371126,0.9234176616155473,0.11717033402750897,0.6667418000288308,1024
94,24,random,-100.0,30.314290992943178,0,210.4763664314392,1.4148032366821793e+27,0.3037094186224127,50197.29125626929,0.8967502569252425,5.284363409294957,0.033458099933341146,-1
94,24,latency_greedy,-2.481325034910361,2.481325034910361,1,4.948658088961473,4225.746487095613,0.028035654673959784,1190.3660492090999,0.9974672194891305,0.12623727790681702,0.00011059991084039211,-1
94,24,block_balanced,-5.690262901631262,5.690262901631262,1,10.552904517301757,8460995.467366884,0.0651891467549309,2526.8339030184216,0.5994505723084533,0.26577765126869446,0.00011180015280842781,-1
94,24,pdp_aware_greedy,-0.6218305114589588,0.6218305114589588,1,5.730237638606597,38.15269634418449,0.005522856469727298,1376.9223997271224,0.9974672194891305,0.14379257932246373,0.004813599865883589,-1
94,24,local_search,-0.6218305114589588,0.6218305114589588,1,5.730237638606597,38.15269634418449,0.005522856469727298,1376.9223997271224,0.9974672194891305,0.14379257932246373,0.02568359998986125,-1
94,24,beam_search,-0.35295044865837355,0.35295044865837355,1,4.6057956359669845,21.19423955952711,0.0026109623346603035,1108.870370371126,0.9234176616155473,0.11717033402750897,0.4675038999412209,-1
94,24,simulated_annealing,-0.6218305114589588,0.6218305114589588,1,5.730237638606597,38.15269634418449,0.005522856469727298,1376.9223997271224,0.9974672194891305,0.14379257932246373,0.012314100051298738,-1
94,24,block_beam_strong,-0.3693707213171832,0.3693707213171832,1,4.646944096776159,22.014338101326576,0.0027382748529627427,1118.6730527165041,0.956813861351835,0.11835243032686267,2.614513900130987,-1
94,24,block_lns_strong,-0.35295044865837355,0.35295044865837355,1,4.6057956359669845,21.19423955952711,0.0026109623346603035,1108.870370371126,0.9234176616155473,0.11717033402750897,0.0947824998293072,-1
94,24,hybrid_heuristic,-0.35295044865837355,0.35295044865837355,1,4.6057956359669845,21.19423955952711,0.0026109623346603035,1108.870370371126,0.9234176616155473,0.11717033402750897,0.025620499858632684,-1
94,25,autoreg_rl_pure,-0.3081193576142097,0.3081193576142097,1,5.174189817562852,18.15638218856967,0.001913135959414332,1351.836053927032,0.9350534956014427,0.1296549133123141,2.418004200095311,958
94,25,random,-100.0,21.648479409435822,0,149.70656023842986,5.263929050783201e+19,0.2065087994409405,38823.25838054906,0.7980835120451139,3.691947992530125,0.035588900092989206,-1
94,25,latency_greedy,-1.5553973737305187,1.5553973737305187,1,4.289470602816595,438.59266669050146,0.016878534937440726,1122.4114791472746,0.959785854446653,0.10820018333366593,0.0002109999768435955,-1
94,25,block_balanced,-5.805794042178703,5.805794042178703,1,12.605860478583587,9682527.654218085,0.06563441419244134,3278.7930019273053,0.5900842021631525,0.31214172278301516,0.00012860004790127277,-1
94,25,pdp_aware_greedy,-0.9196148468450339,0.9196148468450339,1,5.807687221357986,79.85787980845149,0.009010338521912704,1516.3789069505185,0.9350534956014427,0.14353162954402846,0.003759999992325902,-1
94,25,local_search,-0.5809157233630142,0.5809157233630142,1,5.836387357520181,34.17000571949063,0.004952296960364729,1523.7780478194832,0.9350534956014427,0.14441980829347484,0.03726679994724691,-1
94,25,beam_search,-0.9375220454651976,0.9375220454651976,1,9.765721953751124,62.06386552924888,0.0077833327538791176,2542.5299460400474,0.9350534956014427,0.24083405264195798,0.4775939001701772,-1
94,25,simulated_annealing,-0.5809157233630142,0.5809157233630142,1,5.836387357520181,34.17000571949063,0.004952296960364729,1523.7780478194832,0.9350534956014427,0.14441980829347484,0.011749000055715442,-1
94,25,block_beam_strong,-0.3160461904416106,0.3160461904416106,1,5.424104093319133,18.17588373728631,0.001915695614529599,1416.7507381197352,0.9350534956014427,0.13579909955625064,2.970400599995628,-1
94,25,block_lns_strong,-0.3081193576142097,0.3081193576142097,1,5.174189817562852,18.15638218856967,0.001913135959414332,1351.836053927032,0.9350534956014427,0.1296549133123141,0.0990016998257488,-1
94,25,hybrid_heuristic,-0.3081193576142097,0.3081193576142097,1,5.174189817562852,18.15638218856967,0.001913135959414332,1351.836053927032,0.9350534956014427,0.1296549133123141,0.026914400048553944,-1
94,26,autoreg_rl_pure,-0.13095768312369116,0.13095768312369116,1,3.4697354197816686,13.249396818218003,0.00033985576170851675,995.9900439454038,0.9660555014501305,0.09970356930463088,0.32926869997754693,1024
94,26,random,-100.0,12.762499358519447,0,115.65590628932917,152258169646.57172,0.1115123842073315,32868.58219364282,0.9271644898984029,3.2769383794442937,0.03292259993031621,-1
94,26,latency_greedy,-0.24116369994639697,0.24116369994639697,1,3.452304869215957,17.475053709005415,0.001616814109916418,991.0378016176817,0.9696887089654658,0.0990251236500901,0.00010380009189248085,-1
94,26,block_balanced,-3.0095009470772465,3.0095009470772465,1,8.612804479149546,12023.039047149103,0.032737144924971553,2457.5327448138437,0.5377195734474199,0.2447143918723075,0.0001175999641418457,-1
94,26,pdp_aware_greedy,-0.5894683024108879,0.5894683024108879,1,4.260398218330039,39.28838258182929,0.005619270712472847,1220.9466489281513,0.9696887089654658,0.12010663942644807,0.004848000127822161,-1
94,26,local_search,-0.24116369994639697,0.24116369994639697,1,3.452304869215957,17.475053709005415,0.001616814109916418,991.0378016176817,0.9696887089654658,0.0990251236500901,0.0249401000328362,-1
94,26,beam_search,-0.15640068688249717,0.15640068688249717,1,3.508838606404933,14.07819010295107,0.0006477497228715593,1007.1070293923227,0.9254795626640459,0.10115023691089259,0.4848594998475164,-1
94,26,simulated_annealing,-0.24116369994639697,0.24116369994639697,1,3.452304869215957,17.475053709005415,0.001616814109916418,991.0378016176817,0.9696887089654658,0.0990251236500901,0.01142439991235733,-1
94,26,block_beam_strong,-0.1336454358695715,0.1336454358695715,1,4.087964573181212,12.734364732547634,0.00014050924784105845,1171.9634654785596,0.9234128351064248,0.11742027489224507,4.496666100108996,-1
94,26,block_lns_strong,-0.13039549620840052,0.13039549620840052,1,3.4509958559386478,13.249396818218003,0.00033985576170851675,990.6681709067633,0.9660555014501305,0.09934509840193914,0.11752930004149675,-1
94,26,hybrid_heuristic,-0.13039549620840052,0.13039549620840052,1,3.4509958559386478,13.249396818218003,0.00033985576170851675,990.6681709067633,0.9660555014501305,0.09934509840193914,0.025838800007477403,-1
94,27,autoreg_rl_pure,-0.17362040510697924,0.17362040510697924,1,5.507162732296087,12.651828937499156,0.00010909527998885117,1180.6472223057358,0.9968775443302637,0.11009901443087228,0.578844599891454,1017
94,27,random,-100.0,19.634291056238755,0,162.5801691617133,1.3035044255141755e+17,0.1790920706268764,34558.70092986671,0.8615066425775534,3.19568976395924,0.03540920000523329,-1
94,27,latency_greedy,-0.9734630056511276,0.9734630056511276,1,5.459332702500065,93.7841193484546,0.009961384811369836,1170.3268930184254,0.9968775443302637,0.10674843353401171,0.00010810000821948051,-1
94,27,block_balanced,-3.198236234778935,3.198236234778935,1,8.711477351628108,19130.089912320662,0.03601230836085908,1861.6204028315256,0.5869341012613182,0.1724291498510153,0.00011239992454648018,-1
94,27,pdp_aware_greedy,-0.9176277530498795,0.9176277530498795,1,3.5981576157917954,93.7841193484546,0.009961384811369836,774.8356792090226,0.9488114047057981,0.07073046440721771,0.00443440000526607,-1
94,27,local_search,-0.9176277530498795,0.9176277530498795,1,3.5981576157917954,93.7841193484546,0.009961384811369836,774.8356792090226,0.9488114047057981,0.07073046440721771,0.02518620016053319,-1
94,27,beam_search,-0.21369329729343747,0.21369329729343747,1,6.693720089705545,12.794203456856689,0.00015518857018743574,1432.790231007219,0.9968775443302637,0.1329944822943892,0.5112102997954935,-1
94,27,simulated_annealing,-0.9176277530498795,0.9176277530498795,1,3.5981576157917954,93.7841193484546,0.009961384811369836,774.8356792090226,0.9488114047057981,0.07073046440721771,0.013090100139379501,-1
94,27,block_beam_strong,-0.8421196629561968,0.8421196629561968,1,4.972355247230152,70.04658290300543,0.008423691895935578,1066.9126251123942,0.7476581582476978,0.0983736614422146,3.15625760005787,-1
94,27,block_lns_strong,-0.8383963644786797,0.8383963644786797,1,4.893003456809123,69.81184041626732,0.008423690238856802,1050.0309953795067,0.9165155158370739,0.09662773094108874,0.09259430016390979,-1
94,27,hybrid_heuristic,-0.21369329729343747,0.21369329729343747,1,6.693720089705545,12.794203456856689,0.00015518857018743574,1432.790231007219,0.9968775443302637,0.1329944822943892,0.029136399971321225,-1
94,28,autoreg_rl_pure,-0.11121945043396143,0.11121945043396143,1,3.707118258195482,12.388922587621202,6.71969421478055e-08,1082.763985586454,0.9296469650316994,0.11452896603214835,0.39207340008579195,1024
94,28,random,-100.0,24.236801988325784,0,186.97625916608186,2.0777520360909e+21,0.22369845085064607,54097.063588621975,0.9107245044341271,5.657270314679779,0.03397920005954802,-1
94,28,latency_greedy,-6.418246915037595,6.418246915037595,1,15.831431304068015,35146932.961863786,0.07277805226862716,4589.890441447762,0.9984789007853871,0.4824180313277741,0.00010559987276792526,-1
94,28,block_balanced,-4.713669274496636,4.713669274496636,1,10.689670647853944,728859.2098559455,0.05294957849376432,3102.6880868253575,0.5451027442057055,0.32461451310776873,0.00010990002192556858,-1
94,28,pdp_aware_greedy,-0.2104695490624368,0.2104695490624368,1,4.070851226807519,15.4506026269334,0.0010596143714946813,1188.016122588395,0.9555907907429737,0.12455464529488385,0.003930200124159455,-1
94,28,local_search,-0.20705958213857162,0.20705958213857162,1,3.9637435186320547,15.44300528344069,0.001034649016831022,1157.024309920099,0.9131356207099095,0.12152122938627823,0.0383073000703007,-1
94,28,beam_search,-0.11121945043396143,0.11121945043396143,1,3.707118258195482,12.388922587621202,6.71969421478055e-08,1082.763985586454,0.9296469650316994,0.11452896603214835,0.46694219997152686,-1
94,28,simulated_annealing,-0.20705958213857162,0.20705958213857162,1,3.9637435186320547,15.44300528344069,0.001034649016831022,1157.024309920099,0.9131356207099095,0.12152122938627823,0.011930700158700347,-1
94,28,block_beam_strong,-0.11121945043396143,0.11121945043396143,1,3.707118258195482,12.388922587621202,6.71969421478055e-08,1082.763985586454,0.9296469650316994,0.11452896603214835,5.749689099844545,-1
94,28,block_lns_strong,-0.11121945043396143,0.11121945043396143,1,3.707118258195482,12.388922587621202,6.71969421478055e-08,1082.763985586454,0.9296469650316994,0.11452896603214835,0.10501029994338751,-1
94,28,hybrid_heuristic,-0.11121945043396143,0.11121945043396143,1,3.707118258195482,12.388922587621202,6.71969421478055e-08,1082.763985586454,0.9296469650316994,0.11452896603214835,0.02583779999986291,-1
94,29,autoreg_rl_pure,-0.15888729629553466,0.15888729629553466,1,5.278861393284549,12.404900710973244,5.705980089191334e-06,1509.9664667145403,0.9861500316856074,0.13876873599469577,0.3283164999447763,1024
94,29,random,-100.0,22.139861058898866,0,135.03059569858934,5.405646670169542e+20,0.21857476930534891,38350.74952764518,0.6830034745841488,3.516785116139083,0.03384190006181598,-1
94,29,latency_greedy,-5.777957259571009,5.777957259571009,1,9.632650754790648,11287791.701302862,0.06473879152909831,2745.8575589758293,0.9577120385422667,0.2520999913688579,0.00011399993672966957,-1
94,29,block_balanced,-4.889248815541737,4.889248815541737,1,13.999503828763634,881999.9061774316,0.053300049895070443,3985.938050201459,0.5487610801750396,0.3649228864715265,0.0001142001710832119,-1
94,29,pdp_aware_greedy,-1.0582403824152151,1.0582403824152151,1,5.3119231528146535,117.21322317384825,0.010562381876921448,1519.2155502383694,0.9861500316856074,0.13893793779294453,0.004148799926042557,-1
94,29,local_search,-1.057016669054844,1.057016669054844,1,5.271132537927033,117.21322466428978,0.010562381889945653,1507.6177420000001,0.9463812193408186,0.1380543567937432,0.03668259992264211,-1
94,29,beam_search,-0.15888729629553466,0.15888729629553466,1,5.278861393284549,12.404900710973244,5.705980089191334e-06,1509.9664667145403,0.9861500316856074,0.13876873599469577,0.42478440003469586,-1
94,29,simulated_annealing,-1.057016669054844,1.057016669054844,1,5.271132537927033,117.21322466428978,0.010562381889945653,1507.6177420000001,0.9463812193408186,0.1380543567937432,0.011850100010633469,-1
94,29,block_beam_strong,-0.15888729629553466,0.15888729629553466,1,5.278861393284549,12.404900710973244,5.705980089191334e-06,1509.9664667145403,0.9861500316856074,0.13876873599469577,4.01593769993633,-1
94,29,block_lns_strong,-0.15888729629553466,0.15888729629553466,1,5.278861393284549,12.404900710973244,5.705980089191334e-06,1509.9664667145403,0.9861500316856074,0.13876873599469577,0.10318219987675548,-1
94,29,hybrid_heuristic,-0.15888729629553466,0.15888729629553466,1,5.278861393284549,12.404900710973244,5.705980089191334e-06,1509.9664667145403,0.9861500316856074,0.13876873599469577,0.025741999968886375,-1
94,30,autoreg_rl_pure,-0.5171800414721561,0.5171800414721561,1,4.719456222668902,31.682955785290236,0.0044824653138345934,1123.35022533693,0.9360188820909116,0.12981035207853914,4.741595599800348,1014
94,30,random,-100.0,33.14281757126821,0,304.7605857089405,1.4148032366821793e+27,0.3936812407007948,71858.69995828431,0.8506112198798228,8.268095350873224,0.033731100149452686,-1
94,30,latency_greedy,-9.072102135424876,9.072102135424876,1,17.310474382962777,23938592361.743652,0.10410402910427832,4091.2733210232495,0.9962979574476741,0.46881541644847613,0.00024470011703670025,-1
94,30,block_balanced,-9.72212096251797,9.72212096251797,1,18.94289332930164,107566315588.8021,0.11113000441108176,4476.386564191676,0.614835794772199,0.5159214647129358,0.00014599994756281376,-1
94,30,pdp_aware_greedy,-2.181753394868788,2.181753394868788,1,5.1924339089410925,1962.0378292808293,0.024340872245161637,1234.6798681835444,0.9702116222577732,0.1406254393465539,0.004167099948972464,-1
94,30,local_search,-1.7725778202815956,1.7725778202815956,1,5.259260609034483,701.8979211206325,0.019497017470184695,1250.4383027803,0.9962979574476741,0.14243529080071132,0.03509490005671978,-1
94,30,beam_search,-2.0451303324376036,2.0451303324376036,1,4.946865090801719,1420.265246129982,0.023378652504213955,1176.9617353710864,0.9314665343142436,0.13621592314965392,0.51501450012438,-1
94,30,simulated_annealing,-1.7725778202815956,1.7725778202815956,1,5.259260609034483,701.8979211206325,0.019497017470184695,1250.4383027803,0.9962979574476741,0.14243529080071132,0.011065399972721934,-1
94,30,block_beam_strong,-0.5171800414721561,0.5171800414721561,1,4.719456222668902,31.682955785290236,0.0044824653138345934,1123.35022533693,0.9360188820909116,0.12981035207853914,3.375517399981618,-1
94,30,block_lns_strong,-0.5171800414721561,0.5171800414721561,1,4.719456222668902,31.682955785290236,0.0044824653138345934,1123.35022533693,0.9360188820909116,0.12981035207853914,0.10199609980918467,-1
94,30,hybrid_heuristic,-0.5171800414721561,0.5171800414721561,1,4.719456222668902,31.682955785290236,0.0044824653138345934,1123.35022533693,0.9360188820909116,0.12981035207853914,0.024176600156351924,-1
94,31,autoreg_rl_pure,-0.1093517756007019,0.1093517756007019,1,3.501708035367757,12.52265386511062,6.947326270025306e-05,942.0004940398371,0.9748502077675539,0.10269401409944373,0.4359385999850929,1015
94,31,random,-100.0,23.868016032049372,0,178.7000919505007,1.5373101107655043e+21,0.22399642903768752,47558.2731697692,0.9172515701669096,5.256758172018613,0.03431789996102452,-1
94,31,latency_greedy,-2.4223278770436063,2.4223278770436063,1,7.2710690346784865,3063.390205390711,0.02700911495694386,1944.8624046667755,0.9919973014417387,0.21619549150343956,0.0001012999564409256,-1
94,31,block_balanced,-4.79830931727886,4.79830931727886,1,15.962285063318955,606457.4755297824,0.05220969626610314,4257.536972863783,0.5512431566111964,0.4701555692530497,0.0001113000325858593,-1
94,31,pdp_aware_greedy,-0.9821646194525565,0.9821646194525565,1,3.534239321889339,110.7340716941084,0.010311509660538157,950.6310181276012,0.9748502077675539,0.10364805377464742,0.004322899971157312,-1
94,31,local_search,-0.6954157738701182,0.6954157738701182,1,3.6251676808367206,53.70144100592771,0.007140821288271891,974.8374136659792,0.9748502077675539,0.10631469476283618,0.03532449994236231,-1
94,31,beam_search,-0.9821646194525565,0.9821646194525565,1,3.534239321889339,110.7340716941084,0.010311509660538157,950.6310181276012,0.9748502077675539,0.10364805377464742,0.41779470001347363,-1
94,31,simulated_annealing,-0.6954157738701182,0.6954157738701182,1,3.6251676808367206,53.70144100592771,0.007140821288271891,974.8374136659792,0.9748502077675539,0.10631469476283618,0.011896800016984344,-1
94,31,block_beam_strong,-0.11098418000986437,0.11098418000986437,1,3.463860785602262,12.60960554071372,9.168609595701922e-05,931.9211925804802,0.9044918509092764,0.10158407404682174,4.897611999884248,-1
94,31,block_lns_strong,-0.1093517756007019,0.1093517756007019,1,3.501708035367757,12.52265386511062,6.947326270025306e-05,942.0004940398371,0.9748502077675539,0.10269401409944373,0.10659409989602864,-1
94,31,hybrid_heuristic,-0.1093517756007019,0.1093517756007019,1,3.501708035367757,12.52265386511062,6.947326270025306e-05,942.0004940398371,0.9748502077675539,0.10269401409944373,0.025755099952220917,-1
94,32,autoreg_rl_pure,-0.5122064714671561,0.5122064714671561,1,4.812061935283462,31.074871755042167,0.004444705793262567,1167.4111418156178,0.9468631378837786,0.10751183468427337,4.712823700159788,884
94,32,random,-100.0,15.131159261771774,0,99.58960976104913,189510471835108.25,0.14727784502668081,23950.531329287438,0.8736522539051018,2.180876472262357,0.034117700066417456,-1
94,32,latency_greedy,-2.4721629513245538,2.4721629513245538,1,5.308513312550347,4020.079094977986,0.028152660992905622,1286.7111737963178,0.9928300412562867,0.11909381637204687,0.00017730006948113441,-1
94,32,block_balanced,-2.126614143205545,2.126614143205545,1,9.008159142210406,1283.9690752519746,0.022121088559044978,2176.2972999896406,0.6078112297363849,0.19918889230696932,0.00012550014071166515,-1
94,32,pdp_aware_greedy,-0.839169079101391,0.839169079101391,1,4.510818295129288,71.98079177607387,0.008567182319050704,1094.9705870257526,0.9928300412562867,0.10136310624536972,0.004365999950096011,-1
94,32,local_search,-0.839169079101391,0.839169079101391,1,4.510818295129288,71.98079177607387,0.008567182319050704,1094.9705870257526,0.9928300412562867,0.10136310624536972,0.025052799843251705,-1
94,32,beam_search,-0.7712043842839156,0.7712043842839156,1,6.408518757437389,52.67600458128833,0.007159566214318881,1551.6733842618632,0.9909436731201042,0.14059014087283436,0.41285720001906157,-1
94,32,simulated_annealing,-0.839169079101391,0.839169079101391,1,4.510818295129288,71.98079177607387,0.008567182319050704,1094.9705870257526,0.9928300412562867,0.10136310624536972,0.011158899869769812,-1
94,32,block_beam_strong,-0.509634171986379,0.509634171986379,1,4.760269454793646,30.995846070271917,0.0045623082914401794,1154.9566111969057,0.9177225830119962,0.10659519465648444,2.9942407000344247,-1
94,32,block_lns_strong,-0.509634171986379,0.509634171986379,1,4.760269454793646,30.995846070271917,0.0045623082914401794,1154.9566111969057,0.9177225830119962,0.10659519465648444,0.09980520000681281,-1
94,32,hybrid_heuristic,-0.509634171986379,0.509634171986379,1,4.760269454793646,30.995846070271917,0.0045623082914401794,1154.9566111969057,0.9177225830119962,0.10659519465648444,0.024048199877142906,-1
94,33,autoreg_rl_pure,-0.17612789787509342,0.17612789787509342,1,4.883836489041158,13.340706297516412,0.00036776467028012364,1097.9719687367783,0.9916947252440789,0.11722140814940593,0.33403269993141294,1024
94,33,random,-100.0,22.078557657354132,0,163.13169704316488,5.636075980226893e+19,0.20873977983922587,36319.51805366348,0.8679780354219593,3.928883326465952,0.034021300030872226,-1
94,33,latency_greedy,-3.3786901307752553,3.3786901307752553,1,5.414642668528722,38461.58014512841,0.03935704198185097,1215.5469704064963,0.9868715968179583,0.13218852810989207,0.00010519986972212791,-1
94,33,block_balanced,-3.510436739525107,3.510436739525107,1,9.358786789774527,39774.08372544358,0.03845365452585027,2093.717573853561,0.6285264315015918,0.22624960382537404,0.00011679995805025101,-1
94,33,pdp_aware_greedy,-0.7839224275195761,0.7839224275195761,1,4.430330003588269,63.074672068866235,0.007897320196158204,996.6889446505868,0.9868715968179583,0.10633638590327565,0.004698699805885553,-1
94,33,local_search,-0.7839224275195761,0.7839224275195761,1,4.430330003588269,63.074672068866235,0.007897320196158204,996.6889446505868,0.9868715968179583,0.10633638590327565,0.024704799987375736,-1
94,33,beam_search,-0.20234584587040222,0.20234584587040222,1,4.8939729178061935,14.233589410257334,0.000700942841334594,1100.221572919993,0.9916947252440789,0.11746470180923868,0.4750037998892367,-1
94,33,simulated_annealing,-0.7839224275195761,0.7839224275195761,1,4.430330003588269,63.074672068866235,0.007897320196158204,996.6889446505868,0.9868715968179583,0.10633638590327565,0.012429000111296773,-1
94,33,block_beam_strong,-0.20234584587040222,0.20234584587040222,1,4.8939729178061935,14.233589410257334,0.000700942841334594,1100.221572919993,0.9916947252440789,0.11746470180923868,3.5041914000175893,-1
94,33,block_lns_strong,-0.17612789787509342,0.17612789787509342,1,4.883836489041158,13.340706297516412,0.00036776467028012364,1097.9719687367783,0.9916947252440789,0.11722140814940593,0.10535570001229644,-1
94,33,hybrid_heuristic,-0.17612789787509342,0.17612789787509342,1,4.883836489041158,13.340706297516412,0.00036776467028012364,1097.9719687367783,0.9916947252440789,0.11722140814940593,0.024717899970710278,-1
94,34,autoreg_rl_pure,-0.18343420605757516,0.18343420605757516,1,4.081562386889587,14.429234368242437,0.0007553539053818575,1159.249252330912,0.9674961698494206,0.09256589420854598,0.3255746001377702,1024
94,34,random,-100.0,26.569838183338796,0,165.7440684184085,3.485237084995273e+24,0.2605037963862378,46660.44357164235,0.7846941337676255,3.7209261794142177,0.032496599946171045,-1
94,34,latency_greedy,-0.9289343011230149,0.9289343011230149,1,3.818547206978555,94.89136293531048,0.009695324720700492,1085.095154203428,0.9711347955288753,0.08528550581991497,0.00010109995491802692,-1
94,34,block_balanced,-2.563903896929497,2.563903896929497,1,7.813191192813095,4190.428939112845,0.0276458057671558,2209.6968880991685,0.544467336437927,0.1757404306663805,0.00011390005238354206,-1
94,34,pdp_aware_greedy,-0.5363105244270427,0.5363105244270427,1,3.9978715445011237,35.08325398378867,0.004957016731133048,1135.6926477966408,0.9711347955288753,0.09052701089346792,0.0041554998606443405,-1
94,34,local_search,-0.5120380828158543,0.5120380828158543,1,4.081032300488852,32.81237600403424,0.0047087529656842896,1159.1257165402028,0.9350006055008377,0.09256345840180513,0.034753600135445595,-1
94,34,beam_search,-0.22486428854936158,0.22486428854936158,1,4.3719530166382246,15.659100068834965,0.0011527028597676677,1241.1676086715727,0.9981746999959356,0.1002646101682796,0.4778866001870483,-1
94,34,simulated_annealing,-0.5120380828158543,0.5120380828158543,1,4.081032300488852,32.81237600403424,0.0047087529656842896,1159.1257165402028,0.9350006055008377,0.09256345840180513,0.01113610016182065,-1
94,34,block_beam_strong,-0.18343420605757516,0.18343420605757516,1,4.081562386889587,14.429234368242437,0.0007553539053818575,1159.249252330912,0.9674961698494206,0.09256589420854598,4.600898900069296,-1
94,34,block_lns_strong,-0.18343420605757516,0.18343420605757516,1,4.081562386889587,14.429234368242437,0.0007553539053818575,1159.249252330912,0.9674961698494206,0.09256589420854598,0.09479160001501441,-1
94,34,hybrid_heuristic,-0.18343420605757516,0.18343420605757516,1,4.081562386889587,14.429234368242437,0.0007553539053818575,1159.249252330912,0.9674961698494206,0.09256589420854598,0.024427899857982993,-1
94,35,autoreg_rl_pure,-0.2811751148181443,0.2811751148181443,1,4.996989992787062,17.200724663029686,0.0015985479983215678,1443.333024514824,0.9552349107602113,0.13285247198010927,0.5856069000437856,1024
94,35,random,-100.0,14.304542201566424,0,131.227729297335,2236791935337.477,0.12508322693977747,37628.52202143024,0.9598807161017455,3.498980420694112,0.03440700005739927,-1
94,35,latency_greedy,-5.299823172261063,5.299823172261063,1,15.25387406890954,2240714.5139308237,0.05951195298162945,4383.128033428806,0.9968649011759781,0.40616182495926684,0.00011099991388618946,-1
94,35,block_balanced,-3.3633682587146803,3.3633682587146803,1,12.70265453885731,21429.195207644167,0.03564190914749517,3652.277865658107,0.6257870549236921,0.3395972233530831,0.00011750007979571819,-1
94,35,pdp_aware_greedy,-0.40604230152417586,0.40604230152417586,1,4.933146438416538,23.61560560258965,0.0031370384387923857,1424.9978037232765,0.9655093215617948,0.13115509535330722,0.003818799974396825,-1
94,35,local_search,-0.2811751148181443,0.2811751148181443,1,4.996989992787062,17.200724663029686,0.0015985479983215678,1443.333024514824,0.9552349107602113,0.13285247198010927,0.036014100071042776,-1
94,35,beam_search,-0.2895025456210547,0.2895025456210547,1,5.063225006425467,17.47554483299746,0.0017249563981041826,1462.2897632151733,0.9757157105110701,0.13461342913755808,0.4519070000387728,-1
94,35,simulated_annealing,-0.2811751148181443,0.2811751148181443,1,4.996989992787062,17.200724663029686,0.0015985479983215678,1443.333024514824,0.9552349107602113,0.13285247198010927,0.011314900126308203,-1
94,35,block_beam_strong,-0.2811751148181443,0.2811751148181443,1,4.996989992787062,17.200724663029686,0.0015985479983215678,1443.333024514824,0.9552349107602113,0.13285247198010927,2.576381899882108,-1
94,35,block_lns_strong,-0.2811751148181443,0.2811751148181443,1,4.996989992787062,17.200724663029686,0.0015985479983215678,1443.333024514824,0.9552349107602113,0.13285247198010927,0.09997610002756119,-1
94,35,hybrid_heuristic,-0.2811751148181443,0.2811751148181443,1,4.996989992787062,17.200724663029686,0.0015985479983215678,1443.333024514824,0.9552349107602113,0.13285247198010927,0.024843999883159995,-1
94,36,autoreg_rl_pure,-0.13123573337518085,0.13123573337518085,1,3.9033600845134764,12.834351716587394,0.00018548809429430694,1047.1308527768385,0.9972034000241449,0.10372808036753539,0.9917319999076426,1014
94,36,random,-100.0,22.484533550546146,0,149.8753656382958,4.202869769987798e+20,0.2152373821212829,39814.86736675435,0.6890428614367186,3.908785002029871,0.03265039995312691,-1
94,36,latency_greedy,-0.5809303694286171,0.5809303694286171,1,3.962045263961755,39.32893492843566,0.005593352652656999,1062.5167309066424,0.9606385964458852,0.10289597090073202,0.00010459986515343189,-1
94,36,block_balanced,-1.9120569961672353,1.9120569961672353,1,8.255932240866722,794.5179267388277,0.019839435985080492,2203.0856279675236,0.5423201568529558,0.21559687253716786,0.00011550006456673145,-1
94,36,pdp_aware_greedy,-0.17153253205543773,0.17153253205543773,1,3.9213490978073646,14.175542560014811,0.000660166477399482,1051.8345817439304,0.9606385964458852,0.10342801376434785,0.0039640001486986876,-1
94,36,local_search,-0.17153253205543773,0.17153253205543773,1,3.9213490978073646,14.175542560014811,0.000660166477399482,1051.8345817439304,0.9606385964458852,0.10342801376434785,0.023673600051552057,-1
94,36,beam_search,-0.1293656423461846,0.1293656423461846,1,3.9031094979847953,12.77472833413183,0.00017619823999904404,1047.0393641503279,0.9639897710838192,0.10353690777684463,0.4659980998840183,-1
94,36,simulated_annealing,-0.17153253205543773,0.17153253205543773,1,3.9213490978073646,14.175542560014811,0.000660166477399482,1051.8345817439304,0.9606385964458852,0.10342801376434785,0.010816499823704362,-1
94,36,block_beam_strong,-0.1293656423461846,0.1293656423461846,1,3.9031094979847953,12.77472833413183,0.00017619823999904404,1047.0393641503279,0.9639897710838192,0.10353690777684463,4.752661400008947,-1
94,36,block_lns_strong,-0.1293656423461846,0.1293656423461846,1,3.9031094979847953,12.77472833413183,0.00017619823999904404,1047.0393641503279,0.9639897710838192,0.10353690777684463,0.09815820003859699,-1
94,36,hybrid_heuristic,-0.1293656423461846,0.1293656423461846,1,3.9031094979847953,12.77472833413183,0.00017619823999904404,1047.0393641503279,0.9639897710838192,0.10353690777684463,0.024863299913704395,-1
94,37,autoreg_rl_pure,-0.13209061617699414,0.13209061617699414,1,4.394485854245125,12.39667235701432,2.907583990023872e-06,1173.3245282064993,0.997538322264551,0.10470418136270356,0.33082270016893744,1024
94,37,random,-100.0,6.522634285331437,0,90.38147251464599,170205.7454576625,0.04512111040047171,23922.02422432108,0.6480284056326199,2.113584183991353,0.03505489998497069,-1
94,37,latency_greedy,-1.7191158484880233,1.7191158484880233,1,5.776968709877105,590.6980333167382,0.01828439720856173,1538.7432083038605,0.997538322264551,0.13710282671719803,0.00011400016956031322,-1
94,37,block_balanced,-1.3847133548530939,1.3847133548530939,1,8.347488888649677,211.13752478640492,0.013804358909109029,2219.1078735997976,0.6431561719744712,0.19622759747326518,0.00011019990779459476,-1
94,37,pdp_aware_greedy,-0.5388026215198592,0.5388026215198592,1,5.753780151811707,30.9465344192381,0.004301404116905834,1532.9750194880917,0.9959259493825383,0.1341530631271481,0.003673799801617861,-1
94,37,local_search,-0.5113047171993435,0.5113047171993435,1,5.708293978515037,28.98932681923377,0.004205259964641736,1520.8828138208803,0.9959259493825383,0.13343960373663785,0.03709920006804168,-1
94,37,beam_search,-0.1390025590338418,0.1390025590338418,1,4.630807717606018,12.391165954354923,8.93667325692502e-07,1235.5342309086673,0.997538322264551,0.11027773728683872,0.44856119994074106,-1
94,37,simulated_annealing,-0.5113047171993435,0.5113047171993435,1,5.708293978515037,28.98932681923377,0.004205259964641736,1520.8828138208803,0.9959259493825383,0.13343960373663785,0.012024200055748224,-1
94,37,block_beam_strong,-0.1370386124129401,0.1370386124129401,1,4.559668651343705,12.396440303489689,3.0392942976279998e-06,1217.0839281204153,0.9905382296794425,0.10821912349422967,2.8263334000948817,-1
94,37,block_lns_strong,-0.13467182477370565,0.13467182477370565,1,4.480536400628693,12.396662817939905,2.953889155179581e-06,1196.1192311625498,0.9959259493825383,0.10653132715837968,0.09758910001255572,-1
94,37,hybrid_heuristic,-0.13467182477370565,0.13467182477370565,1,4.480536400628693,12.396662817939905,2.953889155179581e-06,1196.1192311625498,0.9959259493825383,0.10653132715837968,0.025054299971088767,-1
94,38,autoreg_rl_pure,-0.1337295708852215,0.1337295708852215,1,4.457422983456417,12.388952900051201,1.0414964113389247e-07,1192.511621021159,0.9897716466344795,0.10984600764497893,0.3313180000986904,1024
94,38,random,-100.0,22.457019105730836,0,146.8042299464664,4.9397594484983706e+20,0.2159235506026813,38931.46716007339,0.5484254369618876,3.558048305350014,0.032387099927291274,-1
94,38,latency_greedy,-1.9467863195279267,1.9467863195279267,1,4.695148694179053,1131.8600537297948,0.021344830818790947,1255.14974613551,0.9606774009058716,0.11567355779544812,0.00010899989865720272,-1
94,38,block_balanced,-3.3900489035563584,3.3900489035563584,1,9.359415413352064,29435.422640895427,0.0374478394423997,2492.0296092400313,0.4931654224690967,0.22743266612000124,0.00011330004781484604,-1
94,38,pdp_aware_greedy,-0.22978118330931904,0.22978118330931904,1,4.745452556628742,15.414860219033695,0.0011061795803507081,1268.8793067597694,0.9606774009058716,0.1145989692936312,0.004066399997100234,-1
94,38,local_search,-0.22978118330931904,0.22978118330931904,1,4.745452556628742,15.414860219033695,0.0011061795803507081,1268.8793067597694,0.9606774009058716,0.1145989692936312,0.026534900069236755,-1
94,38,beam_search,-0.1337295708852215,0.1337295708852215,1,4.457422983456417,12.388952900051201,1.0414964113389247e-07,1192.511621021159,0.9897716466344795,0.10984600764497893,0.444227600004524,-1
94,38,simulated_annealing,-0.22978118330931904,0.22978118330931904,1,4.745452556628742,15.414860219033695,0.0011061795803507081,1268.8793067597694,0.9606774009058716,0.1145989692936312,0.011991300154477358,-1
94,38,block_beam_strong,-0.1337295708852215,0.1337295708852215,1,4.457422983456417,12.388952900051201,1.0414964113389247e-07,1192.511621021159,0.9897716466344795,0.10984600764497893,5.716043699998409,-1
94,38,block_lns_strong,-0.1337295708852215,0.1337295708852215,1,4.457422983456417,12.388952900051201,1.0414964113389247e-07,1192.511621021159,0.9897716466344795,0.10984600764497893,0.10630550002679229,-1
94,38,hybrid_heuristic,-0.1337295708852215,0.1337295708852215,1,4.457422983456417,12.388952900051201,1.0414964113389247e-07,1192.511621021159,0.9897716466344795,0.10984600764497893,0.024839600082486868,-1
94,39,autoreg_rl_pure,-0.1299290774419544,0.1299290774419544,1,4.330925591054013,12.388780333323037,1.6777187901733182e-08,1238.7768200342575,0.9800651394312968,0.1412583099626984,0.3384821000508964,1024
94,39,random,-100.0,17.7130620810537,0,131.0074198743585,1.1417077879841702e+16,0.1650392067675626,37159.31572965332,0.7320624876390334,4.240318900089213,0.03326100017875433,-1
94,39,latency_greedy,-0.8378070357352304,0.8378070357352304,1,4.598131458993951,71.26787798992031,0.008518718689311084,1314.5444644173422,0.9800651394312968,0.1497010199732089,0.00010559987276792526,-1
94,39,block_balanced,-4.12085243344526,4.12085243344526,1,12.660570343427128,142825.12871116455,0.04490707429477889,3601.100897816193,0.536252639643032,0.4104139490506938,0.00011699995957314968,-1
94,39,pdp_aware_greedy,-0.16585584518547136,0.16585584518547136,1,4.5307358001032725,13.351415442388198,0.0003767306463099586,1295.487554915077,0.9800651394312968,0.1461551927156134,0.004924500128254294,-1
94,39,local_search,-0.16585584518547136,0.16585584518547136,1,4.5307358001032725,13.351415442388198,0.0003767306463099586,1295.487554915077,0.9800651394312968,0.1461551927156134,0.02432339987717569,-1
94,39,beam_search,-0.1299290774419544,0.1299290774419544,1,4.330925591054013,12.388780333323037,1.6777187901733182e-08,1238.7768200342575,0.9800651394312968,0.1412583099626984,0.45402860012836754,-1
94,39,simulated_annealing,-0.16585584518547136,0.16585584518547136,1,4.5307358001032725,13.351415442388198,0.0003767306463099586,1295.487554915077,0.9800651394312968,0.1461551927156134,0.011806600028648973,-1
94,39,block_beam_strong,-0.13265783714730164,0.13265783714730164,1,4.421881458489306,12.388782925127032,1.5111294156582458e-08,1264.5711107892423,0.9506715394190025,0.14445149841407387,4.609074000036344,-1
94,39,block_lns_strong,-0.1299290774419544,0.1299290774419544,1,4.330925591054013,12.388780333323037,1.6777187901733182e-08,1238.7768200342575,0.9800651394312968,0.1412583099626984,0.10211990005336702,-1
94,39,hybrid_heuristic,-0.1299290774419544,0.1299290774419544,1,4.330925591054013,12.388780333323037,1.6777187901733182e-08,1238.7768200342575,0.9800651394312968,0.1412583099626984,0.02511859987862408,-1
94,40,autoreg_rl_pure,-0.14322852836843197,0.14322852836843197,1,4.749990435108605,12.411333104014082,1.5562026706632163e-05,1378.531445462615,0.9876192122093346,0.13448243554220266,0.32834480004385114,1024
94,40,random,-100.0,11.013966791653132,0,96.21543695016932,8267079872.587023,0.09855635656996754,27714.59544052586,0.8869840853808122,2.7262001078385527,0.03333420003764331,-1
94,40,latency_greedy,-1.133544750457528,1.133544750457528,1,4.678883625199898,148.3736243091441,0.012242201117672472,1357.8476948652276,0.9876192122093346,0.13246924896618786,0.00010479986667633057,-1
94,40,block_balanced,-4.23700348051789,4.23700348051789,1,13.13781816767387,184233.69562540756,0.046244392496819456,3793.813047990505,0.6027176519839709,0.37313161405111667,0.00011099991388618946,-1
94,40,pdp_aware_greedy,-0.22922586138978385,0.22922586138978385,1,4.846916628091131,15.276777780863304,0.0010330362936390037,1406.4397291500536,0.9876192122093346,0.1372266243312535,0.003768600057810545,-1
94,40,local_search,-0.22922586138978385,0.22922586138978385,1,4.846916628091131,15.276777780863304,0.0010330362936390037,1406.4397291500536,0.9876192122093346,0.1372266243312535,0.025258100125938654,-1
94,40,beam_search,-0.14322852836843197,0.14322852836843197,1,4.749990435108605,12.411333104014082,1.5562026706632163e-05,1378.531445462615,0.9876192122093346,0.13448243554220266,0.4739709999412298,-1
94,40,simulated_annealing,-0.22922586138978385,0.22922586138978385,1,4.846916628091131,15.276777780863304,0.0010330362936390037,1406.4397291500536,0.9876192122093346,0.1372266243312535,0.01194729981943965,-1
94,40,block_beam_strong,-0.146425781455515,0.146425781455515,1,4.842488087366975,12.424444018795961,1.5118632519952837e-05,1405.186499323712,0.9172520751634516,0.1371012428277287,2.8651557001285255,-1
94,40,block_lns_strong,-0.14322852836843197,0.14322852836843197,1,4.749990435108605,12.411333104014082,1.5562026706632163e-05,1378.531445462615,0.9876192122093346,0.13448243554220266,0.09926620009355247,-1
94,40,hybrid_heuristic,-0.14322852836843197,0.14322852836843197,1,4.749990435108605,12.411333104014082,1.5562026706632163e-05,1378.531445462615,0.9876192122093346,0.13448243554220266,0.024651499930769205,-1
94,41,autoreg_rl_pure,-0.12726595289103862,0.12726595289103862,1,4.2400270026636715,12.390757526741169,8.961648355981765e-07,1008.9534571362869,0.9833648471524945,0.0864474809299125,0.3340356000699103,1024
94,41,random,-100.0,17.67031693184723,0,141.9711742567674,4508506034221284.0,0.16184495733185766,33438.71107218947,0.9255140036401499,2.8272798000990567,0.03376689995639026,-1
94,41,latency_greedy,-0.6488360006248325,0.6488360006248325,1,4.115473007178956,46.07255806136885,0.00646931168765714,979.4960715780092,0.9833648471524945,0.08174494562790181,0.0001142001710832119,-1
94,41,block_balanced,-3.311603802894283,3.311603802894283,1,10.807085162572706,21704.309124048545,0.03594566116942694,2555.426111564044,0.5766259156813018,0.2172637953205547,0.00011249980889260769,-1
94,41,pdp_aware_greedy,-0.4990772347412321,0.4990772347412321,1,4.346817048974173,31.139271914556574,0.00453799641783857,1034.0965580508569,0.9833648471524945,0.0883907155414729,0.00407600007019937,-1
94,41,local_search,-0.4990772347412321,0.4990772347412321,1,4.346817048974173,31.139271914556574,0.00453799641783857,1034.0965580508569,0.9833648471524945,0.0883907155414729,0.02429550001397729,-1
94,41,beam_search,-0.20028621368092714,0.20028621368092714,1,4.282193421054103,14.825356688698959,0.0008220013713195348,1018.8804943429325,0.9833648471524945,0.08710710732890806,0.46323159988969564,-1
94,41,simulated_annealing,-0.4990772347412321,0.4990772347412321,1,4.346817048974173,31.139271914556574,0.00453799641783857,1034.0965580508569,0.9833648471524945,0.0883907155414729,0.011880700010806322,-1
94,41,block_beam_strong,-0.12726595289103862,0.12726595289103862,1,4.2400270026636715,12.390757526741169,8.961648355981765e-07,1008.9534571362869,0.9833648471524945,0.0864474809299125,3.193310800008476,-1
94,41,block_lns_strong,-0.12726595289103862,0.12726595289103862,1,4.2400270026636715,12.390757526741169,8.961648355981765e-07,1008.9534571362869,0.9833648471524945,0.0864474809299125,0.10586060001514852,-1
94,41,hybrid_heuristic,-0.12726595289103862,0.12726595289103862,1,4.2400270026636715,12.390757526741169,8.961648355981765e-07,1008.9534571362869,0.9833648471524945,0.0864474809299125,0.025599399814382195,-1
94,42,autoreg_rl_pure,-0.8796904035228182,0.8796904035228182,1,4.831359777632691,77.76270938051898,0.00894629500017872,1243.5391053941653,0.9319172628121637,0.11142787168478244,0.33500270009972155,1024
94,42,random,-100.0,19.663755460987012,0,119.04898687023189,3.672861065477607e+18,0.19294505075805254,30387.81530132663,0.9625681764795362,2.691215740121326,0.03470820002257824,-1
94,42,latency_greedy,-5.179026738104791,5.179026738104791,1,7.878933694756957,2880385.781560979,0.05891015992632541,2020.8783571900935,0.9573609142998458,0.1784563715062719,0.00012340000830590725,-1
94,42,block_balanced,-6.0059223908496735,6.0059223908496735,1,12.44940655593601,16157396.04664483,0.06702209347139973,3187.337150230706,0.5931798811667598,0.28326622452223926,0.00011530006304383278,-1
94,42,pdp_aware_greedy,-2.473156325054539,2.473156325054539,1,4.705161409835009,4216.630733770452,0.02869748919608912,1211.0770921584096,0.9613709638938409,0.10916353944958859,0.00437349989078939,-1
94,42,local_search,-2.473156325054539,2.473156325054539,1,4.705161409835009,4216.630733770452,0.02869748919608912,1211.0770921584096,0.9613709638938409,0.10916353944958859,0.024962699972093105,-1
94,42,beam_search,-1.5389406808941906,1.5389406808941906,1,5.894845055394809,373.1670967889744,0.01678781657788331,1514.9836360429376,0.9368696416571047,0.13484485702839896,0.5175942000932992,-1
94,42,simulated_annealing,-2.473156325054539,2.473156325054539,1,4.705161409835009,4216.630733770452,0.02869748919608912,1211.0770921584096,0.9613709638938409,0.10916353944958859,0.0108644999563694,-1
94,42,block_beam_strong,-0.8796904035228182,0.8796904035228182,1,4.831359777632691,77.76270938051898,0.00894629500017872,1243.5391053941653,0.9319172628121637,0.11142787168478244,2.6900147998239845,-1
94,42,block_lns_strong,-0.8796904035228182,0.8796904035228182,1,4.831359777632691,77.76270938051898,0.00894629500017872,1243.5391053941653,0.9319172628121637,0.11142787168478244,0.10255459998734295,-1
94,42,hybrid_heuristic,-0.8796904035228182,0.8796904035228182,1,4.831359777632691,77.76270938051898,0.00894629500017872,1243.5391053941653,0.9319172628121637,0.11142787168478244,0.02616690006107092,-1
94,43,autoreg_rl_pure,-0.16517598017534316,0.16517598017534316,1,4.086406100509658,13.780402440189015,0.0005179058580056701,1044.6119834282138,0.9732918987452048,0.08767747792674811,0.3311515999957919,1024
94,43,random,-100.0,27.33214549564505,0,183.98908397653975,5.965114113821504e+24,0.26379788903220175,46570.86350217913,0.8026112938943054,3.8769031062830765,0.033716300036758184,-1
94,43,latency_greedy,-3.954161546409999,3.954161546409999,1,5.487241510697864,161239.92138078433,0.045700533564792756,1398.9654984145184,0.93412518208203,0.11685468882619512,0.0001042000949382782,-1
94,43,block_balanced,-5.813618595273809,5.813618595273809,1,12.567618275505529,9902156.25018995,0.06482672390584512,3190.957487109781,0.5565263506890807,0.2655743306162588,0.0001113000325858593,-1
94,43,pdp_aware_greedy,-0.19699121706451803,0.19699121706451803,1,4.045173016516953,14.96745299497254,0.0008836105835613385,1034.1779485265479,0.9776104702533621,0.08658658814979621,0.004285499919205904,-1
94,43,local_search,-0.19349528780934336,0.19349528780934336,1,3.946868326686406,14.947006892590327,0.0008627913293010347,1009.2924848656049,0.93412518208203,0.08471305837068387,0.0358863000292331,-1
94,43,beam_search,-0.19699121706451803,0.19699121706451803,1,4.045173016516953,14.96745299497254,0.0008836105835613385,1034.1779485265479,0.9776104702533621,0.08658658814979621,0.4824074001517147,-1
94,43,simulated_annealing,-0.19349528780934336,0.19349528780934336,1,3.946868326686406,14.947006892590327,0.0008627913293010347,1009.2924848656049,0.93412518208203,0.08471305837068387,0.011775400023907423,-1
94,43,block_beam_strong,-0.19194289765321296,0.19194289765321296,1,4.978636683103365,13.780402440191033,0.0005179058580064304,1270.3998365065531,0.9732918987452048,0.10649853206244547,3.623880999861285,-1
94,43,block_lns_strong,-0.19194289765321296,0.19194289765321296,1,4.978636683103365,13.780402440191033,0.0005179058580064304,1270.3998365065531,0.9732918987452048,0.10649853206244547,0.11032380000688136,-1
94,43,hybrid_heuristic,-0.19194289765321296,0.19194289765321296,1,4.978636683103365,13.780402440191033,0.0005179058580064304,1270.3998365065531,0.9732918987452048,0.10649853206244547,0.025870800018310547,-1
94,44,autoreg_rl_pure,-0.11175413627633272,0.11175413627633272,1,3.641847074472044,12.466372098647543,2.794298484011835e-05,818.7437588679811,0.982509793081072,0.07617624107035056,0.5799783000256866,1024
94,44,random,-100.0,12.839213590402531,0,114.10762389590818,207158525487.6355,0.11296617297071748,25337.986789535058,0.7856825572378949,2.3206860013869286,0.033626999938860536,-1
94,44,latency_greedy,-1.6428458194730369,1.6428458194730369,1,4.1334671661659765,552.1901646552334,0.018713392002569405,927.8618991459637,0.9873116041041379,0.08596394096698347,0.00010389997623860836,-1
94,44,block_balanced,-4.770494581768251,4.770494581768251,1,13.537622616951857,678542.7311105862,0.05183393452337428,3015.6606958482494,0.5613058438509998,0.27752946242920723,0.00010950001887977123,-1
94,44,pdp_aware_greedy,-0.13518339515861716,0.13518339515861716,1,4.506110659005615,12.388742104025278,8.582698122906789e-10,1011.0356268342841,0.9405263583709432,0.09366212025857808,0.003931800136342645,-1
94,44,local_search,-0.13518339515861716,0.13518339515861716,1,4.506110659005615,12.388742104025278,8.582698122906789e-10,1011.0356268342841,0.9405263583709432,0.09366212025857808,0.02654600003734231,-1
94,44,beam_search,-0.11175413627633272,0.11175413627633272,1,3.641847074472044,12.466372098647543,2.794298484011835e-05,818.7437588679811,0.982509793081072,0.07617624107035056,0.44989620009437203,-1
94,44,simulated_annealing,-0.13518339515861716,0.13518339515861716,1,4.506110659005615,12.388742104025278,8.582698122906789e-10,1011.0356268342841,0.9405263583709432,0.09366212025857808,0.011520100058987737,-1
94,44,block_beam_strong,-0.11175413627633272,0.11175413627633272,1,3.641847074472044,12.466372098647543,2.794298484011835e-05,818.7437588679811,0.982509793081072,0.07617624107035056,3.4133446000050753,-1
94,44,block_lns_strong,-0.11175413627633272,0.11175413627633272,1,3.641847074472044,12.466372098647543,2.794298484011835e-05,818.7437588679811,0.982509793081072,0.07617624107035056,0.10637339996173978,-1
94,44,hybrid_heuristic,-0.11175413627633272,0.11175413627633272,1,3.641847074472044,12.466372098647543,2.794298484011835e-05,818.7437588679811,0.982509793081072,0.07617624107035056,0.02511309995315969,-1
94,45,autoreg_rl_pure,-0.5941433994741897,0.5941433994741897,1,5.594961533358472,35.96421299663393,0.00518961623810542,1406.1972990367403,0.9964258091934857,0.1851073023710361,2.8475579998921603,935
94,45,random,-100.0,19.33496837433916,0,169.0565978059414,3.794689500364786e+16,0.1709644359378662,42179.62149062739,0.9213928271464255,5.53849334775016,0.034386000130325556,-1
94,45,latency_greedy,-2.3464451697806212,2.3464451697806212,1,6.567532033714038,2671.3413374936604,0.025635756247017773,1648.6736074165692,0.9964258091934857,0.21569480444261904,0.00010860012844204903,-1
94,45,block_balanced,-4.626288531900115,4.626288531900115,1,12.111796519363793,526562.1081071347,0.05137879116265913,3031.699149177833,0.6716642383414424,0.3989224900144384,0.00011850008741021156,-1
94,45,pdp_aware_greedy,-3.26048887166858,3.26048887166858,1,6.281108198925273,26820.64058547295,0.03649573858071986,1577.2781000009372,0.9364334399294107,0.20613007508791467,0.0037176001351326704,-1
94,45,local_search,-2.1878398964434105,2.1878398964434105,1,8.25438913008157,1583.3664647857136,0.023164738035677687,2069.44260880465,0.927042428882168,0.2717501670128715,0.0355358999222517,-1
94,45,beam_search,-0.5928587674672003,0.5928587674672003,1,5.557008985556214,35.95108345949763,0.0051898804541635505,1396.7318478049028,0.9364334399294107,0.18406780733616232,0.45171889988705516,-1
94,45,simulated_annealing,-2.1878398964434105,2.1878398964434105,1,8.25438913008157,1583.3664647857136,0.023164738035677687,2069.44260880465,0.927042428882168,0.2717501670128715,0.011816499987617135,-1
94,45,block_beam_strong,-0.5928587674672003,0.5928587674672003,1,5.557008985556214,35.95108345949763,0.0051898804541635505,1396.7318478049028,0.9364334399294107,0.18406780733616232,1.7338628999423236,-1
94,45,block_lns_strong,-0.5928587674672003,0.5928587674672003,1,5.557008985556214,35.95108345949763,0.0051898804541635505,1396.7318478049028,0.9364334399294107,0.18406780733616232,0.11963530001230538,-1
94,45,hybrid_heuristic,-0.5928587674672003,0.5928587674672003,1,5.557008985556214,35.95108345949763,0.0051898804541635505,1396.7318478049028,0.9364334399294107,0.18406780733616232,0.02504009986296296,-1
94,46,autoreg_rl_pure,-0.11325388730572594,0.11325388730572594,1,3.775084106502282,12.388782018207296,1.7702140609776997e-08,929.3208208052224,0.9733646268406764,0.08774384367129698,0.31812780001200736,1024
94,46,random,-100.0,13.323903188589354,0,106.72618878806878,1210532896947.4995,0.12204862773036343,25988.026881335405,0.8423012283149973,2.4229012282037057,0.03192570013925433,-1
94,46,latency_greedy,-0.2588910961910115,0.2588910961910115,1,3.692191532256791,17.941228857538885,0.0017968829640375708,908.9912796941045,0.9352741851116998,0.08588248835354834,0.00010719988495111465,-1
94,46,block_balanced,-3.1042674230100915,3.1042674230100915,1,8.869032691714214,14947.197193752148,0.03451169932879749,2169.2221614870004,0.5167029314808729,0.20239627686646658,0.00011200015433132648,-1
94,46,pdp_aware_greedy,-0.1190444291508801,0.1190444291508801,1,3.9254508301360396,12.428475330418156,2.3487451489845904e-05,965.8885067777759,0.9585611521060703,0.08892411467661554,0.004753899993374944,-1
94,46,local_search,-0.1190444291508801,0.1190444291508801,1,3.9254508301360396,12.428475330418156,2.3487451489845904e-05,965.8885067777759,0.9585611521060703,0.08892411467661554,0.023795900167897344,-1
94,46,beam_search,-0.11325388730572594,0.11325388730572594,1,3.775084106502282,12.388782018207296,1.7702140609776997e-08,929.3208208052224,0.9733646268406764,0.08774384367129698,0.4285659999586642,-1
94,46,simulated_annealing,-0.1190444291508801,0.1190444291508801,1,3.9254508301360396,12.428475330418156,2.3487451489845904e-05,965.8885067777759,0.9585611521060703,0.08892411467661554,0.011626899940893054,-1
94,46,block_beam_strong,-0.11325388730572594,0.11325388730572594,1,3.775084106502282,12.388782018207296,1.7702140609776997e-08,929.3208208052224,0.9733646268406764,0.08774384367129698,4.410795000148937,-1
94,46,block_lns_strong,-0.11325388730572594,0.11325388730572594,1,3.775084106502282,12.388782018207296,1.7702140609776997e-08,929.3208208052224,0.9733646268406764,0.08774384367129698,0.09821250010281801,-1
94,46,hybrid_heuristic,-0.11325388730572594,0.11325388730572594,1,3.775084106502282,12.388782018207296,1.7702140609776997e-08,929.3208208052224,0.9733646268406764,0.08774384367129698,0.02533570001833141,-1
94,47,autoreg_rl_pure,-0.13155097956020323,0.13155097956020323,1,4.285804137964297,12.481282417446163,3.318442738181836e-05,1213.3656913731056,0.9425551267715379,0.12160083090417616,1.4101866001728922,1023
94,47,random,-100.0,20.164360135940232,0,158.85895880888265,6.48388472412347e+17,0.18669658231063943,44589.776543492786,0.758851871244467,4.4415823501560725,0.03336129989475012,-1
94,47,latency_greedy,-2.343353556586415,2.343353556586415,1,4.881770498381034,3008.025255077867,0.02635821775932036,1380.239897174481,0.9609355299671805,0.1362143959769138,0.00010689999908208847,-1
94,47,block_balanced,-4.449262179764792,4.449262179764792,1,16.144993751704856,249963.17723879623,0.048252070252759974,4541.19301361685,0.5500637915488095,0.45216751759906626,0.00011669984087347984,-1
94,47,pdp_aware_greedy,-0.8018171460032868,0.8018171460032868,1,4.614064393179083,65.05779394334249,0.007920031314710725,1305.470941612613,0.9471616677235478,0.13095662636737648,0.003846399951726198,-1
94,47,local_search,-0.8018171460032868,0.8018171460032868,1,4.614064393179083,65.05779394334249,0.007920031314710725,1305.470941612613,0.9471616677235478,0.13095662636737648,0.025296200066804886,-1
94,47,beam_search,-0.16047050362939827,0.16047050362939827,1,5.299226573178449,12.435089106380765,2.7235778910886503e-05,1497.7986126642643,0.9295487689375403,0.15036044435516527,0.4513376001268625,-1
94,47,simulated_annealing,-0.7720208576911268,0.7720208576911268,1,4.6901484868742696,60.04408152968255,0.0076040545658695585,1326.8498849565667,0.9197940198241445,0.13307726046984558,0.01158520020544529,-1
94,47,block_beam_strong,-0.13203341523536538,0.13203341523536538,1,4.3018895152445005,12.481278496974749,3.31839178091837e-05,1217.8691882745943,0.9425551267715379,0.12223274678603009,4.132145900046453,-1
94,47,block_lns_strong,-0.13155097956020323,0.13155097956020323,1,4.285804137964297,12.481282417446163,3.318442738181836e-05,1213.3656913731056,0.9425551267715379,0.12160083090417616,0.10696529992856085,-1
94,47,hybrid_heuristic,-0.13155097956020323,0.13155097956020323,1,4.285804137964297,12.481282417446163,3.318442738181836e-05,1213.3656913731056,0.9425551267715379,0.12160083090417616,0.025614900048822165,-1
94,48,autoreg_rl_pure,-0.1515439131372008,0.1515439131372008,1,4.566134357440169,12.847993906807169,0.0001830263688119211,1344.4816079526927,0.9790901766994776,0.14577883639432151,0.3263770998455584,1024
94,48,random,-100.0,21.307446223905846,0,117.8762672409986,2.4424011510724497e+20,0.21396612203739346,34441.733105150095,0.8341932949492106,3.705934077818806,0.0335939999204129,-1
94,48,latency_greedy,-1.0574952631154386,1.0574952631154386,1,4.157683280600127,127.57442102904508,0.011444745326741893,1224.772874895334,0.9933934855896607,0.13050669059268236,0.00011080014519393444,-1
94,48,block_balanced,-3.0142875543519185,3.0142875543519185,1,9.106319104399002,11725.63711455916,0.03283715615744072,2670.575461962225,0.5920837782305984,0.2874034500436807,0.00011650007218122482,-1
94,48,pdp_aware_greedy,-0.5956084288768122,0.5956084288768122,1,4.523084754425524,39.11780337041895,0.005674466190702174,1331.8040986339374,0.9933934855896607,0.14487894565480097,0.0042236000299453735,-1
94,48,local_search,-0.5941947821004949,0.5941947821004949,1,4.496107936975319,39.05874664121415,0.005676053779661643,1323.8866772209467,0.9933934855896607,0.14359549055710544,0.03576250001788139,-1
94,48,beam_search,-0.1515439131372008,0.1515439131372008,1,4.566134357440169,12.847993906807169,0.0001830263688119211,1344.4816079526927,0.9790901766994776,0.14577883639432151,0.4692378998734057,-1
94,48,simulated_annealing,-0.5941947821004949,0.5941947821004949,1,4.496107936975319,39.05874664121415,0.005676053779661643,1323.8866772209467,0.9933934855896607,0.14359549055710544,0.011017699958756566,-1
94,48,block_beam_strong,-0.152470167561117,0.152470167561117,1,4.582080255555766,12.862387781518265,0.0001783909871509472,1349.1581415772816,0.9233714949701949,0.14649825683720605,3.2201449000276625,-1
94,48,block_lns_strong,-0.1515439131372008,0.1515439131372008,1,4.566134357440169,12.847993906807169,0.0001830263688119211,1344.4816079526927,0.9790901766994776,0.14577883639432151,0.1005727001465857,-1
94,48,hybrid_heuristic,-0.1515439131372008,0.1515439131372008,1,4.566134357440169,12.847993906807169,0.0001830263688119211,1344.4816079526927,0.9790901766994776,0.14577883639432151,0.02731599984690547,-1
94,49,autoreg_rl_pure,-0.1418286292505363,0.1418286292505363,1,4.726660243026923,12.389632470663534,5.616619104168124e-07,1290.2624881076704,0.9349200989730186,0.11608672981131092,1.8684721000026911,979
94,49,random,-100.0,19.944650619710284,0,144.1983133122131,1.124129944622423e+18,0.18845929570521056,39041.40758470753,0.7591013978768396,3.5081337798323053,0.035074600018560886,-1
94,49,latency_greedy,-1.5915001179606314,1.5915001179606314,1,4.8327024599498,460.85598043520986,0.017483873558765402,1318.4356681803347,0.930846997249309,0.11883869224217249,0.00010320008732378483,-1
94,49,block_balanced,-8.64345391882188,8.64345391882188,1,23.38211082559818,5199168064.050978,0.09574080853316173,6339.724998697533,0.6175426532644173,0.5702810224347198,0.00011490005999803543,-1
94,49,pdp_aware_greedy,-2.1010831760273425,2.1010831760273425,1,6.518354940518682,1451.8868951471263,0.02315307694046173,1775.2151124639404,0.9545357801124514,0.15996822730581142,0.0037664000410586596,-1
94,49,local_search,-1.5750708501695585,1.5750708501695585,1,5.9979451857804555,405.29662782608995,0.016924149103819015,1633.9464237042555,0.9246137952378333,0.1467139291086879,0.035529599990695715,-1
94,49,beam_search,-0.16025666064630198,0.16025666064630198,1,5.340590583872875,12.389945968582898,4.066294571948715e-07,1456.4020228484553,0.9359100453552571,0.13133839412739268,0.5220279998611659,-1
94,49,simulated_annealing,-1.5750708501695585,1.5750708501695585,1,5.9979451857804555,405.29662782608995,0.016924149103819015,1633.9464237042555,0.9246137952378333,0.1467139291086879,0.010887899901717901,-1
94,49,block_beam_strong,-0.13959663743807205,0.13959663743807205,1,4.65063482193576,12.391143194106805,7.008519651236162e-07,1269.652013149506,0.930846997249309,0.11442511777434547,2.7023812998086214,-1
94,49,block_lns_strong,-0.13959663743807205,0.13959663743807205,1,4.65063482193576,12.391143194106805,7.008519651236162e-07,1269.652013149506,0.930846997249309,0.11442511777434547,0.09523890004493296,-1
94,49,hybrid_heuristic,-0.13959663743807205,0.13959663743807205,1,4.65063482193576,12.391143194106805,7.008519651236162e-07,1269.652013149506,0.930846997249309,0.11442511777434547,0.024855999974533916,-1
94,50,autoreg_rl_pure,-0.11551539557614501,0.11551539557614501,1,3.8505131858715007,12.388739769105376,7.0331074072992e-26,1147.2577220776393,0.9971573004610277,0.12041488387652827,0.331385700032115,1024
94,50,random,-100.0,15.639355071545804,0,127.63505998541407,82395023522480.06,0.1425694239362715,37690.129777103204,0.9588296269825568,3.9368604666489944,0.03223849995993078,-1
94,50,latency_greedy,-0.11795720894121618,0.11795720894121618,1,3.931901498136241,12.388744848400801,3.20062926879891e-09,1171.2844920608209,0.9971573004610277,0.12278732104167195,0.00010199984535574913,-1
94,50,block_balanced,-3.270227137035222,3.270227137035222,1,12.091196409331479,17774.428260923807,0.034576056810607776,3580.355081380437,0.5356721028014739,0.37529931014054074,0.00011070002801716328,-1
94,50,pdp_aware_greedy,-0.11795720894121618,0.11795720894121618,1,3.931901498136241,12.388744848400801,3.20062926879891e-09,1171.2844920608209,0.9971573004610277,0.12278732104167195,0.00462549994699657,-1
94,50,local_search,-0.11795720894121618,0.11795720894121618,1,3.931901498136241,12.388744848400801,3.20062926879891e-09,1171.2844920608209,0.9971573004610277,0.12278732104167195,0.023631300078704953,-1
94,50,beam_search,-0.11795720894121618,0.11795720894121618,1,3.931901498136241,12.388744848400801,3.20062926879891e-09,1171.2844920608209,0.9971573004610277,0.12278732104167195,0.47416600002907217,-1
94,50,simulated_annealing,-0.11795720894121618,0.11795720894121618,1,3.931901498136241,12.388744848400801,3.20062926879891e-09,1171.2844920608209,0.9971573004610277,0.12278732104167195,0.012287900084629655,-1
94,50,block_beam_strong,-0.11795720894121618,0.11795720894121618,1,3.931901498136241,12.388744848400801,3.20062926879891e-09,1171.2844920608209,0.9971573004610277,0.12278732104167195,5.614104599924758,-1
94,50,block_lns_strong,-0.11795720894121618,0.11795720894121618,1,3.931901498136241,12.388744848400801,3.20062926879891e-09,1171.2844920608209,0.9971573004610277,0.12278732104167195,0.11355470004491508,-1
94,50,hybrid_heuristic,-0.11795720894121618,0.11795720894121618,1,3.931901498136241,12.388744848400801,3.20062926879891e-09,1171.2844920608209,0.9971573004610277,0.12278732104167195,0.02562409988604486,-1
94,51,autoreg_rl_pure,-0.11889722825650352,0.11889722825650352,1,3.951454524813985,12.399696024995755,8.276232076187317e-06,1066.463576504479,0.937166828192772,0.1096287202765264,0.33224979997612536,1024
94,51,random,-100.0,18.29240178569503,0,150.19079218506593,1.1527167404898676e+16,0.1667928003167734,40146.52341436419,0.9231172510242689,4.079883999915307,0.03558190003968775,-1
94,51,latency_greedy,-0.15903495944689486,0.15903495944689486,1,4.699752237973545,12.960340421708366,0.0002063318455403018,1266.2591549104495,0.9517468508106002,0.1275000081667201,0.00010710000060498714,-1
94,51,block_balanced,-2.919269784163416,2.919269784163416,1,9.031110034694077,9298.693493694995,0.031547711810970075,2423.9750105571798,0.5725650895458743,0.246804486214607,0.00011060014367103577,-1
94,51,pdp_aware_greedy,-0.15903495944689486,0.15903495944689486,1,4.699752237973545,12.960340421708366,0.0002063318455403018,1266.2591549104495,0.9517468508106002,0.1275000081667201,0.00385489990003407,-1
94,51,local_search,-0.15108854521806614,0.15108854521806614,1,4.676720699398522,12.727376298375628,0.00015173065191603498,1260.117386296606,0.9517468508106002,0.12742679292055634,0.03766590007580817,-1
94,51,beam_search,-0.11889722825650352,0.11889722825650352,1,3.951454524813985,12.399696024995755,8.276232076187317e-06,1066.463576504479,0.937166828192772,0.1096287202765264,0.4700660000089556,-1
94,51,simulated_annealing,-0.15108854521806614,0.15108854521806614,1,4.676720699398522,12.727376298375628,0.00015173065191603498,1260.117386296606,0.9517468508106002,0.12742679292055634,0.011923700105398893,-1
94,51,block_beam_strong,-0.1516148358068648,0.1516148358068648,1,4.694263719020401,12.727376298380156,0.00015173065191402118,1264.8017052060668,0.9517468508106002,0.12790136201906804,3.53011959977448,-1
94,51,block_lns_strong,-0.11889722825650352,0.11889722825650352,1,3.951454524813985,12.399696024995755,8.276232076187317e-06,1066.463576504479,0.937166828192772,0.1096287202765264,0.09811140014789999,-1
94,51,hybrid_heuristic,-0.11889722825650352,0.11889722825650352,1,3.951454524813985,12.399696024995755,8.276232076187317e-06,1066.463576504479,0.937166828192772,0.1096287202765264,0.02646000008098781,-1
94,52,autoreg_rl_pure,-0.1577020815262974,0.1577020815262974,1,3.4666366952976206,14.168843419294252,0.0006277458567470753,924.2888118628375,0.9935376429420136,0.08722138812252936,0.3271659000311047,1024
94,52,random,-100.0,15.70909265546733,0,136.98233070469774,48658363078328.15,0.1399277479251553,36128.17910739271,0.7392718943059149,3.4579927317062733,0.03349569998681545,-1
94,52,latency_greedy,-0.1597490091565057,0.1597490091565057,1,3.3641398427899576,14.35143606764798,0.0007511183487953171,897.2561880548467,0.9983933502736924,0.08464254339789028,0.00010259984992444515,-1
94,52,block_balanced,-1.129033027933788,1.129033027933788,1,7.336786800889208,120.194532777305,0.01083116793544216,1945.0445562625755,0.5438552320395835,0.18637176405517156,0.00010950001887977123,-1
94,52,pdp_aware_greedy,-0.8125194607540704,0.8125194607540704,1,4.229425788968564,68.77770895059813,0.008263519401213533,1125.5880951941897,0.9843627647304184,0.10794191847605406,0.0040134999435395,-1
94,52,local_search,-0.1597490091565057,0.1597490091565057,1,3.3641398427899576,14.35143606764798,0.0007511183487953171,897.2561880548467,0.9983933502736924,0.08464254339789028,0.025004700059071183,-1
94,52,beam_search,-0.1577020815262974,0.1577020815262974,1,3.4666366952976206,14.168843419294252,0.0006277458567470753,924.2888118628375,0.9935376429420136,0.08722138812252936,0.4745841999538243,-1
94,52,simulated_annealing,-0.1597490091565057,0.1597490091565057,1,3.3641398427899576,14.35143606764798,0.0007511183487953171,897.2561880548467,0.9983933502736924,0.08464254339789028,0.011616999981924891,-1
94,52,block_beam_strong,-0.1577020815262974,0.1577020815262974,1,3.4666366952976206,14.168843419294252,0.0006277458567470753,924.2888118628375,0.9935376429420136,0.08722138812252936,3.935141999972984,-1
94,52,block_lns_strong,-0.1577020815262974,0.1577020815262974,1,3.4666366952976206,14.168843419294252,0.0006277458567470753,924.2888118628375,0.9935376429420136,0.08722138812252936,0.11570549989119172,-1
94,52,hybrid_heuristic,-0.1577020815262974,0.1577020815262974,1,3.4666366952976206,14.168843419294252,0.0006277458567470753,924.2888118628375,0.9935376429420136,0.08722138812252936,0.025483400095254183,-1
94,53,autoreg_rl_pure,-0.17198654651805054,0.17198654651805054,1,5.629869605638766,12.484827696422395,6.258952858878344e-05,1699.4774831573845,0.9791045532605527,0.15823256268171035,1.330555599881336,1024
94,53,random,-100.0,22.66059469978058,0,178.57557532186257,7.58361357007721e+19,0.2094390594499149,53557.97577926042,0.6447805290481606,4.920390239191424,0.03429899993352592,-1
94,53,latency_greedy,-2.007364158568616,2.007364158568616,1,5.317751920297349,1256.8539082928764,0.022345176762733038,1605.161735065571,0.9981436880753507,0.14610738002499124,0.0001042000949382782,-1
94,53,block_balanced,-4.093569611392619,4.093569611392619,1,10.77175835622043,153711.09741078992,0.04546227718743043,3240.8826954271744,0.5812452945684908,0.2976391759941995,0.00011449982412159443,-1
94,53,pdp_aware_greedy,-0.6262364493346425,0.6262364493346425,1,5.19656694240375,40.150567692115,0.005755225814462949,1569.1166979053196,0.92933486081169,0.1427777738523456,0.004170100204646587,-1
94,53,local_search,-0.6262364493346425,0.6262364493346425,1,5.19656694240375,40.150567692115,0.005755225814462949,1569.1166979053196,0.92933486081169,0.1427777738523456,0.024409000063315034,-1
94,53,beam_search,-0.16891665083376908,0.16891665083376908,1,5.5338726845064405,12.478899184285625,5.41241737560971e-05,1670.6120441300873,0.9258528501732799,0.15416974096460456,0.48361289990134537,-1
94,53,simulated_annealing,-0.6262364493346425,0.6262364493346425,1,5.19656694240375,40.150567692115,0.005755225814462949,1569.1166979053196,0.92933486081169,0.1427777738523456,0.012611799873411655,-1
94,53,block_beam_strong,-0.16891665083376908,0.16891665083376908,1,5.5338726845064405,12.478899184285625,5.41241737560971e-05,1670.6120441300873,0.9258528501732799,0.15416974096460456,3.865718799876049,-1
94,53,block_lns_strong,-0.16891665083376908,0.16891665083376908,1,5.5338726845064405,12.478899184285625,5.41241737560971e-05,1670.6120441300873,0.9258528501732799,0.15416974096460456,0.10389659996144474,-1
94,53,hybrid_heuristic,-0.16891665083376908,0.16891665083376908,1,5.5338726845064405,12.478899184285625,5.41241737560971e-05,1670.6120441300873,0.9258528501732799,0.15416974096460456,0.02400789991952479,-1
94,54,autoreg_rl_pure,-0.3122219721934316,0.3122219721934316,1,3.8420171191756824,20.271006693978208,0.0023832828611289477,1094.1613758226615,0.9858152286568984,0.11105348641529898,0.31778680020943284,1024
94,54,random,-100.0,23.46005767673146,0,156.8873284618793,2.8465154047895913e+21,0.22464551587182374,44270.33959201826,0.6832993470398725,4.463534083802956,0.03318629995919764,-1
94,54,latency_greedy,-2.575044221112501,2.575044221112501,1,4.144995399568137,5673.28659247255,0.02957358358093224,1179.51379136971,0.9635303386069926,0.11970860035517529,0.00010089995339512825,-1
94,54,block_balanced,-6.364804306052935,6.364804306052935,1,10.98113461891296,44243261.95547312,0.0736382071308405,3108.2435807617258,0.5924480438679781,0.31267047888745697,0.0001100997906178236,-1
94,54,pdp_aware_greedy,-2.1857203707791517,2.1857203707791517,1,4.156941687671202,2141.6209558372566,0.025105719576239274,1182.8973255403532,0.9635303386069926,0.11997794919604053,0.004244399955496192,-1
94,54,local_search,-2.1857203707791517,2.1857203707791517,1,4.156941687671202,2141.6209558372566,0.025105719576239274,1182.8973255403532,0.9635303386069926,0.11997794919604053,0.024618799798190594,-1
94,54,beam_search,-0.3122219721934316,0.3122219721934316,1,3.8420171191756824,20.271006693978208,0.0023832828611289477,1094.1613758226615,0.9858152286568984,0.11105348641529898,0.44319249992258847,-1
94,54,simulated_annealing,-2.1857203707791517,2.1857203707791517,1,4.156941687671202,2141.6209558372566,0.025105719576239274,1182.8973255403532,0.9635303386069926,0.11997794919604053,0.011615899857133627,-1
94,54,block_beam_strong,-0.34472580347320797,0.34472580347320797,1,3.6863950777019534,22.245124361341077,0.002898566676566259,1050.239502404295,0.9635303386069926,0.10663163029503193,3.223275600001216,-1
94,54,block_lns_strong,-0.3122219721934316,0.3122219721934316,1,3.8420171191756824,20.271006693978208,0.0023832828611289477,1094.1613758226615,0.9858152286568984,0.11105348641529898,0.09629689995199442,-1
94,54,hybrid_heuristic,-0.3122219721934316,0.3122219721934316,1,3.8420171191756824,20.271006693978208,0.0023832828611289477,1094.1613758226615,0.9858152286568984,0.11105348641529898,0.025174499955028296,-1
94,55,autoreg_rl_pure,-0.11697900154402073,0.11697900154402073,1,3.8974389871414976,12.39046910791497,6.456444688842193e-07,1043.117854498128,0.954880828318986,0.09178161820846477,0.3247177000157535,1024
94,55,random,-100.0,18.689574636035942,0,135.5712807715786,9.313984880350224e+16,0.17538401714625718,35930.733888883915,0.6342913641818048,3.2038353444322274,0.03328690002672374,-1
94,55,latency_greedy,-2.559658288671424,2.559658288671424,1,7.379174302099796,4283.371130845096,0.028083636042493795,1965.481470969843,0.954880828318986,0.17600554647276934,0.00010489998385310173,-1
94,55,block_balanced,-3.152530431930459,3.152530431930459,1,10.000042760631029,15492.492793814297,0.03429485387557258,2660.243655612154,0.5870534414338934,0.23711896774097965,0.00011039990931749344,-1
94,55,pdp_aware_greedy,-0.11697900154402073,0.11697900154402073,1,3.8974389871414976,12.39046910791497,6.456444688842193e-07,1043.117854498128,0.954880828318986,0.09178161820846477,0.003842799924314022,-1
94,55,local_search,-0.11697900154402073,0.11697900154402073,1,3.8974389871414976,12.39046910791497,6.456444688842193e-07,1043.117854498128,0.954880828318986,0.09178161820846477,0.024592900183051825,-1
94,55,beam_search,-0.11697900154402073,0.11697900154402073,1,3.8974389871414976,12.39046910791497,6.456444688842193e-07,1043.117854498128,0.954880828318986,0.09178161820846477,0.4720951998606324,-1
94,55,simulated_annealing,-0.11697900154402073,0.11697900154402073,1,3.8974389871414976,12.39046910791497,6.456444688842193e-07,1043.117854498128,0.954880828318986,0.09178161820846477,0.010607399977743626,-1
94,55,block_beam_strong,-0.11697900154402073,0.11697900154402073,1,3.8974389871414976,12.39046910791497,6.456444688842193e-07,1043.117854498128,0.954880828318986,0.09178161820846477,3.1193667999468744,-1
94,55,block_lns_strong,-0.11697900154402073,0.11697900154402073,1,3.8974389871414976,12.39046910791497,6.456444688842193e-07,1043.117854498128,0.954880828318986,0.09178161820846477,0.09943780000321567,-1
94,55,hybrid_heuristic,-0.11697900154402073,0.11697900154402073,1,3.8974389871414976,12.39046910791497,6.456444688842193e-07,1043.117854498128,0.954880828318986,0.09178161820846477,0.02417979994788766,-1
94,56,autoreg_rl_pure,-0.119625459526842,0.119625459526842,1,3.968818752909867,12.406123970241678,1.2041803081625625e-05,1100.526732889221,0.9865185468214159,0.11320737181859603,0.32615439989604056,1024
94,56,random,-100.0,11.822743918076133,0,115.49851452931848,14702144176.019865,0.0998119610645467,31731.641859286854,0.9075600002080381,3.309101485117358,0.033418700098991394,-1
94,56,latency_greedy,-2.161074429500452,2.161074429500452,1,4.545714804125099,1955.7820937171916,0.02402365868890686,1258.6571892027705,0.979044344107044,0.13229600183515447,0.00010249996557831764,-1
94,56,block_balanced,-2.5177978738057973,2.5177978738057973,1,8.662592288068424,3503.7469774823403,0.027174012102068157,2389.5987404259818,0.5665294020635149,0.24891496402922164,0.00011140014976263046,-1
94,56,pdp_aware_greedy,-0.20346814402156685,0.20346814402156685,1,4.114435304687265,15.132968211873667,0.001004748376247685,1140.5115793306124,0.979044344107044,0.11736096716933343,0.004076399840414524,-1
94,56,local_search,-0.16538984152265318,0.16538984152265318,1,4.012595085453155,13.864310514118293,0.0005463947607351838,1112.4786784923792,0.9830890540683523,0.11445605659450045,0.0356838998850435,-1
94,56,beam_search,-0.11653240161123178,0.11653240161123178,1,3.86578739906774,12.40605830168903,1.208555968929829e-05,1072.1571411022164,0.9865185468214159,0.11026848508439402,0.5006432000081986,-1
94,56,simulated_annealing,-0.16538984152265318,0.16538984152265318,1,4.012595085453155,13.864310514118293,0.0005463947607351838,1112.4786784923792,0.9830890540683523,0.11445605659450045,0.01293279998935759,-1
94,56,block_beam_strong,-0.11653240161123178,0.11653240161123178,1,3.86578739906774,12.40605830168903,1.208555968929829e-05,1072.1571411022164,0.9865185468214159,0.11026848508439402,4.11297080013901,-1
94,56,block_lns_strong,-0.11653240161123178,0.11653240161123178,1,3.86578739906774,12.40605830168903,1.208555968929829e-05,1072.1571411022164,0.9865185468214159,0.11026848508439402,0.10397500009275973,-1
94,56,hybrid_heuristic,-0.11653240161123178,0.11653240161123178,1,3.86578739906774,12.40605830168903,1.208555968929829e-05,1072.1571411022164,0.9865185468214159,0.11026848508439402,0.026788900140672922,-1
94,57,autoreg_rl_pure,-0.14968215486956213,0.14968215486956213,1,4.989355835574647,12.38878560140487,1.3651642765288961e-08,1458.2213679032402,0.9683452724325697,0.1473975072999433,0.3274310000706464,1024
94,57,random,-100.0,4.014300459901586,0,60.68719174822537,2983.939676753463,0.02652966199673932,17612.771391886323,0.9543497438110958,1.7650274011679876,0.03350170003250241,-1
94,57,latency_greedy,-1.3591740755301167,1.3591740755301167,1,7.017189838478462,218.86036590493578,0.013735070011952096,2046.2594035811007,0.9893533698630671,0.20637777010598723,0.00010529998689889908,-1
94,57,block_balanced,-1.7147789053254032,1.7147789053254032,1,9.447584465364244,443.7078743886531,0.01731965230899302,2751.371605692647,0.5945743701567079,0.2758473410095516,0.00011010002344846725,-1
94,57,pdp_aware_greedy,-0.2656646108998615,0.2656646108998615,1,6.04476630358557,15.296010326161012,0.0010489905523206919,1764.3120123847523,0.9893533698630671,0.17715291048966145,0.003991400124505162,-1
94,57,local_search,-0.2656646108998615,0.2656646108998615,1,6.04476630358557,15.296010326161012,0.0010489905523206919,1764.3120123847523,0.9893533698630671,0.17715291048966145,0.02479729987680912,-1
94,57,beam_search,-0.25197814826793763,0.25197814826793763,1,6.026092856683184,14.802208362713413,0.0008224275178336153,1758.8861388984828,0.9543497438110958,0.17662908986619483,0.5113574999850243,-1
94,57,simulated_annealing,-0.2656646108998615,0.2656646108998615,1,6.04476630358557,15.296010326161012,0.0010489905523206919,1764.3120123847523,0.9893533698630671,0.17715291048966145,0.011828300077468157,-1
94,57,block_beam_strong,-0.14968215486956213,0.14968215486956213,1,4.989355835574647,12.38878560140487,1.3651642765288961e-08,1458.2213679032402,0.9683452724325697,0.1473975072999433,2.995527300052345,-1
94,57,block_lns_strong,-0.14968215486956213,0.14968215486956213,1,4.989355835574647,12.38878560140487,1.3651642765288961e-08,1458.2213679032402,0.9683452724325697,0.1473975072999433,0.09861420001834631,-1
94,57,hybrid_heuristic,-0.14968215486956213,0.14968215486956213,1,4.989355835574647,12.38878560140487,1.3651642765288961e-08,1458.2213679032402,0.9683452724325697,0.1473975072999433,0.027232499793171883,-1
94,58,autoreg_rl_pure,-0.10151774967651124,0.10151774967651124,1,3.3839249892148278,12.388739769107433,7.565316462196676e-16,797.7458871026444,0.9814624861463701,0.0690687967820001,0.3935078999493271,1024
94,58,random,-100.0,6.2220555052129995,0,92.75623230895302,67185.27072039149,0.041415035881142565,21594.298679109892,0.7611915955614514,1.865178763621421,0.033016799949109554,-1
94,58,latency_greedy,-0.36380445369585296,0.36380445369585296,1,3.6802881569541355,23.34254122310588,0.0031336498843398085,866.706646114285,0.9997386351924298,0.07528972993883142,9.989994578063488e-05,-1
94,58,block_balanced,-2.833709438769677,2.833709438769677,1,8.601001087946486,7754.17349004842,0.03136864288860607,2011.8516720081575,0.5154938348426459,0.1737603458641261,0.00011040014214813709,-1
94,58,pdp_aware_greedy,-0.10328486518749638,0.10328486518749638,1,3.4428288395832127,12.388739769105376,3.339214391006718e-20,811.4742701185249,0.9814624861463701,0.07064300342283529,0.0045629998203366995,-1
94,58,local_search,-0.10328486518749638,0.10328486518749638,1,3.4428288395832127,12.388739769105376,3.339214391006718e-20,811.4742701185249,0.9814624861463701,0.07064300342283529,0.026097399881109595,-1
94,58,beam_search,-0.10151774967651124,0.10151774967651124,1,3.3839249892148278,12.388739769107433,7.565316462196676e-16,797.7458871026444,0.9814624861463701,0.0690687967820001,0.39313510013744235,-1
94,58,simulated_annealing,-0.10328486518749638,0.10328486518749638,1,3.4428288395832127,12.388739769105376,3.339214391006718e-20,811.4742701185249,0.9814624861463701,0.07064300342283529,0.012195999966934323,-1
94,58,block_beam_strong,-0.10151774967651124,0.10151774967651124,1,3.3839249892148278,12.388739769107433,7.565316462196676e-16,797.7458871026444,0.9814624861463701,0.0690687967820001,5.418866399908438,-1
94,58,block_lns_strong,-0.10151774967651124,0.10151774967651124,1,3.3839249892148278,12.388739769107433,7.565316462196676e-16,797.7458871026444,0.9814624861463701,0.0690687967820001,0.10434419987723231,-1
94,58,hybrid_heuristic,-0.10151774967651124,0.10151774967651124,1,3.3839249892148278,12.388739769107433,7.565316462196676e-16,797.7458871026444,0.9814624861463701,0.0690687967820001,0.025712500093504786,-1
94,59,autoreg_rl_pure,-0.14011131298704713,0.14011131298704713,1,3.73736732218427,13.286702329513908,0.0003468399361270919,934.7453543246304,0.962832844814331,0.07713429928012823,0.3284191999118775,1024
94,59,random,-100.0,25.403951236572272,0,172.85183767346743,1.108847407226458e+23,0.24477429109283663,42764.99499753482,0.7353971245080487,3.5737276648305656,0.033896900014951825,-1
94,59,latency_greedy,-2.3756133822255494,2.3756133822255494,1,4.398420494372474,3381.044266691957,0.02743819261580578,1098.1851449103056,0.9834337794947675,0.0925147712904732,0.00011109979823231697,-1
94,59,block_balanced,-3.1682564227275005,3.1682564227275005,1,8.248085029101922,18376.402662709046,0.03476896111606434,2050.5488744337918,0.5368133611645324,0.1714858628907948,0.00011710007674992085,-1
94,59,pdp_aware_greedy,-0.8706443784237157,0.8706443784237157,1,4.100475131001988,80.30752182830706,0.00900292372887878,1024.534016842504,0.9834337794947675,0.08633217176852719,0.003966399934142828,-1
94,59,local_search,-0.8638392076826844,0.8638392076826844,1,4.115743108283672,78.86245530907297,0.008999144311849594,1028.326363046287,0.9834337794947675,0.08664576558636307,0.035394900012761354,-1
94,59,beam_search,-0.1985074214718393,0.1985074214718393,1,3.918151932798573,15.168109060194416,0.0009243884334782767,979.4931251666342,0.9664539323424698,0.0808654536083614,0.45647970004938543,-1
94,59,simulated_annealing,-0.8638392076826844,0.8638392076826844,1,4.115743108283672,78.86245530907297,0.008999144311849594,1028.326363046287,0.9834337794947675,0.08664576558636307,0.012075699865818024,-1
94,59,block_beam_strong,-0.13609606613150707,0.13609606613150707,1,3.799813813048873,13.092533505002754,0.00030096758973338124,950.1989088691961,0.962832844814331,0.07842311193890883,4.462078399956226,-1
94,59,block_lns_strong,-0.13609606613150707,0.13609606613150707,1,3.799813813048873,13.092533505002754,0.00030096758973338124,950.1989088691961,0.962832844814331,0.07842311193890883,0.10641579981893301,-1
94,59,hybrid_heuristic,-0.13609606613150707,0.13609606613150707,1,3.799813813048873,13.092533505002754,0.00030096758973338124,950.1989088691961,0.962832844814331,0.07842311193890883,0.025578900007531047,-1
94,60,autoreg_rl_pure,-0.45929604953769376,0.45929604953769376,1,5.203174165549939,26.437673999998065,0.003695208546242668,1520.5052746010765,0.9689679694602608,0.1359531764818528,0.7941346999723464,1010
94,60,random,-100.0,22.46327772139464,0,158.39268470797822,2.1039763775755334e+20,0.2140142907430305,45978.66350331682,0.898598035842199,4.090848546759059,0.034393500071018934,-1
94,60,latency_greedy,-3.9293974343070857,3.9293974343070857,1,6.557182825779565,139873.37817795144,0.04586469133950226,1913.2763524611423,0.9995225285166929,0.17118982164699456,0.00010770000517368317,-1
94,60,block_balanced,-4.255806314386311,4.255806314386311,1,9.523456522488248,253227.7407047674,0.04799964465523065,2774.39630565438,0.7016102496073341,0.24694340222585984,0.00011279992759227753,-1
94,60,pdp_aware_greedy,-0.741771861043336,0.741771861043336,1,5.757903975589963,51.386466049305696,0.0068735917654617566,1681.6015121048601,0.9995225285166929,0.1480203952786244,0.004430799977853894,-1
94,60,local_search,-0.7368236184324441,0.7368236184324441,1,5.751717613039986,50.778254505262204,0.006873676216412802,1679.8152900740465,0.9995225285166929,0.14786136035309133,0.03668259992264211,-1
94,60,beam_search,-0.741771861043336,0.741771861043336,1,5.757903975589963,51.386466049305696,0.0068735917654617566,1681.6015121048601,0.9995225285166929,0.1480203952786244,0.4794901998247951,-1
94,60,simulated_annealing,-0.7368236184324441,0.7368236184324441,1,5.751717613039986,50.778254505262204,0.006873676216412802,1679.8152900740465,0.9995225285166929,0.14786136035309133,0.011984999990090728,-1
94,60,block_beam_strong,-0.46452303553088803,0.46452303553088803,1,5.4030693281789155,26.38683907941468,0.0036897954266953046,1578.5505345924237,0.9806572721158457,0.1409330228888553,1.4086652998812497,-1
94,60,block_lns_strong,-0.45929604953769376,0.45929604953769376,1,5.203174165549939,26.437673999998065,0.003695208546242668,1520.5052746010765,0.9689679694602608,0.1359531764818528,0.1129874000325799,-1
94,60,hybrid_heuristic,-0.45929604953769376,0.45929604953769376,1,5.203174165549939,26.437673999998065,0.003695208546242668,1520.5052746010765,0.9689679694602608,0.1359531764818528,0.025078099919483066,-1
94,61,autoreg_rl_pure,-0.1350045025130741,0.1350045025130741,1,4.32173280367559,12.555631285219372,5.852804347447709e-05,1264.1654303956623,0.9897217263842831,0.134754748226498,0.4808910998981446,1023
94,61,random,-100.0,25.97562282852799,0,171.16569286865968,5.2538489652288336e+23,0.2513277222813332,49656.903320754056,0.9090252652561176,5.260659017036876,0.03408489981666207,-1
94,61,latency_greedy,-2.0902019334700417,2.0902019334700417,1,4.824803907851582,1604.2834984897204,0.023148507080475715,1409.8945733982293,0.9897217263842831,0.1504056984735634,0.0002823001705110073,-1
94,61,block_balanced,-5.945778693925384,5.945778693925384,1,12.361945122233372,13993294.766001731,0.06652456930430199,3596.424308706044,0.5322568472229424,0.38029241826076937,0.0001370999962091446,-1
94,61,pdp_aware_greedy,-0.1350045025130741,0.1350045025130741,1,4.32173280367559,12.555631285219372,5.852804347447709e-05,1264.1654303956623,0.9897217263842831,0.134754748226498,0.0041657998226583,-1
94,61,local_search,-0.1350045025130741,0.1350045025130741,1,4.32173280367559,12.555631285219372,5.852804347447709e-05,1264.1654303956623,0.9897217263842831,0.134754748226498,0.02485059993341565,-1
94,61,beam_search,-0.1350045025130741,0.1350045025130741,1,4.32173280367559,12.555631285219372,5.852804347447709e-05,1264.1654303956623,0.9897217263842831,0.134754748226498,0.4788940998259932,-1
94,61,simulated_annealing,-0.1350045025130741,0.1350045025130741,1,4.32173280367559,12.555631285219372,5.852804347447709e-05,1264.1654303956623,0.9897217263842831,0.134754748226498,0.010891300160437822,-1
94,61,block_beam_strong,-0.1350045025130741,0.1350045025130741,1,4.32173280367559,12.555631285219372,5.852804347447709e-05,1264.1654303956623,0.9897217263842831,0.134754748226498,6.014761199941859,-1
94,61,block_lns_strong,-0.1350045025130741,0.1350045025130741,1,4.32173280367559,12.555631285219372,5.852804347447709e-05,1264.1654303956623,0.9897217263842831,0.134754748226498,0.10509170009754598,-1
94,61,hybrid_heuristic,-0.1350045025130741,0.1350045025130741,1,4.32173280367559,12.555631285219372,5.852804347447709e-05,1264.1654303956623,0.9897217263842831,0.134754748226498,0.02698900015093386,-1
94,62,autoreg_rl_pure,-0.1190299084182001,0.1190299084182001,1,3.9676636139400037,12.388739769105376,8.889698276054364e-29,909.8774180003225,0.96763050141921,0.09162306874958535,0.37113710003905,1024
94,62,random,-100.0,15.310886036394553,0,131.58758844993181,26948100654514.137,0.13606432459328854,29834.95930251083,0.8092680998977583,3.046602194026245,0.03561359993182123,-1
94,62,latency_greedy,-1.4648582803621346,1.4648582803621346,1,4.733991325808923,338.2835091565478,0.016596058510699528,1083.399247831423,0.96763050141921,0.1093194521785108,0.00020610005594789982,-1
94,62,block_balanced,-2.66241739970856,2.66241739970856,1,8.675126305325131,5025.081759233157,0.029591635258415946,1976.876569046352,0.6000884431381001,0.2017983033239886,0.0001325998455286026,-1
94,62,pdp_aware_greedy,-0.21275059777468527,0.21275059777468527,1,4.951165366122286,14.546160401986516,0.000760454902667545,1132.6455511176819,0.9330005597458474,0.11433453257906348,0.0034906999208033085,-1
94,62,local_search,-0.21275059777468527,0.21275059777468527,1,4.951165366122286,14.546160401986516,0.000760454902667545,1132.6455511176819,0.9330005597458474,0.11433453257906348,0.024237499805167317,-1
94,62,beam_search,-0.1190299084182001,0.1190299084182001,1,3.9676636139400037,12.388739769105376,8.889698276054364e-29,909.8774180003225,0.96763050141921,0.09162306874958535,0.44595009996555746,-1
94,62,simulated_annealing,-0.21275059777468527,0.21275059777468527,1,4.951165366122286,14.546160401986516,0.000760454902667545,1132.6455511176819,0.9330005597458474,0.11433453257906348,0.012080400018021464,-1
94,62,block_beam_strong,-0.1190299084182001,0.1190299084182001,1,3.9676636139400037,12.388739769105376,8.889698276054364e-29,909.8774180003225,0.96763050141921,0.09162306874958535,2.9580248000565916,-1
94,62,block_lns_strong,-0.1190299084182001,0.1190299084182001,1,3.9676636139400037,12.388739769105376,8.889698276054364e-29,909.8774180003225,0.96763050141921,0.09162306874958535,0.09730989998206496,-1
94,62,hybrid_heuristic,-0.1190299084182001,0.1190299084182001,1,3.9676636139400037,12.388739769105376,8.889698276054364e-29,909.8774180003225,0.96763050141921,0.09162306874958535,0.023629199946299195,-1
94,63,autoreg_rl_pure,-0.13694750527562072,0.13694750527562072,1,4.564916840462381,12.388739771017866,1.1348447280356425e-12,1144.6890067468269,0.9877094499644039,0.11355498561969558,0.33530559996142983,1024
94,63,random,-100.0,10.773059463017393,0,97.02688001927135,4259512836.3123307,0.09507120947025742,24110.278711353305,0.9791503367693737,2.4273754426825276,0.034645300125703216,-1
94,63,latency_greedy,-0.7104209342611689,0.7104209342611689,1,4.9547415446241,50.462712475029754,0.00691975621887585,1241.0317605436803,0.9736325512510448,0.12542110708505386,0.00010520010255277157,-1
94,63,block_balanced,-0.6154883923672615,0.6154883923672615,1,7.398540891081572,33.135936589383014,0.004756677682692761,1848.2910405090267,0.5727514185774509,0.18550782315476863,0.00011230004020035267,-1
94,63,pdp_aware_greedy,-0.31169729941902063,0.31169729941902063,1,4.13224692466379,19.808531051925822,0.0023096071361893046,1036.9524211014887,0.9574813233885318,0.10279206752421342,0.004414200084283948,-1
94,63,local_search,-0.31169729941902063,0.31169729941902063,1,4.13224692466379,19.808531051925822,0.0023096071361893046,1036.9524211014887,0.9574813233885318,0.10279206752421342,0.02597079984843731,-1
94,63,beam_search,-0.1428575115193476,0.1428575115193476,1,4.68829035108229,12.457339650718467,2.4749251725358866e-05,1175.3287081052054,0.9736325512510448,0.11870670718875802,0.45854320004582405,-1
94,63,simulated_annealing,-0.31169729941902063,0.31169729941902063,1,4.13224692466379,19.808531051925822,0.0023096071361893046,1036.9524211014887,0.9574813233885318,0.10279206752421342,0.011656299931928515,-1
94,63,block_beam_strong,-0.1369276461483517,0.1369276461483517,1,4.5642548708764235,12.388739769788584,1.1959334490176147e-12,1144.5146208581825,0.9757464585605656,0.11353851873772575,3.55862500006333,-1
94,63,block_lns_strong,-0.1369276461483517,0.1369276461483517,1,4.5642548708764235,12.388739769788584,1.1959334490176147e-12,1144.5146208581825,0.9757464585605656,0.11353851873772575,0.10159959993325174,-1
94,63,hybrid_heuristic,-0.1369276461483517,0.1369276461483517,1,4.5642548708764235,12.388739769788584,1.1959334490176147e-12,1144.5146208581825,0.9757464585605656,0.11353851873772575,0.02604210004210472,-1
95,0,autoreg_rl_pure,-0.10076366255447845,0.10076366255447845,1,3.3587887518159487,12.388739769105376,8.852723600129647e-246,925.5424685265461,0.9410453944740019,0.0774841230198134,0.762366299983114,1014
95,0,random,-100.0,6.569295497254387,0,84.78101092808406,291108.3752750382,0.048138221371825746,23108.038371068156,0.9154928771081329,1.9607933375454443,0.033147000009194016,-1
95,0,latency_greedy,-1.46410341778107,1.46410341778107,1,3.8956392019346118,359.55731032847,0.016574780877841408,1071.6703239831793,0.9485744124102138,0.09223296973359743,0.00010069995187222958,-1
95,0,block_balanced,-1.5821382593997242,1.5821382593997242,1,6.662527561742353,392.4637036956656,0.016711548695657417,1825.7487971142816,0.5637074041941376,0.15524215770362937,0.00011240015737712383,-1
95,0,pdp_aware_greedy,-0.3787819922377545,0.3787819922377545,1,3.7465083134632584,24.11308969696133,0.003277308247143541,1031.12868145139,0.9986233237152626,0.0886795917519829,0.004886399954557419,-1
95,0,local_search,-0.37380432552033627,0.37380432552033627,1,3.62928446798879,24.025180206492145,0.0031130284280849845,999.1853130936379,0.8801124718133848,0.08580962720732566,0.036030600080266595,-1
95,0,beam_search,-0.10093941704589825,0.10093941704589825,1,3.364647234863275,12.388739769105376,4.788560316800454e-167,927.1381339388872,0.9456445569253199,0.07761927275821334,0.4345458000898361,-1
95,0,simulated_annealing,-0.37380432552033627,0.37380432552033627,1,3.62928446798879,24.025180206492145,0.0031130284280849845,999.1853130936379,0.8801124718133848,0.08580962720732566,0.012376999948173761,-1
95,0,block_beam_strong,-0.10169439740098828,0.10169439740098828,1,3.3898132466996094,12.388739769105376,2.60045515501568e-167,933.9942523296705,0.9456445569253199,0.07819982917337649,3.4279674000572413,-1
95,0,block_lns_strong,-0.10093941704589825,0.10093941704589825,1,3.364647234863275,12.388739769105376,4.788560316800454e-167,927.1381339388872,0.9456445569253199,0.07761927275821334,0.10115330014377832,-1
95,0,hybrid_heuristic,-0.10093941704589825,0.10093941704589825,1,3.364647234863275,12.388739769105376,4.788560316800454e-167,927.1381339388872,0.9456445569253199,0.07761927275821334,0.025715399999171495,-1
95,1,autoreg_rl_pure,-0.19219819169236535,0.19219819169236535,1,4.421765250933382,14.377307022495996,0.0007594768839840508,1214.3566155673143,0.9600183234898962,0.09783459911932982,0.33055730001069605,1024
95,1,random,-100.0,27.421168917995065,0,168.3069407506476,2.4158770545371043e+25,0.27106534668066423,45822.56435137308,0.9642779991169896,3.659730521374129,0.033470600144937634,-1
95,1,latency_greedy,-4.404964143813618,4.404964143813618,1,6.116033718556732,474727.29746840097,0.05177567552907848,1675.1994110782546,0.9495451975315078,0.13424259258077273,0.00010770000517368317,-1
95,1,block_balanced,-6.148949312128078,6.148949312128078,1,12.149099598821376,23628845.422988933,0.06935971390964372,3317.5291121056002,0.5927495459616191,0.2654720011896176,0.00011779996566474438,-1
95,1,pdp_aware_greedy,-1.487858580043585,1.487858580043585,1,5.2211427697440875,345.450277866416,0.016197650766392773,1431.8596998571022,0.9790554697675468,0.11321301392705299,0.004060799954459071,-1
95,1,local_search,-1.487858580043585,1.487858580043585,1,5.2211427697440875,345.450277866416,0.016197650766392773,1431.8596998571022,0.9790554697675468,0.11321301392705299,0.02446409990079701,-1
95,1,beam_search,-1.532622684484325,1.532622684484325,1,6.2071348482792175,358.81594697721124,0.01628822963441304,1700.3119575515757,0.9641210989179125,0.13702649173603834,0.49957769992761314,-1
95,1,simulated_annealing,-1.487858580043585,1.487858580043585,1,5.2211427697440875,345.450277866416,0.016197650766392773,1431.8596998571022,0.9790554697675468,0.11321301392705299,0.011941699776798487,-1
95,1,block_beam_strong,-0.19219819169236535,0.19219819169236535,1,4.421765250933382,14.377307022495996,0.0007594768839840508,1214.3566155673143,0.9600183234898962,0.09783459911932982,2.8968219999223948,-1
95,1,block_lns_strong,-0.19219819169236535,0.19219819169236535,1,4.421765250933382,14.377307022495996,0.0007594768839840508,1214.3566155673143,0.9600183234898962,0.09783459911932982,0.10633670003153384,-1
95,1,hybrid_heuristic,-0.19219819169236535,0.19219819169236535,1,4.421765250933382,14.377307022495996,0.0007594768839840508,1214.3566155673143,0.9600183234898962,0.09783459911932982,0.025974800111725926,-1
95,2,autoreg_rl_pure,-0.20281181244007426,0.20281181244007426,1,6.1000314980922035,13.017767377059368,0.00025786584596797473,1518.2479058867505,0.9176580573332446,0.14564960317847714,0.43126520002260804,1024
95,2,random,-100.0,23.870598200463398,0,163.83185677143115,4.719048863605696e+21,0.22867179275203153,40474.46997066299,0.9777197501842867,3.8682154989204545,0.035478000063449144,-1
95,2,latency_greedy,-1.7457575662227915,1.7457575662227915,1,6.403080604699311,602.4175726473716,0.01902281486348796,1592.3023622994313,0.9777197501842867,0.1508313624236028,0.0001067998819053173,-1
95,2,block_balanced,-1.5002093324000292,1.5002093324000292,1,9.031713941111676,267.71761840059736,0.01458798427082237,2241.886897462797,0.5732104591591904,0.21394799703387185,0.00011360016651451588,-1
95,2,pdp_aware_greedy,-1.1428570194604974,1.1428570194604974,1,5.218073171305715,145.84946639513524,0.012059030365079895,1299.6839735012436,0.9777197501842867,0.12277697449312049,0.004161700140684843,-1
95,2,local_search,-1.1229196524030522,1.1229196524030522,1,5.157609982966998,139.38868966493996,0.01186901660080309,1284.7852740279002,0.9500105191545789,0.12135432534874718,0.0349093999247998,-1
95,2,beam_search,-0.20281181244007426,0.20281181244007426,1,6.1000314980922035,13.017767377059368,0.00025786584596797473,1518.2479058867505,0.9176580573332446,0.14564960317847714,0.4454479000996798,-1
95,2,simulated_annealing,-1.1229196524030522,1.1229196524030522,1,5.157609982966998,139.38868966493996,0.01186901660080309,1284.7852740279002,0.9500105191545789,0.12135432534874718,0.011318499920889735,-1
95,2,block_beam_strong,-0.20883049514948707,0.20883049514948707,1,6.146379412837394,13.169265701739855,0.00027174677046860435,1529.7007075748334,0.958151595876559,0.14656852598569378,3.6918774000369012,-1
95,2,block_lns_strong,-0.20281181244007426,0.20281181244007426,1,6.1000314980922035,13.017767377059368,0.00025786584596797473,1518.2479058867505,0.9176580573332446,0.14564960317847714,0.10405949992127717,-1
95,2,hybrid_heuristic,-0.20281181244007426,0.20281181244007426,1,6.1000314980922035,13.017767377059368,0.00025786584596797473,1518.2479058867505,0.9176580573332446,0.14564960317847714,0.026141699869185686,-1
95,3,autoreg_rl_pure,-0.14234369242499,0.14234369242499,1,4.744664021798238,12.388856588380941,5.2451482331904546e-08,1149.2076006590644,0.9386898527427896,0.14476691681481133,0.5919762998819351,1013
95,3,random,-100.0,6.89897532539197,0,100.1081875027101,210262.5417568101,0.04726886371695871,24025.05711420036,0.9494014252144778,3.0607036904395275,0.0338812000118196,-1
95,3,latency_greedy,-0.23617719948236832,0.23617719948236832,1,5.069658367480013,15.287058152517211,0.000991896290227174,1227.1275653221273,0.9992415472788745,0.15619304776328355,0.00010080006904900074,-1
95,3,block_balanced,-5.064431212739614,5.064431212739614,1,11.075493104604016,1701811.833546924,0.056920955268803336,2667.9962916272384,0.547862297129775,0.3400006716332787,0.00011459994129836559,-1
95,3,pdp_aware_greedy,-0.3452412477411544,0.3452412477411544,1,4.938714722118261,20.2770051366666,0.002419001524894096,1195.7638796056006,0.9597858460983449,0.1506876988685083,0.004172000102698803,-1
95,3,local_search,-0.2231937523055375,0.2231937523055375,1,6.069600860703757,13.729575383637382,0.0005567234338575147,1467.0447770862527,0.8739795823647099,0.18692154723827079,0.03557730000466108,-1
95,3,beam_search,-0.26984243385111817,0.26984243385111817,1,6.917418195396398,14.477383844187203,0.000759569305779387,1670.4738417533542,0.9597858460983449,0.2110609518114361,0.5200662999413908,-1
95,3,simulated_annealing,-0.2231937523055375,0.2231937523055375,1,6.069600860703757,13.729575383637382,0.0005567234338575147,1467.0447770862527,0.8739795823647099,0.18692154723827079,0.01156069990247488,-1
95,3,block_beam_strong,-0.1434746288602893,0.1434746288602893,1,4.782361902974882,12.388856588380941,5.2451482331904546e-08,1158.2697109957328,0.9545936356564113,0.14591713651494628,3.668252500006929,-1
95,3,block_lns_strong,-0.14234369242499,0.14234369242499,1,4.744664021798238,12.388856588380941,5.2451482331904546e-08,1149.2076006590644,0.9386898527427896,0.14476691681481133,0.09923389996401966,-1
95,3,hybrid_heuristic,-0.14234369242499,0.14234369242499,1,4.744664021798238,12.388856588380941,5.2451482331904546e-08,1149.2076006590644,0.9386898527427896,0.14476691681481133,0.02519909990951419,-1
95,4,autoreg_rl_pure,-0.16061802031166159,0.16061802031166159,1,5.218278724181458,12.515428001531784,5.3990106939793185e-05,1372.0311032857212,0.942078097693183,0.11473197277312475,0.39029130013659596,1024
95,4,random,-100.0,24.465355185014605,0,156.84034412128983,3.526401988718861e+22,0.2396312285566548,40927.48467477804,0.9309626777161747,3.405867925146153,0.03636470017954707,-1
95,4,latency_greedy,-3.181355732173232,3.181355732173232,1,7.387979930196761,20253.41727433404,0.034760465509037664,1937.9499920383932,0.9729455781073274,0.16195055426900828,0.00010700011625885963,-1
95,4,block_balanced,-4.663756717260407,4.663756717260407,1,11.424522093561329,608858.1599328994,0.05216486754738299,2991.077179957222,0.6738581240957096,0.24913823688010178,0.00011710007674992085,-1
95,4,pdp_aware_greedy,-0.9753899474902036,0.9753899474902036,1,5.561168412744342,93.51999041634494,0.009501375806727448,1461.4077222027852,0.9729455781073274,0.12219868981271964,0.004247100092470646,-1
95,4,local_search,-0.9667986846983595,0.9667986846983595,1,5.369992354519931,92.85464022740193,0.009484541699890773,1411.5246039231247,0.9729455781073274,0.11772749791933895,0.03717629984021187,-1
95,4,beam_search,-0.16061802031166159,0.16061802031166159,1,5.218278724181458,12.515428001531784,5.3990106939793185e-05,1372.0311032857212,0.942078097693183,0.11473197277312475,0.44260090007446706,-1
95,4,simulated_annealing,-0.9667986846983595,0.9667986846983595,1,5.369992354519931,92.85464022740193,0.009484541699890773,1411.5246039231247,0.9729455781073274,0.11772749791933895,0.012554900022223592,-1
95,4,block_beam_strong,-0.1588035587837585,0.1588035587837585,1,5.205325449383314,12.470894199404226,5.5106171458176837e-05,1368.6617103310434,0.9309626777161747,0.11428275860154676,1.6910210000351071,-1
95,4,block_lns_strong,-0.15679124938943467,0.15679124938943467,1,5.080248216029198,12.525260988868673,6.211594718510486e-05,1336.0311641943579,0.9890216661634955,0.11156513506689768,0.12263839994557202,-1
95,4,hybrid_heuristic,-0.15679124938943467,0.15679124938943467,1,5.080248216029198,12.525260988868673,6.211594718510486e-05,1336.0311641943579,0.9890216661634955,0.11156513506689768,0.02697310014627874,-1
95,5,autoreg_rl_pure,-0.25508886677836995,0.25508886677836995,1,4.098246111225298,17.238438476444966,0.001602780335177981,1094.0596971800726,0.9369562544004497,0.09763902142934816,0.33369140001013875,1024
95,5,random,-100.0,22.95608676980092,0,146.30369256788435,1.7859330682229775e+21,0.22613952707188617,38690.028805676615,0.7022406814585417,3.4963425005767994,0.03257589996792376,-1
95,5,latency_greedy,-3.775190786686713,3.775190786686713,1,5.823784757845974,100506.84230448007,0.043141757653436544,1550.106652910735,0.9838233649192482,0.139925267080839,0.00010460009798407555,-1
95,5,block_balanced,-8.388083067267663,8.388083067267663,1,17.22963667507305,4355794630.063974,0.09565849460111056,4565.8686165931485,0.563165366921413,0.4123646516033287,0.00011539994738996029,-1
95,5,pdp_aware_greedy,-0.25508886677836995,0.25508886677836995,1,4.098246111225298,17.238438476444966,0.001602780335177981,1094.0596971800726,0.9369562544004497,0.09763902142934816,0.004944999935105443,-1
95,5,local_search,-0.25508886677836995,0.25508886677836995,1,4.098246111225298,17.238438476444966,0.001602780335177981,1094.0596971800726,0.9369562544004497,0.09763902142934816,0.0255517999175936,-1
95,5,beam_search,-1.158676319261545,1.158676319261545,1,4.6684306661933,158.11877246828075,0.012128550488796122,1244.9287346113208,0.9872554193056972,0.1123994328942647,0.4901842998806387,-1
95,5,simulated_annealing,-0.2522796877362362,0.2522796877362362,1,4.004852741658979,17.238120518312737,0.0016029211771914028,1069.3198373033636,0.9369562544004497,0.09541396296166173,0.011306400178000331,-1
95,5,block_beam_strong,-0.25180020174267287,0.25180020174267287,1,3.9964392909398336,17.228337108077366,0.0016014517101582155,1067.0478810473178,0.9838233649192482,0.09521351597220168,3.8785260000731796,-1
95,5,block_lns_strong,-0.25180020174267287,0.25180020174267287,1,3.9964392909398336,17.228337108077366,0.0016014517101582155,1067.0478810473178,0.9838233649192482,0.09521351597220168,0.10353880003094673,-1
95,5,hybrid_heuristic,-0.25180020174267287,0.25180020174267287,1,3.9964392909398336,17.228337108077366,0.0016014517101582155,1067.0478810473178,0.9838233649192482,0.09521351597220168,0.025585200171917677,-1
95,6,autoreg_rl_pure,-0.13916152638551604,0.13916152638551604,1,4.608387812962482,12.41695288345954,1.700102949081595e-05,1336.489197905054,0.936630647750648,0.13948783223735017,0.44425130006857216,1024
95,6,random,-100.0,11.196007406981789,0,92.03262190226977,17833772921.876278,0.10039849950089261,26483.69966038168,0.9263500445429339,2.755332856634316,0.03265610011294484,-1
95,6,latency_greedy,-100.0,5.041370977837767,0,72.308368907491,16270.155431901403,0.03470438026829388,20809.818806781524,0.9864892454185502,2.1609105088239757,0.00010489998385310173,-1
95,6,block_balanced,-100.0,7.350017984989645,0,97.34084914070117,799122.2795989786,0.05403148302371932,28010.66474954538,0.5412994278103629,2.910765254475868,0.00012329989112913609,-1
95,6,pdp_aware_greedy,-0.7908474521882222,0.7908474521882222,1,4.192340730776201,65.33194057328899,0.008168672166463416,1216.4450252131867,0.9864892454185502,0.12528664770872125,0.003894299967214465,-1
95,6,local_search,-0.7686082026812243,0.7686082026812243,1,4.05893528452767,62.420162319545526,0.00797746721984255,1178.0632143668327,0.9864892454185502,0.12129987224844756,0.03603890002705157,-1
95,6,beam_search,-0.1389592239786717,0.1389592239786717,1,4.570505987841791,12.445985085078227,2.0714255174193236e-05,1325.6140368229771,0.9263500445429339,0.13879230094377354,0.46556879999116063,-1
95,6,simulated_annealing,-0.7686082026812243,0.7686082026812243,1,4.05893528452767,62.420162319545526,0.00797746721984255,1178.0632143668327,0.9864892454185502,0.12129987224844756,0.01132120005786419,-1
95,6,block_beam_strong,-0.1389592239786717,0.1389592239786717,1,4.570505987841791,12.445985085078227,2.0714255174193236e-05,1325.6140368229771,0.9263500445429339,0.13879230094377354,4.684986499836668,-1
95,6,block_lns_strong,-0.1389592239786717,0.1389592239786717,1,4.570505987841791,12.445985085078227,2.0714255174193236e-05,1325.6140368229771,0.9263500445429339,0.13879230094377354,0.11220240010879934,-1
95,6,hybrid_heuristic,-0.1389592239786717,0.1389592239786717,1,4.570505987841791,12.445985085078227,2.0714255174193236e-05,1325.6140368229771,0.9263500445429339,0.13879230094377354,0.0247378998901695,-1
95,7,autoreg_rl_pure,-0.14595621990918944,0.14595621990918944,1,4.7847366629416985,12.4637356144545,3.700146529471863e-05,1248.3369130151368,0.9947892642494953,0.1084173338654521,0.3248170998413116,1024
95,7,random,-100.0,18.55961566099112,0,146.37273866348824,2.993700482441584e+16,0.17100746131137987,37863.89772797904,0.6216480750008948,3.3275731259421466,0.03298739995807409,-1
95,7,latency_greedy,-0.8467316117446164,0.8467316117446164,1,4.4549552160233885,73.66261159234976,0.00834070478110374,1162.6827977745038,0.9725384366027167,0.1009448170370772,0.00010240008123219013,-1
95,7,block_balanced,-2.225843973526161,2.225843973526161,1,8.613118974088053,1694.9592660143805,0.0239374036419562,2238.2813793359537,0.5520134765850575,0.19666952103471969,0.00010890001431107521,-1
95,7,pdp_aware_greedy,-0.7656689187975955,0.7656689187975955,1,4.670928393940607,59.18337320187471,0.007350462609017462,1218.7372719833002,0.9774951495238752,0.1058385526354409,0.004254200030118227,-1
95,7,local_search,-0.7617889803155402,0.7617889803155402,1,4.541597111176757,59.183373202001974,0.00735046260902083,1185.2678680267288,0.9725384366027167,0.10290803548258368,0.03827710007317364,-1
95,7,beam_search,-0.14595621990918944,0.14595621990918944,1,4.7847366629416985,12.4637356144545,3.700146529471863e-05,1248.3369130151368,0.9947892642494953,0.1084173338654521,0.4277795001398772,-1
95,7,simulated_annealing,-0.7617889803155402,0.7617889803155402,1,4.541597111176757,59.183373202001974,0.00735046260902083,1185.2678680267288,0.9725384366027167,0.10290803548258368,0.010819299845024943,-1
95,7,block_beam_strong,-0.14678462259981764,0.14678462259981764,1,4.782542193707521,12.491630610372157,3.6022862518848094e-05,1247.7814071189941,0.9229918357880159,0.10836760939357847,4.376858300063759,-1
95,7,block_lns_strong,-0.14595621990918944,0.14595621990918944,1,4.7847366629416985,12.4637356144545,3.700146529471863e-05,1248.3369130151368,0.9947892642494953,0.1084173338654521,0.0989496000111103,-1
95,7,hybrid_heuristic,-0.14595621990918944,0.14595621990918944,1,4.7847366629416985,12.4637356144545,3.700146529471863e-05,1248.3369130151368,0.9947892642494953,0.1084173338654521,0.024373200023546815,-1
95,8,autoreg_rl_pure,-0.22460782193033302,0.22460782193033302,1,4.443860157535748,15.564894407929554,0.001080298180478607,1115.1947072031896,0.9778394316402724,0.12453228068776927,2.4468672999646515,942
95,8,random,-100.0,21.311856642409225,0,146.1707697396513,2.9579755116795474e+19,0.2047504643066675,36339.593671490526,0.811948478845546,4.110668170279961,0.03401160007342696,-1
95,8,latency_greedy,-3.4830165724243027,3.4830165724243027,1,6.3444088290445535,46560.077447696305,0.03976352080431168,1587.3391749893703,0.9831580802440899,0.17817208543746985,0.0001050999853760004,-1
95,8,block_balanced,-2.203942545975824,2.203942545975824,1,8.978263580875169,1561.3007599528253,0.02355546347377201,2242.142651194625,0.6673718378175548,0.2534842806973261,0.00011390005238354206,-1
95,8,pdp_aware_greedy,-3.0665390267781203,3.0665390267781203,1,6.0320548870089965,16826.855442560292,0.034847942166976724,1509.7260122346177,0.9831580802440899,0.16903897190355993,0.0040799998678267,-1
95,8,local_search,-2.2003020568707865,2.2003020568707865,1,8.848231191541686,1562.3178201805908,0.02355620234781002,2209.8227854325355,0.7676333116364129,0.24983418671811142,0.03627240005880594,-1
95,8,beam_search,-1.255710872106391,1.255710872106391,1,7.293543066990555,165.51294795900736,0.012821364204682249,1823.2773361375591,0.9831580802440899,0.20439021936515445,0.43460680008865893,-1
95,8,simulated_annealing,-2.2003020568707865,2.2003020568707865,1,8.848231191541686,1562.3178201805908,0.02355620234781002,2209.8227854325355,0.7676333116364129,0.24983418671811142,0.010757899843156338,-1
95,8,block_beam_strong,-0.2552707617128288,0.2552707617128288,1,5.332056880292894,15.721993865364842,0.0012012610789363474,1335.8827637963636,0.817281277790578,0.14942261469091797,2.1144695000257343,-1
95,8,block_lns_strong,-0.25342147153335925,0.25342147153335925,1,5.2578128108873,15.736859426966888,0.0012047301561941676,1317.4298205375076,0.888625676746565,0.14734203992869438,0.08872020011767745,-1
95,8,hybrid_heuristic,-0.25342147153335925,0.25342147153335925,1,5.2578128108873,15.736859426966888,0.0012047301561941676,1317.4298205375076,0.888625676746565,0.14734203992869438,0.025288699893280864,-1
95,9,autoreg_rl_pure,-0.11645221766323592,0.11645221766323592,1,3.599060003716468,12.654198037557219,0.00011673041010682993,913.5049656122866,0.9892739991587219,0.11990462936113619,0.32893809978850186,1024
95,9,random,-100.0,17.395531709782038,0,124.46363589834675,8432288145642652.0,0.1647579620681859,31242.121473735555,0.9930112006945759,4.084181678870079,0.034729599952697754,-1
95,9,latency_greedy,-3.9386970026811667,3.9386970026811667,1,8.616874997276746,122671.44221481777,0.04452319827639929,2172.5421418984033,0.992233575695309,0.28505755045947023,0.00010429997928440571,-1
95,9,block_balanced,-6.055267280927346,6.055267280927346,1,16.37021247978913,13621912.172000056,0.06602967784532293,4118.167330207864,0.5397305200940614,0.5383362353051188,0.00011110003106296062,-1
95,9,pdp_aware_greedy,-0.15778566493248303,0.15778566493248303,1,3.7519662144197468,13.871753817584436,0.0004824543912737914,951.888130272455,0.9505230186109681,0.12514739836952166,0.004270599922165275,-1
95,9,local_search,-0.12986012690541932,0.12986012690541932,1,3.6867869364427492,12.999738916937991,0.00025132506880353974,935.5494438114619,0.9855977936889674,0.12241191111371866,0.03465129993855953,-1
95,9,beam_search,-0.12504752890524606,0.12504752890524606,1,3.5136903777942523,13.01210425561299,0.00021294590771662398,892.0635792132282,0.9892739991587219,0.11693022014970407,0.44176690001040697,-1
95,9,simulated_annealing,-0.12986012690541932,0.12986012690541932,1,3.6867869364427492,12.999738916937991,0.00025132506880353974,935.5494438114619,0.9855977936889674,0.12241191111371866,0.01140399998985231,-1
95,9,block_beam_strong,-0.12552178847423487,0.12552178847423487,1,3.529499955981654,13.012103352031902,0.00021294583119379487,896.0327789726302,0.9893044971917716,0.11744783755338914,4.113879699958488,-1
95,9,block_lns_strong,-0.12504752890524606,0.12504752890524606,1,3.5136903777942523,13.01210425561299,0.00021294590771662398,892.0635792132282,0.9892739991587219,0.11693022014970407,0.10683079995214939,-1
95,9,hybrid_heuristic,-0.12504752890524606,0.12504752890524606,1,3.5136903777942523,13.01210425561299,0.00021294590771662398,892.0635792132282,0.9892739991587219,0.11693022014970407,0.02454399992711842,-1
95,10,autoreg_rl_pure,-0.4043930408681464,0.4043930408681464,1,5.404155380914435,22.702133923708686,0.0028514182678288746,1398.0919695266984,0.9887462025247163,0.13288104776988494,0.5231062001548707,1017
95,10,random,-100.0,17.96509244370872,0,151.52234283168232,4602349706789631.0,0.16191115287899166,38898.14229516544,0.7784078054295286,3.7437464624015746,0.03408140013925731,-1
95,10,latency_greedy,-5.155460872752046,5.155460872752046,1,12.087335294633066,1980559.644954008,0.057826241008880175,3113.031976210858,0.9984824941154464,0.30139569751487644,0.00012179999612271786,-1
95,10,block_balanced,-6.513800068743536,6.513800068743536,1,13.755091519962715,52151123.60302653,0.07426222261754378,3541.3779230194614,0.596757886703952,0.340870076168229,0.00012079998850822449,-1
95,10,pdp_aware_greedy,-2.067920160346192,2.067920160346192,1,5.44542605433302,1448.3516906056693,0.02337696233354789,1408.61393006138,0.9887462025247163,0.13725727842805427,0.00405039987526834,-1
95,10,local_search,-2.011009667428735,2.011009667428735,1,5.299575991606709,1270.0911469361279,0.02282616435568789,1371.184645576187,0.9887462025247163,0.13338222663308577,0.03636789997108281,-1
95,10,beam_search,-0.8070059643971025,0.8070059643971025,1,7.77835250458722,51.98350465405138,0.0069305935565245926,2007.2152587252635,0.9887462025247163,0.19448978430736805,0.473894199822098,-1
95,10,simulated_annealing,-2.011009667428735,2.011009667428735,1,5.299575991606709,1270.0911469361279,0.02282616435568789,1371.184645576187,0.9887462025247163,0.13338222663308577,0.011453300016000867,-1
95,10,block_beam_strong,-0.4043930408681464,0.4043930408681464,1,5.404155380914435,22.702133923708686,0.0028514182678288746,1398.0919695266984,0.9887462025247163,0.13288104776988494,4.902031200006604,-1
95,10,block_lns_strong,-0.4043930408681464,0.4043930408681464,1,5.404155380914435,22.702133923708686,0.0028514182678288746,1398.0919695266984,0.9887462025247163,0.13288104776988494,0.0990555000025779,-1
95,10,hybrid_heuristic,-0.4043930408681464,0.4043930408681464,1,5.404155380914435,22.702133923708686,0.0028514182678288746,1398.0919695266984,0.9887462025247163,0.13288104776988494,0.025136000011116266,-1
95,11,autoreg_rl_pure,-0.11884740209589,0.11884740209589,1,3.9614209862097747,12.38888758343578,2.576564368973123e-07,1194.32510531437,0.9898759235277145,0.12094611865505668,0.3276766000781208,1024
95,11,random,-100.0,5.199655239337773,0,101.85656338451193,2635.1195274904094,0.0257712192974089,30445.419216117167,0.9050787810862154,3.070108050318652,0.03334619989618659,-1
95,11,latency_greedy,-0.17180203575917125,0.17180203575917125,1,4.234308645902123,13.85602169923696,0.0005143697708062541,1275.8624141178254,0.9933290921822955,0.12916100646653614,0.00010280008427798748,-1
95,11,block_balanced,-0.882423672958276,0.882423672958276,1,8.17012364436533,60.95207416733116,0.007668516200132593,2452.3075685726462,0.6050179401862148,0.24678341881167942,0.00010940013453364372,-1
95,11,pdp_aware_greedy,-0.17180203575917125,0.17180203575917125,1,4.234308645902123,13.85602169923696,0.0005143697708062541,1275.8624141178254,0.9933290921822955,0.12916100646653614,0.004050899995490909,-1
95,11,local_search,-0.17180203575917125,0.17180203575917125,1,4.234308645902123,13.85602169923696,0.0005143697708062541,1275.8624141178254,0.9933290921822955,0.12916100646653614,0.026349399937316775,-1
95,11,beam_search,-0.14380944478055058,0.14380944478055058,1,4.79348907261946,12.388887586296685,2.576574220902822e-07,1442.9439372783609,0.9898759235277145,0.14627251321385035,0.41979700000956655,-1
95,11,simulated_annealing,-0.17180203575917125,0.17180203575917125,1,4.234308645902123,13.85602169923696,0.0005143697708062541,1275.8624141178254,0.9933290921822955,0.12916100646653614,0.013049899833276868,-1
95,11,block_beam_strong,-0.13612982271893398,0.13612982271893398,1,4.537216778276757,12.389152301515276,2.4449525121782567e-07,1366.6335306305002,0.9508165061990466,0.1382406844552987,2.8759463999886066,-1
95,11,block_lns_strong,-0.13612982271893398,0.13612982271893398,1,4.537216778276757,12.389152301515276,2.4449525121782567e-07,1366.6335306305002,0.9508165061990466,0.1382406844552987,0.0907648999709636,-1
95,11,hybrid_heuristic,-0.13612982271893398,0.13612982271893398,1,4.537216778276757,12.389152301515276,2.4449525121782567e-07,1366.6335306305002,0.9508165061990466,0.1382406844552987,0.024815200129523873,-1
95,12,autoreg_rl_pure,-0.2626445696497094,0.2626445696497094,1,4.792237660409047,16.676183712034263,0.0014537308640339805,1276.9971022885697,0.9919875134348121,0.1371401470986449,0.3271484998986125,1024
95,12,random,-100.0,24.816686504850665,0,177.2928297041357,1.8306479319522107e+22,0.23518731572951201,46849.99534031021,0.9354400894202958,5.091786660844901,0.03446100000292063,-1
95,12,latency_greedy,-4.238217594173262,4.238217594173262,1,6.910721013492923,294792.76187652495,0.048620222297132455,1836.5302493913516,0.9919875134348121,0.1977650866896323,0.000125400023534894,-1
95,12,block_balanced,-5.988512845373805,5.988512845373805,1,14.205816305337406,13559986.805783924,0.06722237514818807,3763.9738571283187,0.6374599368620179,0.4088509146503393,0.0001235001254826784,-1
95,12,pdp_aware_greedy,-0.26935366832927005,0.26935366832927005,1,4.830704459512498,16.909393793560486,0.0015303772077410835,1287.1679203850335,0.9919875134348121,0.13824095696269723,0.004321799846366048,-1
95,12,local_search,-0.2626445696497094,0.2626445696497094,1,4.792237660409047,16.676183712034263,0.0014537308640339805,1276.9971022885697,0.9919875134348121,0.1371401470986449,0.035344500094652176,-1
95,12,beam_search,-0.2626445696497094,0.2626445696497094,1,4.792237660409047,16.676183712034263,0.0014537308640339805,1276.9971022885697,0.9919875134348121,0.1371401470986449,0.4769511001650244,-1
95,12,simulated_annealing,-0.2626445696497094,0.2626445696497094,1,4.792237660409047,16.676183712034263,0.0014537308640339805,1276.9971022885697,0.9919875134348121,0.1371401470986449,0.012215499999001622,-1
95,12,block_beam_strong,-0.2626445696497094,0.2626445696497094,1,4.792237660409047,16.676183712034263,0.0014537308640339805,1276.9971022885697,0.9919875134348121,0.1371401470986449,3.1752156999427825,-1
95,12,block_lns_strong,-0.2626445696497094,0.2626445696497094,1,4.792237660409047,16.676183712034263,0.0014537308640339805,1276.9971022885697,0.9919875134348121,0.1371401470986449,0.09138330002315342,-1
95,12,hybrid_heuristic,-0.2626445696497094,0.2626445696497094,1,4.792237660409047,16.676183712034263,0.0014537308640339805,1276.9971022885697,0.9919875134348121,0.1371401470986449,0.024725199909880757,-1
95,13,autoreg_rl_pure,-0.11724797555060773,0.11724797555060773,1,3.9082556257565777,12.388749270588267,6.950941828449959e-09,1104.5854475946603,0.9934885683315972,0.08738090324607414,0.332719299942255,1024
95,13,random,-100.0,16.971619377933774,0,127.86120554183114,2264761852908626.5,0.15874338275488553,35802.6773903759,0.7214239772431961,2.8001596427475914,0.033533499808982015,-1
95,13,latency_greedy,-1.6287532997836847,1.6287532997836847,1,4.348745454374168,524.5366583037437,0.018108207850714444,1227.8503575992668,0.9900348452806492,0.0971288421829409,0.00010279985144734383,-1
95,13,block_balanced,-3.256939220648318,3.256939220648318,1,10.600870122655941,19226.999022620894,0.03482164607885377,2978.2966348200853,0.6169253075213712,0.23314989391983015,0.00011559994891285896,-1
95,13,pdp_aware_greedy,-0.1419169722972317,0.1419169722972317,1,4.049334310346277,13.038158593655737,0.00027448540885837124,1144.0972239213174,0.9900348452806492,0.09047990626264532,0.003962300019338727,-1
95,13,local_search,-0.1419169722972317,0.1419169722972317,1,4.049334310346277,13.038158593655737,0.00027448540885837124,1144.0972239213174,0.9900348452806492,0.09047990626264532,0.024951200000941753,-1
95,13,beam_search,-0.11724797555060773,0.11724797555060773,1,3.9082556257565777,12.388749270588267,6.950941828449959e-09,1104.5854475946603,0.9934885683315972,0.08738090324607414,0.4472954000812024,-1
95,13,simulated_annealing,-0.1419169722972317,0.1419169722972317,1,4.049334310346277,13.038158593655737,0.00027448540885837124,1144.0972239213174,0.9900348452806492,0.09047990626264532,0.011238999897614121,-1
95,13,block_beam_strong,-0.11705273047952464,0.11705273047952464,1,3.900383480858136,12.390016682036833,1.6548527866852616e-06,1102.3817902816772,0.9900348452806492,0.08707126711960507,2.8851699999067932,-1
95,13,block_lns_strong,-0.11705273047952464,0.11705273047952464,1,3.900383480858136,12.390016682036833,1.6548527866852616e-06,1102.3817902816772,0.9900348452806492,0.08707126711960507,0.10156810004264116,-1
95,13,hybrid_heuristic,-0.11705273047952464,0.11705273047952464,1,3.900383480858136,12.390016682036833,1.6548527866852616e-06,1102.3817902816772,0.9900348452806492,0.08707126711960507,0.02647330006584525,-1
95,14,autoreg_rl_pure,-0.5417162599479072,0.5417162599479072,1,4.524044911130819,34.184600280080716,0.00492890146820139,1178.2957633850788,0.8890497523318033,0.11896534717294796,0.3280825999099761,1024
95,14,random,-100.0,29.62568774238415,0,187.5229247461384,1.4148032366821793e+27,0.32019121368019887,48408.60306168302,0.7556541394043882,4.948116140968008,0.03439369983971119,-1
95,14,latency_greedy,-4.28928999170883,4.28928999170883,1,7.225728764750626,327120.3087341417,0.0496271098729867,1875.4333021059965,0.9731880373414618,0.19242940800716193,0.00010359985753893852,-1
95,14,block_balanced,-6.888607905966026,6.888607905966026,1,15.468322264274201,117058406.84580493,0.07695626370074839,4002.921372159737,0.5824071069932648,0.40900681318611476,0.00011599995195865631,-1
95,14,pdp_aware_greedy,-0.6145265107557647,0.6145265107557647,1,4.456351026741,41.218118405122894,0.0059183646902513775,1160.7917175653615,0.9731880373414618,0.11718525289534557,0.004443099955096841,-1
95,14,local_search,-0.609551773136475,0.609551773136475,1,4.391430392423545,40.90736541477417,0.005617772800448742,1144.0461871992966,0.9029496451496186,0.11547808465277089,0.03618809999898076,-1
95,14,beam_search,-0.5417162599479072,0.5417162599479072,1,4.524044911130819,34.184600280080716,0.00492890146820139,1178.2957633850788,0.8890497523318033,0.11896534717294796,0.46313239983282983,-1
95,14,simulated_annealing,-0.609551773136475,0.609551773136475,1,4.391430392423545,40.90736541477417,0.005617772800448742,1144.0461871992966,0.9029496451496186,0.11547808465277089,0.011997200082987547,-1
95,14,block_beam_strong,-0.5417162599479072,0.5417162599479072,1,4.524044911130819,34.184600280080716,0.00492890146820139,1178.2957633850788,0.8890497523318033,0.11896534717294796,3.419610499870032,-1
95,14,block_lns_strong,-0.5417162599479072,0.5417162599479072,1,4.524044911130819,34.184600280080716,0.00492890146820139,1178.2957633850788,0.8890497523318033,0.11896534717294796,0.08847810002043843,-1
95,14,hybrid_heuristic,-0.5417162599479072,0.5417162599479072,1,4.524044911130819,34.184600280080716,0.00492890146820139,1178.2957633850788,0.8890497523318033,0.11896534717294796,0.024765299865975976,-1
95,15,autoreg_rl_pure,-0.15886034924354062,0.15886034924354062,1,4.730823079813303,12.92453081350817,0.0002207101033657356,1205.424353023829,0.9390223972878412,0.09959955076119617,0.3279148999135941,1024
95,15,random,-100.0,15.591629583411645,0,146.8731598350495,17276614635565.21,0.1358866825854658,37095.237011091085,0.6836829280415218,3.055340902739999,0.03440909995697439,-1
95,15,latency_greedy,-1.9169943089421237,1.9169943089421237,1,5.9428440831437275,956.7675266062035,0.021121168615476672,1511.1009875905352,0.9920120056173442,0.12485176622764409,0.00010659988038241863,-1
95,15,block_balanced,-3.194295954655306,3.194295954655306,1,10.62500135599615,16410.107941584934,0.034529512091441436,2693.6222971292236,0.5540863373346663,0.2214727503776811,0.00011550006456673145,-1
95,15,pdp_aware_greedy,-1.5904642939487195,1.5904642939487195,1,5.504690359488801,437.07156012117025,0.01729035348080138,1400.7395873688915,0.9920120056173442,0.1141335564207479,0.00403439998626709,-1
95,15,local_search,-1.5899800608950772,1.5899800608950772,1,5.488549257702086,437.0715601211258,0.017290353480801306,1396.6678628413567,0.9920120056173442,0.11379888884979336,0.03541009989567101,-1
95,15,beam_search,-0.15886034924354062,0.15886034924354062,1,4.730823079813303,12.92453081350817,0.0002207101033657356,1205.424353023829,0.9390223972878412,0.09959955076119617,0.4426891999319196,-1
95,15,simulated_annealing,-1.5899800608950772,1.5899800608950772,1,5.488549257702086,437.0715601211258,0.017290353480801306,1396.6678628413567,0.9920120056173442,0.11379888884979336,0.01136120012961328,-1
95,15,block_beam_strong,-0.15886034924354062,0.15886034924354062,1,4.730823079813303,12.92453081350817,0.0002207101033657356,1205.424353023829,0.9390223972878412,0.09959955076119617,3.8081531999632716,-1
95,15,block_lns_strong,-0.15886034924354062,0.15886034924354062,1,4.730823079813303,12.92453081350817,0.0002207101033657356,1205.424353023829,0.9390223972878412,0.09959955076119617,0.10607720003463328,-1
95,15,hybrid_heuristic,-0.15886034924354062,0.15886034924354062,1,4.730823079813303,12.92453081350817,0.0002207101033657356,1205.424353023829,0.9390223972878412,0.09959955076119617,0.026053600013256073,-1
95,16,autoreg_rl_pure,-0.16904216416126613,0.16904216416126613,1,5.172344961645585,12.825912199534475,0.00019559497927818816,1540.5564185849848,0.9515806910478631,0.1726512368084248,0.5403946000151336,1024
95,16,random,-100.0,19.74872670545432,0,128.2104006668839,2.2848331834894687e+18,0.1919915868628863,37921.488869331864,0.9443875930679639,4.302011088090618,0.035600800067186356,-1
95,16,latency_greedy,-1.7690364318623704,1.7690364318623704,1,5.810839536803761,667.517823181012,0.01940112036708944,1728.995323332302,0.9515806910478631,0.19617253184991684,0.00010619987733662128,-1
95,16,block_balanced,-3.72670327086861,3.72670327086861,1,11.490124955778636,58208.50647509515,0.0404422362356915,3408.6085422988035,0.631294698578255,0.385439479723276,0.00011139991693198681,-1
95,16,pdp_aware_greedy,-0.21444460140543958,0.21444460140543958,1,5.878709322501194,13.626225497062704,0.00046181127018997463,1749.2277754777422,0.9515806910478631,0.19841610694378384,0.003718300024047494,-1
95,16,local_search,-0.21055726083151666,0.21055726083151666,1,5.7491338064195565,13.626222939029557,0.0004618104037045407,1710.8775631098442,0.9515806910478631,0.19408591268782424,0.03828269988298416,-1
95,16,beam_search,-0.6257876556528548,0.6257876556528548,1,6.203654405289237,37.18788497988397,0.0053967060020482125,1845.5339027577681,0.944808711398259,0.20707601943557505,0.514851399930194,-1
95,16,simulated_annealing,-0.21055726083151666,0.21055726083151666,1,5.7491338064195565,13.626222939029557,0.0004618104037045407,1710.8775631098442,0.9515806910478631,0.19408591268782424,0.012426799861714244,-1
95,16,block_beam_strong,-0.16922543572928056,0.16922543572928056,1,5.178452523151507,12.8259136335625,0.0001955949104434317,1542.3808887099656,0.9515806910478631,0.1728551052773108,2.222515100147575,-1
95,16,block_lns_strong,-0.16904216416126613,0.16904216416126613,1,5.172344961645585,12.825912199534475,0.00019559497927818816,1540.5564185849848,0.9515806910478631,0.1726512368084248,0.09761229995638132,-1
95,16,hybrid_heuristic,-0.16904216416126613,0.16904216416126613,1,5.172344961645585,12.825912199534475,0.00019559497927818816,1540.5564185849848,0.9515806910478631,0.1726512368084248,0.025576999876648188,-1
95,17,autoreg_rl_pure,-0.15814459470862174,0.15814459470862174,1,3.552803996253441,14.093154231256888,0.000651849884558255,1030.451317520339,0.987802404934942,0.10387530652085862,0.38090569991618395,1024
95,17,random,-100.0,23.27860252101991,0,184.31728181086908,2.311267981714056e+20,0.21215120051086903,52934.365948425446,0.6347705491792532,5.402816723679471,0.033950099954381585,-1
95,17,latency_greedy,-8.625893027905224,8.625893027905224,1,12.649506853960457,11128859571.773941,0.09847835581004535,3642.4242961789023,0.9977227473893368,0.36984066759057754,0.00010600010864436626,-1
95,17,block_balanced,-5.6308960456307275,5.6308960456307275,1,11.712893157222185,6686232.397631704,0.0646813290139265,3373.707989058079,0.5634773868471289,0.3440138837749598,0.00012280000373721123,-1
95,17,pdp_aware_greedy,-3.0435302549422287,3.0435302549422287,1,4.231582993386033,18183.045805749123,0.034326296053532324,1225.355156796559,0.998752589446466,0.12372114559935062,0.00435289996676147,-1
95,17,local_search,-1.505366213313609,1.505366213313609,1,5.139830726162077,363.1137716705564,0.016447533791115528,1486.1429339360525,0.987802404934942,0.15027608973318857,0.03568139998242259,-1
95,17,beam_search,-1.1013699723047443,1.1013699723047443,1,4.112527487641749,142.8468883936232,0.011793982665033065,1191.3029804251057,0.987802404934942,0.12024025355880327,0.4641972000245005,-1
95,17,simulated_annealing,-1.5047889287697847,1.5047889287697847,1,5.120355541428978,363.12009988929213,0.01644755297157778,1480.5520086075505,0.9299017864735301,0.149706682924979,0.011469499906525016,-1
95,17,block_beam_strong,-0.1593265924486585,0.1593265924486585,1,3.5927592584918626,14.092567259128367,0.0006518443826017648,1041.92597514643,0.8452160802706934,0.10504350074618432,4.691517600091174,-1
95,17,block_lns_strong,-0.15572024682725938,0.15572024682725938,1,3.472546772201178,14.092568279688217,0.0006518341527897997,1007.4077877636356,0.9165092426028176,0.10152878142188511,0.1085804000031203,-1
95,17,hybrid_heuristic,-0.15572024682725938,0.15572024682725938,1,3.472546772201178,14.092568279688217,0.0006518341527897997,1007.4077877636356,0.9165092426028176,0.10152878142188511,0.02540219994261861,-1
95,18,autoreg_rl_pure,-0.1087979299674204,0.1087979299674204,1,3.4360420724015586,12.567066803490395,6.151777665975943e-05,868.5037984120379,0.9570553419715951,0.09674233750473306,0.3336485999170691,1024
95,18,random,-100.0,20.33499243898053,0,129.0445202352317,9.294272803075383e+18,0.19828960446585117,32238.135530149055,0.8570900395207991,3.648497869626395,0.035449600080028176,-1
95,18,latency_greedy,-1.6213323612918116,1.6213323612918116,1,4.061599993375858,526.1039835951636,0.01817839051180162,1024.727405817969,0.9953588694385149,0.11435502508086536,0.00010449998080730438,-1
95,18,block_balanced,-2.865459295793636,2.865459295793636,1,9.14545330713868,8058.8586467119985,0.03111494371142014,2294.6580283807916,0.5962424000240913,0.2596252333883454,0.00011539994738996029,-1
95,18,pdp_aware_greedy,-1.4088030773620979,1.4088030773620979,1,4.068070767521241,309.10788636058993,0.0157939911382314,1026.500493435528,0.9570553419715951,0.11625190352386562,0.003910999977961183,-1
95,18,local_search,-1.3703803539739532,1.3703803539739532,1,3.9704399269090227,282.8610725340092,0.015421859881081055,1002.137578721701,0.9343561070288885,0.11369672118277004,0.036492699990049005,-1
95,18,beam_search,-0.5210203799852257,0.5210203799852257,1,3.569080737603244,34.87108136588479,0.005080889621379474,901.7287112536928,0.9570553419715951,0.1004880633075388,0.4559688000008464,-1
95,18,simulated_annealing,-1.3703803539739532,1.3703803539739532,1,3.9704399269090227,282.8610725340092,0.015421859881081055,1002.137578721701,0.9343561070288885,0.11369672118277004,0.012386400019749999,-1
95,18,block_beam_strong,-0.1087979299674204,0.1087979299674204,1,3.4360420724015586,12.567066803490395,6.151777665975943e-05,868.5037984120379,0.9570553419715951,0.09674233750473306,2.9783735000528395,-1
95,18,block_lns_strong,-0.1087979299674204,0.1087979299674204,1,3.4360420724015586,12.567066803490395,6.151777665975943e-05,868.5037984120379,0.9570553419715951,0.09674233750473306,0.1103751000482589,-1
95,18,hybrid_heuristic,-0.1087979299674204,0.1087979299674204,1,3.4360420724015586,12.567066803490395,6.151777665975943e-05,868.5037984120379,0.9570553419715951,0.09674233750473306,0.025284299859777093,-1
95,19,autoreg_rl_pure,-0.1310323301337144,0.1310323301337144,1,4.140222901559743,12.60195656242381,9.351760789551824e-05,1222.279433586425,0.950849003696354,0.11592308688965476,1.3980884000193328,1024
95,19,random,-100.0,19.865232749249337,0,160.19959626216902,2.7758404035601658e+17,0.18263816692040427,46890.382171815596,0.9012261996247541,4.410655128123423,0.034881899831816554,-1
95,19,latency_greedy,-3.0440707515969088,3.0440707515969088,1,4.608828147626107,17699.696027685688,0.035814039648615924,1359.0918041257094,0.9541660274735383,0.12637902751668742,0.00010750000365078449,-1
95,19,block_balanced,-5.7859549287823215,5.7859549287823215,1,13.189179271184287,8819598.042519977,0.06485264970284814,3870.4214392623808,0.5726283974786959,0.36298496670657543,0.00011350004933774471,-1
95,19,pdp_aware_greedy,-0.23880437007503078,0.23880437007503078,1,4.208779106410548,16.41409585666647,0.0013753089496197164,1242.339213439684,0.9541660274735383,0.11761864793554277,0.004301399923861027,-1
95,19,local_search,-0.23880437007503078,0.23880437007503078,1,4.208779106410548,16.41409585666647,0.0013753089496197164,1242.339213439684,0.9541660274735383,0.11761864793554277,0.024431099882349372,-1
95,19,beam_search,-0.23880437007503078,0.23880437007503078,1,4.208779106410548,16.41409585666647,0.0013753089496197164,1242.339213439684,0.9541660274735383,0.11761864793554277,0.47243819991126657,-1
95,19,simulated_annealing,-0.23880437007503078,0.23880437007503078,1,4.208779106410548,16.41409585666647,0.0013753089496197164,1242.339213439684,0.9541660274735383,0.11761864793554277,0.013815099839121103,-1
95,19,block_beam_strong,-0.23880437007503078,0.23880437007503078,1,4.208779106410548,16.41409585666647,0.0013753089496197164,1242.339213439684,0.9541660274735383,0.11761864793554277,2.66874110000208,-1
95,19,block_lns_strong,-0.23880437007503078,0.23880437007503078,1,4.208779106410548,16.41409585666647,0.0013753089496197164,1242.339213439684,0.9541660274735383,0.11761864793554277,0.09708069986663759,-1
95,19,hybrid_heuristic,-0.23880437007503078,0.23880437007503078,1,4.208779106410548,16.41409585666647,0.0013753089496197164,1242.339213439684,0.9541660274735383,0.11761864793554277,0.02467630011960864,-1
95,20,autoreg_rl_pure,-0.4076776169918743,0.4076776169918743,1,4.93024880525916,23.717504428470676,0.0031512267254995637,1417.1825133745067,0.955856827337565,0.16752769170868836,1.489609600044787,1024
95,20,random,-100.0,18.30974838710567,0,133.25095956444403,4.2886649731690456e+16,0.17392230568169276,38017.717643956974,0.7783162493108948,4.495034237067202,0.03489180002361536,-1
95,20,latency_greedy,-100.0,8.558944181074992,0,40.26461823907243,1186533730.1044955,0.0875371694922665,11495.069835600545,0.9961820139231874,1.3535398688456863,0.00011519994586706161,-1
95,20,block_balanced,-7.754357993292338,7.754357993292338,1,25.336433095468262,486355539.90241694,0.0845698853691493,7237.579457201919,0.6163848138607982,0.8542678113332136,0.00043780007399618626,-1
95,20,pdp_aware_greedy,-0.7673053623964775,0.7673053623964775,1,6.362417606245939,52.34571402566199,0.006881956132628746,1825.8228322206378,0.9673366218175974,0.2162327359323968,0.004668900044634938,-1
95,20,local_search,-0.7632823466269826,0.7632823466269826,1,6.228317067060629,52.34571407880132,0.00688195613262899,1787.5367513316503,0.9673366218175974,0.21144661433765552,0.0367185000795871,-1
95,20,beam_search,-1.085832202018785,1.085832202018785,1,6.485467326191528,115.00302501547192,0.010470209646057046,1860.9369422664538,0.9673366218175974,0.22048245097855407,0.47694410011172295,-1
95,20,simulated_annealing,-0.7377764641057385,0.7377764641057385,1,6.307665900242194,48.82068981675068,0.006607431008446191,1810.2081783108138,0.9673366218175974,0.21437364501984826,0.012337699998170137,-1
95,20,block_beam_strong,-0.4076776169918743,0.4076776169918743,1,4.93024880525916,23.717504428470676,0.0031512267254995637,1417.1825133745067,0.955856827337565,0.16752769170868836,2.866598900174722,-1
95,20,block_lns_strong,-0.4076776169918743,0.4076776169918743,1,4.93024880525916,23.717504428470676,0.0031512267254995637,1417.1825133745067,0.955856827337565,0.16752769170868836,0.09067549998871982,-1
95,20,hybrid_heuristic,-0.4076776169918743,0.4076776169918743,1,4.93024880525916,23.717504428470676,0.0031512267254995637,1417.1825133745067,0.955856827337565,0.16752769170868836,0.02495019999332726,-1
95,21,autoreg_rl_pure,-0.11010015953531248,0.11010015953531248,1,3.670005217517543,12.388739862324021,3.426532983675268e-11,1059.211422042968,0.9771974987348018,0.08640915914856837,0.32759799994528294,1024
95,21,random,-100.0,8.697150015773623,0,96.3899285416734,24900996.375772364,0.07033671104446906,27552.451642304542,0.6711545563844967,2.2332676088876418,0.03465599985793233,-1
95,21,latency_greedy,-0.21766448170007022,0.21766448170007022,1,4.04788057401878,15.75815703385899,0.0011677305038275828,1167.181983598574,0.9771974987348018,0.09521847750873866,0.000112100038677454,-1
95,21,block_balanced,-2.3049020904146507,2.3049020904146507,1,8.813179723458223,2034.6004177739655,0.024892665485638114,2529.008303117784,0.5872690234121015,0.20493633113615203,0.00011989986523985863,-1
95,21,pdp_aware_greedy,-0.11010015953531248,0.11010015953531248,1,3.670005217517543,12.388739862324021,3.426532983675268e-11,1059.211422042968,0.9771974987348018,0.08640915914856837,0.003991300007328391,-1
95,21,local_search,-0.11010015953531248,0.11010015953531248,1,3.670005217517543,12.388739862324021,3.426532983675268e-11,1059.211422042968,0.9771974987348018,0.08640915914856837,0.02404220006428659,-1
95,21,beam_search,-0.11010015953531248,0.11010015953531248,1,3.670005217517543,12.388739862324021,3.426532983675268e-11,1059.211422042968,0.9771974987348018,0.08640915914856837,0.4669774000067264,-1
95,21,simulated_annealing,-0.11010015953531248,0.11010015953531248,1,3.670005217517543,12.388739862324021,3.426532983675268e-11,1059.211422042968,0.9771974987348018,0.08640915914856837,0.012087099952623248,-1
95,21,block_beam_strong,-0.11010015953531248,0.11010015953531248,1,3.670005217517543,12.388739862324021,3.426532983675268e-11,1059.211422042968,0.9771974987348018,0.08640915914856837,3.213238300057128,-1
95,21,block_lns_strong,-0.11010015953531248,0.11010015953531248,1,3.670005217517543,12.388739862324021,3.426532983675268e-11,1059.211422042968,0.9771974987348018,0.08640915914856837,0.10069679981097579,-1
95,21,hybrid_heuristic,-0.11010015953531248,0.11010015953531248,1,3.670005217517543,12.388739862324021,3.426532983675268e-11,1059.211422042968,0.9771974987348018,0.08640915914856837,0.02650610008276999,-1
95,22,autoreg_rl_pure,-0.13626943914668707,0.13626943914668707,1,4.509357269803103,12.419400166281884,1.1174093187370484e-05,1248.0492791609697,0.9961870789481634,0.12898226526128834,0.32135669980198145,1024
95,22,random,-100.0,19.148627638878125,0,130.0622894740868,4.43593662407026e+17,0.18338435474325643,35692.972413941,0.7686604984046792,3.674673137868325,0.03413200005888939,-1
95,22,latency_greedy,-4.539476886822008,4.539476886822008,1,10.355096096998558,483520.0138435045,0.051806576180570524,2851.340970672764,0.9961870789481634,0.29173140728398905,0.00010850001126527786,-1
95,22,block_balanced,-3.5885167608402964,3.5885167608402964,1,11.721219304675355,40497.21280784804,0.038870302241882995,3226.503593912355,0.5425638215096065,0.33178557808378595,0.00011039990931749344,-1
95,22,pdp_aware_greedy,-0.2675310366925091,0.2675310366925091,1,4.258723834983606,17.570322918932455,0.0016995507025248137,1178.9527405086883,0.9658675363957515,0.11997990998593887,0.00455740001052618,-1
95,22,local_search,-0.2504188845077611,0.2504188845077611,1,4.223064044860747,16.8795931235449,0.0015611518772653179,1169.2006646069965,0.8883216802963136,0.1189752760686343,0.03551449999213219,-1
95,22,beam_search,-0.13626943914668707,0.13626943914668707,1,4.509357269803103,12.419400166281884,1.1174093187370484e-05,1248.0492791609697,0.9961870789481634,0.12898226526128834,0.48109129979275167,-1
95,22,simulated_annealing,-0.2504188845077611,0.2504188845077611,1,4.223064044860747,16.8795931235449,0.0015611518772653179,1169.2006646069965,0.8883216802963136,0.1189752760686343,0.011752799851819873,-1
95,22,block_beam_strong,-0.13626943914668707,0.13626943914668707,1,4.509357269803103,12.419400166281884,1.1174093187370484e-05,1248.0492791609697,0.9961870789481634,0.12898226526128834,7.8088545999489725,-1
95,22,block_lns_strong,-0.13626943914668707,0.13626943914668707,1,4.509357269803103,12.419400166281884,1.1174093187370484e-05,1248.0492791609697,0.9961870789481634,0.12898226526128834,0.10255019995383918,-1
95,22,hybrid_heuristic,-0.13626943914668707,0.13626943914668707,1,4.509357269803103,12.419400166281884,1.1174093187370484e-05,1248.0492791609697,0.9961870789481634,0.12898226526128834,0.025349200004711747,-1
95,23,autoreg_rl_pure,-0.5094642789400184,0.5094642789400184,1,4.98124941561643,30.473424261641124,0.004342791771312497,1380.5510318438578,0.9591382226469015,0.13164536977326952,0.32771810004487634,1024
95,23,random,-100.0,23.673850156244914,0,109.841593519175,1.65505909431807e+23,0.24470405883508356,30212.728786802083,0.7852575620385251,2.8565676249562055,0.034569399897009134,-1
95,23,latency_greedy,-1.310707130568063,1.310707130568063,1,4.13940207178792,240.59154171433718,0.01425050912784304,1148.5430116665143,0.9597431559230855,0.11035538463556878,0.00010239984840154648,-1
95,23,block_balanced,-5.58632944153508,5.58632944153508,1,11.416589152238155,6115685.329533552,0.06382016824837386,3149.831556725271,0.5632462817064491,0.298266482017134,0.00011599995195865631,-1
95,23,pdp_aware_greedy,-1.310707130568063,1.310707130568063,1,4.13940207178792,240.59154171433718,0.01425050912784304,1148.5430116665143,0.9597431559230855,0.11035538463556878,0.00441939989104867,-1
95,23,local_search,-1.3000039295217938,1.3000039295217938,1,4.082412297308811,235.24249563479003,0.014250668599988036,1132.8799268552268,0.9597431559230855,0.10866040431742971,0.035360800102353096,-1
95,23,beam_search,-0.4783125609704254,0.4783125609704254,1,4.6412518032252965,28.918325488244605,0.00416319035619033,1286.9209036430418,0.867867372109664,0.122827703939259,0.4190458001103252,-1
95,23,simulated_annealing,-1.3000039295217938,1.3000039295217938,1,4.082412297308811,235.24249563479003,0.014250668599988036,1132.8799268552268,0.9597431559230855,0.10866040431742971,0.011630400083959103,-1
95,23,block_beam_strong,-0.4981766261783183,0.4981766261783183,1,4.648051707758751,30.375175040094042,0.004358202029388513,1288.7556897388613,0.9066840867837284,0.12300405601849122,4.469753000186756,-1
95,23,block_lns_strong,-0.4783125609704254,0.4783125609704254,1,4.6412518032252965,28.918325488244605,0.00416319035619033,1286.9209036430418,0.867867372109664,0.122827703939259,0.11350639979355037,-1
95,23,hybrid_heuristic,-0.4783125609704254,0.4783125609704254,1,4.6412518032252965,28.918325488244605,0.00416319035619033,1286.9209036430418,0.867867372109664,0.122827703939259,0.024101100163534284,-1
95,24,autoreg_rl_pure,-0.22021793980392615,0.22021793980392615,1,5.416656565020447,14.311788725581675,0.0007513504268106999,1429.7789001542856,0.957060361852331,0.11806776697335736,0.4604282998479903,1024
95,24,random,-100.0,12.587247794334317,0,119.02716293243178,76294771155.80693,0.10862223419735346,31195.52555302147,0.7470082737847008,2.554852640635813,0.0361194999422878,-1
95,24,latency_greedy,-1.058523880905935,1.058523880905935,1,5.86464527298954,112.53331191306431,0.010564729231895562,1547.1103533685937,0.9871563962163801,0.12763158347730238,0.000107599887996912,-1
95,24,block_balanced,-2.2256757007245436,2.2256757007245436,1,8.683840094249483,1685.283742288851,0.0235352600169718,2285.9886239228135,0.6556418145846242,0.18722517809123895,0.00011239992454648018,-1
95,24,pdp_aware_greedy,-0.7931726167753176,0.7931726167753176,1,5.807959139456216,58.2138083457419,0.007503187784217476,1532.3646885313528,0.9871563962163801,0.12518082803149277,0.0034612000454217196,-1
95,24,local_search,-0.7931726167753176,0.7931726167753176,1,5.807959139456216,58.2138083457419,0.007503187784217476,1532.3646885313528,0.9871563962163801,0.12518082803149277,0.025782299926504493,-1
95,24,beam_search,-0.8441888287994608,0.8441888287994608,1,7.293183880409303,59.16151570112535,0.0076289679259335785,1921.4879246482005,0.9924966747473587,0.15690941138217798,0.47269039996899664,-1
95,24,simulated_annealing,-0.7931726167753176,0.7931726167753176,1,5.807959139456216,58.2138083457419,0.007503187784217476,1532.3646885313528,0.9871563962163801,0.12518082803149277,0.012123600114136934,-1
95,24,block_beam_strong,-0.22159036474619442,0.22159036474619442,1,5.566216100021961,14.20079119880759,0.0006896890742114109,1469.0620330791771,0.9622659892719537,0.12086744597638152,1.8750420999713242,-1
95,24,block_lns_strong,-0.2164444696139399,0.2164444696139399,1,5.490302600576559,14.099318401670955,0.0006980988230475897,1449.0918524758736,0.9622659892719537,0.11944745641409842,0.11478040018118918,-1
95,24,hybrid_heuristic,-0.2164444696139399,0.2164444696139399,1,5.490302600576559,14.099318401670955,0.0006980988230475897,1449.0918524758736,0.9622659892719537,0.11944745641409842,0.024854399962350726,-1
95,25,autoreg_rl_pure,-0.64757230963788,0.64757230963788,1,4.917980265652464,43.24450749974221,0.006080859975055478,1149.9788481952312,0.9811523058556936,0.11791807590454553,0.40041619981639087,1022
95,25,random,-100.0,28.75069319946976,0,201.44726816040986,5.586475227862116e+25,0.27369431748744566,46668.35957088616,0.9270455709971361,4.849367974089275,0.033815099857747555,-1
95,25,latency_greedy,-9.883170413186708,9.883170413186708,1,21.208848821226958,135745866819.05356,0.11023958776226402,4922.855678235967,0.9985529829992781,0.5124531441570924,0.00012099999003112316,-1
95,25,block_balanced,-5.2307161959424615,5.2307161959424615,1,19.27386626636025,1394488.8590305182,0.05628833692474532,4474.954885329038,0.6162274170443192,0.4654523994967678,0.00011650007218122482,-1
95,25,pdp_aware_greedy,-2.0890969276042384,2.0890969276042384,1,4.946504264854588,1585.3214543499287,0.023919137554114685,1156.5853203879292,0.9811523058556936,0.11860199387926947,0.003985800081863999,-1
95,25,local_search,-2.0890969276042384,2.0890969276042384,1,4.946504264854588,1585.3214543499287,0.023919137554114685,1156.5853203879292,0.9811523058556936,0.11860199387926947,0.025637299986556172,-1
95,25,beam_search,-0.6494688054462855,0.6494688054462855,1,5.9031748637618495,40.3552652532496,0.00580194736750899,1378.1607616318736,0.9811523058556936,0.14154001928889914,0.5282567001413554,-1
95,25,simulated_annealing,-2.0890969276042384,2.0890969276042384,1,4.946504264854588,1585.3214543499287,0.023919137554114685,1156.5853203879292,0.9811523058556936,0.11860199387926947,0.01200089999474585,-1
95,25,block_beam_strong,-0.64757230963788,0.64757230963788,1,4.917980265652464,43.24450749974221,0.006080859975055478,1149.9788481952312,0.9811523058556936,0.11791807590454553,3.001523100072518,-1
95,25,block_lns_strong,-0.64757230963788,0.64757230963788,1,4.917980265652464,43.24450749974221,0.006080859975055478,1149.9788481952312,0.9811523058556936,0.11791807590454553,0.09622129984200001,-1
95,25,hybrid_heuristic,-0.64757230963788,0.64757230963788,1,4.917980265652464,43.24450749974221,0.006080859975055478,1149.9788481952312,0.9811523058556936,0.11791807590454553,0.025427000131458044,-1
95,26,autoreg_rl_pure,-0.12456037207399524,0.12456037207399524,1,4.138271824001122,12.40151348372478,4.678412556288038e-06,1010.543161934567,0.980222902049771,0.09314246541881988,0.5692475000396371,1024
95,26,random,-100.0,29.90275706795228,0,196.75856893174264,1.4148032366821793e+27,0.3045751242749458,47548.95420184768,0.8228261136840008,4.344031829942448,0.03482239996083081,-1
95,26,latency_greedy,-0.12671675165192778,0.12671675165192778,1,4.206242000475993,12.405149963306732,4.791296555992847e-06,1026.9600136671204,0.980222902049771,0.09464216140631251,0.00010460009798407555,-1
95,26,block_balanced,-5.693527681699775,5.693527681699775,1,14.965453426766771,6126892.058229323,0.0637278269379905,3626.6921779410254,0.6534819346998474,0.3303740285574175,0.00011719996109604836,-1
95,26,pdp_aware_greedy,-0.12671675165192778,0.12671675165192778,1,4.206242000475993,12.405149963306732,4.791296555992847e-06,1026.9600136671204,0.980222902049771,0.09464216140631251,0.004556200001388788,-1
95,26,local_search,-0.12456037207399524,0.12456037207399524,1,4.138271824001122,12.40151348372478,4.678412556288038e-06,1010.543161934567,0.980222902049771,0.09314246541881988,0.037346200086176395,-1
95,26,beam_search,-0.12456037207399524,0.12456037207399524,1,4.138271824001122,12.40151348372478,4.678412556288038e-06,1010.543161934567,0.980222902049771,0.09314246541881988,0.4884185001719743,-1
95,26,simulated_annealing,-0.12456037207399524,0.12456037207399524,1,4.138271824001122,12.40151348372478,4.678412556288038e-06,1010.543161934567,0.980222902049771,0.09314246541881988,0.011864400003105402,-1
95,26,block_beam_strong,-0.12456037207399524,0.12456037207399524,1,4.138271824001122,12.40151348372478,4.678412556288038e-06,1010.543161934567,0.980222902049771,0.09314246541881988,2.33301639999263,-1
95,26,block_lns_strong,-0.12456037207399524,0.12456037207399524,1,4.138271824001122,12.40151348372478,4.678412556288038e-06,1010.543161934567,0.980222902049771,0.09314246541881988,0.0885292999446392,-1
95,26,hybrid_heuristic,-0.12456037207399524,0.12456037207399524,1,4.138271824001122,12.40151348372478,4.678412556288038e-06,1010.543161934567,0.980222902049771,0.09314246541881988,0.02647170005366206,-1
95,27,autoreg_rl_pure,-0.25325552120002165,0.25325552120002165,1,4.634028508948068,16.483743317591916,0.001385762085587908,1237.6379685923437,0.9486690502896947,0.12254035765754387,1.091145999962464,1024
95,27,random,-100.0,27.045730240346483,0,200.11381125204542,8.69823903164255e+23,0.2533293585098167,52987.508061840934,0.7770567564425317,5.203568717730222,0.034113300032913685,-1
95,27,latency_greedy,-5.257042046390878,5.257042046390878,1,8.728800072781688,3284526.591816944,0.06015913602372273,2321.3565786465188,0.998945306969,0.2262273841736442,0.00010580010712146759,-1
95,27,block_balanced,-3.5728793159754964,3.5728793159754964,1,11.450912657377232,39742.157998082555,0.03872576204500973,3042.284078599062,0.5860180504854612,0.29839467993585805,0.0001097000204026699,-1
95,27,pdp_aware_greedy,-2.755312231339199,2.755312231339199,1,5.151903549533511,8255.837369371548,0.03205427270096712,1374.7068993382595,0.998945306969,0.13554045171658927,0.003817599965259433,-1
95,27,local_search,-2.755312231339199,2.755312231339199,1,5.151903549533511,8255.837369371548,0.03205427270096712,1374.7068993382595,0.998945306969,0.13554045171658927,0.02447859989479184,-1
95,27,beam_search,-1.3383870792470398,1.3383870792470398,1,4.412540975052509,252.60199352437127,0.01485839475149529,1178.7908050621686,0.998945306969,0.1143613777405527,0.44613529997877777,-1
95,27,simulated_annealing,-2.755312231339199,2.755312231339199,1,5.151903549533511,8255.837369371548,0.03205427270096712,1374.7068993382595,0.998945306969,0.13554045171658927,0.011684400029480457,-1
95,27,block_beam_strong,-0.25881601736824517,0.25881601736824517,1,4.59602826045834,16.76219244774854,0.0014438298598442672,1227.5499199444844,0.9952024815002362,0.12134694854099544,3.1913721000310034,-1
95,27,block_lns_strong,-0.25325552120002165,0.25325552120002165,1,4.634028508948068,16.483743317591916,0.001385762085587908,1237.6379685923437,0.9486690502896947,0.12254035765754387,0.103754400042817,-1
95,27,hybrid_heuristic,-0.25325552120002165,0.25325552120002165,1,4.634028508948068,16.483743317591916,0.001385762085587908,1237.6379685923437,0.9486690502896947,0.12254035765754387,0.02560840011574328,-1
95,28,autoreg_rl_pure,-0.15252520611272352,0.15252520611272352,1,3.818547589289798,13.622324073727796,0.00042575073232936145,1146.7660011785827,0.9411590592340079,0.1289800299093316,0.5203939999919385,1013
95,28,random,-100.0,13.298401059113617,0,112.23278795305104,751495853296.6892,0.12110776813932068,33407.505579378274,0.8547286132828041,3.804062076317681,0.034215399995446205,-1
95,28,latency_greedy,-3.092660186135852,3.092660186135852,1,6.526851295233526,17308.00854616288,0.0352290725585583,1952.552801440769,0.9576630109389794,0.22285351450991314,0.00010549998842179775,-1
95,28,block_balanced,-2.970976588196172,2.970976588196172,1,9.463686057024274,10244.056811448012,0.03225058284703867,2826.5606979758068,0.6402197958819876,0.321699488400515,0.00011090002954006195,-1
95,28,pdp_aware_greedy,-0.46618444015015337,0.46618444015015337,1,3.9180459734234683,29.61839524508427,0.004279322741689331,1176.380516576639,0.9603296938229815,0.13234081153150798,0.0043138000182807446,-1
95,28,local_search,-0.4530822591805008,0.4530822591805008,1,3.80187033010959,28.914793504262278,0.004178495171401405,1141.802721062156,0.945335054845491,0.12841671798573476,0.034958899952471256,-1
95,28,beam_search,-0.221678885407296,0.221678885407296,1,6.053195181756033,13.694517247276561,0.0005325437010957404,1811.7174386778752,0.9603296938229815,0.20446027640973388,0.45057419990189373,-1
95,28,simulated_annealing,-0.2736058907094772,0.2736058907094772,1,7.732326628891948,13.747791685506876,0.00043847661983713456,2311.393531290049,0.9603296938229815,0.2611767161578554,0.012423200067132711,-1
95,28,block_beam_strong,-0.15252520611272352,0.15252520611272352,1,3.818547589289798,13.622324073727796,0.00042575073232936145,1146.7660011785827,0.9411590592340079,0.1289800299093316,2.0446192999370396,-1
95,28,block_lns_strong,-0.15252520611272352,0.15252520611272352,1,3.818547589289798,13.622324073727796,0.00042575073232936145,1146.7660011785827,0.9411590592340079,0.1289800299093316,0.08166270004585385,-1
95,28,hybrid_heuristic,-0.15252520611272352,0.15252520611272352,1,3.818547589289798,13.622324073727796,0.00042575073232936145,1146.7660011785827,0.9411590592340079,0.1289800299093316,0.02545850002206862,-1
95,29,autoreg_rl_pure,-0.3374340001697289,0.3374340001697289,1,6.019148832143898,18.337292264101745,0.0020096342326168357,1532.9371853658463,0.9190514364364908,0.11956039817346537,2.8514608999248594,930
95,29,random,-100.0,20.79604757078308,0,141.62422133600958,1.1456515755722308e+19,0.19992282525544736,35822.97134671705,0.8027697811671288,2.786488543177211,0.03569360007531941,-1
95,29,latency_greedy,-2.150683693809175,2.150683693809175,1,6.368565459158834,1662.1293528222218,0.023404460237929768,1620.9865621354793,0.9210320681538661,0.12473487418490947,0.00010809977538883686,-1
95,29,block_balanced,-3.001939649593459,3.001939649593459,1,9.531287670954368,11012.546861973035,0.03250544395096874,2421.050544448191,0.6697114537770106,0.18855025420741717,0.0001121999230235815,-1
95,29,pdp_aware_greedy,-0.6060386826430002,0.6060386826430002,1,5.6191520473923005,36.982627670684835,0.005234269177665553,1431.5131348942036,0.9210320681538661,0.11005684532132157,0.0038014999590814114,-1
95,29,local_search,-0.5816954180264449,0.5816954180264449,1,5.372008894265923,35.45009223871899,0.0050044554765637924,1369.0251368967527,0.9190514364364908,0.10521629366042175,0.037298700073733926,-1
95,29,beam_search,-0.6016189934589984,0.6016189934589984,1,5.557254390947529,36.74644114006636,0.005203337034036484,1415.8471838032353,0.9210320681538661,0.10884451635359843,0.45917599997483194,-1
95,29,simulated_annealing,-0.5816954180264449,0.5816954180264449,1,5.372008894265923,35.45009223871899,0.0050044554765637924,1369.0251368967527,0.9190514364364908,0.10521629366042175,0.011150300037115812,-1
95,29,block_beam_strong,-0.33769295787713943,0.33769295787713943,1,5.977670841671892,18.406337938511154,0.002000440091175683,1522.454009038588,0.9190514364364908,0.11874800926796576,1.5346266000997275,-1
95,29,block_lns_strong,-0.3374340001697289,0.3374340001697289,1,6.019148832143898,18.337292264101745,0.0020096342326168357,1532.9371853658463,0.9190514364364908,0.11956039817346537,0.11273679998703301,-1
95,29,hybrid_heuristic,-0.3374340001697289,0.3374340001697289,1,6.019148832143898,18.337292264101745,0.0020096342326168357,1532.9371853658463,0.9190514364364908,0.11956039817346537,0.025309399934485555,-1
95,30,autoreg_rl_pure,-0.14434411384397997,0.14434411384397997,1,4.6256753878913015,12.56258067180836,6.119680381861119e-05,1194.7761069663554,0.962526450743072,0.11822066216366521,0.9592246001120657,1015
95,30,random,-100.0,18.649589769610664,0,130.72352239761892,1.2123391075534917e+17,0.1794055333200655,33465.53887075391,0.8876537148098158,3.2943454418321676,0.0325426000636071,-1
95,30,latency_greedy,-0.520594948533063,0.520594948533063,1,4.557549187196319,32.34499061070214,0.004512075805723841,1177.1185942569534,0.9883086267582148,0.11671739767335243,0.00010380009189248085,-1
95,30,block_balanced,-1.267496610234891,1.267496610234891,1,8.2304686773392,158.89511837479768,0.012333592175271281,2117.2228922499407,0.5465675233249221,0.20852049852541835,0.000112100038677454,-1
95,30,pdp_aware_greedy,-0.47203101496454375,0.47203101496454375,1,4.436634964650171,28.90798608250466,0.004005934895071472,1146.1809005131654,0.9883086267582148,0.1136369234707889,0.0039663000497967005,-1
95,30,local_search,-0.47203101496454375,0.47203101496454375,1,4.436634964650171,28.90798608250466,0.004005934895071472,1146.1809005131654,0.9883086267582148,0.1136369234707889,0.02478730003349483,-1
95,30,beam_search,-0.14547570123374778,0.14547570123374778,1,4.75261132047583,12.478802202429677,5.022645656541773e-05,1227.2850349011605,0.962526450743072,0.1210295880759222,0.44809059984982014,-1
95,30,simulated_annealing,-0.47203101496454375,0.47203101496454375,1,4.436634964650171,28.90798608250466,0.004005934895071472,1146.1809005131654,0.9883086267582148,0.1136369234707889,0.011623400030657649,-1
95,30,block_beam_strong,-0.14434411384397997,0.14434411384397997,1,4.6256753878913015,12.56258067180836,6.119680381861119e-05,1194.7761069663554,0.962526450743072,0.11822066216366521,4.495943099958822,-1
95,30,block_lns_strong,-0.14434411384397997,0.14434411384397997,1,4.6256753878913015,12.56258067180836,6.119680381861119e-05,1194.7761069663554,0.962526450743072,0.11822066216366521,0.10115230013616383,-1
95,30,hybrid_heuristic,-0.14434411384397997,0.14434411384397997,1,4.6256753878913015,12.56258067180836,6.119680381861119e-05,1194.7761069663554,0.962526450743072,0.11822066216366521,0.025863299844786525,-1
95,31,autoreg_rl_pure,-0.639687640102023,0.639687640102023,1,4.805077153882317,42.760992234824585,0.006042699858655484,1307.195944838853,0.9577590872179893,0.11692363209379784,0.317382600158453,1024
95,31,random,-100.0,26.6834980927621,0,139.80313374335316,3.2403159912740648e+25,0.272251251798837,37727.57778040588,0.7130533198618458,3.353710109621743,0.03344759996980429,-1
95,31,latency_greedy,-4.062688061010308,4.062688061010308,1,7.612114431410745,180340.0559113827,0.046828948127836674,2064.157419551544,0.9974176152389017,0.18170044764600388,0.0001050001010298729,-1
95,31,block_balanced,-6.743490955063636,6.743490955063636,1,17.083713539981837,72148485.2911056,0.07460057009040237,4619.701564561057,0.5398704647594945,0.4088033240275195,0.00011840020306408405,-1
95,31,pdp_aware_greedy,-2.5525494066815178,2.5525494066815178,1,4.542938775357942,5205.344084878425,0.028437662885085827,1236.2787671556937,0.9530462636984511,0.10843951658224692,0.004312299890443683,-1
95,31,local_search,-1.7504792411856969,1.7504792411856969,1,4.418438557338181,707.4048890772763,0.019693359673187,1202.6654109445585,0.9530462636984511,0.10546770821677243,0.03571429988369346,-1
95,31,beam_search,-1.0542108653142486,1.0542108653142486,1,5.0254882250740955,118.55814594646371,0.010632914411977903,1366.490117102918,0.9497331326222851,0.11995792606160999,0.48971390002407134,-1
95,31,simulated_annealing,-1.7504792411856969,1.7504792411856969,1,4.418438557338181,707.4048890772763,0.019693359673187,1202.6654109445585,0.9530462636984511,0.10546770821677243,0.011416200082749128,-1
95,31,block_beam_strong,-0.7242115135780676,0.7242115135780676,1,4.425161647239869,54.349186047017305,0.007420153346445347,1204.5836931067417,0.943128268280606,0.1056281877334308,4.7289253999479115,-1
95,31,block_lns_strong,-0.7173444302221911,0.7173444302221911,1,4.196258868710653,54.349186047017305,0.007420153346445347,1142.7505971565267,0.9530462636984511,0.10016430017617761,0.10029820003546774,-1
95,31,hybrid_heuristic,-0.7173444302221911,0.7173444302221911,1,4.196258868710653,54.349186047017305,0.007420153346445347,1142.7505971565267,0.9530462636984511,0.10016430017617761,0.0248732001055032,-1
95,32,autoreg_rl_pure,-0.21490443683902244,0.21490443683902244,1,4.885276428325559,14.697146170705258,0.0008462010262583891,1414.680280746265,0.9339948942573518,0.11050009511080572,0.3607983000110835,1024
95,32,random,-100.0,27.906124583528147,0,172.7831477954114,5.805095267104441e+25,0.2738115658760861,49657.49879383469,0.9523650368696003,3.8214569296076992,0.033951499965041876,-1
95,32,latency_greedy,-4.820990255967197,4.820990255967197,1,6.898185231548685,1266667.1586912626,0.05499373037563215,1992.4258806639414,0.9987875282766399,0.15200174510492756,0.00010380009189248085,-1
95,32,block_balanced,-3.493449791563682,3.493449791563682,1,10.515713858778273,34952.10296128567,0.038795588382659126,3032.295221992071,0.5409943882918211,0.23368739606893188,0.0003762999549508095,-1
95,32,pdp_aware_greedy,-0.22466403061146245,0.22466403061146245,1,4.621521130918713,15.361032855060587,0.0010156515326666398,1338.7720932203301,0.942296746931335,0.1046797146531915,0.004866800038143992,-1
95,32,local_search,-0.22466403061146245,0.22466403061146245,1,4.621521130918713,15.361032855060587,0.0010156515326666398,1338.7720932203301,0.942296746931335,0.1046797146531915,0.02380749979056418,-1
95,32,beam_search,-0.21490443683902244,0.21490443683902244,1,4.885276428325559,14.697146170705258,0.0008462010262583891,1414.680280746265,0.9339948942573518,0.11050009511080572,0.42679619998671114,-1
95,32,simulated_annealing,-0.2203990592236056,0.2203990592236056,1,4.673520216804807,15.13896083675918,0.0009647405222677506,1353.7540750914022,0.937253122703695,0.10583245393162034,0.012068900046870112,-1
95,32,block_beam_strong,-0.2199104993888323,0.2199104993888323,1,4.657234874205697,15.13896085353315,0.000964740522268016,1349.085764206242,0.8742878874586424,0.1052683101588927,4.678373900009319,-1
95,32,block_lns_strong,-0.21490443683902244,0.21490443683902244,1,4.885276428325559,14.697146170705258,0.0008462010262583891,1414.680280746265,0.9339948942573518,0.11050009511080572,0.10049970005638897,-1
95,32,hybrid_heuristic,-0.21490443683902244,0.21490443683902244,1,4.885276428325559,14.697146170705258,0.0008462010262583891,1414.680280746265,0.9339948942573518,0.11050009511080572,0.024147200165316463,-1
95,33,autoreg_rl_pure,-0.47413369726681437,0.47413369726681437,1,4.23996632884763,29.492168260984666,0.00426352733566105,1060.761582908161,0.865386496173308,0.09145972447502577,0.8282348001375794,1024
95,33,random,-100.0,30.095763904195213,0,203.1921301398404,1.4148032366821793e+27,0.3013229746713687,50339.63932537762,0.7720783550290694,4.396530518992095,0.03291129996068776,-1
95,33,latency_greedy,-3.994754817850102,3.994754817850102,1,6.012179900900904,171572.55699492444,0.04683860030171537,1499.540707345461,0.9906150380997132,0.12968789716312037,0.00010229996405541897,-1
95,33,block_balanced,-7.068451224027897,7.068451224027897,1,18.39695806776567,147323908.7996068,0.07850078044368386,4567.363543253284,0.5340476613270472,0.39915344313919265,0.00011650007218122482,-1
95,33,pdp_aware_greedy,-2.14245940317527,2.14245940317527,1,4.40503436692288,1886.6516201956829,0.02386205133971216,1101.5317622548764,0.9658064995847773,0.09502038418575955,0.004601099994033575,-1
95,33,local_search,-1.6000303336719064,1.6000303336719064,1,4.360519248617428,487.76067596313146,0.017724447948280906,1090.5414690900693,0.8961008588490138,0.09406015475481112,0.03483569994568825,-1
95,33,beam_search,-0.47413369726681437,0.47413369726681437,1,4.23996632884763,29.492168260984666,0.00426352733566105,1060.761582908161,0.865386496173308,0.09145972447502577,0.4308380999136716,-1
95,33,simulated_annealing,-1.6000303336719064,1.6000303336719064,1,4.360519248617428,487.76067596313146,0.017724447948280906,1090.5414690900693,0.8961008588490138,0.09406015475481112,0.010560499969869852,-1
95,33,block_beam_strong,-0.47413369726681437,0.47413369726681437,1,4.23996632884763,29.492168260984666,0.00426352733566105,1060.761582908161,0.865386496173308,0.09145972447502577,4.986474400153384,-1
95,33,block_lns_strong,-0.47413369726681437,0.47413369726681437,1,4.23996632884763,29.492168260984666,0.00426352733566105,1060.761582908161,0.865386496173308,0.09145972447502577,0.1121729000005871,-1
95,33,hybrid_heuristic,-0.47413369726681437,0.47413369726681437,1,4.23996632884763,29.492168260984666,0.00426352733566105,1060.761582908161,0.865386496173308,0.09145972447502577,0.024494800018146634,-1
95,34,autoreg_rl_pure,-0.12630379521293725,0.12630379521293725,1,4.2062677084027325,12.392325711948223,1.5285340421067972e-06,994.6392806508401,0.9672376793717224,0.10203110496706569,0.35278000007383525,1024
95,34,random,-100.0,10.27171746236669,0,101.12877478183701,894185247.9962498,0.08749345722523164,23666.23593108474,0.7591543491368077,2.461280657980735,0.03268569987267256,-1
95,34,latency_greedy,-0.8910086984666828,0.8910086984666828,1,4.081757502775894,84.62061477361195,0.009175520225244534,965.2695484309288,0.9434907721459415,0.10087534327549062,0.00010289996862411499,-1
95,34,block_balanced,-1.8339988394320237,1.8339988394320237,1,8.081917001063099,662.2487895837398,0.019186301382414256,1901.2001445040628,0.5670122007821955,0.197539699490649,0.00011610006913542747,-1
95,34,pdp_aware_greedy,-0.13505949954404053,0.13505949954404053,1,4.446830480818934,12.440091464250807,2.1393652385020463e-05,1051.0162630360646,0.9972764428226102,0.10960248582795913,0.004028699826449156,-1
95,34,local_search,-0.13424790980212964,0.13424790980212964,1,4.438382322968812,12.42274513195119,2.0322187633963837e-05,1049.0448313862983,0.9434907721459415,0.10939598425629601,0.03725970000959933,-1
95,34,beam_search,-0.12981894975148112,0.12981894975148112,1,4.249236430675791,12.46148414460495,4.136624457894265e-05,1004.6554374490756,0.9738340889395243,0.1030733938836235,0.4372084999922663,-1
95,34,simulated_annealing,-0.13424790980212964,0.13424790980212964,1,4.438382322968812,12.42274513195119,2.0322187633963837e-05,1049.0448313862983,0.9434907721459415,0.10939598425629601,0.011601400095969439,-1
95,34,block_beam_strong,-0.12590398908246023,0.12590398908246023,1,4.193272008847603,12.392017916925095,1.204425931784184e-06,991.5817372297647,0.9454941133466837,0.10171586930510795,3.744021800113842,-1
95,34,block_lns_strong,-0.12590398908246023,0.12590398908246023,1,4.193272008847603,12.392017916925095,1.204425931784184e-06,991.5817372297647,0.9454941133466837,0.10171586930510795,0.1093739999923855,-1
95,34,hybrid_heuristic,-0.12590398908246023,0.12590398908246023,1,4.193272008847603,12.392017916925095,1.204425931784184e-06,991.5817372297647,0.9454941133466837,0.10171586930510795,0.025499700102955103,-1
95,35,autoreg_rl_pure,-0.15767138967518912,0.15767138967518912,1,4.588637260619258,13.024323615234879,0.00028224818929588086,1371.936631693748,0.9287420180644018,0.11963214557627455,0.33035609987564385,1024
95,35,random,-100.0,17.186658732242293,0,117.56032699662495,8394979829657712.0,0.16555281323122245,34879.77096326481,0.8502188863192338,3.0147911844037303,0.03497359994798899,-1
95,35,latency_greedy,-2.8300601378452517,2.8300601378452517,1,6.487481410903338,9003.576945166058,0.032117378948167415,1934.839268171915,0.9411391598917824,0.16567430128041885,0.0001309998333454132,-1
95,35,block_balanced,-6.344901661248038,6.344901661248038,1,16.072470293044105,28734437.03327022,0.07005243160195204,4778.025863402947,0.5824002050712124,0.4122473960550583,0.00012420001439750195,-1
95,35,pdp_aware_greedy,-1.4566933674990616,1.4566933674990616,1,5.242685398969583,319.0411179080756,0.01576295164864816,1565.8813873654185,0.9437383764303117,0.13701075698839063,0.004316499922424555,-1
95,35,local_search,-1.456094114529051,1.456094114529051,1,5.22271029996923,319.0411179080756,0.01576295164864816,1559.9472136636864,0.9411391598917824,0.13628402649074514,0.037264599930495024,-1
95,35,beam_search,-0.4407518757435015,0.4407518757435015,1,5.659517849658729,24.390746719172586,0.0033258928005870047,1689.560510052512,0.9798968773927564,0.14654253085744917,0.48828879999928176,-1
95,35,simulated_annealing,-1.456094114529051,1.456094114529051,1,5.22271029996923,319.0411179080756,0.01576295164864816,1559.9472136636864,0.9411391598917824,0.13628402649074514,0.011614799965173006,-1
95,35,block_beam_strong,-0.15982232657187542,0.15982232657187542,1,4.655505588621635,13.029042109526758,0.0002708802977804725,1391.7907510904447,0.8896295580907472,0.1215763658452564,3.1987582000438124,-1
95,35,block_lns_strong,-0.15767138967518912,0.15767138967518912,1,4.588637260619258,13.024323615234879,0.00028224818929588086,1371.936631693748,0.9287420180644018,0.11963214557627455,0.09581859991885722,-1
95,35,hybrid_heuristic,-0.15767138967518912,0.15767138967518912,1,4.588637260619258,13.024323615234879,0.00028224818929588086,1371.936631693748,0.9287420180644018,0.11963214557627455,0.02478140010498464,-1
95,36,autoreg_rl_pure,-0.14278500676441316,0.14278500676441316,1,4.210908578087635,12.909098211360744,0.0002331838213291605,1073.1641764684366,0.9974406996675598,0.10054744929184431,0.3198654998559505,1024
95,36,random,-100.0,16.325091580733606,0,124.61705668167612,573763081833920.2,0.15250582508227287,31453.000849023007,0.7035707507424711,2.9287714046511013,0.03433210006915033,-1
95,36,latency_greedy,-4.3268082617554935,4.3268082617554935,1,9.33698575186552,306672.1988479204,0.04882115820726679,2366.3450434711353,0.979068620445008,0.22219247941892814,0.00010349997319281101,-1
95,36,block_balanced,-5.667001375660619,5.667001375660619,1,18.562132332502024,4378126.675173592,0.06149864618311925,4694.277592742577,0.5770831784490413,0.4385289073245284,0.00011230004020035267,-1
95,36,pdp_aware_greedy,-3.3351805509537966,3.3351805509537966,1,6.4152054252927195,32003.448685749037,0.0374382249851061,1629.3308952308437,0.979068620445008,0.15232648945247587,0.005417099921032786,-1
95,36,local_search,-3.214559303638656,3.214559303638656,1,6.632345926603643,23289.555832261984,0.03697049521860031,1684.1825801808022,0.979068620445008,0.15741699434041714,0.037951699923723936,-1
95,36,beam_search,-0.7799622418578221,0.7799622418578221,1,5.512467027728651,57.58479484580414,0.007574795925554385,1401.6848590641107,0.9974406996675598,0.13139059622169538,0.5179672001395375,-1
95,36,simulated_annealing,-3.214559303638656,3.214559303638656,1,6.632345926603643,23289.555832261984,0.03697049521860031,1684.1825801808022,0.979068620445008,0.15741699434041714,0.012491799890995026,-1
95,36,block_beam_strong,-0.14278500676441316,0.14278500676441316,1,4.210908578087635,12.909098211360744,0.0002331838213291605,1073.1641764684366,0.9974406996675598,0.10054744929184431,3.117979099974036,-1
95,36,block_lns_strong,-0.14278500676441316,0.14278500676441316,1,4.210908578087635,12.909098211360744,0.0002331838213291605,1073.1641764684366,0.9974406996675598,0.10054744929184431,0.10250709997490048,-1
95,36,hybrid_heuristic,-0.14278500676441316,0.14278500676441316,1,4.210908578087635,12.909098211360744,0.0002331838213291605,1073.1641764684366,0.9974406996675598,0.10054744929184431,0.026166799943894148,-1
95,37,autoreg_rl_pure,-0.2936754463058312,0.2936754463058312,1,4.69618558507363,18.15167192959026,0.0018603661135604193,1268.893267074899,0.9642792430586566,0.13404996076886472,2.67466100002639,934
95,37,random,-100.0,21.25245329752187,0,123.65614068223213,1.3798969323450107e+20,0.2120084473229707,33134.51391414898,0.9590627244205646,3.547385971244674,0.03291900013573468,-1
95,37,latency_greedy,-3.6697408303052623,3.6697408303052623,1,6.370479928731789,74113.579827711,0.04148699204587099,1717.3352680857024,0.954057111987462,0.1818417456157554,0.00010569998994469643,-1
95,37,block_balanced,-4.547826655148827,4.547826655148827,1,10.764893247292338,478775.7582880085,0.05100140579338244,2894.5473654822563,0.5380291607956565,0.308608210593272,0.00011090002954006195,-1
95,37,pdp_aware_greedy,-0.13642951635933329,0.13642951635933329,1,4.515358000759504,12.418780928195732,1.0175236731848918e-05,1220.4116807878306,0.9619948026520099,0.12888833967359084,0.0041924999095499516,-1
95,37,local_search,-0.13600865517305785,0.13600865517305785,1,4.501329294550324,12.418780928195732,1.0175236731848918e-05,1216.6539914751513,0.9590627244205646,0.1284878981912619,0.03743129991926253,-1
95,37,beam_search,-0.13600865517305785,0.13600865517305785,1,4.501329294550324,12.418780928195732,1.0175236731848918e-05,1216.6539914751513,0.9590627244205646,0.1284878981912619,0.4289953999686986,-1
95,37,simulated_annealing,-0.13600865517305785,0.13600865517305785,1,4.501329294550324,12.418780928195732,1.0175236731848918e-05,1216.6539914751513,0.9590627244205646,0.1284878981912619,0.0125343999825418,-1
95,37,block_beam_strong,-0.13600865517305785,0.13600865517305785,1,4.501329294550324,12.418780928195732,1.0175236731848918e-05,1216.6539914751513,0.9590627244205646,0.1284878981912619,4.313325099879876,-1
95,37,block_lns_strong,-0.13600865517305785,0.13600865517305785,1,4.501329294550324,12.418780928195732,1.0175236731848918e-05,1216.6539914751513,0.9590627244205646,0.1284878981912619,0.10727430018596351,-1
95,37,hybrid_heuristic,-0.13600865517305785,0.13600865517305785,1,4.501329294550324,12.418780928195732,1.0175236731848918e-05,1216.6539914751513,0.9590627244205646,0.1284878981912619,0.02657809993252158,-1
95,38,autoreg_rl_pure,-0.21698645119925092,0.21698645119925092,1,4.850275092780464,14.812678551859179,0.000916987231983065,1261.0724624801526,0.9208108680268888,0.1084722068074361,0.34221559995785356,1024
95,38,random,-100.0,11.81472701947801,0,86.43114500936765,127485650474.0355,0.11022197754176126,22293.806084644657,0.9208108680268888,1.9073375542093831,0.033862299984321,-1
95,38,latency_greedy,-2.3916603811395367,2.3916603811395367,1,16.757497540316486,1392.876920601765,0.022799205226802833,4330.788420425798,0.9406144590247691,0.374480447182119,0.0001058999914675951,-1
95,38,block_balanced,-3.9230676697948335,3.9230676697948335,1,23.137189531373036,39702.44042907824,0.03873741485398876,5975.890788480492,0.6236839741153666,0.5154402762551769,0.00011090002954006195,-1
95,38,pdp_aware_greedy,-0.21698645119925092,0.21698645119925092,1,4.850275092780464,14.812678551859179,0.000916987231983065,1261.0724624801526,0.9208108680268888,0.1084722068074361,0.0036329999566078186,-1
95,38,local_search,-0.18587530246640022,0.18587530246640022,1,4.826854698627545,13.72833754739543,0.0004669644707685738,1255.0101819806544,0.9064590809768225,0.10795747351271222,0.035368300043046474,-1
95,38,beam_search,-0.18587530246640022,0.18587530246640022,1,4.826854698627545,13.72833754739543,0.0004669644707685738,1255.0101819806544,0.9064590809768225,0.10795747351271222,0.49977910006418824,-1
95,38,simulated_annealing,-0.18587530246640022,0.18587530246640022,1,4.826854698627545,13.72833754739543,0.0004669644707685738,1255.0101819806544,0.9064590809768225,0.10795747351271222,0.011519300052896142,-1
95,38,block_beam_strong,-0.17847833792227094,0.17847833792227094,1,4.7466545449184165,13.558107811544275,0.000500506287549977,1234.294873755792,0.9208108680268888,0.1060324764307992,2.1892386998515576,-1
95,38,block_lns_strong,-0.17739230527571448,0.17739230527571448,1,4.710453445863698,13.558107822563121,0.0005005062873839976,1224.9345960510027,0.9355259611730499,0.1053926743102614,0.11994210002012551,-1
95,38,hybrid_heuristic,-0.17739230527571448,0.17739230527571448,1,4.710453445863698,13.558107822563121,0.0005005062873839976,1224.9345960510027,0.9355259611730499,0.1053926743102614,0.025145799852907658,-1
95,39,autoreg_rl_pure,-0.12128680584362918,0.12128680584362918,1,4.039325825400736,12.392055163191454,1.1180237452538661e-06,1004.0463125361114,0.9394511413983775,0.09212852048958409,0.3307401000056416,1024
95,39,random,-100.0,10.337231680917572,0,111.08063175392178,499350992.2161468,0.08532551328201723,27327.65539074806,0.8002471586210522,2.5181814762865375,0.03322060010395944,-1
95,39,latency_greedy,-1.0673740562946608,1.0673740562946608,1,4.529971112592692,127.16370653489126,0.01119535615303019,1124.6134363362999,0.9807749302629026,0.10209629315878871,0.00010189996100962162,-1
95,39,block_balanced,-1.8329226772844214,1.8329226772844214,1,9.019360765917146,615.6278323481433,0.018864679845260073,2228.8737565953347,0.5080244078837681,0.20455302637980502,0.00011240015737712383,-1
95,39,pdp_aware_greedy,-0.15088210126888896,0.15088210126888896,1,4.379738447235066,13.007327422373885,0.00025451504473225097,1087.905180670868,0.9442347434827891,0.1012284382753205,0.004288999829441309,-1
95,39,local_search,-0.15088210126888896,0.15088210126888896,1,4.379738447235066,13.007327422373885,0.00025451504473225097,1087.905180670868,0.9442347434827891,0.1012284382753205,0.025175399845466018,-1
95,39,beam_search,-0.12128680584362918,0.12128680584362918,1,4.039325825400736,12.392055163191454,1.1180237452538661e-06,1004.0463125361114,0.9394511413983775,0.09212852048958409,0.46051090001128614,-1
95,39,simulated_annealing,-0.15088210126888896,0.15088210126888896,1,4.379738447235066,13.007327422373885,0.00025451504473225097,1087.905180670868,0.9442347434827891,0.1012284382753205,0.010998600162565708,-1
95,39,block_beam_strong,-0.12128680584362918,0.12128680584362918,1,4.039325825400736,12.392055163191454,1.1180237452538661e-06,1004.0463125361114,0.9394511413983775,0.09212852048958409,4.36502719996497,-1
95,39,block_lns_strong,-0.12128680584362918,0.12128680584362918,1,4.039325825400736,12.392055163191454,1.1180237452538661e-06,1004.0463125361114,0.9394511413983775,0.09212852048958409,0.09721189993433654,-1
95,39,hybrid_heuristic,-0.12128680584362918,0.12128680584362918,1,4.039325825400736,12.392055163191454,1.1180237452538661e-06,1004.0463125361114,0.9394511413983775,0.09212852048958409,0.02546399994753301,-1
95,40,autoreg_rl_pure,-0.7125585839093769,0.7125585839093769,1,4.507141626737486,52.465132950429926,0.007030417531162212,1239.5402278733684,0.9711866015727858,0.13619272964091805,0.32663160003721714,1024
95,40,random,-100.0,26.301651895911192,0,144.72906745442134,8.620951192592822e+24,0.26340390704869693,39471.91398358015,0.8800709176071662,4.300766685051078,0.03243339993059635,-1
95,40,latency_greedy,-2.7440207183104723,2.7440207183104723,1,5.182273922285435,8007.78304641334,0.03169093085310426,1423.571550608311,0.9711866015727858,0.15627066316025223,0.00010210019536316395,-1
95,40,block_balanced,-5.984714364793188,5.984714364793188,1,11.111406239026035,16940511.15162776,0.06801439430337469,3040.2664726102266,0.53450666274636,0.3309088062359622,0.00011139991693198681,-1
95,40,pdp_aware_greedy,-2.690256086240837,2.690256086240837,1,5.213299959724263,6984.374338606248,0.030793118634745917,1432.0769816683342,0.9953189725301563,0.15425129222554992,0.00525690009817481,-1
95,40,local_search,-2.6668610904339727,2.6668610904339727,1,5.085116922210188,6651.229034798508,0.03020264479223744,1397.137128338597,0.9953189725301563,0.15045860825748839,0.035821299999952316,-1
95,40,beam_search,-0.8154388691981578,0.8154388691981578,1,4.636320357678623,67.19918524240015,0.008205734692416995,1274.8559378994873,0.9963770933357857,0.13998692448201353,0.48111339984461665,-1
95,40,simulated_annealing,-2.6668610904339727,2.6668610904339727,1,5.085116922210188,6651.229034798508,0.03020264479223744,1397.137128338597,0.9953189725301563,0.15045860825748839,0.010921600041911006,-1
95,40,block_beam_strong,-0.7100975750271974,0.7100975750271974,1,4.5877969084529875,51.82886048589338,0.00700939369303927,1261.576141351659,0.9244650656829712,0.13732601296735653,5.121411700034514,-1
95,40,block_lns_strong,-0.7058015054270901,0.7058015054270901,1,4.527501991877827,51.50758565495618,0.0069799493510182,1245.1139797636988,0.8767734879863865,0.1361659669893022,0.10652019991539419,-1
95,40,hybrid_heuristic,-0.7058015054270901,0.7058015054270901,1,4.527501991877827,51.50758565495618,0.0069799493510182,1245.1139797636988,0.8767734879863865,0.1361659669893022,0.024108400102704763,-1
95,41,autoreg_rl_pure,-0.2217861415506991,0.2217861415506991,1,4.611213935449783,15.262705223980543,0.0010448941999237418,1201.7363210090193,0.9657832715052873,0.09119692516607096,2.8051710000727326,965
95,41,random,-100.0,16.01846118984266,0,126.2865775533916,235197719292255.72,0.14836009349514476,32627.51005213437,0.8831102882486555,2.4636541540005514,0.03314809990115464,-1
95,41,latency_greedy,-3.2957143799208777,3.2957143799208777,1,5.882301056114397,30178.992463217328,0.03738579693016268,1529.9022820913383,0.9685087600783565,0.11629310994398678,0.00010139984078705311,-1
95,41,block_balanced,-4.228466428365216,4.228466428365216,1,10.871488610493188,213756.4158547136,0.04703208617101434,2818.628114754567,0.5524716102543281,0.21272711689214446,0.00013129995204508305,-1
95,41,pdp_aware_greedy,-0.23154726237563739,0.23154726237563739,1,4.52102273869043,15.745890765528637,0.0011707846938003772,1178.4389617947531,0.9694154551996514,0.08968515388053527,0.004253000020980835,-1
95,41,local_search,-0.23154726237563739,0.23154726237563739,1,4.52102273869043,15.745890765528637,0.0011707846938003772,1178.4389617947531,0.9694154551996514,0.08968515388053527,0.025025600101798773,-1
95,41,beam_search,-0.2697417891310352,0.2697417891310352,1,5.776174278550904,15.767161306663565,0.001212714106998403,1502.6422567396537,0.9657832715052873,0.11228072407815223,0.43948099995031953,-1
95,41,simulated_annealing,-0.23154726237563739,0.23154726237563739,1,4.52102273869043,15.745890765528637,0.0011707846938003772,1178.4389617947531,0.9694154551996514,0.08968515388053527,0.012476800009608269,-1
95,41,block_beam_strong,-0.2188869544490339,0.2188869544490339,1,4.430204295173631,15.35959009594654,0.0010830099273905565,1154.9709431453252,0.8287074153814922,0.08740153391521913,4.171593300066888,-1
95,41,block_lns_strong,-0.211596076062623,0.211596076062623,1,4.483445011888558,15.022060056846584,0.0010019099686108632,1168.7028416681349,0.9651418758117918,0.08844337412671169,0.1052174000069499,-1
95,41,hybrid_heuristic,-0.211596076062623,0.211596076062623,1,4.483445011888558,15.022060056846584,0.0010019099686108632,1168.7028416681349,0.9651418758117918,0.08844337412671169,0.025764700025320053,-1
95,42,autoreg_rl_pure,-0.20855658247824554,0.20855658247824554,1,6.0240712921334785,13.281526519539144,0.0004002495955637694,1573.0950246774178,0.992148528823165,0.14924717831938414,0.33066560002043843,1024
95,42,random,-100.0,21.19194253801566,0,134.59605156403939,5.221703490148293e+19,0.20661457726535754,34901.713666441734,0.8906857553776062,3.3444003944764953,0.03479679999873042,-1
95,42,latency_greedy,-3.9030066868454223,3.9030066868454223,1,6.410834973389566,132387.97181327254,0.04526795497891578,1672.7236356297085,0.9961717635072661,0.16244739865393124,0.00010499986819922924,-1
95,42,block_balanced,-3.2753062166973392,3.2753062166973392,1,11.598569509723323,18679.105130785854,0.034951553454062756,3017.82688590124,0.6135481065974945,0.29036014412673755,0.00011569983325898647,-1
95,42,pdp_aware_greedy,-0.7262249014738571,0.7262249014738571,1,5.701540314223931,49.63690984230088,0.006678739507235458,1489.257095805919,0.9961717635072661,0.14125642986385856,0.0038132001645863056,-1
95,42,local_search,-0.6867196190031267,0.6867196190031267,1,5.79352810651016,44.659739634057736,0.006196612298253135,1513.1361790734736,0.992148528823165,0.14353543981788702,0.03553800005465746,-1
95,42,beam_search,-0.3932405974832027,0.3932405974832027,1,6.1060783836094465,20.945704548352055,0.0025762353797434186,1594.3320150245088,0.9912211881355701,0.1512789150654201,0.46361270011402667,-1
95,42,simulated_annealing,-0.6867196190031267,0.6867196190031267,1,5.79352810651016,44.659739634057736,0.006196612298253135,1513.1361790734736,0.992148528823165,0.14353543981788702,0.013338200049474835,-1
95,42,block_beam_strong,-0.20855658247824554,0.20855658247824554,1,6.0240712921334785,13.281526519539144,0.0004002495955637694,1573.0950246774178,0.992148528823165,0.14924717831938414,3.799123300006613,-1
95,42,block_lns_strong,-0.20855658247824554,0.20855658247824554,1,6.0240712921334785,13.281526519539144,0.0004002495955637694,1573.0950246774178,0.992148528823165,0.14924717831938414,0.10355250001884997,-1
95,42,hybrid_heuristic,-0.20855658247824554,0.20855658247824554,1,6.0240712921334785,13.281526519539144,0.0004002495955637694,1573.0950246774178,0.992148528823165,0.14924717831938414,0.024929999839514494,-1
95,43,autoreg_rl_pure,-0.12788202679748498,0.12788202679748498,1,4.11076221704148,12.530753184956563,5.5887519122846566e-05,998.985434736012,0.9499711695125808,0.09614468649832779,0.3277394000906497,1024
95,43,random,-100.0,18.282597218979124,0,133.7317154790366,3.8653060949706824e+16,0.17192395538475153,32163.362855136253,0.6014751256606129,3.143278593653381,0.03376560006290674,-1
95,43,latency_greedy,-2.6887628773627448,2.6887628773627448,1,4.880275595506845,7134.336267174809,0.030705761718718135,1183.7915020030707,0.9474049665990482,0.11652778709505159,0.0003432999365031719,-1
95,43,block_balanced,-2.201629117597595,2.201629117597595,1,8.543013069743457,1603.8059313563106,0.024177590399561934,2064.6349503623096,0.5404332609418809,0.20149913580001289,0.00014999997802078724,-1
95,43,pdp_aware_greedy,-0.9641527826796399,0.9641527826796399,1,4.281681238092251,100.0874036518643,0.010281496078706216,1039.9726909499448,0.9638729641108242,0.10242596220866672,0.004723099991679192,-1
95,43,local_search,-0.9641527826796399,0.9641527826796399,1,4.281681238092251,100.0874036518643,0.010281496078706216,1039.9726909499448,0.9638729641108242,0.10242596220866672,0.02450289996340871,-1
95,43,beam_search,-0.1352134851797605,0.1352134851797605,1,4.507027518631872,12.388822142754304,1.077002350193219e-07,1094.5330747682033,0.9672354217962317,0.10541274949492534,0.42526699998416007,-1
95,43,simulated_annealing,-0.9641527826796399,0.9641527826796399,1,4.281681238092251,100.0874036518643,0.010281496078706216,1039.9726909499448,0.9638729641108242,0.10242596220866672,0.012019499903544784,-1
95,43,block_beam_strong,-0.1276359436289863,0.1276359436289863,1,4.147228151353921,12.488843485798332,5.790609472944551e-05,1007.779086891514,0.9329467788973226,0.09699757110639481,4.530698799993843,-1
95,43,block_lns_strong,-0.1276359436289863,0.1276359436289863,1,4.147228151353921,12.488843485798332,5.790609472944551e-05,1007.779086891514,0.9329467788973226,0.09699757110639481,0.10657349997200072,-1
95,43,hybrid_heuristic,-0.1276359436289863,0.1276359436289863,1,4.147228151353921,12.488843485798332,5.790609472944551e-05,1007.779086891514,0.9329467788973226,0.09699757110639481,0.025377399986609817,-1
95,44,autoreg_rl_pure,-0.2764672280326145,0.2764672280326145,1,4.511732426090905,17.629543717386785,0.0016996993724237427,1128.0953133878654,0.9835161409349787,0.1015865031501598,0.7167521000374109,1024
95,44,random,-100.0,24.60311821351503,0,165.42438553014006,2.6140024437594097e+22,0.23596183334470772,40975.45890666908,0.9886066018580791,3.6576030724310264,0.03284449991770089,-1
95,44,latency_greedy,-1.8212058499377897,1.8212058499377897,1,4.757361933630013,823.0364235451768,0.020266305845275265,1188.6963112550513,0.9934382097582827,0.10479805967748973,0.00023189978674054146,-1
95,44,block_balanced,-2.27086653796748,2.27086653796748,1,9.287583408554267,1803.321581087557,0.02382251560918232,2310.7855862148435,0.5166820136589733,0.20601646926929815,0.00012449990026652813,-1
95,44,pdp_aware_greedy,-0.545342449907696,0.545342449907696,1,4.66239325099293,34.139825561963235,0.004926229471504769,1165.3436559506413,0.9835161409349787,0.10497087168648024,0.004844999872148037,-1
95,44,local_search,-0.545342449907696,0.545342449907696,1,4.66239325099293,34.139825561963235,0.004926229471504769,1165.3436559506413,0.9835161409349787,0.10497087168648024,0.024174399906769395,-1
95,44,beam_search,-0.5663455995121871,0.5663455995121871,1,5.674842755898002,33.34936624408399,0.0048312582450188366,1416.0600460728201,0.9835161409349787,0.1275503983218192,0.5139936001505703,-1
95,44,simulated_annealing,-0.545342449907696,0.545342449907696,1,4.66239325099293,34.139825561963235,0.004926229471504769,1165.3436559506413,0.9835161409349787,0.10497087168648024,0.011022199876606464,-1
95,44,block_beam_strong,-0.27290270737133127,0.27290270737133127,1,4.411317804429128,17.60522811661383,0.0017634433463563728,1103.1638863426,0.9297411782726592,0.09906906868594513,5.765903000021353,-1
95,44,block_lns_strong,-0.2728982273286255,0.2728982273286255,1,4.411168114985445,17.60522858493952,0.001763443442775822,1103.1489083893237,0.9070106649041947,0.09920906266924101,0.10740310000255704,-1
95,44,hybrid_heuristic,-0.2728982273286255,0.2728982273286255,1,4.411168114985445,17.60522858493952,0.001763443442775822,1103.1489083893237,0.9070106649041947,0.09920906266924101,0.02438020007684827,-1
95,45,autoreg_rl_pure,-0.1186496640348469,0.1186496640348469,1,3.9549873970695213,12.388741073725264,7.74140746453536e-10,993.0455516905394,0.9928151885603641,0.10631057191874578,0.3188799999188632,1024
95,45,random,-100.0,14.899302663795762,0,122.22065578425374,19442751686189.934,0.13570952769301758,30369.85088244429,0.6553793483150303,3.2976548864132917,0.032976699993014336,-1
95,45,latency_greedy,-1.6939931986414378,1.6939931986414378,1,4.702561789518976,601.2908971452674,0.018271471555864168,1178.5568078580136,0.9965490357347778,0.12868708121206615,0.00010549998842179775,-1
95,45,block_balanced,-3.41470299427024,3.41470299427024,1,9.767714671491387,30362.5998600092,0.03724015826408081,2436.900619551093,0.49525552299812525,0.2640580382981954,0.00012040021829307079,-1
95,45,pdp_aware_greedy,-0.11961805168063395,0.11961805168063395,1,3.984607585989161,12.39121231584341,2.2371134938938246e-06,1000.4022734831298,0.9965490357347778,0.10710676642159589,0.004326400114223361,-1
95,45,local_search,-0.11905531377501782,0.11905531377501782,1,3.9642000443188117,12.392745462142017,2.2371433282831616e-06,995.3413537611216,0.9965490357347778,0.1065582090663846,0.036826099967584014,-1
95,45,beam_search,-0.11905531377501782,0.11905531377501782,1,3.9642000443188117,12.392745462142017,2.2371433282831616e-06,995.3413537611216,0.9965490357347778,0.1065582090663846,0.44200229994021356,-1
95,45,simulated_annealing,-0.11905531377501782,0.11905531377501782,1,3.9642000443188117,12.392745462142017,2.2371433282831616e-06,995.3413537611216,0.9965490357347778,0.1065582090663846,0.011817699996754527,-1
95,45,block_beam_strong,-0.1182454829234013,0.1182454829234013,1,3.9415119489388024,12.388743623714843,1.520195225380093e-09,989.7154490899983,0.9704860123785234,0.10594835013298243,6.906949199968949,-1
95,45,block_lns_strong,-0.1182454829234013,0.1182454829234013,1,3.9415119489388024,12.388743623714843,1.520195225380093e-09,989.7154490899983,0.9704860123785234,0.10594835013298243,0.09953960007987916,-1
95,45,hybrid_heuristic,-0.1182454829234013,0.1182454829234013,1,3.9415119489388024,12.388743623714843,1.520195225380093e-09,989.7154490899983,0.9704860123785234,0.10594835013298243,0.024298100033774972,-1
95,46,autoreg_rl_pure,-0.1181750873979949,0.1181750873979949,1,3.8205738468272883,12.499425170614373,4.854832288602041e-05,1048.771509736215,0.9925059325898143,0.09450894916160221,0.3239007000811398,1024
95,46,random,-100.0,10.727287873154804,0,106.7821422174181,1827741691.7253988,0.09096256676818276,29027.604667791333,0.7654734509756596,2.6471724900742437,0.03217580006457865,-1
95,46,latency_greedy,-3.2626556154380912,3.2626556154380912,1,5.566195462185854,28451.676217938453,0.03681008261209193,1523.0106820988606,0.9984824684527379,0.13913014895683856,0.00010259984992444515,-1
95,46,block_balanced,-4.855741816449937,4.855741816449937,1,12.16108689873132,931043.2407199157,0.053225140637914496,3315.4224439793143,0.54880336243995,0.30258657693583757,0.00011099991388618946,-1
95,46,pdp_aware_greedy,-0.1875307833347044,0.1875307833347044,1,4.05727549875737,14.604347711558505,0.0007686458883837612,1113.1820424190425,0.9925059325898143,0.1003642016146609,0.004082900006324053,-1
95,46,local_search,-0.1875307833347044,0.1875307833347044,1,4.05727549875737,14.604347711558505,0.0007686458883837612,1113.1820424190425,0.9925059325898143,0.1003642016146609,0.02438580011948943,-1
95,46,beam_search,-0.11824186057350557,0.11824186057350557,1,3.7786105732994475,12.540919217552307,5.31199258697743e-05,1037.3025429507488,0.9984824684527379,0.09347091010163469,0.4581554001197219,-1
95,46,simulated_annealing,-0.1875307833347044,0.1875307833347044,1,4.05727549875737,14.604347711558505,0.0007686458883837612,1113.1820424190425,0.9925059325898143,0.1003642016146609,0.011346700135618448,-1
95,46,block_beam_strong,-0.11824186057350557,0.11824186057350557,1,3.7786105732994475,12.540919217552307,5.31199258697743e-05,1037.3025429507488,0.9984824684527379,0.09347091010163469,5.30038099992089,-1
95,46,block_lns_strong,-0.11824186057350557,0.11824186057350557,1,3.7786105732994475,12.540919217552307,5.31199258697743e-05,1037.3025429507488,0.9984824684527379,0.09347091010163469,0.11052720015868545,-1
95,46,hybrid_heuristic,-0.11824186057350557,0.11824186057350557,1,3.7786105732994475,12.540919217552307,5.31199258697743e-05,1037.3025429507488,0.9984824684527379,0.09347091010163469,0.024297199910506606,-1
95,47,autoreg_rl_pure,-0.11882132463171541,0.11882132463171541,1,3.960629508416074,12.388815321422047,4.482176963775605e-08,1064.9289627699968,0.9448215069604484,0.09799375558759062,0.33991290000267327,1024
95,47,random,-100.0,16.954973521059095,0,142.51835983272085,723661452646853.2,0.15255911695655244,37947.84779346676,0.6991112186946159,3.5394475280604936,0.03317470010370016,-1
95,47,latency_greedy,-0.6958014573563738,0.6958014573563738,1,4.1686948986801005,51.606080407866116,0.006947041049857733,1120.261824732303,0.9448215069604484,0.10314170213407878,0.00010549998842179775,-1
95,47,block_balanced,-4.530960486568165,4.530960486568165,1,13.980608027753654,360642.9144959505,0.04984672448856325,3732.2731706630825,0.5142192532856413,0.34714711344950905,0.00011619995348155499,-1
95,47,pdp_aware_greedy,-0.1191633246462704,0.1191633246462704,1,3.972096598067355,12.388752984932196,4.4544906069399525e-09,1067.98060488291,0.9448215069604484,0.09827747391524555,0.004513799911364913,-1
95,47,local_search,-0.1191633246462704,0.1191633246462704,1,3.972096598067355,12.388752984932196,4.4544906069399525e-09,1067.98060488291,0.9448215069604484,0.09827747391524555,0.024458299856632948,-1
95,47,beam_search,-0.1191633246462704,0.1191633246462704,1,3.972096598067355,12.388752984932196,4.4544906069399525e-09,1067.98060488291,0.9448215069604484,0.09827747391524555,0.4215489001944661,-1
95,47,simulated_annealing,-0.1191633246462704,0.1191633246462704,1,3.972096598067355,12.388752984932196,4.4544906069399525e-09,1067.98060488291,0.9448215069604484,0.09827747391524555,0.012119400082156062,-1
95,47,block_beam_strong,-0.1185786567629465,0.1185786567629465,1,3.952381705879597,12.388962941457375,8.801738298469161e-08,1062.7606090859872,0.8713259981979637,0.09778968874817107,5.386870000045747,-1
95,47,block_lns_strong,-0.1185786567629465,0.1185786567629465,1,3.952381705879597,12.388962941457375,8.801738298469161e-08,1062.7606090859872,0.8713259981979637,0.09778968874817107,0.10494119999930263,-1
95,47,hybrid_heuristic,-0.1185786567629465,0.1185786567629465,1,3.952381705879597,12.388962941457375,8.801738298469161e-08,1062.7606090859872,0.8713259981979637,0.09778968874817107,0.023666599998250604,-1
95,48,autoreg_rl_pure,-0.13385419255981343,0.13385419255981343,1,4.455468612810085,12.394629975960546,2.198332594568971e-06,1204.6618011564715,0.9860645163381202,0.12626796018989642,0.3649803001899272,1023
95,48,random,-100.0,15.365602910275362,0,119.08780844269538,78900574048737.53,0.1425032554502592,31920.586281292122,0.7179333290825035,3.377445484949305,0.035240700002759695,-1
95,48,latency_greedy,-3.0229068970808606,3.0229068970808606,1,5.226341120759503,16027.794262806423,0.03480464214270873,1410.8859986011141,0.9904397609394086,0.15005523160228423,0.00010860012844204903,-1
95,48,block_balanced,-4.338486123905042,4.338486123905042,1,10.592820550226332,287374.56415223406,0.0482408387153624,2849.104146636885,0.6095097364622958,0.3019711363082102,0.00011330004781484604,-1
95,48,pdp_aware_greedy,-0.1711613310816969,0.1711613310816969,1,4.5015799674147345,13.559302010902774,0.0004811643643811049,1217.0155107773398,0.9904397609394086,0.12757475576932928,0.003948400029912591,-1
95,48,local_search,-0.1711613310816969,0.1711613310816969,1,4.5015799674147345,13.559302010902774,0.0004811643643811049,1217.0155107773398,0.9904397609394086,0.12757475576932928,0.024214399978518486,-1
95,48,beam_search,-0.14625296892156817,0.14625296892156817,1,4.868387742853604,12.39497710670164,2.5996555764456525e-06,1315.1493322993065,0.9468469708989633,0.1379700864542531,0.4938837999943644,-1
95,48,simulated_annealing,-0.1711613310816969,0.1711613310816969,1,4.5015799674147345,13.559302010902774,0.0004811643643811049,1217.0155107773398,0.9904397609394086,0.12757475576932928,0.01129129994660616,-1
95,48,block_beam_strong,-0.13385419255981343,0.13385419255981343,1,4.455468612810085,12.394629975960546,2.198332594568971e-06,1204.6618011564715,0.9860645163381202,0.12626796018989642,2.68824760010466,-1
95,48,block_lns_strong,-0.13385419255981343,0.13385419255981343,1,4.455468612810085,12.394629975960546,2.198332594568971e-06,1204.6618011564715,0.9860645163381202,0.12626796018989642,0.10154209984466434,-1
95,48,hybrid_heuristic,-0.13385419255981343,0.13385419255981343,1,4.455468612810085,12.394629975960546,2.198332594568971e-06,1204.6618011564715,0.9860645163381202,0.12626796018989642,0.02598730009049177,-1
95,49,autoreg_rl_pure,-0.11012106854519339,0.11012106854519339,1,3.6686964986300103,12.390603596547235,2.1176321002118207e-06,855.5065653214166,0.9862052674046253,0.09657941810121935,0.3238009000197053,1024
95,49,random,-100.0,12.754955539369627,0,128.3017662687257,57874595214.052086,0.1083229927999292,29562.8977482115,0.7113701242430164,3.3270808713657836,0.03503740020096302,-1
95,49,latency_greedy,-1.1943024413135916,1.1943024413135916,1,4.243284506357203,178.4480892190378,0.013126653253794881,987.8536788839558,0.9862052674046253,0.11146935141762535,0.0001034000888466835,-1
95,49,block_balanced,-4.4488799616893555,4.4488799616893555,1,9.697714468801118,405006.8647643126,0.05089438082234422,2244.3256935596214,0.5918489468813146,0.25203027499829556,0.00010980013757944107,-1
95,49,pdp_aware_greedy,-0.11326109461999809,0.11326109461999809,1,3.7752848090148454,12.38881875839951,6.116431407024642e-08,880.1005688924214,0.9881981807938833,0.09748414432464442,0.004404899897053838,-1
95,49,local_search,-0.11326109461999809,0.11326109461999809,1,3.7752848090148454,12.38881875839951,6.116431407024642e-08,880.1005688924214,0.9881981807938833,0.09748414432464442,0.02656210004352033,-1
95,49,beam_search,-0.11012106854519339,0.11012106854519339,1,3.6686964986300103,12.390603596547235,2.1176321002118207e-06,855.5065653214166,0.9862052674046253,0.09657941810121935,0.43336890009231865,-1
95,49,simulated_annealing,-0.11326109461999809,0.11326109461999809,1,3.7752848090148454,12.38881875839951,6.116431407024642e-08,880.1005688924214,0.9881981807938833,0.09748414432464442,0.011515900027006865,-1
95,49,block_beam_strong,-0.11012106854519339,0.11012106854519339,1,3.6686964986300103,12.390603596547235,2.1176321002118207e-06,855.5065653214166,0.9862052674046253,0.09657941810121935,3.020665599964559,-1
95,49,block_lns_strong,-0.11012106854519339,0.11012106854519339,1,3.6686964986300103,12.390603596547235,2.1176321002118207e-06,855.5065653214166,0.9862052674046253,0.09657941810121935,0.09593779989518225,-1
95,49,hybrid_heuristic,-0.11012106854519339,0.11012106854519339,1,3.6686964986300103,12.390603596547235,2.1176321002118207e-06,855.5065653214166,0.9862052674046253,0.09657941810121935,0.02600019983947277,-1
95,50,autoreg_rl_pure,-0.1295170230586513,0.1295170230586513,1,4.100114208209053,12.592129412086136,0.00014001812943161134,998.4424865957262,0.9918439273754861,0.08985290355618535,0.39289619983173907,1024
95,50,random,-100.0,8.307733773623024,0,114.221143618445,2469525.6350949546,0.05829714363020896,27531.302481778905,0.6373000230285187,2.4870133755178503,0.033572099870070815,-1
95,50,latency_greedy,-2.5851127727322174,2.5851127727322174,1,5.041318568617023,5439.655529713969,0.029281749688057263,1225.020424152861,0.9882910227112912,0.10943624922523215,0.00010389997623860836,-1
95,50,block_balanced,-3.1843511732414362,3.1843511732414362,1,9.335518427536421,17632.55217240686,0.03466375960475022,2260.027126352573,0.5352063488959802,0.20367072157757524,0.00011199992150068283,-1
95,50,pdp_aware_greedy,-0.14397945701012896,0.14397945701012896,1,4.2159073396469315,12.942850735824006,0.000233491424085775,1026.46271799961,0.980489757860268,0.09369249467673431,0.004241799935698509,-1
95,50,local_search,-0.13989702552763444,0.13989702552763444,1,4.079826290249024,12.942850735805974,0.00023349142408524932,993.6437649849831,0.980489757860268,0.09054832119696418,0.036060099955648184,-1
95,50,beam_search,-0.14151683382281283,0.14151683382281283,1,4.376407936521469,12.709496452912374,0.0001743293354080056,1065.151686524688,0.9917386624609964,0.0968669525903146,0.46101259998977184,-1
95,50,simulated_annealing,-0.13989702552763444,0.13989702552763444,1,4.079826290249024,12.942850735805974,0.00023349142408524932,993.6437649849831,0.980489757860268,0.09054832119696418,0.012005300028249621,-1
95,50,block_beam_strong,-0.13294998758290894,0.13294998758290894,1,4.134031633211533,12.668398347812145,0.0001367266722923758,1006.6460204608065,0.9918439273754861,0.09075891013855197,4.742350300075486,-1
95,50,block_lns_strong,-0.1295170230586513,0.1295170230586513,1,4.100114208209053,12.592129412086136,0.00014001812943161134,998.4424865957262,0.9918439273754861,0.08985290355618535,0.09869580017402768,-1
95,50,hybrid_heuristic,-0.1295170230586513,0.1295170230586513,1,4.100114208209053,12.592129412086136,0.00014001812943161134,998.4424865957262,0.9918439273754861,0.08985290355618535,0.025219500064849854,-1
95,51,autoreg_rl_pure,-0.14659461319188805,0.14659461319188805,1,4.886471135119399,12.388754608913732,6.663285269221564e-09,1263.3769936916392,0.9623922191061116,0.12696175831221954,0.6445128000341356,1024
95,51,random,-100.0,26.481304057585664,0,137.84690074963282,2.2634795197493965e+25,0.26872821173136,35335.238648466395,0.8186683655717168,3.5239131324374555,0.03324819984845817,-1
95,51,latency_greedy,-4.240370677214418,4.240370677214418,1,7.5883873427684625,281696.52535925864,0.04863999201113594,1955.3227919845597,0.9966823601079265,0.19357999614398727,0.00010629999451339245,-1
95,51,block_balanced,-3.0428400167938867,3.0428400167938867,1,10.742091714251366,11139.260627664875,0.032252735153782526,2763.805705047556,0.6239060231299478,0.27609239233781685,0.00011119991540908813,-1
95,51,pdp_aware_greedy,-0.5540269561386474,0.5540269561386474,1,4.34795157186092,35.72172329459521,0.005138477611816924,1124.9451852036234,0.9966823601079265,0.11299128873753822,0.003934300038963556,-1
95,51,local_search,-0.5538834482179046,0.5538834482179046,1,4.343167974502825,35.72172329459521,0.005138477611816924,1123.7434213452782,0.9966823601079265,0.11311909338031963,0.036887000082060695,-1
95,51,beam_search,-0.2869699175633061,0.2869699175633061,1,5.894995479029982,16.315051879380796,0.001360001942674786,1521.8115766530552,0.981045604247028,0.15322535512212795,0.5017756000161171,-1
95,51,simulated_annealing,-0.5538834482179046,0.5538834482179046,1,4.343167974502825,35.72172329459521,0.005138477611816924,1123.7434213452782,0.9966823601079265,0.11311909338031963,0.011579700047150254,-1
95,51,block_beam_strong,-0.14876606007153056,0.14876606007153056,1,4.958851351019283,12.388755860259963,6.394913293955062e-09,1281.9300547753696,0.967054262159698,0.12855622846706957,2.4639773999806494,-1
95,51,block_lns_strong,-0.14876606007153056,0.14876606007153056,1,4.958851351019283,12.388755860259963,6.394913293955062e-09,1281.9300547753696,0.967054262159698,0.12855622846706957,0.09260719991289079,-1
95,51,hybrid_heuristic,-0.14876606007153056,0.14876606007153056,1,4.958851351019283,12.388755860259963,6.394913293955062e-09,1281.9300547753696,0.967054262159698,0.12855622846706957,0.024660299997776747,-1
95,52,autoreg_rl_pure,-0.10984458249702177,0.10984458249702177,1,3.6586113734878287,12.391411109391658,7.955749818568941e-07,983.3832165031697,0.9301245032814931,0.09762370012592045,0.3255535000935197,1024
95,52,random,-100.0,7.658349202678744,0,110.35261870495394,650967.2291929923,0.0518877867202042,29355.274823558804,0.7579999287677243,2.8962803863736424,0.034354599891230464,-1
95,52,latency_greedy,-0.1411197255085037,0.1411197255085037,1,3.7699540572350614,13.287725792786707,0.0003559808188274156,1012.9874860269939,0.9789541388229179,0.10056271070938001,0.00010309997014701366,-1
95,52,block_balanced,-2.434690769367665,2.434690769367665,1,7.477194188999883,3111.0803869876045,0.026869413120926368,1999.1839220734612,0.6018690203500446,0.1969169613807544,0.00011030002497136593,-1
95,52,pdp_aware_greedy,-0.11269071234586717,0.11269071234586717,1,3.753482368449342,12.391411109391658,7.955749818568941e-07,1008.614371812871,0.9708199781009638,0.10011266604656016,0.003920300165191293,-1
95,52,local_search,-0.10984458249702177,0.10984458249702177,1,3.6586113734878287,12.391411109391658,7.955749818568941e-07,983.3832165031697,0.9301245032814931,0.09762370012592045,0.03650550008751452,-1
95,52,beam_search,-0.10984458249702177,0.10984458249702177,1,3.6586113734878287,12.391411109391658,7.955749818568941e-07,983.3832165031697,0.9301245032814931,0.09762370012592045,0.4609484998509288,-1
95,52,simulated_annealing,-0.10984458249702177,0.10984458249702177,1,3.6586113734878287,12.391411109391658,7.955749818568941e-07,983.3832165031697,0.9301245032814931,0.09762370012592045,0.011594099923968315,-1
95,52,block_beam_strong,-0.10984458249702177,0.10984458249702177,1,3.6586113734878287,12.391411109391658,7.955749818568941e-07,983.3832165031697,0.9301245032814931,0.09762370012592045,2.6816620999015868,-1
95,52,block_lns_strong,-0.10984458249702177,0.10984458249702177,1,3.6586113734878287,12.391411109391658,7.955749818568941e-07,983.3832165031697,0.9301245032814931,0.09762370012592045,0.09896630002185702,-1
95,52,hybrid_heuristic,-0.10984458249702177,0.10984458249702177,1,3.6586113734878287,12.391411109391658,7.955749818568941e-07,983.3832165031697,0.9301245032814931,0.09762370012592045,0.02494719997048378,-1
95,53,autoreg_rl_pure,-0.15048002733451935,0.15048002733451935,1,4.780258910760517,12.609728597505999,8.701192764695755e-05,1169.9021194522893,0.980486431643956,0.12362092418838362,1.2447406998835504,1024
95,53,random,-100.0,17.07454306552521,0,137.19971841810226,1454104670466803.2,0.1556391727849543,33273.930496624234,0.9969219521100532,3.566119788846995,0.03374260012060404,-1
95,53,latency_greedy,-1.7171819686104517,1.7171819686104517,1,4.787674509868909,633.1246424111474,0.018786055033645815,1171.2507952765427,0.9969219521100532,0.12637675642469023,0.0001042000949382782,-1
95,53,block_balanced,-3.454473025466093,3.454473025466093,1,10.009205805074158,32934.63455944808,0.03800467846399904,2437.4818415132368,0.6207958921365606,0.26116405021586736,0.00010930001735687256,-1
95,53,pdp_aware_greedy,-0.3384869270559917,0.3384869270559917,1,6.09686734037869,18.27876939531199,0.0018568209588450527,1489.0825133748983,0.9969219521100532,0.16001017330577924,0.0038164998404681683,-1
95,53,local_search,-0.3201387816129211,0.3201387816129211,1,5.878143156989239,17.748024148983603,0.0017424678118610184,1436.0276538327018,0.8962600466679761,0.15413145342657367,0.03564779995940626,-1
95,53,beam_search,-2.8899868100316537,2.8899868100316537,1,10.32407549097092,7843.569790809371,0.030338630150566575,2513.9343986805343,0.9739318380681083,0.2669879973889148,0.4770662998780608,-1
95,53,simulated_annealing,-0.31623653661221063,0.31623653661221063,1,5.7480040035720945,17.748109765738647,0.001742467813016708,1404.441756936793,0.8962600466679761,0.15076058284597557,0.010820500086992979,-1
95,53,block_beam_strong,-0.17329891059626562,0.17329891059626562,1,5.622154095257686,12.533106914892102,7.082559257973543e-05,1373.9997945673833,0.8170660561988585,0.14539293752912794,2.183679400011897,-1
95,53,block_lns_strong,-0.16700266971504807,0.16700266971504807,1,5.4024200546587,12.542377958669816,7.108502105727749e-05,1320.5374210165903,0.980486431643956,0.13971045762969236,0.11286580003798008,-1
95,53,hybrid_heuristic,-0.16700266971504807,0.16700266971504807,1,5.4024200546587,12.542377958669816,7.108502105727749e-05,1320.5374210165903,0.980486431643956,0.13971045762969236,0.025793599896132946,-1
95,54,autoreg_rl_pure,-0.1351429855520533,0.1351429855520533,1,4.50334597386645,12.390059436411764,5.205128816606815e-07,1243.6691802911741,0.9318507313081381,0.1452139917817312,0.3221901999786496,1024
95,54,random,-100.0,9.617413031375285,0,121.38177029726374,38136705.79686988,0.07232281103972243,33238.80146978283,0.7903690849001028,3.9296058654901915,0.03452860005199909,-1
95,54,latency_greedy,-1.117261874318755,1.117261874318755,1,7.8144101440680895,112.60227298942748,0.01071748167909073,2149.903919231384,0.9973543989453378,0.25198190346132904,0.00023070001043379307,-1
95,54,block_balanced,-3.191878710516722,3.191878710516722,1,8.945493096447102,18500.86507854026,0.03534838936050094,2459.7672458006346,0.5423005830135805,0.2900064917776087,0.00015649991109967232,-1
95,54,pdp_aware_greedy,-0.16824854886947552,0.16824854886947552,1,4.955532537031642,13.010339777356235,0.00019044921068054314,1367.6045347619324,0.9596152241142679,0.1631370512207391,0.004054700024425983,-1
95,54,local_search,-0.16184564868870144,0.16184564868870144,1,4.820427089569378,12.93413663416173,0.00018596192806315384,1330.5956129671185,0.9596152241142679,0.15848542755905917,0.03753639990463853,-1
95,54,beam_search,-0.1351429855520533,0.1351429855520533,1,4.50334597386645,12.390059436411764,5.205128816606815e-07,1243.6691802911741,0.9318507313081381,0.1452139917817312,0.4211655999533832,-1
95,54,simulated_annealing,-0.16184564868870144,0.16184564868870144,1,4.820427089569378,12.93413663416173,0.00018596192806315384,1330.5956129671185,0.9596152241142679,0.15848542755905917,0.010856400011107326,-1
95,54,block_beam_strong,-0.1351429855520533,0.1351429855520533,1,4.50334597386645,12.390059436411764,5.205128816606815e-07,1243.6691802911741,0.9318507313081381,0.1452139917817312,5.278877399861813,-1
95,54,block_lns_strong,-0.1351429855520533,0.1351429855520533,1,4.50334597386645,12.390059436411764,5.205128816606815e-07,1243.6691802911741,0.9318507313081381,0.1452139917817312,0.09944240003824234,-1
95,54,hybrid_heuristic,-0.1351429855520533,0.1351429855520533,1,4.50334597386645,12.390059436411764,5.205128816606815e-07,1243.6691802911741,0.9318507313081381,0.1452139917817312,0.02439299994148314,-1
95,55,autoreg_rl_pure,-0.10060611678549455,0.10060611678549455,1,3.353537226183152,12.388739769105376,1.8801062978161697e-30,1013.5002986967049,0.9488512133965195,0.09309917937375763,0.32992790010757744,1024
95,55,random,-100.0,16.326917491331866,0,113.25851462900127,1351096808269392.5,0.15565490651860245,33888.0107956697,0.8557046024872107,3.090820388105925,0.03259290009737015,-1
95,55,latency_greedy,-0.10241450800149254,0.10241450800149254,1,3.4137632048325117,12.388789691383302,1.6298628796914557e-08,1031.5142471411357,0.9821717030229582,0.09441378427067107,0.00010459986515343189,-1
95,55,block_balanced,-1.6210612426360385,1.6210612426360385,1,7.726227485336545,399.40423411184787,0.01651795993664419,2321.7278977664187,0.5651009805776712,0.21133297325021497,0.00011139991693198681,-1
95,55,pdp_aware_greedy,-0.1010830402193139,0.1010830402193139,1,3.3663909471629254,12.391568187385271,1.1157826336001258e-06,1017.3448522640006,0.9540121897471013,0.09346075684384282,0.0038750998210161924,-1
95,55,local_search,-0.1010830402193139,0.1010830402193139,1,3.3663909471629254,12.391568187385271,1.1157826336001258e-06,1017.3448522640006,0.9540121897471013,0.09346075684384282,0.024941100040450692,-1
95,55,beam_search,-0.10060611678549455,0.10060611678549455,1,3.353537226183152,12.388739769105376,1.8801062978161697e-30,1013.5002986967049,0.9488512133965195,0.09309917937375763,0.4135181000456214,-1
95,55,simulated_annealing,-0.1010830402193139,0.1010830402193139,1,3.3663909471629254,12.391568187385271,1.1157826336001258e-06,1017.3448522640006,0.9540121897471013,0.09346075684384282,0.011431500082835555,-1
95,55,block_beam_strong,-0.10060611678549455,0.10060611678549455,1,3.353537226183152,12.388739769105376,1.8801062978161697e-30,1013.5002986967049,0.9488512133965195,0.09309917937375763,3.527808199869469,-1
95,55,block_lns_strong,-0.10060611678549455,0.10060611678549455,1,3.353537226183152,12.388739769105376,1.8801062978161697e-30,1013.5002986967049,0.9488512133965195,0.09309917937375763,0.09747410006821156,-1
95,55,hybrid_heuristic,-0.10060611678549455,0.10060611678549455,1,3.353537226183152,12.388739769105376,1.8801062978161697e-30,1013.5002986967049,0.9488512133965195,0.09309917937375763,0.024143400136381388,-1
95,56,autoreg_rl_pure,-0.1315212439124288,0.1315212439124288,1,4.38402125946389,12.388758542040607,8.09550236390408e-09,1077.8003268122534,0.9719443945578276,0.10732025306858706,0.349722099956125,1024
95,56,random,-100.0,20.985661374713462,0,159.9367008042319,4.660660514911466e+18,0.19392962005083927,38935.85009838658,0.8993414661633722,3.8578257097313235,0.03372619999572635,-1
95,56,latency_greedy,-0.24678472706211155,0.24678472706211155,1,6.509233462447245,14.091295761580474,0.0006472628571721258,1594.631358787663,0.9954842350423351,0.1568958740336036,0.0001167000737041235,-1
95,56,block_balanced,-2.9725068587091226,2.9725068587091226,1,9.823133112646843,10009.802483948888,0.031929057563498786,2401.3651583784826,0.608472501188261,0.2385130210806271,0.00011739996261894703,-1
95,56,pdp_aware_greedy,-0.1947621126424576,0.1947621126424576,1,5.032266929450516,13.822161900041309,0.0005551378481881514,1235.2209881067627,0.9448784820834302,0.12081850247323253,0.003875100053846836,-1
95,56,local_search,-0.1947621126424576,0.1947621126424576,1,5.032266929450516,13.822161900041309,0.0005551378481881514,1235.2209881067627,0.9448784820834302,0.12081850247323253,0.026141499867662787,-1
95,56,beam_search,-0.1315212439124288,0.1315212439124288,1,4.38402125946389,12.388758542040607,8.09550236390408e-09,1077.8003268122534,0.9719443945578276,0.10732025306858706,0.486242099897936,-1
95,56,simulated_annealing,-0.1947621126424576,0.1947621126424576,1,5.032266929450516,13.822161900041309,0.0005551378481881514,1235.2209881067627,0.9448784820834302,0.12081850247323253,0.011509299976751208,-1
95,56,block_beam_strong,-0.144456089855413,0.144456089855413,1,4.3920202917637265,12.788248709525984,0.00015364478547544847,1079.7210375648535,0.9954842350423351,0.10750870114061492,3.420016899937764,-1
95,56,block_lns_strong,-0.1315212439124288,0.1315212439124288,1,4.38402125946389,12.388758542040607,8.09550236390408e-09,1077.8003268122534,0.9719443945578276,0.10732025306858706,0.10355610004626215,-1
95,56,hybrid_heuristic,-0.1315212439124288,0.1315212439124288,1,4.38402125946389,12.388758542040607,8.09550236390408e-09,1077.8003268122534,0.9719443945578276,0.10732025306858706,0.026033699978142977,-1
95,57,autoreg_rl_pure,-0.42230271557360954,0.42230271557360954,1,4.905992285109848,24.645525050325272,0.0032845916116568054,1363.9187258797883,0.9356402018112546,0.14341947155810514,0.3272919999435544,1024
95,57,random,-100.0,24.964483564513795,0,185.903710655738,1.3886701230366394e+22,0.23214189990570203,51278.375874342426,0.7466919590261799,5.35035742216876,0.03377259988337755,-1
95,57,latency_greedy,-2.2365256326920093,2.2365256326920093,1,6.605139574565966,2023.7683869912264,0.024340270296744928,1832.339984421688,0.957895921335858,0.18953006814581513,0.00010540010407567024,-1
95,57,block_balanced,-5.041238263605101,5.041238263605101,1,13.872904964874486,1302004.7676900032,0.05529756923924294,3836.8177609824793,0.5618437721261582,0.4004993012398466,0.00011640018783509731,-1
95,57,pdp_aware_greedy,-1.6033010009018445,1.6033010009018445,1,5.624491288231566,447.28842497203306,0.017211440942856295,1562.1626254510809,0.957895921335858,0.16103523800297573,0.00402710004709661,-1
95,57,local_search,-1.6033010009018445,1.6033010009018445,1,5.624491288231566,447.28842497203306,0.017211440942856295,1562.1626254510809,0.957895921335858,0.16103523800297573,0.024111200124025345,-1
95,57,beam_search,-0.5666472608766426,0.5666472608766426,1,6.06112423626887,32.42150092126746,0.004702545914221942,1682.4810497509266,0.9991382177704794,0.17706854368031474,0.46326690004207194,-1
95,57,simulated_annealing,-1.6033010009018445,1.6033010009018445,1,5.624491288231566,447.28842497203306,0.017211440942856295,1562.1626254510809,0.957895921335858,0.16103523800297573,0.011799799976870418,-1
95,57,block_beam_strong,-0.42230271557360954,0.42230271557360954,1,4.905992285109848,24.645525050325272,0.0032845916116568054,1363.9187258797883,0.9356402018112546,0.14341947155810514,3.5842617000453174,-1
95,57,block_lns_strong,-0.42230271557360954,0.42230271557360954,1,4.905992285109848,24.645525050325272,0.0032845916116568054,1363.9187258797883,0.9356402018112546,0.14341947155810514,0.10373880015686154,-1
95,57,hybrid_heuristic,-0.42230271557360954,0.42230271557360954,1,4.905992285109848,24.645525050325272,0.0032845916116568054,1363.9187258797883,0.9356402018112546,0.14341947155810514,0.02609529998153448,-1
95,58,autoreg_rl_pure,-0.15960613136540214,0.15960613136540214,1,5.314795078643466,12.393766869718887,5.880144171806649e-06,1473.0815442533499,0.9507658076020978,0.12166692604635186,0.3252108998131007,1024
95,58,random,-100.0,12.426030569767633,0,105.71279168630208,138398774436.5436,0.1105159910905825,29086.59703104925,0.9997658874809179,2.4243678491935405,0.034414400113746524,-1
95,58,latency_greedy,-1.5390712651210208,1.5390712651210208,1,5.726325725602495,378.0368623462591,0.016638461898374132,1586.0707437424828,0.995375415085217,0.131087734948386,0.00011199992150068283,-1
95,58,block_balanced,-3.5907816552325253,3.5907816552325253,1,10.781728395126727,43700.39785885527,0.03953790461402128,2976.790713836933,0.5586355834259485,0.2485379708897549,0.00020570005290210247,-1
95,58,pdp_aware_greedy,-0.3564562350029007,0.3564562350029007,1,5.5346128373629995,19.94209056112484,0.002296708813043827,1533.5166799905323,0.9566166209557706,0.12669902052940585,0.005272099981084466,-1
95,58,local_search,-0.35218067630028516,0.35218067630028516,1,5.449672270862303,19.85615922373509,0.002296739442125717,1510.137514916832,0.9507658076020978,0.12475455089890165,0.035816799849271774,-1
95,58,beam_search,-0.1639787176188541,0.1639787176188541,1,5.445648206951621,12.407624410171676,7.3225353700234145e-06,1509.0940303833256,0.9530323916413351,0.12466243154547747,0.48265609983354807,-1
95,58,simulated_annealing,-0.35218067630028516,0.35218067630028516,1,5.449672270862303,19.85615922373509,0.002296739442125717,1510.137514916832,0.9507658076020978,0.12475455089890165,0.011412400053814054,-1
95,58,block_beam_strong,-0.16198724574020215,0.16198724574020215,1,5.37961772665854,12.40729693169153,7.757689101800335e-06,1490.9267256528483,0.9474606042102934,0.12315085387526671,4.161190900020301,-1
95,58,block_lns_strong,-0.15960613136540214,0.15960613136540214,1,5.314795078643466,12.393766869718887,5.880144171806649e-06,1473.0815442533499,0.9507658076020978,0.12166692604635186,0.09187179990112782,-1
95,58,hybrid_heuristic,-0.15960613136540214,0.15960613136540214,1,5.314795078643466,12.393766869718887,5.880144171806649e-06,1473.0815442533499,0.9507658076020978,0.12166692604635186,0.024832900147885084,-1
95,59,autoreg_rl_pure,-0.13395432386999323,0.13395432386999323,1,3.850542835583969,12.973166046827425,0.00024684096164250246,979.3201248062252,0.9396673420179629,0.12989076560112053,2.06674430007115,989
95,59,random,-100.0,14.846721584989591,0,164.29737725896194,726343329016.938,0.11989297917847863,41349.36583832311,0.9373633931229791,5.441859863622823,0.03358139982447028,-1
95,59,latency_greedy,-0.794468626724242,0.794468626724242,1,4.277624384230022,65.50573623479693,0.007864519705407363,1086.765691570253,0.943201307140888,0.14414419439883078,0.00010360009036958218,-1
95,59,block_balanced,-4.596660136948274,4.596660136948274,1,9.680616548187295,586772.2760700032,0.05248458155060374,2446.598612934797,0.5809955001994099,0.321934949314353,0.00012850016355514526,-1
95,59,pdp_aware_greedy,-2.5969812511451837,2.5969812511451837,1,6.382959300790526,5067.075761057381,0.02850444123421227,1616.8315045923462,0.9746461165382532,0.213683306871029,0.0039709999691694975,-1
95,59,local_search,-0.7789667939668703,0.7789667939668703,1,4.2736377487446955,63.03449591081493,0.007721850988272161,1085.773987109091,0.943201307140888,0.14400919136333523,0.035482299979776144,-1
95,59,beam_search,-0.13395432386999323,0.13395432386999323,1,3.850542835583969,12.973166046827425,0.00024684096164250246,979.3201248062252,0.9396673420179629,0.12989076560112053,0.4893344999291003,-1
95,59,simulated_annealing,-0.7789667939668703,0.7789667939668703,1,4.2736377487446955,63.03449591081493,0.007721850988272161,1085.773987109091,0.943201307140888,0.14400919136333523,0.011199499946087599,-1
95,59,block_beam_strong,-0.13883163209014163,0.13883163209014163,1,3.815483613002542,13.166895807215901,0.00029535324451225077,970.4872947134329,0.943201307140888,0.12874512042700684,2.632019199896604,-1
95,59,block_lns_strong,-0.13395432386999323,0.13395432386999323,1,3.850542835583969,12.973166046827425,0.00024684096164250246,979.3201248062252,0.9396673420179629,0.12989076560112053,0.08993340004235506,-1
95,59,hybrid_heuristic,-0.13395432386999323,0.13395432386999323,1,3.850542835583969,12.973166046827425,0.00024684096164250246,979.3201248062252,0.9396673420179629,0.12989076560112053,0.024460999993607402,-1
95,60,autoreg_rl_pure,-0.6082156486239445,0.6082156486239445,1,3.9288619932213837,42.21022325733874,0.005934356686101442,1098.438058045703,0.947625472308661,0.10411439476158534,1.7942013998981565,1011
95,60,random,-100.0,25.731705092233046,0,167.8339935199673,3.665790696517381e+23,0.24937723139959828,46488.349604067036,0.904723971709683,4.386278290922759,0.03523680008947849,-1
95,60,latency_greedy,-3.8919721402589986,3.8919721402589986,1,5.785704115343217,134967.66617434126,0.045700397098820025,1612.6217304774887,0.9980493802592548,0.15069586374759436,0.00010389997623860836,-1
95,60,block_balanced,-7.339198200464017,7.339198200464017,1,14.6869613605678,382891177.9274919,0.08278646361803715,4077.698044989339,0.6281587486292822,0.38471210509247805,0.00011429982259869576,-1
95,60,pdp_aware_greedy,-1.2062497562481143,1.2062497562481143,1,4.1608116851176495,184.99919822564877,0.013255470840352905,1162.6487383246701,0.9518301598955939,0.108594380388485,0.003953100182116032,-1
95,60,local_search,-1.175777866408077,1.175777866408077,1,4.022801883697198,173.21307805180433,0.012979399798307785,1124.427813325026,0.9518301598955939,0.10486990424384356,0.03772000013850629,-1
95,60,beam_search,-0.6170775158804961,0.6170775158804961,1,5.362502278145666,38.75632994032527,0.00549345451698597,1495.5357627786232,0.9682542617653115,0.14175498844791998,0.4795317999087274,-1
95,60,simulated_annealing,-1.175777866408077,1.175777866408077,1,4.022801883697198,173.21307805180433,0.012979399798307785,1124.427813325026,0.9518301598955939,0.10486990424384356,0.010950500145554543,-1
95,60,block_beam_strong,-0.6189674979385821,0.6189674979385821,1,4.118853546007165,42.746730195945965,0.0059617219620836225,1151.0522564340006,0.9682542617653115,0.10926383293989712,2.216810200130567,-1
95,60,block_lns_strong,-0.6170775158804961,0.6170775158804961,1,5.362502278145666,38.75632994032527,0.00549345451698597,1495.5357627786232,0.9682542617653115,0.14175498844791998,0.12400999991223216,-1
95,60,hybrid_heuristic,-0.6170775158804961,0.6170775158804961,1,5.362502278145666,38.75632994032527,0.00549345451698597,1495.5357627786232,0.9682542617653115,0.14175498844791998,0.024481300031766295,-1
95,61,autoreg_rl_pure,-0.4330662795512791,0.4330662795512791,1,5.912935198429744,23.476115342964206,0.0032074820277212457,1608.892868347437,0.9695108445985097,0.1416299881408314,3.5560302000958472,969
95,61,random,-100.0,29.233857450977336,0,174.4619150325779,1.4148032366821793e+27,0.30337570933396374,47156.551967553605,0.9197008796417622,4.149220629610994,0.03688869997859001,-1
95,61,latency_greedy,-3.547078389035923,3.547078389035923,1,11.246267871705202,37835.90729419186,0.03846053124237893,3049.9224110030277,0.999752162283073,0.2668859033431093,0.00010930001735687256,-1
95,61,block_balanced,-5.007775189494258,5.007775189494258,1,15.177413464637784,1085900.2677828409,0.05444565640219499,4112.381605453772,0.696824693993505,0.3614859153947353,0.00011200015433132648,-1
95,61,pdp_aware_greedy,-1.2621274161893952,1.2621274161893952,1,6.8473178667929435,173.91343534099784,0.012696280508656203,1861.2911156170685,0.9722248596789395,0.16472560928002258,0.003407999873161316,-1
95,61,local_search,-1.2328523131076459,1.2328523131076459,1,6.570571421040677,165.0297735051688,0.012592281427431538,1786.521691937369,0.932305900356658,0.15808242034686354,0.036103100050240755,-1
95,61,beam_search,-2.9851369724563326,2.9851369724563326,1,6.742279023300753,13016.323222680756,0.03275140039714422,1833.0428334303326,0.9695108445985097,0.16230369409940318,0.4840611999388784,-1
95,61,simulated_annealing,-1.2328523131076459,1.2328523131076459,1,6.570571421040677,165.0297735051688,0.012592281427431538,1786.521691937369,0.932305900356658,0.15808242034686354,0.011668300023302436,-1
95,61,block_beam_strong,-0.43467560806012573,0.43467560806012573,1,5.9331695175922565,23.535014318577137,0.0030917530560140203,1614.3571118218929,0.999752162283073,0.14211017006516616,1.4967405998613685,-1
95,61,block_lns_strong,-0.4330662795512791,0.4330662795512791,1,5.912935198429744,23.476115342964206,0.0032074820277212457,1608.892868347437,0.9695108445985097,0.1416299881408314,0.1136228998657316,-1
95,61,hybrid_heuristic,-0.4330662795512791,0.4330662795512791,1,5.912935198429744,23.476115342964206,0.0032074820277212457,1608.892868347437,0.9695108445985097,0.1416299881408314,0.02482089982368052,-1
95,62,autoreg_rl_pure,-0.11891455302284486,0.11891455302284486,1,3.960747729513769,12.391593259673451,9.621932572032827e-07,1073.9680919563784,0.9577752275212402,0.1131477754728139,0.32876969990320504,1024
95,62,random,-100.0,13.818562671494362,0,144.04482541262888,253805166780.78775,0.114985527786295,38679.78072760535,0.8796390633163698,4.048620520876189,0.034504499984905124,-1
95,62,latency_greedy,-1.6430005178386289,1.6430005178386289,1,4.7332773005954945,528.1041267247608,0.017743986418579615,1281.2550908248127,0.9967334224533819,0.13501463609174605,0.0001042000949382782,-1
95,62,block_balanced,-4.12982985990346,4.12982985990346,1,10.277534130031997,174651.45251565747,0.046361462895610016,2769.9690544833966,0.5594154924170858,0.2896803770953161,0.00011360016651451588,-1
95,62,pdp_aware_greedy,-0.11899128461715854,0.11899128461715854,1,3.963305449324225,12.391593259673451,9.621932572032827e-07,1074.6268744673716,0.9577752275212402,0.11322643612526412,0.004248599987477064,-1
95,62,local_search,-0.11899128461715854,0.11899128461715854,1,3.963305449324225,12.391593259673451,9.621932572032827e-07,1074.6268744673716,0.9577752275212402,0.11322643612526412,0.02511009993031621,-1
95,62,beam_search,-0.11891455302284486,0.11891455302284486,1,3.960747729513769,12.391593259673451,9.621932572032827e-07,1073.9680919563784,0.9577752275212402,0.1131477754728139,0.4889846001751721,-1
95,62,simulated_annealing,-0.11899128461715854,0.11899128461715854,1,3.963305449324225,12.391593259673451,9.621932572032827e-07,1074.6268744673716,0.9577752275212402,0.11322643612526412,0.012346799951046705,-1
95,62,block_beam_strong,-0.11891455302284486,0.11891455302284486,1,3.960747729513769,12.391593259673451,9.621932572032827e-07,1073.9680919563784,0.9577752275212402,0.1131477754728139,3.4314893998671323,-1
95,62,block_lns_strong,-0.11891455302284486,0.11891455302284486,1,3.960747729513769,12.391593259673451,9.621932572032827e-07,1073.9680919563784,0.9577752275212402,0.1131477754728139,0.09452210017479956,-1
95,62,hybrid_heuristic,-0.11891455302284486,0.11891455302284486,1,3.960747729513769,12.391593259673451,9.621932572032827e-07,1073.9680919563784,0.9577752275212402,0.1131477754728139,0.025282399961724877,-1
95,63,autoreg_rl_pure,-0.17299103353443546,0.17299103353443546,1,5.766244634786586,12.388854194847731,3.408280882957671e-08,1652.3838280795137,0.9754276844884672,0.15188927229686022,1.3124700000043958,996
95,63,random,-100.0,9.894780474295791,0,127.44968393460395,48400120.80047078,0.07393096196309598,36285.53718577327,0.9754276844884672,3.3412886004879443,0.03430560021661222,-1
95,63,latency_greedy,-0.3996542369975319,0.3996542369975319,1,6.16808697917302,21.185501283163294,0.0026161096161356704,1766.7548612808607,0.9754276844884672,0.16220481077409604,0.00010740011930465698,-1
95,63,block_balanced,-3.1538330368748895,3.1538330368748895,1,11.244680300348442,14157.779593426387,0.03351158058909056,3211.7753915776543,0.6502851229923114,0.2970749446294229,0.00011530006304383278,-1
95,63,pdp_aware_greedy,-1.1743437182819232,1.1743437182819232,1,6.393509682242877,144.47898239987708,0.011850789424509482,1830.9899764128413,0.9492415854050329,0.1702711844967618,0.00400319998152554,-1
95,63,local_search,-0.21232472266957927,0.21232472266957927,1,7.06556651945052,12.399824194309515,1.1697479344087215e-05,2022.2029199602925,0.9087805156344471,0.18618436400005528,0.03675099997781217,-1
95,63,beam_search,-0.17291354728988115,0.17291354728988115,1,5.763661759968109,12.388854194847731,3.408280882957671e-08,1651.6835665604067,0.9754276844884672,0.15281704173498112,0.4298702999949455,-1
95,63,simulated_annealing,-0.21232472266957927,0.21232472266957927,1,7.06556651945052,12.399824194309515,1.1697479344087215e-05,2022.2029199602925,0.9087805156344471,0.18618436400005528,0.012367199873551726,-1
95,63,block_beam_strong,-0.17332923185380764,0.17332923185380764,1,5.7775179120989915,12.388854194847731,3.408280882957671e-08,1655.6134924330186,0.9754276844884672,0.1531820512469976,1.832989300135523,-1
95,63,block_lns_strong,-0.17291354728988115,0.17291354728988115,1,5.763661759968109,12.388854194847731,3.408280882957671e-08,1651.6835665604067,0.9754276844884672,0.15281704173498112,0.11240649991668761,-1
95,63,hybrid_heuristic,-0.17291354728988115,0.17291354728988115,1,5.763661759968109,12.388854194847731,3.408280882957671e-08,1651.6835665604067,0.9754276844884672,0.15281704173498112,0.02518130000680685,-1
