seed,state_id,method,reward,cost,feasible,latency_s,ppl_hat,damage,total_energy_j,max_mem_ratio,max_energy_ratio,runtime_s,feasible_candidates
91,0,autoreg_rl_pure,-0.22000478858082248,0.22000478858082248,1,2.1953670669545806,30.84803488246417,3.98714239812275e-06,606.4614711705142,0.9585724819976292,0.13393010175382056,0.25665230001322925,16
91,0,random,-100.0,28170.021833870345,0,71.05082841536489,2169418.779772608,0.03805383973611241,19534.474561890092,0.9177673319198385,4.32170854450329,0.024687599972821772,-1
91,0,latency_greedy,-0.5925209294969798,0.5925209294969798,1,2.5752118992183926,56.61699054334706,0.0020741830816975635,710.8769089599919,0.9585724819976292,0.15759277334940452,7.82000133767724e-05,-1
91,0,block_balanced,-282.31595922353335,282.31595922353335,1,6.725863579429223,21725.785894257933,0.02235880467351774,1851.9162172778492,0.7581497116861327,0.40945417615809565,9.270000737160444e-05,-1
91,0,pdp_aware_greedy,-0.22000478858082248,0.22000478858082248,1,2.1953670669545806,30.84803488246417,3.98714239812275e-06,606.4614711705142,0.9585724819976292,0.13393010175382056,0.000658900011330843,-1
91,0,local_search,-0.22000478858082248,0.22000478858082248,1,2.1953670669545806,30.84803488246417,3.98714239812275e-06,606.4614711705142,0.9585724819976292,0.13393010175382056,0.012871299986727536,-1
91,0,beam_search,-0.28481495816909375,0.28481495816909375,1,2.3750072573891305,34.456591347968775,0.00038113882141462924,655.8531460372046,0.9585724819976292,0.14544257892991194,0.030627999920397997,-1
91,0,simulated_annealing,-0.22000478858082248,0.22000478858082248,1,2.1953670669545806,30.84803488246417,3.98714239812275e-06,606.4614711705142,0.9585724819976292,0.13393010175382056,0.007602600031532347,-1
91,0,block_beam_strong,-0.22000478858082248,0.22000478858082248,1,2.1953670669545806,30.84803488246417,3.98714239812275e-06,606.4614711705142,0.9585724819976292,0.13393010175382056,0.31199740001466125,-1
91,0,block_lns_strong,-0.22000478858082248,0.22000478858082248,1,2.1953670669545806,30.84803488246417,3.98714239812275e-06,606.4614711705142,0.9585724819976292,0.13393010175382056,0.06995419994927943,-1
91,0,hybrid_heuristic,-0.22000478858082248,0.22000478858082248,1,2.1953670669545806,30.84803488246417,3.98714239812275e-06,606.4614711705142,0.9585724819976292,0.13393010175382056,0.013566400040872395,-1
91,1,autoreg_rl_pure,-0.22195864712096952,0.22195864712096952,1,2.209557998978489,30.889227827768007,8.536597901601306e-06,582.8030553865373,0.9889663175267315,0.1613280002172853,0.03155509999487549,16
91,1,random,-100.0,467463607.5034274,0,68.94514439677843,36008696129.57853,0.07118133590787354,18096.3471928226,0.9889663175267315,5.0016310817353755,0.025621799984946847,-1
91,1,latency_greedy,-0.25842066316640816,0.25842066316640816,1,2.517055734931794,31.32924155752255,5.675779942791608e-05,663.4960194984271,0.9889663175267315,0.18358078912918374,7.239996921271086e-05,-1
91,1,block_balanced,-3741.6340337297524,3741.6340337297524,1,7.893941321462108,288187.8740567785,0.031171999647994338,2074.5998773475467,0.69798834503959,0.5722684057020526,8.559995330870152e-05,-1
91,1,pdp_aware_greedy,-0.25842066316640816,0.25842066316640816,1,2.517055734931794,31.32924155752255,5.675779942791608e-05,663.4960194984271,0.9889663175267315,0.18358078912918374,0.0007902000797912478,-1
91,1,local_search,-0.25842066316640816,0.25842066316640816,1,2.517055734931794,31.32924155752255,5.675779942791608e-05,663.4960194984271,0.9889663175267315,0.18358078912918374,0.014070299919694662,-1
91,1,beam_search,-0.21641056313940354,0.21641056313940354,1,2.162476574632595,30.824527175425427,1.3881669184404734e-06,570.4632611050088,0.9889663175267315,0.15622038248690673,0.03524610004387796,-1
91,1,simulated_annealing,-0.25842066316640816,0.25842066316640816,1,2.517055734931794,31.32924155752255,5.675779942791608e-05,663.4960194984271,0.9889663175267315,0.18358078912918374,0.007056299946270883,-1
91,1,block_beam_strong,-0.22110883245453575,0.22110883245453575,1,2.208194095647105,30.834272789613944,2.4658672886552557e-06,582.4483170203487,0.9889663175267315,0.1605853014323208,0.36855040001682937,-1
91,1,block_lns_strong,-0.21641056313940354,0.21641056313940354,1,2.162476574632595,30.824527175425427,1.3881669184404734e-06,570.4632611050088,0.9889663175267315,0.15622038248690673,0.07366909994743764,-1
91,1,hybrid_heuristic,-0.21641056313940354,0.21641056313940354,1,2.162476574632595,30.824527175425427,1.3881669184404734e-06,570.4632611050088,0.9889663175267315,0.15622038248690673,0.013658500043675303,-1
91,2,autoreg_rl_pure,-0.1791677562367269,0.1791677562367269,1,1.7753004146771616,30.9381316407989,1.3929791321486732e-05,516.2676990306375,0.9594169222749804,0.099162704303509,0.03148669993970543,16
91,2,random,-100.0,32770073.57985745,0,78.5629440747672,2524276437.016276,0.062120314324692276,22719.067803745624,0.9436093914105058,4.333698203192084,0.024722800008021295,-1
91,2,latency_greedy,-3.837177455716064,3.837177455716064,1,3.516170792805526,299.30450753005135,0.007751038854186932,1019.6041993964758,0.9729035490921983,0.1953377506923168,6.260001100599766e-05,-1
91,2,block_balanced,-1.8203741837554548,1.8203741837554548,1,4.779818288791088,134.2163897035629,0.005016823885516896,1385.0514531129857,0.6396112815166536,0.2644958139702077,7.059995550662279e-05,-1
91,2,pdp_aware_greedy,-0.5110365218481151,0.5110365218481151,1,2.8174347058428038,48.4744100086258,0.0015448243268954727,817.6105440350368,0.9729035490921983,0.1548399847015625,0.0003132999408990145,-1
91,2,local_search,-0.5105045429815782,0.5105045429815782,1,2.8121149171774342,48.4744100086258,0.0015448243268954727,816.0759657261265,0.9729035490921983,0.15454762087362597,0.01907570008188486,-1
91,2,beam_search,-0.47560186827936746,0.47560186827936746,1,2.795937960248969,45.910469859615695,0.001359558125472715,811.3657487171904,0.9729035490921983,0.1553999239406645,0.036650899914093316,-1
91,2,simulated_annealing,-0.5105045429815782,0.5105045429815782,1,2.8121149171774342,48.4744100086258,0.0015448243268954727,816.0759657261265,0.9729035490921983,0.15454762087362597,0.007248200010508299,-1
91,2,block_beam_strong,-0.1791677562367269,0.1791677562367269,1,1.7753004146771616,30.9381316407989,1.3929791321486732e-05,516.2676990306375,0.9594169222749804,0.099162704303509,0.4078670999733731,-1
91,2,block_lns_strong,-0.1669246344433798,0.1669246344433798,1,1.6532650867353256,30.935082102315313,1.359373247956535e-05,480.9744525104478,0.9729035490921983,0.09239242053735726,0.055708999978378415,-1
91,2,hybrid_heuristic,-0.1669246344433798,0.1669246344433798,1,1.6532650867353256,30.935082102315313,1.359373247956535e-05,480.9744525104478,0.9729035490921983,0.09239242053735726,0.012878800043836236,-1
91,3,autoreg_rl_pure,-0.6917730293702935,0.6917730293702935,1,3.2927306373089182,58.735331483059745,0.0021994113075948034,967.895084354915,0.9777973480694038,0.19901685910501932,0.03313300001900643,16
91,3,random,-100.0,786424170375131.6,0,154.4860943889285,6.057821169150993e+16,0.12005471277588152,45275.41102085211,0.9777973480694038,9.29407596616022,0.026150599936954677,-1
91,3,latency_greedy,-9494.185074261428,9494.185074261428,1,6.404386264306651,731318.0464057233,0.03434677916008513,1879.7717288117794,0.9777973480694038,0.38612797238623175,0.00010699999984353781,-1
91,3,block_balanced,-1131173.2545654334,1131173.2545654334,1,13.877141857973095,87134139.0845027,0.050644020218810815,4069.710567014699,0.7525300024606913,0.8348960981614033,7.890001870691776e-05,-1
91,3,pdp_aware_greedy,-2.5354528067295146,2.5354528067295146,1,3.5351325226893304,198.88666548764678,0.006357604527911026,1038.95167243779,0.9437816425548814,0.21355447218444282,0.00031020003370940685,-1
91,3,local_search,-1.9752797077088096,1.9752797077088096,1,3.4109943181177043,156.69279761989876,0.005544685120493649,1002.562805549859,0.8779516695374733,0.2060936041033821,0.02024749992415309,-1
91,3,beam_search,-0.6288850366831846,0.6288850366831846,1,3.2214102180793,54.44045358422707,0.0019405364966086863,947.0035582453725,0.9777973480694038,0.1945736251156393,0.03189119999296963,-1
91,3,simulated_annealing,-1.4522203459168852,1.4522203459168852,1,3.391541127651568,116.5514108390394,0.004535713038232815,996.858438253418,0.9292048671443892,0.20492500008714223,0.0069565000012516975,-1
91,3,block_beam_strong,-0.6339387354707782,0.6339387354707782,1,3.1832763744410792,55.123484524103276,0.001983043672398338,935.8355073932261,0.9777973480694038,0.19230309692147524,0.27506280003581196,-1
91,3,block_lns_strong,-0.6288850366831846,0.6288850366831846,1,3.2214102180793,54.44045358422707,0.0019405364966086863,947.0035582453725,0.9777973480694038,0.1945736251156393,0.07209519995376468,-1
91,3,hybrid_heuristic,-0.6288850366831846,0.6288850366831846,1,3.2214102180793,54.44045358422707,0.0019405364966086863,947.0035582453725,0.9777973480694038,0.1945736251156393,0.013430600054562092,-1
91,4,autoreg_rl_pure,-0.2676228199230058,0.2676228199230058,1,2.4811419724232913,32.31472671935046,0.0001623450385482148,721.7117050630546,0.9964152559920779,0.12112099470256911,0.031271800049580634,16
91,4,random,-100.0,19394308.904362004,0,103.90253126732615,1493941805.8156917,0.060332059283447106,30097.34604857267,0.9289615393405216,5.0510194606570895,0.02537250006571412,-1
91,4,latency_greedy,-33698.87121623478,33698.87121623478,1,7.666852511896846,2595793.9977754056,0.038665565225033796,2223.5870339219323,0.9964152559920779,0.37339157192083866,6.54999166727066e-05,-1
91,4,block_balanced,-12629.083174936375,12629.083174936375,1,10.789297076307964,972765.3021250976,0.03531940795614903,3128.055859933427,0.6939677273238394,0.5249087354465356,7.070007268339396e-05,-1
91,4,pdp_aware_greedy,-0.30227635639789047,0.30227635639789047,1,2.816914012235231,32.39763655364783,0.00017108084304989898,818.9640388074774,0.9964152559920779,0.13738516437679898,0.00031489995308220387,-1
91,4,local_search,-0.30227635639789047,0.30227635639789047,1,2.816914012235231,32.39763655364783,0.00017108084304989898,818.9640388074774,0.9964152559920779,0.13738516437679898,0.013348300009965897,-1
91,4,beam_search,-0.2676228199230058,0.2676228199230058,1,2.4811419724232913,32.31472671935046,0.0001623450385482148,721.7117050630546,0.9964152559920779,0.12112099470256911,0.030390299973078072,-1
91,4,simulated_annealing,-0.30227635639789047,0.30227635639789047,1,2.816914012235231,32.39763655364783,0.00017108084304989898,818.9640388074774,0.9964152559920779,0.13738516437679898,0.006998599972575903,-1
91,4,block_beam_strong,-0.27342437731514946,0.27342437731514946,1,2.5431857792078585,32.28369726319717,0.0001590698511320315,739.6815037665677,0.9964152559920779,0.12413477139384695,0.3684637000551447,-1
91,4,block_lns_strong,-0.2676228199230058,0.2676228199230058,1,2.4811419724232913,32.31472671935046,0.0001623450385482148,721.7117050630546,0.9964152559920779,0.12112099470256911,0.07139719999395311,-1
91,4,hybrid_heuristic,-0.2676228199230058,0.2676228199230058,1,2.4811419724232913,32.31472671935046,0.0001623450385482148,721.7117050630546,0.9964152559920779,0.12112099470256911,0.01387690007686615,-1
91,5,autoreg_rl_pure,-1.3583832642518254,1.3583832642518254,1,3.226513441258509,110.59435285179948,0.004356854093031696,960.6335590564245,0.9660047722665501,0.21953613340402287,0.02564659994095564,16
91,5,random,-100.0,5.202541032462259e+20,0,158.6261649048155,4.007514568733777e+22,0.16574608967079246,47083.965737608305,0.9311543814162725,10.751319336764748,0.024392300052568316,-1
91,5,latency_greedy,-100.0,6230729.206782517,0,21.641666038275027,479952600.9365263,0.0564609476632844,6426.312613482063,0.9764636635803031,1.4700624497901584,6.19000056758523e-05,-1
91,5,block_balanced,-100.0,4728060794.502171,0,33.70559719686906,364202269346.7211,0.07907007614915167,10007.021302383704,0.6974740454145022,2.287339016621576,6.670004222542048e-05,-1
91,5,pdp_aware_greedy,-3.6271265993873008,3.6271265993873008,1,3.8972689141749997,280.1887045395967,0.007526037218743026,1159.7419237371582,0.9764636635803031,0.26549749904665726,0.0003128000535070896,-1
91,5,local_search,-3.5944647872908506,3.5944647872908506,1,3.8597459329701076,277.9618062275839,0.00749883306340689,1148.5965090607451,0.9660047722665501,0.2627935062365219,0.017717700102366507,-1
91,5,beam_search,-1.3583832642518254,1.3583832642518254,1,3.226513441258509,110.59435285179948,0.004356854093031696,960.6335590564245,0.9660047722665501,0.21953613340402287,0.03291059995535761,-1
91,5,simulated_annealing,-3.5944647872908506,3.5944647872908506,1,3.8597459329701076,277.9618062275839,0.00749883306340689,1148.5965090607451,0.9660047722665501,0.2627935062365219,0.006630699965171516,-1
91,5,block_beam_strong,-0.9687734587799599,0.9687734587799599,1,4.6004207527337195,69.99952976333726,0.0027975474278704453,1368.41813880046,0.9643101795269879,0.3138132887337986,0.33928049996029586,-1
91,5,block_lns_strong,-0.9647717797071713,0.9647717797071713,1,4.560439300481957,69.9992575512451,0.002797534170206032,1356.5430395284607,0.9643101795269879,0.31095069279412807,0.08455650007817894,-1
91,5,hybrid_heuristic,-0.9647717797071713,0.9647717797071713,1,4.560439300481957,69.9992575512451,0.002797534170206032,1356.5430395284607,0.9643101795269879,0.31095069279412807,0.012805999955162406,-1
91,6,autoreg_rl_pure,-0.2777659517411575,0.2777659517411575,1,2.528357852994826,32.732347944664376,0.00020612190208510147,686.0894750928397,0.9594345648694997,0.11129841106663596,0.02881849999539554,16
91,6,random,-100.0,1.0125929103923239e+19,0,144.96878581678695,7.799997761234789e+20,0.15231646423778722,39170.426196313194,0.9594345648694997,6.401872263330287,0.023443100042641163,-1
91,6,latency_greedy,-21.917835895591583,21.917835895591583,1,3.8620328758672695,1689.3924842549297,0.013651233552240068,1046.3718053966015,0.9594345648694997,0.17065016411689382,6.250001024454832e-05,-1
91,6,block_balanced,-611.1928603113026,611.1928603113026,1,7.032913768515818,47056.79075122354,0.024993631635544827,1903.1318401040298,0.7593696479670056,0.31149049299530374,7.109995931386948e-05,-1
91,6,pdp_aware_greedy,-6.10228280828681,6.10228280828681,1,3.6230311347247746,472.96230678746707,0.009310937755371054,981.8467697041125,0.9594345648694997,0.15948597152186575,0.0002929000183939934,-1
91,6,local_search,-4.305182382231625,4.305182382231625,1,3.460738695584056,335.78189508217173,0.00814309932546152,938.007647010042,0.9594345648694997,0.15234185203613104,0.01851859991438687,-1
91,6,beam_search,-1.6961479436634064,1.6961479436634064,1,3.3872666803015856,135.37406666391402,0.005046103774641464,918.1001393964141,0.9594345648694997,0.1502546052934038,0.02960880007594824,-1
91,6,simulated_annealing,-4.305182382231625,4.305182382231625,1,3.460738695584056,335.78189508217173,0.00814309932546152,938.007647010042,0.9594345648694997,0.15234185203613104,0.0075153999496251345,-1
91,6,block_beam_strong,-0.28882058707019903,0.28882058707019903,1,2.638182493903466,32.7379072912728,0.00020670088213698554,715.7705640967577,0.9594345648694997,0.116132896032685,0.32033390004653484,-1
91,6,block_lns_strong,-0.2777659517411575,0.2777659517411575,1,2.528357852994826,32.732347944664376,0.00020612190208510147,686.0894750928397,0.9594345648694997,0.11129841106663596,0.06991429999470711,-1
91,6,hybrid_heuristic,-0.2777659517411575,0.2777659517411575,1,2.528357852994826,32.732347944664376,0.00020612190208510147,686.0894750928397,0.9594345648694997,0.11129841106663596,0.014415699988603592,-1
91,7,autoreg_rl_pure,-0.33868143675993634,0.33868143675993634,1,2.5602261077526176,37.1791834949945,0.0006404049272372477,652.7762671095404,0.9639045241307357,0.15743627947307093,0.02835340006276965,16
91,7,random,-100.0,124318141135763.39,0,123.53722951951616,9576219748210892.0,0.11376590354972924,31361.615304755196,0.9881850188923771,7.522974985866424,0.024004200007766485,-1
91,7,latency_greedy,-0.252996454985486,0.252996454985486,1,2.367028411768713,32.06707475826062,0.00013611706899580906,603.7268060063241,0.9881850188923771,0.14448288844667437,6.389990448951721e-05,-1
91,7,block_balanced,-985.2673217136587,985.2673217136587,1,10.267711381309246,75846.80883391188,0.02662105414123334,2609.2579377065135,0.7229283930980518,0.6297630992850751,8.200004231184721e-05,-1
91,7,pdp_aware_greedy,-0.252996454985486,0.252996454985486,1,2.367028411768713,32.06707475826062,0.00013611706899580906,603.7268060063241,0.9881850188923771,0.14448288844667437,0.00029720005113631487,-1
91,7,local_search,-0.252996454985486,0.252996454985486,1,2.367028411768713,32.06707475826062,0.00013611706899580906,603.7268060063241,0.9881850188923771,0.14448288844667437,0.01247650000732392,-1
91,7,beam_search,-0.24985882695480457,0.24985882695480457,1,2.3625380837396985,31.85997241197394,0.00011402757457744664,602.5919431310682,0.9865111607244395,0.14451288820484015,0.030680199968628585,-1
91,7,simulated_annealing,-0.252996454985486,0.252996454985486,1,2.367028411768713,32.06707475826062,0.00013611706899580906,603.7268060063241,0.9881850188923771,0.14448288844667437,0.006779799936339259,-1
91,7,block_beam_strong,-0.252996454985486,0.252996454985486,1,2.367028411768713,32.06707475826062,0.00013611706899580906,603.7268060063241,0.9881850188923771,0.14448288844667437,0.40718480001669377,-1
91,7,block_lns_strong,-0.24985882695480457,0.24985882695480457,1,2.3625380837396985,31.85997241197394,0.00011402757457744664,602.5919431310682,0.9865111607244395,0.14451288820484015,0.0762209000531584,-1
91,7,hybrid_heuristic,-0.24985882695480457,0.24985882695480457,1,2.3625380837396985,31.85997241197394,0.00011402757457744664,602.5919431310682,0.9865111607244395,0.14451288820484015,0.013071599998511374,-1
91,8,autoreg_rl_pure,-0.30470076128299717,0.30470076128299717,1,1.9438304368683772,39.30974643330532,0.0008303779888978499,589.606757517194,0.969776869667902,0.14083657850514325,0.028685599914751947,16
91,8,random,-100.0,10121391650.77016,0,97.45870522631768,779650255630.3936,0.08166494950874394,29415.082268270504,0.9718942622244935,6.97070927808653,0.022396199987269938,-1
91,8,latency_greedy,-0.3487116636629545,0.3487116636629545,1,2.4876341762698555,38.51098659482949,0.0007603905603509502,753.6484834154501,0.9689505543140007,0.1774093977537497,6.260001100599766e-05,-1
91,8,block_balanced,-2.6552803483217553,2.6552803483217553,1,4.597870933470859,199.93070631176602,0.006375454119668962,1390.5647727465757,0.6782653880198005,0.32890299981694376,7.159996312111616e-05,-1
91,8,pdp_aware_greedy,-0.3487116636629545,0.3487116636629545,1,2.4876341762698555,38.51098659482949,0.0007603905603509502,753.6484834154501,0.9689505543140007,0.1774093977537497,0.0003037999849766493,-1
91,8,local_search,-0.3487116636629545,0.3487116636629545,1,2.4876341762698555,38.51098659482949,0.0007603905603509502,753.6484834154501,0.9689505543140007,0.1774093977537497,0.01268870010972023,-1
91,8,beam_search,-0.3487116636629545,0.3487116636629545,1,2.4876341762698555,38.51098659482949,0.0007603905603509502,753.6484834154501,0.9689505543140007,0.1774093977537497,0.03291440010070801,-1
91,8,simulated_annealing,-0.3487116636629545,0.3487116636629545,1,2.4876341762698555,38.51098659482949,0.0007603905603509502,753.6484834154501,0.9689505543140007,0.1774093977537497,0.006516499910503626,-1
91,8,block_beam_strong,-0.34089145995984277,0.34089145995984277,1,2.5267965634815672,37.60692906396253,0.0006794039009488315,765.5005289200575,0.8720554988826006,0.18020232269267578,0.3646886000642553,-1
91,8,block_lns_strong,-0.33547230031727415,0.33547230031727415,1,2.4726049670558807,37.60692906396253,0.0006794039009488315,749.1434429094169,0.8720554988826006,0.1763375669432547,0.07368279993534088,-1
91,8,hybrid_heuristic,-0.33547230031727415,0.33547230031727415,1,2.4726049670558807,37.60692906396253,0.0006794039009488315,749.1434429094169,0.8720554988826006,0.1763375669432547,0.011426700046285987,-1
91,9,autoreg_rl_pure,-0.32635228292868157,0.32635228292868157,1,3.025395839256081,32.64626948776537,0.00019714466130543569,690.5253263114525,0.9810411817354757,0.16850603723365515,0.02869269996881485,16
91,9,random,-100.0,4061069147.9444404,0,94.8993486869473,312823938091.8833,0.07855164129841968,21565.96611228848,0.9923705343259019,5.241299098961947,0.025123699917457998,-1
91,9,latency_greedy,-77148.50330177041,77148.50330177041,1,6.245587325525033,5942727.776413774,0.04148933225372608,1422.1500428563797,0.9923705343259019,0.3435477886879219,6.54000323265791e-05,-1
91,9,block_balanced,-678640.4264664243,678640.4264664243,1,10.60338500844692,52275584.80961323,0.04890218840655281,2412.354610876906,0.7272163967723294,0.5843090178995916,7.08999577909708e-05,-1
91,9,pdp_aware_greedy,-2.5007123888262375,2.5007123888262375,1,3.681559618350568,195.08268582562386,0.006291767058773591,839.6028684691831,0.9923705343259019,0.2035637520807984,0.00029340002220124006,-1
91,9,local_search,-1.9669525807844717,1.9669525807844717,1,3.5365165813426613,155.08446215843247,0.005509511268134046,806.6487240483483,0.9923705343259019,0.19573603170253936,0.018105800030753016,-1
91,9,beam_search,-0.3170067837790305,0.3170067837790305,1,2.9284290169168443,32.67332110192341,0.00019996845937639027,668.4801885773189,0.9923705343259019,0.16316048040525394,0.02992529992479831,-1
91,9,simulated_annealing,-0.5710027078832449,0.5710027078832449,1,4.710717251290914,38.50965680515657,0.000760272837791487,1073.4489610644168,0.9923705343259019,0.2603246800732012,0.006846299977041781,-1
91,9,block_beam_strong,-0.3270073246911181,0.3270073246911181,1,3.028297689977725,32.67437437906065,0.00020007835901462398,691.1751369949602,0.9923705343259019,0.16866919928471322,0.3374153000768274,-1
91,9,block_lns_strong,-0.3170067837790305,0.3170067837790305,1,2.9284290169168443,32.67332110192341,0.00019996845937639027,668.4801885773189,0.9923705343259019,0.16316048040525394,0.06744639994576573,-1
91,9,hybrid_heuristic,-0.3170067837790305,0.3170067837790305,1,2.9284290169168443,32.67332110192341,0.00019996845937639027,668.4801885773189,0.9923705343259019,0.16316048040525394,0.013027100008912385,-1
91,10,autoreg_rl_pure,-0.25184726551863107,0.25184726551863107,1,2.3769332678437127,31.902255701970045,0.00011854914430678238,609.836251314955,0.9990762452621951,0.12372079374814908,0.025783199933357537,16
91,10,random,-100.0,19476498908412.566,0,142.48587876085864,1500273666969902.5,0.10744646934633226,36385.19728395708,0.9342960835455029,7.440824688512928,0.025749200023710728,-1
91,10,latency_greedy,-32434.831237368686,32434.831237368686,1,15.25017069601754,2498366.651696808,0.03853514496018137,3896.861644480664,0.9584262579791665,0.7962954249488188,6.640003994107246e-05,-1
91,10,block_balanced,-100.0,1454227312.151786,0,31.042516731634866,112019051699.88286,0.07505047847282917,7929.29807139246,0.7785800696212524,1.6189523120867801,7.129996083676815e-05,-1
91,10,pdp_aware_greedy,-1885.0336737675673,1885.0336737675673,1,5.075511207935468,145195.75819508184,0.028834884158986024,1298.8838876399548,0.9814551239340401,0.2650008900551738,0.00029859994538128376,-1
91,10,local_search,-100.0,19476498908412.566,0,142.48587876085864,1500273666969902.5,0.10744646934633226,36385.19728395708,0.9342960835455029,7.440824688512928,0.015518000000156462,-1
91,10,beam_search,-0.25184726551863107,0.25184726551863107,1,2.3769332678437127,31.902255701970045,0.00011854914430678238,609.836251314955,0.9990762452621951,0.12372079374814908,0.033659000066109,-1
91,10,simulated_annealing,-100.0,19476498908412.566,0,142.48587876085864,1500273666969902.5,0.10744646934633226,36385.19728395708,0.9342960835455029,7.440824688512928,0.01154449989553541,-1
91,10,block_beam_strong,-0.25184726551863107,0.25184726551863107,1,2.3769332678437127,31.902255701970045,0.00011854914430678238,609.836251314955,0.9990762452621951,0.12372079374814908,0.25832000002264977,-1
91,10,block_lns_strong,-0.25184726551863107,0.25184726551863107,1,2.3769332678437127,31.902255701970045,0.00011854914430678238,609.836251314955,0.9990762452621951,0.12372079374814908,0.07006850000470877,-1
91,10,hybrid_heuristic,-0.25184726551863107,0.25184726551863107,1,2.3769332678437127,31.902255701970045,0.00011854914430678238,609.836251314955,0.9990762452621951,0.12372079374814908,0.013944200007244945,-1
91,11,autoreg_rl_pure,-0.5214473597969764,0.5214473597969764,1,3.095619539763776,47.13350001318645,0.0014491890403190997,875.3259560903388,0.9094270684881863,0.19235275104834032,0.02748990000691265,16
91,11,random,-100.0,8909308786157481.0,0,134.1534057733363,6.862835782570621e+17,0.12833008041291363,37806.37070897729,0.9094270684881863,8.286460801610255,0.024706299998797476,-1
91,11,latency_greedy,-100.0,11314.611279854196,0,21.881446378662112,871426.1597362395,0.034944354823321144,6168.980683077249,0.9681464000744198,1.3659499707012734,7.599999662488699e-05,-1
91,11,block_balanced,-100.0,855032.3684694523,0,29.577263134472947,65862900.4917833,0.04968987258475314,8337.647810408072,0.6915331429102999,1.841855844018415,6.910006050020456e-05,-1
91,11,pdp_aware_greedy,-1.284037888110303,1.284037888110303,1,3.3869308755490377,103.63183787604488,0.0041351720864008104,957.3741670916193,0.9614770932228853,0.21056311110639644,0.00039009994361549616,-1
91,11,local_search,-1.284037888110303,1.284037888110303,1,3.3869308755490377,103.63183787604488,0.0041351720864008104,957.3741670916193,0.9614770932228853,0.21056311110639644,0.013106900034472346,-1
91,11,beam_search,-0.9319369774691875,0.9319369774691875,1,3.0823519541075215,78.8556934013508,0.0032036901208875174,871.5530053386291,0.9614770932228853,0.19149324629000553,0.030785799957811832,-1
91,11,simulated_annealing,-1.284037888110303,1.284037888110303,1,3.3869308755490377,103.63183787604488,0.0041351720864008104,957.3741670916193,0.9614770932228853,0.21056311110639644,0.00692800001706928,-1
91,11,block_beam_strong,-0.5214473597969764,0.5214473597969764,1,3.095619539763776,47.13350001318645,0.0014491890403190997,875.3259560903388,0.9094270684881863,0.19235275104834032,0.3567697999533266,-1
91,11,block_lns_strong,-0.5208824599588293,0.5208824599588293,1,3.089973449966763,47.13347760837596,0.001449187419757388,873.7357453188524,0.8798290867076992,0.1921403831006635,0.07288220000918955,-1
91,11,hybrid_heuristic,-0.5208824599588293,0.5208824599588293,1,3.089973449966763,47.13347760837596,0.001449187419757388,873.7357453188524,0.8798290867076992,0.1921403831006635,0.012739200028590858,-1
91,12,autoreg_rl_pure,-0.24699512066124,0.24699512066124,1,2.4322593888263415,31.102318430300972,3.197442903034737e-05,576.3339988147254,0.9635590974805883,0.1246228669126302,0.02709410001989454,16
91,12,random,-100.0,578432254.8404181,0,94.26421004321895,44556604890.97366,0.0719074976293304,22222.428504635176,0.9635590974805883,4.81140803829661,0.02512220002245158,-1
91,12,latency_greedy,-91305.56771613352,91305.56771613352,1,9.776360446440764,7033218.49190439,0.04206370308613063,2307.334561184758,0.982295939860422,0.49918829900587525,6.390002090483904e-05,-1
91,12,block_balanced,-455154.61637538404,455154.61637538404,1,13.06282092017399,35060465.89216074,0.047540361107886175,3082.0757468812712,0.7156009443192555,0.6659384194170562,6.829993799328804e-05,-1
91,12,pdp_aware_greedy,-53556.995443069005,53556.995443069005,1,4.570058865019581,4125488.0971540688,0.04024502507704528,1080.2403384031807,0.982295939860422,0.23407820792074932,0.00031530007254332304,-1
91,12,local_search,-100.0,578432254.8404181,0,94.26421004321895,44556604890.97366,0.0719074976293304,22222.428504635176,0.9635590974805883,4.81140803829661,0.01501450000796467,-1
91,12,beam_search,-0.3704141067148213,0.3704141067148213,1,3.700377278009573,30.84097100748479,3.206379591735921e-06,875.2206686378387,0.982295939860422,0.1905025113934384,0.03059809992555529,-1
91,12,simulated_annealing,-100.0,578432254.8404181,0,94.26421004321895,44556604890.97366,0.0719074976293304,22222.428504635176,0.9635590974805883,4.81140803829661,0.01069859997369349,-1
91,12,block_beam_strong,-0.23862246630239914,0.23862246630239914,1,2.3500754302246465,31.090435906416605,3.067170389611651e-05,556.9281998979776,0.982295939860422,0.12098647057567649,0.3512003000359982,-1
91,12,block_lns_strong,-0.23862246630239914,0.23862246630239914,1,2.3500754302246465,31.090435906416605,3.067170389611651e-05,556.9281998979776,0.982295939860422,0.12098647057567649,0.07157020003069192,-1
91,12,hybrid_heuristic,-0.23862246630239914,0.23862246630239914,1,2.3500754302246465,31.090435906416605,3.067170389611651e-05,556.9281998979776,0.982295939860422,0.12098647057567649,0.012650899938307703,-1
91,13,autoreg_rl_pure,-0.30369286220721975,0.30369286220721975,1,2.700830761586304,33.40093857775573,0.00027505675619303585,643.5491758758236,0.9386887485670209,0.15059533358445568,0.027358499937690794,16
91,13,random,-100.0,3.630916688345165e+21,0,201.31343979084838,2.7968931788540213e+23,0.1723699244685168,47754.925738428836,0.9384264205574842,11.195380067825786,0.024931499967351556,-1
91,13,latency_greedy,-8.01543512497002,8.01543512497002,1,4.131700515166477,616.4140496851815,0.010214048672019676,982.9545009378285,0.9386887485670209,0.22988360431408245,6.500002928078175e-05,-1
91,13,block_balanced,-4434.279448496448,4434.279448496448,1,9.203162684011344,341532.2283051926,0.03175098404801138,2185.9806717399597,0.8078377081868264,0.5137252322443882,7.369997911155224e-05,-1
91,13,pdp_aware_greedy,-237.64208382797008,237.64208382797008,1,4.427693542725779,18302.262458540416,0.021774209660174754,1053.164671698296,0.9386887485670209,0.24799318143677204,0.00030099996365606785,-1
91,13,local_search,-8.01543512497002,8.01543512497002,1,4.131700515166477,616.4140496851815,0.010214048672019676,982.9545009378285,0.9386887485670209,0.22988360431408245,0.013745700009167194,-1
91,13,beam_search,-0.30369286220721975,0.30369286220721975,1,2.700830761586304,33.40093857775573,0.00027505675619303585,643.5491758758236,0.9386887485670209,0.15059533358445568,0.030176999978721142,-1
91,13,simulated_annealing,-8.01543512497002,8.01543512497002,1,4.131700515166477,616.4140496851815,0.010214048672019676,982.9545009378285,0.9386887485670209,0.22988360431408245,0.006819300004281104,-1
91,13,block_beam_strong,-4.247565324310785,4.247565324310785,1,4.882896954965179,320.3887787495972,0.007983116521704296,1161.2252520297266,0.9033979632589085,0.2713757865093261,0.23719080002047122,-1
91,13,block_lns_strong,-0.30369286220721975,0.30369286220721975,1,2.700830761586304,33.40093857775573,0.00027505675619303585,643.5491758758236,0.9386887485670209,0.15059533358445568,0.07441519992426038,-1
91,13,hybrid_heuristic,-0.30369286220721975,0.30369286220721975,1,2.700830761586304,33.40093857775573,0.00027505675619303585,643.5491758758236,0.9386887485670209,0.15059533358445568,0.012844400014728308,-1
91,14,autoreg_rl_pure,-0.16053907168343395,0.16053907168343395,1,1.6053907168343395,30.811978559923826,4.473018012410633e-23,472.4064105520324,0.9792236035111983,0.08563383444258013,0.030372499953955412,16
91,14,random,-100.0,5.666864043773144,0,51.1125904580082,73.61020177319821,0.0029690140477321046,14945.75765977283,0.8813012431600784,2.706778838253542,0.024300099932588637,-1
91,14,latency_greedy,-538.942623234224,538.942623234224,1,4.6268158948352465,41509.89302082687,0.024566036791065678,1355.6631598797287,0.9599485188966496,0.24622564058534518,6.250001024454832e-05,-1
91,14,block_balanced,-608.3460544386458,608.3460544386458,1,7.09866953497729,46836.99493112552,0.024977670372506016,2078.350620980088,0.6496489446270327,0.37664126017140886,7.130007725208998e-05,-1
91,14,pdp_aware_greedy,-0.22237563117134773,0.22237563117134773,1,2.2237563113968757,30.811978562362608,2.6984085905483484e-13,653.1792266782318,0.9792236035111983,0.11751016297424495,0.00030479999259114265,-1
91,14,local_search,-0.22237563117134773,0.22237563117134773,1,2.2237563113968757,30.811978562362608,2.6984085905483484e-13,653.1792266782318,0.9792236035111983,0.11751016297424495,0.011883199913427234,-1
91,14,beam_search,-0.16053907168343395,0.16053907168343395,1,1.6053907168343395,30.811978559923826,4.473018012410633e-23,472.4064105520324,0.9792236035111983,0.08563383444258013,0.03319089999422431,-1
91,14,simulated_annealing,-0.22237563117134773,0.22237563117134773,1,2.2237563113968757,30.811978562362608,2.6984085905483484e-13,653.1792266782318,0.9792236035111983,0.11751016297424495,0.008548200014047325,-1
91,14,block_beam_strong,-0.16397165857545307,0.16397165857545307,1,1.6397165857545306,30.811978559923826,5.669807076865727e-23,482.4357196037458,0.9599485188966496,0.08755594508958452,0.3769502000650391,-1
91,14,block_lns_strong,-0.16053907168343395,0.16053907168343395,1,1.6053907168343395,30.811978559923826,4.473018012410633e-23,472.4064105520324,0.9792236035111983,0.08563383444258013,0.0488565000705421,-1
91,14,hybrid_heuristic,-0.16053907168343395,0.16053907168343395,1,1.6053907168343395,30.811978559923826,4.473018012410633e-23,472.4064105520324,0.9792236035111983,0.08563383444258013,0.013038199977017939,-1
91,15,autoreg_rl_pure,-2.1112046093280146,2.1112046093280146,1,3.0376596669361726,170.03888032299602,0.005823353803418785,826.4407433713693,0.9768735855266332,0.19013101655915615,0.02831480000168085,16
91,15,random,-100.0,2.1143973458172134e+33,0,271.27189654768966,1.6287191421619954e+35,0.2647264941111591,73546.89349586416,0.8648645012118799,16.88651845463748,0.02446880005300045,-1
91,15,latency_greedy,-5.544779625984327,5.544779625984327,1,2.956061103874887,435.15553310964816,0.009026908947715045,804.3069075850515,0.9854892442745565,0.1854534685826854,6.310001481324434e-05,-1
91,15,block_balanced,-7.8424626483779,7.8424626483779,1,5.649240982787819,591.4003829966066,0.010072819918339224,1534.5261174302166,0.661888377588534,0.3524744651626302,6.880005821585655e-05,-1
91,15,pdp_aware_greedy,-5.544779625984327,5.544779625984327,1,2.956061103874887,435.15553310964816,0.009026908947715045,804.3069075850515,0.9854892442745565,0.1854534685826854,0.00031100003980100155,-1
91,15,local_search,-5.544779625984327,5.544779625984327,1,2.956061103874887,435.15553310964816,0.009026908947715045,804.3069075850515,0.9854892442745565,0.1854534685826854,0.012717699981294572,-1
91,15,beam_search,-2.1112046093280146,2.1112046093280146,1,3.0376596669361726,170.03888032299602,0.005823353803418785,826.4407433713693,0.9768735855266332,0.19013101655915615,0.03390839998610318,-1
91,15,simulated_annealing,-5.544779625984327,5.544779625984327,1,2.956061103874887,435.15553310964816,0.009026908947715045,804.3069075850515,0.9854892442745565,0.1854534685826854,0.006875799968838692,-1
91,15,block_beam_strong,-2.1112046093280146,2.1112046093280146,1,3.0376596669361726,170.03888032299602,0.005823353803418785,826.4407433713693,0.9768735855266332,0.19013101655915615,0.3517839000560343,-1
91,15,block_lns_strong,-2.1112046093280146,2.1112046093280146,1,3.0376596669361726,170.03888032299602,0.005823353803418785,826.4407433713693,0.9768735855266332,0.19013101655915615,0.06340950005687773,-1
91,15,hybrid_heuristic,-2.1112046093280146,2.1112046093280146,1,3.0376596669361726,170.03888032299602,0.005823353803418785,826.4407433713693,0.9768735855266332,0.19013101655915615,0.0130364999640733,-1
91,16,autoreg_rl_pure,-0.3339370968145795,0.3339370968145795,1,2.634624735201085,36.2406350148437,0.0005532381590524512,749.7380487727032,0.9681938985246021,0.1713999443668738,0.02876949997153133,16
91,16,random,-100.0,1868882261639.4958,0,74.83588839929483,143959900441099.6,0.09945572860087014,21214.22095545434,0.9608593537768622,4.8675710557466845,0.026772100012749434,-1
91,16,latency_greedy,-2958.2062086685946,2958.2062086685946,1,9.748492454898868,227826.1850867576,0.03037073408665737,2766.05254396526,0.9681938985246021,0.6350653033603513,6.760004907846451e-05,-1
91,16,block_balanced,-1891.5680446775425,1891.5680446775425,1,9.423982783576529,145665.60418279443,0.028845898379020463,2674.08657065073,0.8235937318087391,0.6137588131318334,7.389998063445091e-05,-1
91,16,pdp_aware_greedy,-200.41899947719503,200.41899947719503,1,7.097266919264447,15414.406556754111,0.021188772709184508,2014.5981299977852,0.9681938985246021,0.4628293177159999,0.00044929992873221636,-1
91,16,local_search,-100.0,1868882261639.4958,0,74.83588839929483,143959900441099.6,0.09945572860087014,21214.22095545434,0.9608593537768622,4.8675710557466845,0.01440280000679195,-1
91,16,beam_search,-0.29257470183640494,0.29257470183640494,1,2.4115393297267262,34.772917629334124,0.0004122940490703689,686.5074746920579,0.9681938985246021,0.15734271254870005,0.02880109997931868,-1
91,16,simulated_annealing,-100.0,1868882261639.4958,0,74.83588839929483,143959900441099.6,0.09945572860087014,21214.22095545434,0.9608593537768622,4.8675710557466845,0.010866600088775158,-1
91,16,block_beam_strong,-0.43810066927759045,0.43810066927759045,1,3.7254759161848536,35.86152861834724,0.0005173872065115114,1058.934186118243,0.9608593537768622,0.24250381633204837,0.3940837000263855,-1
91,16,block_lns_strong,-0.29257470183640494,0.29257470183640494,1,2.4115393297267262,34.772917629334124,0.0004122940490703689,686.5074746920579,0.9681938985246021,0.15734271254870005,0.06524110003374517,-1
91,16,hybrid_heuristic,-0.29257470183640494,0.29257470183640494,1,2.4115393297267262,34.772917629334124,0.0004122940490703689,686.5074746920579,0.9681938985246021,0.15734271254870005,0.014006200013682246,-1
91,17,autoreg_rl_pure,-0.2344763204495351,0.2344763204495351,1,2.3447609289285642,30.811996088602587,1.939471302036233e-09,650.9095404775632,0.9516015543231877,0.1531642797365011,0.03118639998137951,16
91,17,random,-100.0,805.7459074145015,0,75.60127003161774,61515.019860735585,0.025907048541136176,20892.919786290993,0.8270325506878313,4.9069599556618,0.02466300001833588,-1
91,17,latency_greedy,-0.3368034746985863,0.3368034746985863,1,2.575777232093002,36.91473395062817,0.0006160691068108549,714.6862306437187,0.9304116195238102,0.16838186010716857,6.360001862049103e-05,-1
91,17,block_balanced,-0.41233009783070645,0.41233009783070645,1,3.628139393947328,34.62620559017135,0.0003978796580593598,1005.5167180206754,0.7236534818518524,0.23629324579331576,7.240008562803268e-05,-1
91,17,pdp_aware_greedy,-0.2950137744861244,0.2950137744861244,1,2.563015132426859,33.79398196852132,0.00031494022176021457,711.2098778717161,0.8951009805229395,0.16750647617377462,0.00029719993472099304,-1
91,17,local_search,-0.2836664195248934,0.2836664195248934,1,2.5120888220128585,33.312180920231135,0.0002659852642026426,697.1441215167155,0.9516015543231877,0.16405190790049787,0.019334000069648027,-1
91,17,beam_search,-0.23103183408055203,0.23103183408055203,1,2.310316065238734,30.811996088602587,1.939471302277336e-09,641.3457192922308,0.9516015543231877,0.15094642781166667,0.03155359998345375,-1
91,17,simulated_annealing,-0.2836664195248934,0.2836664195248934,1,2.5120888220128585,33.312180920231135,0.0002659852642026426,697.1441215167155,0.9516015543231877,0.16405190790049787,0.0068582999520003796,-1
91,17,block_beam_strong,-0.23757821401843263,0.23757821401843263,1,2.375780385982159,30.81199207253372,1.4951110215437316e-09,659.4895554680412,0.8951009805229395,0.15473903925237306,0.28532250004354864,-1
91,17,block_lns_strong,-0.23103183408055203,0.23103183408055203,1,2.310316065238734,30.811996088602587,1.939471302277336e-09,641.3457192922308,0.9516015543231877,0.15094642781166667,0.07298959989566356,-1
91,17,hybrid_heuristic,-0.23103183408055203,0.23103183408055203,1,2.310316065238734,30.811996088602587,1.939471302277336e-09,641.3457192922308,0.9516015543231877,0.15094642781166667,0.013043100014328957,-1
91,18,autoreg_rl_pure,-0.26842323848014465,0.26842323848014465,1,2.6423394087550207,31.134679929862294,3.5519818251386816e-05,769.3382720830896,0.9865533731941661,0.15374198633652644,0.026933199958875775,16
91,18,random,-100.0,7314300579.05887,0,99.71757688968925,563420180819.6888,0.08055757041551209,28919.316785480314,0.9084058507750574,5.779987544052916,0.024885600083507597,-1
91,18,latency_greedy,-7453056713.64679,7453056713.64679,1,11.541822325572603,574108559108.8584,0.08062163914349041,3349.9293941699,0.9865533731941661,0.665290286077365,6.949994713068008e-05,-1
91,18,block_balanced,-2692671.590855873,2692671.590855873,1,14.08430464592241,207416270.6365732,0.05360075730516353,4087.2571381127427,0.731295381607426,0.812672628516813,7.539999205619097e-05,-1
91,18,pdp_aware_greedy,-0.3172781483549909,0.3172781483549909,1,3.073239292456491,31.578751524368386,8.380163131073168e-05,894.2965645946961,0.9672680190129439,0.17883566454131936,0.00029450003057718277,-1
91,18,local_search,-0.2996548762323917,0.2996548762323917,1,2.905160725160045,31.515940120355513,7.70138208863619e-05,845.5666207694774,0.9084058507750574,0.16911269881232344,0.018797699944116175,-1
91,18,beam_search,-0.26269424505865496,0.26269424505865496,1,2.5850494745398604,31.134679929864326,3.551981825160946e-05,752.7217429034769,0.9865533731941661,0.15007578766245852,0.035865799989551306,-1
91,18,simulated_annealing,-0.2996548762323917,0.2996548762323917,1,2.905160725160045,31.515940120355513,7.70138208863619e-05,845.5666207694774,0.9084058507750574,0.16911269881232344,0.0070798000087961555,-1
91,18,block_beam_strong,-0.2644681606106811,0.2644681606106811,1,2.6018226168743146,31.14212112425675,3.633452298197898e-05,757.5204077388059,0.9672680190129439,0.14997348462622395,0.3425000000279397,-1
91,18,block_lns_strong,-0.26269424505865496,0.26269424505865496,1,2.5850494745398604,31.134679929864326,3.551981825160946e-05,752.7217429034769,0.9865533731941661,0.15007578766245852,0.06713270000182092,-1
91,18,hybrid_heuristic,-0.26269424505865496,0.26269424505865496,1,2.5850494745398604,31.134679929864326,3.551981825160946e-05,752.7217429034769,0.9865533731941661,0.15007578766245852,0.01368979993276298,-1
91,19,autoreg_rl_pure,-0.34172881209528816,0.34172881209528816,1,2.5373909759423103,37.5898215516748,0.0006778526870914995,662.651017342529,0.9390419723371707,0.13864423994330538,0.029017799999564886,16
91,19,random,-100.0,2.48669622618595e+18,0,123.2626588677555,1.9155007701571246e+20,0.1475294397836496,32051.40914141351,0.9791745896618979,6.6752264465101785,0.025620899978093803,-1
91,19,latency_greedy,-5960484.320846505,5960484.320846505,1,10.952668426098516,459135734.19534403,0.05630977824292067,2850.6128075451893,0.9791745896618979,0.5972211785732742,6.3000014051795e-05,-1
91,19,block_balanced,-100.0,7020283111.056228,0,25.02089311663557,540772031594.2257,0.08041769775547086,6508.3925062880635,0.7551494024124876,1.3598616148546308,6.750004831701517e-05,-1
91,19,pdp_aware_greedy,-778.9024499668377,778.9024499668377,1,7.433456746285337,59972.36607271261,0.02582046317292391,1935.6273363045302,0.9791745896618979,0.4038162152144703,0.00034769997000694275,-1
91,19,local_search,-100.0,2.48669622618595e+18,0,123.2626588677555,1.9155007701571246e+20,0.1475294397836496,32051.40914141351,0.9791745896618979,6.6752264465101785,0.01621769997291267,-1
91,19,beam_search,-0.45153791863324155,0.45153791863324155,1,3.651937546726027,37.46306488174821,0.0006663370567110274,952.4261776644403,0.9791745896618979,0.19907974812000254,0.029816700029186904,-1
91,19,simulated_annealing,-100.0,2.48669622618595e+18,0,123.2626588677555,1.9155007701571246e+20,0.1475294397836496,32051.40914141351,0.9791745896618979,6.6752264465101785,0.011226699920371175,-1
91,19,block_beam_strong,-0.37886291708402275,0.37886291708402275,1,2.628910485056741,39.745285380399785,0.0008679431932013806,686.4376858345831,0.9791745896618979,0.14361717113978154,0.2168788000708446,-1
91,19,block_lns_strong,-0.34172881209528816,0.34172881209528816,1,2.5373909759423103,37.5898215516748,0.0006778526870914995,662.651017342529,0.9390419723371707,0.13864423994330538,0.06572069996036589,-1
91,19,hybrid_heuristic,-0.34172881209528816,0.34172881209528816,1,2.5373909759423103,37.5898215516748,0.0006778526870914995,662.651017342529,0.9390419723371707,0.13864423994330538,0.013494999962858856,-1
91,20,autoreg_rl_pure,-0.25157231203745356,0.25157231203745356,1,2.5149297120485077,30.818090180006536,6.761570500213124e-07,711.6591457337087,0.9880761754712472,0.16977111846332898,0.029091799980960786,16
91,20,random,-100.0,20895184066.37342,0,111.70598074385663,1609554907817.241,0.08413617591638257,31476.102514182374,0.831800333245493,7.516202763053865,0.02444790001027286,-1
91,20,latency_greedy,-897861.948161619,897861.948161619,1,8.326990535927857,69162224.4105332,0.04985651314077141,2349.0706402003584,0.9882428686440909,0.5616112769560572,6.410002242773771e-05,-1
91,20,block_balanced,-100.0,8729473611.096682,0,21.31727740270634,672430884227.9346,0.08116057004096922,6009.1634853627065,0.6931669443712442,1.434217696172405,7.370009552687407e-05,-1
91,20,pdp_aware_greedy,-0.6920296622338251,0.6920296622338251,1,2.6514293284782697,63.695040443317275,0.002475779875304713,750.0455301838366,0.9882428686440909,0.17994573503076286,0.00030620000325143337,-1
91,20,local_search,-0.42370811763566896,0.42370811763566896,1,2.6141861236315798,43.313130452316955,0.0011610146753102684,739.5374821967561,0.9882428686440909,0.17744318985216773,0.017515999963507056,-1
91,20,beam_search,-0.33906319270333923,0.33906319270333923,1,3.3658021248895467,31.00324239274966,2.1097096848496536e-05,951.3412422506996,0.9882428686440909,0.22868501111420197,0.03139499993994832,-1
91,20,simulated_annealing,-0.42370811763566896,0.42370811763566896,1,2.6141861236315798,43.313130452316955,0.0011610146753102684,739.5374821967561,0.9882428686440909,0.17744318985216773,0.006722500082105398,-1
91,20,block_beam_strong,-0.2469990917752981,0.2469990917752981,1,2.4691778568614917,30.818241563612947,6.929036229557689e-07,698.7286513880733,0.9882428686440909,0.16726561190507838,0.3757636999944225,-1
91,20,block_lns_strong,-0.24070254456526102,0.24070254456526102,1,2.406054228067714,30.81945984377454,8.276709515319936e-07,680.9366233561566,0.9882428686440909,0.163025797586027,0.0696555000031367,-1
91,20,hybrid_heuristic,-0.24070254456526102,0.24070254456526102,1,2.406054228067714,30.81945984377454,8.276709515319936e-07,680.9366233561566,0.9882428686440909,0.163025797586027,0.012986299931071699,-1
91,21,autoreg_rl_pure,-0.34157399115317494,0.34157399115317494,1,3.413891843931014,30.826214214746614,1.5747493650752334e-06,906.2924390466046,0.9229811294950371,0.1772832796795555,0.028207600000314415,16
91,21,random,-100.0,3.2276200586685325e+19,0,170.03462273979366,2.4862340011818725e+21,0.15626852655320653,44992.93449720857,0.9013565701852543,8.78717464719788,0.023970399983227253,-1
91,21,latency_greedy,-0.9147220221752572,0.9147220221752572,1,2.8902836135619534,79.0091277155168,0.0032103171847136062,767.7411680731954,0.990274666808852,0.15027033129635803,6.2700011767447e-05,-1
91,21,block_balanced,-1039.3141836124025,1039.3141836124025,1,8.585035708625048,80022.99735073755,0.026803782491742093,2274.576678951751,0.7010551101440867,0.44375451985026065,7.289997301995754e-05,-1
91,21,pdp_aware_greedy,-0.9147220221752572,0.9147220221752572,1,2.8902836135619534,79.0091277155168,0.0032103171847136062,767.7411680731954,0.990274666808852,0.15027033129635803,0.00030610000248998404,-1
91,21,local_search,-0.5104323606360841,0.5104323606360841,1,2.8826150166789004,47.92578791784347,0.0015060196621136423,765.7125036320151,0.9229811294950371,0.14987422879757942,0.017939000041224062,-1
91,21,beam_search,-0.5075710747667211,0.5075710747667211,1,2.797193544577951,48.363384362424796,0.0015370069240471561,743.1110042262557,0.9541963202479307,0.14546276548406115,0.03325149999000132,-1
91,21,simulated_annealing,-0.5104323606360841,0.5104323606360841,1,2.8826150166789004,47.92578791784347,0.0015060196621136423,765.7125036320151,0.9229811294950371,0.14987422879757942,0.006447599967941642,-1
91,21,block_beam_strong,-0.33706298525320466,0.33706298525320466,1,3.3693049698172963,30.822184124374154,1.1290142288547717e-06,894.517670424997,0.9125369546486479,0.17464824047988842,0.332723299972713,-1
91,21,block_lns_strong,-0.32358478458847845,0.32358478458847845,1,3.2346879149402654,30.820913501772207,9.884690333147409e-07,858.8790468033734,0.990274666808852,0.16790602314939918,0.07891969999764115,-1
91,21,hybrid_heuristic,-0.32358478458847845,0.32358478458847845,1,3.2346879149402654,30.820913501772207,9.884690333147409e-07,858.8790468033734,0.990274666808852,0.16790602314939918,0.013104700017720461,-1
91,22,autoreg_rl_pure,-0.21626701471076784,0.21626701471076784,1,2.160988863744783,30.8249294766565,1.4326613835501045e-06,663.9105919300454,0.96803463430185,0.16054084810390767,0.02877999993506819,16
91,22,random,-100.0,2362370139233.236,0,91.5044529589653,181973245200972.75,0.10025459156989987,27991.176907382567,0.9162910233223593,6.761395421598905,0.024548999965190887,-1
91,22,latency_greedy,-3.1440529589997643,3.1440529589997643,1,3.262816125415693,247.86475434451782,0.0071081358942767505,1000.8971756345285,0.96803463430185,0.2405804372553385,8.949998300522566e-05,-1
91,22,block_balanced,-2.439629272513292,2.439629272513292,1,4.778817288383764,181.92528669916064,0.006053710687013907,1464.6361527059646,0.7608692637659482,0.3533459817647028,7.139996159821749e-05,-1
91,22,pdp_aware_greedy,-0.22710735021710443,0.22710735021710443,1,2.269392218808149,30.8249294766565,1.4326613835501045e-06,697.0861213456529,0.9909058539447436,0.16907521599723688,0.0002940000267699361,-1
91,22,local_search,-0.2186661679472476,0.2186661679472476,1,2.184836734254369,30.82603610315716,1.5550511385139052e-06,671.2243684326069,0.9909058539447436,0.16279990589309196,0.018555899965576828,-1
91,22,beam_search,-0.21421503598144392,0.21421503598144392,1,2.1403254145963326,30.82603610315716,1.5550511385139052e-06,657.5974836955215,0.96803463430185,0.15917607810424445,0.03196110005956143,-1
91,22,simulated_annealing,-0.2186661679472476,0.2186661679472476,1,2.184836734254369,30.82603610315716,1.5550511385139052e-06,671.2243684326069,0.9909058539447436,0.16279990589309196,0.00684489996638149,-1
91,22,block_beam_strong,-0.21626701471076784,0.21626701471076784,1,2.160988863744783,30.8249294766565,1.4326613835501045e-06,663.9105919300454,0.96803463430185,0.16054084810390767,0.3069217000156641,-1
91,22,block_lns_strong,-0.21421503598144392,0.21421503598144392,1,2.1403254145963326,30.82603610315716,1.5550511385139052e-06,657.5974836955215,0.96803463430185,0.15917607810424445,0.07296639995183796,-1
91,22,hybrid_heuristic,-0.21421503598144392,0.21421503598144392,1,2.1403254145963326,30.82603610315716,1.5550511385139052e-06,657.5974836955215,0.96803463430185,0.15917607810424445,0.01240250002592802,-1
91,23,autoreg_rl_pure,-0.23202666743793726,0.23202666743793726,1,2.318614212548466,30.824707464550073,1.4081069445574386e-06,621.2037845567596,0.949191377818698,0.10052082223969708,0.027250599930994213,16
91,23,random,-100.0,4.645979825738157e+16,0,107.97407825135113,3.578795769512067e+18,0.13396036082376286,28790.87059895806,0.949191377818698,4.655186551289116,0.02361539995763451,-1
91,23,latency_greedy,-528.2936741243528,528.2936741243528,1,6.352836483083488,40676.30951433942,0.024496877748239238,1696.7998837441332,0.9409196712389429,0.2733696381885201,9.009998757392168e-05,-1
91,23,block_balanced,-988.1571572461913,988.1571572461913,1,8.523188633718275,76082.85075946116,0.02663164743010747,2275.466795549361,0.67799384129907,0.3673930038715508,7.389998063445091e-05,-1
91,23,pdp_aware_greedy,-45.64688348782554,45.64688348782554,1,3.7160863141569167,3518.36397398582,0.01615232320935767,993.8093739187831,0.949191377818698,0.16078158381740387,0.0002986000617966056,-1
91,23,local_search,-45.64688348782554,45.64688348782554,1,3.7160863141569167,3518.36397398582,0.01615232320935767,993.8093739187831,0.949191377818698,0.16078158381740387,0.013227100018411875,-1
91,23,beam_search,-0.22369009248546226,0.22369009248546226,1,2.235517071529002,30.822638374673602,1.1792580311324412e-06,599.0495227466097,0.949191377818698,0.09694212526305519,0.031363399932160974,-1
91,23,simulated_annealing,-45.64688348782554,45.64688348782554,1,3.7160863141569167,3518.36397398582,0.01615232320935767,993.8093739187831,0.949191377818698,0.16078158381740387,0.006574500002898276,-1
91,23,block_beam_strong,-0.22369009248546226,0.22369009248546226,1,2.235517071529002,30.822638374673602,1.1792580311324412e-06,599.0495227466097,0.949191377818698,0.09694212526305519,0.3459846000187099,-1
91,23,block_lns_strong,-0.22369009248546226,0.22369009248546226,1,2.235517071529002,30.822638374673602,1.1792580311324412e-06,599.0495227466097,0.949191377818698,0.09694212526305519,0.07249880000017583,-1
91,23,hybrid_heuristic,-0.22369009248546226,0.22369009248546226,1,2.235517071529002,30.822638374673602,1.1792580311324412e-06,599.0495227466097,0.949191377818698,0.09694212526305519,0.012901599984616041,-1
91,24,autoreg_rl_pure,-0.3508068275652046,0.3508068275652046,1,3.4740548383073904,31.07398388547704,2.8867185718679994e-05,1032.6542997544561,0.979896062268518,0.1783285939501936,0.0258349000941962,16
91,24,random,-100.0,1122204582.0944648,0,82.33789922939451,86443358204.9209,0.07416688058599348,24406.24639508156,0.9181214355973314,4.218458178185576,0.02427020005416125,-1
91,24,latency_greedy,-1301.4580205864866,1301.4580205864866,1,5.044433193368915,100243.19630408898,0.027571827066062843,1497.9626312483388,0.979896062268518,0.26013219004256644,6.519991438835859e-05,-1
91,24,block_balanced,-3361.1748862418303,3361.1748862418303,1,6.726329595454972,258890.1204253336,0.03080650194472076,1996.5086223044304,0.6682495813781802,0.3459306865167348,7.27999722585082e-05,-1
91,24,pdp_aware_greedy,-0.4197232662834398,0.4197232662834398,1,1.7000327541439435,50.04789607152733,0.0016537296587806813,506.7745631613513,0.979896062268518,0.0882415338590011,0.00031340005807578564,-1
91,24,local_search,-0.4197232662834398,0.4197232662834398,1,1.7000327541439435,50.04789607152733,0.0016537296587806813,506.7745631613513,0.979896062268518,0.0882415338590011,0.01165130001027137,-1
91,24,beam_search,-0.3384479276042021,0.3384479276042021,1,3.3625733110594824,30.98072009076793,1.861957586082627e-05,999.578068912504,0.979896062268518,0.172204154080097,0.03356839995831251,-1
91,24,simulated_annealing,-0.4197232662834398,0.4197232662834398,1,1.7000327541439435,50.04789607152733,0.0016537296587806813,506.7745631613513,0.979896062268518,0.0882415338590011,0.006400599959306419,-1
91,24,block_beam_strong,-0.34416537265724545,0.34416537265724545,1,3.419295480533719,30.984204009319583,1.9002935117020996e-05,1016.3985895829294,0.954642259111686,0.17540682653972106,0.3642524000024423,-1
91,24,block_lns_strong,-0.3380816931133208,0.3380816931133208,1,3.3521663886901516,31.032673534795236,2.4331899799469967e-05,996.4897551548988,0.979896062268518,0.17167405228356714,0.06394240004010499,-1
91,24,hybrid_heuristic,-0.3380816931133208,0.3380816931133208,1,3.3521663886901516,31.032673534795236,2.4331899799469967e-05,996.4897551548988,0.979896062268518,0.17167405228356714,0.011991600040346384,-1
91,25,autoreg_rl_pure,-0.4011531476876079,0.4011531476876079,1,2.554866660236573,42.03265983474679,0.0010587079968651441,694.8052467952798,0.9926633249028668,0.1395139529969703,0.028713100007735193,16
91,25,random,-100.0,224202129891858.28,0,117.38756676371153,1.727027804829211e+16,0.11577632919789703,31793.5189941753,0.9675068605248445,6.363811255392903,0.025329200085252523,-1
91,25,latency_greedy,-4.063088800768644,4.063088800768644,1,3.631443122371251,315.8185041937775,0.007934134691657761,986.3550645749875,0.9926633249028668,0.19787821918342932,6.400002166628838e-05,-1
91,25,block_balanced,-2.9278895935628304,2.9278895935628304,1,4.774862331904798,219.56641806731923,0.006694842431005196,1296.0566658676175,0.7540557229598828,0.25980276443267963,6.600003689527512e-05,-1
91,25,pdp_aware_greedy,-1.4343058461563718,1.4343058461563718,1,2.753916764011577,120.08307493814777,0.0046374825015862865,748.7793205512378,0.9993105961910308,0.15007174645316163,0.0006133000133559108,-1
91,25,local_search,-1.4343058461563718,1.4343058461563718,1,2.753916764011577,120.08307493814777,0.0046374825015862865,748.7793205512378,0.9993105961910308,0.15007174645316163,0.012883199960924685,-1
91,25,beam_search,-1.4054202228180404,1.4054202228180404,1,2.7057736619074797,118.22886297813093,0.004584429956181303,735.7340606504363,0.9993105961910308,0.14638596369225831,0.03188240004237741,-1
91,25,simulated_annealing,-1.4343058461563718,1.4343058461563718,1,2.753916764011577,120.08307493814777,0.0046374825015862865,748.7793205512378,0.9993105961910308,0.15007174645316163,0.0068978999042883515,-1
91,25,block_beam_strong,-0.408154420287516,0.408154420287516,1,2.6399058185317785,41.9169113073117,0.0010493068432329538,717.8405251111737,0.9675068605248445,0.14399984873830557,0.2888435000786558,-1
91,25,block_lns_strong,-0.40157541451188106,0.40157541451188106,1,2.5741454373195936,41.916682709051074,0.0010492882506932125,700.0397486052517,0.9993105961910308,0.14031897415142303,0.07115380000323057,-1
91,25,hybrid_heuristic,-0.40157541451188106,0.40157541451188106,1,2.5741454373195936,41.916682709051074,0.0010492882506932125,700.0397486052517,0.9993105961910308,0.14031897415142303,0.01271799998357892,-1
91,26,autoreg_rl_pure,-0.21327204259659405,0.21327204259659405,1,2.132720425965906,30.811978559924093,2.926598212287243e-17,590.299691585393,0.9615717128189389,0.12489704495047342,0.028644800069741905,16
91,26,random,-100.0,88671004.16456981,0,84.65586790457822,6830322076.7223835,0.06551390220179731,23316.111106628163,0.9908416777774918,4.915117811552456,0.025180700002238154,-1
91,26,latency_greedy,-97530.4337917794,97530.4337917794,1,11.726493133520355,7512704.57019575,0.042288544327010104,3232.269077665288,0.9908416777774918,0.6863031408772152,6.330001633614302e-05,-1
91,26,block_balanced,-27530.079664426434,27530.079664426434,1,13.352204343669282,2120568.520953324,0.037976194732158366,3679.995362144223,0.7567328828846386,0.7800722429343978,6.719992961734533e-05,-1
91,26,pdp_aware_greedy,-0.2432573778500502,0.2432573778500502,1,2.420847070273984,30.902309330537314,9.9800837379518e-06,669.6449315227197,0.9520743386139304,0.14163436393028156,0.0003279000520706177,-1
91,26,local_search,-0.2432573778500502,0.2432573778500502,1,2.420847070273984,30.902309330537314,9.9800837379518e-06,669.6449315227197,0.9520743386139304,0.14163436393028156,0.012385500012896955,-1
91,26,beam_search,-0.21327204259659405,0.21327204259659405,1,2.132720425965906,30.811978559924093,2.926598212287243e-17,590.299691585393,0.9615717128189389,0.12489704495047342,0.03128400002606213,-1
91,26,simulated_annealing,-0.2382103395407821,0.2382103395407821,1,2.370134877876122,30.90417198631902,1.0185569846340235e-05,655.6838927721362,0.9520743386139304,0.13868864888388666,0.006829200079664588,-1
91,26,block_beam_strong,-0.21327204259659405,0.21327204259659405,1,2.132720425965906,30.811978559924093,2.926598212287243e-17,590.299691585393,0.9615717128189389,0.12489704495047342,0.25259069993626326,-1
91,26,block_lns_strong,-0.21327204259659405,0.21327204259659405,1,2.132720425965906,30.811978559924093,2.926598212287243e-17,590.299691585393,0.9615717128189389,0.12489704495047342,0.06885240005794913,-1
91,26,hybrid_heuristic,-0.21327204259659405,0.21327204259659405,1,2.132720425965906,30.811978559924093,2.926598212287243e-17,590.299691585393,0.9615717128189389,0.12489704495047342,0.01469569990877062,-1
91,27,autoreg_rl_pure,-0.30606111950832854,0.30606111950832854,1,2.7747966613563744,33.01360638125088,0.0002352910038748093,783.9164711546023,0.9467584349152895,0.18159545267418042,0.029784200014546514,16
91,27,random,-100.0,7.947425452766228e+22,0,183.53470198892944,6.121897566430647e+24,0.18289057239269413,51651.28178297772,0.9004137719405505,11.95688236016864,0.02639810007531196,-1
91,27,latency_greedy,-45583.396944133856,45583.396944133856,1,7.242206639567478,3511261.6486275075,0.03969542983872863,2041.0376497998864,0.9467584349152895,0.47352456106092233,6.509991362690926e-05,-1
91,27,block_balanced,-100.0,51604296.767236255,0,19.550297088648872,3975076094.196219,0.06366840102006248,5504.698620741985,0.7717832330919003,1.2750049911224106,7.290008943527937e-05,-1
91,27,pdp_aware_greedy,-8.811561017325786,8.811561017325786,1,3.716057413888642,680.9412810821348,0.01055346011468144,1048.819377763726,0.9124394559943736,0.242836286994834,0.00028929999098181725,-1
91,27,local_search,-5.969049406896072,5.969049406896072,1,3.479358276039548,463.80605628003735,0.009244290362704228,982.1974582535917,0.9124394559943736,0.2274294683310258,0.01814509998075664,-1
91,27,beam_search,-0.30037359927319635,0.30037359927319635,1,2.729412544203794,32.92509061355741,0.0002261379836427311,771.1693034045798,0.9124394559943736,0.17862392517905396,0.031733699957840145,-1
91,27,simulated_annealing,-5.969049406896072,5.969049406896072,1,3.479358276039548,463.80605628003735,0.009244290362704228,982.1974582535917,0.9124394559943736,0.2274294683310258,0.006105900043621659,-1
91,27,block_beam_strong,-0.31804667378215784,0.31804667378215784,1,2.892084494135605,33.03338543730256,0.00023733291301984472,816.9215802305529,0.9467584349152895,0.1892350378361571,0.26402349991258234,-1
91,27,block_lns_strong,-0.30037359927319635,0.30037359927319635,1,2.729412544203794,32.92509061355741,0.0002261379836427311,771.1693034045798,0.9124394559943736,0.17862392517905396,0.06966570008080453,-1
91,27,hybrid_heuristic,-0.30037359927319635,0.30037359927319635,1,2.729412544203794,32.92509061355741,0.0002261379836427311,771.1693034045798,0.9124394559943736,0.17862392517905396,0.013499900000169873,-1
91,28,autoreg_rl_pure,-0.7451744147675032,0.7451744147675032,1,3.3512781561422793,62.39784611412482,0.0024056321393645668,835.7678176102015,0.9893850806568494,0.1443500641363954,0.025716600008308887,16
91,28,random,-100.0,2.228000981055632e+22,0,132.4831619540389,1.7162279614943848e+24,0.17855493118983506,32924.54412857829,0.9893850806568494,5.683747612296332,0.027013599989004433,-1
91,28,latency_greedy,-965106252.7436773,965106252.7436773,1,14.513945633118501,74342082837.97766,0.07365272997263118,3609.62846033394,0.9893850806568494,0.6233352769303403,6.799993570894003e-05,-1
91,28,block_balanced,-74894969.28379887,74894969.28379887,1,13.382539973959185,5769155397.272755,0.0649382700867535,3328.506963199381,0.8244875672140412,0.5745292371846674,7.319997530430555e-05,-1
91,28,pdp_aware_greedy,-22.841566869943698,22.841566869943698,1,5.536256499052389,1747.6508961015923,0.013766817921393783,1378.7504724263024,0.9893850806568494,0.23783389272234215,0.00040980009362101555,-1
91,28,local_search,-13.908259650682947,13.908259650682947,1,5.158195495636466,1062.4309217118036,0.012070009483601433,1284.792639079341,0.9759301617803812,0.2215184515907786,0.019423199933953583,-1
91,28,beam_search,-10.39004567763118,10.39004567763118,1,6.336179308932961,782.3490849447578,0.011026743712200934,1577.4956624255994,0.9759301617803812,0.2720539368259027,0.030253599979914725,-1
91,28,simulated_annealing,-13.908259650682947,13.908259650682947,1,5.158195495636466,1062.4309217118036,0.012070009483601433,1284.792639079341,0.9759301617803812,0.2215184515907786,0.006792700034566224,-1
91,28,block_beam_strong,-0.8275952705956098,0.8275952705956098,1,4.2319294830592815,61.963067769856515,0.0023817941483962298,1054.6199115998936,0.9893850806568494,0.18184261003780627,0.25208330003079027,-1
91,28,block_lns_strong,-0.8109526104719864,0.8109526104719864,1,4.096739375593282,61.7224532257726,0.002368529753523616,1021.0168421539124,0.9893850806568494,0.17610923901664138,0.08342060004360974,-1
91,28,hybrid_heuristic,-0.8109526104719864,0.8109526104719864,1,4.096739375593282,61.7224532257726,0.002368529753523616,1021.0168421539124,0.9893850806568494,0.17610923901664138,0.013400200055912137,-1
91,29,autoreg_rl_pure,-0.630484448864302,0.630484448864302,1,3.1473729681620473,55.13396475808128,0.0019836917797096502,985.0847848639432,0.9779055175717659,0.14937903779346412,0.026839399943128228,16
91,29,random,-100.0,1.7505647544622115e+19,0,173.02534315650382,1.3484590920561994e+21,0.1541827487747223,53997.61007954721,0.9779055175717659,8.227077144607927,0.024192900047637522,-1
91,29,latency_greedy,-205011.37594964574,205011.37594964574,1,7.639416230468621,15791987.266348703,0.04482127157274423,2386.8530443866307,0.9544168599163857,0.36320611491315213,7.870001718401909e-05,-1
91,29,block_balanced,-2162604.6893563746,2162604.6893563746,1,11.299104043991225,166585267.080139,0.052853388525464305,3528.93949949304,0.7662346958402001,0.5385133070691929,7.129996083676815e-05,-1
91,29,pdp_aware_greedy,-6.030512010904844,6.030512010904844,1,3.771283005713823,466.2918227444669,0.009262513224717755,1179.7868440002933,0.9779055175717659,0.17899074318140018,0.00038490002043545246,-1
91,29,local_search,-0.7234250188963314,0.7234250188963314,1,4.768730362672434,49.803864566609256,0.0016370658252716384,1491.0446637822106,0.9544168599163857,0.22633108953988101,0.018410799908451736,-1
91,29,beam_search,-2.785281973981226,2.785281973981226,1,3.543567976737431,218.0660145928368,0.0066714656803249376,1108.7010463505424,0.9194816350082401,0.16902034266425217,0.0331607999978587,-1
91,29,simulated_annealing,-0.7234250188963314,0.7234250188963314,1,4.768730362672434,49.803864566609256,0.0016370658252716384,1491.0446637822106,0.9544168599163857,0.22633108953988101,0.007253300049342215,-1
91,29,block_beam_strong,-0.6493703804878839,0.6493703804878839,1,3.2555133200280792,55.75574250796656,0.0020219242512067312,1018.8345944046534,0.9779055175717659,0.15451154095460928,0.30460709996987134,-1
91,29,block_lns_strong,-0.6225846597508529,0.6225846597508529,1,3.1332572709018662,54.634177566437266,0.0019526464918777039,980.6831360781098,0.9779055175717659,0.14870908564739196,0.07153529999777675,-1
91,29,hybrid_heuristic,-0.6225846597508529,0.6225846597508529,1,3.1332572709018662,54.634177566437266,0.0019526464918777039,980.6831360781098,0.9779055175717659,0.14870908564739196,0.01232249999884516,-1
91,30,autoreg_rl_pure,-0.21084021788406038,0.21084021788406038,1,2.108402178805984,30.8119785601905,2.950647166072846e-14,573.1375000389278,0.9722732067856956,0.12347857007739596,0.02457540004979819,16
91,30,random,-100.0,4270017.759130262,0,63.19643798950859,328918783.12219447,0.055172686959545705,17092.361947121633,0.9620035869748346,3.6684593234718377,0.026228199945762753,-1
91,30,latency_greedy,-5585.229389353372,5585.229389353372,1,6.359180117841133,430211.7477407289,0.03253795090411188,1722.5457278552838,0.9722732067856956,0.3678515270650043,6.390002090483904e-05,-1
91,30,block_balanced,-41164.36926743587,41164.36926743587,1,8.238314322558587,3170856.5105400435,0.03934778006695018,2230.76726949771,0.7429142295650137,0.4774665604683135,7.149996235966682e-05,-1
91,30,pdp_aware_greedy,-0.21084021788406038,0.21084021788406038,1,2.108402178805984,30.8119785601905,2.950647166072846e-14,573.1375000389278,0.9722732067856956,0.12347857007739596,0.00030800001695752144,-1
91,30,local_search,-0.21084021788406038,0.21084021788406038,1,2.108402178805984,30.8119785601905,2.950647166072846e-14,573.1375000389278,0.9722732067856956,0.12347857007739596,0.013478999957442284,-1
91,30,beam_search,-0.21029262918207636,0.21029262918207636,1,2.102926291786144,30.8119785601905,2.950653736847106e-14,571.6482250835821,0.9722732067856956,0.12288429167601612,0.03259550000075251,-1
91,30,simulated_annealing,-0.21084021788406038,0.21084021788406038,1,2.108402178805984,30.8119785601905,2.950647166072846e-14,573.1375000389278,0.9722732067856956,0.12347857007739596,0.007338099996559322,-1
91,30,block_beam_strong,-0.20916982779168788,0.20916982779168788,1,2.0916982778822595,30.8119785601905,2.950653736847106e-14,568.6338852396472,0.9722732067856956,0.12250643595002965,0.2981784000294283,-1
91,30,block_lns_strong,-0.20916982779168788,0.20916982779168788,1,2.0916982778822595,30.8119785601905,2.950653736847106e-14,568.6338852396472,0.9722732067856956,0.12250643595002965,0.06696969992481172,-1
91,30,hybrid_heuristic,-0.20916982779168788,0.20916982779168788,1,2.0916982778822595,30.8119785601905,2.950653736847106e-14,568.6338852396472,0.9722732067856956,0.12250643595002965,0.01233600010164082,-1
91,31,autoreg_rl_pure,-0.3662883642918977,0.3662883642918977,1,2.645741653272699,38.64701785426867,0.0007724116009540084,767.3610933928719,0.9865448873623441,0.16867786057583153,0.027674400014802814,15
91,31,random,-100.0,2163793.357419991,0,60.971323588960836,166676447.49252564,0.05285525404594172,17617.488357230566,0.9865448873623441,3.868679601195216,0.027530799969099462,-1
91,31,latency_greedy,-898394.2799310299,898394.2799310299,1,11.29773220997186,69203207.01459065,0.049858532696507404,3266.8747484974674,0.9865448873623441,0.7176396322336018,6.820005364716053e-05,-1
91,31,block_balanced,-1134383.4693808116,1134383.4693808116,1,12.077949681607468,87381435.61883081,0.0506536822405657,3492.289191586292,0.8221207394686201,0.7668683657157155,6.7099928855896e-05,-1
91,31,pdp_aware_greedy,-0.8686617583941171,0.8686617583941171,1,2.9969046342365773,74.63980691452855,0.003016369156643342,868.7932675270729,0.9819173501850161,0.19039529781324774,0.0002960000419989228,-1
91,31,local_search,-0.8686617583941171,0.8686617583941171,1,2.9969046342365773,74.63980691452855,0.003016369156643342,868.7932675270729,0.9819173501850161,0.19039529781324774,0.013281699968501925,-1
91,31,beam_search,-0.34686514069824603,0.34686514069824603,1,2.6855483945933334,36.84421686691021,0.0006095503672949197,778.8611833936063,0.9865448873623441,0.17119057671652874,0.029712900053709745,-1
91,31,simulated_annealing,-0.8686617583941171,0.8686617583941171,1,2.9969046342365773,74.63980691452855,0.003016369156643342,868.7932675270729,0.9819173501850161,0.19039529781324774,0.006885499926283956,-1
91,31,block_beam_strong,-0.34686514069824603,0.34686514069824603,1,2.6855483945933334,36.84421686691021,0.0006095503672949197,778.8611833936063,0.9865448873623441,0.17119057671652874,0.3696781999897212,-1
91,31,block_lns_strong,-0.34686514069824603,0.34686514069824603,1,2.6855483945933334,36.84421686691021,0.0006095503672949197,778.8611833936063,0.9865448873623441,0.17119057671652874,0.06897280004341155,-1
91,31,hybrid_heuristic,-0.34686514069824603,0.34686514069824603,1,2.6855483945933334,36.84421686691021,0.0006095503672949197,778.8611833936063,0.9865448873623441,0.17119057671652874,0.01377139997202903,-1
91,32,autoreg_rl_pure,-0.4744290581098656,0.4744290581098656,1,2.5847407743256823,47.44697914626795,0.0014717882160628802,763.5235116631649,0.9902339275925711,0.1770271222494933,0.02679779997561127,16
91,32,random,-100.0,13032647.346854756,0,78.53702062971733,1003903552.4175717,0.058976822275767865,23112.038491513733,0.9902339275925711,5.333648007382297,0.027651699958369136,-1
91,32,latency_greedy,-26.497940372736778,26.497940372736778,1,6.0595517256186975,2025.2702107140594,0.014269439909684526,1785.9204177762454,0.9902339275925711,0.4131873050882685,6.590003613382578e-05,-1
91,32,block_balanced,-22.335331161835047,22.335331161835047,1,5.849426685258833,1706.2432383745634,0.013685070072570773,1724.1392789769366,0.825194939660476,0.39842339888582134,7.27999722585082e-05,-1
91,32,pdp_aware_greedy,-0.4744290581098656,0.4744290581098656,1,2.5847407743256823,47.44697914626795,0.0014717882160628802,763.5235116631649,0.9902339275925711,0.1770271222494933,0.00038540002424269915,-1
91,32,local_search,-0.4681362222041226,0.4681362222041226,1,2.521812415274672,47.4469791462185,0.0014717882160593275,745.0017848676573,0.9559141346014898,0.17275013109066814,0.019486899953335524,-1
91,32,beam_search,-0.5804643720658291,0.5804643720658291,1,2.4933469451175236,56.31887987330058,0.002056184822248794,736.6331187129676,0.9902339275925711,0.16999458000483997,0.028342199977487326,-1
91,32,simulated_annealing,-0.4681362222041226,0.4681362222041226,1,2.521812415274672,47.4469791462185,0.0014717882160593275,745.0017848676573,0.9559141346014898,0.17275013109066814,0.0071075999876484275,-1
91,32,block_beam_strong,-0.4681362222041226,0.4681362222041226,1,2.521812415274672,47.4469791462185,0.0014717882160593275,745.0017848676573,0.9559141346014898,0.17275013109066814,0.27814830001443624,-1
91,32,block_lns_strong,-0.4681362222041226,0.4681362222041226,1,2.521812415274672,47.4469791462185,0.0014717882160593275,745.0017848676573,0.9559141346014898,0.17275013109066814,0.06688030005898327,-1
91,32,hybrid_heuristic,-0.4681362222041226,0.4681362222041226,1,2.521812415274672,47.4469791462185,0.0014717882160593275,745.0017848676573,0.9559141346014898,0.17275013109066814,0.014276499976404011,-1
91,33,autoreg_rl_pure,-0.16327589069149107,0.16327589069149107,1,1.6289554653157141,30.84127645017592,3.2401435558608182e-06,452.44647200498173,0.9624183467657179,0.08498491279240002,0.02862770005594939,16
91,33,random,-100.0,140522257876925.58,0,123.6846727397869,1.0824421992238872e+16,0.11418360677208987,34129.524878016025,0.98909333983817,6.351084029166747,0.024258499965071678,-1
91,33,latency_greedy,-285680.1535197512,285680.1535197512,1,9.657385522333295,22005883.33430545,0.04595247222515549,2667.5759876632937,0.98909333983817,0.4944749906562482,6.3000014051795e-05,-1
91,33,block_balanced,-214531.2413339451,214531.2413339451,1,12.418795040299571,16525265.17110533,0.04497600801136576,3429.5343789862964,0.6736928427360025,0.6382525371581979,6.839993875473738e-05,-1
91,33,pdp_aware_greedy,-0.512886551620172,0.512886551620172,1,2.92978820685603,47.75145928671743,0.001493596149331957,811.3856392369543,0.974333604575595,0.1522648757502391,0.00031130004208534956,-1
91,33,local_search,-0.41096158818919803,0.41096158818919803,1,2.9093562906330206,40.05757175797733,0.000894625335651524,805.7418068935712,0.9624183467657179,0.15121825846880121,0.019252800033427775,-1
91,33,beam_search,-0.16327589069149107,0.16327589069149107,1,1.6289554653157141,30.84127645017592,3.2401435558608182e-06,452.44647200498173,0.9624183467657179,0.08498491279240002,0.03473429998848587,-1
91,33,simulated_annealing,-0.41096158818919803,0.41096158818919803,1,2.9093562906330206,40.05757175797733,0.000894625335651524,805.7418068935712,0.9624183467657179,0.15121825846880121,0.006910700001753867,-1
91,33,block_beam_strong,-0.1711294957754627,0.1711294957754627,1,1.7075194380912264,30.84106136765414,3.2163681370288586e-06,474.12080996156317,0.9476094487968523,0.08883709090956261,0.270522499922663,-1
91,33,block_lns_strong,-0.16327589069149107,0.16327589069149107,1,1.6289554653157141,30.84127645017592,3.2401435558608182e-06,452.44647200498173,0.9624183467657179,0.08498491279240002,0.049332600086927414,-1
91,33,hybrid_heuristic,-0.16327589069149107,0.16327589069149107,1,1.6289554653157141,30.84127645017592,3.2401435558608182e-06,452.44647200498173,0.9624183467657179,0.08498491279240002,0.012597299995832145,-1
91,34,autoreg_rl_pure,-0.5064669893721648,0.5064669893721648,1,4.27385112062996,36.90365133024542,0.0006150454325075478,1067.1111262357786,0.9826808009422291,0.2894822295552504,0.028469599899835885,16
91,34,random,-100.0,102708518595.04555,0,124.28956293881862,7911631681253.612,0.08956492296920476,30948.05222821899,0.9231990451283084,8.396682002043974,0.02480380004271865,-1
91,34,latency_greedy,-1311.9481564210291,1311.9481564210291,1,5.629972565014658,101046.74049850923,0.02759904617433487,1404.7468112243755,0.9826808009422291,0.3821273578975835,6.399990525096655e-05,-1
91,34,block_balanced,-1601.6494243132008,1601.6494243132008,1,8.101153028039707,123343.37814633898,0.028278805256091895,2020.0706953680474,0.8080606765507049,0.548392590163554,7.409998215734959e-05,-1
91,34,pdp_aware_greedy,-10.406019714636216,10.406019714636216,1,3.9872060965153584,801.6736922237559,0.0111099305630469,995.8035613024401,0.9605165124894702,0.2701372766906505,0.00029640004504472017,-1
91,34,local_search,-0.6715745435344866,0.6715745435344866,1,4.628702212690328,46.888461317440324,0.0014314189256203363,1155.5221643660902,0.9605165124894702,0.3133748008553044,0.018883900018408895,-1
91,34,beam_search,-0.4922981384483076,0.4922981384483076,1,4.132162613324409,36.90365131535537,0.0006150454311319843,1031.8342722926282,0.9826808009422291,0.2798828404179263,0.030267199967056513,-1
91,34,simulated_annealing,-0.6715745435344866,0.6715745435344866,1,4.628702212690328,46.888461317440324,0.0014314189256203363,1155.5221643660902,0.9605165124894702,0.3133748008553044,0.007035500020720065,-1
91,34,block_beam_strong,-0.5047790560274248,0.5047790560274248,1,3.2135549017245086,44.9410860061944,0.0012868029694316839,803.2072451376946,0.8678337518578161,0.21789647936725767,0.35914860002230853,-1
91,34,block_lns_strong,-0.4922981384483076,0.4922981384483076,1,4.132162613324409,36.90365131535537,0.0006150454311319843,1031.8342722926282,0.9826808009422291,0.2798828404179263,0.08092459989711642,-1
91,34,hybrid_heuristic,-0.4922981384483076,0.4922981384483076,1,4.132162613324409,36.90365131535537,0.0006150454311319843,1031.8342722926282,0.9826808009422291,0.2798828404179263,0.012896300060674548,-1
91,35,autoreg_rl_pure,-0.26294028929586244,0.26294028929586244,1,2.5703696076780393,31.26671164002064,4.994656818393908e-05,560.9695449642531,0.9888020564526618,0.1283968925163685,0.02558320004027337,16
91,35,random,-100.0,805.8912207772005,0,95.1094018999804,61375.94230605743,0.025899332026770878,20646.276177545496,0.9888020564526618,4.711580230474955,0.02600919990800321,-1
91,35,latency_greedy,-1439.1310573004407,1439.1310573004407,1,6.01140240299144,110840.69438422512,0.027914435007359656,1307.8031016860484,0.9699854659856495,0.29765726744672955,6.330001633614302e-05,-1
91,35,block_balanced,-1923.3782280431221,1923.3782280431221,1,8.62042649148092,148122.13069222408,0.028902912416648507,1874.1104255739472,0.8033383096830768,0.4257988165936798,6.720004603266716e-05,-1
91,35,pdp_aware_greedy,-0.2863884382205629,0.2863884382205629,1,2.84594066086635,30.95019894922161,1.525928272141239e-05,620.7964029617848,0.9888020564526618,0.14203453525878884,0.001225199899636209,-1
91,35,local_search,-0.2796757127829809,0.2796757127829809,1,2.779211727823766,30.9471306821267,1.4921291724734886e-05,606.3092953924526,0.9742388640461004,0.13852988082757875,0.01807250001002103,-1
91,35,beam_search,-0.27369757193315253,0.27369757193315253,1,2.7107108486620954,31.014296717910234,2.2312447484256195e-05,591.4413828793327,0.9742388640461004,0.13514275443937346,0.029279900016263127,-1
91,35,simulated_annealing,-0.2796757127829809,0.2796757127829809,1,2.779211727823766,30.9471306821267,1.4921291724734886e-05,606.3092953924526,0.9742388640461004,0.13852988082757875,0.006300400011241436,-1
91,35,block_beam_strong,-0.27717135779215096,0.27717135779215096,1,2.7432263883033356,31.03141522886074,2.4193661066845562e-05,598.4976703494837,0.9888020564526618,0.13698339122923073,0.2523251000093296,-1
91,35,block_lns_strong,-0.27369757193315253,0.27369757193315253,1,2.7107108486620954,31.014296717910234,2.2312447484256195e-05,591.4413828793327,0.9742388640461004,0.13514275443937346,0.06644570000935346,-1
91,35,hybrid_heuristic,-0.27369757193315253,0.27369757193315253,1,2.7107108486620954,31.014296717910234,2.2312447484256195e-05,591.4413828793327,0.9742388640461004,0.13514275443937346,0.013154399930499494,-1
91,36,autoreg_rl_pure,-0.2292336418525042,0.2292336418525042,1,2.2922542340352434,30.812611626608234,7.004534793822562e-08,599.6295073418761,0.941023020433939,0.11428601674436603,0.027374900062568486,16
91,36,random,-100.0,816419.6498379423,0,60.78471262396691,62888324.45443101,0.04953231661062375,15824.393954166968,0.9031923021941134,3.022485700414232,0.025254999985918403,-1
91,36,latency_greedy,-32.62911876474159,32.62911876474159,1,4.60136721809158,2508.7869410634457,0.01499933909616034,1200.576734519391,0.938245995873299,0.22817953635925306,6.35999022051692e-05,-1
91,36,block_balanced,-67.4539078572549,67.4539078572549,1,7.040585012620328,5172.549296647418,0.017466129367253436,1835.5428450763939,0.7353176270072844,0.3495587623116433,7.120007649064064e-05,-1
91,36,pdp_aware_greedy,-0.23443606567501915,0.23443606567501915,1,2.344278444076479,30.812611843708776,7.006936867323587e-08,613.1719664295423,0.9917381829109628,0.11698365290635279,0.00030949991196393967,-1
91,36,local_search,-0.2292336418525042,0.2292336418525042,1,2.2922542340352434,30.812611626608234,7.004534793822562e-08,599.6295073418761,0.941023020433939,0.11428601674436603,0.01865050010383129,-1
91,36,beam_search,-0.2292336418525042,0.2292336418525042,1,2.2922542340352434,30.812611626608234,7.004534793822562e-08,599.6295073418761,0.941023020433939,0.11428601674436603,0.029883399954997003,-1
91,36,simulated_annealing,-0.2292336418525042,0.2292336418525042,1,2.2922542340352434,30.812611626608234,7.004534793822562e-08,599.6295073418761,0.941023020433939,0.11428601674436603,0.007133199949748814,-1
91,36,block_beam_strong,-0.2292336418525042,0.2292336418525042,1,2.2922542340352434,30.812611626608234,7.004534793822562e-08,599.6295073418761,0.941023020433939,0.11428601674436603,0.3136637000134215,-1
91,36,block_lns_strong,-0.2292336418525042,0.2292336418525042,1,2.2922542340352434,30.812611626608234,7.004534793822562e-08,599.6295073418761,0.941023020433939,0.11428601674436603,0.07006719999480993,-1
91,36,hybrid_heuristic,-0.2292336418525042,0.2292336418525042,1,2.2922542340352434,30.812611626608234,7.004534793822562e-08,599.6295073418761,0.941023020433939,0.11428601674436603,0.013221199973486364,-1
91,37,autoreg_rl_pure,-0.21591882791032904,0.21591882791032904,1,2.1591882791020525,30.81197855993336,1.0553892903535928e-15,515.4796090781484,0.9804688957604256,0.10348109731790728,0.025777700007893145,16
91,37,random,-100.0,55.12371263833529,0,45.76783585903119,3924.4392141437506,0.016524702345427952,10864.767702866084,0.9110694004544515,2.202293471699896,0.027529099956154823,-1
91,37,latency_greedy,-0.47153921791397435,0.47153921791397435,1,3.6362521412083235,39.1245884878984,0.0008142818828968467,865.9735434277994,0.9804688957604256,0.1755247224274326,6.879994180053473e-05,-1
91,37,block_balanced,-0.4669684300029783,0.4669684300029783,1,3.6610507775618673,38.5814771771993,0.000766625082558543,871.877586025229,0.8404019106517935,0.17661769218500037,6.940006278455257e-05,-1
91,37,pdp_aware_greedy,-0.23903633663520021,0.23903633663520021,1,2.3903633489473965,30.81197869399141,1.4833993240387304e-11,570.2989001859755,0.9804688957604256,0.11566320243247889,0.0002891999902203679,-1
91,37,local_search,-0.23903633663520021,0.23903633663520021,1,2.3903633489473965,30.81197869399141,1.4833993240387304e-11,570.2989001859755,0.9804688957604256,0.11566320243247889,0.014063499984331429,-1
91,37,beam_search,-0.21536180929146567,0.21536180929146567,1,2.1536180779951146,30.81197867484898,1.2715966628188474e-11,514.1412087555641,0.9804688957604256,0.10427238592449632,0.029822799959219992,-1
91,37,simulated_annealing,-0.23903633663520021,0.23903633663520021,1,2.3903633489473965,30.81197869399141,1.4833993240387304e-11,570.2989001859755,0.9804688957604256,0.11566320243247889,0.006653700023889542,-1
91,37,block_beam_strong,-0.21536180929146567,0.21536180929146567,1,2.1536180779951146,30.81197867484898,1.2715966628188474e-11,514.1412087555641,0.9804688957604256,0.10427238592449632,0.30769240006338805,-1
91,37,block_lns_strong,-0.21536180929146567,0.21536180929146567,1,2.1536180779951146,30.81197867484898,1.2715966628188474e-11,514.1412087555641,0.9804688957604256,0.10427238592449632,0.06938870006706566,-1
91,37,hybrid_heuristic,-0.21536180929146567,0.21536180929146567,1,2.1536180779951146,30.81197867484898,1.2715966628188474e-11,514.1412087555641,0.9804688957604256,0.10427238592449632,0.013945400016382337,-1
91,38,autoreg_rl_pure,-0.24980057961736762,0.24980057961736762,1,2.4778361012954138,30.967345611461134,1.7147490406049733e-05,687.1198296870792,0.9794923086109061,0.16913194146974306,0.025118099991232157,16
91,38,random,-100.0,46052969.412018776,0,94.00931165363734,3547457072.01863,0.06328038895409657,25961.152317118827,0.9032045488415128,6.367040586516321,0.024596900097094476,-1
91,38,latency_greedy,-145083.10084512603,145083.10084512603,1,7.865184797988554,11175713.708120445,0.04364250388330382,2174.690136894259,0.9794923086109061,0.5337763065474178,6.180000491440296e-05,-1
91,38,block_balanced,-4951098.2064012,4951098.2064012,1,11.816680892852553,381382769.2474267,0.05567722514971118,3265.854431458467,0.7526704573679274,0.8008905084876594,6.620003841817379e-05,-1
91,38,pdp_aware_greedy,-0.9081134688822537,0.9081134688822537,1,2.9328971482787614,78.17181938006223,0.0031739948711358244,812.8027307121524,0.9794923086109061,0.20016177860658024,0.0003029999788850546,-1
91,38,local_search,-0.37119082104344164,0.37119082104344164,1,3.707429938836366,30.846474662039988,3.814708230553371e-06,1026.6689654890172,0.9794923086109061,0.2523460176749977,0.01856600004248321,-1
91,38,beam_search,-0.24436706894984983,0.24436706894984983,1,2.4242596824346094,30.961501443293596,1.6504042202117994e-05,672.3352653775056,0.9768204962619933,0.16532092977217167,0.03093150001950562,-1
91,38,simulated_annealing,-0.37119082104344164,0.37119082104344164,1,3.707429938836366,30.846474662039988,3.814708230553371e-06,1026.6689654890172,0.9794923086109061,0.2523460176749977,0.006987899891100824,-1
91,38,block_beam_strong,-0.25671279092846094,0.25671279092846094,1,2.5467599902610574,30.968872530989817,1.7315585619929414e-05,706.1810757765649,0.8889918175914168,0.17361471850523605,0.25934610003605485,-1
91,38,block_lns_strong,-0.24436706894984983,0.24436706894984983,1,2.4242596824346094,30.961501443293596,1.6504042202117994e-05,672.3352653775056,0.9768204962619933,0.16532092977217167,0.06415700004436076,-1
91,38,hybrid_heuristic,-0.24436706894984983,0.24436706894984983,1,2.4242596824346094,30.961501443293596,1.6504042202117994e-05,672.3352653775056,0.9768204962619933,0.16532092977217167,0.012914899969473481,-1
91,39,autoreg_rl_pure,-0.23638551975892208,0.23638551975892208,1,2.331097113512216,31.064313905985042,2.7806100935435558e-05,543.873379348884,0.9574186229501184,0.11806949097560898,0.02842589991632849,16
91,39,random,-100.0,641196.7302496532,0,88.60552379063498,49390698.04696766,0.048708656616698404,20566.362540424292,0.8988206636230761,4.506699400871948,0.024276499985717237,-1
91,39,latency_greedy,-855.2509786292203,855.2509786292203,1,3.8134252959893846,65881.37422613846,0.02614083312319425,887.8661325781561,0.9785559622900258,0.19231654615803437,6.170000415295362e-05,-1
91,39,block_balanced,-100.0,52428.918937177405,0,91.17530187147557,4037925.3046476813,0.040171886189274336,21162.737388074478,0.674115497717307,4.599119968382844,6.719992961734533e-05,-1
91,39,pdp_aware_greedy,-23.467216272695417,23.467216272695417,1,3.4195043585954146,1812.1499664527385,0.013890372591212658,796.511133256279,0.9785559622900258,0.17523595730783736,0.0003066000062972307,-1
91,39,local_search,-8.418891140320316,8.418891140320316,1,3.3693974556842963,653.3642613035277,0.010412518977626706,784.8739412497771,0.9785559622900258,0.1725117913089535,0.01750640000682324,-1
91,39,beam_search,-0.2299056546327956,0.2299056546327956,1,2.267563471959055,31.054569542983995,2.6736519888132472e-05,529.1535292901154,0.9785559622900258,0.11537429393639832,0.03253480000421405,-1
91,39,simulated_annealing,-8.418891140320316,8.418891140320316,1,3.3693974556842963,653.3642613035277,0.010412518977626706,784.8739412497771,0.9785559622900258,0.1725117913089535,0.0069070999743416905,-1
91,39,block_beam_strong,-0.2299056546327956,0.2299056546327956,1,2.267563471959055,31.054569542983995,2.6736519888132472e-05,529.1535292901154,0.9785559622900258,0.11537429393639832,0.3493925000075251,-1
91,39,block_lns_strong,-0.2299056546327956,0.2299056546327956,1,2.267563471959055,31.054569542983995,2.6736519888132472e-05,529.1535292901154,0.9785559622900258,0.11537429393639832,0.06934749998617917,-1
91,39,hybrid_heuristic,-0.2299056546327956,0.2299056546327956,1,2.267563471959055,31.054569542983995,2.6736519888132472e-05,529.1535292901154,0.9785559622900258,0.11537429393639832,0.011732700048014522,-1
91,40,autoreg_rl_pure,-0.24372879640659909,0.24372879640659909,1,2.4363191332500715,30.819441458505903,8.256371949424279e-07,636.3569861595311,0.9792592221807416,0.12955812299794955,0.027252199943177402,16
91,40,random,-100.0,1227560.4966636696,0,70.7699697357665,94558404.9318071,0.050922787742078035,18401.76027359413,0.8938735926551109,3.7794415676370807,0.02396909997332841,-1
91,40,latency_greedy,-11.76994010594264,11.76994010594264,1,3.7574640885069583,908.5061083159642,0.011536422706868823,979.778517717611,0.9792592221807416,0.20029604586023345,6.220000796020031e-05,-1
91,40,block_balanced,-430.0940606346485,430.0940606346485,1,7.124440011124472,33106.05489290479,0.02379482009726025,1855.185665115483,0.6854814555265191,0.38112490315997205,6.97999494150281e-05,-1
91,40,pdp_aware_greedy,-0.31180044923216865,0.31180044923216865,1,2.5642970682977486,35.077183879297884,0.00044199520618992916,669.5881366978895,0.9792592221807416,0.1377062518729032,0.00030610000248998404,-1
91,40,local_search,-0.31180044923216865,0.31180044923216865,1,2.5642970682977486,35.077183879297884,0.00044199520618992916,669.5881366978895,0.9792592221807416,0.1377062518729032,0.012848000042140484,-1
91,40,beam_search,-0.2917008767980207,0.2917008767980207,1,2.724177182691865,32.29735922781896,0.00016051227167647878,711.194333863741,0.9792592221807416,0.14486578448882276,0.028912299894727767,-1
91,40,simulated_annealing,-0.31180044923216865,0.31180044923216865,1,2.5642970682977486,35.077183879297884,0.00044199520618992916,669.5881366978895,0.9792592221807416,0.1377062518729032,0.00692950002849102,-1
91,40,block_beam_strong,-0.23312501593766974,0.23312501593766974,1,2.3301320955346547,30.820590999706237,9.527957442502632e-07,608.7404170297511,0.9792592221807416,0.12391132857542685,0.33167570002842695,-1
91,40,block_lns_strong,-0.23312501593766974,0.23312501593766974,1,2.3301320955346547,30.820590999706237,9.527957442502632e-07,608.7404170297511,0.9792592221807416,0.12391132857542685,0.07053279993124306,-1
91,40,hybrid_heuristic,-0.23312501593766974,0.23312501593766974,1,2.3301320955346547,30.820590999706237,9.527957442502632e-07,608.7404170297511,0.9792592221807416,0.12391132857542685,0.012850600061938167,-1
91,41,autoreg_rl_pure,-0.25442839762900016,0.25442839762900016,1,2.4938026800191997,31.200835714517105,4.2756114088573877e-05,739.9506307055539,0.9732455363271838,0.1471133895262863,0.027093200013041496,16
91,41,random,-100.0,6760881.0330321845,0,84.243000427753,520789685.4785561,0.05673934020466814,24897.62340088196,0.9732455363271838,4.94672513496281,0.02289260004181415,-1
91,41,latency_greedy,-41.35765706475404,41.35765706475404,1,4.323228834872128,3183.2882769372013,0.01581112463099791,1280.5443504901,0.9732455363271838,0.2541312502475031,6.189988926053047e-05,-1
91,41,block_balanced,-18785.894869889184,18785.894869889184,1,8.592778064604646,1447041.096755207,0.036673319136497975,2542.2975660936704,0.7058037897846956,0.5072793408836198,7.080007344484329e-05,-1
91,41,pdp_aware_greedy,-0.35610668346775054,0.35610668346775054,1,2.929249840201915,35.678861481818174,0.0004999774000716423,868.6626431366618,0.9314539449576718,0.1736112103523082,0.0003093000268563628,-1
91,41,local_search,-0.32853770350042255,0.32853770350042255,1,2.938040174673604,33.487512533318416,0.0002838818686040387,871.2682480976702,0.9119952681301087,0.1741257306357518,0.017262799898162484,-1
91,41,beam_search,-0.2689255640874457,0.2689255640874457,1,2.57704685343842,31.676322248102384,9.431903118592335e-05,764.5388032466265,0.9732455363271838,0.15248628876963943,0.03226500004529953,-1
91,41,simulated_annealing,-0.32853770350042255,0.32853770350042255,1,2.938040174673604,33.487512533318416,0.0002838818686040387,871.2682480976702,0.9119952681301087,0.1741257306357518,0.006818699999712408,-1
91,41,block_beam_strong,-0.2497031509728124,0.2497031509728124,1,2.46420824630078,31.064815982171343,2.7861201777219478e-05,731.1976863279347,0.9119952681301087,0.14537760957593557,0.3698115999577567,-1
91,41,block_lns_strong,-0.24817150482650135,0.24817150482650135,1,2.44889178483768,31.06481598217126,2.7861201777210266e-05,726.667815456561,0.9732455363271838,0.14447926473950704,0.07556710008066148,-1
91,41,hybrid_heuristic,-0.24817150482650135,0.24817150482650135,1,2.44889178483768,31.06481598217126,2.7861201777210266e-05,726.667815456561,0.9732455363271838,0.14447926473950704,0.011832600110210478,-1
91,42,autoreg_rl_pure,-0.3305131552794278,0.3305131552794278,1,2.7156904505774997,35.35244021088414,0.0004686434160852852,654.4270068901185,0.9608239109374245,0.15103959774429415,0.02938920003362,16
91,42,random,-100.0,15803.816680056401,0,95.29242277925624,1216663.9267338214,0.03608213391247815,22861.86012797397,0.9335706341454532,5.26602067951407,0.02296019997447729,-1
91,42,latency_greedy,-103.01925468703485,103.01925468703485,1,5.154314349515177,7926.675989443455,0.01892141286706447,1239.3608788170666,0.9335706341454532,0.28376419763655014,6.210000719875097e-05,-1
91,42,block_balanced,-52.032745569306975,52.032745569306975,1,6.3048232549855445,3990.325561059388,0.016581463514331693,1515.3770996395547,0.6863027935267317,0.3478842426161142,6.839993875473738e-05,-1
91,42,pdp_aware_greedy,-2.339381563041986,2.339381563041986,1,3.2629730934032635,185.87975072086326,0.006127021928243019,785.6932971495464,0.9608239109374245,0.1817479875470454,0.0003065000055357814,-1
91,42,local_search,-1.6454445039992822,1.6454445039992822,1,3.2326957787429427,132.65904225050383,0.004977034637321437,778.4275854736895,0.9452608930564335,0.1799065510235947,0.018769700080156326,-1
91,42,beam_search,-0.31046148938921647,0.31046148938921647,1,2.5118642162659515,35.377933852523626,0.00047110100830024794,605.5243657479338,0.9452608930564335,0.1396387317263966,0.02986490004695952,-1
91,42,simulated_annealing,-1.6454445039992822,1.6454445039992822,1,3.2326957787429427,132.65904225050383,0.004977034637321437,778.4275854736895,0.9452608930564335,0.1799065510235947,0.006570999976247549,-1
91,42,block_beam_strong,-0.3116852025512492,0.3116852025512492,1,2.5213178671189898,35.399374989954545,0.0004731665676130837,607.7819963641716,0.9452608930564335,0.1399942950067623,0.34896109998226166,-1
91,42,block_lns_strong,-0.31046148938921647,0.31046148938921647,1,2.5118642162659515,35.377933852523626,0.00047110100830024794,605.5243657479338,0.9452608930564335,0.1396387317263966,0.07265450002159923,-1
91,42,hybrid_heuristic,-0.31046148938921647,0.31046148938921647,1,2.5118642162659515,35.377933852523626,0.00047110100830024794,605.5243657479338,0.9452608930564335,0.1396387317263966,0.012549899984151125,-1
91,43,autoreg_rl_pure,-1.6559063706195332,1.6559063706195332,1,3.1942121430052985,133.76135851531777,0.005005246067190908,861.308743046771,0.9028804664860938,0.1462797652665457,0.027676100027747452,13
91,43,random,-100.0,6.433530284093192e+16,0,156.09930960832966,4.955744929452501e+18,0.1350701310504188,41947.61165380311,0.8941437647111807,7.111063516351738,0.02661539998371154,-1
91,43,latency_greedy,-100.0,599326.0779303638,0,43.5132091013942,46165751.28894609,0.048478453395572045,11695.192451868186,0.9497160035909173,1.9811138129347545,6.679992657154799e-05,-1
91,43,block_balanced,-100.0,12251.960667037696,0,39.865523986799275,943491.6015354585,0.035215238220158054,10715.062978771828,0.791430002992431,1.8150380862603328,6.910006050020456e-05,-1
91,43,pdp_aware_greedy,-8.521057900886223,8.521057900886223,1,3.513875899680672,660.1212447140649,0.010447595399187867,947.1993580593935,0.910910937865876,0.16083556810598096,0.0002937999088317156,-1
91,43,local_search,-5.783149931112393,5.783149931112393,1,3.3138562662033775,450.7610907193419,0.00914702892677256,893.4554070221016,0.910910937865876,0.15159744733362904,0.019537000101990998,-1
91,43,beam_search,-5.371807209686852,5.371807209686852,1,7.136165399092253,389.6321561729875,0.008650189730457733,1920.540337131115,0.9497160035909173,0.32555599777243194,0.027692100033164024,-1
91,43,simulated_annealing,-5.783149931112393,5.783149931112393,1,3.3138562662033775,450.7610907193419,0.00914702892677256,893.4554070221016,0.910910937865876,0.15159744733362904,0.007328500039875507,-1
91,43,block_beam_strong,-1.6559063706195332,1.6559063706195332,1,3.1942121430052985,133.76135851531777,0.005005246067190908,861.308743046771,0.9028804664860938,0.1462797652665457,0.30054630001541227,-1
91,43,block_lns_strong,-1.5203055857791727,1.5203055857791727,1,2.951786938602044,125.18343737740724,0.004779293292478023,796.1634656936977,0.910910937865876,0.13520978581296086,0.06591379991732538,-1
91,43,hybrid_heuristic,-1.5203055857791727,1.5203055857791727,1,2.951786938602044,125.18343737740724,0.004779293292478023,796.1634656936977,0.910910937865876,0.13520978581296086,0.013701700023375452,-1
91,44,autoreg_rl_pure,-0.2342948367019869,0.2342948367019869,1,2.342662350137426,30.81418174643623,2.4376426343938485e-07,697.9998064326945,0.9941391787932199,0.14489929934472348,0.027779800002463162,16
91,44,random,-100.0,164634331.25357237,0,90.91708936000519,12681773042.509298,0.06762350133594904,26972.3291240176,0.9941391787932199,5.57344800703117,0.02612519997637719,-1
91,44,latency_greedy,-8.431548526191222,8.431548526191222,1,3.64185350075931,652.2405316038819,0.010406650382985286,1083.2718126217567,0.9941391787932199,0.22291367372338833,6.399990525096655e-05,-1
91,44,block_balanced,-47.42801870803133,47.42801870803133,1,6.061868499568972,3637.4951769282934,0.016265847227119355,1801.1979504310143,0.7166389859835284,0.3720953523951345,7.579999510198832e-05,-1
91,44,pdp_aware_greedy,-14.944558584502722,14.944558584502722,1,3.956286833123903,1151.5152690232017,0.01234451607290771,1176.597653362587,0.9753924521517289,0.24455887857241365,0.0005180999869480729,-1
91,44,local_search,-8.376307888594829,8.376307888594829,1,3.551541372441095,648.681022091101,0.010387994147515579,1056.4858637192524,0.9941391787932199,0.2173857719829713,0.017986200051382184,-1
91,44,beam_search,-0.2342948367019869,0.2342948367019869,1,2.342662350137426,30.81418174643623,2.4376426343938485e-07,697.9998064326945,0.9941391787932199,0.14489929934472348,0.032912899972870946,-1
91,44,simulated_annealing,-8.376307888594829,8.376307888594829,1,3.551541372441095,648.681022091101,0.010387994147515579,1056.4858637192524,0.9941391787932199,0.2173857719829713,0.006862899987027049,-1
91,44,block_beam_strong,-0.2885614073874897,0.2885614073874897,1,2.742286919279027,31.91602686353954,0.00012002047179849022,816.5379580159371,0.9090155641943013,0.1696803222782457,0.2955214000539854,-1
91,44,block_lns_strong,-0.2342948367019869,0.2342948367019869,1,2.342662350137426,30.81418174643623,2.4376426343938485e-07,697.9998064326945,0.9941391787932199,0.14489929934472348,0.07245109998621047,-1
91,44,hybrid_heuristic,-0.2342948367019869,0.2342948367019869,1,2.342662350137426,30.81418174643623,2.4376426343938485e-07,697.9998064326945,0.9941391787932199,0.14489929934472348,0.01349429995752871,-1
91,45,autoreg_rl_pure,-0.488739549796069,0.488739549796069,1,3.2629556003776674,43.32503038397706,0.0011619511997764522,798.4830854740085,0.9346862273317454,0.2017283857371846,0.02784210001118481,16
91,45,random,-100.0,64808495823723.06,0,149.06491126068792,4992194959552552.0,0.11154511882493652,36342.788662675506,0.8345562063892316,9.226091494908186,0.023802199983038008,-1
91,45,latency_greedy,-28862611.88594233,28862611.88594233,1,10.714289155673416,2223285394.81251,0.06168745207419527,2614.9189510032497,0.9779682980602026,0.6677568796123583,6.210000719875097e-05,-1
91,45,block_balanced,-125693712.68548629,125693712.68548629,1,15.226574195233786,9682179864.47783,0.0667034278902051,3715.0007581880873,0.7302366805905776,0.946737398194338,7.309997454285622e-05,-1
91,45,pdp_aware_greedy,-2.0969373802934017,2.0969373802934017,1,3.6706671668610324,164.063823056197,0.005701400864315232,897.8641327339985,0.9779682980602026,0.2293277514010588,0.00031370006036013365,-1
91,45,local_search,-2.0527307780703197,2.0527307780703197,1,3.6610194693917,160.7329070183297,0.0056314728581758145,895.5176807300236,0.9779682980602026,0.22872674563584966,0.018496599979698658,-1
91,45,beam_search,-0.488739549796069,0.488739549796069,1,3.2629556003776674,43.32503038397706,0.0011619511997764522,798.4830854740085,0.9346862273317454,0.2017283857371846,0.031027899938635528,-1
91,45,simulated_annealing,-2.0527307780703197,2.0527307780703197,1,3.6610194693917,160.7329070183297,0.0056314728581758145,895.5176807300236,0.9779682980602026,0.22872674563584966,0.006977400043979287,-1
91,45,block_beam_strong,-0.5308611179257746,0.5308611179257746,1,3.4005755597377547,45.50956670997906,0.001329657192219869,832.024699212133,0.9388757321878854,0.21023657758745498,0.32045859994832426,-1
91,45,block_lns_strong,-0.488739549796069,0.488739549796069,1,3.2629556003776674,43.32503038397706,0.0011619511997764522,798.4830854740085,0.9346862273317454,0.2017283857371846,0.07067629997618496,-1
91,45,hybrid_heuristic,-0.488739549796069,0.488739549796069,1,3.2629556003776674,43.32503038397706,0.0011619511997764522,798.4830854740085,0.9346862273317454,0.2017283857371846,0.012372400029562414,-1
91,46,autoreg_rl_pure,-0.3133714791775218,0.3133714791775218,1,2.613375617132418,34.82014843316943,0.0004169215159077293,687.7349616814563,0.9917947737949249,0.16186760375365744,0.02638910000678152,16
91,46,random,-100.0,146034255.67035758,0,96.87940238404329,11249010171.374193,0.06721478592559652,25386.69384397386,0.9917947737949249,6.013186412748369,0.0235663999337703,-1
91,46,latency_greedy,-4446.598040476703,4446.598040476703,1,6.136209076884526,342504.75351234956,0.03176067810256253,1610.6756631016106,0.9832879748735444,0.3819965269836293,6.820005364716053e-05,-1
91,46,block_balanced,-3516.7748486701507,3516.7748486701507,1,8.616146587938122,270861.41994083585,0.030960610551284174,2260.5412764493394,0.7438460803461937,0.5351938452535855,6.929994560778141e-05,-1
91,46,pdp_aware_greedy,-0.3133714791775218,0.3133714791775218,1,2.613375617132418,34.82014843316943,0.0004169215159077293,687.7349616814563,0.9917947737949249,0.16186760375365744,0.0003034999826923013,-1
91,46,local_search,-0.3063992291319205,0.3063992291319205,1,2.5436531166764054,34.82014843316943,0.0004169215159077293,669.437779249869,0.9663058882803246,0.15783814536163127,0.019387200009077787,-1
91,46,beam_search,-0.3043083138438594,0.3043083138438594,1,2.5227439637957945,34.82014843316943,0.0004169215159077293,663.9303347119896,0.9832879748735444,0.15682430844276768,0.031610599951818585,-1
91,46,simulated_annealing,-0.3063992291319205,0.3063992291319205,1,2.5436531166764054,34.82014843316943,0.0004169215159077293,669.437779249869,0.9663058882803246,0.15783814536163127,0.00675330008380115,-1
91,46,block_beam_strong,-0.2992295013863879,0.2992295013863879,1,2.4719558392210788,34.82014843316943,0.0004169215159077293,650.6376653116238,0.9663058882803246,0.15354773706942187,0.3275826999451965,-1
91,46,block_lns_strong,-0.2992295013863879,0.2992295013863879,1,2.4719558392210788,34.82014843316943,0.0004169215159077293,650.6376653116238,0.9663058882803246,0.15354773706942187,0.0671674000332132,-1
91,46,hybrid_heuristic,-0.2992295013863879,0.2992295013863879,1,2.4719558392210788,34.82014843316943,0.0004169215159077293,650.6376653116238,0.9663058882803246,0.15354773706942187,0.012589399935677648,-1
91,47,autoreg_rl_pure,-0.20907096954505877,0.20907096954505877,1,2.0905741716821415,30.81302249878576,1.1550532524069188e-07,586.6223007618981,0.999592088544381,0.1521756335592088,0.031372199999168515,16
91,47,random,-100.0,5.656588660194681,0,53.554679363995305,54.00729177373618,0.0019133022212364913,14955.330406727433,0.8764032555140351,3.8952952936238847,0.0223396000219509,-1
91,47,latency_greedy,-0.33339730006223856,0.33339730006223856,1,2.493531578412859,37.28589433042178,0.0006501759505959675,699.0918241167321,0.999592088544381,0.1831743405054296,6.260001100599766e-05,-1
91,47,block_balanced,-0.49286039781007757,0.49286039781007757,1,4.20619894851971,36.37666063068206,0.000566010338730015,1177.3731591630958,0.6260023253671679,0.30717690948172016,0.00011030002497136593,-1
91,47,pdp_aware_greedy,-0.2512828400920962,0.2512828400920962,1,2.2892106384210686,32.53450498586504,0.00018545320318963686,642.0812141595034,0.999592088544381,0.1665915711974521,0.0003445999464020133,-1
91,47,local_search,-0.2430828548211858,0.2430828548211858,1,2.264346747187931,32.094386980865515,0.00013901953206237828,635.1342075565423,0.999592088544381,0.16493818961099363,0.017655400093644857,-1
91,47,beam_search,-0.203973312549704,0.203973312549704,1,2.0397328765140057,30.811980477838805,2.1220892059752796e-10,572.4619180674698,0.999592088544381,0.148032546235067,0.03070479992311448,-1
91,47,simulated_annealing,-0.2430828548211858,0.2430828548211858,1,2.264346747187931,32.094386980865515,0.00013901953206237828,635.1342075565423,0.999592088544381,0.16493818961099363,0.006996600073762238,-1
91,47,block_beam_strong,-0.1815736338692261,0.1815736338692261,1,1.815609584003698,30.81295495061042,1.0803165927306139e-07,509.9382916086876,0.999592088544381,0.13312683634144074,0.3845497000729665,-1
91,47,block_lns_strong,-0.14415717343094636,0.14415717343094636,1,1.4414692021355076,30.812768364710237,8.738733489403611e-08,405.4162593090701,0.999592088544381,0.1061248962039624,0.05477079993579537,-1
91,47,hybrid_heuristic,-0.14415717343094636,0.14415717343094636,1,1.4414692021355076,30.812768364710237,8.738733489403611e-08,405.4162593090701,0.999592088544381,0.1061248962039624,0.012839399976655841,-1
91,48,autoreg_rl_pure,-0.2393319801683816,0.2393319801683816,1,2.3931713142573887,30.8131223577737,1.2655389448308366e-07,701.8727225572092,0.9828019740916027,0.1181662932898784,0.029044899973087013,16
91,48,random,-100.0,905.0995113611124,0,92.08508419719148,69041.24791520707,0.026300549059955887,26893.11888382361,0.9703038629757978,4.509688263400622,0.025333400000818074,-1
91,48,latency_greedy,-2.1634531517676234,2.1634531517676234,1,3.1878896173864666,172.90636224350402,0.005880366280265837,933.8996113036216,0.9828019740916027,0.15680867290001407,6.440002471208572e-05,-1
91,48,block_balanced,-300.3820994480519,300.3820994480519,1,7.02767287994869,23115.094871979843,0.022570128085840517,2055.233862748752,0.7277278972318484,0.3437387798026037,7.329997606575489e-05,-1
91,48,pdp_aware_greedy,-0.2393319801683816,0.2393319801683816,1,2.3931713142573887,30.8131223577737,1.2655389448308366e-07,701.8727225572092,0.9828019740916027,0.1181662932898784,0.00030590000096708536,-1
91,48,local_search,-0.2393319801683816,0.2393319801683816,1,2.3931713142573887,30.8131223577737,1.2655389448308366e-07,701.8727225572092,0.9828019740916027,0.1181662932898784,0.012445200001820922,-1
91,48,beam_search,-0.2393319801683816,0.2393319801683816,1,2.3931713142573887,30.8131223577737,1.2655389448308366e-07,701.8727225572092,0.9828019740916027,0.1181662932898784,0.031141199986450374,-1
91,48,simulated_annealing,-0.2393319801683816,0.2393319801683816,1,2.3931713142573887,30.8131223577737,1.2655389448308366e-07,701.8727225572092,0.9828019740916027,0.1181662932898784,0.00765539996791631,-1
91,48,block_beam_strong,-0.23819061283895868,0.23819061283895868,1,2.381792523615961,30.81285365688614,9.682428719733347e-08,698.5679268955039,0.9828019740916027,0.11756998168698318,0.3807018999941647,-1
91,48,block_lns_strong,-0.23819061283895868,0.23819061283895868,1,2.381792523615961,30.81285365688614,9.682428719733347e-08,698.5679268955039,0.9828019740916027,0.11756998168698318,0.07332319999113679,-1
91,48,hybrid_heuristic,-0.23819061283895868,0.23819061283895868,1,2.381792523615961,30.81285365688614,9.682428719733347e-08,698.5679268955039,0.9828019740916027,0.11756998168698318,0.012807999970391393,-1
91,49,autoreg_rl_pure,-0.3248036126570153,0.3248036126570153,1,2.653992781253375,35.38789126481532,0.00047206042395314717,643.8387072179232,0.9725133865181157,0.15787636267963062,0.032132399966940284,16
91,49,random,-100.0,1002991678090.0669,0,136.4061282026323,77260395201712.97,0.09733399479333978,32941.89361853375,0.9858249287806987,8.08147548954557,0.024483300046995282,-1
91,49,latency_greedy,-17.455533822226272,17.455533822226272,1,4.602804420214694,1339.9554354882819,0.012861208107188651,1114.4006477725427,0.9725133865181157,0.2740121377462032,9.409990161657333e-05,-1
91,49,block_balanced,-23.62031123018086,23.62031123018086,1,6.523823750623725,1800.03030718434,0.013867495199656322,1578.3430619674107,0.72123773070388,0.38749489334704557,7.410009857267141e-05,-1
91,49,pdp_aware_greedy,-0.3264247473771316,0.3264247473771316,1,2.670204130103837,35.387891252110784,0.0004720604227292129,647.732178678079,0.9725133865181157,0.15912435637767916,0.00030729989521205425,-1
91,49,local_search,-0.3264247473771316,0.3264247473771316,1,2.670204130103837,35.387891252110784,0.0004720604227292129,647.732178678079,0.9725133865181157,0.15912435637767916,0.013231000048108399,-1
91,49,beam_search,-0.3248036126570153,0.3248036126570153,1,2.653992781253375,35.38789126481532,0.00047206042395314717,643.8387072179232,0.9725133865181157,0.15787636267963062,0.03299510001670569,-1
91,49,simulated_annealing,-0.3264247473771316,0.3264247473771316,1,2.670204130103837,35.387891252110784,0.0004720604227292129,647.732178678079,0.9725133865181157,0.15912435637767916,0.007436799933202565,-1
91,49,block_beam_strong,-0.3248036126570153,0.3248036126570153,1,2.653992781253375,35.38789126481532,0.00047206042395314717,643.8387072179232,0.9725133865181157,0.15787636267963062,0.30637940007727593,-1
91,49,block_lns_strong,-0.3248036126570153,0.3248036126570153,1,2.653992781253375,35.38789126481532,0.00047206042395314717,643.8387072179232,0.9725133865181157,0.15787636267963062,0.06598849990405142,-1
91,49,hybrid_heuristic,-0.3248036126570153,0.3248036126570153,1,2.653992781253375,35.38789126481532,0.00047206042395314717,643.8387072179232,0.9725133865181157,0.15787636267963062,0.013426200021058321,-1
91,50,autoreg_rl_pure,-0.2920828728638403,0.2920828728638403,1,2.6521343898752576,32.881729611209565,0.00022164523262194167,709.6775891707,0.9766224149243684,0.16064900355768263,0.03008529997896403,16
91,50,random,-100.0,1.18021344394611e+28,0,163.13209099169865,9.091177832750348e+29,0.22348867739656916,43472.047402492026,0.9766224149243684,9.806719234072007,0.024816099903546274,-1
91,50,latency_greedy,-9822533634.668743,9822533634.668743,1,14.016015835440314,756629239311.7065,0.0815627683906601,3737.7287129439383,0.9538981521849115,0.8403892260748279,6.420002318918705e-05,-1
91,50,block_balanced,-100.0,246385879963.88065,0,30.05537939004435,18979091127086.934,0.09254799580676878,8011.691177642017,0.7324668111932763,1.8029487100049628,6.930006202310324e-05,-1
91,50,pdp_aware_greedy,-0.9951313480936914,0.9951313480936914,1,3.124132902358813,83.40171396289301,0.0033947741633039348,835.4564995579427,0.9918354315954437,0.18933869971560194,0.0002967000473290682,-1
91,50,local_search,-0.9951313480936914,0.9951313480936914,1,3.124132902358813,83.40171396289301,0.0033947741633039348,835.4564995579427,0.9918354315954437,0.18933869971560194,0.012883599963970482,-1
91,50,beam_search,-0.28207255101215817,0.28207255101215817,1,2.597176746052654,32.53397349132114,0.0001853975087240517,695.0384307146134,0.9538981521849115,0.15702795355849786,0.03266780008561909,-1
91,50,simulated_annealing,-0.9951313480936914,0.9951313480936914,1,3.124132902358813,83.40171396289301,0.0033947741633039348,835.4564995579427,0.9918354315954437,0.18933869971560194,0.0074572000885382295,-1
91,50,block_beam_strong,-0.280735588905147,0.280735588905147,1,2.5641481193442237,32.68540670638047,0.00020122926655577743,686.2433384306571,0.9918354315954437,0.15504127835902065,0.32678549992851913,-1
91,50,block_lns_strong,-0.280735588905147,0.280735588905147,1,2.5641481193442237,32.68540670638047,0.00020122926655577743,686.2433384306571,0.9918354315954437,0.15504127835902065,0.07186729996465147,-1
91,50,hybrid_heuristic,-0.280735588905147,0.280735588905147,1,2.5641481193442237,32.68540670638047,0.00020122926655577743,686.2433384306571,0.9918354315954437,0.15504127835902065,0.013790099998004735,-1
91,51,autoreg_rl_pure,-0.20124263831167905,0.20124263831167905,1,2.012426383044419,30.811978560481304,6.168225858553898e-14,524.6148094840207,0.9568093799918884,0.0924357600522947,0.028442699927836657,16
91,51,random,-100.0,503725662.1187102,0,55.11000547803656,38801960359.51273,0.07143603909314827,14289.07988250765,0.9145449083226093,2.505946705224013,0.024746800074353814,-1
91,51,latency_greedy,-139.90540971788485,139.90540971788485,1,3.6420831474010438,10779.663243209197,0.01996949825557298,947.0335224617284,0.9836872344684334,0.1664429863483882,6.2700011767447e-05,-1
91,51,block_balanced,-161.924481845489,161.924481845489,1,5.343991484984418,12462.68139816994,0.02046409760933306,1388.243029138342,0.6859086812419569,0.24337749036406792,6.929994560778141e-05,-1
91,51,pdp_aware_greedy,-3.8404563589723906,3.8404563589723906,1,2.8471836120750185,304.7102859395194,0.007812063622844528,740.9831836015439,0.9544075454608134,0.13037765006920368,0.0002976999385282397,-1
91,51,local_search,-3.8301209199221296,3.8301209199221296,1,2.7438292217922085,304.71028593782626,0.0078120636228255855,714.1860415422864,0.9173256609423426,0.12556053508772003,0.01724300009664148,-1
91,51,beam_search,-0.21432151490333126,0.21432151490333126,1,2.14316712319512,30.812348502698004,4.093230873581301e-08,558.4995071364924,0.9836872344684334,0.09840289279740992,0.03249179990962148,-1
91,51,simulated_annealing,-3.8301209199221296,3.8301209199221296,1,2.7438292217922085,304.71028593782626,0.0078120636228255855,714.1860415422864,0.9173256609423426,0.12556053508772003,0.006571999983862042,-1
91,51,block_beam_strong,-0.2006286055527837,0.2006286055527837,1,2.006286055458828,30.8119785604554,5.881614443037608e-14,523.0158833860849,0.9836872344684334,0.09216894300879593,0.3514566000085324,-1
91,51,block_lns_strong,-0.19663047984613585,0.19663047984613585,1,1.9663047983923496,30.8119785604554,5.881614443037608e-14,512.649749529509,0.9836872344684334,0.09035281803856544,0.06795050005894154,-1
91,51,hybrid_heuristic,-0.19663047984613585,0.19663047984613585,1,1.9663047983923496,30.8119785604554,5.881614443037608e-14,512.649749529509,0.9836872344684334,0.09035281803856544,0.013297599973157048,-1
91,52,autoreg_rl_pure,-0.2596009622514467,0.2596009622514467,1,2.5604150014313793,31.086163735339003,3.0203208258983255e-05,629.3373025270786,0.9773181756843575,0.11819956192704488,0.028331000008620322,16
91,52,random,-100.0,55774719131646.89,0,105.59909229034055,4296323625174410.0,0.11103334170503915,25835.289014791655,0.933607116669823,4.898279080174851,0.026465600007213652,-1
91,52,latency_greedy,-61.474142157557196,61.474142157557196,1,4.134458186304855,4734.314144682497,0.01716431602873334,1014.382772244149,0.9538016592990972,0.19086403811636765,6.470002699643373e-05,-1
91,52,block_balanced,-4338.046423742155,4338.046423742155,1,8.062821287796499,334128.1876101407,0.03167626323518444,1975.418991980519,0.7601363588656115,0.373168455620122,7.27999722585082e-05,-1
91,52,pdp_aware_greedy,-0.2596009622514467,0.2596009622514467,1,2.5604150014313793,31.086163735339003,3.0203208258983255e-05,629.3373025270786,0.9773181756843575,0.11819956192704488,0.00029500003438442945,-1
91,52,local_search,-0.2596009622514467,0.2596009622514467,1,2.5604150014313793,31.086163735339003,3.0203208258983255e-05,629.3373025270786,0.9773181756843575,0.11819956192704488,0.013019199948757887,-1
91,52,beam_search,-0.2587438071344208,0.2587438071344208,1,2.5534797438834147,31.073559374337037,2.8820611132144133e-05,627.6365988452054,0.9170730051147925,0.11787940117046347,0.03157570003531873,-1
91,52,simulated_annealing,-0.2596009622514467,0.2596009622514467,1,2.5604150014313793,31.086163735339003,3.0203208258983255e-05,629.3373025270786,0.9773181756843575,0.11819956192704488,0.0068403000477701426,-1
91,52,block_beam_strong,-0.2596009622514467,0.2596009622514467,1,2.5604150014313793,31.086163735339003,3.0203208258983255e-05,629.3373025270786,0.9773181756843575,0.11819956192704488,0.3010280999587849,-1
91,52,block_lns_strong,-0.2587438071344208,0.2587438071344208,1,2.5534797438834147,31.073559374337037,2.8820611132144133e-05,627.6365988452054,0.9170730051147925,0.11787940117046347,0.07295479997992516,-1
91,52,hybrid_heuristic,-0.2587438071344208,0.2587438071344208,1,2.5534797438834147,31.073559374337037,2.8820611132144133e-05,627.6365988452054,0.9170730051147925,0.11787940117046347,0.012652499950490892,-1
91,53,autoreg_rl_pure,-0.7097776401283671,0.7097776401283671,1,4.528686625880951,50.60166332948085,0.0016912445473037134,1195.4438041979731,0.9780910643906727,0.34601390893977074,0.028813200071454048,16
91,53,random,-100.0,8530121138455.498,0,122.8748007534513,657074774078193.9,0.10463180769267015,32354.770396285887,0.9034567533671841,9.388049203431496,0.027587300050072372,-1
91,53,latency_greedy,-3.8130773971180694,3.8130773971180694,1,6.116446077294234,277.4181747291241,0.007492158875778434,1613.4805654877855,0.9780910643906727,0.4662086020030122,6.639992352575064e-05,-1
91,53,block_balanced,-4.016871327321742,4.016871327321742,1,6.051079912682983,293.6199254649561,0.007685666160189097,1596.3009202957558,0.7654300054753107,0.46232912234622947,6.720004603266716e-05,-1
91,53,pdp_aware_greedy,-0.6401378812987464,0.6401378812987464,1,3.43537231960651,53.659110680586025,0.0018912521306202854,907.6302664829184,0.9303977821550808,0.2632941106467053,0.00028739997651427984,-1
91,53,local_search,-0.5709364564467589,0.5709364564467589,1,3.2638702920798313,49.64960783223086,0.0016264901425707761,862.4785611186467,0.9567875068441384,0.2504152897351296,0.01968309993389994,-1
91,53,beam_search,-0.5835283587024345,0.5835283587024345,1,3.2514156245811083,50.71549962504259,0.0016989054826822272,859.1966830547506,0.9567875068441384,0.24946671425859385,0.03130970010533929,-1
91,53,simulated_annealing,-0.5709364564467589,0.5709364564467589,1,3.2638702920798313,49.64960783223086,0.0016264901425707761,862.4785611186467,0.9567875068441384,0.2504152897351296,0.006429799948818982,-1
91,53,block_beam_strong,-0.5835283587024345,0.5835283587024345,1,3.2514156245811083,50.71549962504259,0.0016989054826822272,859.1966830547506,0.9567875068441384,0.24946671425859385,0.3397646000375971,-1
91,53,block_lns_strong,-0.5709364564467589,0.5709364564467589,1,3.2638702920798313,49.64960783223086,0.0016264901425707761,862.4785611186467,0.9567875068441384,0.2504152897351296,0.07498829998075962,-1
91,53,hybrid_heuristic,-0.5709364564467589,0.5709364564467589,1,3.2638702920798313,49.64960783223086,0.0016264901425707761,862.4785611186467,0.9567875068441384,0.2504152897351296,0.01243070000782609,-1
91,54,autoreg_rl_pure,-0.22082307799419673,0.22082307799419673,1,2.2082303765335105,30.811981667377008,3.438261238804335e-10,563.7040305614131,0.9783021860405322,0.12091210927933714,0.028752799960784614,16
91,54,random,-100.0,902.4106240789239,0,72.3119347446215,68986.43553623365,0.026297841386063826,18363.559405127355,0.9947774453332925,3.9699441598703107,0.027079599909484386,-1
91,54,latency_greedy,-32.12187356815965,32.12187356815965,1,3.6747987517672502,2476.8512226888492,0.01495566280467938,935.9900145412344,0.9783021860405322,0.20311112143978755,6.480002775788307e-05,-1
91,54,block_balanced,-37.52093188207183,37.52093188207183,1,5.942773061927156,2875.2702012641744,0.015464175840576539,1511.9048625554474,0.7826417488324258,0.327502520210077,7.309997454285622e-05,-1
91,54,pdp_aware_greedy,-0.5728314860466976,0.5728314860466976,1,3.8468880989996306,45.30459881902352,0.0013142679634695034,979.7768766605739,0.9947774453332925,0.21223097385613499,0.0002891999902203679,-1
91,54,local_search,-0.5486541830061202,0.5486541830061202,1,3.6051151947703026,45.30459784708703,0.0013142678903304247,918.3702754770886,0.9761163790756244,0.19896328756499937,0.01976010005455464,-1
91,54,beam_search,-0.2251905758071432,0.2251905758071432,1,2.251093218037572,30.81823755144942,6.924597847492097e-07,574.587221170761,0.9783021860405322,0.12325907299790427,0.03130579995922744,-1
91,54,simulated_annealing,-0.5373866508793719,0.5373866508793719,1,3.4924398735028195,45.30459784708703,0.0013142678903304247,889.736706819044,0.9761163790756244,0.19278433725789826,0.007971699931658804,-1
91,54,block_beam_strong,-0.22162674084179823,0.22162674084179823,1,2.2156879278309485,30.816442295779723,4.938571322032836e-07,565.6033506537531,0.9947774453332925,0.12132044903727834,0.31140710006002337,-1
91,54,block_lns_strong,-0.2188263876523447,0.2188263876523447,1,2.18768439593639,30.8164422957799,4.938571322232775e-07,558.4872550223197,0.9783021860405322,0.11978710987818318,0.07235819997731596,-1
91,54,hybrid_heuristic,-0.2188263876523447,0.2188263876523447,1,2.18768439593639,30.8164422957799,4.938571322232775e-07,558.4872550223197,0.9783021860405322,0.11978710987818318,0.014227999956347048,-1
91,55,autoreg_rl_pure,-0.22956971497291653,0.22956971497291653,1,2.2954835866255707,30.813623635366113,1.8201556377642892e-07,589.8766985996276,0.9774900027177099,0.14547575254120929,0.02840059995651245,16
91,55,random,-100.0,402044.0967500966,0,80.98024286665057,30968842.244621605,0.047117303390113545,20707.58587143763,0.9774900027177099,5.1376886204557355,0.026526200002990663,-1
91,55,latency_greedy,-0.8685929837791952,0.8685929837791952,1,2.8208317058052352,75.99079803357984,0.003077524555264905,724.1948512878687,0.9774900027177099,0.17876957064082735,6.520003080368042e-05,-1
91,55,block_balanced,-1.2231687173123367,1.2231687173123367,1,4.455833720303448,90.70933602827307,0.0036811186554901254,1142.2766956166236,0.8126051116554249,0.28327862219511185,6.970006506890059e-05,-1
91,55,pdp_aware_greedy,-0.8685929837791952,0.8685929837791952,1,2.8208317058052352,75.99079803357984,0.003077524555264905,724.1948512878687,0.9774900027177099,0.17876957064082735,0.0002997999545186758,-1
91,55,local_search,-0.8685929837791952,0.8685929837791952,1,2.8208317058052352,75.99079803357984,0.003077524555264905,724.1948512878687,0.9774900027177099,0.17876957064082735,0.01308840001001954,-1
91,55,beam_search,-0.22956971497291653,0.22956971497291653,1,2.2954835866255707,30.813623635366113,1.8201556377642892e-07,589.8766985996276,0.9774900027177099,0.14547575254120929,0.02999499998986721,-1
91,55,simulated_annealing,-0.8685929837791952,0.8685929837791952,1,2.8208317058052352,75.99079803357984,0.003077524555264905,724.1948512878687,0.9774900027177099,0.17876957064082735,0.007566699991002679,-1
91,55,block_beam_strong,-0.2390728752029125,0.2390728752029125,1,2.3905639753818866,30.8132478335543,1.4043669872210733e-07,614.192009604706,0.9785220473772264,0.1515014506498022,0.20529930002521724,-1
91,55,block_lns_strong,-0.22956971497291653,0.22956971497291653,1,2.2954835866255707,30.813623635366113,1.8201556377642892e-07,589.8766985996276,0.9774900027177099,0.14547575254120929,0.07097349991090596,-1
91,55,hybrid_heuristic,-0.22956971497291653,0.22956971497291653,1,2.2954835866255707,30.813623635366113,1.8201556377642892e-07,589.8766985996276,0.9774900027177099,0.14547575254120929,0.014006200013682246,-1
91,56,autoreg_rl_pure,-1.1349355544915076,1.1349355544915076,1,3.0017706595296785,95.1133801888336,0.0038427472057763258,814.4609725097494,0.9613907569991019,0.1875870230416831,0.029539300012402236,16
91,56,random,-100.0,1027439628340.2029,0,130.53429358824715,79143619499111.39,0.09741609779280468,35289.9089692477,0.9525371141833021,8.118870782708916,0.022914899978786707,-1
91,56,latency_greedy,-139321.3898921776,139321.3898921776,1,11.512782251989751,10731861.324819991,0.04350434221664062,3115.2125787608948,0.9613907569991019,0.7199030953014652,8.209992665797472e-05,-1
91,56,block_balanced,-363971.8949271406,363971.8949271406,1,15.883870146737959,28036644.015886713,0.046778191756242524,4296.905123304389,0.6803836529880729,0.9911252313368484,7.930002175271511e-05,-1
91,56,pdp_aware_greedy,-1142.71869702819,1142.71869702819,1,3.8783877124560897,88024.4967609408,0.027128684012457202,1051.4640273571536,0.9842140978196902,0.24043588946289907,0.000305499997921288,-1
91,56,local_search,-100.0,1027439628340.2029,0,130.53429358824715,79143619499111.39,0.09741609779280468,35289.9089692477,0.9525371141833021,8.118870782708916,0.015150099992752075,-1
91,56,beam_search,-4.146609591240606,4.146609591240606,1,5.1970137564659185,310.1925240041597,0.007872855674785515,1407.9510636210712,0.9613907569991019,0.3218298596932467,0.032118699979037046,-1
91,56,simulated_annealing,-100.0,1027439628340.2029,0,130.53429358824715,79143619499111.39,0.09741609779280468,35289.9089692477,0.9525371141833021,8.118870782708916,0.010386000038124621,-1
91,56,block_beam_strong,-1.1363962368407063,1.1363962368407063,1,3.01637748301622,95.11338018887554,0.0038427472057778293,818.4212803842795,0.9525371141833021,0.18848983067102695,0.3975549000315368,-1
91,56,block_lns_strong,-1.1363962368407063,1.1363962368407063,1,3.01637748301622,95.11338018887554,0.0038427472057778293,818.4212803842795,0.9525371141833021,0.18848983067102695,0.07694820000324398,-1
91,56,hybrid_heuristic,-1.1363962368407063,1.1363962368407063,1,3.01637748301622,95.11338018887554,0.0038427472057778293,818.4212803842795,0.9525371141833021,0.18848983067102695,0.012854400090873241,-1
91,57,autoreg_rl_pure,-0.21075535940897977,0.21075535940897977,1,2.1074354799179376,30.81288839275657,1.0066754844111177e-07,564.7461305771924,0.9922417616181537,0.09871005191982694,0.029260999988764524,16
91,57,random,-100.0,6104.344866904748,0,56.91732531182622,469809.73603038635,0.03283813286260162,15176.98034318024,0.9833784719514932,2.668199376550831,0.024189100018702447,-1
91,57,latency_greedy,-0.3006854238736427,0.3006854238736427,1,2.3522326039206356,35.85452550412544,0.0005167213836438674,629.9869558960444,0.9922417616181537,0.1110014922035255,6.330001633614302e-05,-1
91,57,block_balanced,-0.408380719025441,0.408380719025441,1,3.660401109904037,34.07347332739809,0.0003430199665861817,978.8248759322257,0.709850517531033,0.1718976042484587,7.379997987300158e-05,-1
91,57,pdp_aware_greedy,-10.25801528096315,10.25801528096315,1,3.29473858563924,795.6069921556251,0.01108403309804116,881.3353517344806,0.9833784719514932,0.15535169459739054,0.00030610000248998404,-1
91,57,local_search,-0.3006854238736427,0.3006854238736427,1,2.3522326039206356,35.85452550412544,0.0005167213836438674,629.9869558960444,0.9922417616181537,0.1110014922035255,0.012716899975202978,-1
91,57,beam_search,-0.20381771469082138,0.20381771469082138,1,2.0380566012812915,30.81290712224188,1.0273982248132031e-07,546.2413210187249,0.9922417616181537,0.09565370843083994,0.032485000090673566,-1
91,57,simulated_annealing,-0.3006854238736427,0.3006854238736427,1,2.3522326039206356,35.85452550412544,0.0005167213836438674,629.9869558960444,0.9922417616181537,0.1110014922035255,0.007009400054812431,-1
91,57,block_beam_strong,-0.20381771469082138,0.20381771469082138,1,2.0380566012812915,30.81290712224188,1.0273982248132031e-07,546.2413210187249,0.9922417616181537,0.09565370843083994,0.36401669995393604,-1
91,57,block_lns_strong,-0.20381771469082138,0.20381771469082138,1,2.0380566012812915,30.81290712224188,1.0273982248132031e-07,546.2413210187249,0.9922417616181537,0.09565370843083994,0.0689934000838548,-1
91,57,hybrid_heuristic,-0.20381771469082138,0.20381771469082138,1,2.0380566012812915,30.81290712224188,1.0273982248132031e-07,546.2413210187249,0.9922417616181537,0.09565370843083994,0.0126427001086995,-1
91,58,autoreg_rl_pure,-0.6140002030796664,0.6140002030796664,1,2.8118091140157646,56.44903075870968,0.0020640542955791333,780.961717718186,0.9495515367663078,0.19868606607941344,0.028816899983212352,16
91,58,random,-100.0,6183457468281970.0,0,93.36213618845734,4.763113973472616e+17,0.12708497147491749,25835.187370177307,0.9309311644839879,6.546583984224539,0.02507480001077056,-1
91,58,latency_greedy,-151.01294208021372,151.01294208021372,1,4.648114096004882,11627.526414708787,0.020227623014565477,1289.0207407468736,0.9495515367663078,0.32748767697320197,6.729993037879467e-05,-1
91,58,block_balanced,-100.0,13392242.992897563,0,22.738556240886727,1031603615.5731262,0.05906961604507659,6294.477579590868,0.7385400841515727,1.5943211409925246,6.930006202310324e-05,-1
91,58,pdp_aware_greedy,-1.03583332843006,1.03583332843006,1,3.0264921118622237,87.28911181240834,0.0035500871587501887,840.4103911965543,0.9356671234223767,0.2136021248811191,0.0003002999583259225,-1
91,58,local_search,-1.03583332843006,1.03583332843006,1,3.0264921118622237,87.28911181240834,0.0035500871587501887,840.4103911965543,0.9356671234223767,0.2136021248811191,0.013314999989233911,-1
91,58,beam_search,-0.6036710869288888,0.6036710869288888,1,2.708517952507988,56.44903075870968,0.0020640542955791333,752.3583835283584,0.9495515367663078,0.1914473281713046,0.03261760005261749,-1
91,58,simulated_annealing,-1.03583332843006,1.03583332843006,1,3.0264921118622237,87.28911181240834,0.0035500871587501887,840.4103911965543,0.9356671234223767,0.2136021248811191,0.007407099939882755,-1
91,58,block_beam_strong,-0.6036710869288888,0.6036710869288888,1,2.708517952507988,56.44903075870968,0.0020640542955791333,752.3583835283584,0.9495515367663078,0.1914473281713046,0.2535642000148073,-1
91,58,block_lns_strong,-0.6036710869288888,0.6036710869288888,1,2.708517952507988,56.44903075870968,0.0020640542955791333,752.3583835283584,0.9495515367663078,0.1914473281713046,0.07110820000525564,-1
91,58,hybrid_heuristic,-0.6036710869288888,0.6036710869288888,1,2.708517952507988,56.44903075870968,0.0020640542955791333,752.3583835283584,0.9495515367663078,0.1914473281713046,0.013056099996902049,-1
91,59,autoreg_rl_pure,-0.2589509552576035,0.2589509552576035,1,2.5767538976394846,30.91023530152952,1.085438225228782e-05,683.2854257613184,0.9546160436900581,0.16399712053044388,0.02757879998534918,16
91,59,random,-100.0,15246.085917073138,0,86.22706026210264,1173771.786394575,0.035959776257031915,22767.23647990873,0.9158257814153516,5.427110483016506,0.02277090004645288,-1
91,59,latency_greedy,-3302.150307177821,3302.150307177821,1,5.957053480824184,254349.38599354928,0.030746176402029708,1575.617749764995,0.9864417297941865,0.3746344690958192,6.449990905821323e-05,-1
91,59,block_balanced,-445985.1096130648,445985.1096130648,1,10.694912316664723,34354157.51773388,0.047470979836386665,2826.4749939080734,0.6770886948966344,0.673465506500801,6.690004374831915e-05,-1
91,59,pdp_aware_greedy,-1.831791719667605,1.831791719667605,1,3.0206468689924773,148.6467699004101,0.005364970722556458,800.3953591663914,0.9479241728552881,0.18996613673751644,0.0002927000168710947,-1
91,59,local_search,-1.2583919153377414,1.2583919153377414,1,2.912729142843938,105.30910337330056,0.004189907887336388,771.9053373571094,0.9479241728552881,0.18317927471389528,0.018557499977760017,-1
91,59,beam_search,-0.2640312772442223,0.2640312772442223,1,2.55387151288455,31.47783511896979,7.28893496409787e-05,677.1995913768708,0.9479241728552881,0.16196078619934712,0.03042930003721267,-1
91,59,simulated_annealing,-1.2583919153377414,1.2583919153377414,1,2.912729142843938,105.30910337330056,0.004189907887336388,771.9053373571094,0.9479241728552881,0.18317927471389528,0.0068168999860063195,-1
91,59,block_beam_strong,-0.24470113934360904,0.24470113934360904,1,2.4327858226826353,30.92155805518836,1.2102984472281887e-05,645.2420480256827,0.9345791352530901,0.1544753123380238,0.3942187000066042,-1
91,59,block_lns_strong,-0.24373957398849316,0.24373957398849316,1,2.424146805106815,30.91403503350512,1.1273443832866926e-05,642.955663858547,0.9345791352530901,0.15379158667231835,0.07543140009511262,-1
91,59,hybrid_heuristic,-0.24373957398849316,0.24373957398849316,1,2.424146805106815,30.91403503350512,1.1273443832866926e-05,642.955663858547,0.9345791352530901,0.15379158667231835,0.011895600007846951,-1
91,60,autoreg_rl_pure,-0.2507828696845975,0.2507828696845975,1,2.4353428495506413,31.37033665311426,6.122678878013353e-05,661.4403074910177,0.9649631315817403,0.11658114660565431,0.026487700059078634,16
91,60,random,-100.0,2814100774120.2456,0,104.61762293521853,216770031793370.06,0.10085112631215827,28292.09808098856,0.9649631315817403,4.962480386666248,0.024232800002209842,-1
91,60,latency_greedy,-605092.1107178773,605092.1107178773,1,9.039713344485886,46610174.03466084,0.048511115802673956,2447.267379204958,0.9651708997308934,0.4260178716087946,6.759993266314268e-05,-1
91,60,block_balanced,-98057.48096044631,98057.48096044631,1,11.154755876954457,7553307.389437355,0.04230691998145287,3019.206617402738,0.6728827847599284,0.526541967567806,6.850005593150854e-05,-1
91,60,pdp_aware_greedy,-24.305120250969022,24.305120250969022,1,3.1605088091789133,1878.6887063162758,0.014013308978987058,857.5235516553814,0.9612611210856119,0.151319315111814,0.00038649991620332,-1
91,60,local_search,-2.667963143794542,2.667963143794542,1,3.1363088772954257,212.16606605195346,0.006577956006679647,850.97352322981,0.9612611210856119,0.1498875235437748,0.018388599972240627,-1
91,60,beam_search,-0.24930348152121995,0.24930348152121995,1,2.425104525267816,31.335245219257764,5.741104821339908e-05,658.6627390306122,0.9612611210856119,0.11583329402697581,0.03143080009613186,-1
91,60,simulated_annealing,-2.667963143794542,2.667963143794542,1,3.1363088772954257,212.16606605195346,0.006577956006679647,850.97352322981,0.9612611210856119,0.1498875235437748,0.0069833999732509255,-1
91,60,block_beam_strong,-0.24158363968550223,0.24158363968550223,1,2.3478523160904006,31.33565956965774,5.745612839736792e-05,637.76518810261,0.9612611210856119,0.11186860585520465,0.41225309995934367,-1
91,60,block_lns_strong,-0.24158363968550223,0.24158363968550223,1,2.3478523160904006,31.33565956965774,5.745612839736792e-05,637.76518810261,0.9612611210856119,0.11186860585520465,0.06812539999373257,-1
91,60,hybrid_heuristic,-0.24158363968550223,0.24158363968550223,1,2.3478523160904006,31.33565956965774,5.745612839736792e-05,637.76518810261,0.9612611210856119,0.11186860585520465,0.012867099954746664,-1
91,61,autoreg_rl_pure,-0.7092334914814125,0.7092334914814125,1,3.4495396123917175,58.872411249031444,0.0022073586425660637,1005.2291336049169,0.9957530666258507,0.19899084350822696,0.028887899941764772,16
91,61,random,-100.0,1.5359244246358942e+24,0,146.72046314696166,1.1831217610386127e+26,0.19298679605602218,42629.07863032369,0.9881494417785249,8.486986034396024,0.023606900009326637,-1
91,61,latency_greedy,-100.0,22244193.376232255,0,18.13335811350897,1713468914.6089878,0.06079946820843375,5271.200549086104,0.9957530666258507,1.0565831268743402,6.410002242773771e-05,-1
91,61,block_balanced,-100.0,3189429842.158465,0,30.6587953751024,245681609582.06708,0.0777279619107937,8910.226608633928,0.7016102918162341,1.7822811094137758,6.669992581009865e-05,-1
91,61,pdp_aware_greedy,-11.876248343225036,11.876248343225036,1,4.000433060198303,914.8234374490653,0.01156004673518938,1165.2744381611633,0.9957530666258507,0.23076979495681801,0.0003030999796465039,-1
91,61,local_search,-9.13337591204671,9.13337591204671,1,3.9063137005317303,704.2651220169136,0.010668278255446103,1137.9399607779128,0.9957530666258507,0.22534040643690478,0.018956400104798377,-1
91,61,beam_search,-3.3448421047970074,3.3448421047970074,1,3.9696601326037317,257.88671588427087,0.007243267306269359,1156.3550253518933,0.9957530666258507,0.2289946215982446,0.03213440009858459,-1
91,61,simulated_annealing,-9.13337591204671,9.13337591204671,1,3.9063137005317303,704.2651220169136,0.010668278255446103,1137.9399607779128,0.9957530666258507,0.22534040643690478,0.006339399958960712,-1
91,61,block_beam_strong,-0.6852000841242778,0.6852000841242778,1,3.378635172784619,57.56729568675089,0.0021309310931638963,984.6500899763759,0.9881494417785249,0.19490063558737575,0.3504590999800712,-1
91,61,block_lns_strong,-0.6480743531458732,0.6480743531458732,1,3.4497636802331826,54.159600107804515,0.001922903155281377,1005.3132560200795,0.9720287427183504,0.19900376913129159,0.07216620002873242,-1
91,61,hybrid_heuristic,-0.6480743531458732,0.6480743531458732,1,3.4497636802331826,54.159600107804515,0.001922903155281377,1005.3132560200795,0.9720287427183504,0.19900376913129159,0.01291659998241812,-1
91,62,autoreg_rl_pure,-0.24021344268083858,0.24021344268083858,1,2.4020047853636504,30.812977187277745,1.1049197067524971e-07,715.5390707622244,0.9712639894669336,0.14513438275072466,0.02951199992094189,16
91,62,random,-100.0,5746.126122352988,0,32.02937461211373,442407.87708899716,0.03263325448278299,9504.083748884994,0.979414358040201,1.9371951919629475,0.024679999914951622,-1
91,62,latency_greedy,-0.5581787799014111,0.5581787799014111,1,3.133094412457749,49.67425059152429,0.001628181828136238,932.398588499589,0.979414358040201,0.1905826828119712,6.470002699643373e-05,-1
91,62,block_balanced,-9.223712973345021,9.223712973345021,1,6.031293350995956,694.8550741490442,0.010622418974852495,1792.1364419981694,0.7345607685301508,0.3651456021725511,6.830005440860987e-05,-1
91,62,pdp_aware_greedy,-0.24021344268083858,0.24021344268083858,1,2.4020047853636504,30.812977187277745,1.1049197067524971e-07,715.5390707622244,0.9712639894669336,0.14513438275072466,0.000296299927867949,-1
91,62,local_search,-0.23493566499258298,0.23493566499258298,1,2.349227008481094,30.812977187277745,1.1049197067524971e-07,699.8794942099657,0.940621630749697,0.14228612362245888,0.019064699998125434,-1
91,62,beam_search,-0.23272977723310664,0.23272977723310664,1,2.3271681558138138,30.812976995261476,1.1047072560123586e-07,693.3440980751975,0.9712639894669336,0.14095927354787674,0.03173290006816387,-1
91,62,simulated_annealing,-0.23493566499258298,0.23493566499258298,1,2.349227008481094,30.812977187277745,1.1049197067524971e-07,699.8794942099657,0.940621630749697,0.14228612362245888,0.007544900057837367,-1
91,62,block_beam_strong,-0.23272977723310664,0.23272977723310664,1,2.3271681558138138,30.812976995261476,1.1047072560123586e-07,693.3440980751975,0.9712639894669336,0.14095927354787674,0.32496600004378706,-1
91,62,block_lns_strong,-0.23272977723310664,0.23272977723310664,1,2.3271681558138138,30.812976995261476,1.1047072560123586e-07,693.3440980751975,0.9712639894669336,0.14095927354787674,0.07501390005927533,-1
91,62,hybrid_heuristic,-0.23272977723310664,0.23272977723310664,1,2.3271681558138138,30.812976995261476,1.1047072560123586e-07,693.3440980751975,0.9712639894669336,0.14095927354787674,0.013315499993041158,-1
91,63,autoreg_rl_pure,-0.24606383963766018,0.24606383963766018,1,2.4419109784661943,30.95623575970838,1.5924181649257826e-05,717.8151584421728,0.9503704074674526,0.1492657803160302,0.02897569991182536,16
91,63,random,-100.0,101473935631211.36,0,87.01806380182435,7816531822649297.0,0.11307369065589803,25476.4003471149,0.9845875807377901,5.2784409417018665,0.024378200061619282,-1
91,63,latency_greedy,-121205.33536089999,121205.33536089999,1,6.936089286575454,9336417.869541032,0.04302945835367881,2033.384903847816,0.9845875807377901,0.4197757854781401,0.00014119991101324558,-1
91,63,block_balanced,-18054.821584846835,18054.821584846835,1,8.938111491885198,1390723.9006925228,0.036537985577367656,2619.4860644594446,0.7384406855533426,0.5416509455257197,8.120003622025251e-05,-1
91,63,pdp_aware_greedy,-0.7978935179670202,0.7978935179670202,1,2.8054012677468023,70.66368255322949,0.0028297414011672645,824.2110629868362,0.9748370775119334,0.1703537411979966,0.0003065000055357814,-1
91,63,local_search,-0.7978935179670202,0.7978935179670202,1,2.8054012677468023,70.66368255322949,0.0028297414011672645,824.2110629868362,0.9748370775119334,0.1703537411979966,0.0132619000505656,-1
91,63,beam_search,-0.249379056717751,0.249379056717751,1,2.488226137122475,30.85484133481231,4.739283433213126e-06,731.3612917540567,0.9845875807377901,0.15207714504645295,0.03175120009109378,-1
91,63,simulated_annealing,-0.7978935179670202,0.7978935179670202,1,2.8054012677468023,70.66368255322949,0.0028297414011672645,824.2110629868362,0.9748370775119334,0.1703537411979966,0.007171799894422293,-1
91,63,block_beam_strong,-0.23330851471683958,0.23330851471683958,1,2.314357729274144,30.956235759583933,1.5924181635552663e-05,680.4700722116703,0.9748370775119334,0.1415265937663767,0.3431643000803888,-1
91,63,block_lns_strong,-0.23330851471683958,0.23330851471683958,1,2.314357729274144,30.956235759583933,1.5924181635552663e-05,680.4700722116703,0.9748370775119334,0.1415265937663767,0.0730223999125883,-1
91,63,hybrid_heuristic,-0.23330851471683958,0.23330851471683958,1,2.314357729274144,30.956235759583933,1.5924181635552663e-05,680.4700722116703,0.9748370775119334,0.1415265937663767,0.013721000053919852,-1
92,0,autoreg_rl_pure,-0.1812539069901273,0.1812539069901273,1,1.7781351430024719,31.07699182441959,2.9197178885997204e-05,500.771888053101,0.9773151579960904,0.12742712711599163,0.029565899982117116,16
92,0,random,-100.0,32578932.276767943,0,88.34411861882396,2509552757.3401666,0.06210037074991681,24742.528920305092,0.9773151579960904,6.339921035644461,0.024154999991878867,-1
92,0,latency_greedy,-347678.6834390644,347678.6834390644,1,5.4310149359443995,26781659.326567106,0.046622066699131624,1523.6853321784824,0.9769942909125926,0.3925921479785171,6.230000872164965e-05,-1
92,0,block_balanced,-88306.41192872399,88306.41192872399,1,11.108868183988681,6802183.418055596,0.04194983280549601,3113.777156993133,0.6515434386640603,0.8007638752565834,6.84000551700592e-05,-1
92,0,pdp_aware_greedy,-0.30923092514101536,0.30923092514101536,1,2.060334471022255,38.76127476184733,0.0007824757990032299,579.8441340550347,0.9773151579960904,0.147650477284362,0.0003100000321865082,-1
92,0,local_search,-0.30923092514101536,0.30923092514101536,1,2.060334471022255,38.76127476184733,0.0007824757990032299,579.8441340550347,0.9773151579960904,0.147650477284362,0.012423999956808984,-1
92,0,beam_search,-0.1812539069901273,0.1812539069901273,1,1.7781351430024719,31.07699182441959,2.9197178885997204e-05,500.771888053101,0.9773151579960904,0.12742712711599163,0.0321879000402987,-1
92,0,simulated_annealing,-0.30923092514101536,0.30923092514101536,1,2.060334471022255,38.76127476184733,0.0007824757990032299,579.8441340550347,0.9773151579960904,0.147650477284362,0.0063449000008404255,-1
92,0,block_beam_strong,-0.1812539069901273,0.1812539069901273,1,1.7781351430024719,31.07699182441959,2.9197178885997204e-05,500.771888053101,0.9773151579960904,0.12742712711599163,0.40731340006459504,-1
92,0,block_lns_strong,-0.1812539069901273,0.1812539069901273,1,1.7781351430024719,31.07699182441959,2.9197178885997204e-05,500.771888053101,0.9773151579960904,0.12742712711599163,0.057797799934633076,-1
92,0,hybrid_heuristic,-0.1812539069901273,0.1812539069901273,1,1.7781351430024719,31.07699182441959,2.9197178885997204e-05,500.771888053101,0.9773151579960904,0.12742712711599163,0.012809500098228455,-1
92,1,autoreg_rl_pure,-0.20912132892543847,0.20912132892543847,1,2.0912132367931173,30.811978964032686,4.471288304830937e-11,547.1569339147003,0.9319808314369381,0.14028518928435005,0.02811209997162223,16
92,1,random,-100.0,772.1284695700675,0,72.67033986250735,58948.04736486273,0.025761731372146775,18919.599280696737,0.9931234134492981,4.887382051458055,0.023694699979387224,-1
92,1,latency_greedy,-1582.595022319749,1582.595022319749,1,5.04177168909146,121899.18498015853,0.028238652224412932,1315.1970283470062,0.9931234134492981,0.3382179699748353,6.410002242773771e-05,-1
92,1,block_balanced,-1144085.894540407,1144085.894540407,1,9.978796200359326,88128829.07859066,0.0506827180059881,2600.3941563005924,0.6807367096821721,0.6701820218045442,7.299997378140688e-05,-1
92,1,pdp_aware_greedy,-2.048025875029425,2.048025875029425,1,2.7631462947610888,167.2868008408356,0.005767724312636966,722.0884741729244,0.9931234134492981,0.18582429323825037,0.000304599991068244,-1
92,1,local_search,-1.3062263365948084,1.3062263365948084,1,2.8442892042843075,109.5209787586838,0.0043236043617256945,743.2145731893057,0.9319808314369381,0.19142218658924814,0.017794499988667667,-1
92,1,beam_search,-0.20287085966206952,0.20287085966206952,1,2.0287082814928845,30.811980987351664,2.6858429254377674e-10,530.8785869961544,0.9931234134492981,0.13609215945304046,0.03195830003824085,-1
92,1,simulated_annealing,-1.3062263365948084,1.3062263365948084,1,2.8442892042843075,109.5209787586838,0.0043236043617256945,743.2145731893057,0.9319808314369381,0.19142218658924814,0.006716700037941337,-1
92,1,block_beam_strong,-0.195796649493495,0.195796649493495,1,1.9579661798071393,30.811980987351664,2.6858429254303967e-10,512.472221583162,0.8689829867681358,0.13134655582412688,0.3682105001062155,-1
92,1,block_lns_strong,-0.1928149808571894,0.1928149808571894,1,1.9281494934440833,30.811980987351664,2.6858429254303967e-10,504.7131118696654,0.8284274057217228,0.12934635832313565,0.07299270003568381,-1
92,1,hybrid_heuristic,-0.1928149808571894,0.1928149808571894,1,1.9281494934440833,30.811980987351664,2.6858429254303967e-10,504.7131118696654,0.8284274057217228,0.12934635832313565,0.01218469999730587,-1
92,2,autoreg_rl_pure,-0.289485993733935,0.289485993733935,1,2.575849519171021,33.26931410117255,0.00026159539422464803,621.6497988675804,0.9405222889979272,0.12224104809246773,0.028821100015193224,16
92,2,random,-100.0,469011.18925935734,0,60.7596357410785,36127469.55038935,0.0476425669963883,14602.746853386188,0.9961446592409869,2.857281945104021,0.02538910007569939,-1
92,2,latency_greedy,-0.44397159197560654,0.44397159197560654,1,2.7239499897462607,44.0285143222513,0.0012168631571157673,657.2250001426113,0.9961446592409869,0.12924056842408113,6.520003080368042e-05,-1
92,2,block_balanced,-92.6600417034544,92.6600417034544,1,6.504967615204352,7118.302293707966,0.01855470270544544,1565.7933278736234,0.7201390913540358,0.3067840846062894,6.950006354600191e-05,-1
92,2,pdp_aware_greedy,-0.6558964204104202,0.6558964204104202,1,2.787482870442833,59.86367905790558,0.0022642835365290757,672.5166397802769,0.9801156072611956,0.1321928455416516,0.0002981999423354864,-1
92,2,local_search,-0.40566381950782204,0.40566381950782204,1,3.4610876359600957,35.399501324648405,0.00047317873451899157,834.3628806483564,0.9258931174551889,0.16392250170384667,0.018372399965301156,-1
92,2,beam_search,-0.360587399025687,0.360587399025687,1,3.3722280577378334,32.611751925771316,0.0001935381264488055,813.0128967157636,0.9405222889979272,0.15971133739656815,0.030695500085130334,-1
92,2,simulated_annealing,-0.40566381950782204,0.40566381950782204,1,3.4610876359600957,35.399501324648405,0.00047317873451899157,834.3628806483564,0.9258931174551889,0.16392250170384667,0.007008299930021167,-1
92,2,block_beam_strong,-0.27616652757467747,0.27616652757467747,1,2.466285143236348,33.08729013740851,0.00024289161422510764,595.3157167626753,0.9961446592409869,0.11685890561172554,0.31224210001528263,-1
92,2,block_lns_strong,-0.27616652757467747,0.27616652757467747,1,2.466285143236348,33.08729013740851,0.00024289161422510764,595.3157167626753,0.9961446592409869,0.11685890561172554,0.0722548000048846,-1
92,2,hybrid_heuristic,-0.27616652757467747,0.27616652757467747,1,2.466285143236348,33.08729013740851,0.00024289161422510764,595.3157167626753,0.9961446592409869,0.11685890561172554,0.013271100004203618,-1
92,3,autoreg_rl_pure,-0.9911255974757491,0.9911255974757491,1,3.0835281284283638,83.40592956344582,0.0033949464800113777,756.6412983476724,0.9691128930926961,0.18485843624516463,0.028277399949729443,16
92,3,random,-100.0,1.183656806817632e+17,0,90.06465706738088,9.117702038493192e+18,0.13714862579426967,22019.968054047364,0.8742205620277268,5.385399735752861,0.026257900055497885,-1
92,3,latency_greedy,-100.0,39234880.023058996,0,20.88916970364017,3022260575.0820093,0.06273414490042843,5109.353353277214,0.9783799241777718,1.249265659968529,6.519991438835859e-05,-1
92,3,block_balanced,-100.0,907334717.9465564,0,29.261965456068882,69891944495.51678,0.07344229034289351,7156.202315946551,0.8045285226507921,1.7491631847749007,7.1900081820786e-05,-1
92,3,pdp_aware_greedy,-56.299653536009025,56.299653536009025,1,4.1350760991804005,4335.718803738648,0.01686447776664875,1013.6654013805858,0.9783799241777718,0.24841968066159806,0.00029909994918853045,-1
92,3,local_search,-4.240611518503455,4.240611518503455,1,10.01993654737317,280.28253901529513,0.007527178763602979,2452.294623984346,0.9783799241777718,0.6000660343561531,0.021084100008010864,-1
92,3,beam_search,-3.782411608034839,3.782411608034839,1,4.991886474831094,283.71846722984765,0.007568717516877279,1223.1954729210206,0.9783799241777718,0.29957113764857796,0.028313899994827807,-1
92,3,simulated_annealing,-4.240611518503455,4.240611518503455,1,10.01993654737317,280.28253901529513,0.007527178763602979,2452.294623984346,0.9783799241777718,0.6000660343561531,0.007605699938721955,-1
92,3,block_beam_strong,-0.9786201745854484,0.9786201745854484,1,2.9584738995358153,83.40592956336525,0.0033949464800080843,726.0492125069953,0.949489820333676,0.17739795507015946,0.18573930009733886,-1
92,3,block_lns_strong,-0.9786201745854484,0.9786201745854484,1,2.9584738995358153,83.40592956336525,0.0033949464800080843,726.0492125069953,0.949489820333676,0.17739795507015946,0.07290969998575747,-1
92,3,hybrid_heuristic,-0.9786201745854484,0.9786201745854484,1,2.9584738995358153,83.40592956336525,0.0033949464800080843,726.0492125069953,0.949489820333676,0.17739795507015946,0.013237399980425835,-1
92,4,autoreg_rl_pure,-0.21785026101628435,0.21785026101628435,1,2.178498821068321,30.812007747298622,3.229454191312119e-09,644.8468550414564,0.9241134559207916,0.12458704538428245,0.028303599916398525,16
92,4,random,-100.0,36967.63642216455,0,71.85531957986967,2847092.362963965,0.03898059612593876,21181.719222598644,0.9241134559207916,4.086678885524525,0.024181999964639544,-1
92,4,latency_greedy,-3103.9504148997585,3103.9504148997585,1,11.135255640043887,239042.17125144487,0.03053457051783922,3284.757356862996,0.9588364157574497,0.6300849425670086,6.340001709759235e-05,-1
92,4,block_balanced,-106410.53460450083,106410.53460450083,1,14.021175714633085,8196720.583896964,0.04258561825661179,4135.397411670667,0.7024215823045028,0.7940430591889074,7.179996464401484e-05,-1
92,4,pdp_aware_greedy,-0.4003624428554158,0.4003624428554158,1,2.5520678435161623,41.99331115410057,0.0010555149848771581,754.9334099095076,0.9588364157574497,0.14582786726141542,0.0003108000382781029,-1
92,4,local_search,-0.35680340718391035,0.35680340718391035,1,2.5231122332645386,38.86100588166275,0.0007912362893967305,746.3976615771346,0.9588364157574497,0.14404152152791005,0.018318200018256903,-1
92,4,beam_search,-0.21408312828174778,0.21408312828174778,1,2.1408273776838187,30.81200864114747,3.328354572826337e-09,633.7268783826996,0.9588364157574497,0.1222448337680918,0.03157269989605993,-1
92,4,simulated_annealing,-0.35680340718391035,0.35680340718391035,1,2.5231122332645386,38.86100588166275,0.0007912362893967305,746.3976615771346,0.9588364157574497,0.14404152152791005,0.006754000089131296,-1
92,4,block_beam_strong,-0.2083851696717533,0.2083851696717533,1,2.0838475717932554,30.812010334193427,3.5156825354115954e-09,616.9328377482575,0.9326330405918849,0.11901041877862462,0.35445379989687353,-1
92,4,block_lns_strong,-0.20477688491670665,0.20477688491670665,1,2.047765371893894,30.812005345340435,2.963688235653873e-09,606.3027162860087,0.9326330405918849,0.11707266629580834,0.07103660004213452,-1
92,4,hybrid_heuristic,-0.20477688491670665,0.20477688491670665,1,2.047765371893894,30.812005345340435,2.963688235653873e-09,606.3027162860087,0.9326330405918849,0.11707266629580834,0.013468699995428324,-1
92,5,autoreg_rl_pure,-0.2590429081973269,0.2590429081973269,1,2.502322052298082,31.490666537256438,7.427877490460101e-05,576.3346035967666,0.9709519428119382,0.13197385498950853,0.028052299981936812,16
92,5,random,-100.0,2.2066622555861955e+19,0,143.2040219285613,1.6997907527028753e+21,0.1549721264641074,32825.584924030874,0.8738567485307444,7.529319906932201,0.025684499996714294,-1
92,5,latency_greedy,-3.3145475590375715,3.3145475590375715,1,4.066175895497579,254.80966824396998,0.007202344721000879,934.6956644866594,0.9709519428119382,0.21279338891041114,6.510003004223108e-05,-1
92,5,block_balanced,-5.9252497544644225,5.9252497544644225,1,6.16576618431141,439.7387856826764,0.009062628503508703,1415.9938078368639,0.7166070621753655,0.3238884729917781,7.479998748749495e-05,-1
92,5,pdp_aware_greedy,-7.433498916100136,7.433498916100136,1,4.301392953502686,570.2803947648767,0.009948843636599876,988.6222569760581,0.9709519428119382,0.22452076851869238,0.00035560003016144037,-1
92,5,local_search,-3.3145475590375715,3.3145475590375715,1,4.066175895497579,254.80966824396998,0.007202344721000879,934.6956644866594,0.9709519428119382,0.21279338891041114,0.013327399967238307,-1
92,5,beam_search,-0.4903849134969317,0.4903849134969317,1,4.273012536089714,35.67130949979722,0.0004992557115253306,982.1305828935956,0.9709519428119382,0.2251382047249241,0.033385599963366985,-1
92,5,simulated_annealing,-3.3145475590375715,3.3145475590375715,1,4.066175895497579,254.80966824396998,0.007202344721000879,934.6956644866594,0.9709519428119382,0.21279338891041114,0.006622200016863644,-1
92,5,block_beam_strong,-0.2675208419110468,0.2675208419110468,1,2.5871007540140467,31.490671431902797,7.427930480386774e-05,595.7626323513643,0.9709519428119382,0.1365520447690359,0.3349210999440402,-1
92,5,block_lns_strong,-0.2587842888183412,0.2587842888183412,1,2.5015785099320076,31.476472603215683,7.274177900055854e-05,576.1684668306983,0.9385795940875914,0.13193345680153007,0.07152230001520365,-1
92,5,hybrid_heuristic,-0.2587842888183412,0.2587842888183412,1,2.5015785099320076,31.476472603215683,7.274177900055854e-05,576.1684668306983,0.9385795940875914,0.13193345680153007,0.012245799996890128,-1
92,6,autoreg_rl_pure,-1.436651071080263,1.436651071080263,1,4.215140698018876,109.00792735686049,0.004307596376798559,1007.79053161255,0.9813799221874365,0.21373432370423512,0.025358099956065416,16
92,6,random,-100.0,4546028282312749.0,0,125.43058867265728,3.501803149185684e+17,0.12603621760180617,29910.90552056734,0.9813799221874365,6.381787675799898,0.027535300003364682,-1
92,6,latency_greedy,-259724.04515355334,259724.04515355334,1,9.858283874762392,20006484.150590647,0.04562773323660636,2353.348584817893,0.9813799221874365,0.4988224698910603,8.139992132782936e-05,-1
92,6,block_balanced,-41423.433548970585,41423.433548970585,1,10.674316089222652,3190793.4537522164,0.0393691485703529,2547.954265455287,0.8178166018228638,0.5406077477149914,6.800005212426186e-05,-1
92,6,pdp_aware_greedy,-109.26255360984052,109.26255360984052,1,5.065983261152874,8408.277384725365,0.019122497833089776,1210.6526638575174,0.9813799221874365,0.2563966920532634,0.0004859999753534794,-1
92,6,local_search,-100.0,4546028282312749.0,0,125.43058867265728,3.501803149185684e+17,0.12603621760180617,29910.90552056734,0.9813799221874365,6.381787675799898,0.01638359995558858,-1
92,6,beam_search,-3.3139733795414443,3.3139733795414443,1,7.999457492165246,224.46739217149263,0.00677010306743089,1910.1223566603367,0.9813799221874365,0.4047909247106917,0.02866469998843968,-1
92,6,simulated_annealing,-100.0,4546028282312749.0,0,125.43058867265728,3.501803149185684e+17,0.12603621760180617,29910.90552056734,0.9813799221874365,6.381787675799898,0.010301299975253642,-1
92,6,block_beam_strong,-1.4831417737386285,1.4831417737386285,1,4.36180209882304,111.45937170643731,0.004383415653787032,1042.7819816390524,0.9813799221874365,0.22140593933211203,0.3071310000959784,-1
92,6,block_lns_strong,-1.4272649280768752,1.4272649280768752,1,4.235865979477898,108.12526653241764,0.004279878886439828,1012.7351416155991,0.9782838900373675,0.21478274342655848,0.07840689993463457,-1
92,6,hybrid_heuristic,-1.4272649280768752,1.4272649280768752,1,4.235865979477898,108.12526653241764,0.004279878886439828,1012.7351416155991,0.9782838900373675,0.21478274342655848,0.014111500000581145,-1
92,7,autoreg_rl_pure,-0.233363520766043,0.233363520766043,1,2.3172041784234656,30.938546690065536,1.3975527148967218e-05,624.0728927940484,0.9593459284231077,0.12869851090216314,0.02598130004480481,16
92,7,random,-100.0,2006056336820.6235,0,125.50768623357872,154526412099354.97,0.0996972038446161,33654.66583932595,0.8658367531499431,6.9929752728905274,0.023343099979683757,-1
92,7,latency_greedy,-870986.4363840313,870986.4363840313,1,9.150134515692752,67091998.8381645,0.0497529071182337,2456.1127087351097,0.9593459284231077,0.5137942686823055,6.230000872164965e-05,-1
92,7,block_balanced,-148860.99986021244,148860.99986021244,1,11.519922646881438,11466696.914330382,0.043730133932404366,3091.5654101122536,0.6859330602398853,0.6455469424092334,7.239996921271086e-05,-1
92,7,pdp_aware_greedy,-0.24095015769371392,0.24095015769371392,1,2.406158782608603,30.8377280867191,2.8478830133791324e-06,647.9354146923969,0.9740663472936861,0.13363908765544152,0.00030720001086592674,-1
92,7,local_search,-0.24095015769371392,0.24095015769371392,1,2.406158782608603,30.8377280867191,2.8478830133791324e-06,647.9354146923969,0.9740663472936861,0.13363908765544152,0.012644300004467368,-1
92,7,beam_search,-0.23205347048396924,0.23205347048396924,1,2.3043301738700137,30.93680197512667,1.3783266367774265e-05,620.634475335703,0.9407849637316087,0.1279834831843622,0.032296700053848326,-1
92,7,simulated_annealing,-0.231096669068624,0.231096669068624,1,2.3073658332222573,30.83971594566822,3.0676401964795886e-06,621.4399030844008,0.937695893144439,0.12815208500282854,0.006044599926099181,-1
92,7,block_beam_strong,-0.22331772194425584,0.22331772194425584,1,2.2290070559889723,30.844101306654643,3.5523903882526436e-06,600.4345413195679,0.9407849637316087,0.12380000500921343,0.36199000000488013,-1
92,7,block_lns_strong,-0.22331772194425584,0.22331772194425584,1,2.2290070559889723,30.844101306654643,3.5523903882526436e-06,600.4345413195679,0.9407849637316087,0.12380000500921343,0.07386090001091361,-1
92,7,hybrid_heuristic,-0.22331772194425584,0.22331772194425584,1,2.2290070559889723,30.844101306654643,3.5523903882526436e-06,600.4345413195679,0.9407849637316087,0.12380000500921343,0.01223520003259182,-1
92,8,autoreg_rl_pure,-0.30425314371640844,0.30425314371640844,1,2.673004737821721,33.6584407442879,0.00030123903085851737,735.9179471445912,0.9971372735730037,0.1527005660627178,0.028050600085407495,16
92,8,random,-100.0,3.883439428940139e+23,0,163.03264336489448,2.9914113105816595e+25,0.18829914344684967,44714.4655346381,0.9505249724894878,9.270996639407324,0.024342500022612512,-1
92,8,latency_greedy,-3342882.0655540503,3342882.0655540503,1,10.504310006481,257501976.22784805,0.05433816846538188,2883.578358384245,0.9858672459742956,0.5958176300516292,6.310001481324434e-05,-1
92,8,block_balanced,-3760620.5508905794,3760620.5508905794,1,12.467534764079595,289680334.2397487,0.05473960519469411,3422.0417617269995,0.7387932667664711,0.7083881999366949,6.909994408488274e-05,-1
92,8,pdp_aware_greedy,-0.5895753446817624,0.5895753446817624,1,3.1633874436189435,51.85937923702945,0.0017749453223504636,870.400856754442,0.9850576890219614,0.18000351691325966,0.00029710005037486553,-1
92,8,local_search,-0.5474528845421858,0.5474528845421858,1,2.9441647288544313,50.303359787042865,0.0016710873209957388,810.2834344681885,0.9971372735730037,0.16768823449130824,0.018494399962946773,-1
92,8,beam_search,-0.2900439845342159,0.2900439845342159,1,2.617599068685446,32.99069954647854,0.0002329246662224389,720.7114631621055,0.9971372735730037,0.14955583549775098,0.03124119993299246,-1
92,8,simulated_annealing,-0.5474528845421858,0.5474528845421858,1,2.9441647288544313,50.303359787042865,0.0016710873209957388,810.2834344681885,0.9971372735730037,0.16768823449130824,0.006238600006327033,-1
92,8,block_beam_strong,-0.30037429216173345,0.30037429216173345,1,2.7209021446407493,32.99069954894251,0.0002329246664770612,749.0494923192972,0.9850576890219614,0.15534709602058502,0.3449110999936238,-1
92,8,block_lns_strong,-0.2900439845342159,0.2900439845342159,1,2.617599068685446,32.99069954647854,0.0002329246662224389,720.7114631621055,0.9971372735730037,0.14955583549775098,0.07449849997647107,-1
92,8,hybrid_heuristic,-0.2900439845342159,0.2900439845342159,1,2.617599068685446,32.99069954647854,0.0002329246662224389,720.7114631621055,0.9971372735730037,0.14955583549775098,0.013252900098450482,-1
92,9,autoreg_rl_pure,-0.44018218166745415,0.44018218166745415,1,2.9333277027402174,42.12378084840351,0.0010660906971017687,814.9919380544545,0.9602008119429885,0.1576525754825897,0.028041700017638505,16
92,9,random,-100.0,3.5516620844921078e+19,0,201.94525233775906,2.7358433999866293e+21,0.15659468797259024,55922.27061057863,0.8819286815403857,10.84802234274132,0.0230716000078246,-1
92,9,latency_greedy,-100.0,17605124618.33894,0,55.77020762346625,1356121805313.8306,0.08355208031064154,15445.738507865844,0.9921697667329339,3.018021386487953,6.350001785904169e-05,-1
92,9,block_balanced,-100.0,2609026492039.742,0,80.76792993065104,200973170836913.2,0.10059316628062054,22367.783242341702,0.6967696893156085,4.365499367897856,7.27999722585082e-05,-1
92,9,pdp_aware_greedy,-1.2635134370658943,1.2635134370658943,1,3.6144784365220333,100.29804286969284,0.004023696285509993,1003.6827776947484,0.9921697667329339,0.19533187389925596,0.0002975000534206629,-1
92,9,local_search,-1.0281290321473155,1.0281290321473155,1,5.186695860880643,70.05561238274463,0.002800277745267022,1439.0362529833046,0.9290262524208113,0.2794160985329173,0.01803069992456585,-1
92,9,beam_search,-0.42057933724530916,0.42057933724530916,1,2.9801377343083333,40.25319737101534,0.0009112340750837527,827.9624436717004,0.9602008119429885,0.16048834600853537,0.032219600048847497,-1
92,9,simulated_annealing,-1.0281290321473155,1.0281290321473155,1,5.186695860880643,70.05561238274463,0.002800277745267022,1439.0362529833046,0.9290262524208113,0.2794160985329173,0.007016599993221462,-1
92,9,block_beam_strong,-0.4380130216638034,0.4380130216638034,1,3.0854283607352846,40.7850600163161,0.0009559847421555428,857.1092711624375,0.8678586620438228,0.16590842936317116,0.3614939999533817,-1
92,9,block_lns_strong,-0.42057933724530916,0.42057933724530916,1,2.9801377343083333,40.25319737101534,0.0009112340750837527,827.9624436717004,0.9602008119429885,0.16048834600853537,0.06377030001021922,-1
92,9,hybrid_heuristic,-0.42057933724530916,0.42057933724530916,1,2.9801377343083333,40.25319737101534,0.0009112340750837527,827.9624436717004,0.9602008119429885,0.16048834600853537,0.011576300021260977,-1
92,10,autoreg_rl_pure,-0.2601759156817093,0.2601759156817093,1,2.5336684535716554,31.336480882055966,5.7545483165740035e-05,644.0734969127644,0.9991183241670863,0.13562836008574444,0.026885899947956204,16
92,10,random,-100.0,614028887860.4514,0,90.53575513491243,47298612319158.664,0.09566109317871158,22917.987685234748,0.9991183241670863,4.860914507122399,0.025016299914568663,-1
92,10,latency_greedy,-165.01625164157667,165.01625164157667,1,4.489777687410777,12707.42026414723,0.020530397916877857,1139.1751525161824,0.9401024133928073,0.24033972717885765,7.100007496774197e-05,-1
92,10,block_balanced,-608361.4022924117,608361.4022924117,1,11.418906219809664,46861989.0625026,0.048529484750642886,2893.0293134504964,0.7224760869704869,0.612225978916531,0.00018039997667074203,-1
92,10,pdp_aware_greedy,-0.2601759156817093,0.2601759156817093,1,2.5336684535716554,31.336480882055966,5.7545483165740035e-05,644.0734969127644,0.9991183241670863,0.13562836008574444,0.00042069994378834963,-1
92,10,local_search,-0.2601759156817093,0.2601759156817093,1,2.5336684535716554,31.336480882055966,5.7545483165740035e-05,644.0734969127644,0.9991183241670863,0.13562836008574444,0.012948899995535612,-1
92,10,beam_search,-0.2601759156817093,0.2601759156817093,1,2.5336684535716554,31.336480882055966,5.7545483165740035e-05,644.0734969127644,0.9991183241670863,0.13562836008574444,0.03080710000358522,-1
92,10,simulated_annealing,-0.2601759156817093,0.2601759156817093,1,2.5336684535716554,31.336480882055966,5.7545483165740035e-05,644.0734969127644,0.9991183241670863,0.13562836008574444,0.006556499982252717,-1
92,10,block_beam_strong,-0.2601759156817093,0.2601759156817093,1,2.5336684535716554,31.336480882055966,5.7545483165740035e-05,644.0734969127644,0.9991183241670863,0.13562836008574444,0.2888912999769673,-1
92,10,block_lns_strong,-0.2601759156817093,0.2601759156817093,1,2.5336684535716554,31.336480882055966,5.7545483165740035e-05,644.0734969127644,0.9991183241670863,0.13562836008574444,0.06940759997814894,-1
92,10,hybrid_heuristic,-0.2601759156817093,0.2601759156817093,1,2.5336684535716554,31.336480882055966,5.7545483165740035e-05,644.0734969127644,0.9991183241670863,0.13562836008574444,0.013184200040996075,-1
92,11,autoreg_rl_pure,-13.76489896597052,13.76489896597052,1,6.021665089337351,1044.736554200501,0.012012752287177731,1688.9370437807208,0.975095282620216,0.35360364294587443,0.026247199974022806,16
92,11,random,-100.0,5.52917518951248e+21,0,150.89966942105812,4.259120684833032e+23,0.1738036801206429,42254.16659985027,0.975095282620216,8.884071089406842,0.028375399997457862,-1
92,11,latency_greedy,-100.0,75817506697.08122,0,18.789001298302395,5840218476929.448,0.08853000297354759,5263.716539111722,0.975095282620216,1.1046034313026196,0.00017769995611160994,-1
92,11,block_balanced,-100.0,1754818907.0417197,0,19.72812308329684,135173606229.64241,0.07569103841870965,5526.6929647887,0.853208372292689,1.1597787164776474,0.00010069995187222958,-1
92,11,pdp_aware_greedy,-1994.6470403197573,1994.6470403197573,1,7.836843305962113,153617.9994189494,0.029027116304833615,2197.202953113853,0.9873805847196943,0.4628343009910152,0.0002941000275313854,-1
92,11,local_search,-100.0,5.52917518951248e+21,0,150.89966942105812,4.259120684833032e+23,0.1738036801206429,42254.16659985027,0.975095282620216,8.884071089406842,0.015442200005054474,-1
92,11,beam_search,-2.6932310488015663,2.6932310488015663,1,5.566782654995761,195.3905249380401,0.006297142529815216,1561.5623521523041,0.9063949166211331,0.3283091435443578,0.028216100065037608,-1
92,11,simulated_annealing,-100.0,5.52917518951248e+21,0,150.89966942105812,4.259120684833032e+23,0.1738036801206429,42254.16659985027,0.975095282620216,8.884071089406842,0.010669000097550452,-1
92,11,block_beam_strong,-2.6183850370253916,2.6183850370253916,1,5.800501933353063,187.82480231423528,0.006162510664967541,1627.0215689244028,0.9063949166211331,0.3421057068766162,0.35257290001027286,-1
92,11,block_lns_strong,-2.6183850370253916,2.6183850370253916,1,5.800501933353063,187.82480231423528,0.006162510664967541,1627.0215689244028,0.9063949166211331,0.3421057068766162,0.07954310008790344,-1
92,11,hybrid_heuristic,-2.6183850370253916,2.6183850370253916,1,5.800501933353063,187.82480231423528,0.006162510664967541,1627.0215689244028,0.9063949166211331,0.3421057068766162,0.013838899903930724,-1
92,12,autoreg_rl_pure,-0.26080220973790713,0.26080220973790713,1,2.5986015834039713,30.88454472857989,8.019690067398813e-06,562.5169268283271,0.9733547667017866,0.1149206995042609,0.030168100027367473,16
92,12,random,-100.0,16438525.169429813,0,82.70779948238398,1266258106.4073412,0.059768339570813664,17816.98888099617,0.9606784683679259,3.623784256239021,0.026085699908435345,-1
92,12,latency_greedy,-2.1446915369109876,2.1446915369109876,1,3.424117601961714,169.64149315772684,0.005815377026216269,740.2683930352017,0.9807910870616324,0.14925025048677057,6.310001481324434e-05,-1
92,12,block_balanced,-35.942635387933755,35.942635387933755,1,6.944522788480679,2745.977634143467,0.015307319777702812,1498.545727450164,0.7846328696493059,0.30346929395633276,7.259997073560953e-05,-1
92,12,pdp_aware_greedy,-7.7381260574893656,7.7381260574893656,1,3.394879228297606,600.7286775043401,0.01012617450012723,734.0094844921778,0.9733547667017866,0.14887626071481944,0.0003109000390395522,-1
92,12,local_search,-0.729431592551866,0.729431592551866,1,6.021003153395015,40.62030001861156,0.0009421846098273065,1299.6111441582418,0.9569991530853421,0.26352945756668594,0.019284000038169324,-1
92,12,beam_search,-0.25784916887836035,0.25784916887836035,1,2.5691351323534084,30.884052063954297,7.965306520788544e-06,556.1659927700786,0.9733547667017866,0.11350448538814915,0.03272089990787208,-1
92,12,simulated_annealing,-0.729431592551866,0.729431592551866,1,6.021003153395015,40.62030001861156,0.0009421846098273065,1299.6111441582418,0.9569991530853421,0.26352945756668594,0.0069991000927984715,-1
92,12,block_beam_strong,-0.2617065341712931,0.2617065341712931,1,2.608410857022962,30.878644009102455,7.368272986520069e-06,564.6260191061924,0.9807910870616324,0.1153448504969169,0.32047990011051297,-1
92,12,block_lns_strong,-0.25784916887836035,0.25784916887836035,1,2.5691351323534084,30.884052063954297,7.965306520788544e-06,556.1659927700786,0.9733547667017866,0.11350448538814915,0.0697547000600025,-1
92,12,hybrid_heuristic,-0.25784916887836035,0.25784916887836035,1,2.5691351323534084,30.884052063954297,7.965306520788544e-06,556.1659927700786,0.9733547667017866,0.11350448538814915,0.012915299972519279,-1
92,13,autoreg_rl_pure,-0.21877606120188545,0.21877606120188545,1,2.1853505349307256,30.830543370815626,2.053496781358063e-06,603.0523820072906,0.9591575293096254,0.13049848860963528,0.0261697000823915,16
92,13,random,-100.0,201214521.30047002,0,83.09690880250655,15499543181.35548,0.06830754174297178,22826.994610444573,0.9591575293096254,4.967457957382736,0.026472500059753656,-1
92,13,latency_greedy,-27.293872799774658,27.293872799774658,1,5.543243299404912,2090.5579639463595,0.01437760691337701,1525.3200481114743,0.9866641111387995,0.33337594513070706,7.329997606575489e-05,-1
92,13,block_balanced,-26.73495958804881,26.73495958804881,1,6.076840907196585,2043.3946096922461,0.014299813662531698,1671.934516360075,0.7992979410913544,0.36510186429136465,6.97999494150281e-05,-1
92,13,pdp_aware_greedy,-0.5348711523910725,0.5348711523910725,1,2.5777528301365003,52.15665852567532,0.0017944325209508746,710.8332976944117,0.9591575293096254,0.1539308421990464,0.0002967000473290682,-1
92,13,local_search,-0.5348711523910725,0.5348711523910725,1,2.5777528301365003,52.15665852567532,0.0017944325209508746,710.8332976944117,0.9591575293096254,0.1539308421990464,0.013242800021544099,-1
92,13,beam_search,-0.22472798338561584,0.22472798338561584,1,2.2443367443857483,30.834649162339378,2.507480925173589e-06,619.2540906763002,0.9591575293096254,0.13402085770312985,0.02963359991554171,-1
92,13,simulated_annealing,-0.5348711523910725,0.5348711523910725,1,2.5777528301365003,52.15665852567532,0.0017944325209508746,710.8332976944117,0.9591575293096254,0.1539308421990464,0.006913800025358796,-1
92,13,block_beam_strong,-0.22472798338561584,0.22472798338561584,1,2.2443367443857483,30.834649162339378,2.507480925173589e-06,619.2540906763002,0.9591575293096254,0.13402085770312985,0.34159440000075847,-1
92,13,block_lns_strong,-0.22472798338561584,0.22472798338561584,1,2.2443367443857483,30.834649162339378,2.507480925173589e-06,619.2540906763002,0.9591575293096254,0.13402085770312985,0.07234069996047765,-1
92,13,hybrid_heuristic,-0.22472798338561584,0.22472798338561584,1,2.2443367443857483,30.834649162339378,2.507480925173589e-06,619.2540906763002,0.9591575293096254,0.13402085770312985,0.01347690005786717,-1
92,14,autoreg_rl_pure,-0.15827698157758632,0.15827698157758632,1,1.5121318730943165,31.356102253779063,5.967949634454193e-05,372.5530640898452,0.9785810161500785,0.10823731880894519,0.025890300050377846,16
92,14,random,-100.0,34441542.566895716,0,95.41871882629789,2653029473.656835,0.06228991480982996,23340.74471303128,0.7863434509401294,6.789178217459395,0.025339999934658408,-1
92,14,latency_greedy,-13.266708338499285,13.266708338499285,1,4.293366122575938,1019.6740345467521,0.011929970676483893,1052.7979228030013,0.9980281533602638,0.3043456975469185,6.240000948309898e-05,-1
92,14,block_balanced,-4943.10858510849,4943.10858510849,1,9.625246305633638,380724.0581172046,0.03212133621813773,2356.95333777584,0.685006711305055,0.6860876455079574,6.799993570894003e-05,-1
92,14,pdp_aware_greedy,-0.4291343650108898,0.4291343650108898,1,1.7991885637262015,50.009035832331016,0.001651081511157425,442.76275975638544,0.9785810161500785,0.12926433566709475,0.00030970002990216017,-1
92,14,local_search,-0.4291343650108898,0.4291343650108898,1,1.7991885637262015,50.009035832331016,0.001651081511157425,442.76275975638544,0.9785810161500785,0.12926433566709475,0.012536599999293685,-1
92,14,beam_search,-0.15827698157758632,0.15827698157758632,1,1.5121318730943165,31.356102253779063,5.967949634454193e-05,372.5530640898452,0.9785810161500785,0.10823731880894519,0.03259850002359599,-1
92,14,simulated_annealing,-0.4291343650108898,0.4291343650108898,1,1.7991885637262015,50.009035832331016,0.001651081511157425,442.76275975638544,0.9785810161500785,0.12926433566709475,0.006429099943488836,-1
92,14,block_beam_strong,-0.15827698157758632,0.15827698157758632,1,1.5121318730943165,31.356102253779063,5.967949634454193e-05,372.5530640898452,0.9785810161500785,0.10823731880894519,0.23140659998171031,-1
92,14,block_lns_strong,-0.15827698157758632,0.15827698157758632,1,1.5121318730943165,31.356102253779063,5.967949634454193e-05,372.5530640898452,0.9785810161500785,0.10823731880894519,0.04875830002129078,-1
92,14,hybrid_heuristic,-0.15827698157758632,0.15827698157758632,1,1.5121318730943165,31.356102253779063,5.967949634454193e-05,372.5530640898452,0.9785810161500785,0.10823731880894519,0.0127598000690341,-1
92,15,autoreg_rl_pure,-0.7709748022717648,0.7709748022717648,1,1.9861362303903818,74.90092951755256,0.0030282752497581976,443.939976545302,0.9896514295368738,0.08245275177989536,0.028039900003932416,16
92,15,random,-100.0,5.108554380917738e+20,0,162.11562433897842,3.935116701426057e+22,0.1656839373597447,36013.49218333044,0.9184508500438114,6.638430873300423,0.022621499956585467,-1
92,15,latency_greedy,-2344331.3021531613,2344331.3021531613,1,13.621019766346658,180583640.43759003,0.05312846671665369,3028.381351293232,0.996324953595306,0.5556576463575297,5.879998207092285e-05,-1
92,15,block_balanced,-25625923.308075313,25625923.308075313,1,20.304741111318997,1973963373.2713385,0.06128195156984609,4513.069639586307,0.6721217898166505,0.829959826169697,7.119996007531881e-05,-1
92,15,pdp_aware_greedy,-183.93420986938827,183.93420986938827,1,5.631613344131834,14155.874018485933,0.02089840031844342,1253.744026875288,0.9896514295368738,0.22980706248925603,0.00031530007254332304,-1
92,15,local_search,-100.0,5.108554380917738e+20,0,162.11562433897842,3.935116701426057e+22,0.1656839373597447,36013.49218333044,0.9184508500438114,6.638430873300423,0.014949899981729686,-1
92,15,beam_search,-0.7709748022717648,0.7709748022717648,1,1.9861362303903818,74.90092951755256,0.0030282752497581976,443.939976545302,0.9896514295368738,0.08245275177989536,0.03293460002169013,-1
92,15,simulated_annealing,-100.0,5.108554380917738e+20,0,162.11562433897842,3.935116701426057e+22,0.1656839373597447,36013.49218333044,0.9184508500438114,6.638430873300423,0.009956799913197756,-1
92,15,block_beam_strong,-0.7709748022717648,0.7709748022717648,1,1.9861362303903818,74.90092951755256,0.0030282752497581976,443.939976545302,0.9896514295368738,0.08245275177989536,0.35855710005853325,-1
92,15,block_lns_strong,-0.7709748022717648,0.7709748022717648,1,1.9861362303903818,74.90092951755256,0.0030282752497581976,443.939976545302,0.9896514295368738,0.08245275177989536,0.05186369991861284,-1
92,15,hybrid_heuristic,-0.7709748022717648,0.7709748022717648,1,1.9861362303903818,74.90092951755256,0.0030282752497581976,443.939976545302,0.9896514295368738,0.08245275177989536,0.01288990001194179,-1
92,16,autoreg_rl_pure,-0.15614839245671652,0.15614839245671652,1,1.5446591071539424,30.94158003827654,1.4309764480685874e-05,430.29348320512764,0.9875649443221823,0.08475567180927554,0.026062499964609742,16
92,16,random,-100.0,226737.79701615192,0,83.50439315491201,17464987.929050755,0.04516456381983404,23118.671314867937,0.9439363502700658,4.511452697816053,0.024614599999040365,-1
92,16,latency_greedy,-0.15614839245671652,0.15614839245671652,1,1.5446591071539424,30.94158003827654,1.4309764480685874e-05,430.29348320512764,0.9875649443221823,0.08475567180927554,6.0999998822808266e-05,-1
92,16,block_balanced,-14.486598847356397,14.486598847356397,1,4.901816528257577,1108.955244843992,0.012216123995030824,1359.6993217791564,0.6610339073913376,0.2652208503139175,6.929994560778141e-05,-1
92,16,pdp_aware_greedy,-0.15614839245671652,0.15614839245671652,1,1.5446591071539424,30.94158003827654,1.4309764480685874e-05,430.29348320512764,0.9875649443221823,0.08475567180927554,0.0003111000405624509,-1
92,16,local_search,-0.1517276273169648,0.1517276273169648,1,1.4986952193071572,30.95510831823179,1.580001422926937e-05,417.5710696195461,0.9875649443221823,0.08226799279080925,0.016937299980781972,-1
92,16,beam_search,-0.1517276273169648,0.1517276273169648,1,1.4986952193071572,30.95510831823179,1.580001422926937e-05,417.5710696195461,0.9875649443221823,0.08226799279080925,0.033130900003015995,-1
92,16,simulated_annealing,-0.1517276273169648,0.1517276273169648,1,1.4986952193071572,30.95510831823179,1.580001422926937e-05,417.5710696195461,0.9875649443221823,0.08226799279080925,0.006654700031504035,-1
92,16,block_beam_strong,-0.1517276273169648,0.1517276273169648,1,1.4986952193071572,30.95510831823179,1.580001422926937e-05,417.5710696195461,0.9875649443221823,0.08226799279080925,0.330951499985531,-1
92,16,block_lns_strong,-0.1517276273169648,0.1517276273169648,1,1.4986952193071572,30.95510831823179,1.580001422926937e-05,417.5710696195461,0.9875649443221823,0.08226799279080925,0.05177060002461076,-1
92,16,hybrid_heuristic,-0.1517276273169648,0.1517276273169648,1,1.4986952193071572,30.95510831823179,1.580001422926937e-05,417.5710696195461,0.9875649443221823,0.08226799279080925,0.012240199954248965,-1
92,17,autoreg_rl_pure,-0.25248304997774446,0.25248304997774446,1,2.4713041138339955,31.224292023943768,4.5318143699131704e-05,690.9804026744109,0.9482631926034093,0.16624698421313217,0.026580299949273467,16
92,17,random,-100.0,13309103952614.318,0,100.63860423207265,1025199564098630.0,0.10614837731220034,28028.11258078418,0.916121100681492,6.782587230573056,0.023225899902172387,-1
92,17,latency_greedy,-7.761086782638085,7.761086782638085,1,4.180494564767836,596.4457502059298,0.010101781287256317,1166.9300972983488,0.9836349986717882,0.2801776230034862,6.089999806135893e-05,-1
92,17,block_balanced,-10514.400562067425,10514.400562067425,1,11.424768890647739,809866.5187672136,0.034694590256948404,3184.3476575574678,0.6637842348223866,0.7666199043827215,6.780005060136318e-05,-1
92,17,pdp_aware_greedy,-3.2789624384253995,3.2789624384253995,1,3.1853022656361754,258.85391315990654,0.007256029544408746,889.8012274982492,0.9836349986717882,0.21394437420293744,0.00030720001086592674,-1
92,17,local_search,-1.9061082448439108,1.9061082448439108,1,3.2897974155344007,152.29810263400066,0.005447701985863092,918.9093984970916,0.9482631926034093,0.22110257705312197,0.01922349992673844,-1
92,17,beam_search,-0.4595679308922954,0.4595679308922954,1,4.1118127171219125,34.53920032303311,0.00038930255307635794,1147.82344508871,0.9836349986717882,0.27619421506463393,0.029592900071293116,-1
92,17,simulated_annealing,-1.9061082448439108,1.9061082448439108,1,3.2897974155344007,152.29810263400066,0.005447701985863092,918.9093984970916,0.9482631926034093,0.22110257705312197,0.0065657999366521835,-1
92,17,block_beam_strong,-0.25386215179102933,0.25386215179102933,1,2.485094565359167,31.22429638851967,4.5318620243461946e-05,694.8408383259074,0.8606806238378146,0.16748105511986053,0.37017230002675205,-1
92,17,block_lns_strong,-0.2454476004686026,0.2454476004686026,1,2.400937738196618,31.224383539725608,4.532813579619757e-05,671.3920928954628,0.9482631926034093,0.1616859309273984,0.07472689996939152,-1
92,17,hybrid_heuristic,-0.2454476004686026,0.2454476004686026,1,2.400937738196618,31.224383539725608,4.532813579619757e-05,671.3920928954628,0.9482631926034093,0.1616859309273984,0.012458999990485609,-1
92,18,autoreg_rl_pure,-0.2322757637114464,0.2322757637114464,1,2.3227063266188255,30.812373804396707,4.3731796582907155e-08,642.0543774023928,0.9673099959990142,0.11531593232779176,0.024606200051493943,16
92,18,random,-100.0,726411349.93331,0,92.14179991796381,55955426670.62037,0.07268409892884897,25364.945452451928,0.9702095252773573,4.595826545406396,0.02546160004567355,-1
92,18,latency_greedy,-1.9746703784920325,1.9746703784920325,1,3.45763173182299,156.2866132751962,0.005535836174639074,954.4350259759728,0.9673099959990142,0.1716618335395607,8.180004078894854e-05,-1
92,18,block_balanced,-1.8174286466604954,1.8174286466604954,1,4.877556820784363,133.2366157509557,0.004991845507621296,1345.3053484229972,0.808507937731131,0.2428875120253704,7.210008334368467e-05,-1
92,18,pdp_aware_greedy,-1.1177399408313438,1.1177399408313438,1,3.256539838482121,91.82631737037633,0.003722842807299698,899.1016453288466,0.9702095252773573,0.1625545776455492,0.0002933000214397907,-1
92,18,local_search,-1.1177399408313438,1.1177399408313438,1,3.256539838482121,91.82631737037633,0.003722842807299698,899.1016453288466,0.9702095252773573,0.1625545776455492,0.013103499892167747,-1
92,18,beam_search,-0.21750166334351212,0.21750166334351212,1,2.174964061513874,30.812383521151407,4.480689915054051e-08,601.3833645297447,0.9673099959990142,0.10798093829537865,0.031781200086697936,-1
92,18,simulated_annealing,-1.1177399408313438,1.1177399408313438,1,3.256539838482121,91.82631737037633,0.003722842807299698,899.1016453288466,0.9702095252773573,0.1625545776455492,0.006890699965879321,-1
92,18,block_beam_strong,-0.22203421511647156,0.22203421511647156,1,2.220300697012036,30.812297881039722,3.533130567948422e-08,613.8596099453789,0.9395298008182544,0.11023177660892744,0.23534589994233102,-1
92,18,block_lns_strong,-0.21750166334351212,0.21750166334351212,1,2.174964061513874,30.812383521151407,4.480689915054051e-08,601.3833645297447,0.9673099959990142,0.10798093829537865,0.06524670007638633,-1
92,18,hybrid_heuristic,-0.21750166334351212,0.21750166334351212,1,2.174964061513874,30.812383521151407,4.480689915054051e-08,601.3833645297447,0.9673099959990142,0.10798093829537865,0.013498699991032481,-1
92,19,autoreg_rl_pure,-0.45484654186406787,0.45484654186406787,1,2.5794691015670086,45.97914663648455,0.001364654102113387,620.5922449948521,0.9611875808894117,0.16515884305539835,0.02784250001423061,16
92,19,random,-100.0,3.850019460320724e+16,0,122.90478875368264,2.9656679266672896e+18,0.13331968794410815,29442.956570445866,0.9024365737006127,7.896935883625042,0.024266500025987625,-1
92,19,latency_greedy,-1.210734034217582,1.210734034217582,1,1.8045540761746468,110.17428594380027,0.004343880343888474,434.93032216258075,0.9696554534063629,0.11535641594804542,5.8399979025125504e-05,-1
92,19,block_balanced,-2982.9452510024585,2982.9452510024585,1,9.365740548711987,229734.78052759962,0.030399175509234433,2246.1536220951875,0.6768274302754596,0.602006523358558,6.829993799328804e-05,-1
92,19,pdp_aware_greedy,-71.35984806451229,71.35984806451229,1,3.9236039002612055,5497.433750254739,0.017673803951242142,942.5446361625723,0.9611875808894117,0.25319383306176707,0.00030940002761781216,-1
92,19,local_search,-1.210734034217582,1.210734034217582,1,1.8045540761746468,110.17428594380027,0.004343880343888474,434.93032216258075,0.9696554534063629,0.11535641594804542,0.012476100004278123,-1
92,19,beam_search,-1.210734034217582,1.210734034217582,1,1.8045540761746468,110.17428594380027,0.004343880343888474,434.93032216258075,0.9696554534063629,0.11535641594804542,0.030124700046144426,-1
92,19,simulated_annealing,-1.210734034217582,1.210734034217582,1,1.8045540761746468,110.17428594380027,0.004343880343888474,434.93032216258075,0.9696554534063629,0.11535641594804542,0.006630799965932965,-1
92,19,block_beam_strong,-0.44645805285013607,0.44645805285013607,1,2.759978696349558,43.942517336290884,0.0012101977364213036,663.8302055469336,0.9285786323018911,0.17722966203431748,0.3529294999316335,-1
92,19,block_lns_strong,-0.41338303052442416,0.41338303052442416,1,2.6406386630486205,42.31402577622106,0.0010814531569269196,635.2494392456305,0.9285786323018911,0.16960083078870608,0.06548270001076162,-1
92,19,hybrid_heuristic,-0.41338303052442416,0.41338303052442416,1,2.6406386630486205,42.31402577622106,0.0010814531569269196,635.2494392456305,0.9285786323018911,0.16960083078870608,0.012324500014074147,-1
92,20,autoreg_rl_pure,-0.26073026545184824,0.26073026545184824,1,2.406108368639052,32.36177706564788,0.00016730525065041332,618.7257456749692,0.9480655693544252,0.15328040179086633,0.02819520002231002,16
92,20,random,-100.0,5839655715.052376,0,91.37237022682652,449828366050.7972,0.0797899539122192,23394.623533419825,0.9480655693544252,5.838309431708008,0.025862499955110252,-1
92,20,latency_greedy,-915235.1947504105,915235.1947504105,1,7.33481646658075,70500492.30677003,0.04992185022486106,1880.4867399255997,0.9480655693544252,0.4672622520720792,6.350001785904169e-05,-1
92,20,block_balanced,-41587.07429539128,41587.07429539128,1,10.367212825849734,3203401.0572926183,0.039382592652112844,2656.8524764329086,0.7278368191862286,0.6612541577685466,7.449998520314693e-05,-1
92,20,pdp_aware_greedy,-0.3085464993260374,0.3085464993260374,1,2.833014724445068,32.756601627469884,0.00020864708923618087,728.0560426866006,0.9480655693544252,0.1811275557028065,0.0003043999895453453,-1
92,20,local_search,-0.3065592991795415,0.3065592991795415,1,2.8130563907966355,32.757266643816436,0.00020871630148486543,722.9560697765397,0.930142371015947,0.18001891971859388,0.019242700072936714,-1
92,20,beam_search,-0.2552718578313692,0.2552718578313692,1,2.351524292434261,32.36177706564788,0.00016730525065041332,604.7571792955313,0.9480655693544252,0.14980313981833684,0.033480299985967577,-1
92,20,simulated_annealing,-0.3065592991795415,0.3065592991795415,1,2.8130563907966355,32.757266643816436,0.00020871630148486543,722.9560697765397,0.930142371015947,0.18001891971859388,0.007039099931716919,-1
92,20,block_beam_strong,-0.26421912691434346,0.26421912691434346,1,2.3960514454876893,32.70799230222989,0.00020358421573959089,616.1485325202954,0.9480655693544252,0.15263972856038643,0.2857535000657663,-1
92,20,block_lns_strong,-0.2552718578313692,0.2552718578313692,1,2.351524292434261,32.36177706564788,0.00016730525065041332,604.7571792955313,0.9480655693544252,0.14980313981833684,0.06841139995958656,-1
92,20,hybrid_heuristic,-0.2552718578313692,0.2552718578313692,1,2.351524292434261,32.36177706564788,0.00016730525065041332,604.7571792955313,0.9480655693544252,0.14980313981833684,0.01340539997909218,-1
92,21,autoreg_rl_pure,-0.6145618708901088,0.6145618708901088,1,3.122940196921055,54.09565493609164,0.0019188755889388053,892.5978726790834,0.9581521596439818,0.21623919940852918,0.027193799964152277,16
92,21,random,-100.0,972551514229.0115,0,105.07516634655731,74915591011335.8,0.0972289247981295,29942.020284021826,0.9581521596439818,7.288180907725681,0.023362800013273954,-1
92,21,latency_greedy,-1.5499756403829208,1.5499756403829208,1,3.113298970504771,126.22479377717424,0.004807535995779342,889.7982175234702,0.9581521596439818,0.2170331239021474,6.290001329034567e-05,-1
92,21,block_balanced,-19563.21496055686,19563.21496055686,1,13.710087821745383,1506878.6030652027,0.036811458705697346,3909.243271902467,0.68646737591631,0.9500545015821293,6.759993266314268e-05,-1
92,21,pdp_aware_greedy,-177.781334371753,177.781334371753,1,4.909748381627593,13687.478870635345,0.02078368650670643,1401.715213323078,0.9581521596439818,0.3396702777952445,0.0003112000413239002,-1
92,21,local_search,-0.8648714725082988,0.8648714725082988,1,3.257838359306169,72.33787031030268,0.0029095715857736367,930.9996528393965,0.9581521596439818,0.22683709823286805,0.018457000027410686,-1
92,21,beam_search,-0.7659481303177276,0.7659481303177276,1,4.593541358699382,54.42889751874055,0.001939812747164015,1311.6179773779643,0.9581521596439818,0.3178269852876651,0.03087550005875528,-1
92,21,simulated_annealing,-0.8648714725082988,0.8648714725082988,1,3.257838359306169,72.33787031030268,0.0029095715857736367,930.9996528393965,0.9581521596439818,0.22683709823286805,0.007126900018192828,-1
92,21,block_beam_strong,-0.6290446021669593,0.6290446021669593,1,3.0021968436440085,56.14134435317669,0.002045420899938871,858.2022221451195,0.9455502909997795,0.20828036471717268,0.3492642999626696,-1
92,21,block_lns_strong,-0.5950852827643218,0.5950852827643218,1,2.9907267906520194,53.613813556535106,0.0018883729797862705,854.9368409940253,0.9455502909997795,0.20761535923894978,0.07894689997192472,-1
92,21,hybrid_heuristic,-0.5950852827643218,0.5950852827643218,1,2.9907267906520194,53.613813556535106,0.0018883729797862705,854.9368409940253,0.9455502909997795,0.20761535923894978,0.01308389997575432,-1
92,22,autoreg_rl_pure,-0.25769249754214557,0.25769249754214557,1,2.5602898819816406,30.940118595526304,1.41487357154255e-05,599.2272366635252,0.9652850652156705,0.1397023211235814,0.02805249998345971,16
92,22,random,-100.0,5013391463.622635,0,93.21182363883071,386181275036.9162,0.07926984734322737,21716.32711151396,0.9652850652156705,5.064873927595079,0.023042700020596385,-1
92,22,latency_greedy,-18.666073758470024,18.666073758470024,1,3.7035825920214864,1440.1299628146933,0.013107002013236531,865.5422422104468,0.9719339424089491,0.20155911420838155,6.240000948309898e-05,-1
92,22,block_balanced,-8.367338285826314,8.367338285826314,1,5.053496380666886,636.420542692759,0.010322941188073928,1180.054285468169,0.6739753779649625,0.27402116110800173,6.829993799328804e-05,-1
92,22,pdp_aware_greedy,-0.8343258882151587,0.8343258882151587,1,3.027036047482836,71.76281456032159,0.0028823614885932405,707.9506822379342,0.9719339424089491,0.16498985635051264,0.0003122000489383936,-1
92,22,local_search,-0.7138941293955443,0.7138941293955443,1,3.147890042232069,61.55502495983827,0.0023592693654585165,736.1155256712243,0.9719339424089491,0.17136967136870698,0.01866830000653863,-1
92,22,beam_search,-0.26325363383186867,0.26325363383186867,1,2.6300597697106785,30.83105555463686,2.1101330920964717e-06,615.5207664472501,0.8986338372866167,0.14336135660202073,0.03193019994068891,-1
92,22,simulated_annealing,-0.5555019041391487,0.5555019041391487,1,4.24697938312933,40.88780103639974,0.0009645620345469899,992.1361233699165,0.9719339424089491,0.231598351617397,0.006826500059105456,-1
92,22,block_beam_strong,-0.24350236389756222,0.24350236389756222,1,2.432987814564836,30.827660504448055,1.7346973599992354e-06,569.5954151843903,0.9526010796992033,0.13281163504435586,0.33297400001902133,-1
92,22,block_lns_strong,-0.24350236389756222,0.24350236389756222,1,2.432987814564836,30.827660504448055,1.7346973599992354e-06,569.5954151843903,0.9526010796992033,0.13281163504435586,0.0719391000457108,-1
92,22,hybrid_heuristic,-0.24350236389756222,0.24350236389756222,1,2.432987814564836,30.827660504448055,1.7346973599992354e-06,569.5954151843903,0.9526010796992033,0.13281163504435586,0.01184829999692738,-1
92,23,autoreg_rl_pure,-0.3247436005187066,0.3247436005187066,1,2.63841512836202,35.503263109743656,0.00048315707820674437,631.737754047005,0.992563743564646,0.16558915237197772,0.02853440004400909,16
92,23,random,-100.0,10779.021762760245,0,86.38230057367522,829672.8782080541,0.034776963811941605,20596.250302797882,0.9067113195216766,5.4131962918429215,0.02471899997908622,-1
92,23,latency_greedy,-33009.81628664662,33009.81628664662,1,8.860820851399307,2542706.936350986,0.038595119996819346,2115.151843988219,0.992563743564646,0.5564783352123842,6.370001938194036e-05,-1
92,23,block_balanced,-287225.2712027518,287225.2712027518,1,12.367040830897773,22124882.79414806,0.04597085827603672,2951.0731656959197,0.7579472303715064,0.775644935653295,7.209996692836285e-05,-1
92,23,pdp_aware_greedy,-0.38403742656982026,0.38403742656982026,1,2.797195966641401,38.84757540610282,0.0007900578525942817,669.5899245989713,0.992563743564646,0.17612790833860772,0.0003007999621331692,-1
92,23,local_search,-0.3762785106602873,0.3762785106602873,1,2.7188305152591186,38.85355518142828,0.0007905825892603126,650.9085238517563,0.992563743564646,0.17122295421982292,0.018706100061535835,-1
92,23,beam_search,-0.37118250373606726,0.37118250373606726,1,2.5683602338221108,39.620081812588246,0.0008571867195652104,615.0377392544958,0.916013326588737,0.1616471682042396,0.03198770002927631,-1
92,23,simulated_annealing,-0.3762785106602873,0.3762785106602873,1,2.7188305152591186,38.85355518142828,0.0007905825892603126,650.9085238517563,0.992563743564646,0.17122295421982292,0.006978599936701357,-1
92,23,block_beam_strong,-0.3483585210911725,0.3483585210911725,1,2.5875270175031253,37.71431002086129,0.0006891245214902208,619.6605432800027,0.992563743564646,0.16285267633523912,0.29244190000463277,-1
92,23,block_lns_strong,-0.3247436005187066,0.3247436005187066,1,2.63841512836202,35.503263109743656,0.00048315707820674437,631.737754047005,0.992563743564646,0.16558915237197772,0.07218410004861653,-1
92,23,hybrid_heuristic,-0.3247436005187066,0.3247436005187066,1,2.63841512836202,35.503263109743656,0.00048315707820674437,631.737754047005,0.992563743564646,0.16558915237197772,0.01243060000706464,-1
92,24,autoreg_rl_pure,-2.3569134306634987,2.3569134306634987,1,2.836770472397475,190.5132660491904,0.0062109630692712674,789.3317135327663,0.9544444379060183,0.1932102890858995,0.027116699959151447,16
92,24,random,-100.0,1.8779964980374617e+23,0,155.53942800493994,1.4466196958285575e+25,0.18582229811531725,43127.64167556826,0.8725392761340657,10.563864845895296,0.025069500086829066,-1
92,24,latency_greedy,-1048.8417049134196,1048.8417049134196,1,4.536865906786887,80788.08483616321,0.026836222599081055,1260.6559993634708,0.981606685650824,0.30724673875003594,6.430002395063639e-05,-1
92,24,block_balanced,-105615.44615104252,105615.44615104252,1,9.882100266047066,8135506.846219957,0.04256006246166659,2742.7390626784,0.7195259813984367,0.6700221655285324,6.750004831701517e-05,-1
92,24,pdp_aware_greedy,-745.5780833417128,745.5780833417128,1,3.827807463804107,57433.16619486825,0.02567297406913733,1064.0807206481343,0.981606685650824,0.26001187270848847,0.00030319998040795326,-1
92,24,local_search,-100.0,1.8779964980374617e+23,0,155.53942800493994,1.4466196958285575e+25,0.18582229811531725,43127.64167556826,0.8725392761340657,10.563864845895296,0.015177199966274202,-1
92,24,beam_search,-2.8854667427252045,2.8854667427252045,1,5.707424061245838,209.11507013860438,0.006528574869393015,1585.222908428423,0.981606685650824,0.3873037260560815,0.030909999972209334,-1
92,24,simulated_annealing,-100.0,1.8779964980374617e+23,0,155.53942800493994,1.4466196958285575e+25,0.18582229811531725,43127.64167556826,0.8725392761340657,10.563864845895296,0.010154200019314885,-1
92,24,block_beam_strong,-0.5798333107810678,0.5798333107810678,1,2.753377768215511,54.26725321980679,0.001929672922869889,766.2062420372852,0.9544444379060183,0.18828380296223635,0.30631789995823056,-1
92,24,block_lns_strong,-0.5780533467539853,0.5780533467539853,1,2.7366653175106634,54.25887860440742,0.0019291467669871564,761.5672828016787,0.981606685650824,0.1871507593744128,0.07211670000106096,-1
92,24,hybrid_heuristic,-0.5780533467539853,0.5780533467539853,1,2.7366653175106634,54.25887860440742,0.0019291467669871564,761.5672828016787,0.981606685650824,0.1871507593744128,0.012047600001096725,-1
92,25,autoreg_rl_pure,-0.3877847589827327,0.3877847589827327,1,2.072969262973398,44.71494663749744,0.0012696048301676505,631.91212199076,0.9894851231783416,0.1433934573496213,0.026302099926397204,16
92,25,random,-100.0,258470483.18857107,0,93.77669748409089,19909966774.399086,0.06916124193202167,28460.936446701176,0.9120190222248604,6.492879646130961,0.02425420004874468,-1
92,25,latency_greedy,-0.8583430885928787,0.8583430885928787,1,2.982948028971272,73.9524679883728,0.002984829156720548,908.0095064515278,0.9894851231783416,0.2063393985663347,6.259989459067583e-05,-1
92,25,block_balanced,-8.387034677211824,8.387034677211824,1,6.371560497113677,627.7847138413136,0.010276363591793968,1936.410985798121,0.643755084853082,0.4417025801668912,7.220008410513401e-05,-1
92,25,pdp_aware_greedy,-9.6322246271271,9.6322246271271,1,3.259293458507098,747.6754052574446,0.010872196990696923,991.9078073666354,0.9131589986499541,0.22593641774255818,0.0003007999621331692,-1
92,25,local_search,-0.5826482906875089,0.5826482906875089,1,3.0890675361571267,51.89827448796577,0.0017775013193377875,940.217017854897,0.9120190222248604,0.21368000090878872,0.018554399954155087,-1
92,25,beam_search,-0.40326520749230776,0.40326520749230776,1,3.0314100965751205,38.524540152462066,0.0007615901870883993,922.7306284868527,0.9131589986499541,0.20969166410550594,0.05254050006624311,-1
92,25,simulated_annealing,-0.5826482906875089,0.5826482906875089,1,3.0890675361571267,51.89827448796577,0.0017775013193377875,940.217017854897,0.9120190222248604,0.21368000090878872,0.006979499943554401,-1
92,25,block_beam_strong,-0.3877847589827327,0.3877847589827327,1,2.072969262973398,44.71494663749744,0.0012696048301676505,631.91212199076,0.9894851231783416,0.1433934573496213,0.3968485000077635,-1
92,25,block_lns_strong,-0.3877847589827327,0.3877847589827327,1,2.072969262973398,44.71494663749744,0.0012696048301676505,631.91212199076,0.9894851231783416,0.1433934573496213,0.05299300001934171,-1
92,25,hybrid_heuristic,-0.3877847589827327,0.3877847589827327,1,2.072969262973398,44.71494663749744,0.0012696048301676505,631.91212199076,0.9894851231783416,0.1433934573496213,0.012899499968625605,-1
92,26,autoreg_rl_pure,-0.23462500446334486,0.23462500446334486,1,2.346134124875718,30.812871489196294,9.8797297933568e-08,591.4332450214914,0.9587330154662435,0.11268939101738738,0.025747800013050437,16
92,26,random,-100.0,683432054.4426271,0,76.6678360258707,52644733961.86735,0.07247617384879457,19238.01116702581,0.9643355863458488,3.6497421822761362,0.021740199998021126,-1
92,26,latency_greedy,-0.8252005134822318,0.8252005134822318,1,3.4295046630680193,67.95967384515284,0.0026967233292096485,863.214092997533,0.9587330154662435,0.162712666643635,6.299989763647318e-05,-1
92,26,block_balanced,-0.8139200045764299,0.8139200045764299,1,5.146485341658627,53.864843884642006,0.00190429831683319,1294.0286282268753,0.6473951327813798,0.2455092606657871,7.30000901967287e-05,-1
92,26,pdp_aware_greedy,-0.24397436826275135,0.24397436826275135,1,2.4396593789736194,30.812627950517903,7.185147975901072e-08,614.8969561449578,0.9643355863458488,0.11731525954351378,0.0004040999338030815,-1
92,26,local_search,-0.23462500446334486,0.23462500446334486,1,2.346134124875718,30.812871489196294,9.8797297933568e-08,591.4332450214914,0.9587330154662435,0.11268939101738738,0.01755560003221035,-1
92,26,beam_search,-0.22761857554516426,0.22761857554516426,1,2.2761252859278684,30.81244435634134,5.153795247285688e-08,573.8851144943217,0.8522071248588831,0.1090508292893183,0.03410779999103397,-1
92,26,simulated_annealing,-0.23462500446334486,0.23462500446334486,1,2.346134124875718,30.812871489196294,9.8797297933568e-08,591.4332450214914,0.9587330154662435,0.11268939101738738,0.006961999926716089,-1
92,26,block_beam_strong,-0.2328873599486675,0.2328873599486675,1,2.328813097068654,30.81244460972555,5.156598790713425e-08,587.1073871360613,0.7552943215782765,0.111715427949387,0.3851635000901297,-1
92,26,block_lns_strong,-0.22761857554516426,0.22761857554516426,1,2.2761252859278684,30.81244435634134,5.153795247285688e-08,573.8851144943217,0.8522071248588831,0.1090508292893183,0.07296699995640665,-1
92,26,hybrid_heuristic,-0.22761857554516426,0.22761857554516426,1,2.2761252859278684,30.81244435634134,5.153795247285688e-08,573.8851144943217,0.8522071248588831,0.1090508292893183,0.01250169996637851,-1
92,27,autoreg_rl_pure,-0.23377936648302422,0.23377936648302422,1,2.337587168579837,30.813569199433875,1.7599278153730154e-07,633.7031616018752,0.9983508167103696,0.13413223966275764,0.028430999955162406,16
92,27,random,-100.0,71898.65313332903,0,62.431326567745145,5537899.300883477,0.04124880215881729,16854.074739998192,0.9395193491864794,3.5977016075768424,0.02455169998575002,-1
92,27,latency_greedy,-7.5327098873979965,7.5327098873979965,1,4.509391168457459,576.3204014313018,0.009984761713679294,1219.8638804976697,0.9395193491864794,0.2607507235713488,6.2700011767447e-05,-1
92,27,block_balanced,-12.690157473614471,12.690157473614471,1,5.77595004848747,963.8420162932924,0.011737994990482975,1561.7597736641433,0.759794099531886,0.33324772508378875,7.219996768981218e-05,-1
92,27,pdp_aware_greedy,-0.3001620834638512,0.3001620834638512,1,2.453856560371125,35.03140382857857,0.0004375428592897943,665.0814141125097,0.9395193491864794,0.14080385137196585,0.00030449999030679464,-1
92,27,local_search,-0.29596859364807615,0.29596859364807615,1,2.537964520129777,34.06049636964064,0.00034172131369970355,687.7886547367438,0.9983508167103696,0.14563001963962754,0.01895559998229146,-1
92,27,beam_search,-0.23377936648302422,0.23377936648302422,1,2.337587168579837,30.813569199433875,1.7599278153730154e-07,633.7031616018752,0.9983508167103696,0.13413223966275764,0.031933900085277855,-1
92,27,simulated_annealing,-0.29596859364807615,0.29596859364807615,1,2.537964520129777,34.06049636964064,0.00034172131369970355,687.7886547367438,0.9983508167103696,0.14563001963962754,0.0076058999402448535,-1
92,27,block_beam_strong,-0.23377936648302422,0.23377936648302422,1,2.337587168579837,30.813569199433875,1.7599278153730154e-07,633.7031616018752,0.9983508167103696,0.13413223966275764,0.18788019998464733,-1
92,27,block_lns_strong,-0.23377936648302422,0.23377936648302422,1,2.337587168579837,30.813569199433875,1.7599278153730154e-07,633.7031616018752,0.9983508167103696,0.13413223966275764,0.06508760002907366,-1
92,27,hybrid_heuristic,-0.23377936648302422,0.23377936648302422,1,2.337587168579837,30.813569199433875,1.7599278153730154e-07,633.7031616018752,0.9983508167103696,0.13413223966275764,0.01340709999203682,-1
92,28,autoreg_rl_pure,-0.18017762288626524,0.18017762288626524,1,1.8017762288621506,30.81197855992769,4.277745272737898e-16,541.6334440875996,0.960886578620188,0.11150580363328054,0.026331199915148318,16
92,28,random,-100.0,20.36467240814067,0,61.32226938622593,1127.1364902151136,0.012271564536639405,18344.962005107798,0.9285870491343027,3.8085099598502294,0.026122900075279176,-1
92,28,latency_greedy,-6757.518859662985,6757.518859662985,1,8.196427750102144,520498.9904950759,0.0331874411467604,2454.3395093949243,0.9840077071772443,0.509307898688636,6.599992047995329e-05,-1
92,28,block_balanced,-8897.569746890462,8897.569746890462,1,11.547571701530568,685321.1817871778,0.0341253139394669,3456.7231186010476,0.8170284506709533,0.7170825344595992,7.409998215734959e-05,-1
92,28,pdp_aware_greedy,-0.18139224754412023,0.18139224754412023,1,1.813922475440806,30.811978559926878,3.374794132861145e-16,545.269016714788,0.960886578620188,0.11225749352916528,0.00029640004504472017,-1
92,28,local_search,-0.17720481106593405,0.17720481106593405,1,1.7720481106588388,30.81197855992769,4.277745272737898e-16,532.7438699681354,0.960886578620188,0.10966603149195374,0.018630699953064322,-1
92,28,beam_search,-0.17720481106593405,0.17720481106593405,1,1.7720481106588388,30.81197855992769,4.277745272737898e-16,532.7438699681354,0.960886578620188,0.10966603149195374,0.030993200023658574,-1
92,28,simulated_annealing,-0.17720481106593405,0.17720481106593405,1,1.7720481106588388,30.81197855992769,4.277745272737898e-16,532.7438699681354,0.960886578620188,0.10966603149195374,0.006495699984952807,-1
92,28,block_beam_strong,-0.17720481106593405,0.17720481106593405,1,1.7720481106588388,30.81197855992769,4.277745272737898e-16,532.7438699681354,0.960886578620188,0.10966603149195374,0.2353490999666974,-1
92,28,block_lns_strong,-0.17720481106593405,0.17720481106593405,1,1.7720481106588388,30.81197855992769,4.277745272737898e-16,532.7438699681354,0.960886578620188,0.10966603149195374,0.0693579000653699,-1
92,28,hybrid_heuristic,-0.17720481106593405,0.17720481106593405,1,1.7720481106588388,30.81197855992769,4.277745272737898e-16,532.7438699681354,0.960886578620188,0.10966603149195374,0.012627299991436303,-1
92,29,autoreg_rl_pure,-0.2498789943248417,0.2498789943248417,1,2.3619223515635888,31.866268885059164,0.00011470126896763183,567.2122842989771,0.9358315278258875,0.10402316912670363,0.026093900087289512,16
92,29,random,-100.0,39750569389.09541,0,89.2241359625873,3061984228747.449,0.08632865815346208,21326.098455438474,0.9932069133078675,3.9317595554246956,0.02332769997883588,-1
92,29,latency_greedy,-1067.6785617143237,1067.6785617143237,1,6.242286262764416,82225.95006201675,0.0268963660479568,1494.525177005392,0.9851933684906459,0.27559180136185285,6.390002090483904e-05,-1
92,29,block_balanced,-102546.6924171949,102546.6924171949,1,10.645181131753036,7899115.032579642,0.04245953399502704,2546.8279643109017,0.6896353579434521,0.468369393808479,0.00018209998961538076,-1
92,29,pdp_aware_greedy,-0.32583939213330476,0.32583939213330476,1,2.725501313952384,34.91684745826255,0.00042637611288672445,654.0964924981458,0.9932069133078675,0.12108128713803429,0.00031429994851350784,-1
92,29,local_search,-0.3070903673949738,0.3070903673949738,1,2.668224516004131,33.913813955210884,0.00032700775262962695,640.4104424604051,0.9932069133078675,0.11842654227087801,0.01742060005199164,-1
92,29,beam_search,-0.2498789943248417,0.2498789943248417,1,2.3619223515635888,31.866268885059164,0.00011470126896763183,567.2122842989771,0.9358315278258875,0.10402316912670363,0.03067629993893206,-1
92,29,simulated_annealing,-0.3070903673949738,0.3070903673949738,1,2.668224516004131,33.913813955210884,0.00032700775262962695,640.4104424604051,0.9932069133078675,0.11842654227087801,0.006077200057916343,-1
92,29,block_beam_strong,-0.23818096850822623,0.23818096850822623,1,2.250239446027734,31.825463406141875,0.00011033289953226104,540.5160816858256,0.8866740316415813,0.0995546394340139,0.3354490000056103,-1
92,29,block_lns_strong,-0.2323757146046462,0.2323757146046462,1,2.192186906739043,31.825463408089888,0.00011033289974093594,526.6278615170412,0.9358315278258875,0.09701096368404792,0.07580649992451072,-1
92,29,hybrid_heuristic,-0.2323757146046462,0.2323757146046462,1,2.192186906739043,31.825463408089888,0.00011033289974093594,526.6278615170412,0.9358315278258875,0.09701096368404792,0.012287600082345307,-1
92,30,autoreg_rl_pure,-0.5434801388324433,0.5434801388324433,1,2.865526027677485,50.6030928916224,0.0016913408605447077,882.9814393030315,0.974694801053957,0.1333742444174044,0.028812000062316656,15
92,30,random,-100.0,2620966546674224.5,0,169.77301181102987,2.0189291260600822e+17,0.12415872830918996,52153.499718897,0.8490494557016918,7.865761056544115,0.023915500030852854,-1
92,30,latency_greedy,-79.37708130360946,79.37708130360946,1,3.7265392858388506,6116.518784605791,0.01803760671219529,1147.44826627096,0.9703427874225712,0.17212912842809647,6.38000201433897e-05,-1
92,30,block_balanced,-100.0,341727.3482847725,0,25.09821500510629,26323076.802287977,0.04656318519129074,7712.441867935153,0.7277566763157358,1.1684718502116274,7.509998977184296e-05,-1
92,30,pdp_aware_greedy,-3.9110199253806366,3.9110199253806366,1,2.9825584870241197,309.10300174160494,0.007860860060397053,918.9667643745631,0.9703422350876477,0.13753398021414975,0.00030610000248998404,-1
92,30,local_search,-3.9110199253806366,3.9110199253806366,1,2.9825584870241197,309.10300174160494,0.007860860060397053,918.9667643745631,0.9703422350876477,0.13753398021414975,0.01538319990504533,-1
92,30,beam_search,-0.5434801388324433,0.5434801388324433,1,2.865526027677485,50.6030928916224,0.0016913408605447077,882.9814393030315,0.974694801053957,0.1333742444174044,0.032747199991717935,-1
92,30,simulated_annealing,-3.909637599748404,3.909637599748404,1,2.968735268641929,309.1030014493523,0.00786086005717369,914.7183879314817,0.9703422350876477,0.13689655357130492,0.006157500087283552,-1
92,30,block_beam_strong,-0.4763152082036263,0.4763152082036263,1,2.6968729685328414,46.72851549594528,0.001419769551546987,831.1752312277815,0.9697801883885401,0.1254220626408109,0.33574629994109273,-1
92,30,block_lns_strong,-0.4701529991503588,0.4701529991503588,1,2.6352508777418597,46.72851549793502,0.0014197695516921548,812.2451351640298,0.9703427874225712,0.12257262298508752,0.07186310004908592,-1
92,30,hybrid_heuristic,-0.4701529991503588,0.4701529991503588,1,2.6352508777418597,46.72851549793502,0.0014197695516921548,812.2451351640298,0.9703427874225712,0.12257262298508752,0.012493799906224012,-1
92,31,autoreg_rl_pure,-0.4326592657408389,0.4326592657408389,1,3.932159868305102,33.85029222021919,0.0003206161959202106,1046.4461917073074,0.9272233939053048,0.24771994074136583,0.029585400014184415,16
92,31,random,-100.0,113454780590.93057,0,100.59818859862526,8739415666977.441,0.08990417113526418,26701.852807964147,0.9007514066901859,6.315369839666811,0.026840100064873695,-1
92,31,latency_greedy,-7.577191551309895,7.577191551309895,1,5.499143291576517,572.1227663189137,0.009959839822716898,1462.3008837275577,0.969037775255281,0.3459896677719754,6.999995093792677e-05,-1
92,31,block_balanced,-5.960491976043343,5.960491976043343,1,5.56586538494162,447.07452476397674,0.009119031926482316,1480.0212913109601,0.8702587486074328,0.3500498237392253,6.799993570894003e-05,-1
92,31,pdp_aware_greedy,-36.95807557250383,36.95807557250383,1,6.7948022313727074,2825.3502337820105,0.015404465829467136,1806.2033831796257,0.969037775255281,0.4280281000824355,0.0006050000665709376,-1
92,31,local_search,-5.877593110079032,5.877593110079032,1,5.389084225016607,442.0505738894928,0.009080504409703158,1433.1069029904872,0.9185754375009537,0.33911257922342886,0.01871730003040284,-1
92,31,beam_search,-0.4300098094550514,0.4300098094550514,1,4.005406883601948,33.081983378310134,0.00024234477848729627,1065.8874546020706,0.9272233939053048,0.2523133160773671,0.030173300066962838,-1
92,31,simulated_annealing,-5.877593110079032,5.877593110079032,1,5.389084225016607,442.0505738894928,0.009080504409703158,1433.1069029904872,0.9185754375009537,0.33911257922342886,0.007397399982437491,-1
92,31,block_beam_strong,-0.4503971685129946,0.4503971685129946,1,4.117934981429075,33.78561721936755,0.00031409626306075556,1095.7401828236455,0.9272233939053048,0.259250551470648,0.3335630999645218,-1
92,31,block_lns_strong,-0.4300098094550514,0.4300098094550514,1,4.005406883601948,33.081983378310134,0.00024234477848729627,1065.8874546020706,0.9272233939053048,0.2523133160773671,0.07894270005635917,-1
92,31,hybrid_heuristic,-0.4300098094550514,0.4300098094550514,1,4.005406883601948,33.081983378310134,0.00024234477848729627,1065.8874546020706,0.9272233939053048,0.2523133160773671,0.013533899909816682,-1
92,32,autoreg_rl_pure,-0.26613247563561926,0.26613247563561926,1,2.3576019119727807,33.15155400224902,0.00024950674011297566,607.9545100608128,0.9793859963223953,0.15462103383751055,0.02866910002194345,16
92,32,random,-100.0,5.753284283278031e+25,0,196.6153707438294,4.431751799637735e+27,0.20533912973283147,50476.03092384568,0.8934308920845524,12.842956044991384,0.02443610003683716,-1
92,32,latency_greedy,-210.98847778123422,210.98847778123422,1,4.718733063430451,16246.894737530702,0.021368094600630126,1214.0348177401756,0.9793859963223953,0.30964667617068586,6.569991819560528e-05,-1
92,32,block_balanced,-109390.53333708979,109390.53333708979,1,10.580528109467439,8426296.229829852,0.042679791486729374,2718.8650976210524,0.699561425944568,0.6921262185980105,6.750004831701517e-05,-1
92,32,pdp_aware_greedy,-1590.0761504040781,1590.0761504040781,1,5.2149920821745726,122474.12155974506,0.02825469394173092,1341.438715069815,0.949672663163738,0.34224411572694113,0.0003104000352323055,-1
92,32,local_search,-100.0,5.753284283278031e+25,0,196.6153707438294,4.431751799637735e+27,0.20533912973283147,50476.03092384568,0.8934308920845524,12.842956044991384,0.01523829996585846,-1
92,32,beam_search,-1.0046402629540534,1.0046402629540534,1,3.213418651464199,83.44641751812159,0.0033966010205348177,827.6212184878757,0.9793859963223953,0.21074435805907019,0.030980599927715957,-1
92,32,simulated_annealing,-100.0,5.753284283278031e+25,0,196.6153707438294,4.431751799637735e+27,0.20533912973283147,50476.03092384568,0.8934308920845524,12.842956044991384,0.011371000087819993,-1
92,32,block_beam_strong,-0.2715218036128649,0.2715218036128649,1,2.4114607626094915,33.15181920969712,0.00024953401317968606,621.7810693470523,0.9793859963223953,0.15827783737965537,0.33928389998618513,-1
92,32,block_lns_strong,-0.26613247563561926,0.26613247563561926,1,2.3576019119727807,33.15155400224902,0.00024950674011297566,607.9545100608128,0.9793859963223953,0.15462103383751055,0.07358329999260604,-1
92,32,hybrid_heuristic,-0.26613247563561926,0.26613247563561926,1,2.3576019119727807,33.15155400224902,0.00024950674011297566,607.9545100608128,0.9793859963223953,0.15462103383751055,0.012575199943967164,-1
92,33,autoreg_rl_pure,-0.24994843956854407,0.24994843956854407,1,2.4758835412681295,30.993775814999346,2.005596414322498e-05,595.35637609438,0.9747451191388237,0.15133248980054584,0.027000200003385544,16
92,33,random,-100.0,4187928944127.957,0,108.00909551558533,322595942091586.44,0.10220650437894378,25855.263813808146,0.9190506561905852,6.551825482064241,0.027008899953216314,-1
92,33,latency_greedy,-36.36057489817519,36.36057489817519,1,3.4753552601043527,2804.8944710920064,0.015379693080667424,834.5416932220834,0.9747451191388237,0.2119824810700877,6.720004603266716e-05,-1
92,33,block_balanced,-13.189797462473472,13.189797462473472,1,5.526647757858896,1004.2496320627497,0.011878006205480147,1325.560982287732,0.7877577053062159,0.33605988552405286,6.949994713068008e-05,-1
92,33,pdp_aware_greedy,-5.005340529314551,5.005340529314551,1,3.121274508754521,392.3299304349728,0.008673713424124322,749.8073631431544,0.9747451191388237,0.19050089767206993,0.00029770005494356155,-1
92,33,local_search,-2.836167056530201,2.836167056530201,1,3.1887582965199455,224.71878683906291,0.006773919113453653,765.9665120381138,0.9747451191388237,0.19442321055468154,0.019768099999055266,-1
92,33,beam_search,-0.7094765773809648,0.7094765773809648,1,6.869038171264384,32.550757072425746,0.0001871557942939829,1646.876281949853,0.9534321860758658,0.418862212186039,0.030519699910655618,-1
92,33,simulated_annealing,-2.836167056530201,2.836167056530201,1,3.1887582965199455,224.71878683906291,0.006773919113453653,765.9665120381138,0.9747451191388237,0.19442321055468154,0.006918900064192712,-1
92,33,block_beam_strong,-0.3689192599030896,0.3689192599030896,1,3.663447620898539,31.010291988483804,2.1872203765349046e-05,879.5967937400062,0.8781369477395209,0.223239464640238,0.205265500000678,-1
92,33,block_lns_strong,-0.36476129483832037,0.36476129483832037,1,3.6255729652553885,30.981752431822656,1.8733175863519404e-05,870.5359151740847,0.9534321860758658,0.22106521231578177,0.08251179999206215,-1
92,33,hybrid_heuristic,-0.36476129483832037,0.36476129483832037,1,3.6255729652553885,30.981752431822656,1.8733175863519404e-05,870.5359151740847,0.9534321860758658,0.22106521231578177,0.013866599998436868,-1
92,34,autoreg_rl_pure,-0.2464537329054796,0.2464537329054796,1,2.3883831507583997,31.39859378715312,6.429628635478527e-05,673.6952273977248,0.991765968823046,0.13026620119967605,0.02886600000783801,16
92,34,random,-100.0,370233443.5671705,0,83.57895920683308,28519061700.399765,0.07038634957693186,23479.643266162137,0.960327117730043,4.516117370038038,0.02398559998255223,-1
92,34,latency_greedy,-1175127.2025421443,1175127.2025421443,1,11.328211787136537,90519928.97560342,0.05077398369497067,3184.773172784954,0.991765968823046,0.6134259357891478,6.490002851933241e-05,-1
92,34,block_balanced,-522893.6474210274,522893.6474210274,1,16.304243109981368,40278374.854123935,0.048013356933026594,4582.559740661039,0.7084042634450328,0.882058411942385,6.800005212426186e-05,-1
92,34,pdp_aware_greedy,-0.9759267410100823,0.9759267410100823,1,3.307625065065358,80.50894496280618,0.0032744270891557825,931.8955835271372,0.960327117730043,0.17856504618800856,0.00031079992186278105,-1
92,34,local_search,-0.9494673707595115,0.9494673707595115,1,3.3870140173849625,77.85924841644038,0.003160335773355393,954.2026695689135,0.960327117730043,0.18285092855342341,0.019212600076571107,-1
92,34,beam_search,-0.24392886221425564,0.24392886221425564,1,2.3784718562715454,31.2804497814492,5.1444197273320134e-05,670.9188855690895,0.9717984685613178,0.12958366973106045,0.02949259988963604,-1
92,34,simulated_annealing,-0.9494673707595115,0.9494673707595115,1,3.3870140173849625,77.85924841644038,0.003160335773355393,954.2026695689135,0.960327117730043,0.18285092855342341,0.006474500056356192,-1
92,34,block_beam_strong,-0.2464537329054796,0.2464537329054796,1,2.3883831507583997,31.39859378715312,6.429628635478527e-05,673.6952273977248,0.991765968823046,0.13026620119967605,0.35519559995736927,-1
92,34,block_lns_strong,-0.24392886221425564,0.24392886221425564,1,2.3784718562715454,31.2804497814492,5.1444197273320134e-05,670.9188855690895,0.9717984685613178,0.12958366973106045,0.0696349999634549,-1
92,34,hybrid_heuristic,-0.24392886221425564,0.24392886221425564,1,2.3784718562715454,31.2804497814492,5.1444197273320134e-05,670.9188855690895,0.9717984685613178,0.12958366973106045,0.012578300083987415,-1
92,35,autoreg_rl_pure,-0.34827691623404333,0.34827691623404333,1,3.365079855090862,31.71853866285035,9.885961023284868e-05,963.3614543541356,0.9706524134430005,0.18754468839149363,0.027600000030361116,16
92,35,random,-100.0,280605855064.29376,0,96.40766673991622,21615053974363.47,0.09299137089268744,27523.226083113128,0.9381938754793109,5.356332758571558,0.02807799994479865,-1
92,35,latency_greedy,-627.6102846817513,627.6102846817513,1,8.13488045144876,48312.93562705006,0.025083444426553556,2324.9445747390364,0.9706524134430005,0.4520748869532297,7.35999783501029e-05,-1
92,35,block_balanced,-683.1777487298859,683.1777487298859,1,8.700605592044264,52588.93662652551,0.02537256742419221,2486.4474193673814,0.9706524134430005,0.4833418989993357,0.00021600001491606236,-1
92,35,pdp_aware_greedy,-0.34827691623404333,0.34827691623404333,1,3.365079855090862,31.71853866285035,9.885961023284868e-05,963.3614543541356,0.9706524134430005,0.18754468839149363,0.0005139999557286501,-1
92,35,local_search,-0.34827691623404333,0.34827691623404333,1,3.365079855090862,31.71853866285035,9.885961023284868e-05,963.3614543541356,0.9706524134430005,0.18754468839149363,0.014774900046177208,-1
92,35,beam_search,-0.34530317639096575,0.34530317639096575,1,3.303272313231802,31.965574805781845,0.00012530898746612393,945.7256270647865,0.9706524134430005,0.18412258510729837,0.030065699946135283,-1
92,35,simulated_annealing,-0.34827691623404333,0.34827691623404333,1,3.365079855090862,31.71853866285035,9.885961023284868e-05,963.3614543541356,0.9706524134430005,0.18754468839149363,0.007899400079622865,-1
92,35,block_beam_strong,-0.34827691623404333,0.34827691623404333,1,3.365079855090862,31.71853866285035,9.885961023284868e-05,963.3614543541356,0.9706524134430005,0.18754468839149363,0.30190600000787526,-1
92,35,block_lns_strong,-0.34530317639096575,0.34530317639096575,1,3.303272313231802,31.965574805781845,0.00012530898746612393,945.7256270647865,0.9706524134430005,0.18412258510729837,0.07794139999896288,-1
92,35,hybrid_heuristic,-0.34530317639096575,0.34530317639096575,1,3.303272313231802,31.965574805781845,0.00012530898746612393,945.7256270647865,0.9706524134430005,0.18412258510729837,0.013862400082871318,-1
92,36,autoreg_rl_pure,-0.26826600159918657,0.26826600159918657,1,2.6737260513179697,30.880796841920628,7.605951997732659e-06,770.3756879216376,0.9450710175498112,0.1710801025935285,0.027873200015164912,16
92,36,random,-100.0,1095406742367.1256,0,110.55103238105589,84379122649708.94,0.09763447766546646,31736.492978326973,0.9599795980723951,7.03310386157945,0.022979200002737343,-1
92,36,latency_greedy,-3099.73899195486,3099.73899195486,1,5.816234975620094,238758.73795540046,0.030530525803745406,1672.363814600395,0.9450710175498112,0.3682824938949389,6.210000719875097e-05,-1
92,36,block_balanced,-2620.8644796984186,2620.8644796984186,1,10.261733845466498,201836.8162900853,0.029957798644883335,2948.5157228638463,0.63998639871493,0.6507148121696367,6.649992428719997e-05,-1
92,36,pdp_aware_greedy,-39.886135766739116,39.886135766739116,1,4.2777289722008085,3070.287555423211,0.015687903851236893,1230.8073874302452,0.9326641925962715,0.2714943451060957,0.0003019000869244337,-1
92,36,local_search,-39.886135766739116,39.886135766739116,1,4.2777289722008085,3070.287555423211,0.015687903851236893,1230.8073874302452,0.9326641925962715,0.2714943451060957,0.012446299893781543,-1
92,36,beam_search,-0.2628720178147609,0.2628720178147609,1,2.625907517800942,30.83364446749829,2.3963957452757564e-06,756.6537832159663,0.9326641925962715,0.16742854676481017,0.03401649999432266,-1
92,36,simulated_annealing,-39.886135766739116,39.886135766739116,1,4.2777289722008085,3070.287555423211,0.015687903851236893,1230.8073874302452,0.9326641925962715,0.2714943451060957,0.006659700069576502,-1
92,36,block_beam_strong,-0.26842876298745505,0.26842876298745505,1,2.675009349086832,30.88344910709986,7.898747015326819e-06,770.7583969312901,0.9208956220709382,0.1711538741129781,0.36100619996432215,-1
92,36,block_lns_strong,-0.2604873266426746,0.2604873266426746,1,2.602576010762987,30.829674307988427,1.9573953176268564e-06,749.9887632716672,0.9326641925962715,0.1663656989549155,0.07358580001164228,-1
92,36,hybrid_heuristic,-0.2604873266426746,0.2604873266426746,1,2.602576010762987,30.829674307988427,1.9573953176268564e-06,749.9887632716672,0.9326641925962715,0.1663656989549155,0.013265599962323904,-1
92,37,autoreg_rl_pure,-0.3671426681197667,0.3671426681197667,1,3.136754995924983,34.930551685728894,0.0004277139036925658,830.3684579044734,0.9746231163132142,0.226522450338208,0.03211080003529787,16
92,37,random,-100.0,134429713358.31772,0,110.39438029727218,10355113613713.422,0.09048249993424436,29124.0628624795,0.9667637546151312,7.950990080384141,0.025440099998377264,-1
92,37,latency_greedy,-1457872.0827963564,1457872.0827963564,1,12.146660670521808,112299745.64189859,0.05150901491599302,3207.0119983508143,0.9717482363235668,0.8725885742701323,6.459990981966257e-05,-1
92,37,block_balanced,-100.0,16393408.021600299,0,17.930143124452712,1262783233.9102614,0.05975897113467866,4732.702610561088,0.6905455390108081,1.2890766296509018,6.830005440860987e-05,-1
92,37,pdp_aware_greedy,-0.9726398293795765,0.9726398293795765,1,3.442373253288752,79.21778976445546,0.0032193089970411737,910.9529111665878,0.9667637546151312,0.24948273783510838,0.00030019995756447315,-1
92,37,local_search,-0.8018754499409686,0.8018754499409686,1,3.552334619434954,65.21678695527358,0.0025562720397857815,939.9623587247146,0.9083458993128316,0.25740069768376134,0.017845300026237965,-1
92,37,beam_search,-0.3671426681197667,0.3671426681197667,1,3.136754995924983,34.930551685728894,0.0004277139036925658,830.3684579044734,0.9746231163132142,0.226522450338208,0.032356100040487945,-1
92,37,simulated_annealing,-0.8018754499409686,0.8018754499409686,1,3.552334619434954,65.21678695527358,0.0025562720397857815,939.9623587247146,0.9083458993128316,0.25740069768376134,0.006813200074248016,-1
92,37,block_beam_strong,-0.3529112257695806,0.3529112257695806,1,3.005485640356521,34.8454715866397,0.00041939998314005823,795.712776958869,0.9667637546151312,0.2177388705058186,0.3485348999965936,-1
92,37,block_lns_strong,-0.34150991075638365,0.34150991075638365,1,2.9477578631668298,34.411905660556,0.0003767146516730839,780.4891185942357,0.8919859436824034,0.21374958716406894,0.07094399991910905,-1
92,37,hybrid_heuristic,-0.34150991075638365,0.34150991075638365,1,2.9477578631668298,34.411905660556,0.0003767146516730839,780.4891185942357,0.8919859436824034,0.21374958716406894,0.01358810008969158,-1
92,38,autoreg_rl_pure,-1.5163008386030168,1.5163008386030168,1,4.477998676729133,113.11855107881416,0.0044337910022127875,1081.6250599222585,0.980358112296448,0.3152638577331922,0.033891000086441636,16
92,38,random,-100.0,23906226432701.934,0,101.23176937523954,1841495340731991.2,0.10814512029683938,24392.978313505297,0.9155034265444996,7.118226455284731,0.02654600003734231,-1
92,38,latency_greedy,-314970.0018475604,314970.0018475604,1,8.64981533720237,24262086.542362876,0.046285228491966326,2086.7589425479464,0.980358112296448,0.6087377220889496,6.639992352575064e-05,-1
92,38,block_balanced,-33738.27183717491,33738.27183717491,1,9.233356691493533,2598816.958721244,0.03866953314990223,2227.4007345608725,0.8578133482593919,0.6497308516354066,7.329997606575489e-05,-1
92,38,pdp_aware_greedy,-8.742232569416204,8.742232569416204,1,4.649592324100045,668.4099000460842,0.010490135827447561,1122.9678616445813,0.980358112296448,0.3272693265788827,0.0003114000428467989,-1
92,38,local_search,-8.742232569416204,8.742232569416204,1,4.649592324100045,668.4099000460842,0.010490135827447561,1122.9678616445813,0.980358112296448,0.3272693265788827,0.013893399969674647,-1
92,38,beam_search,-1.2708616208911745,1.2708616208911745,1,5.470998809336008,86.56330659508863,0.0035216212040113117,1320.8963703077131,0.8798767250676652,0.3849113384985101,0.029956000042147934,-1
92,38,simulated_annealing,-8.742232569416204,8.742232569416204,1,4.649592324100045,668.4099000460842,0.010490135827447561,1122.9678616445813,0.980358112296448,0.3272693265788827,0.0087504000402987,-1
92,38,block_beam_strong,-1.1600573328022157,1.1600573328022157,1,4.841568011991895,82.87656028090773,0.0033732395919103386,1169.2563372071936,0.9155034265444996,0.3407251716904027,0.283041900023818,-1
92,38,block_lns_strong,-1.1256068682825358,1.1256068682825358,1,4.667622905553948,81.56274106805067,0.0033187613468472644,1127.347892959107,0.9155034265444996,0.32839882990754443,0.08016919996589422,-1
92,38,hybrid_heuristic,-1.1256068682825358,1.1256068682825358,1,4.667622905553948,81.56274106805067,0.0033187613468472644,1127.347892959107,0.9155034265444996,0.32839882990754443,0.01330039999447763,-1
92,39,autoreg_rl_pure,-0.21318015451234157,0.21318015451234157,1,2.131691629657679,30.81282523816725,9.367996775287503e-08,546.0530510574325,0.953815666461703,0.10771165264412606,0.02820090006571263,16
92,39,random,-100.0,1282524863433.8027,0,95.03384239032677,98792821486027.67,0.09817212707477746,24222.426794174346,0.9483286976810587,4.772490939602356,0.024841099977493286,-1
92,39,latency_greedy,-974214.8492289375,974214.8492289375,1,7.626370931750636,75043689.68408777,0.050134758114218705,1946.3132233625606,0.9728973129319363,0.3831917821459636,6.370001938194036e-05,-1
92,39,block_balanced,-1848695.0007844556,1848695.0007844556,1,11.331432599695821,142404820.3460365,0.05231871021724711,2890.6339398692676,0.6810281190523554,0.5682077751175703,7.039995398372412e-05,-1
92,39,pdp_aware_greedy,-3421.5449376930314,3421.5449376930314,1,6.132004018551596,263545.00033950666,0.030867255471179942,1565.568311316877,0.9642315108521252,0.30829014577827224,0.0003360999980941415,-1
92,39,local_search,-100.0,1282524863433.8027,0,95.03384239032677,98792821486027.67,0.09817212707477746,24222.426794174346,0.9483286976810587,4.772490939602356,0.015132400090806186,-1
92,39,beam_search,-0.23559199680011186,0.23559199680011186,1,2.3364059093535645,30.96229524909021,1.6591448066466167e-05,598.1579825366189,0.9728973129319363,0.11820141610459722,0.031951299984939396,-1
92,39,simulated_annealing,-100.0,1282524863433.8027,0,95.03384239032677,98792821486027.67,0.09817212707477746,24222.426794174346,0.9483286976810587,4.772490939602356,0.01051930000539869,-1
92,39,block_beam_strong,-0.20848557586977057,0.20848557586977057,1,2.083176831416563,30.824911327771385,1.4306541316670703e-06,533.6358491704606,0.9728973129319363,0.10502380169958596,0.3107583998935297,-1
92,39,block_lns_strong,-0.20848557586977057,0.20848557586977057,1,2.083176831416563,30.824911327771385,1.4306541316670703e-06,533.6358491704606,0.9728973129319363,0.10502380169958596,0.06222130008973181,-1
92,39,hybrid_heuristic,-0.20848557586977057,0.20848557586977057,1,2.083176831416563,30.824911327771385,1.4306541316670703e-06,533.6358491704606,0.9728973129319363,0.10502380169958596,0.013390299980528653,-1
92,40,autoreg_rl_pure,-0.5448640281571906,0.5448640281571906,1,3.0530956195530043,49.264846251290415,0.0015999674253763833,761.3729687287425,0.935214239800246,0.16305101155766816,0.026724499999545515,16
92,40,random,-100.0,1.281493651761805e+16,0,116.66967777013475,9.871338730690797e+17,0.1295693788949362,28991.293561237824,0.935214239800246,6.171245036772087,0.027243299991823733,-1
92,40,latency_greedy,-100.0,2711.7349862025544,0,34.08184026286896,208653.08038336542,0.030071030269737824,8470.944982631752,0.935214239800246,1.828883174194115,6.630003917962313e-05,-1
92,40,block_balanced,-100.0,17923.20461738534,0,46.829498900730265,1380293.5755895467,0.0365123203856097,11638.367940977367,0.8218045065063814,2.5086031406689986,8.089991752058268e-05,-1
92,40,pdp_aware_greedy,-0.9926248427749078,0.9926248427749078,1,4.556635556745295,72.17407772403872,0.002901843453389805,1135.007082706296,0.9358512008809554,0.24094386448796007,0.0002951000351458788,-1
92,40,local_search,-0.9926248427749078,0.9926248427749078,1,4.556635556745295,72.17407772403872,0.002901843453389805,1135.007082706296,0.9358512008809554,0.24094386448796007,0.014653800055384636,-1
92,40,beam_search,-0.49460806959428194,0.49460806959428194,1,2.982556377690078,45.93699585889696,0.0013615273193191453,743.8588800828456,0.9358512008809554,0.15931033703600064,0.03218030009884387,-1
92,40,simulated_annealing,-0.9926248427749078,0.9926248427749078,1,4.556635556745295,72.17407772403872,0.002901843453389805,1135.007082706296,0.9358512008809554,0.24094386448796007,0.007321399985812604,-1
92,40,block_beam_strong,-0.5800675499910907,0.5800675499910907,1,4.240583140931094,42.82936163902057,0.0011227226018255413,1056.438077951396,0.935214239800246,0.22562295855267356,0.2870853999629617,-1
92,40,block_lns_strong,-0.49460806959428194,0.49460806959428194,1,2.982556377690078,45.93699585889696,0.0013615273193191453,743.8588800828456,0.9358512008809554,0.15931033703600064,0.06627479998860508,-1
92,40,hybrid_heuristic,-0.49460806959428194,0.49460806959428194,1,2.982556377690078,45.93699585889696,0.0013615273193191453,743.8588800828456,0.9358512008809554,0.15931033703600064,0.014370699995197356,-1
92,41,autoreg_rl_pure,-0.2681275816655233,0.2681275816655233,1,2.5067627208562895,32.156252001469575,0.00014558478899517343,664.5651759123027,0.9709228732427415,0.12360999187860232,0.02664820000063628,16
92,41,random,-100.0,42383351869.56524,0,95.93372799961416,3264787322048.7134,0.08654729588714012,25325.958879330094,0.9709228732427415,4.685317196779628,0.023322400054894388,-1
92,41,latency_greedy,-1313002.2232991995,1313002.2232991995,1,10.663460714687766,101140439.55496594,0.05115220158669968,2817.5441333683843,0.9844214667409451,0.5197939115140956,6.46000262349844e-05,-1
92,41,block_balanced,-4062794.690477873,4062794.690477873,1,13.164673393139534,312956786.64551145,0.05500309322901555,3477.846395874826,0.7128394617958151,0.6428327897697493,7.289997301995754e-05,-1
92,41,pdp_aware_greedy,-0.36109305621562193,0.36109305621562193,1,2.624601369887854,38.40966704122379,0.0007514093589618372,695.6232809572955,0.9709228732427415,0.1280844612586071,0.0003152999561280012,-1
92,41,local_search,-0.36109305621562193,0.36109305621562193,1,2.624601369887854,38.40966704122379,0.0007514093589618372,695.6232809572955,0.9709228732427415,0.1280844612586071,0.012523800018243492,-1
92,41,beam_search,-0.3469168355523282,0.3469168355523282,1,2.5239402869361975,38.09306530580969,0.000723191587882385,669.0677675324923,0.9462659430400088,0.12376519234118645,0.03291209996677935,-1
92,41,simulated_annealing,-0.36109305621562193,0.36109305621562193,1,2.624601369887854,38.40966704122379,0.0007514093589618372,695.6232809572955,0.9709228732427415,0.1280844612586071,0.00732510001398623,-1
92,41,block_beam_strong,-0.2596750577886954,0.2596750577886954,1,2.3940624555085726,32.3732840801923,0.00016851726283542365,634.7984224920608,0.8495575140873988,0.1178694004876099,0.37112380005419254,-1
92,41,block_lns_strong,-0.24826335714417075,0.24826335714417075,1,2.3270030057288507,32.01079997342717,0.00013012895943564695,617.0916148353365,0.8495575140873988,0.11445521360631235,0.07523670000955462,-1
92,41,hybrid_heuristic,-0.24826335714417075,0.24826335714417075,1,2.3270030057288507,32.01079997342717,0.00013012895943564695,617.0916148353365,0.8495575140873988,0.11445521360631235,0.012945500086061656,-1
92,42,autoreg_rl_pure,-0.12111633195691464,0.12111633195691464,1,1.2111633195691465,30.811978559923826,7.355470111420578e-25,340.8421754965292,0.9912380405090193,0.08009538664107745,0.025066799949854612,16
92,42,random,-100.0,8.007155903776297e+17,0,103.94228092796952,6.167907900828069e+19,0.1436661065723017,29022.524352774635,0.950754118113638,6.759974835325315,0.02154260000679642,-1
92,42,latency_greedy,-5.910453682885458,5.910453682885458,1,1.9493281828208084,471.07824440731514,0.00929732991873938,546.9269781421945,0.9562763642960435,0.12661059914962894,6.649992428719997e-05,-1
92,42,block_balanced,-209982.79375080846,209982.79375080846,1,11.993271113665115,16174901.775382498,0.044902949762458524,3351.1204523811844,0.5947428243054116,0.7818454240340414,7.180008105933666e-05,-1
92,42,pdp_aware_greedy,-0.21430988686708144,0.21430988686708144,1,1.4527609115496567,36.12964814340351,0.0005427814371023717,408.2926634912003,0.9562763642960435,0.09529941880774105,0.00031509995460510254,-1
92,42,local_search,-0.21430988686708144,0.21430988686708144,1,1.4527609115496567,36.12964814340351,0.0005427814371023717,408.2926634912003,0.9562763642960435,0.09529941880774105,0.012154600000940263,-1
92,42,beam_search,-0.11830472467338954,0.11830472467338954,1,1.1830472467338955,30.811978559923826,8.102488980752491e-25,332.9913410204047,0.9562763642960435,0.07813240871126009,0.03422369994223118,-1
92,42,simulated_annealing,-0.21430988686708144,0.21430988686708144,1,1.4527609115496567,36.12964814340351,0.0005427814371023717,408.2926634912003,0.9562763642960435,0.09529941880774105,0.0058117000153288245,-1
92,42,block_beam_strong,-0.11830472467338954,0.11830472467338954,1,1.1830472467338955,30.811978559923826,8.102488980752491e-25,332.9913410204047,0.9562763642960435,0.07813240871126009,0.40220979996956885,-1
92,42,block_lns_strong,-0.11830472467338954,0.11830472467338954,1,1.1830472467338955,30.811978559923826,8.102488980752491e-25,332.9913410204047,0.9562763642960435,0.07813240871126009,0.06295180006418377,-1
92,42,hybrid_heuristic,-0.11830472467338954,0.11830472467338954,1,1.1830472467338955,30.811978559923826,8.102488980752491e-25,332.9913410204047,0.9562763642960435,0.07813240871126009,0.011757600004784763,-1
92,43,autoreg_rl_pure,-8.291884909066198,8.291884909066198,1,3.3203296307231094,643.9589473102526,0.010363086019229533,898.1550319426364,0.9983544563120046,0.21550203120269504,0.02588640002068132,7
92,43,random,-100.0,8.308947673152463e+17,0,134.3645246283684,6.400377939017567e+19,0.14379223830284693,36239.69771761163,0.9983544563120046,8.692048066013546,0.026879900018684566,-1
92,43,latency_greedy,-1661.4506159856091,1661.4506159856091,1,5.085492451490592,127973.09035276648,0.02840442736038008,1374.1949376181124,0.9983544563120046,0.32973773942056583,6.619992200285196e-05,-1
92,43,block_balanced,-386.38897581924175,386.38897581924175,1,7.068185720993476,29739.887878670223,0.023429260550049093,1908.921038755542,0.8319620469266705,0.45776935627079673,7.040007039904594e-05,-1
92,43,pdp_aware_greedy,-100.0,5217841.394687328,0,17.701952694281207,401929937.4094043,0.055856121023599936,4776.76233105956,0.9983544563120046,1.1534140148341026,0.00029689993243664503,-1
92,43,local_search,-100.0,8.308947673152463e+17,0,134.3645246283684,6.400377939017567e+19,0.14379223830284693,36239.69771761163,0.9983544563120046,8.692048066013546,0.01641480007674545,-1
92,43,beam_search,-45.86925923542027,45.86925923542027,1,4.62544483414987,3528.4887820983326,0.016162119818583797,1250.134017442188,0.9983544563120046,0.2998024426033644,0.028913799906149507,-1
92,43,simulated_annealing,-100.0,8.308947673152463e+17,0,134.3645246283684,6.400377939017567e+19,0.14379223830284693,36239.69771761163,0.9983544563120046,8.692048066013546,0.011403299984522164,-1
92,43,block_beam_strong,-5.427626442235262,5.427626442235262,1,4.708661553888506,412.6309577724076,0.008845709770244308,1272.5767764854807,0.8319620469266705,0.30509187852904823,0.32771870004944503,-1
92,43,block_lns_strong,-5.378553628062531,5.378553628062531,1,4.640439998537415,409.3763918021949,0.008818713514736488,1254.1736015115107,0.9719496942452256,0.3007347315517846,0.082920299959369,-1
92,43,hybrid_heuristic,-5.378553628062531,5.378553628062531,1,4.640439998537415,409.3763918021949,0.008818713514736488,1254.1736015115107,0.9719496942452256,0.3007347315517846,0.013638500007800758,-1
92,44,autoreg_rl_pure,-0.23556387393829356,0.23556387393829356,1,2.3218064421597715,31.072588564092104,2.8714097788475624e-05,598.789082236971,0.9554995067864721,0.12844768947047916,0.027419499936513603,16
92,44,random,-100.0,16700524522276.475,0,103.45958003569113,1286440508798895.8,0.10692224032676265,26564.21104548966,0.9228776479225058,5.710570595584478,0.02630879997741431,-1
92,44,latency_greedy,-54.29785661422498,54.29785661422498,1,4.509435922266327,4178.636802439663,0.016738669898356793,1160.4256248641993,0.9554995067864721,0.24868275720766722,0.00013559998478740454,-1
92,44,block_balanced,-14539.771710505982,14539.771710505982,1,9.039078329151678,1119959.0195323832,0.03579978124035321,2323.3575637387526,0.7690647066020881,0.5002019634608573,7.950002327561378e-05,-1
92,44,pdp_aware_greedy,-24.00517863320561,24.00517863320561,1,3.4209449353520665,1853.5780814929185,0.013967434063819284,880.98851946947,0.9554995067864721,0.1880197491246149,0.0004257999826222658,-1
92,44,local_search,-24.00517863320561,24.00517863320561,1,3.4209449353520665,1853.5780814929185,0.013967434063819284,880.98851946947,0.9554995067864721,0.1880197491246149,0.012591899954713881,-1
92,44,beam_search,-0.23556387393829356,0.23556387393829356,1,2.3218064421597715,31.072588564092104,2.8714097788475624e-05,598.789082236971,0.9554995067864721,0.12844768947047916,0.030074300011619925,-1
92,44,simulated_annealing,-24.00517863320561,24.00517863320561,1,3.4209449353520665,1853.5780814929185,0.013967434063819284,880.98851946947,0.9554995067864721,0.1880197491246149,0.006885800044983625,-1
92,44,block_beam_strong,-0.2674410329588771,0.2674410329588771,1,2.277262196711119,33.871208498758826,0.0003227221152886647,587.3531072534461,0.9554995067864721,0.12667355730735674,0.20950579992495477,-1
92,44,block_lns_strong,-0.23556387393829356,0.23556387393829356,1,2.3218064421597715,31.072588564092104,2.8714097788475624e-05,598.789082236971,0.9554995067864721,0.12844768947047916,0.06854150001890957,-1
92,44,hybrid_heuristic,-0.23556387393829356,0.23556387393829356,1,2.3218064421597715,31.072588564092104,2.8714097788475624e-05,598.789082236971,0.9554995067864721,0.12844768947047916,0.014505699975416064,-1
92,45,autoreg_rl_pure,-1.439044801362837,1.439044801362837,1,3.6551355936589083,113.50603258946958,0.004445449115471376,935.5284775458755,0.9372704496400123,0.1845197615798589,0.027778199990279973,16
92,45,random,-100.0,4.0250084744103513e+20,0,175.89965231978414,3.100461870426086e+22,0.16487121742190314,44893.0810487727,0.8301237589116124,8.824666400085118,0.02324360003694892,-1
92,45,latency_greedy,-100.0,18990199.449020702,0,21.563256341677562,1462813910.3900883,0.06026027419477718,5505.73589324053,0.9528674293169144,1.0781488742134238,0.00014309992548078299,-1
92,45,block_balanced,-100.0,8250089.015922149,0,33.292159583484796,635503689.0527924,0.05741801733561778,8499.040902095438,0.66700720052184,1.6691514912426408,8.25000461190939e-05,-1
92,45,pdp_aware_greedy,-5864.403895997796,5864.403895997796,1,4.259084703114881,451732.7220474652,0.03270436526113697,1089.672756838127,0.9528674293169144,0.2149585419181767,0.0003092000260949135,-1
92,45,local_search,-100.0,4.0250084744103513e+20,0,175.89965231978414,3.100461870426086e+22,0.16487121742190314,44893.0810487727,0.8301237589116124,8.824666400085118,0.014659399981610477,-1
92,45,beam_search,-1.439044801362837,1.439044801362837,1,3.6551355936589083,113.50603258946958,0.004445449115471376,935.5284775458755,0.9372704496400123,0.1845197615798589,0.03210820001550019,-1
92,45,simulated_annealing,-100.0,4.0250084744103513e+20,0,175.89965231978414,3.100461870426086e+22,0.16487121742190314,44893.0810487727,0.8301237589116124,8.824666400085118,0.010214600013568997,-1
92,45,block_beam_strong,-1.3164649527184058,1.3164649527184058,1,3.5878774678551375,104.58180240125388,0.004166281018708006,918.3668904463041,0.9528674293169144,0.18121415447364891,0.37517650006338954,-1
92,45,block_lns_strong,-1.2784282981782242,1.2784282981782242,1,3.3568422400916464,103.43150406190458,0.004128575259962394,859.4051646630387,0.8201116434350108,0.1695459415085017,0.07234089996200055,-1
92,45,hybrid_heuristic,-1.2784282981782242,1.2784282981782242,1,3.3568422400916464,103.43150406190458,0.004128575259962394,859.4051646630387,0.8201116434350108,0.1695459415085017,0.011689700069837272,-1
92,46,autoreg_rl_pure,-0.177509475591586,0.177509475591586,1,1.761519635494013,30.91654763977041,1.1550523706838517e-05,405.6822015269217,0.9476072494788089,0.06716789895674917,0.027554200030863285,16
92,46,random,-100.0,279904145718800.88,0,123.91514800202933,2.156100134180279e+16,0.11653283039138229,28342.74004005125,0.8294480966748466,4.695555355873708,0.02302550000604242,-1
92,46,latency_greedy,-3814.3153885673246,3814.3153885673246,1,4.818084647267559,293810.20823165687,0.031237870380665545,1104.6063983544225,0.9686718989004155,0.18309744491873167,6.3000014051795e-05,-1
92,46,block_balanced,-1753.7671860570606,1753.7671860570606,1,8.504237113222322,135057.89622537984,0.028588127710474066,1947.7322878733064,0.6387390471992526,0.3218814032401393,7.129996083676815e-05,-1
92,46,pdp_aware_greedy,-0.16346917355555052,0.16346917355555052,1,1.6346776562171437,30.81208701299176,1.1999837831670368e-08,376.65861348554233,0.9686718989004155,0.0627380379474186,0.00031370006036013365,-1
92,46,local_search,-0.16346917355555052,0.16346917355555052,1,1.6346776562171437,30.81208701299176,1.1999837831670368e-08,376.65861348554233,0.9686718989004155,0.0627380379474186,0.011039100005291402,-1
92,46,beam_search,-0.16346917355555052,0.16346917355555052,1,1.6346776562171437,30.81208701299176,1.1999837831670368e-08,376.65861348554233,0.9686718989004155,0.0627380379474186,0.03372459998354316,-1
92,46,simulated_annealing,-0.16346917355555052,0.16346917355555052,1,1.6346776562171437,30.81208701299176,1.1999837831670368e-08,376.65861348554233,0.9686718989004155,0.0627380379474186,0.0069275000132620335,-1
92,46,block_beam_strong,-0.16346917355555052,0.16346917355555052,1,1.6346776562171437,30.81208701299176,1.1999837831670368e-08,376.65861348554233,0.9686718989004155,0.0627380379474186,0.36821739992592484,-1
92,46,block_lns_strong,-0.16346917355555052,0.16346917355555052,1,1.6346776562171437,30.81208701299176,1.1999837831670368e-08,376.65861348554233,0.9686718989004155,0.0627380379474186,0.05357290001120418,-1
92,46,hybrid_heuristic,-0.16346917355555052,0.16346917355555052,1,1.6346776562171437,30.81208701299176,1.1999837831670368e-08,376.65861348554233,0.9686718989004155,0.0627380379474186,0.012955700047314167,-1
92,47,autoreg_rl_pure,-0.20471285520754154,0.20471285520754154,1,2.0439022990617115,30.83683036959561,2.748636023813471e-06,605.1019587224254,0.972988858576692,0.14993701610758126,0.02738610003143549,16
92,47,random,-100.0,7.199279748461901,0,43.42208720988749,250.8920066666296,0.00714952147373308,12800.64159567032,0.972988858576692,3.190906221548841,0.025080000050365925,-1
92,47,latency_greedy,-0.2863402238079153,0.2863402238079153,1,2.638668408693903,32.5431020431008,0.00018635394874441042,780.3987171831793,0.972988858576692,0.19356799387061022,6.489991210401058e-05,-1
92,47,block_balanced,-0.3856873310939465,0.3856873310939465,1,3.6836170360447085,32.146570716781206,0.0001445582230837583,1088.4492315788325,0.7515979330911842,0.2713757618839558,6.820005364716053e-05,-1
92,47,pdp_aware_greedy,-0.21985136632467386,0.21985136632467386,1,2.1904563852147243,30.87404372941727,6.8603331736887514e-06,648.3788657344246,0.972988858576692,0.16200476868666291,0.0003706000279635191,-1
92,47,local_search,-0.21985136632467386,0.21985136632467386,1,2.1904563852147243,30.87404372941727,6.8603331736887514e-06,648.3788657344246,0.972988858576692,0.16200476868666291,0.013638400007039309,-1
92,47,beam_search,-0.20471285520754154,0.20471285520754154,1,2.0439022990617115,30.83683036959561,2.748636023813471e-06,605.1019587224254,0.972988858576692,0.14993701610758126,0.03207519999705255,-1
92,47,simulated_annealing,-0.21985136632467386,0.21985136632467386,1,2.1904563852147243,30.87404372941727,6.8603331736887514e-06,648.3788657344246,0.972988858576692,0.16200476868666291,0.006892100092954934,-1
92,47,block_beam_strong,-0.20116819255634022,0.20116819255634022,1,2.0116813065239745,30.81198332838122,5.276089719354159e-10,595.7054035456825,0.989812923067849,0.14958036889457196,0.28154569992329925,-1
92,47,block_lns_strong,-0.19392898345342555,0.19392898345342555,1,1.9392892099406094,30.811983371165336,5.323428471434988e-10,574.33602288663,0.9520702116212346,0.1437854419546517,0.06809179997071624,-1
92,47,hybrid_heuristic,-0.19392898345342555,0.19392898345342555,1,1.9392892099406094,30.811983371165336,5.323428471434988e-10,574.33602288663,0.9520702116212346,0.1437854419546517,0.013839400024153292,-1
92,48,autoreg_rl_pure,-1.2879507226799864,1.2879507226799864,1,3.059112154482489,106.45842916447998,0.004226913868406289,755.4907718126814,0.9670896357817671,0.16844442268608062,0.02870310004800558,16
92,48,random,-100.0,1.056196918216304e+21,0,172.713231228162,8.135879199784595e+22,0.16816019486361555,42502.461577637994,0.9158621064000351,9.452214962624538,0.02304639993235469,-1
92,48,latency_greedy,-13381.73162128064,13381.73162128064,1,6.539516004345888,1030774.5076457149,0.03551687936442833,1611.9041895880355,0.9874962884593904,0.3587063331292344,6.230000872164965e-05,-1
92,48,block_balanced,-97967.51821772393,97967.51821772393,1,10.530934071049488,7546382.369483498,0.04230379291639105,2594.1511375570526,0.7385552019969792,0.5765570179435783,7.240008562803268e-05,-1
92,48,pdp_aware_greedy,-7.451400275576416,7.451400275576416,1,4.119698179640192,573.0589293949937,0.0099654137473064,1016.5376159603555,0.9874962884593904,0.22455584953613195,0.0003127000527456403,-1
92,48,local_search,-7.451400275576416,7.451400275576416,1,4.119698179640192,573.0589293949937,0.0099654137473064,1016.5376159603555,0.9874962884593904,0.22455584953613195,0.013057000003755093,-1
92,48,beam_search,-2.0699344828860067,2.0699344828860067,1,3.2858373277649644,164.94813350412758,0.005719727299831775,811.3509081095245,0.8462034313090462,0.1791038955766993,0.03192720003426075,-1
92,48,simulated_annealing,-7.451400275576416,7.451400275576416,1,4.119698179640192,573.0589293949937,0.0099654137473064,1016.5376159603555,0.9874962884593904,0.22455584953613195,0.006761999917216599,-1
92,48,block_beam_strong,-1.1525639714093685,1.1525639714093685,1,4.7263947851874555,83.18652580320622,0.003385966551685281,1165.836972360562,0.9495709739961161,0.2576255710857946,0.36743420001585037,-1
92,48,block_lns_strong,-1.1430225807782368,1.1430225807782368,1,4.689739551228431,82.73390806502411,0.0033673663927747265,1156.8127447067252,0.9495709739961161,0.25562757345521736,0.08135069999843836,-1
92,48,hybrid_heuristic,-1.1430225807782368,1.1430225807782368,1,4.689739551228431,82.73390806502411,0.0033673663927747265,1156.8127447067252,0.9495709739961161,0.25562757345521736,0.013247500057332218,-1
92,49,autoreg_rl_pure,-0.4376881873068501,0.4376881873068501,1,2.982322532548496,41.5542616850848,0.001019683277850484,892.7077201546272,0.9567093046231527,0.2063848787836948,0.028475199942477047,16
92,49,random,-100.0,14011302980644.28,0,130.72815243215524,1079289917589544.6,0.10632366548051947,39011.98876696165,0.9156728845364995,9.020578891967181,0.02611919993069023,-1
92,49,latency_greedy,-1136842.1802156705,1136842.1802156705,1,8.776569876694714,87570855.41316359,0.050661064508072395,2621.706462990579,0.9567093046231527,0.6051716483111685,6.340001709759235e-05,-1
92,49,block_balanced,-46224.36445686557,46224.36445686557,1,12.931740867335765,3560591.51532559,0.03974299266281476,3861.633961965761,0.7647309319404801,0.890972264389768,7.149996235966682e-05,-1
92,49,pdp_aware_greedy,-2.1885445850231324,2.1885445850231324,1,3.5777181998712413,171.8363065208787,0.005859202334919049,1070.3959497055507,0.9567093046231527,0.24581627195559197,0.0006304000271484256,-1
92,49,local_search,-2.1885445850231324,2.1885445850231324,1,3.5777181998712413,171.8363065208787,0.005859202334919049,1070.3959497055507,0.9567093046231527,0.24581627195559197,0.013037799973972142,-1
92,49,beam_search,-0.4376881873068501,0.4376881873068501,1,2.982322532548496,41.5542616850848,0.001019683277850484,892.7077201546272,0.9567093046231527,0.2063848787836948,0.030687700025737286,-1
92,49,simulated_annealing,-2.1885445850231324,2.1885445850231324,1,3.5777181998712413,171.8363065208787,0.005859202334919049,1070.3959497055507,0.9567093046231527,0.24581627195559197,0.0068246000446379185,-1
92,49,block_beam_strong,-1.2234003523436077,1.2234003523436077,1,3.2262312845553662,100.1987998341912,0.004020321264981025,965.5241156636484,0.9156728845364995,0.22320315115247447,0.2538412999128923,-1
92,49,block_lns_strong,-0.4376881873068501,0.4376881873068501,1,2.982322532548496,41.5542616850848,0.001019683277850484,892.7077201546272,0.9567093046231527,0.2063848787836948,0.07307799998670816,-1
92,49,hybrid_heuristic,-0.4376881873068501,0.4376881873068501,1,2.982322532548496,41.5542616850848,0.001019683277850484,892.7077201546272,0.9567093046231527,0.2063848787836948,0.013123200042173266,-1
92,50,autoreg_rl_pure,-0.3430821469218275,0.3430821469218275,1,2.9289938012669263,34.677554396347205,0.00040293159027925737,766.6745113349716,0.9996357728907825,0.12526829759496722,0.028662300086580217,16
92,50,random,-100.0,1.6278363122545645e+21,0,164.5531875041196,1.2539214388063276e+23,0.16963494139973548,42921.526056279494,0.8912282054500912,7.069228976003948,0.024572000023908913,-1
92,50,latency_greedy,-34152.1463417946,34152.1463417946,1,7.95937233298281,2630707.5031230315,0.038711113582165536,2078.678872010153,0.9996357728907825,0.3404093998580556,0.00013129995204508305,-1
92,50,block_balanced,-525625.5992605416,525625.5992605416,1,14.412382267907471,40488831.5308825,0.04803112386795369,3761.8045100611625,0.7426901712084093,0.6168999259941624,9.480002336204052e-05,-1
92,50,pdp_aware_greedy,-7.299266448744412,7.299266448744412,1,3.434088515721906,566.6213164348081,0.009926898708212926,898.4085146867849,0.9996357728907825,0.14687037643058073,0.00039850000757724047,-1
92,50,local_search,-7.299266448744412,7.299266448744412,1,3.434088515721906,566.6213164348081,0.009926898708212926,898.4085146867849,0.9996357728907825,0.14687037643058073,0.01288840000052005,-1
92,50,beam_search,-0.3148945328454056,0.3148945328454056,1,2.6329917204251574,34.78636643704927,0.0004136123439592421,689.4594782145003,0.9996357728907825,0.11260877037590053,0.03305359999649227,-1
92,50,simulated_annealing,-7.299266448744412,7.299266448744412,1,3.434088515721906,566.6213164348081,0.009926898708212926,898.4085146867849,0.9996357728907825,0.14687037643058073,0.007383799995295703,-1
92,50,block_beam_strong,-0.3210612591377654,0.3210612591377654,1,2.6663030310919456,35.00479218529503,0.000434952064311047,698.1524283787554,0.9996357728907825,0.11403344091500536,0.3501689999829978,-1
92,50,block_lns_strong,-0.3148945328454056,0.3148945328454056,1,2.6329917204251574,34.78636643704927,0.0004136123439592421,689.4594782145003,0.9996357728907825,0.11260877037590053,0.07253739994484931,-1
92,50,hybrid_heuristic,-0.3148945328454056,0.3148945328454056,1,2.6329917204251574,34.78636643704927,0.0004136123439592421,689.4594782145003,0.9996357728907825,0.11260877037590053,0.012986700050532818,-1
92,51,autoreg_rl_pure,-0.2760476206671325,0.2760476206671325,1,2.3073677031362543,34.30227093398427,0.00036583572519671313,630.6035114350466,0.9981771644893496,0.14320910254517116,0.02831630001310259,16
92,51,random,-100.0,1685408518099.7517,0,90.90953839904694,129826927810336.86,0.09910344612119668,24738.55665995297,0.9981771644893496,5.613873747595346,0.029010599944740534,-1
92,51,latency_greedy,-27858.773373420336,27858.773373420336,1,11.715354885977519,2145900.388381678,0.03801667912280312,3190.3994622475693,0.9981771644893496,0.7298538721756161,6.760004907846451e-05,-1
92,51,block_balanced,-161961.72909877505,161961.72909877505,1,15.598242035751774,12475813.970102884,0.04401768374915825,4246.937961959964,0.7681560676686506,0.9698928936731164,7.059995550662279e-05,-1
92,51,pdp_aware_greedy,-0.6128105910501751,0.6128105910501751,1,2.8866471603043014,55.780917938414156,0.002023463267285772,788.2210691602029,0.9981771644893496,0.17899677122409782,0.0003037999849766493,-1
92,51,local_search,-0.6119635076377477,0.6119635076377477,1,3.018091615928121,54.703151211433195,0.001956947781216215,823.9800552888909,0.9981771644893496,0.18710851612603566,0.02003290003631264,-1
92,51,beam_search,-0.23139196507521156,0.23139196507521156,1,2.310183216549915,30.840760292556016,3.183086741595155e-06,631.3635355376151,0.9981771644893496,0.1434018622931556,0.032767699914984405,-1
92,51,simulated_annealing,-0.6119635076377477,0.6119635076377477,1,3.018091615928121,54.703151211433195,0.001956947781216215,823.9800552888909,0.9981771644893496,0.18710851612603566,0.006707000080496073,-1
92,51,block_beam_strong,-0.23139196507521156,0.23139196507521156,1,2.310183216549915,30.840760292556016,3.183086741595155e-06,631.3635355376151,0.9981771644893496,0.1434018622931556,0.19190819992218167,-1
92,51,block_lns_strong,-0.23139196507521156,0.23139196507521156,1,2.310183216549915,30.840760292556016,3.183086741595155e-06,631.3635355376151,0.9981771644893496,0.1434018622931556,0.06414230004884303,-1
92,51,hybrid_heuristic,-0.23139196507521156,0.23139196507521156,1,2.310183216549915,30.840760292556016,3.183086741595155e-06,631.3635355376151,0.9981771644893496,0.1434018622931556,0.015107300016097724,-1
92,52,autoreg_rl_pure,-0.19422173724459743,0.19422173724459743,1,1.9422173724084657,30.811978560212754,3.196866155490528e-14,467.79708475293654,0.9444594788325091,0.09976766741921403,0.03117470000870526,16
92,52,random,-100.0,33180369435.08079,0,98.07094003941897,2555882078385.525,0.08571273049617802,23485.811718976176,0.9740262257796239,5.0524354147886115,0.024534299969673157,-1
92,52,latency_greedy,-68.42940292075905,68.42940292075905,1,3.687184879196689,5273.522852355894,0.017532039477401264,885.6185346632218,0.9740262257796239,0.18940301943890012,0.00018400000408291817,-1
92,52,block_balanced,-1104.4276715886356,1104.4276715886356,1,7.1941109082009636,85049.4001257337,0.027011465510133992,1725.3803957115015,0.7555675830660074,0.3701391463010635,0.00019880000036209822,-1
92,52,pdp_aware_greedy,-0.19422173724459743,0.19422173724459743,1,1.9422173724084657,30.811978560212754,3.196866155490528e-14,467.79708475293654,0.9444594788325091,0.09976766741921403,0.00033009995240718126,-1
92,52,local_search,-0.19422173724459743,0.19422173724459743,1,1.9422173724084657,30.811978560212754,3.196866155490528e-14,467.79708475293654,0.9444594788325091,0.09976766741921403,0.012250900035724044,-1
92,52,beam_search,-0.1889066925370338,0.1889066925370338,1,1.8890669253457604,30.811978560113147,2.0947497827553666e-14,455.06301381685853,0.9444594788325091,0.09703743948434654,0.03173749998677522,-1
92,52,simulated_annealing,-0.19422173724459743,0.19422173724459743,1,1.9422173724084657,30.811978560212754,3.196866155490528e-14,467.79708475293654,0.9444594788325091,0.09976766741921403,0.007575899944640696,-1
92,52,block_beam_strong,-0.1889066925370338,0.1889066925370338,1,1.8890669253457604,30.811978560113147,2.0947497827553666e-14,455.06301381685853,0.9444594788325091,0.09703743948434654,0.29657380003482103,-1
92,52,block_lns_strong,-0.1889066925370338,0.1889066925370338,1,1.8890669253457604,30.811978560113147,2.0947497827553666e-14,455.06301381685853,0.9444594788325091,0.09703743948434654,0.07309399999212474,-1
92,52,hybrid_heuristic,-0.1889066925370338,0.1889066925370338,1,1.8890669253457604,30.811978560113147,2.0947497827553666e-14,455.06301381685853,0.9444594788325091,0.09703743948434654,0.012574300053529441,-1
92,53,autoreg_rl_pure,-0.49497598430413614,0.49497598430413614,1,3.2933447005547425,43.57133552408154,0.0011812778642062089,1005.7291540667261,0.991234281065863,0.1842208224994374,0.02858759998343885,16
92,53,random,-100.0,267831782.74514985,0,86.07729942068512,20631067236.783333,0.06928253350854391,26213.512337857464,0.8993756942142734,4.795370281520404,0.025605499977245927,-1
92,53,latency_greedy,-798.9897557573139,798.9897557573139,1,5.42573339257104,61535.155643301805,0.02590816429952638,1655.0195437195255,0.991234281065863,0.30285372861871307,6.429990753531456e-05,-1
92,53,block_balanced,-78797.92787327689,78797.92787327689,1,10.699443748722215,6069748.554715291,0.04156143342064629,3260.8907883272536,0.7791502645548496,0.5982292828714604,6.800005212426186e-05,-1
92,53,pdp_aware_greedy,-5.34298086516567,5.34298086516567,1,3.8555328457753477,412.6823593735655,0.008846134430558894,1176.8922934977572,0.991234281065863,0.2165134608969241,0.0002954000374302268,-1
92,53,local_search,-5.34298086516567,5.34298086516567,1,3.8555328457753477,412.6823593735655,0.008846134430558894,1176.8922934977572,0.991234281065863,0.2165134608969241,0.013245099922642112,-1
92,53,beam_search,-0.4730036089486884,0.4730036089486884,1,3.2435667293240487,42.26224407375407,0.0010772785870583096,990.5840864853217,0.991234281065863,0.18145148433424807,0.029136599972844124,-1
92,53,simulated_annealing,-5.34298086516567,5.34298086516567,1,3.8555328457753477,412.6823593735655,0.008846134430558894,1176.8922934977572,0.991234281065863,0.2165134608969241,0.006964400061406195,-1
92,53,block_beam_strong,-0.4730036089486884,0.4730036089486884,1,3.2435667293240487,42.26224407375407,0.0010772785870583096,990.5840864853217,0.991234281065863,0.18145148433424807,0.27117189997807145,-1
92,53,block_lns_strong,-0.4730036089486884,0.4730036089486884,1,3.2435667293240487,42.26224407375407,0.0010772785870583096,990.5840864853217,0.991234281065863,0.18145148433424807,0.07210810005199164,-1
92,53,hybrid_heuristic,-0.4730036089486884,0.4730036089486884,1,3.2435667293240487,42.26224407375407,0.0010772785870583096,990.5840864853217,0.991234281065863,0.18145148433424807,0.012139800004661083,-1
92,54,autoreg_rl_pure,-0.3971286820168504,0.3971286820168504,1,3.7614765004892434,32.428146327825864,0.0001742898830972017,1013.6952766544556,0.9988546735495124,0.2246642945216127,0.025377299985848367,14
92,54,random,-100.0,55957712089.94363,0,83.65815307490958,4310419562330.7266,0.08749451320940987,22486.910359180318,0.9988546735495124,4.982077797850152,0.027538899914361537,-1
92,54,latency_greedy,-1.0018385256355449,1.0018385256355449,1,3.245951205314935,82.98000175471343,0.0033774921081333557,875.0850529782165,0.9988546735495124,0.1942166750857207,9.840005077421665e-05,-1
92,54,block_balanced,-9.291026811883912,9.291026811883912,1,6.195844593077133,698.7727181879069,0.010641586374597457,1667.9607179473849,0.8224935736102378,0.36952667733131045,7.479998748749495e-05,-1
92,54,pdp_aware_greedy,-0.3971286820168504,0.3971286820168504,1,3.7614765004892434,32.428146327825864,0.0001742898830972017,1013.6952766544556,0.9988546735495124,0.2246642945216127,0.0002905000001192093,-1
92,54,local_search,-0.39425637289456983,0.39425637289456983,1,3.737117759625589,32.39452776040232,0.00017075368829658078,1007.1297773893011,0.9988546735495124,0.2232207435704433,0.019990599947050214,-1
92,54,beam_search,-0.3909996174362891,0.3909996174362891,1,3.704682435621039,32.39350918896676,0.00017064649180943684,998.4352428191164,0.9869922883322854,0.2212484313927118,0.02742729999590665,-1
92,54,simulated_annealing,-0.39425637289456983,0.39425637289456983,1,3.737117759625589,32.39452776040232,0.00017075368829658078,1007.1297773893011,0.9988546735495124,0.2232207435704433,0.007187200011685491,-1
92,54,block_beam_strong,-0.265846120721359,0.265846120721359,1,2.4658293411085714,32.295820792020315,0.0001603498752033277,665.4862555729321,0.9988546735495124,0.14760534525661392,0.3346326999599114,-1
92,54,block_lns_strong,-0.265846120721359,0.265846120721359,1,2.4658293411085714,32.295820792020315,0.0001603498752033277,665.4862555729321,0.9988546735495124,0.14760534525661392,0.07289529999252409,-1
92,54,hybrid_heuristic,-0.265846120721359,0.265846120721359,1,2.4658293411085714,32.295820792020315,0.0001603498752033277,665.4862555729321,0.9988546735495124,0.14760534525661392,0.014265800011344254,-1
92,55,autoreg_rl_pure,-0.35016881885090334,0.35016881885090334,1,2.6823983416161026,37.12296385913089,0.0006352458666518441,665.6790861510846,0.997842156238139,0.15788355106699284,0.025499099981971085,16
92,55,random,-100.0,34621144333700.43,0,131.49789436521388,2666864892324033.0,0.10940763861946029,32498.007407370333,0.8934183750095588,7.718129294271741,0.02377069997601211,-1
92,55,latency_greedy,-12.400142424491039,12.400142424491039,1,4.030832718893713,954.9448020401749,0.011706378452184456,998.8662212303274,0.997842156238139,0.23684452480036727,6.290001329034567e-05,-1
92,55,block_balanced,-21.64882390202041,21.64882390202041,1,6.053375382953153,1651.7906052227913,0.013574495372862674,1498.6997013910038,0.6611609758862953,0.3547567261694036,6.810005288571119e-05,-1
92,55,pdp_aware_greedy,-0.4447956875985509,0.4447956875985509,1,3.055625043805394,41.53710320028212,0.001018275263991104,757.8877340967088,0.997842156238139,0.1798532150130051,0.000304599991068244,-1
92,55,local_search,-0.44253869376755656,0.44253869376755656,1,3.0213649636944657,41.62715229991572,0.0010256581595122877,749.4265372407203,0.9917414638294428,0.17771902961069702,0.018067099968902767,-1
92,55,beam_search,-0.4646592367761152,0.4646592367761152,1,3.1697282718710573,42.18825477454555,0.0010713047869316647,786.0957387137001,0.997842156238139,0.18652132995616172,0.031991499941796064,-1
92,55,simulated_annealing,-0.44253869376755656,0.44253869376755656,1,3.0213649636944657,41.62715229991572,0.0010256581595122877,749.4265372407203,0.9917414638294428,0.17771902961069702,0.006904000067152083,-1
92,55,block_beam_strong,-0.3525954372614616,0.3525954372614616,1,2.7178289389028287,37.03696444423801,0.0006273388933590877,674.4189530383441,0.997842156238139,0.15996745925337702,0.37519609997980297,-1
92,55,block_lns_strong,-0.3378895455908355,0.3378895455908355,1,2.5680957456051123,37.05756438248782,0.0006292345674353694,637.4250989646603,0.997842156238139,0.151198225898057,0.07465249998494983,-1
92,55,hybrid_heuristic,-0.3378895455908355,0.3378895455908355,1,2.5680957456051123,37.05756438248782,0.0006292345674353694,637.4250989646603,0.997842156238139,0.151198225898057,0.012524900026619434,-1
92,56,autoreg_rl_pure,-0.4293899333094205,0.4293899333094205,1,3.629128254055478,35.9327066185735,0.0005241471059098093,1042.2777565697315,0.9670068089858597,0.1882016400130229,0.029419900034554303,16
92,56,random,-100.0,4910813089864.993,0,122.7043158502225,378279669090869.25,0.10274936396434578,35146.66578029089,0.9670068089858597,6.404578509586087,0.023490400053560734,-1
92,56,latency_greedy,-3760504.9480887954,3760504.9480887954,1,6.814820415427896,289671472.904952,0.05473950090517586,1954.6545024536165,0.9709335209511819,0.3536472942173827,6.440002471208572e-05,-1
92,56,block_balanced,-69080340.24067633,69080340.24067633,1,15.01098630888243,5321254821.202336,0.06466274942126211,4302.193325901842,0.6907191492756141,0.7826775226462577,7.419998291879892e-05,-1
92,56,pdp_aware_greedy,-45.6838352892321,45.6838352892321,1,3.5111163939121677,3522.789251464547,0.016156608503639914,1008.490711309259,0.9709335209511819,0.1820817059503071,0.0003082999028265476,-1
92,56,local_search,-0.44507919626827014,0.44507919626827014,1,3.84461519876734,35.48135492324486,0.00048105268895305085,1103.9980599290552,0.9709335209511819,0.19937649897559848,0.01832300005480647,-1
92,56,beam_search,-0.4527881314169448,0.4527881314169448,1,3.739813744076083,36.88245882829583,0.0006130870771077144,1073.9919681218685,0.9709335209511819,0.19394163851658763,0.030119000002741814,-1
92,56,simulated_annealing,-0.44507919626827014,0.44507919626827014,1,3.84461519876734,35.48135492324486,0.00048105268895305085,1103.9980599290552,0.9709335209511819,0.19937649897559848,0.007394799962639809,-1
92,56,block_beam_strong,-0.35021344427090484,0.35021344427090484,1,2.836556923846436,35.93891862021435,0.0005247364351358119,815.2772329295357,0.9670068089858597,0.14709997213838719,0.3714144000550732,-1
92,56,block_lns_strong,-0.3371361486205204,0.3371361486205204,1,2.7953616447274823,35.2489022514566,0.00045864408759557833,803.4683690835384,0.9613804635437603,0.14496364116625426,0.07550299994181842,-1
92,56,hybrid_heuristic,-0.3371361486205204,0.3371361486205204,1,2.7953616447274823,35.2489022514566,0.00045864408759557833,803.4683690835384,0.9613804635437603,0.14496364116625426,0.0125150999519974,-1
92,57,autoreg_rl_pure,-1.4438700801138125,1.4438700801138125,1,2.785841885581082,120.57388832691403,0.0046513885088889624,750.334978336172,0.9451189625589029,0.13296344122474724,0.028083399985916913,16
92,57,random,-100.0,6081671054232796.0,0,107.89667629261808,4.6847079532882477e+17,0.12702838514030737,28952.22606811375,0.9392047607819259,5.130345449444777,0.026071500033140182,-1
92,57,latency_greedy,-39096.61360325011,39096.61360325011,1,6.972730552881724,3011587.151344906,0.039172088041676656,1873.6372663558072,0.9451189625589029,0.33304517208810697,7.340009324252605e-05,-1
92,57,block_balanced,-5780103.849035758,5780103.849035758,1,14.02263569096109,445241012.4722484,0.0562050126866941,3765.219836785585,0.7416083479107315,0.6681298581744819,8.289993274956942e-05,-1
92,57,pdp_aware_greedy,-2.022608057551291,2.022608057551291,1,3.0124221847772095,163.40869687822413,0.0056877602304104815,811.1279036854568,0.9451189625589029,0.14374064106832093,0.00030880002304911613,-1
92,57,local_search,-1.3826825577527087,1.3826825577527087,1,3.106114905992667,113.39355539954009,0.004442069131288631,836.2608089501607,0.9451189625589029,0.1481937652734716,0.01821619994007051,-1
92,57,beam_search,-1.507615289200485,1.507615289200485,1,3.4232939764478076,120.57388832691403,0.0046513885088889624,921.3674004456607,0.9451189625589029,0.16321557259703878,0.030233200057409704,-1
92,57,simulated_annealing,-1.3826825577527087,1.3826825577527087,1,3.106114905992667,113.39355539954009,0.004442069131288631,836.2608089501607,0.9451189625589029,0.1481937652734716,0.0066281999461352825,-1
92,57,block_beam_strong,-0.9877056347190163,0.9877056347190163,1,2.8281633168437867,85.10956379048109,0.0034638807528787063,761.6803494381599,0.8956792222369759,0.1349765289232028,0.2983008000301197,-1
92,57,block_lns_strong,-0.9816720369331681,0.9816720369331681,1,2.7678273389853034,85.10956379048109,0.0034638807528787063,745.4984200857411,0.8956792222369759,0.1321079553018801,0.07112129998859018,-1
92,57,hybrid_heuristic,-0.9816720369331681,0.9816720369331681,1,2.7678273389853034,85.10956379048109,0.0034638807528787063,745.4984200857411,0.8956792222369759,0.1321079553018801,0.013796500046737492,-1
92,58,autoreg_rl_pure,-0.3422836132367673,0.3422836132367673,1,2.9387661913473955,34.54076672097892,0.000389457161753858,850.6509649227612,0.9750177054476317,0.18954850767143264,0.026105200056917965,16
92,58,random,-100.0,302015702228.34296,0,127.24453042584838,23264253353600.754,0.09324204328192245,36714.54492590242,0.8159416847752606,8.175667462617415,0.02574449998792261,-1
92,58,latency_greedy,-21.67718262085814,21.67718262085814,1,4.255730073028654,1667.8223280017642,0.013607424483773806,1230.5905840200933,0.9401776226655705,0.27421594049038345,6.559991743415594e-05,-1
92,58,block_balanced,-7.18794615995485,7.18794615995485,1,6.012851394891822,538.1821239201092,0.009751344163528195,1737.583475902174,0.6993785869502234,0.3866342332933146,7.419998291879892e-05,-1
92,58,pdp_aware_greedy,-0.36676397660733095,0.36676397660733095,1,3.014814970102341,35.84068446413486,0.0005154050606435104,872.6274852951136,0.9750177054476317,0.1944574905600996,0.0003087000222876668,-1
92,58,local_search,-0.364509739851206,0.364509739851206,1,3.0333763115410943,35.5240628140245,0.00048515379095355053,877.9787127517011,0.9325047826002979,0.1956492365559269,0.018354600062593818,-1
92,58,beam_search,-0.3160688381307178,0.3160688381307178,1,2.7229081205894605,34.184197561721874,0.00035408048501301537,788.3894481435727,0.9325047826002979,0.1756992204979473,0.03229989996179938,-1
92,58,simulated_annealing,-0.364509739851206,0.364509739851206,1,3.0333763115410943,35.5240628140245,0.00048515379095355053,877.9787127517011,0.9325047826002979,0.1956492365559269,0.006796299945563078,-1
92,58,block_beam_strong,-0.33435905693069523,0.33435905693069523,1,2.79305973363001,35.05271463628755,0.00043961616904315847,808.629914360321,0.9401776226655705,0.18008354274843083,0.35314220003783703,-1
92,58,block_lns_strong,-0.3160688381307178,0.3160688381307178,1,2.7229081205894605,34.184197561721874,0.00035408048501301537,788.3894481435727,0.9325047826002979,0.1756992204979473,0.07516320003196597,-1
92,58,hybrid_heuristic,-0.3160688381307178,0.3160688381307178,1,2.7229081205894605,34.184197561721874,0.00035408048501301537,788.3894481435727,0.9325047826002979,0.1756992204979473,0.01266299991402775,-1
92,59,autoreg_rl_pure,-0.21668038461087005,0.21668038461087005,1,2.166621683644614,30.81338175640829,1.5525403582332893e-07,611.4933641485071,0.973477709663932,0.10874232730229424,0.025362000102177262,16
92,59,random,-100.0,1325980.7492472057,0,88.3060718565988,102139576.63247195,0.05118571493100628,24809.254539329773,0.973477709663932,4.435737298108114,0.022872399888001382,-1
92,59,latency_greedy,-2309.435825128944,2309.435825128944,1,5.5768024137911745,177883.57172294075,0.029527112039185274,1569.3590077314984,0.973477709663932,0.28268186984389254,6.38000201433897e-05,-1
92,59,block_balanced,-466.2143407169022,466.2143407169022,1,7.33869499076882,35886.74772662711,0.024069779412214137,2064.385370436014,0.6814343967647524,0.37130361820340796,7.159996312111616e-05,-1
92,59,pdp_aware_greedy,-14.062478424789628,14.062478424789628,1,3.164587543940695,1089.6671369812216,0.012156305703486334,891.8589895876082,0.973477709663932,0.15893272060843333,0.0003154000733047724,-1
92,59,local_search,-14.062478424789628,14.062478424789628,1,3.164587543940695,1089.6671369812216,0.012156305703486334,891.8589895876082,0.973477709663932,0.15893272060843333,0.013013500021770597,-1
92,59,beam_search,-0.22402945179188594,0.22402945179188594,1,2.202447437439081,31.10351441799849,3.2105522025255344e-05,621.4548361680885,0.973477709663932,0.11125916053738802,0.03186419990379363,-1
92,59,simulated_annealing,-14.062478424789628,14.062478424789628,1,3.164587543940695,1089.6671369812216,0.012156305703486334,891.8589895876082,0.973477709663932,0.15893272060843333,0.008334400015883148,-1
92,59,block_beam_strong,-0.21495724998548238,0.21495724998548238,1,2.149420717060793,30.81314774197269,1.293624399726685e-07,606.6431151632912,0.8761299386975387,0.10787901408416599,0.37746200000401586,-1
92,59,block_lns_strong,-0.2084003113110937,0.2084003113110937,1,2.0838513303169064,30.81314774197269,1.293624399726685e-07,588.1987595421152,0.973477709663932,0.10458809912280537,0.07135750004090369,-1
92,59,hybrid_heuristic,-0.2084003113110937,0.2084003113110937,1,2.0838513303169064,30.81314774197269,1.293624399726685e-07,588.1987595421152,0.973477709663932,0.10458809912280537,0.012367199989967048,-1
92,60,autoreg_rl_pure,-0.7571525051220336,0.7571525051220336,1,3.129461057941937,65.02917369059973,0.0025464504122639548,827.4241695718528,0.9791418292350297,0.18692469648767893,0.028274100041016936,16
92,60,random,-100.0,13003883324128.234,0,112.42372862736953,1001688435446140.0,0.1060692826659594,29627.123091087902,0.8805415330160627,6.680876955036886,0.026324699982069433,-1
92,60,latency_greedy,-1372.9245209217029,1372.9245209217029,1,5.582182713998409,105744.1147126176,0.02775395723485742,1473.7277062108037,0.9992837887520545,0.33313118230168154,7.209996692836285e-05,-1
92,60,block_balanced,-311544.91740933177,311544.91740933177,1,10.569671958845602,23998237.68302604,0.046247950441252385,2787.9907314755915,0.8327364906267121,0.6288315612198482,7.049995474517345e-05,-1
92,60,pdp_aware_greedy,-68175.00888016283,68175.00888016283,1,6.744304870921742,5251496.140479772,0.041067765463132545,1779.9765984868275,0.9992837887520545,0.40122837083514246,0.0002951000351458788,-1
92,60,local_search,-100.0,13003883324128.234,0,112.42372862736953,1001688435446140.0,0.1060692826659594,29627.123091087902,0.8805415330160627,6.680876955036886,0.015516999992541969,-1
92,60,beam_search,-5.155349861947959,5.155349861947959,1,4.745396097486976,391.37454139451205,0.008665401299857399,1253.289854805307,0.9992837887520545,0.2842062743296737,0.028178000007756054,-1
92,60,simulated_annealing,-100.0,13003883324128.234,0,112.42372862736953,1001688435446140.0,0.1060692826659594,29627.123091087902,0.8805415330160627,6.680876955036886,0.010091600008308887,-1
92,60,block_beam_strong,-0.7417885512965265,0.7417885512965265,1,4.419551508067148,53.90812932852666,0.0019070368368306295,1167.3948235497132,0.9992837887520545,0.2631442854142952,0.32465829991269857,-1
92,60,block_lns_strong,-0.6886909769330256,0.6886909769330256,1,4.037378674826467,52.76190130734558,0.0018337663293121669,1066.6734215901863,0.9766156816548041,0.24074619422217622,0.0783512000925839,-1
92,60,hybrid_heuristic,-0.6886909769330256,0.6886909769330256,1,4.037378674826467,52.76190130734558,0.0018337663293121669,1066.6734215901863,0.9766156816548041,0.24074619422217622,0.01420399989001453,-1
92,61,autoreg_rl_pure,-0.5378982035905577,0.5378982035905577,1,2.8378437247353636,50.386353350318245,0.0016767074112225197,871.3399744806718,0.9823608024282322,0.18333010268050226,0.02756810002028942,16
92,61,random,-100.0,143839822774576.9,0,105.35537805173175,1.1079973838482986e+16,0.11426315881397861,32247.49485723768,0.8595657021247032,6.756063506384974,0.023789099999703467,-1
92,61,latency_greedy,-190.02826940262497,190.02826940262497,1,4.6743676862748895,14632.672755860021,0.021011338021377814,1433.4140625022815,0.9706845883082856,0.3017372186692783,8.200004231184721e-05,-1
92,61,block_balanced,-126856.26891108656,126856.26891108656,1,11.781869221940045,9771671.651003921,0.043184798710106775,3608.7708247282153,0.6812998416059358,0.7574636682998843,7.35999783501029e-05,-1
92,61,pdp_aware_greedy,-1.360620500581996,1.360620500581996,1,3.6179745657448925,107.7512641027167,0.004268066073950802,1110.1623950351584,0.9706845883082856,0.23200462047138173,0.00045279995538294315,-1
92,61,local_search,-1.0697729381947028,1.0697729381947028,1,3.675361018455108,84.90524442387392,0.0034556865469351954,1127.714330154106,0.9706845883082856,0.23581562361092462,0.017801900045014918,-1
92,61,beam_search,-0.5378982035905577,0.5378982035905577,1,2.8378437247353636,50.386353350318245,0.0016767074112225197,871.3399744806718,0.9823608024282322,0.18333010268050226,0.032037299941293895,-1
92,61,simulated_annealing,-1.0697729381947028,1.0697729381947028,1,3.675361018455108,84.90524442387392,0.0034556865469351954,1127.714330154106,0.9706845883082856,0.23581562361092462,0.007061199983581901,-1
92,61,block_beam_strong,-0.50788899324763,0.50788899324763,1,2.8275766292089464,48.153832867910076,0.0015222032151981954,868.2120139509516,0.9706845883082856,0.1823892846992731,0.34565170004498214,-1
92,61,block_lns_strong,-0.46555699830391206,0.46555699830391206,1,2.6201082290222475,46.49112954100204,0.0014024062464677415,804.7173357303272,0.8628307451629206,0.16916710311408578,0.07705650001298636,-1
92,61,hybrid_heuristic,-0.46555699830391206,0.46555699830391206,1,2.6201082290222475,46.49112954100204,0.0014024062464677415,804.7173357303272,0.8628307451629206,0.16916710311408578,0.012308200006373227,-1
92,62,autoreg_rl_pure,-0.39585146885689626,0.39585146885689626,1,3.0627513120540932,37.71203904790911,0.0006889192291444681,894.2687030722763,0.9836680221666902,0.17091997908107817,0.029033599887043238,15
92,62,random,-100.0,2623860555.086609,0,140.14733294211788,202115836870.15387,0.07706249944527521,40795.30254223105,0.9261514934448,7.778971006452969,0.024491299991495907,-1
92,62,latency_greedy,-100.0,570307040.6599506,0,137.9599980887298,43930719741.576866,0.07185926902357345,40158.57712575713,0.9836680221666902,7.643040087457936,0.00013689999468624592,-1
92,62,block_balanced,-100.0,1912623097.7850714,0,156.9717583182595,147329253527.08115,0.07598460550539379,45692.35012309394,0.7002351201907164,8.694661091415915,8.020002860575914e-05,-1
92,62,pdp_aware_greedy,-0.39585146885689626,0.39585146885689626,1,3.0627513120540932,37.71203904790911,0.0006889192291444681,894.2687030722763,0.9836680221666902,0.17091997908107817,0.0003032999811694026,-1
92,62,local_search,-0.36464000048638934,0.36464000048638934,1,2.8976835685444557,36.5793372557581,0.0005849524184943681,846.2064950332103,0.9836680221666902,0.16177211668969022,0.018561900011263788,-1
92,62,beam_search,-0.391529729967435,0.391529729967435,1,2.9617992259028716,38.156769111417695,0.0007288881187576675,864.8825352424982,0.9836680221666902,0.16532311788069337,0.0309580999892205,-1
92,62,simulated_annealing,-0.35532964348490764,0.35532964348490764,1,2.8046921010414985,36.578473730710115,0.0005848719366131131,819.1491264999404,0.9143602240950524,0.15644362920218022,0.006630199961364269,-1
92,62,block_beam_strong,-0.3748632506432255,0.3748632506432255,1,2.8488498632158796,37.742999437767466,0.0006917169351955663,832.0101500711993,0.9261514934448,0.15888947595747943,0.3158928999910131,-1
92,62,block_lns_strong,-0.35532964348490764,0.35532964348490764,1,2.8046921010414985,36.578473730710115,0.0005848719366131131,819.1491264999404,0.9143602240950524,0.15644362920218022,0.07479600002989173,-1
92,62,hybrid_heuristic,-0.35532964348490764,0.35532964348490764,1,2.8046921010414985,36.578473730710115,0.0005848719366131131,819.1491264999404,0.9143602240950524,0.15644362920218022,0.013022299972362816,-1
92,63,autoreg_rl_pure,-0.3883423835533196,0.3883423835533196,1,2.620827953634236,40.53774787065355,0.000935249061259957,804.6369456892537,0.9259735792678527,0.17061138394485287,0.030501999892294407,16
92,63,random,-100.0,6.643900618571978e+19,0,138.73527664667714,5.11779308534261e+21,0.15872982075558326,42449.96913060916,0.9002543553813047,8.979319477390003,0.02439000003505498,-1
92,63,latency_greedy,-100.0,50482.15878214966,0,330.95451952915715,3886119.456224213,0.040041245457465444,101260.93461243121,0.9802404346447242,21.365548130485077,6.350001785904169e-05,-1
92,63,block_balanced,-100.0,6040.883069427508,0,305.0661952791113,463009.78775700356,0.03278842792227673,93340.25154954747,0.757450160064749,19.70104637735205,7.069995626807213e-05,-1
92,63,pdp_aware_greedy,-1.2601235930578412,1.2601235930578412,1,3.121059638561762,103.83772572340263,0.004141938528097307,957.675585634737,0.9802404346447242,0.2029893033573473,0.00030099996365606785,-1
92,63,local_search,-1.2601235930578412,1.2601235930578412,1,3.121059638561762,103.83772572340263,0.004141938528097307,957.675585634737,0.9802404346447242,0.2029893033573473,0.013541000080294907,-1
92,63,beam_search,-0.3883423835533196,0.3883423835533196,1,2.620827953634236,40.53774787065355,0.000935249061259957,804.6369456892537,0.9259735792678527,0.17061138394485287,0.031227299943566322,-1
92,63,simulated_annealing,-1.2601235930578412,1.2601235930578412,1,3.121059638561762,103.83772572340263,0.004141938528097307,957.675585634737,0.9802404346447242,0.2029893033573473,0.0067680999636650085,-1
92,63,block_beam_strong,-0.9670085977470901,0.9670085977470901,1,5.185318317665079,65.35811980496801,0.002563652228090423,1589.2636300844774,0.9259735792678527,0.3367139623252098,0.29004460002761334,-1
92,63,block_lns_strong,-0.3883423835533196,0.3883423835533196,1,2.620827953634236,40.53774787065355,0.000935249061259957,804.6369456892537,0.9259735792678527,0.17061138394485287,0.08015130006242543,-1
92,63,hybrid_heuristic,-0.3883423835533196,0.3883423835533196,1,2.620827953634236,40.53774787065355,0.000935249061259957,804.6369456892537,0.9259735792678527,0.17061138394485287,0.013097900082357228,-1
93,0,autoreg_rl_pure,-0.22536753965303688,0.22536753965303688,1,2.2519510850231255,30.82526092222178,1.4693187847198393e-06,488.06509660196264,0.9917378594540767,0.08919397414856851,0.025234099943190813,16
93,0,random,-100.0,44978781435.12956,0,86.4140244747242,3464713122441.9443,0.08674992307629707,18617.05400902237,0.9602744075136659,3.403874632862968,0.025263299932703376,-1
93,0,latency_greedy,-0.22750248880999144,0.22750248880999144,1,2.2611537455001356,30.918827897020336,1.1801961597528312e-05,490.02847000751365,0.9917378594540767,0.089664263771138,6.350001785904169e-05,-1
93,0,block_balanced,-0.37717928110875215,0.37717928110875215,1,3.732365185613216,31.115689347619583,3.343973726787378e-05,807.0029131597695,0.7058676330219475,0.14731384256733976,6.81999372318387e-05,-1
93,0,pdp_aware_greedy,-0.22750248880999144,0.22750248880999144,1,2.2611537455001356,30.918827897020336,1.1801961597528312e-05,490.02847000751365,0.9917378594540767,0.089664263771138,0.0003696000203490257,-1
93,0,local_search,-0.22750248880999144,0.22750248880999144,1,2.2611537455001356,30.918827897020336,1.1801961597528312e-05,490.02847000751365,0.9917378594540767,0.089664263771138,0.012534099980257452,-1
93,0,beam_search,-0.22344864707274778,0.22344864707274778,1,2.232762126148943,30.82526117696976,1.4693469593273565e-06,483.9448669413031,0.9298929192663367,0.08843744509582853,0.030676300055347383,-1
93,0,simulated_annealing,-0.22750248880999144,0.22750248880999144,1,2.2611537455001356,30.918827897020336,1.1801961597528312e-05,490.02847000751365,0.9917378594540767,0.089664263771138,0.006740999990142882,-1
93,0,block_beam_strong,-0.22483214006530186,0.22483214006530186,1,2.2468547504782577,30.823276158358738,1.2498008788789175e-06,486.981388890409,0.9882146862307265,0.08899125627886338,0.3414484999375418,-1
93,0,block_lns_strong,-0.22073841611095818,0.22073841611095818,1,2.205917487666411,30.82327633759517,1.249820703339119e-06,478.1501348605921,0.9882146862307265,0.08738431484051314,0.0744154000421986,-1
93,0,hybrid_heuristic,-0.22073841611095818,0.22073841611095818,1,2.205917487666411,30.82327633759517,1.249820703339119e-06,478.1501348605921,0.9882146862307265,0.08738431484051314,0.013561700005084276,-1
93,1,autoreg_rl_pure,-0.2248187244477778,0.2248187244477778,1,2.2413102693381335,30.864951862563792,5.8562321904494366e-06,548.7115219934842,0.9865448740727241,0.12429481885739549,0.0246402999619022,16
93,1,random,-100.0,27013183857.600178,0,107.84731191275448,2080824103839.207,0.08501168290241581,26265.38563416822,0.9212116786669984,5.939785477098727,0.024533399962820113,-1
93,1,latency_greedy,-232.404604911415,232.404604911415,1,4.115039934711728,17901.228107394745,0.021698677348682124,1004.9889505339895,0.9919139469118257,0.22750846276569217,6.46000262349844e-05,-1
93,1,block_balanced,-2852.71707791859,2852.71707791859,1,7.486349259682205,219717.78827622987,0.030247187517986718,1826.020288532091,0.7097622808790658,0.4127087575057824,7.399998139590025e-05,-1
93,1,pdp_aware_greedy,-7.174218076024014,7.174218076024014,1,3.542781629197724,556.1515845162654,0.00986331584075721,865.671733430886,0.9865448740727241,0.19600411101016943,0.0003073000116273761,-1
93,1,local_search,-7.174218076024014,7.174218076024014,1,3.542781629197724,556.1515845162654,0.00986331584075721,865.671733430886,0.9865448740727241,0.19600411101016943,0.012764499988406897,-1
93,1,beam_search,-0.34769375646895023,0.34769375646895023,1,3.470308952064545,30.86303872744438,5.64490888921178e-06,847.9874455917206,0.9919139469118257,0.19249499240551132,0.031204900005832314,-1
93,1,simulated_annealing,-7.174218076024014,7.174218076024014,1,3.542781629197724,556.1515845162654,0.00986331584075721,865.671733430886,0.9865448740727241,0.19600411101016943,0.006667800014838576,-1
93,1,block_beam_strong,-0.22396133536043542,0.22396133536043542,1,2.2340610998086783,30.85474754115173,4.728919974661703e-06,546.9498592010584,0.9865448740727241,0.12379141570255367,0.32801289996132255,-1
93,1,block_lns_strong,-0.22396133536043542,0.22396133536043542,1,2.2340610998086783,30.85474754115173,4.728919974661703e-06,546.9498592010584,0.9865448740727241,0.12379141570255367,0.07244789996184409,-1
93,1,hybrid_heuristic,-0.22396133536043542,0.22396133536043542,1,2.2340610998086783,30.85474754115173,4.728919974661703e-06,546.9498592010584,0.9865448740727241,0.12379141570255367,0.013135400018654764,-1
93,2,autoreg_rl_pure,-0.2575354782625544,0.2575354782625544,1,2.5746270763240986,30.81758407766334,6.201696785066346e-07,664.3941316325818,0.9528750362147056,0.15507331596513582,0.025458100019022822,16
93,2,random,-100.0,411294970183348.6,0,89.45835077562994,3.168202950773396e+16,0.11784491107454892,22984.349112973763,0.8586341412124796,5.402672060616764,0.02640660002361983,-1
93,2,latency_greedy,-1119072.844349794,1119072.844349794,1,12.633270240749075,86202054.71571268,0.050607355020612324,3248.3320747243824,0.9528750362147056,0.7645692340832516,6.399990525096655e-05,-1
93,2,block_balanced,-996459.6940954166,996459.6940954166,1,14.259467964069062,76757157.79711384,0.05021172504316389,3666.1660587773317,0.7892922407289087,0.8626482077251617,7.250008638948202e-05,-1
93,2,pdp_aware_greedy,-285.0951779859626,285.0951779859626,1,5.815540660714367,21946.881179124717,0.0223933236061363,1496.9668441966073,0.9528750362147056,0.35027798110266173,0.000435599940828979,-1
93,2,local_search,-100.0,411294970183348.6,0,89.45835077562994,3.168202950773396e+16,0.11784491107454892,22984.349112973763,0.8586341412124796,5.402672060616764,0.015575199970044196,-1
93,2,beam_search,-0.24904182465246805,0.24904182465246805,1,2.489720592769733,30.81735258305875,5.945603729806411e-07,642.5942560875362,0.9528750362147056,0.1499592821414438,0.032440599985420704,-1
93,2,simulated_annealing,-100.0,411294970183348.6,0,89.45835077562994,3.168202950773396e+16,0.11784491107454892,22984.349112973763,0.8586341412124796,5.402672060616764,0.011344200000166893,-1
93,2,block_beam_strong,-0.2575354782625544,0.2575354782625544,1,2.5746270763240986,30.81758407766334,6.201696785066346e-07,664.3941316325818,0.9528750362147056,0.15507331596513582,0.21119430009275675,-1
93,2,block_lns_strong,-0.24904182465246805,0.24904182465246805,1,2.489720592769733,30.81735258305875,5.945603729806411e-07,642.5942560875362,0.9528750362147056,0.1499592821414438,0.06672330002766103,-1
93,2,hybrid_heuristic,-0.24904182465246805,0.24904182465246805,1,2.489720592769733,30.81735258305875,5.945603729806411e-07,642.5942560875362,0.9528750362147056,0.1499592821414438,0.013267399976029992,-1
93,3,autoreg_rl_pure,-2.49975181474228,2.49975181474228,1,4.333906108776737,189.98367133626044,0.0062014728414593765,1102.842946605087,0.9897236875918712,0.2159265057566891,0.03314369998406619,16
93,3,random,-100.0,89023.9230250228,0,82.4858345506424,6856903.442955421,0.04197714841055565,20935.75818445991,0.9897236875918712,4.092282317724085,0.02757280005607754,-1
93,3,latency_greedy,-3631.861361827727,3631.861361827727,1,8.904118870251903,279724.3096317578,0.031070377550267807,2262.6423969805373,0.9897236875918712,0.442915131538983,6.800005212426186e-05,-1
93,3,block_balanced,-679.5122713904308,679.5122713904308,1,8.894523126223428,52305.09135781117,0.025354116597109455,2260.229756654551,0.8247697396598926,0.442284236534493,7.139996159821749e-05,-1
93,3,pdp_aware_greedy,-5.650452969115617,5.650452969115617,1,3.8624846286735255,436.31336951386356,0.009035967930690189,983.2132662976833,0.9897236875918712,0.19122050321747147,0.00029710005037486553,-1
93,3,local_search,-5.650452969115617,5.650452969115617,1,3.8624846286735255,436.31336951386356,0.009035967930690189,983.2132662976833,0.9897236875918712,0.19122050321747147,0.013494899962097406,-1
93,3,beam_search,-2.49975181474228,2.49975181474228,1,4.333906108776737,189.98367133626044,0.0062014728414593765,1102.842946605087,0.9897236875918712,0.2159265057566891,0.029414699994958937,-1
93,3,simulated_annealing,-5.650452969115617,5.650452969115617,1,3.8624846286735255,436.31336951386356,0.009035967930690189,983.2132662976833,0.9897236875918712,0.19122050321747147,0.007247300003655255,-1
93,3,block_beam_strong,-1.1985556906877248,1.1985556906877248,1,4.433422034478823,88.98603300242216,0.0036157270557205133,1128.1076496557582,0.9897236875918712,0.22089545283087153,0.333754500024952,-1
93,3,block_lns_strong,-1.1758090927025753,1.1758090927025753,1,4.199526775239001,89.03555770708938,0.003617623906250415,1068.7429536610273,0.9897236875918712,0.20896215983864572,0.07973009999841452,-1
93,3,hybrid_heuristic,-1.1758090927025753,1.1758090927025753,1,4.199526775239001,89.03555770708938,0.003617623906250415,1068.7429536610273,0.9897236875918712,0.20896215983864572,0.015355699928477407,-1
93,4,autoreg_rl_pure,-0.34365088700647484,0.34365088700647484,1,3.3993393930929234,31.09829484180869,3.153336385069754e-05,853.7049436392497,0.9555920305033062,0.14060867281322934,0.032692400040104985,16
93,4,random,-100.0,6.911511000379973e+16,0,127.88780565987045,5.323933219009633e+18,0.1353144516880266,32008.93540800268,0.905850809075066,5.253399594262796,0.02627449994906783,-1
93,4,latency_greedy,-26525.985341926968,26525.985341926968,1,6.03922158198888,2043279.5209778526,0.03784961721175313,1514.3615602973346,0.9348754802124124,0.24765980208679267,0.00011889997404068708,-1
93,4,block_balanced,-29228.128751571952,29228.128751571952,1,11.10369011727446,2251386.471413423,0.03818027696771171,2781.839639616048,0.744975076830133,0.45590612209354575,0.00010269996710121632,-1
93,4,pdp_aware_greedy,-0.5216894223674737,0.5216894223674737,1,2.727351863564176,49.98891001586102,0.0016497092198353637,685.5293014288513,0.9555920305033062,0.1131775982575231,0.0003131000557914376,-1
93,4,local_search,-0.5216894223674737,0.5216894223674737,1,2.727351863564176,49.98891001586102,0.0016497092198353637,685.5293014288513,0.9555920305033062,0.1131775982575231,0.012900999980047345,-1
93,4,beam_search,-0.3394544471738682,0.3394544471738682,1,3.3459025389725756,31.186667107299456,4.120760610812349e-05,840.3320221095736,0.9555920305033062,0.13841313596301172,0.030604599975049496,-1
93,4,simulated_annealing,-0.5216894223674737,0.5216894223674737,1,2.727351863564176,49.98891001586102,0.0016497092198353637,685.5293014288513,0.9555920305033062,0.1131775982575231,0.0070677000330761075,-1
93,4,block_beam_strong,-0.3670825322386438,0.3670825322386438,1,3.6328869220473985,31.104217854384896,3.2182623794056155e-05,912.1579524837425,0.9555920305033062,0.15022745289389694,0.29702029994223267,-1
93,4,block_lns_strong,-0.3394544471738682,0.3394544471738682,1,3.3459025389725756,31.186667107299456,4.120760610812349e-05,840.3320221095736,0.9555920305033062,0.13841313596301172,0.07885450008325279,-1
93,4,hybrid_heuristic,-0.3394544471738682,0.3394544471738682,1,3.3459025389725756,31.186667107299456,4.120760610812349e-05,840.3320221095736,0.9555920305033062,0.13841313596301172,0.013073200010694563,-1
93,5,autoreg_rl_pure,-0.2671682071386076,0.2671682071386076,1,2.5258123349926196,31.93561235749806,0.00012211191644003277,699.6248303433388,0.9902754842522695,0.14830734798824577,0.02907649998087436,16
93,5,random,-100.0,91395748914673.25,0,108.39461302167028,7040209640066929.0,0.11271707692912777,29898.97380816484,0.9902754842522695,6.342281255407221,0.024452800047583878,-1
93,5,latency_greedy,-216.8002797789616,216.8002797789616,1,4.963910867309754,16692.68893059282,0.02146037866228806,1371.9734471671668,0.9694344791326454,0.29039611443282687,6.620003841817379e-05,-1
93,5,block_balanced,-1778.8412907591157,1778.8412907591157,1,7.925428299209145,136993.8117277943,0.02863664830944618,2188.8383885495364,0.7280235833907479,0.46490060336439876,0.0004151000175625086,-1
93,5,pdp_aware_greedy,-5.021532342987191,5.021532342987191,1,3.8847485197172134,387.69614876008166,0.008633207789998442,1074.3768799166016,0.9706981111876638,0.22865524861093484,0.0006784000433981419,-1
93,5,local_search,-5.021532342987191,5.021532342987191,1,3.8847485197172134,387.69614876008166,0.008633207789998442,1074.3768799166016,0.9706981111876638,0.22865524861093484,0.013171200058422983,-1
93,5,beam_search,-0.2671682071386076,0.2671682071386076,1,2.5258123349926196,31.93561235749806,0.00012211191644003277,699.6248303433388,0.9902754842522695,0.14830734798824577,0.02936249994672835,-1
93,5,simulated_annealing,-5.021532342987191,5.021532342987191,1,3.8847485197172134,387.69614876008166,0.008633207789998442,1074.3768799166016,0.9706981111876638,0.22865524861093484,0.007517300080507994,-1
93,5,block_beam_strong,-0.2699782720215879,0.2699782720215879,1,2.553912983822421,31.935612357498073,0.00012211191644003375,707.3592072506927,0.9535716830961716,0.14994659948884465,0.34412879997398704,-1
93,5,block_lns_strong,-0.2671682071386076,0.2671682071386076,1,2.5258123349926196,31.93561235749806,0.00012211191644003277,699.6248303433388,0.9902754842522695,0.14830734798824577,0.07365439995191991,-1
93,5,hybrid_heuristic,-0.2671682071386076,0.2671682071386076,1,2.5258123349926196,31.93561235749806,0.00012211191644003277,699.6248303433388,0.9902754842522695,0.14830734798824577,0.012842299998737872,-1
93,6,autoreg_rl_pure,-0.32711336719049555,0.32711336719049555,1,2.7671376536675796,34.69425718697808,0.000404573275512606,643.5813136293872,0.9735097541683283,0.12708895337668977,0.025105999899096787,16
93,6,random,-100.0,550224422402870.5,0,111.79228462547462,4.238375776555846e+16,0.11883704463601287,25884.221856784214,0.9735097541683283,5.1105425925114885,0.02539299998898059,-1
93,6,latency_greedy,-1.6646311095241682,1.6646311095241682,1,3.246000228280506,134.03450134220432,0.005012200632244687,754.4264782680978,0.9735097541683283,0.14810177913826633,6.479991134256124e-05,-1
93,6,block_balanced,-16330.098056118817,16330.098056118817,1,10.203879430829028,1257858.789516464,0.036195654759499346,2365.309297760554,0.7252999730221095,0.46639721299838477,6.800005212426186e-05,-1
93,6,pdp_aware_greedy,-32.417068568080914,32.417068568080914,1,3.615037535100214,2500.050418041941,0.0149874462440596,839.8630273705287,0.9735097541683283,0.16493944946010278,0.00029550003819167614,-1
93,6,local_search,-1.2253804229239633,1.2253804229239633,1,3.32809564167604,99.56666396795818,0.003998745045276682,773.4352360681172,0.9735097541683283,0.15184745872172425,0.017815199913457036,-1
93,6,beam_search,-0.32711336719049555,0.32711336719049555,1,2.7671376536675796,34.69425718697808,0.000404573275512606,643.5813136293872,0.9735097541683283,0.12708895337668977,0.02973860001657158,-1
93,6,simulated_annealing,-1.2253804229239633,1.2253804229239633,1,3.32809564167604,99.56666396795818,0.003998745045276682,773.4352360681172,0.9735097541683283,0.15184745872172425,0.007167799980379641,-1
93,6,block_beam_strong,-0.32711336719049555,0.32711336719049555,1,2.7671376536675796,34.69425718697808,0.000404573275512606,643.5813136293872,0.9735097541683283,0.12708895337668977,0.30566149996593595,-1
93,6,block_lns_strong,-0.32711336719049555,0.32711336719049555,1,2.7671376536675796,34.69425718697808,0.000404573275512606,643.5813136293872,0.9735097541683283,0.12708895337668977,0.07209040003363043,-1
93,6,hybrid_heuristic,-0.32711336719049555,0.32711336719049555,1,2.7671376536675796,34.69425718697808,0.000404573275512606,643.5813136293872,0.9735097541683283,0.12708895337668977,0.013090400025248528,-1
93,7,autoreg_rl_pure,-0.7605640093191821,0.7605640093191821,1,3.170706897118532,64.97424519794998,0.0025435695213400014,816.127380820075,0.9557453334366827,0.15800966472708294,0.028310899971984327,16
93,7,random,-100.0,142571173.532381,0,80.41625536633653,10982249266.723251,0.06713296529131704,20626.72969795181,0.9557453334366827,3.977910595153751,0.023945000022649765,-1
93,7,latency_greedy,-2933337.765263956,2933337.765263956,1,8.235035090526955,225954818.20836708,0.05389261071422532,2114.896740353417,0.9978785495134355,0.4082163588889099,6.470002699643373e-05,-1
93,7,block_balanced,-17469172.623379674,17469172.623379674,1,11.665598714126801,1345649371.7798913,0.05997565547514318,2994.7647552754565,0.7581951521424909,0.5772425556420199,0.00014679995365440845,-1
93,7,pdp_aware_greedy,-2.4378251814124807,2.4378251814124807,1,3.6591808915137563,190.41087082218206,0.006209130226911674,941.4025276370473,0.9557453334366827,0.18240457358488416,0.0003076000139117241,-1
93,7,local_search,-1.758147514233034,1.758147514233034,1,3.7214596317385356,137.57560374806542,0.005101100487330888,957.3845173298755,0.9557453334366827,0.18538117524712494,0.018362600007094443,-1
93,7,beam_search,-0.6249651007178907,0.6249651007178907,1,3.234389642164264,54.038520692773275,0.0019152729774579605,832.4717815055717,0.9477439401781136,0.16116513508296199,0.03112860000692308,-1
93,7,simulated_annealing,-1.758147514233034,1.758147514233034,1,3.7214596317385356,137.57560374806542,0.005101100487330888,957.3845173298755,0.9557453334366827,0.18538117524712494,0.0063501999247819185,-1
93,7,block_beam_strong,-0.6271130429016465,0.6271130429016465,1,3.2493064051737015,54.08907281855032,0.001918460746136278,836.2950315912361,0.9557453334366827,0.161783359326545,0.33614110003691167,-1
93,7,block_lns_strong,-0.6249651007178907,0.6249651007178907,1,3.234389642164264,54.038520692773275,0.0019152729774579605,832.4717815055717,0.9477439401781136,0.16116513508296199,0.06777740002144128,-1
93,7,hybrid_heuristic,-0.6249651007178907,0.6249651007178907,1,3.234389642164264,54.038520692773275,0.0019152729774579605,832.4717815055717,0.9477439401781136,0.16116513508296199,0.012550099985674024,-1
93,8,autoreg_rl_pure,-0.254810757027447,0.254810757027447,1,2.546725305066417,30.822626141412492,1.177904941996502e-06,731.407945168485,0.9826893948624896,0.14203140008698661,0.028412000043317676,16
93,8,random,-100.0,17524840629.523678,0,109.43605408189507,1349937533545.2405,0.08353649785537198,31300.568245235405,0.9169268388011806,6.0728250305075715,0.026284200022928417,-1
93,8,latency_greedy,-516.1946223027627,516.1946223027627,1,6.525263264951731,39742.99199845729,0.02441774203856063,1869.147437860659,0.9847535171081903,0.3623026008098585,6.799993570894003e-05,-1
93,8,block_balanced,-318.17291528837194,318.17291528837194,1,6.667323334656781,24488.29623318448,0.02276687173520692,1909.8071656343482,0.8206279309234918,0.3699718765296006,8.140003774315119e-05,-1
93,8,pdp_aware_greedy,-1.0583640866744266,1.0583640866744266,1,4.508496212786534,77.6087852664692,0.0031493511039687055,1292.3812733408345,0.9847535171081903,0.24937091661169752,0.000291600008495152,-1
93,8,local_search,-1.0583640866744266,1.0583640866744266,1,4.508496212786534,77.6087852664692,0.0031493511039687055,1292.3812733408345,0.9847535171081903,0.24937091661169752,0.014298000023700297,-1
93,8,beam_search,-0.254810757027447,0.254810757027447,1,2.546725305066417,30.822626141412492,1.177904941996502e-06,731.407945168485,0.9826893948624896,0.14203140008698661,0.03036420000717044,-1
93,8,simulated_annealing,-1.0583640866744266,1.0583640866744266,1,4.508496212786534,77.6087852664692,0.0031493511039687055,1292.3812733408345,0.9847535171081903,0.24937091661169752,0.00811350008007139,-1
93,8,block_beam_strong,-0.254810757027447,0.254810757027447,1,2.546725305066417,30.822626141412492,1.177904941996502e-06,731.407945168485,0.9826893948624896,0.14203140008698661,0.2969685000134632,-1
93,8,block_lns_strong,-0.254810757027447,0.254810757027447,1,2.546725305066417,30.822626141412492,1.177904941996502e-06,731.407945168485,0.9826893948624896,0.14203140008698661,0.06583429989404976,-1
93,8,hybrid_heuristic,-0.254810757027447,0.254810757027447,1,2.546725305066417,30.822626141412492,1.177904941996502e-06,731.407945168485,0.9826893948624896,0.14203140008698661,0.014414400095120072,-1
93,9,autoreg_rl_pure,-0.15610541054309415,0.15610541054309415,1,1.5610541037576091,30.811978572813498,1.426186173830039e-12,419.01187309175066,0.9671274893856789,0.09608110299072399,0.025541899958625436,16
93,9,random,-100.0,15465851.744060101,0,79.01898959074751,1191333153.001476,0.05956040087390817,21062.572103491264,0.9869962542823842,4.890622588968204,0.02307630004361272,-1
93,9,latency_greedy,-596.673632894839,596.673632894839,1,5.381365579972671,45951.09730841072,0.024912569266130703,1437.159571128837,0.9671274893856789,0.3312169253298189,6.200000643730164e-05,-1
93,9,block_balanced,-858.1299819356191,858.1299819356191,1,10.559300634380795,66051.18025494163,0.026149608893666534,2817.196626112294,0.6690233638825337,0.6505507536860322,7.290008943527937e-05,-1
93,9,pdp_aware_greedy,-0.2544201798401645,0.2544201798401645,1,2.531946155227892,30.90638371360077,1.0429549049815329e-05,677.8025694863953,0.9671274893856789,0.15583840350045453,0.0003106999211013317,-1
93,9,local_search,-0.2510794570313649,0.2510794570313649,1,2.499132388469971,30.90181228415616,9.925248041997202e-06,669.051139267285,0.9671274893856789,0.15381875351151927,0.017254400067031384,-1
93,9,beam_search,-0.1585416675477196,0.1585416675477196,1,1.5837100145232337,30.82512496010446,1.4542816184486736e-06,425.0365055686075,0.9671274893856789,0.09747554850698179,0.03299669991247356,-1
93,9,simulated_annealing,-0.2510794570313649,0.2510794570313649,1,2.499132388469971,30.90181228415616,9.925248041997202e-06,669.051139267285,0.9671274893856789,0.15381875351151927,0.006791300023905933,-1
93,9,block_beam_strong,-0.15610541054309415,0.15610541054309415,1,1.5610541037576091,30.811978572813498,1.426186173830039e-12,419.01187309175066,0.9671274893856789,0.09608110299072399,0.3556215000571683,-1
93,9,block_lns_strong,-0.15610541054309415,0.15610541054309415,1,1.5610541037576091,30.811978572813498,1.426186173830039e-12,419.01187309175066,0.9671274893856789,0.09608110299072399,0.05588480003643781,-1
93,9,hybrid_heuristic,-0.15610541054309415,0.15610541054309415,1,1.5610541037576091,30.811978572813498,1.426186173830039e-12,419.01187309175066,0.9671274893856789,0.09608110299072399,0.011969399987719953,-1
93,10,autoreg_rl_pure,-2.61047918760815,2.61047918760815,1,4.259641160875573,199.08505742873123,0.006361003563637315,1194.4961692552613,0.9497793499076683,0.22927718146428042,0.02745699998922646,11
93,10,random,-100.0,7.226542647657334e+27,0,193.04231108729542,5.566601928049823e+29,0.22181639231006306,53995.95600078298,0.9276820399011507,10.411098872775211,0.02311760000884533,-1
93,10,latency_greedy,-80931119.87240647,80931119.87240647,1,11.25964534817294,6234119769.927023,0.06520252383711372,3152.203524165529,0.9568420833599688,0.6114315195717825,6.699992809444666e-05,-1
93,10,block_balanced,-54045454.086959176,54045454.086959176,1,15.478411491667549,4163118343.053692,0.06382597647278293,4332.2442355469775,0.6331862332717789,0.8389304898275046,6.890005897730589e-05,-1
93,10,pdp_aware_greedy,-7.4003233486107085,7.4003233486107085,1,3.912156012429429,570.7231726501527,0.009951489593850685,1097.222900341703,0.9568420833599688,0.21267711675588852,0.00030970002990216017,-1
93,10,local_search,-7.4003233486107085,7.4003233486107085,1,3.912156012429429,570.7231726501527,0.009951489593850685,1097.222900341703,0.9568420833599688,0.21267711675588852,0.012545199948363006,-1
93,10,beam_search,-7.399166392281842,7.399166392281842,1,3.9247487255234947,570.5370507646868,0.009950377614690092,1100.7116424352505,0.9568420833599688,0.21336885971342986,0.03198660002090037,-1
93,10,simulated_annealing,-7.4003233486107085,7.4003233486107085,1,3.912156012429429,570.7231726501527,0.009951489593850685,1097.222900341703,0.9568420833599688,0.21267711675588852,0.0069549999898299575,-1
93,10,block_beam_strong,-2.0984109464691287,2.0984109464691287,1,5.674213010546882,148.74402888486162,0.0053672006262176055,1590.1283202440559,0.9497793499076683,0.30541717411208497,0.36112759995739907,-1
93,10,block_lns_strong,-2.095460618978893,2.095460618978893,1,5.6481265003792425,148.717709564424,0.005366597334388926,1582.8212993657035,0.9497793499076683,0.3040130554787101,0.08822000003419816,-1
93,10,hybrid_heuristic,-2.095460618978893,2.095460618978893,1,5.6481265003792425,148.717709564424,0.005366597334388926,1582.8212993657035,0.9497793499076683,0.3040130554787101,0.012578099966049194,-1
93,11,autoreg_rl_pure,-0.49395699828303613,0.49395699828303613,1,2.7676443500282666,47.54231006783561,0.0014786311631406327,873.3296657633779,0.9276454305229391,0.20493483464343562,0.027961399988271296,16
93,11,random,-100.0,1.0023825348155892e+23,0,152.76979572459513,7.721347292895008e+24,0.1836819074147477,48045.63999540907,0.9276454305229391,11.346521208060674,0.02469410002231598,-1
93,11,latency_greedy,-86.46683867772887,86.46683867772887,1,4.352533067602954,6657.8203883762735,0.018326704581149877,1371.6920781875708,0.976633939678347,0.32328287291414554,6.580003537237644e-05,-1
93,11,block_balanced,-33405.69492549857,33405.69492549857,1,9.411885708736019,2573197.2018329385,0.03863575757630218,2962.8192187996156,0.7730378587691159,0.7011951115759768,8.68999632075429e-05,-1
93,11,pdp_aware_greedy,-27.921887026824677,27.921887026824677,1,3.948438538469233,2151.2186387196443,0.014475122252522649,1244.6520809843637,0.976633939678347,0.2923687066124289,0.000305800000205636,-1
93,11,local_search,-27.921887026824677,27.921887026824677,1,3.948438538469233,2151.2186387196443,0.014475122252522649,1244.6520809843637,0.976633939678347,0.2923687066124289,0.013869200018234551,-1
93,11,beam_search,-0.7927077540188979,0.7927077540188979,1,5.914917888907054,46.311633568534454,0.0013892182681396724,1863.0657119941889,0.976633939678347,0.43797994474264224,0.02979479997884482,-1
93,11,simulated_annealing,-27.921887026824677,27.921887026824677,1,3.948438538469233,2151.2186387196443,0.014475122252522649,1244.6520809843637,0.976633939678347,0.2923687066124289,0.007445499999448657,-1
93,11,block_beam_strong,-0.6036500192170564,0.6036500192170564,1,3.239801635748562,52.35493254968498,0.0018073680967259998,1021.8016757759503,0.976633939678347,0.2398965071118631,0.2438883000286296,-1
93,11,block_lns_strong,-0.5572331445311076,0.5572331445311076,1,2.900214318356251,51.39528246625816,0.001744298483478025,915.0199461410048,0.9276454305229391,0.21475119870686868,0.06673909991513938,-1
93,11,hybrid_heuristic,-0.5572331445311076,0.5572331445311076,1,2.900214318356251,51.39528246625816,0.001744298483478025,915.0199461410048,0.9276454305229391,0.21475119870686868,0.014509600005112588,-1
93,12,autoreg_rl_pure,-0.24586060503394258,0.24586060503394258,1,2.3370980506455448,31.7479540302806,0.00010201980385184709,600.8941746233647,0.9804824958642396,0.11146454178404547,0.025144499959424138,16
93,12,random,-100.0,1.1697492248126015e+21,0,142.5648077531727,9.010572008853348e+22,0.1685083255783602,36479.638781144284,0.9315812415915966,6.762710529091819,0.02505850000306964,-1
93,12,latency_greedy,-46557117.55529637,46557117.55529637,1,18.21542357567672,3586292160.31278,0.06331750781415413,4663.480657976125,0.9804824958642396,0.8620409070515491,0.00018009997438639402,-1
93,12,block_balanced,-100.0,55903113.29565371,0,30.044559408387528,4306213620.125585,0.06394118943862276,7690.151476122441,0.731851634693921,1.4223693376244946,0.0001767999492585659,-1
93,12,pdp_aware_greedy,-230.77891758622883,230.77891758622883,1,4.215773062031369,17775.225553132994,0.02167459585843888,1081.6218550893775,0.940952101749327,0.2001570109562772,0.0003464999608695507,-1
93,12,local_search,-100.0,1.1697492248126015e+21,0,142.5648077531727,9.010572008853348e+22,0.1685083255783602,36479.638781144284,0.9315812415915966,6.762710529091819,0.015474800020456314,-1
93,12,beam_search,-0.3361743335925771,0.3361743335925771,1,3.248347247570284,31.68546802072095,9.530321642055137e-05,834.0009166554833,0.9804824958642396,0.15372731773600057,0.0332744000479579,-1
93,12,simulated_annealing,-100.0,1.1697492248126015e+21,0,142.5648077531727,9.010572008853348e+22,0.1685083255783602,36479.638781144284,0.9315812415915966,6.762710529091819,0.010702100000344217,-1
93,12,block_beam_strong,-0.2478713251353814,0.2478713251353814,1,2.3344426105894085,31.92329453243866,0.00012079670239187107,600.2293895875306,0.9804824958642396,0.11145940464934638,0.22460320009849966,-1
93,12,block_lns_strong,-0.24586060503394258,0.24586060503394258,1,2.3370980506455448,31.7479540302806,0.00010201980385184709,600.8941746233647,0.9804824958642396,0.11146454178404547,0.06874109990894794,-1
93,12,hybrid_heuristic,-0.24586060503394258,0.24586060503394258,1,2.3370980506455448,31.7479540302806,0.00010201980385184709,600.8941746233647,0.9804824958642396,0.11146454178404547,0.013411100022494793,-1
93,13,autoreg_rl_pure,-0.2705135766586107,0.2705135766586107,1,2.582905776038474,31.75351552195717,0.00010261696479987844,776.5138499782375,0.9543368693953261,0.18201653861481773,0.02692819992080331,16
93,13,random,-100.0,178095426188.47678,0,133.93628565813486,13718681132348.709,0.09144143607817751,40117.52453521034,0.8898860595886141,9.368136704811622,0.023382500046864152,-1
93,13,latency_greedy,-3942.293173609629,3942.293173609629,1,6.498982399005406,303655.3822074599,0.0313502360625762,1949.3634620277612,0.9708477191134802,0.4534770285186848,6.38000201433897e-05,-1
93,13,block_balanced,-100.0,4187934.7392308414,0,15.991159042030498,322596296.12101835,0.05510651698177082,4792.370243620455,0.6472318127423201,1.121758124889819,7.459998596459627e-05,-1
93,13,pdp_aware_greedy,-0.3148649194537233,0.3148649194537233,1,2.8142938125150203,33.387516275489716,0.00027368647560173755,845.7822969978394,0.9708477191134802,0.19616488193602885,0.0003074000123888254,-1
93,13,local_search,-0.30754193179527445,0.30754193179527445,1,2.782501658089473,33.06832172380637,0.00024093660768687215,836.263552345513,0.9708477191134802,0.19394887158499652,0.01857329998165369,-1
93,13,beam_search,-0.2671314222094622,0.2671314222094622,1,2.5495649454039584,31.749812585693565,0.00010221937646596174,766.5217862857584,0.9543368693953261,0.17968921678689445,0.031112900003790855,-1
93,13,simulated_annealing,-0.30754193179527445,0.30754193179527445,1,2.782501658089473,33.06832172380637,0.00024093660768687215,836.263552345513,0.9708477191134802,0.19394887158499652,0.007303100079298019,-1
93,13,block_beam_strong,-0.26523565365355517,0.26523565365355517,1,2.5340546284836982,31.72325752354677,9.936677090566649e-05,761.8700506748577,0.9543368693953261,0.17860763165117852,0.38096300000324845,-1
93,13,block_lns_strong,-0.26523565365355517,0.26523565365355517,1,2.5340546284836982,31.72325752354677,9.936677090566649e-05,761.8700506748577,0.9543368693953261,0.17860763165117852,0.06827380007598549,-1
93,13,hybrid_heuristic,-0.26523565365355517,0.26523565365355517,1,2.5340546284836982,31.72325752354677,9.936677090566649e-05,761.8700506748577,0.9543368693953261,0.17860763165117852,0.012902399990707636,-1
93,14,autoreg_rl_pure,-0.2368014035189609,0.2368014035189609,1,2.3677473469599963,30.814032857927078,2.2729153734740417e-07,625.4111818571714,0.969905871652736,0.13831775940610722,0.025521000032313168,16
93,14,random,-100.0,109.10806615303714,0,54.297822569389986,8017.144629900604,0.018960102464180898,14275.58937608654,0.9123669861672773,3.157704389148896,0.02357990003656596,-1
93,14,latency_greedy,-79.93696196013909,79.93696196013909,1,4.169612402015453,6156.2333717295305,0.018059671181487238,1098.994700778325,0.923902704050109,0.2428827056874956,6.529991514980793e-05,-1
93,14,block_balanced,-44.88262234153447,44.88262234153447,1,6.093118457654596,3441.1827129911367,0.016076703917770416,1604.6525210496475,0.7096187670189934,0.35421211678051306,7.1900081820786e-05,-1
93,14,pdp_aware_greedy,-0.2368014035189609,0.2368014035189609,1,2.3677473469599963,30.814032857927078,2.2729153734740417e-07,625.4111818571714,0.969905871652736,0.13831775940610722,0.0003016999689862132,-1
93,14,local_search,-0.23254578898401101,0.23254578898401101,1,2.325191201610498,30.814032857927078,2.2729153734740417e-07,614.2199281709145,0.9205071308832028,0.1358484857480168,0.018677699961699545,-1
93,14,beam_search,-0.23254578898401101,0.23254578898401101,1,2.325191201610498,30.814032857927078,2.2729153734740417e-07,614.2199281709145,0.9205071308832028,0.1358484857480168,0.03042329999152571,-1
93,14,simulated_annealing,-0.23254578898401101,0.23254578898401101,1,2.325191201610498,30.814032857927078,2.2729153734740417e-07,614.2199281709145,0.9205071308832028,0.1358484857480168,0.0066781999776139855,-1
93,14,block_beam_strong,-0.23254578898401101,0.23254578898401101,1,2.325191201610498,30.814032857927078,2.2729153734740417e-07,614.2199281709145,0.9205071308832028,0.1358484857480168,0.3561521000228822,-1
93,14,block_lns_strong,-0.23254578898401101,0.23254578898401101,1,2.325191201610498,30.814032857927078,2.2729153734740417e-07,614.2199281709145,0.9205071308832028,0.1358484857480168,0.07393429998774081,-1
93,14,hybrid_heuristic,-0.23254578898401101,0.23254578898401101,1,2.325191201610498,30.814032857927078,2.2729153734740417e-07,614.2199281709145,0.9205071308832028,0.1358484857480168,0.012579099973663688,-1
93,15,autoreg_rl_pure,-0.5228942090688398,0.5228942090688398,1,3.1954361212170515,46.476064143130884,0.0014013013164557316,722.9913011388754,0.9511256375994267,0.12640507253525823,0.0255430000834167,16
93,15,random,-100.0,7.564316457365376e+17,0,121.17271801066191,5.826788912620522e+19,0.14347214413771903,27305.643485825014,0.9511256375994267,4.775777751284323,0.024857599986717105,-1
93,15,latency_greedy,-10218.9848046186,10218.9848046186,1,5.628888169431076,787155.3044434008,0.034597619080118464,1271.2967220023252,0.9511256375994267,0.22149166319163605,6.489991210401058e-05,-1
93,15,block_balanced,-125756.88927142519,125756.88927142519,1,9.981212013649268,9687000.366740586,0.043155129254881144,2251.99045569744,0.8045422554911215,0.394221781232636,7.429998368024826e-05,-1
93,15,pdp_aware_greedy,-1.2472011239941847,1.2472011239941847,1,3.181980024646398,102.37303921660045,0.004093507405801608,719.9723008733692,0.9566538952655838,0.12606211685244198,0.0003043001051992178,-1
93,15,local_search,-1.2472011239941847,1.2472011239941847,1,3.181980024646398,102.37303921660045,0.004093507405801608,719.9723008733692,0.9566538952655838,0.12606211685244198,0.013484600000083447,-1
93,15,beam_search,-1.2472011239941847,1.2472011239941847,1,3.181980024646398,102.37303921660045,0.004093507405801608,719.9723008733692,0.9566538952655838,0.12606211685244198,0.0296886001015082,-1
93,15,simulated_annealing,-1.2472011239941847,1.2472011239941847,1,3.181980024646398,102.37303921660045,0.004093507405801608,719.9723008733692,0.9566538952655838,0.12606211685244198,0.0067934999242424965,-1
93,15,block_beam_strong,-0.48389997907192245,0.48389997907192245,1,2.8947018558757796,45.78889513054892,0.0013505182776701596,655.2305189617498,0.9511256375994267,0.114685292258176,0.23276499996427447,-1
93,15,block_lns_strong,-0.48389997907192245,0.48389997907192245,1,2.8947018558757796,45.78889513054892,0.0013505182776701596,655.2305189617498,0.9511256375994267,0.114685292258176,0.06463959999382496,-1
93,15,hybrid_heuristic,-0.48389997907192245,0.48389997907192245,1,2.8947018558757796,45.78889513054892,0.0013505182776701596,655.2305189617498,0.9511256375994267,0.114685292258176,0.013007800094783306,-1
93,16,autoreg_rl_pure,-0.2325173310778697,0.2325173310778697,1,2.2733272285036885,31.21134865379223,4.390463434491175e-05,671.7400119547646,0.9293275504171845,0.11846613464794782,0.03036239999346435,16
93,16,random,-100.0,15892847191434.047,0,108.90597597383231,1224225167295720.5,0.10675324238890066,32043.62395522786,0.903673733014068,5.633892247584926,0.02568090008571744,-1
93,16,latency_greedy,-7851.908677056227,7851.908677056227,1,4.826882383122735,604825.7350592758,0.03369934245795654,1423.0044740346993,0.9640077760846819,0.2503173633676025,6.250001024454832e-05,-1
93,16,block_balanced,-17769.456037548505,17769.456037548505,1,8.73286435111359,1368743.7888974056,0.03648367334536806,2572.213415980519,0.780955638808783,0.4517786745951584,0.00014429993461817503,-1
93,16,pdp_aware_greedy,-4.555552412421336,4.555552412421336,1,3.17518715434393,357.26748707941476,0.008354548608256945,937.1338755354466,0.9645509955962417,0.16502764445865825,0.00047990004532039165,-1
93,16,local_search,-4.555552412421336,4.555552412421336,1,3.17518715434393,357.26748707941476,0.008354548608256945,937.1338755354466,0.9645509955962417,0.16502764445865825,0.012115899939090014,-1
93,16,beam_search,-0.22918007869421747,0.22918007869421747,1,2.2399547046671664,31.21134865379223,4.390463434491175e-05,661.9222257288767,0.9645509955962417,0.1166110920010691,0.03251859999727458,-1
93,16,simulated_annealing,-4.555552412421336,4.555552412421336,1,3.17518715434393,357.26748707941476,0.008354548608256945,937.1338755354466,0.9645509955962417,0.16502764445865825,0.007073199958540499,-1
93,16,block_beam_strong,-0.22918007869421747,0.22918007869421747,1,2.2399547046671664,31.21134865379223,4.390463434491175e-05,661.9222257288767,0.9645509955962417,0.1166110920010691,0.26946189999580383,-1
93,16,block_lns_strong,-0.22918007869421747,0.22918007869421747,1,2.2399547046671664,31.21134865379223,4.390463434491175e-05,661.9222257288767,0.9645509955962417,0.1166110920010691,0.0730485999956727,-1
93,16,hybrid_heuristic,-0.22918007869421747,0.22918007869421747,1,2.2399547046671664,31.21134865379223,4.390463434491175e-05,661.9222257288767,0.9645509955962417,0.1166110920010691,0.01381729997228831,-1
93,17,autoreg_rl_pure,-0.8103368893040763,0.8103368893040763,1,3.175553837882248,68.77091151662734,0.0027371782555536362,1019.1047016673828,0.9508472969887716,0.2157565214529407,0.02706430002581328,16
93,17,random,-100.0,28807303166269.047,0,98.53184972895956,2219025018820041.0,0.10878090403653977,31532.267074523224,0.9680503675567851,6.667251828407016,0.025920200045220554,-1
93,17,latency_greedy,-8213.656427976319,8213.656427976319,1,6.836683237546406,632675.663437693,0.03385281673698682,2190.5867804434706,0.9680503675567851,0.4620304409640347,6.450002547353506e-05,-1
93,17,block_balanced,-49231.03936123771,49231.03936123771,1,10.846958581416235,3792211.5811178028,0.03995785032192736,3473.8865504851124,0.7606778375910173,0.7351038134316552,7.43999844416976e-05,-1
93,17,pdp_aware_greedy,-1.0273631888202859,1.0273631888202859,1,3.217915975997843,85.16212041286741,0.003465985349704344,1032.655121678239,0.9508472969887716,0.21884393537442398,0.0004770999075844884,-1
93,17,local_search,-0.8103368893040763,0.8103368893040763,1,3.175553837882248,68.77091151662734,0.0027371782555536362,1019.1047016673828,0.9508472969887716,0.2157565214529407,0.018546200008131564,-1
93,17,beam_search,-0.8103368893040763,0.8103368893040763,1,3.175553837882248,68.77091151662734,0.0027371782555536362,1019.1047016673828,0.9508472969887716,0.2157565214529407,0.03103220008779317,-1
93,17,simulated_annealing,-0.8103368893040763,0.8103368893040763,1,3.175553837882248,68.77091151662734,0.0027371782555536362,1019.1047016673828,0.9508472969887716,0.2157565214529407,0.005933500011451542,-1
93,17,block_beam_strong,-0.7993456607117482,0.7993456607117482,1,3.3795313804596034,66.35301985014239,0.0026151571917579913,1084.3962111402961,0.9340689901996605,0.22976941832909792,0.29784190002828836,-1
93,17,block_lns_strong,-0.7863368682637679,0.7863368682637679,1,3.2467082316922706,66.37408926816838,0.002616239564359238,1041.8905553839818,0.9175917034394824,0.2205643671239005,0.07370960002299398,-1
93,17,hybrid_heuristic,-0.7863368682637679,0.7863368682637679,1,3.2467082316922706,66.37408926816838,0.002616239564359238,1041.8905553839818,0.9175917034394824,0.2205643671239005,0.01309729996137321,-1
93,18,autoreg_rl_pure,-0.21602902624201553,0.21602902624201553,1,2.1472325650662056,30.912561932651794,1.1110985863583491e-05,564.4903458455561,0.9852132329081522,0.1264870489241876,0.027367600006982684,16
93,18,random,-100.0,1407.9133029572888,0,85.41237694512921,107824.36715914235,0.027820373813265204,22339.629577623138,0.9852132329081522,4.989313177120975,0.02515490003861487,-1
93,18,latency_greedy,-2172964.400838699,2172964.400838699,1,8.469640206387783,167383296.89568475,0.05286968141964846,2217.8683806713484,0.9935540058846623,0.49710004266855984,6.689992733299732e-05,-1
93,18,block_balanced,-1171958.3992247272,1171958.3992247272,1,10.790254165386182,90275840.3697959,0.05076477827961572,2824.777774573638,0.7419630600950562,0.6326513862328627,7.00000673532486e-05,-1
93,18,pdp_aware_greedy,-0.21602902624201553,0.21602902624201553,1,2.1472325650662056,30.912561932651794,1.1110985863583491e-05,564.4903458455561,0.9852132329081522,0.1264870489241876,0.0003013999667018652,-1
93,18,local_search,-0.21602902624201553,0.21602902624201553,1,2.1472325650662056,30.912561932651794,1.1110985863583491e-05,564.4903458455561,0.9852132329081522,0.1264870489241876,0.013334800023585558,-1
93,18,beam_search,-0.2753948899134999,0.2753948899134999,1,2.3205422150707493,34.150507924202664,0.00035071894002048634,609.813888247066,0.984329726950913,0.1360845858815666,0.0293505999725312,-1
93,18,simulated_annealing,-0.21602902624201553,0.21602902624201553,1,2.1472325650662056,30.912561932651794,1.1110985863583491e-05,564.4903458455561,0.9852132329081522,0.1264870489241876,0.006744100013747811,-1
93,18,block_beam_strong,-0.21602902624201553,0.21602902624201553,1,2.1472325650662056,30.912561932651794,1.1110985863583491e-05,564.4903458455561,0.9852132329081522,0.1264870489241876,0.3492265000240877,-1
93,18,block_lns_strong,-0.21602902624201553,0.21602902624201553,1,2.1472325650662056,30.912561932651794,1.1110985863583491e-05,564.4903458455561,0.9852132329081522,0.1264870489241876,0.07620259991381317,-1
93,18,hybrid_heuristic,-0.21602902624201553,0.21602902624201553,1,2.1472325650662056,30.912561932651794,1.1110985863583491e-05,564.4903458455561,0.9852132329081522,0.1264870489241876,0.01198469998780638,-1
93,19,autoreg_rl_pure,-0.2337644111032189,0.2337644111032189,1,2.3376319053131933,30.812072580511828,1.0402952120208145e-08,622.69406069082,0.9877887190822302,0.14424456146925718,0.028516200021840632,16
93,19,random,-100.0,127888928.65320311,0,85.18713067725199,9851276693.901274,0.06676245494232876,22586.836956532432,0.9877887190822302,5.248156712513906,0.02482409996446222,-1
93,19,latency_greedy,-5285.40798291639,5285.40798291639,1,9.213399109711336,407094.5348397769,0.03234965304184921,2445.484603166971,0.9877887190822302,0.565492122340226,6.480002775788307e-05,-1
93,19,block_balanced,-6685.825412444112,6685.825412444112,1,12.12270918192304,514946.20397376415,0.033150875613989224,3216.7899294798904,0.7315987414467362,0.7449781352429635,6.989995017647743e-05,-1
93,19,pdp_aware_greedy,-12.306225018756775,12.306225018756775,1,3.056987765866585,955.211871763796,0.011707331774044436,813.3874200651663,0.9498649194512939,0.18938546459746322,0.00029740005265921354,-1
93,19,local_search,-12.306225018756775,12.306225018756775,1,3.056987765866585,955.211871763796,0.011707331774044436,813.3874200651663,0.9498649194512939,0.18938546459746322,0.0129120999481529,-1
93,19,beam_search,-0.21545916399088397,0.21545916399088397,1,2.15459082479207,30.811984838763934,6.94726201998656e-10,574.1713771537607,0.9877887190822302,0.13369547962522554,0.03074940002989024,-1
93,19,simulated_annealing,-12.306225018756775,12.306225018756775,1,3.056987765866585,955.211871763796,0.011707331774044436,813.3874200651663,0.9498649194512939,0.18938546459746322,0.006908499985001981,-1
93,19,block_beam_strong,-0.21545916399088397,0.21545916399088397,1,2.15459082479207,30.811984838763934,6.94726201998656e-10,574.1713771537607,0.9877887190822302,0.13369547962522554,0.31897929997649044,-1
93,19,block_lns_strong,-0.21545916399088397,0.21545916399088397,1,2.15459082479207,30.811984838763934,6.94726201998656e-10,574.1713771537607,0.9877887190822302,0.13369547962522554,0.07580840005539358,-1
93,19,hybrid_heuristic,-0.21545916399088397,0.21545916399088397,1,2.15459082479207,30.811984838763934,6.94726201998656e-10,574.1713771537607,0.9877887190822302,0.13369547962522554,0.013976800022646785,-1
93,20,autoreg_rl_pure,-0.3718177955243422,0.3718177955243422,1,2.9751408987574606,36.53558902334242,0.0005808726229618159,764.1109307657416,0.9670000699579387,0.18178001669955915,0.028707200079225004,16
93,20,random,-100.0,9302992394935776.0,0,101.45860164949828,7.16609005539738e+17,0.12847749282375606,25959.06278859986,0.8907215237381909,6.153678179090379,0.026814599987119436,-1
93,20,latency_greedy,-6119.175235273669,6119.175235273669,1,6.172317340150764,471343.0070353453,0.03284924104690609,1582.01750828792,0.9342939451981814,0.3735789061024834,6.370001938194036e-05,-1
93,20,block_balanced,-4568.911095893379,4568.911095893379,1,8.64798425928095,351907.17342432623,0.03185300598944161,2215.3824616335646,0.7620729810383792,0.5243873055243549,6.790005136281252e-05,-1
93,20,pdp_aware_greedy,-1681.0795337300922,1681.0795337300922,1,6.65042843987098,129473.05014097987,0.028444154017970673,1704.3409246804524,0.9670000699579387,0.4014506490886798,0.00030259997583925724,-1
93,20,local_search,-100.0,9302992394935776.0,0,101.45860164949828,7.16609005539738e+17,0.12847749282375606,25959.06278859986,0.8907215237381909,6.153678179090379,0.014588100020773709,-1
93,20,beam_search,-0.3652008238165183,0.3652008238165183,1,2.8964044610262283,36.63239040517456,0.0005898934141576782,743.9561678025004,0.952591226297974,0.17702064208425383,0.031563099939376116,-1
93,20,simulated_annealing,-100.0,9302992394935776.0,0,101.45860164949828,7.16609005539738e+17,0.12847749282375606,25959.06278859986,0.8907215237381909,6.153678179090379,0.011206199997104704,-1
93,20,block_beam_strong,-0.3718177955243422,0.3718177955243422,1,2.9751408987574606,36.53558902334242,0.0005808726229618159,764.1109307657416,0.9670000699579387,0.18178001669955915,0.36416829994414,-1
93,20,block_lns_strong,-0.3652008238165183,0.3652008238165183,1,2.8964044610262283,36.63239040517456,0.0005898934141576782,743.9561678025004,0.952591226297974,0.17702064208425383,0.0716244000941515,-1
93,20,hybrid_heuristic,-0.3652008238165183,0.3652008238165183,1,2.8964044610262283,36.63239040517456,0.0005898934141576782,743.9561678025004,0.952591226297974,0.17702064208425383,0.013194400002248585,-1
93,21,autoreg_rl_pure,-0.15564828751246698,0.15564828751246698,1,1.55518843037138,30.82194966092017,1.1030803614426921e-06,419.9607671418919,0.9484362513686448,0.07609107461885001,0.026845999993383884,16
93,21,random,-100.0,2613638.9926542575,0,74.96690278077159,201327924.85493794,0.05349918771144774,20104.389053697025,0.9385743584535075,3.678254454272597,0.023603099980391562,-1
93,21,latency_greedy,-234.78151234700746,234.78151234700746,1,3.278944909042538,18090.761595256987,0.021734583428774296,882.1336689236454,0.9750154460055387,0.16042971827244995,9.23000043258071e-05,-1
93,21,block_balanced,-2623.821873901717,2623.821873901717,1,8.209437217631855,202080.43303697236,0.029961911076355284,2204.213443960472,0.654565573339957,0.40328734030248947,7.569999434053898e-05,-1
93,21,pdp_aware_greedy,-0.26292838673678687,0.26292838673678687,1,2.4661779401679382,32.068382642894015,0.00013625611391462748,664.226927854245,0.9856807857028829,0.12191284786763174,0.00031459995079785585,-1
93,21,local_search,-0.26292838673678687,0.26292838673678687,1,2.4661779401679382,32.068382642894015,0.00013625611391462748,664.226927854245,0.9856807857028829,0.12191284786763174,0.014236300019547343,-1
93,21,beam_search,-0.17093679939760503,0.17093679939760503,1,1.6513435432375505,31.258940592950328,4.9099135532966386e-05,445.7424829642122,0.9856807857028829,0.08079567872031991,0.03408110002055764,-1
93,21,simulated_annealing,-0.26292838673678687,0.26292838673678687,1,2.4661779401679382,32.068382642894015,0.00013625611391462748,664.226927854245,0.9856807857028829,0.12191284786763174,0.0074483000207692385,-1
93,21,block_beam_strong,-0.15932574888743842,0.15932574888743842,1,1.5919630441210944,30.82194966092017,1.1030803614426921e-06,429.8240344888784,0.9856807857028829,0.07789035490171624,0.3816952001070604,-1
93,21,block_lns_strong,-0.15564828751246698,0.15564828751246698,1,1.55518843037138,30.82194966092017,1.1030803614426921e-06,419.9607671418919,0.9484362513686448,0.07609107461885001,0.058137400075793266,-1
93,21,hybrid_heuristic,-0.15564828751246698,0.15564828751246698,1,1.55518843037138,30.82194966092017,1.1030803614426921e-06,419.9607671418919,0.9484362513686448,0.07609107461885001,0.012207199935801327,-1
93,22,autoreg_rl_pure,-0.31344628751209963,0.31344628751209963,1,2.868722050095056,32.85897871072276,0.00021928557979128069,760.116052896631,0.9666507980692169,0.1757123923117172,0.02784669992979616,16
93,22,random,-100.0,3756826922.0082784,0,75.39404126641709,289388175885.7113,0.0782861606543784,19898.84891228286,0.9529783596328095,4.593378624296797,0.02517689997330308,-1
93,22,latency_greedy,-4181.890810961642,4181.890810961642,1,7.066790302922653,322107.2015489661,0.031551348718552114,1867.837010491606,0.9666507980692169,0.43111348921703496,6.370001938194036e-05,-1
93,22,block_balanced,-156509.92701966682,156509.92701966682,1,10.343019431216634,12055902.429118361,0.04390096081977781,2732.4757903774,0.7810146135029389,0.63000768019217,6.910006050020456e-05,-1
93,22,pdp_aware_greedy,-0.533142515618636,0.533142515618636,1,3.0379531583003128,48.478581066586464,0.001545117665279475,804.6914682773058,0.9666507980692169,0.18601834071966356,0.0003060998860746622,-1
93,22,local_search,-0.5070481920696048,0.5070481920696048,1,3.1189433559269135,45.844669664056596,0.001354668442064146,826.0544857739244,0.9666507980692169,0.19095001693952576,0.018517500022426248,-1
93,22,beam_search,-0.3726349556211632,0.3726349556211632,1,3.0064946730022593,36.35701686684975,0.0005641688331032754,796.3836412143545,0.9666507980692169,0.1839113680737837,0.031109799980185926,-1
93,22,simulated_annealing,-0.5070481920696048,0.5070481920696048,1,3.1189433559269135,45.844669664056596,0.001354668442064146,826.0544857739244,0.9666507980692169,0.19095001693952576,0.006667500012554228,-1
93,22,block_beam_strong,-0.31344628751209963,0.31344628751209963,1,2.868722050095056,32.85897871072276,0.00021928557979128069,760.116052896631,0.9666507980692169,0.1757123923117172,0.2921429000562057,-1
93,22,block_lns_strong,-0.31344628751209963,0.31344628751209963,1,2.868722050095056,32.85897871072276,0.00021928557979128069,760.116052896631,0.9666507980692169,0.1757123923117172,0.0715699999127537,-1
93,22,hybrid_heuristic,-0.31344628751209963,0.31344628751209963,1,2.868722050095056,32.85897871072276,0.00021928557979128069,760.116052896631,0.9666507980692169,0.1757123923117172,0.013458500034175813,-1
93,23,autoreg_rl_pure,-0.3588150437654935,0.3588150437654935,1,3.588145977994342,30.812012912665477,3.800978915586122e-09,880.447945069491,0.9819629761666858,0.20586043097162338,0.030077300034463406,16
93,23,random,-100.0,7.491478039713084,0,46.65266459332251,248.51490511118047,0.007117066568197973,11409.342768528135,0.9567931325494134,2.665596352915839,0.02635189995635301,-1
93,23,latency_greedy,-4.5286112660687445,4.5286112660687445,1,5.331463317515082,338.5824282926992,0.008171415365618563,1306.6190061509124,0.9819629761666858,0.30540701326475195,8.709996473044157e-05,-1
93,23,block_balanced,-3.4435009215272614,3.4435009215272614,1,5.389422438311472,254.54997781795726,0.007198868436409837,1320.8047098967327,0.8416825510000164,0.30853605111459287,7.499998901039362e-05,-1
93,23,pdp_aware_greedy,-0.36741103004618736,0.36741103004618736,1,3.6740383182424354,30.812533038574333,6.135009231303559e-08,901.4066441656396,0.9819629761666858,0.2108277320148446,0.0006712999893352389,-1
93,23,local_search,-0.36741103004618736,0.36741103004618736,1,3.6740383182424354,30.812533038574333,6.135009231303559e-08,901.4066441656396,0.9819629761666858,0.2108277320148446,0.012519199983216822,-1
93,23,beam_search,-0.3517833109607419,0.3517833109607419,1,3.5177551453345726,30.812579118299674,6.64485173844354e-08,863.1852659498879,0.9567931325494134,0.20170940021610026,0.02806450007483363,-1
93,23,simulated_annealing,-0.36741103004618736,0.36741103004618736,1,3.6740383182424354,30.812533038574333,6.135009231303559e-08,901.4066441656396,0.9819629761666858,0.2108277320148446,0.008355699945241213,-1
93,23,block_beam_strong,-0.3540179915771512,0.3540179915771512,1,3.54017533197983,30.812013868846584,3.9067760654903206e-09,868.6669960227582,0.9567931325494134,0.20281637209889677,0.39431190001778305,-1
93,23,block_lns_strong,-0.3517833109607419,0.3517833109607419,1,3.5177551453345726,30.812579118299674,6.64485173844354e-08,863.1852659498879,0.9567931325494134,0.20170940021610026,0.08468740002717823,-1
93,23,hybrid_heuristic,-0.3517833109607419,0.3517833109607419,1,3.5177551453345726,30.812579118299674,6.64485173844354e-08,863.1852659498879,0.9567931325494134,0.20170940021610026,0.01292100001592189,-1
93,24,autoreg_rl_pure,-0.3229566429955557,0.3229566429955557,1,2.6946706259703754,34.932278070969986,0.00042788239419452704,686.10087001463,0.9316891671941615,0.15377877449620836,0.028195299906656146,16
93,24,random,-100.0,260895178.16725117,0,91.41697110917337,20096740916.81966,0.06919307444869419,23177.26662960945,0.7871005922728247,5.174606352337203,0.023574799997732043,-1
93,24,latency_greedy,-2371.954395359132,2371.954395359132,1,6.1494546831537376,182694.9626994034,0.029618099268318484,1561.8302637848692,0.9316891671941615,0.3490441300953377,7.740000728517771e-05,-1
93,24,block_balanced,-6809.679700533194,6809.679700533194,1,8.206780680427713,524516.8575229102,0.033213656680537364,2083.423407092296,0.6983656952333506,0.4648379159294513,7.250008638948202e-05,-1
93,24,pdp_aware_greedy,-0.3521340195222441,0.3521340195222441,1,2.7922977760134153,36.4277884074097,0.0005707986562547221,710.8361276864781,0.9316891671941615,0.15930199480503202,0.00030869990587234497,-1
93,24,local_search,-0.3363487519815958,0.3363487519815958,1,2.828591709332824,34.93227812102368,0.00042788239907951036,720.0406977660416,0.9316891671941615,0.16135347981042014,0.01839089998975396,-1
93,24,beam_search,-0.3216657695168168,0.3216657695168168,1,2.6700278587530124,35.02266525988344,0.00043669232696741064,679.865462687696,0.8281681486170325,0.1522155001692441,0.03194070002064109,-1
93,24,simulated_annealing,-0.3363487519815958,0.3363487519815958,1,2.828591709332824,34.93227812102368,0.00042788239907951036,720.0406977660416,0.9316891671941615,0.16135347981042014,0.006634899997152388,-1
93,24,block_beam_strong,-0.324560249340424,0.324560249340424,1,2.646777489630132,35.424724354282354,0.0004756070176082882,673.9790000624942,0.9113487130416418,0.15076430576022254,0.3110551000572741,-1
93,24,block_lns_strong,-0.3216657695168168,0.3216657695168168,1,2.6700278587530124,35.02266525988344,0.00043669232696741064,679.865462687696,0.8281681486170325,0.1522155001692441,0.07102639996446669,-1
93,24,hybrid_heuristic,-0.3216657695168168,0.3216657695168168,1,2.6700278587530124,35.02266525988344,0.00043669232696741064,679.865462687696,0.8281681486170325,0.1522155001692441,0.012722000014036894,-1
93,25,autoreg_rl_pure,-0.2484900096120396,0.2484900096120396,1,2.38191985116393,31.605234834847412,8.665954531683297e-05,535.7238945864996,0.9740160213890383,0.10436737889934479,0.032981100026518106,16
93,25,random,-100.0,106616088.52053657,0,103.00678575351466,8212630821.445542,0.06614222485800801,23044.249348018908,0.9200159919434532,4.4835975047733685,0.029304500087164342,-1
93,25,latency_greedy,-3965.2870765920625,3965.2870765920625,1,5.571899443519228,305433.7426367561,0.03137014389869405,1249.2425573960159,0.9740160213890383,0.24302218407298823,7.869990076869726e-05,-1
93,25,block_balanced,-1393.8335450415304,1393.8335450415304,1,7.230760154649461,107342.0367366513,0.027805089187723318,1620.33900257014,0.798149979040167,0.3148651311260494,7.520010694861412e-05,-1
93,25,pdp_aware_greedy,-108.4504679192084,108.4504679192084,1,5.100504601060301,8345.45654980765,0.019096930936943132,1143.8400890742341,0.9616249594246953,0.2207570030322202,0.00044080009683966637,-1
93,25,local_search,-100.0,106616088.52053657,0,103.00678575351466,8212630821.445542,0.06614222485800801,23044.249348018908,0.9200159919434532,4.4835975047733685,0.017483399948105216,-1
93,25,beam_search,-0.2435802196275529,0.2435802196275529,1,2.4039499393648827,31.057336324177832,2.704024719677233e-05,540.6560802425656,0.9740160213890383,0.10519082211724878,0.0331494000274688,-1
93,25,simulated_annealing,-100.0,106616088.52053657,0,103.00678575351466,8212630821.445542,0.06614222485800801,23044.249348018908,0.9200159919434532,4.4835975047733685,0.011141199967823923,-1
93,25,block_beam_strong,-0.2491661227367691,0.2491661227367691,1,2.4668650375379118,31.00298347727457,2.1068625594711467e-05,554.7232796800333,0.9740160213890383,0.10806604533032413,0.2309681000187993,-1
93,25,block_lns_strong,-0.2435802196275529,0.2435802196275529,1,2.4039499393648827,31.057336324177832,2.704024719677233e-05,540.6560802425656,0.9740160213890383,0.10519082211724878,0.0740964999422431,-1
93,25,hybrid_heuristic,-0.2435802196275529,0.2435802196275529,1,2.4039499393648827,31.057336324177832,2.704024719677233e-05,540.6560802425656,0.9740160213890383,0.10519082211724878,0.015113200061023235,-1
93,26,autoreg_rl_pure,-0.32820056500574013,0.32820056500574013,1,2.7149675736544117,35.179869823121166,0.00045196084762585736,746.7177042187809,0.9797626273378393,0.18155476965117814,0.026060399948619306,16
93,26,random,-100.0,6.058604849834991e+17,0,101.3298611592441,4.666940068404157e+19,0.14271542734857445,27760.985789990737,0.9637720133830054,6.805697541956347,0.025284800096414983,-1
93,26,latency_greedy,-339.47344385205207,339.47344385205207,1,5.672496885596332,26136.737949537197,0.022988970278150424,1556.8731961240842,0.9941234742017795,0.37933007944740915,6.900005973875523e-05,-1
93,26,block_balanced,-47642.443207494085,47642.443207494085,1,11.136265482579615,3669839.8760144785,0.039846023600931785,3053.6724770247447,0.6692607274758452,0.7459775319472048,7.179996464401484e-05,-1
93,26,pdp_aware_greedy,-0.36138412633687544,0.36138412633687544,1,3.0344550203779095,35.27498768416101,0.00046116609111341385,834.2410804190124,0.9941234742017795,0.20364827584666179,0.0003085000207647681,-1
93,26,local_search,-0.36138412633687544,0.36138412633687544,1,3.0344550203779095,35.27498768416101,0.00046116609111341385,834.2410804190124,0.9941234742017795,0.20364827584666179,0.012388200033456087,-1
93,26,beam_search,-0.36138412633687544,0.36138412633687544,1,3.0344550203779095,35.27498768416101,0.00046116609111341385,834.2410804190124,0.9941234742017795,0.20364827584666179,0.030322599923238158,-1
93,26,simulated_annealing,-0.36138412633687544,0.36138412633687544,1,3.0344550203779095,35.27498768416101,0.00046116609111341385,834.2410804190124,0.9941234742017795,0.20364827584666179,0.006691800081171095,-1
93,26,block_beam_strong,-0.32820056500574013,0.32820056500574013,1,2.7149675736544117,35.179869823121166,0.00045196084762585736,746.7177042187809,0.9797626273378393,0.18155476965117814,0.3753228000132367,-1
93,26,block_lns_strong,-0.3196423674765487,0.3196423674765487,1,2.629413903130728,35.1796517916432,0.0004519397185645723,723.2731439037159,0.9941234742017795,0.17583364167327276,0.06804110005032271,-1
93,26,hybrid_heuristic,-0.3196423674765487,0.3196423674765487,1,2.629413903130728,35.1796517916432,0.0004519397185645723,723.2731439037159,0.9941234742017795,0.17583364167327276,0.01315639994572848,-1
93,27,autoreg_rl_pure,-0.2227205725001292,0.2227205725001292,1,2.2272055605275924,30.81197982686385,1.4018138519509108e-10,480.3870510347805,0.9366103135742163,0.098176782714499,0.02744380000513047,16
93,27,random,-100.0,4865524.6153919855,0,102.58638412452125,374790340.9202102,0.055617779637621045,21993.124956738597,0.8770045697385548,4.4859048627510845,0.024842499988153577,-1
93,27,latency_greedy,-1.3654647242351439,1.3654647242351439,1,3.473992482965711,109.23350760296871,0.004314644084671314,747.5927933079669,0.9366103135742163,0.1526579596216917,6.660004146397114e-05,-1
93,27,block_balanced,-101.26755829433584,101.26755829433584,1,6.782039228405207,7779.204554187658,0.018857388946862758,1456.746122355978,0.7220040105515906,0.29629878357328643,7.019995246082544e-05,-1
93,27,pdp_aware_greedy,-0.6344258675076464,0.6344258675076464,1,2.8961070076717483,57.37307237178374,0.002119409485719742,623.7205677414909,0.9366103135742163,0.12761944989425938,0.0004005000228062272,-1
93,27,local_search,-0.6344258675076464,0.6344258675076464,1,2.8961070076717483,57.37307237178374,0.002119409485719742,623.7205677414909,0.9366103135742163,0.12761944989425938,0.01427679997868836,-1
93,27,beam_search,-0.3254451590022407,0.3254451590022407,1,2.5743005276841213,36.051178547492995,0.0005353689556871446,554.7368982392388,0.9366103135742163,0.11277508696923817,0.02867799997329712,-1
93,27,simulated_annealing,-0.6344258675076464,0.6344258675076464,1,2.8961070076717483,57.37307237178374,0.002119409485719742,623.7205677414909,0.9366103135742163,0.12761944989425938,0.007065400015562773,-1
93,27,block_beam_strong,-0.22209844086285666,0.22209844086285666,1,2.220984213884405,30.81198006003706,1.6598098309216367e-10,479.0650221318278,0.8664048126619087,0.09774576927638093,0.36230309994425625,-1
93,27,block_lns_strong,-0.22209844086285666,0.22209844086285666,1,2.220984213884405,30.81198006003706,1.6598098309216367e-10,479.0650221318278,0.8664048126619087,0.09774576927638093,0.07050100003834814,-1
93,27,hybrid_heuristic,-0.22209844086285666,0.22209844086285666,1,2.220984213884405,30.81198006003706,1.6598098309216367e-10,479.0650221318278,0.8664048126619087,0.09774576927638093,0.013356899959035218,-1
93,28,autoreg_rl_pure,-0.3165533790014488,0.3165533790014488,1,2.6815589504443924,34.54003415501792,0.00038938485593425777,665.1362807992649,0.9519751665235882,0.1907183053126611,0.02544509992003441,16
93,28,random,-100.0,8249.971161296435,0,75.03583553367109,634947.6476942766,0.0338650375316658,18530.755080803214,0.9615024420072252,5.346813801798996,0.02384070004336536,-1
93,28,latency_greedy,-8.404305666986811,8.404305666986811,1,3.4560729256983356,651.573082393496,0.010403159891105079,856.3776840906112,0.9519751665235882,0.24565855062498107,6.330001633614302e-05,-1
93,28,block_balanced,-97.60423868195245,97.60423868195245,1,6.845868108259646,7496.527567280999,0.01873119983569945,1693.4201828785099,0.6756490228768443,0.4885273517631257,6.890005897730589e-05,-1
93,28,pdp_aware_greedy,-206.08924979865319,206.08924979865319,1,3.974957924323787,15875.236764541927,0.021289200894000014,984.5075936845111,0.9519751665235882,0.2819641355043287,0.0003035999834537506,-1
93,28,local_search,-0.7700029372948205,0.7700029372948205,1,7.209549479402185,34.590142550927254,0.00039432712961748074,1783.1784214383604,0.9519751665235882,0.511911877515458,0.019449800020083785,-1
93,28,beam_search,-0.3076848292800344,0.3076848292800344,1,2.7192864014086897,33.566275892775195,0.00029189099216076923,674.4575715794792,0.9519751665235882,0.19356170245744772,0.030025899992324412,-1
93,28,simulated_annealing,-0.7700029372948205,0.7700029372948205,1,7.209549479402185,34.590142550927254,0.00039432712961748074,1783.1784214383604,0.9519751665235882,0.511911877515458,0.008053099969401956,-1
93,28,block_beam_strong,-0.3058398460220217,0.3058398460220217,1,2.6590241989949215,33.88835635348863,0.000324447647530759,659.5813993775479,0.9385338167393484,0.18978858275593063,0.34198769996874034,-1
93,28,block_lns_strong,-0.3046844003855552,0.3046844003855552,1,2.6474695968464705,33.88835747646036,0.0003244477605031167,656.7310193865186,0.8413146367563221,0.18896895561322605,0.07332089997362345,-1
93,28,hybrid_heuristic,-0.3046844003855552,0.3046844003855552,1,2.6474695968464705,33.88835747646036,0.0003244477605031167,656.7310193865186,0.8413146367563221,0.18896895561322605,0.012082900037057698,-1
93,29,autoreg_rl_pure,-0.1464252210933748,0.1464252210933748,1,1.4642277808227178,30.812166744938146,2.082178748283402e-08,417.87596042902635,0.9785184512464343,0.09247732419467355,0.03208549995906651,16
93,29,random,-100.0,3735057943577.7983,0,75.88716566763182,287711313193427.0,0.10181634405954842,21510.531170772905,0.9507769384458934,4.727955309352979,0.023274200037121773,-1
93,29,latency_greedy,-72.00018931888611,72.00018931888611,1,4.53521522986393,5542.047963963061,0.017701359610461685,1288.2109006965286,0.9785184512464343,0.2841604189790784,6.340001709759235e-05,-1
93,29,block_balanced,-2672.423586991589,2672.423586991589,1,7.112302777561027,205832.67161193537,0.030024632934782976,2018.6212739873663,0.6896634632399081,0.4444140793679358,7.309997454285622e-05,-1
93,29,pdp_aware_greedy,-3.5958039737560035,3.5958039737560035,1,3.410309291943123,281.52697172605593,0.00754228189231626,969.4199760305207,0.9785184512464343,0.21394008010418028,0.00030229997355490923,-1
93,29,local_search,-3.5958039737560035,3.5958039737560035,1,3.410309291943123,281.52697172605593,0.00754228189231626,969.4199760305207,0.9785184512464343,0.21394008010418028,0.012936600018292665,-1
93,29,beam_search,-0.1464252210933748,0.1464252210933748,1,1.4642277808227178,30.812166744938146,2.082178748283402e-08,417.87596042902635,0.9785184512464343,0.09247732419467355,0.03242179995868355,-1
93,29,simulated_annealing,-3.5958039737560035,3.5958039737560035,1,3.410309291943123,281.52697172605593,0.00754228189231626,969.4199760305207,0.9785184512464343,0.21394008010418028,0.00738000008277595,-1
93,29,block_beam_strong,-0.22384300707626845,0.22384300707626845,1,2.238405575184154,30.81216724923395,2.0877585272801248e-08,637.2904817134965,0.9785184512464343,0.14082734837730457,0.3601188000757247,-1
93,29,block_lns_strong,-0.1464252210933748,0.1464252210933748,1,1.4642277808227178,30.812166744938146,2.082178748283402e-08,417.87596042902635,0.9785184512464343,0.09247732419467355,0.051018300000578165,-1
93,29,hybrid_heuristic,-0.1464252210933748,0.1464252210933748,1,1.4642277808227178,30.812166744938146,2.082178748283402e-08,417.87596042902635,0.9785184512464343,0.09247732419467355,0.012848899932578206,-1
93,30,autoreg_rl_pure,-0.23588755583498472,0.23588755583498472,1,2.35887555834584,30.811978559954696,3.4158372367012985e-15,656.4049288781417,0.9028394605550332,0.13646971812853842,0.02623349998611957,16
93,30,random,-100.0,21537971176.75569,0,78.31805032926647,1659068764733.6626,0.08423947083074848,21694.45030797243,0.9028394605550332,4.505701768507092,0.026462099980562925,-1
93,30,latency_greedy,-0.24054057332122483,0.24054057332122483,1,2.4054057274465963,30.811978604336613,4.91408118452255e-12,669.2921583715479,0.9028394605550332,0.13911872781150517,6.640003994107246e-05,-1
93,30,block_balanced,-11.664157450712203,11.664157450712203,1,4.656778541568709,893.430261641942,0.0114793752516215,1292.8679010895646,0.7871552766166616,0.26849381557433705,6.89999433234334e-05,-1
93,30,pdp_aware_greedy,-0.24054057332122483,0.24054057332122483,1,2.4054057274465963,30.811978604336613,4.91408118452255e-12,669.2921583715479,0.9028394605550332,0.13911872781150517,0.00029580004047602415,-1
93,30,local_search,-0.24054057332122483,0.24054057332122483,1,2.4054057274465963,30.811978604336613,4.91408118452255e-12,669.2921583715479,0.9028394605550332,0.13911872781150517,0.01332399994134903,-1
93,30,beam_search,-0.22326762140026712,0.22326762140026712,1,2.2326762139993153,30.81197855994968,2.860687187214702e-15,621.4634469365669,0.9423973699941617,0.12906667300947883,0.03094910003710538,-1
93,30,simulated_annealing,-0.24054057332122483,0.24054057332122483,1,2.4054057274465963,30.811978604336613,4.91408118452255e-12,669.2921583715479,0.9028394605550332,0.13911872781150517,0.0061929000075906515,-1
93,30,block_beam_strong,-0.23588755583498472,0.23588755583498472,1,2.35887555834584,30.811978559954696,3.4158372367012985e-15,656.4049288781417,0.9028394605550332,0.13646971812853842,0.21327950002159923,-1
93,30,block_lns_strong,-0.22326762140026712,0.22326762140026712,1,2.2326762139993153,30.81197855994968,2.860687187214702e-15,621.4634469365669,0.9423973699941617,0.12906667300947883,0.0677241999655962,-1
93,30,hybrid_heuristic,-0.22326762140026712,0.22326762140026712,1,2.2326762139993153,30.81197855994968,2.860687187214702e-15,621.4634469365669,0.9423973699941617,0.12906667300947883,0.013301600003615022,-1
93,31,autoreg_rl_pure,-1.3919831326872996,1.3919831326872996,1,2.6937926350984807,117.28609443088176,0.004557135603889926,767.1819524868777,0.9825855547321389,0.1849711469515411,0.028068700106814504,16
93,31,random,-100.0,34762759701409.04,0,103.36155680854992,2677773516508233.0,0.10942155531533916,29325.90684431438,0.9705538810947564,7.046127623651072,0.024034900008700788,-1
93,31,latency_greedy,-1791279.0667064202,1791279.0667064202,1,9.714607913754886,137982086.47590232,0.05221114967514888,2758.9258453969655,0.9825855547321389,0.665251696238894,0.00010820000898092985,-1
93,31,block_balanced,-1223255.328378706,1223255.328378706,1,12.610170286181503,94227226.05419761,0.05091082645203101,3580.4316658378275,0.7047586902663205,0.8622266841200175,7.569999434053898e-05,-1
93,31,pdp_aware_greedy,-1.3919831326872996,1.3919831326872996,1,2.6937926350984807,117.28609443088176,0.004557135603889926,767.1819524868777,0.9825855547321389,0.1849711469515411,0.0002981000579893589,-1
93,31,local_search,-1.3919831326872996,1.3919831326872996,1,2.6937926350984807,117.28609443088176,0.004557135603889926,767.1819524868777,0.9825855547321389,0.1849711469515411,0.012674800003878772,-1
93,31,beam_search,-5.84251989482371,5.84251989482371,1,4.133493207548679,449.02069687587,0.009133840446211907,1175.6627096922816,0.9705538810947564,0.28435901614951675,0.029845800017938018,-1
93,31,simulated_annealing,-1.3919831326872996,1.3919831326872996,1,2.6937926350984807,117.28609443088176,0.004557135603889926,767.1819524868777,0.9825855547321389,0.1849711469515411,0.007167500094510615,-1
93,31,block_beam_strong,-1.3919831326872996,1.3919831326872996,1,2.6937926350984807,117.28609443088176,0.004557135603889926,767.1819524868777,0.9825855547321389,0.1849711469515411,0.3501576000126079,-1
93,31,block_lns_strong,-1.3865415128200265,1.3865415128200265,1,2.6393764364257484,117.28609443088176,0.004557135603889926,751.7472338812122,0.9825855547321389,0.18125990130148256,0.0736088000703603,-1
93,31,hybrid_heuristic,-1.3865415128200265,1.3865415128200265,1,2.6393764364257484,117.28609443088176,0.004557135603889926,751.7472338812122,0.9825855547321389,0.18125990130148256,0.013638900010846555,-1
93,32,autoreg_rl_pure,-0.5542889961763564,0.5542889961763564,1,2.8621399845649895,51.46178126541352,0.001748706707156413,716.6247610546529,0.9556035118535143,0.15424901496404578,0.02497260004747659,16
93,32,random,-100.0,143663921183.08997,0,103.7039264020005,11066424147551.87,0.09070899157201438,25857.208025241325,0.9556035118535143,5.560582931429655,0.025715399999171495,-1
93,32,latency_greedy,-1.3049791744191135,1.3049791744191135,1,3.338849032877687,105.61531821433346,0.004199806710267376,835.4406588266538,0.950059145319428,0.1784928666945931,6.509991362690926e-05,-1
93,32,block_balanced,-1.4187790123146162,1.4187790123146162,1,4.755040670602169,103.47239703315351,0.004129922868878227,1188.551664058607,0.7410787622455411,0.25491436421701963,8.050003089010715e-05,-1
93,32,pdp_aware_greedy,-0.5622717146965257,0.5622717146965257,1,3.030637093748104,50.77875731625711,0.0017031551585510738,758.6540981779726,0.9556035118535143,0.1633391303484455,0.00031070003751665354,-1
93,32,local_search,-0.5622717146965257,0.5622717146965257,1,3.030637093748104,50.77875731625711,0.0017031551585510738,758.6540981779726,0.9556035118535143,0.1633391303484455,0.013410999905318022,-1
93,32,beam_search,-0.5622717146965257,0.5622717146965257,1,3.030637093748104,50.77875731625711,0.0017031551585510738,758.6540981779726,0.9556035118535143,0.1633391303484455,0.030597100034356117,-1
93,32,simulated_annealing,-0.5622717146965257,0.5622717146965257,1,3.030637093748104,50.77875731625711,0.0017031551585510738,758.6540981779726,0.9556035118535143,0.1633391303484455,0.007419700035825372,-1
93,32,block_beam_strong,-0.5158257644801777,0.5158257644801777,1,3.0798019450226612,46.82231167476022,0.0014266058582968113,770.8619086070619,0.9244914456880235,0.1646443647513118,0.3011856999946758,-1
93,32,block_lns_strong,-0.5154543054225669,0.5154543054225669,1,3.0760873544465532,46.82231167476022,0.0014266058582968113,769.9412932361249,0.9244914456880235,0.16444578496708154,0.07158300001174212,-1
93,32,hybrid_heuristic,-0.5154543054225669,0.5154543054225669,1,3.0760873544465532,46.82231167476022,0.0014266058582968113,769.9412932361249,0.9244914456880235,0.16444578496708154,0.013091499917209148,-1
93,33,autoreg_rl_pure,-2.385577481265323,2.385577481265323,1,3.361750186787549,188.6773404046049,0.006177950084342702,887.0286171274806,0.9881725751380716,0.19581305503422428,0.0309078999562189,16
93,33,random,-100.0,8.273048495662064e+19,0,127.25115860678603,6.372724821838739e+21,0.1594774737893019,33469.759245753245,0.9881725751380716,7.459457955450328,0.023876799969002604,-1
93,33,latency_greedy,-4.7345368899280835,4.7345368899280835,1,3.518033024181355,368.4137118904602,0.008459285568439476,928.1306931548673,0.9881725751380716,0.20491611687378977,6.2700011767447e-05,-1
93,33,block_balanced,-117.69488408922376,117.69488408922376,1,6.537541335771908,9046.483945616525,0.019371914159385877,1722.3223164308522,0.7058375536700511,0.38168117167193405,8.429994340986013e-05,-1
93,33,pdp_aware_greedy,-6.3942975026010505,6.3942975026010505,1,3.522301872534139,496.2321000051935,0.009474675565495829,929.2648988365934,0.9881725751380716,0.20516476599730932,0.00030479999259114265,-1
93,33,local_search,-4.7345368899280835,4.7345368899280835,1,3.518033024181355,368.4137118904602,0.008459285568439476,928.1306931548673,0.9881725751380716,0.20491611687378977,0.012838100083172321,-1
93,33,beam_search,-2.385577481265323,2.385577481265323,1,3.361750186787549,188.6773404046049,0.006177950084342702,887.0286171274806,0.9881725751380716,0.19581305503422428,0.031362999929115176,-1
93,33,simulated_annealing,-4.7345368899280835,4.7345368899280835,1,3.518033024181355,368.4137118904602,0.008459285568439476,928.1306931548673,0.9881725751380716,0.20491611687378977,0.0059717000694945455,-1
93,33,block_beam_strong,-2.264725702937609,2.264725702937609,1,4.039200710320627,174.1497366460718,0.005904794284220171,1065.2879778824386,0.9625024264698975,0.23750905720655663,0.35186489997431636,-1
93,33,block_lns_strong,-2.2294325235523607,2.2294325235523607,1,4.102536780738031,170.94322751880455,0.005841437553876063,1081.9544443164652,0.9397581662545624,0.2412056127909295,0.06863400002475828,-1
93,33,hybrid_heuristic,-2.2294325235523607,2.2294325235523607,1,4.102536780738031,170.94322751880455,0.005841437553876063,1081.9544443164652,0.9397581662545624,0.2412056127909295,0.012909299926832318,-1
93,34,autoreg_rl_pure,-0.21997818339578287,0.21997818339578287,1,2.1995562310238084,30.81371637811535,1.9227658119674467e-07,571.150354831235,0.9410164098275086,0.12396952420743601,0.02587480004876852,16
93,34,random,-100.0,131272415368.60861,0,68.90929062973068,10111907119117.463,0.09040147384779879,17806.07010362412,0.9410164098275086,3.9086487882730157,0.024296500021591783,-1
93,34,latency_greedy,-273.4687192884809,273.4687192884809,1,5.397433472528562,21054.51636626763,0.0222518074242772,1397.318565245276,0.9642357152462674,0.30742566644407615,6.500002928078175e-05,-1
93,34,block_balanced,-631.118629963289,631.118629963289,1,7.47703516954536,48588.25065471936,0.025102816935680738,1934.6239443625868,0.697153982795114,0.42462572839683643,7.329997606575489e-05,-1
93,34,pdp_aware_greedy,-0.23962296263765592,0.23962296263765592,1,2.36817857226666,31.028055679378195,2.382455017904607e-05,614.7195281903748,0.9410164098275086,0.13347327370007353,0.000295399921014905,-1
93,34,local_search,-0.23427612690861918,0.23427612690861918,1,2.3122102403668663,31.047312970394696,2.5939790819496995e-05,600.2552853654846,0.9410164098275086,0.1303188340097221,0.01770100009161979,-1
93,34,beam_search,-0.20994343417499237,0.20994343417499237,1,2.0986744705851903,30.817831843432845,6.475787836293077e-07,545.0917170985563,0.9295386437268186,0.1182837119211264,0.03113299992401153,-1
93,34,simulated_annealing,-0.23427612690861918,0.23427612690861918,1,2.3122102403668663,31.047312970394696,2.5939790819496995e-05,600.2552853654846,0.9410164098275086,0.1303188340097221,0.006786099984310567,-1
93,34,block_beam_strong,-0.21358384001640127,0.21358384001640127,1,2.1350785462238973,30.817831710751705,6.475641058278246e-07,554.4921058434343,0.9410164098275086,0.12033548758045627,0.3581309000728652,-1
93,34,block_lns_strong,-0.20994343417499237,0.20994343417499237,1,2.0986744705851903,30.817831843432845,6.475787836293077e-07,545.0917170985563,0.9295386437268186,0.1182837119211264,0.07300420000683516,-1
93,34,hybrid_heuristic,-0.20994343417499237,0.20994343417499237,1,2.0986744705851903,30.817831843432845,6.475787836293077e-07,545.0917170985563,0.9295386437268186,0.1182837119211264,0.013220000080764294,-1
93,35,autoreg_rl_pure,-0.2674576410413742,0.2674576410413742,1,2.5922554790100065,31.44609625328504,6.945013349046874e-05,750.1235766434465,0.981864496557951,0.1280481649569464,0.028352900058962405,16
93,35,random,-100.0,4.2988175439074913e+18,0,122.9068280534685,3.3113768498975506e+20,0.14939559070965194,35426.61704028136,0.927749966608414,6.071131329182935,0.025186600047163665,-1
93,35,latency_greedy,-3128.1661083810754,3128.1661083810754,1,6.405598151281265,240943.93734862984,0.030561586115949956,1849.1397781702683,0.9597476541500811,0.3160363309044004,6.3000014051795e-05,-1
93,35,block_balanced,-9356.615377992746,9356.615377992746,1,9.51097962293235,720697.1300039185,0.03429690421133134,2744.1819733012608,0.7305250981456676,0.4705314607248236,6.849993951618671e-05,-1
93,35,pdp_aware_greedy,-0.28872313444568826,0.28872313444568826,1,2.6141494437949078,32.915526976998834,0.00022514757812178978,756.3888225426726,0.981864496557951,0.1290162909383428,0.00030399998649954796,-1
93,35,local_search,-0.27692952058301795,0.27692952058301795,1,2.5436839064834205,32.54986118951105,0.000187061962499249,736.0795578212817,0.9597476541500811,0.12565511725055462,0.018196500022895634,-1
93,35,beam_search,-0.2811558832955634,0.2811558832955634,1,2.5875562582778135,32.53746919200901,0.00018576380093774736,748.7333675976979,0.981864496557951,0.12803775438992993,0.030857100035063922,-1
93,35,simulated_annealing,-0.27692952058301795,0.27692952058301795,1,2.5436839064834205,32.54986118951105,0.000187061962499249,736.0795578212817,0.9597476541500811,0.12565511725055462,0.006557899992913008,-1
93,35,block_beam_strong,-0.2588252860421922,0.2588252860421922,1,2.5237950034439325,31.308497086729936,5.449966294364217e-05,730.3891551950459,0.9597476541500811,0.12500689053094655,0.32600110000930727,-1
93,35,block_lns_strong,-0.2588252860421922,0.2588252860421922,1,2.5237950034439325,31.308497086729936,5.449966294364217e-05,730.3891551950459,0.9597476541500811,0.12500689053094655,0.07016449992079288,-1
93,35,hybrid_heuristic,-0.2588252860421922,0.2588252860421922,1,2.5237950034439325,31.308497086729936,5.449966294364217e-05,730.3891551950459,0.9597476541500811,0.12500689053094655,0.0133907999843359,-1
93,36,autoreg_rl_pure,-0.16328619027751598,0.16328619027751598,1,1.632861901199898,30.81197857205806,1.342600208895691e-12,335.1172636580146,0.9964569530097525,0.06059482685653357,0.02555160003248602,16
93,36,random,-100.0,182.79565757484366,0,65.99414212390253,13603.199160617512,0.020762629629257564,13425.342775865549,0.9907768544942583,2.404099108582408,0.02336200000718236,-1
93,36,latency_greedy,-180813.67139669266,180813.67139669266,1,7.332462002763558,13928041.746103069,0.04439307985946999,1494.2423936698742,0.9964569530097525,0.26565789102529774,8.380005601793528e-05,-1
93,36,block_balanced,-503829.6525290352,503829.6525290352,1,10.499644705911008,38809921.06221792,0.0478867428939882,2138.494558526805,0.7603507317343695,0.3815546212469699,7.979990914463997e-05,-1
93,36,pdp_aware_greedy,-0.24432854064858475,0.24432854064858475,1,2.362566370941762,31.433756858064353,6.81121022804512e-05,483.49513753630197,0.9907768544942583,0.08750242938064919,0.00030670000705868006,-1
93,36,local_search,-0.2395416834381323,0.2395416834381323,1,2.316360671044496,31.420947762364865,6.67225830277891e-05,474.08395926526794,0.9907768544942583,0.08552957741437305,0.01769930007867515,-1
93,36,beam_search,-0.16328619027751598,0.16328619027751598,1,1.632861901199898,30.81197857205806,1.342600208895691e-12,335.1172636580146,0.9964569530097525,0.06059482685653357,0.05461599992122501,-1
93,36,simulated_annealing,-0.2395416834381323,0.2395416834381323,1,2.316360671044496,31.420947762364865,6.67225830277891e-05,474.08395926526794,0.9907768544942583,0.08552957741437305,0.0069896000204607844,-1
93,36,block_beam_strong,-0.17628340900668357,0.17628340900668357,1,1.7619049820589074,30.81913547392886,7.91789366179919e-07,361.36297315603065,0.9964569530097525,0.06527010682382027,0.3894742999691516,-1
93,36,block_lns_strong,-0.16328619027751598,0.16328619027751598,1,1.632861901199898,30.81197857205806,1.342600208895691e-12,335.1172636580146,0.9964569530097525,0.06059482685653357,0.0614523000549525,-1
93,36,hybrid_heuristic,-0.16328619027751598,0.16328619027751598,1,1.632861901199898,30.81197857205806,1.342600208895691e-12,335.1172636580146,0.9964569530097525,0.06059482685653357,0.013839299906976521,-1
93,37,autoreg_rl_pure,-0.2061652200761351,0.2061652200761351,1,2.006156125694372,31.239464528704747,4.697434481897549e-05,550.5729070824851,0.9664463406333401,0.11143717426241478,0.02601590007543564,16
93,37,random,-100.0,1771346640.2757707,0,126.18003037305786,136446735814.77324,0.07572299772773594,34437.748890637464,0.8551946730378873,6.93847243151024,0.025009799981489778,-1
93,37,latency_greedy,-1660978950.9481227,1660978950.9481227,1,15.588220961811263,127945119473.48181,0.07550367327155424,4257.040784287773,0.9769999283631929,0.8579534275900216,6.379990372806787e-05,-1
93,37,block_balanced,-100.0,106873315965.62106,0,28.764983736970308,8232445800210.937,0.089700436074888,7853.072640402909,0.6651514123628013,1.5800691564126927,7.320009171962738e-05,-1
93,37,pdp_aware_greedy,-0.6277248009320628,0.6277248009320628,1,3.2015373910122893,54.504160966885465,0.0019445236957563886,876.7013762965142,0.9769999283631929,0.17771787518532026,0.0003109999233856797,-1
93,37,local_search,-0.6277248009320628,0.6277248009320628,1,3.2015373910122893,54.504160966885465,0.0019445236957563886,876.7013762965142,0.9769999283631929,0.17771787518532026,0.012561900075525045,-1
93,37,beam_search,-0.2061652200761351,0.2061652200761351,1,2.006156125694372,31.239464528704747,4.697434481897549e-05,550.5729070824851,0.9664463406333401,0.11143717426241478,0.03302519989665598,-1
93,37,simulated_annealing,-0.6277248009320628,0.6277248009320628,1,3.2015373910122893,54.504160966885465,0.0019445236957563886,876.7013762965142,0.9769999283631929,0.17771787518532026,0.006758600007742643,-1
93,37,block_beam_strong,-0.2061652200761351,0.2061652200761351,1,2.006156125694372,31.239464528704747,4.697434481897549e-05,550.5729070824851,0.9664463406333401,0.11143717426241478,0.364637800026685,-1
93,37,block_lns_strong,-0.2061652200761351,0.2061652200761351,1,2.006156125694372,31.239464528704747,4.697434481897549e-05,550.5729070824851,0.9664463406333401,0.11143717426241478,0.0536017999984324,-1
93,37,hybrid_heuristic,-0.2061652200761351,0.2061652200761351,1,2.006156125694372,31.239464528704747,4.697434481897549e-05,550.5729070824851,0.9664463406333401,0.11143717426241478,0.01218630000948906,-1
93,38,autoreg_rl_pure,-0.5720506906634388,0.5720506906634388,1,3.2412301991881507,49.90983374841183,0.0016443120000054047,819.131583580091,0.9192749330300709,0.15084028653460768,0.027803000062704086,15
93,38,random,-100.0,4845514560272.385,0,179.40729216195652,373249726855927.5,0.1027037279832175,45176.01630762476,0.9684277675236459,8.310040402085129,0.0240875999443233,-1
93,38,latency_greedy,-661.6606422863136,661.6606422863136,1,6.983576545148512,50944.70133604305,0.02526427380001524,1761.332761154123,0.9684277675236459,0.3240776421006506,6.620003841817379e-05,-1
93,38,block_balanced,-100.0,2293287.6000048807,0,32.552554378533664,176651600.96755055,0.05305341424583365,8199.420690134655,0.6702748183852438,1.5039212442753918,7.290008943527937e-05,-1
93,38,pdp_aware_greedy,-13679.122520736557,13679.122520736557,1,5.831341788243481,1053687.9677527861,0.035591833909079884,1471.2736930571857,0.9969936910657033,0.2706027045130559,0.00030780001543462276,-1
93,38,local_search,-100.0,4845514560272.385,0,179.40729216195652,373249726855927.5,0.1027037279832175,45176.01630762476,0.9684277675236459,8.310040402085129,0.015539199928753078,-1
93,38,beam_search,-0.7488689087840203,0.7488689087840203,1,3.1367137921064385,64.33522093629055,0.0025098738242073535,792.7982311733196,0.9684277675236459,0.14601462578017987,0.03223110001999885,-1
93,38,simulated_annealing,-100.0,4845514560272.385,0,179.40729216195652,373249726855927.5,0.1027037279832175,45176.01630762476,0.9684277675236459,8.310040402085129,0.009966199984773993,-1
93,38,block_beam_strong,-0.5925547363822732,0.5925547363822732,1,3.1751075722829762,51.9986015317449,0.001784085466712205,802.4802210312204,0.9684277675236459,0.14781758202623596,0.3708113000029698,-1
93,38,block_lns_strong,-0.5653949360599391,0.5653949360599391,1,3.176206095151623,49.89802165291689,0.0016435050509649505,802.7518833803695,0.9684277675236459,0.14783639254194286,0.07330339995678514,-1
93,38,hybrid_heuristic,-0.5653949360599391,0.5653949360599391,1,3.176206095151623,49.89802165291689,0.0016435050509649505,802.7518833803695,0.9684277675236459,0.14783639254194286,0.013873500050976872,-1
93,39,autoreg_rl_pure,-0.24412377519587763,0.24412377519587763,1,2.425251370478602,30.9351215707783,1.3598082111918562e-05,604.6656512006597,0.9618862000103058,0.13930561212687415,0.02567759994417429,16
93,39,random,-100.0,233317.04164957922,0,82.6520640196245,17971793.356001653,0.0452620853446433,20505.573132198413,0.9981509881774512,4.708323422906442,0.0238462999695912,-1
93,39,latency_greedy,-30.164168896819845,30.164168896819845,1,4.147844844064546,2322.405465275457,0.014736162121655148,1031.8762925801957,0.9979488645091069,0.23767579519256854,6.240000948309898e-05,-1
93,39,block_balanced,-40.557816836244115,40.557816836244115,1,5.903360640467135,3109.504880177709,0.015731174538018058,1467.4091426443003,0.6724722179315853,0.33721417565906253,6.699992809444666e-05,-1
93,39,pdp_aware_greedy,-0.7182434647945827,0.7182434647945827,1,3.175545128888035,61.677027048221866,0.0023660197359330693,790.8058687140999,0.9981509881774512,0.18109557548412966,0.00039030006155371666,-1
93,39,local_search,-0.5936508206243507,0.5936508206243507,1,3.204534722449026,51.856355662162805,0.001774746548175394,797.9947276121142,0.9981509881774512,0.18288972720089192,0.017951599904336035,-1
93,39,beam_search,-0.240161830464869,0.240161830464869,1,2.379682087689125,30.980953121584815,1.864521917201323e-05,593.3693491239792,0.8904563520872812,0.1367053228259611,0.03366670000832528,-1
93,39,simulated_annealing,-0.5936508206243507,0.5936508206243507,1,3.204534722449026,51.856355662162805,0.001774746548175394,797.9947276121142,0.9981509881774512,0.18288972720089192,0.006981300073675811,-1
93,39,block_beam_strong,-0.24458941886536473,0.24458941886536473,1,2.4273756641301194,30.954626655068918,1.574696630800498e-05,605.2166695054493,0.9981509881774512,0.13942056572088762,0.3795586000196636,-1
93,39,block_lns_strong,-0.240161830464869,0.240161830464869,1,2.379682087689125,30.980953121584815,1.864521917201323e-05,593.3693491239792,0.8904563520872812,0.1367053228259611,0.0711636000778526,-1
93,39,hybrid_heuristic,-0.240161830464869,0.240161830464869,1,2.379682087689125,30.980953121584815,1.864521917201323e-05,593.3693491239792,0.8904563520872812,0.1367053228259611,0.012484699953347445,-1
93,40,autoreg_rl_pure,-0.9499299442657989,0.9499299442657989,1,3.316998762673241,78.43420756059697,0.0031854189208581317,744.0591620353807,0.9741811563388163,0.15982837468956027,0.026297700009308755,16
93,40,random,-100.0,1086077105912079.6,0,123.95784861388472,8.366046125446686e+16,0.12115531244722083,27697.421873905445,0.8950401213629413,5.976215879430788,0.025267699966207147,-1
93,40,latency_greedy,-100.0,328199.1633302169,0,23.79691511403038,25281011.46425794,0.0464254789054087,5319.608053630125,0.9944890237366014,1.144180528701526,6.2700011767447e-05,-1
93,40,block_balanced,-100.0,331968.19774589915,0,31.83212920318793,25571278.08806592,0.04646439911667875,7114.887832741307,0.7407885737022836,1.5291562724189518,7.239996921271086e-05,-1
93,40,pdp_aware_greedy,-5.856327892461263,5.856327892461263,1,3.3885510984532194,455.8226112672379,0.009185097052188684,760.0928114506637,0.975991920165729,0.16247272319546827,0.00030170008540153503,-1
93,40,local_search,-5.856327892461263,5.856327892461263,1,3.3885510984532194,455.8226112672379,0.009185097052188684,760.0928114506637,0.975991920165729,0.16247272319546827,0.012848599930293858,-1
93,40,beam_search,-0.9597738881034406,0.9597738881034406,1,3.0965700849081634,80.89044695009572,0.003290543918274871,694.7946708836462,0.9944890237366014,0.14945596231536976,0.033532400033436716,-1
93,40,simulated_annealing,-5.856327892461263,5.856327892461263,1,3.3885510984532194,455.8226112672379,0.009185097052188684,760.0928114506637,0.975991920165729,0.16247272319546827,0.006958400015719235,-1
93,40,block_beam_strong,-0.9490149675406963,0.9490149675406963,1,3.3078489953661405,78.4342075610289,0.0031854189208769053,742.0201812000544,0.9741811563388163,0.15938966576418268,0.3401761999120936,-1
93,40,block_lns_strong,-0.9445047705064329,0.9445047705064329,1,3.3026291765705573,78.12699556143106,0.003172039464607023,740.880160646406,0.975991920165729,0.1591393882415293,0.06824609998147935,-1
93,40,hybrid_heuristic,-0.9445047705064329,0.9445047705064329,1,3.3026291765705573,78.12699556143106,0.003172039464607023,740.880160646406,0.975991920165729,0.1591393882415293,0.013375600101426244,-1
93,41,autoreg_rl_pure,-0.21796785309374564,0.21796785309374564,1,2.1796699960281893,30.812044304284164,7.274318967558701e-09,607.6725848302115,0.9933680371746151,0.12809400434637605,0.03158170008100569,16
93,41,random,-100.0,226.6404612432821,0,69.75504754329945,16951.591802820407,0.021512849509336737,19355.472954055946,0.9268994505957655,4.056600441199588,0.022935700020752847,-1
93,41,latency_greedy,-0.35222726230649304,0.35222726230649304,1,2.45678102706397,39.01945461286398,0.0008051084700648413,684.529158248882,0.9933680371746151,0.14289661484506916,6.580003537237644e-05,-1
93,41,block_balanced,-2.7498362325445727,2.7498362325445727,1,4.870330538934062,205.1155861247419,0.006462739525825099,1354.2138900021184,0.6620710361398325,0.28428308799343344,7.419998291879892e-05,-1
93,41,pdp_aware_greedy,-0.22202439003263716,0.22202439003263716,1,2.22023580542309,30.812040914920416,6.899301430853328e-09,618.9616675819608,0.9933680371746151,0.13047916264745107,0.00032300001475960016,-1
93,41,local_search,-0.22202439003263716,0.22202439003263716,1,2.22023580542309,30.812040914920416,6.899301430853328e-09,618.9616675819608,0.9933680371746151,0.13047916264745107,0.01276850001886487,-1
93,41,beam_search,-0.21711783767374682,0.21711783767374682,1,2.1711698418282013,30.812044304284164,7.274318967558701e-09,605.2906762865471,0.9933680371746151,0.12669898953500305,0.0316781000001356,-1
93,41,simulated_annealing,-0.22202439003263716,0.22202439003263716,1,2.22023580542309,30.812040914920416,6.899301430853328e-09,618.9616675819608,0.9933680371746151,0.13047916264745107,0.006923899985849857,-1
93,41,block_beam_strong,-0.18601906237840343,0.18601906237840343,1,1.8583562882427422,30.826108436766326,1.5630508777242489e-06,518.615794860845,0.9933680371746151,0.10901249909827272,0.37963680003304034,-1
93,41,block_lns_strong,-0.18433069747832867,0.18433069747832867,1,1.8414741836809758,30.82609653996113,1.5617351512342554e-06,513.9433414163393,0.9490436130300745,0.10818926514941786,0.054359399946406484,-1
93,41,hybrid_heuristic,-0.18433069747832867,0.18433069747832867,1,1.8414741836809758,30.82609653996113,1.5617351512342554e-06,513.9433414163393,0.9490436130300745,0.10818926514941786,0.01248229993507266,-1
93,42,autoreg_rl_pure,-0.24138884589867315,0.24138884589867315,1,2.2773454504368686,31.863768622910293,0.00011443376806343228,643.6619483660971,0.9632873278325824,0.13401969332328076,0.026908500003628433,16
93,42,random,-100.0,106194141807.5839,0,81.11088005086758,8180129050817.979,0.08967870158832514,22821.646320946827,0.9063422453877858,4.785379491518928,0.02449380001053214,-1
93,42,latency_greedy,-280.39213909785315,280.39213909785315,1,4.661338989454293,21593.497154944598,0.022337982462208167,1314.3369184900891,0.9632873278325824,0.27512461398993826,6.57000346109271e-05,-1
93,42,block_balanced,-7842486.065123556,7842486.065123556,1,12.774598582296042,604106213.6470351,0.05724527989868491,3596.8429623199754,0.6828494016312612,0.7573596084959181,7.069995626807213e-05,-1
93,42,pdp_aware_greedy,-0.24138884589867315,0.24138884589867315,1,2.2773454504368686,31.863768622910293,0.00011443376806343228,643.6619483660971,0.9632873278325824,0.13401969332328076,0.000292200013063848,-1
93,42,local_search,-0.23851740642335637,0.23851740642335637,1,2.2362395048566324,31.959220672512252,0.00012463123539163315,632.0994936586571,0.9063422453877858,0.13160064608590624,0.018623200012370944,-1
93,42,beam_search,-0.23851740642335637,0.23851740642335637,1,2.2362395048566324,31.959220672512252,0.00012463123539163315,632.0994936586571,0.9063422453877858,0.13160064608590624,0.028472399921156466,-1
93,42,simulated_annealing,-0.23851740642335637,0.23851740642335637,1,2.2362395048566324,31.959220672512252,0.00012463123539163315,632.0994936586571,0.9063422453877858,0.13160064608590624,0.00692080007866025,-1
93,42,block_beam_strong,-0.23851740642335637,0.23851740642335637,1,2.2362395048566324,31.959220672512252,0.00012463123539163315,632.0994936586571,0.9063422453877858,0.13160064608590624,0.28930730000138283,-1
93,42,block_lns_strong,-0.23851740642335637,0.23851740642335637,1,2.2362395048566324,31.959220672512252,0.00012463123539163315,632.0994936586571,0.9063422453877858,0.13160064608590624,0.07309459999669343,-1
93,42,hybrid_heuristic,-0.23851740642335637,0.23851740642335637,1,2.2362395048566324,31.959220672512252,0.00012463123539163315,632.0994936586571,0.9063422453877858,0.13160064608590624,0.014228200074285269,-1
93,43,autoreg_rl_pure,-0.21117128890789996,0.21117128890789996,1,2.111666550874329,30.81233550286603,3.949395099246652e-08,546.4128785752428,0.9907150951569228,0.11258328917204907,0.026667100028134882,16
93,43,random,-100.0,4851432412.195994,0,83.15578613388195,373705578064.01965,0.07915789355491139,21407.154164348463,0.9120807599786005,4.454857774255487,0.02461379999294877,-1
93,43,latency_greedy,-1.209267543015391,1.209267543015391,1,3.230192878507277,99.07963415218259,0.003982027988194723,834.3206426650725,0.9907150951569228,0.17221740751251835,6.519991438835859e-05,-1
93,43,block_balanced,-2.319139853352876,2.319139853352876,1,5.1132525832857105,170.06783991543946,0.005823934382141169,1319.0801975792265,0.7817835085530861,0.27358215859590324,7.140007801353931e-05,-1
93,43,pdp_aware_greedy,-0.7711008758784321,0.7711008758784321,1,2.61791977705082,70.04401568716305,0.0027997133528663157,676.7220459242,0.9907150951569228,0.139574128863719,0.0002989999484270811,-1
93,43,local_search,-0.7711008758784321,0.7711008758784321,1,2.61791977705082,70.04401568716305,0.0027997133528663157,676.7220459242,0.9907150951569228,0.139574128863719,0.013318900018930435,-1
93,43,beam_search,-0.21445456159004328,0.21445456159004328,1,2.1444992777738383,30.81233550226461,3.9493884449159277e-08,554.863995689861,0.9907150951569228,0.11433376269510785,0.02844539994839579,-1
93,43,simulated_annealing,-0.7711008758784321,0.7711008758784321,1,2.61791977705082,70.04401568716305,0.0027997133528663157,676.7220459242,0.9907150951569228,0.139574128863719,0.00694440002553165,-1
93,43,block_beam_strong,-0.21117128890789996,0.21117128890789996,1,2.111666550874329,30.81233550286603,3.949395099246652e-08,546.4128785752428,0.9907150951569228,0.11258328917204907,0.26233119994867593,-1
93,43,block_lns_strong,-0.21117128890789996,0.21117128890789996,1,2.111666550874329,30.81233550286603,3.949395099246652e-08,546.4128785752428,0.9907150951569228,0.11258328917204907,0.07451290008611977,-1
93,43,hybrid_heuristic,-0.21117128890789996,0.21117128890789996,1,2.111666550874329,30.81233550286603,3.949395099246652e-08,546.4128785752428,0.9907150951569228,0.11258328917204907,0.013249299954622984,-1
93,44,autoreg_rl_pure,-0.22273159655880514,0.22273159655880514,1,2.196978376439346,31.045668846526247,2.575924979591494e-05,543.4248018593114,0.972586023377552,0.12533133057746804,0.026464099995791912,16
93,44,random,-100.0,22.76302786791296,0,80.98337191008902,1160.4323153716305,0.01237081445771481,19928.14626086012,0.9131050606325662,4.619869665076615,0.023706699954345822,-1
93,44,latency_greedy,-13.437043823523213,13.437043823523213,1,2.445901012834331,1047.025981666022,0.012020215031516115,604.6610847982993,0.972586023377552,0.1408448434797483,6.220000796020031e-05,-1
93,44,block_balanced,-466.1880265744408,466.1880265744408,1,8.021752039827183,35879.45916485605,0.024069086934614205,1976.5813124125095,0.6627963437286187,0.4606615078644154,7.289997301995754e-05,-1
93,44,pdp_aware_greedy,-0.7767467195554976,0.7767467195554976,1,2.8440521656446975,68.73701814572439,0.0027354976301971097,702.6418523701163,0.972586023377552,0.16432206976767766,0.00030860002152621746,-1
93,44,local_search,-0.5058738842671708,0.5058738842671708,1,2.836841160227208,47.92724449837992,0.0015061232747031025,700.8635007490209,0.972586023377552,0.1636487901302515,0.018679399974644184,-1
93,44,beam_search,-0.29612877641219976,0.29612877641219976,1,2.431608196072114,34.89209743351951,0.00042395871318821074,601.1509934937209,0.972586023377552,0.1396355225694438,0.03115799999795854,-1
93,44,simulated_annealing,-0.5058738842671708,0.5058738842671708,1,2.836841160227208,47.92724449837992,0.0015061232747031025,700.8635007490209,0.972586023377552,0.1636487901302515,0.007076799985952675,-1
93,44,block_beam_strong,-0.21611176056620102,0.21611176056620102,1,2.159998370890162,30.820600019372254,9.537934519349498e-07,534.3328784809971,0.972586023377552,0.12322172706477759,0.35890330001711845,-1
93,44,block_lns_strong,-0.21210145342157485,0.21210145342157485,1,2.1199067916856373,30.820511494695754,9.440013084394806e-07,524.4715702887063,0.972586023377552,0.12093461717760674,0.09779049991630018,-1
93,44,hybrid_heuristic,-0.21210145342157485,0.21210145342157485,1,2.1199067916856373,30.820511494695754,9.440013084394806e-07,524.4715702887063,0.972586023377552,0.12093461717760674,0.013348900014534593,-1
93,45,autoreg_rl_pure,-0.2877717039526301,0.2877717039526301,1,2.7264447318721503,31.9772283349613,0.00012655163992550384,709.3357613453746,0.9999582362083267,0.1854092163506658,0.028355600079521537,16
93,45,random,-100.0,23919571.107128683,0,87.53959895813182,1842522636.783473,0.061047030489451114,22680.137408688315,0.9999582362083267,5.940089096283036,0.025018800050020218,-1
93,45,latency_greedy,-10.088461193714766,10.088461193714766,1,3.684198898745377,779.5462391986716,0.01101450793330498,957.3659662131186,0.9999582362083267,0.2502415701823242,6.749993190169334e-05,-1
93,45,block_balanced,-83.3346751345435,83.3346751345435,1,6.2767473652970445,6401.727786107955,0.01819298086405193,1629.0169655546374,0.7594254376097133,0.4252177268065918,0.00012340000830590725,-1
93,45,pdp_aware_greedy,-4.435510222151656,4.435510222151656,1,3.769568483384203,343.44212740552365,0.008220000186012273,979.492433604676,0.9999582362083267,0.2552687334548565,0.0003280999371781945,-1
93,45,local_search,-4.092907952767468,4.092907952767468,1,3.8559730891334394,316.3859187434505,0.007940254346620953,1001.8828545275638,0.9999582362083267,0.2612514424144076,0.019657400087453425,-1
93,45,beam_search,-0.2877717039526301,0.2877717039526301,1,2.7264447318721503,31.9772283349613,0.00012655163992550384,709.3357613453746,0.9999582362083267,0.1854092163506658,0.029787999927066267,-1
93,45,simulated_annealing,-4.092907952767468,4.092907952767468,1,3.8559730891334394,316.3859187434505,0.007940254346620953,1001.8828545275638,0.9999582362083267,0.2612514424144076,0.007764699985273182,-1
93,45,block_beam_strong,-0.2877717039526301,0.2877717039526301,1,2.7264447318721503,31.9772283349613,0.00012655163992550384,709.3357613453746,0.9999582362083267,0.1854092163506658,0.25821670005097985,-1
93,45,block_lns_strong,-0.2877717039526301,0.2877717039526301,1,2.7264447318721503,31.9772283349613,0.00012655163992550384,709.3357613453746,0.9999582362083267,0.1854092163506658,0.07474890002049506,-1
93,45,hybrid_heuristic,-0.2877717039526301,0.2877717039526301,1,2.7264447318721503,31.9772283349613,0.00012655163992550384,709.3357613453746,0.9999582362083267,0.1854092163506658,0.012521500000730157,-1
93,46,autoreg_rl_pure,-0.2549092546474257,0.2549092546474257,1,2.407155991124025,31.905315085004023,0.00011887606734425466,659.0997154924028,0.9841246045781751,0.1497183633984602,0.029254000051878393,16
93,46,random,-100.0,234198391.81543228,0,88.29376777270686,18040288919.149902,0.06882504967868985,24072.492925343875,0.9841246045781751,5.461016696857677,0.027618100051768124,-1
93,46,latency_greedy,-1163876.9145379025,1163876.9145379025,1,9.896178886554226,89653330.92459601,0.05074118816883423,2700.666160529319,0.9841246045781751,0.6163097475325725,6.65000407025218e-05,-1
93,46,block_balanced,-100.0,38429479.844041094,0,18.224208938525273,2960220662.9900417,0.06266343352587131,4971.012403683526,0.7684857995115584,1.132204150930345,7.54999928176403e-05,-1
93,46,pdp_aware_greedy,-13.684640240488193,13.684640240488193,1,3.623320884753271,1057.0286614312208,0.012052630067235726,990.6882069094494,0.9953386166100796,0.22354099802884872,0.0003092000260949135,-1
93,46,local_search,-9.274330711142474,9.274330711142474,1,3.687149224838133,716.8110854175982,0.01072847622093979,1008.0983253174011,0.9953386166100796,0.2274788912762105,0.018905899953097105,-1
93,46,beam_search,-2.7656008295957055,2.7656008295957055,1,3.0924681409167745,220.0247967131561,0.006701952264206702,845.9317967032297,0.9953386166100796,0.1920704872196975,0.031732400064356625,-1
93,46,simulated_annealing,-9.274330711142474,9.274330711142474,1,3.687149224838133,716.8110854175982,0.01072847622093979,1008.0983253174011,0.9953386166100796,0.2274788912762105,0.00706849992275238,-1
93,46,block_beam_strong,-0.26067534338362197,0.26067534338362197,1,2.4964629377483556,31.661545660129484,9.272830799137905e-05,683.5243816034236,0.9841246045781751,0.15401942979839062,0.2739652000600472,-1
93,46,block_lns_strong,-0.24273917635275638,0.24273917635275638,1,2.3066734463508904,31.741871110083263,0.00010136653512038953,631.7727282643638,0.9841246045781751,0.1423103558102429,0.0695187000092119,-1
93,46,hybrid_heuristic,-0.24273917635275638,0.24273917635275638,1,2.3066734463508904,31.741871110083263,0.00010136653512038953,631.7727282643638,0.9841246045781751,0.1423103558102429,0.013698200113140047,-1
93,47,autoreg_rl_pure,-0.35320338719352273,0.35320338719352273,1,2.7080230828032663,37.1593292518938,0.000638583870993092,715.446934154199,0.9350808118725145,0.18385463265413737,0.031971000018529594,16
93,47,random,-100.0,33864017220.715843,0,104.22539796037368,2608543430621.934,0.0857822599670077,27424.215431820223,0.920930644983589,7.090599673217794,0.026192700024694204,-1
93,47,latency_greedy,-3120.1377659886534,3120.1377659886534,1,6.353746730799221,240325.91397567632,0.0305528302245956,1674.5690231728067,0.9350808118725145,0.4345235236486875,6.420002318918705e-05,-1
93,47,block_balanced,-8515.743796500157,8515.743796500157,1,8.579662371874388,655932.0110842144,0.03397588663436493,2260.2348636378815,0.7899361436142742,0.5855145718272877,7.499998901039362e-05,-1
93,47,pdp_aware_greedy,-4.388662422121414,4.388662422121414,1,3.5389557854199625,341.6098522565752,0.008201763241225552,934.035345758871,0.9350808118725145,0.24094244832240588,0.00043810007628053427,-1
93,47,local_search,-2.563909757659593,2.563909757659593,1,3.362333852428634,202.4097701233067,0.006417467087158871,887.569889315955,0.920930644983589,0.22908586495080854,0.01869459997396916,-1
93,47,beam_search,-0.3398138853891639,0.3398138853891639,1,2.7679936936505456,35.66598335167091,0.0004987466380152773,731.2281125751292,0.9824121996856346,0.18792619123773596,0.030663899960927665,-1
93,47,simulated_annealing,-2.563909757659593,2.563909757659593,1,3.362333852428634,202.4097701233067,0.006417467087158871,887.569889315955,0.920930644983589,0.22908586495080854,0.0069700999883934855,-1
93,47,block_beam_strong,-0.3929509559118389,0.3929509559118389,1,2.7021305228379573,40.26647269761698,0.0009123582324580125,713.8711865485385,0.920930644983589,0.18505854921107318,0.24566769995726645,-1
93,47,block_lns_strong,-0.3398138853891639,0.3398138853891639,1,2.7679936936505456,35.66598335167091,0.0004987466380152773,731.2281125751292,0.9824121996856346,0.18792619123773596,0.0702999000204727,-1
93,47,hybrid_heuristic,-0.3398138853891639,0.3398138853891639,1,2.7679936936505456,35.66598335167091,0.0004987466380152773,731.2281125751292,0.9824121996856346,0.18792619123773596,0.012906700023449957,-1
93,48,autoreg_rl_pure,-0.6950007503340421,0.6950007503340421,1,3.3602891070374676,58.46356012568651,0.002183600107329402,826.2429251514295,0.9957095093422662,0.21427336205990932,0.025644000037573278,16
93,48,random,-100.0,572060409.4590664,0,54.785034050071744,44065782286.88815,0.0718697343732576,13424.99239195026,0.9275390620863662,3.474893187727152,0.024295100010931492,-1
93,48,latency_greedy,-1107.9954315328341,1107.9954315328341,1,6.007142416375378,85333.36769493307,0.027022829408973124,1474.6116731781615,0.9957095093422662,0.38198157046136727,0.00010379997547715902,-1
93,48,block_balanced,-883.2008082250865,883.2008082250865,1,7.948783747734606,68002.49345780365,0.02624886627675521,1950.3972078034406,0.7021373365163633,0.5047184844575664,0.00011640007141977549,-1
93,48,pdp_aware_greedy,-0.7300576307000903,0.7300576307000903,1,3.2881778030339914,61.71946272944856,0.0023683645708462296,808.5384474150421,0.9957095093422662,0.20802020613677044,0.0004018999170511961,-1
93,48,local_search,-0.7300576307000903,0.7300576307000903,1,3.2881778030339914,61.71946272944856,0.0023683645708462296,808.5384474150421,0.9957095093422662,0.20802020613677044,0.012981300009414554,-1
93,48,beam_search,-0.6410258583822601,0.6410258583822601,1,3.081334457021214,56.4546632655782,0.0020643944510503865,757.8279549894514,0.9275390620863662,0.19582322476752714,0.03238009999040514,-1
93,48,simulated_annealing,-0.7300576307000903,0.7300576307000903,1,3.2881778030339914,61.71946272944856,0.0023683645708462296,808.5384474150421,0.9957095093422662,0.20802020613677044,0.007637700065970421,-1
93,48,block_beam_strong,-0.6274630640797901,0.6274630640797901,1,3.3314896817979927,53.482977591808535,0.0018800431758267987,819.1638758541025,0.9876695969280015,0.2122002286839721,0.36806849995628,-1
93,48,block_lns_strong,-0.6180866054521039,0.6180866054521039,1,3.2379730676304153,53.48106746397985,0.001879921414745651,796.2309427089899,0.8654859357778388,0.2062801744215155,0.07449589995667338,-1
93,48,hybrid_heuristic,-0.6180866054521039,0.6180866054521039,1,3.2379730676304153,53.48106746397985,0.001879921414745651,796.2309427089899,0.8654859357778388,0.2062801744215155,0.012336799991317093,-1
93,49,autoreg_rl_pure,-0.165661621481099,0.165661621481099,1,1.6453986066921242,30.898387735136858,9.547417215003836e-06,410.3222405472776,0.9874277554496532,0.07612592928341076,0.030306700034998357,16
93,49,random,-100.0,555325216.2885407,0,89.53715852014784,42776670986.27667,0.07176851255923856,22171.220853083672,0.9395371704659875,4.074918933793852,0.022774199955165386,-1
93,49,latency_greedy,-1873.8982312466744,1873.8982312466744,1,3.838656496649919,144347.52313977075,0.028814909110171743,953.2635273449288,0.9868534755644863,0.1748630884164964,6.009999196976423e-05,-1
93,49,block_balanced,-4846.776659432796,4846.776659432796,1,7.638197157816245,373318.92127475055,0.03205437322897158,1894.0586122356488,0.6582851702997689,0.3473986192103454,7.229996845126152e-05,-1
93,49,pdp_aware_greedy,-0.25945839950597727,0.25945839950597727,1,2.5536742290537586,31.127106268191028,3.469041027263991e-05,635.1985421733699,0.9868534755644863,0.11738233878347991,0.00031809997744858265,-1
93,49,local_search,-0.25945839950597727,0.25945839950597727,1,2.5536742290537586,31.127106268191028,3.469041027263991e-05,635.1985421733699,0.9868534755644863,0.11738233878347991,0.013188300072215497,-1
93,49,beam_search,-0.165661621481099,0.165661621481099,1,1.6453986066921242,30.898387735136858,9.547417215003836e-06,410.3222405472776,0.9874277554496532,0.07612592928341076,0.03270300000440329,-1
93,49,simulated_annealing,-0.25945839950597727,0.25945839950597727,1,2.5536742290537586,31.127106268191028,3.469041027263991e-05,635.1985421733699,0.9868534755644863,0.11738233878347991,0.006978399935178459,-1
93,49,block_beam_strong,-0.165661621481099,0.165661621481099,1,1.6453986066921242,30.898387735136858,9.547417215003836e-06,410.3222405472776,0.9874277554496532,0.07612592928341076,0.37940830003935844,-1
93,49,block_lns_strong,-0.165661621481099,0.165661621481099,1,1.6453986066921242,30.898387735136858,9.547417215003836e-06,410.3222405472776,0.9874277554496532,0.07612592928341076,0.05783989990595728,-1
93,49,hybrid_heuristic,-0.165661621481099,0.165661621481099,1,1.6453986066921242,30.898387735136858,9.547417215003836e-06,410.3222405472776,0.9874277554496532,0.07612592928341076,0.011815800098702312,-1
93,50,autoreg_rl_pure,-1.3615444099422163,1.3615444099422163,1,3.4354762804742482,109.22821610445826,0.004314478931390955,1033.7982518753713,0.9931597415592702,0.18887843500852586,0.028658100054599345,16
93,50,random,-100.0,108366354529196.92,0,117.85017543885826,8347454480925923.0,0.11329772929330315,35364.1023615445,0.9848778486638697,6.432078495631362,0.027533199987374246,-1
93,50,latency_greedy,-57.984168510755325,57.984168510755325,1,4.250498007595782,4464.587807611172,0.016964331796326438,1278.290203872562,0.9931597415592702,0.23159994259873867,6.65000407025218e-05,-1
93,50,block_balanced,-47764.985111086826,47764.985111086826,1,11.82300852331712,3679273.982301996,0.039854776459469436,3550.4803406318097,0.6821100122074661,0.6485604044134348,0.00010689999908208847,-1
93,50,pdp_aware_greedy,-885.8822092428803,885.8822092428803,1,4.815383993047137,68233.17819599599,0.026260411765519614,1447.8044245150286,0.9931597415592702,0.26508865545594607,0.0007592999609187245,-1
93,50,local_search,-16.52248580697364,16.52248580697364,1,5.743761913710875,1259.294007428076,0.012649546885300407,1726.3651482985463,0.9744428745820946,0.31282203263092156,0.018652800004929304,-1
93,50,beam_search,-1.3615444099422163,1.3615444099422163,1,3.4354762804742482,109.22821610445826,0.004314478931390955,1033.7982518753713,0.9931597415592702,0.18887843500852586,0.03242329997010529,-1
93,50,simulated_annealing,-16.519935455890337,16.519935455890337,1,5.7182584034963675,1259.2940074233113,0.012649546885287508,1718.715107672877,0.9744428745820946,0.3117051639571128,0.007214799989014864,-1
93,50,block_beam_strong,-1.480818003620269,1.480818003620269,1,3.583365491057335,117.27666483595877,0.004556861498322218,1078.1905370033714,0.9848778486638697,0.19712288250365786,0.2952193000819534,-1
93,50,block_lns_strong,-1.3615444099422163,1.3615444099422163,1,3.4354762804742482,109.22821610445826,0.004314478931390955,1033.7982518753713,0.9931597415592702,0.18887843500852586,0.06082669994793832,-1
93,50,hybrid_heuristic,-1.3615444099422163,1.3615444099422163,1,3.4354762804742482,109.22821610445826,0.004314478931390955,1033.7982518753713,0.9931597415592702,0.18887843500852586,0.013766700052656233,-1
93,51,autoreg_rl_pure,-0.2308516829656316,0.2308516829656316,1,2.3084949347321517,30.812147216407308,1.8661053231222337e-08,560.3085407686618,0.9887663277544383,0.17275622570889312,0.02850889996625483,16
93,51,random,-100.0,2917974.226737945,0,85.82576331370025,224770767.97823343,0.05387469876723215,20723.71190615079,0.9541100025892475,6.378698002523919,0.02550870005507022,-1
93,51,latency_greedy,-0.24569318342311133,0.24569318342311133,1,2.434447354589269,30.985176386087712,1.9109924652612262e-05,590.6504717443343,0.9906335776836969,0.1815612365088026,6.470002699643373e-05,-1
93,51,block_balanced,-0.3612374368924656,0.3612374368924656,1,3.5875332638397737,31.00332945924388,2.110667093216446e-05,869.0721343698157,0.8057779350518869,0.2673688827948843,6.960006430745125e-05,-1
93,51,pdp_aware_greedy,-0.24569318342311133,0.24569318342311133,1,2.434447354589269,30.985176386087712,1.9109924652612262e-05,590.6504717443343,0.9906335776836969,0.1815612365088026,0.00029879994690418243,-1
93,51,local_search,-0.24569318342311133,0.24569318342311133,1,2.434447354589269,30.985176386087712,1.9109924652612262e-05,590.6504717443343,0.9906335776836969,0.1815612365088026,0.013840800034813583,-1
93,51,beam_search,-0.2308516829656316,0.2308516829656316,1,2.3084949347321517,30.812147216407308,1.8661053231222337e-08,560.3085407686618,0.9887663277544383,0.17275622570889312,0.0321612999541685,-1
93,51,simulated_annealing,-0.24569318342311133,0.24569318342311133,1,2.434447354589269,30.985176386087712,1.9109924652612262e-05,590.6504717443343,0.9906335776836969,0.1815612365088026,0.006616199971176684,-1
93,51,block_beam_strong,-0.24569318342311133,0.24569318342311133,1,2.434447354589269,30.985176386087712,1.9109924652612262e-05,590.6504717443343,0.9906335776836969,0.1815612365088026,0.24737700005061924,-1
93,51,block_lns_strong,-0.2308516829656316,0.2308516829656316,1,2.3084949347321517,30.812147216407308,1.8661053231222337e-08,560.3085407686618,0.9887663277544383,0.17275622570889312,0.07172439992427826,-1
93,51,hybrid_heuristic,-0.2308516829656316,0.2308516829656316,1,2.3084949347321517,30.812147216407308,1.8661053231222337e-08,560.3085407686618,0.9887663277544383,0.17275622570889312,0.013508600066415966,-1
93,52,autoreg_rl_pure,-1.5874131636789675,1.5874131636789675,1,3.1526225256667835,128.80569505537235,0.004876540588662737,765.7445246211515,0.9742943213522033,0.19699815814526744,0.028651800006628036,16
93,52,random,-100.0,4.3117526049819776e+17,0,129.6892892416161,3.32134072051001e+19,0.1415558350358563,31380.50847102572,0.7849912713794074,8.044217295376852,0.0241812999593094,-1
93,52,latency_greedy,-3.7639261860482383,3.7639261860482383,1,2.297297161773462,303.0509432004748,0.007793447550041969,558.7400693243205,0.9742943213522033,0.14333399897865368,6.049999501556158e-05,-1
93,52,block_balanced,-3123.167678747126,3123.167678747126,1,8.165585816240265,240545.35140629386,0.030555941695865237,1978.5923562669423,0.6541593928161727,0.5090460405946442,6.860005669295788e-05,-1
93,52,pdp_aware_greedy,-95.86262229482439,95.86262229482439,1,4.15702224532504,7383.083115601415,0.018679214124578142,1008.7529788511049,0.9555803284063259,0.2572668619351423,0.00032819993793964386,-1
93,52,local_search,-3.725608028587021,3.725608028587021,1,2.235703496626982,300.5737532575779,0.007765465558032549,543.8395108792752,0.9642955326247052,0.13965107719606346,0.01796910003758967,-1
93,52,beam_search,-2.2814096228389564,2.2814096228389564,1,4.252695416801104,173.7903495221279,0.005897751537290088,1031.9005063604934,0.9555803284063259,0.2631878157199603,0.030934799928218126,-1
93,52,simulated_annealing,-3.725608028587021,3.725608028587021,1,2.235703496626982,300.5737532575779,0.007765465558032549,543.8395108792752,0.9642955326247052,0.13965107719606346,0.006019899970851839,-1
93,52,block_beam_strong,-1.6741871222903488,1.6741871222903488,1,3.1241056314812496,135.70955391916644,0.005054542111390548,758.8637041508125,0.9642955326247052,0.19522391830132793,0.37599780003074557,-1
93,52,block_lns_strong,-1.595042444365045,1.595042444365045,1,3.2289153325275612,128.80569505537235,0.004876540588662737,784.2142138864251,0.9742943213522033,0.2017273267130422,0.0647467999951914,-1
93,52,hybrid_heuristic,-1.595042444365045,1.595042444365045,1,3.2289153325275612,128.80569505537235,0.004876540588662737,784.2142138864251,0.9742943213522033,0.2017273267130422,0.011985999997705221,-1
93,53,autoreg_rl_pure,-0.632200769635084,0.632200769635084,1,4.922173770798677,41.59489178531564,0.0010230150399086328,1223.8163515464869,0.9847347330985273,0.29684844546877875,0.027942499960772693,16
93,53,random,-100.0,9.638095327724554e+19,0,146.5115587098376,7.424219664908773e+21,0.15999813002306823,36340.7267114547,0.956716226289492,8.805980047974776,0.027686099987477064,-1
93,53,latency_greedy,-5842.808571557543,5842.808571557543,1,10.320185557592259,450022.54673595156,0.032691434135039214,2562.599004302831,0.9860366439178397,0.6209723662824036,0.0001903999364003539,-1
93,53,block_balanced,-5300.925939419593,5300.925939419593,1,10.117801403701204,408282.91559143027,0.03235959063246229,2512.412261841246,0.956716226289492,0.60863192302945,0.00011530006304383278,-1
93,53,pdp_aware_greedy,-0.632200769635084,0.632200769635084,1,4.922173770798677,41.59489178531564,0.0010230150399086328,1223.8163515464869,0.9847347330985273,0.29684844546877875,0.000484699965454638,-1
93,53,local_search,-0.6015026306612277,0.6015026306612277,1,4.567975324418255,41.958604519543556,0.0010526961749062979,1135.954203799236,0.9847347330985273,0.27552602113523944,0.01942949998192489,-1
93,53,beam_search,-0.5963131359315826,0.5963131359315826,1,4.5340094101009285,41.820497274605316,0.001041456207879487,1127.515175001272,0.9860366439178397,0.2734889710463714,0.02983809995930642,-1
93,53,simulated_annealing,-0.6015026306612277,0.6015026306612277,1,4.567975324418255,41.958604519543556,0.0010526961749062979,1135.954203799236,0.9847347330985273,0.27552602113523944,0.0065116999903693795,-1
93,53,block_beam_strong,-0.6015026306612277,0.6015026306612277,1,4.567975324418255,41.958604519543556,0.0010526961749062979,1135.954203799236,0.9847347330985273,0.27552602113523944,0.28829480009153485,-1
93,53,block_lns_strong,-0.5963131359315826,0.5963131359315826,1,4.5340094101009285,41.820497274605316,0.001041456207879487,1127.515175001272,0.9860366439178397,0.2734889710463714,0.07747780007775873,-1
93,53,hybrid_heuristic,-0.5963131359315826,0.5963131359315826,1,4.5340094101009285,41.820497274605316,0.001041456207879487,1127.515175001272,0.9860366439178397,0.2734889710463714,0.014629999990575016,-1
93,54,autoreg_rl_pure,-0.2582108967497754,0.2582108967497754,1,1.7964759093681986,36.863705795687636,0.0006113532093863473,492.1104827110296,0.9953679554409797,0.08689226224812421,0.02692830003798008,16
93,54,random,-100.0,717893969541917.0,0,122.7193756805247,5.529933399455947e+16,0.11974387993507371,33418.46611398923,0.8958311598968817,5.946032874713678,0.022997900028713048,-1
93,54,latency_greedy,-221.77600202564102,221.77600202564102,1,4.980418658349409,17075.841389128982,0.021537746770424797,1359.0342885823807,0.9532356821084007,0.24257187168174466,6.309989839792252e-05,-1
93,54,block_balanced,-295.7475868273154,295.7475868273154,1,6.694782675307773,22760.662864677317,0.02251744851759224,1825.8629017669152,0.6672649774758805,0.3254231192532405,7.340009324252605e-05,-1
93,54,pdp_aware_greedy,-13.890908196356971,13.890908196356971,1,2.421317408162832,1082.1764973532056,0.012132789026517855,662.232084574062,0.9953679554409797,0.11711470558490622,0.0003090999089181423,-1
93,54,local_search,-13.890908196356971,13.890908196356971,1,2.421317408162832,1082.1764973532056,0.012132789026517855,662.232084574062,0.9953679554409797,0.11711470558490622,0.011281799990683794,-1
93,54,beam_search,-0.2582108967497754,0.2582108967497754,1,1.7964759093681986,36.863705795687636,0.0006113532093863473,492.1104827110296,0.9953679554409797,0.08689226224812421,0.03153580008074641,-1
93,54,simulated_annealing,-13.890908196356971,13.890908196356971,1,2.421317408162832,1082.1764973532056,0.012132789026517855,662.232084574062,0.9953679554409797,0.11711470558490622,0.006758200004696846,-1
93,54,block_beam_strong,-0.2582108967497754,0.2582108967497754,1,1.7964759093681986,36.863705795687636,0.0006113532093863473,492.1104827110296,0.9953679554409797,0.08689226224812421,0.36874429997988045,-1
93,54,block_lns_strong,-0.2582108967497754,0.2582108967497754,1,1.7964759093681986,36.863705795687636,0.0006113532093863473,492.1104827110296,0.9953679554409797,0.08689226224812421,0.05689969996456057,-1
93,54,hybrid_heuristic,-0.2582108967497754,0.2582108967497754,1,1.7964759093681986,36.863705795687636,0.0006113532093863473,492.1104827110296,0.9953679554409797,0.08689226224812421,0.012591399950906634,-1
93,55,autoreg_rl_pure,-0.21094042880221167,0.21094042880221167,1,2.1093804202320166,30.812162413383035,2.0342522694949984e-08,604.2506705977307,0.9911255144028741,0.15459079190741215,0.0261933000292629,16
93,55,random,-100.0,133752.53816963945,0,99.89484536581428,10302212.168565955,0.04336504742752784,28482.30064668516,0.7422808474024689,7.266997196128004,0.022978799999691546,-1
93,55,latency_greedy,-0.812289592919953,0.812289592919953,1,3.2222200363488676,68.56185869483637,0.002726799003206077,921.4900042816519,0.9747765854199376,0.23539055115179114,6.960006430745125e-05,-1
93,55,block_balanced,-0.9230974558285557,0.9230974558285557,1,4.448977714180823,67.64767461846844,0.0026810357857622517,1271.275732952248,0.6607503429352495,0.32403506049430264,6.990006659179926e-05,-1
93,55,pdp_aware_greedy,-0.22231469135682785,0.22231469135682785,1,2.2231235878351745,30.8121582379209,1.988052874667392e-08,636.6700910896066,0.9911255144028741,0.16285464738079397,0.00030750001315027475,-1
93,55,local_search,-0.22155000527438748,0.22155000527438748,1,2.215477615139294,30.812151396671645,1.9123578684820964e-08,634.4960112135009,0.9747765854199376,0.16229705679658327,0.01816749991849065,-1
93,55,beam_search,-0.20691199401243088,0.20691199401243088,1,2.0690897554699514,30.81221107215455,2.5726367162232415e-08,592.7760716830688,0.8810004572469993,0.1514954226053742,0.03287520003505051,-1
93,55,simulated_annealing,-0.22155000527438748,0.22155000527438748,1,2.215477615139294,30.812151396671645,1.9123578684820964e-08,634.4960112135009,0.9747765854199376,0.16229705679658327,0.006513800006359816,-1
93,55,block_beam_strong,-0.21063659790638511,0.21063659790638511,1,2.10634047763347,30.812174997305366,2.173487022433746e-08,603.4080384364959,0.8529295122424455,0.15406710503174564,0.38861100003123283,-1
93,55,block_lns_strong,-0.20691199401243088,0.20691199401243088,1,2.0690897554699514,30.81221107215455,2.5726367162232415e-08,592.7760716830688,0.8810004572469993,0.1514954226053742,0.07466549996752292,-1
93,55,hybrid_heuristic,-0.20691199401243088,0.20691199401243088,1,2.0690897554699514,30.81221107215455,2.5726367162232415e-08,592.7760716830688,0.8810004572469993,0.1514954226053742,0.01223360002040863,-1
93,56,autoreg_rl_pure,-0.3724667322343316,0.3724667322343316,1,2.9030346802831106,37.14101039774698,0.0006369027793214936,848.6369155985594,0.9956918020009392,0.13658968094357238,0.026207400020211935,16
93,56,random,-100.0,2.7269795972277136e+17,0,110.99053146911767,2.1005909220782506e+19,0.1399939055553451,32331.474686960628,0.8884892126395707,5.2104694397745215,0.024613099987618625,-1
93,56,latency_greedy,-492.72151784395817,492.72151784395817,1,5.172060942080865,37945.28373039833,0.02425993544354364,1509.423868674547,0.9808751741235534,0.2437029437578343,6.490002851933241e-05,-1
93,56,block_balanced,-93941.22542969401,93941.22542969401,1,9.224391221330388,7236247.316124181,0.04216072351172484,2689.8354971810545,0.703621245166553,0.4332019206347764,7.010006811469793e-05,-1
93,56,pdp_aware_greedy,-21.16692206695583,21.16692206695583,1,3.364194554002846,1635.3844782091405,0.013540464685500523,982.8933881551666,0.9956918020009392,0.1584386490046164,0.0003149999538436532,-1
93,56,local_search,-21.16692206695583,21.16692206695583,1,3.364194554002846,1635.3844782091405,0.013540464685500523,982.8933881551666,0.9956918020009392,0.1584386490046164,0.013235200080089271,-1
93,56,beam_search,-1.0399866472838146,1.0399866472838146,1,2.935180375683762,88.31241555544442,0.003589821413490811,857.9449685610425,0.9956918020009392,0.1384706293294078,0.031995999976061285,-1
93,56,simulated_annealing,-21.16692206695583,21.16692206695583,1,3.364194554002846,1635.3844782091405,0.013540464685500523,982.8933881551666,0.9956918020009392,0.1584386490046164,0.006947799935005605,-1
93,56,block_beam_strong,-0.37436102481940586,0.37436102481940586,1,2.7805163720008292,38.230685526038755,0.0007354859753487705,812.935363387108,0.882105747614002,0.13095593345291096,0.3486938000423834,-1
93,56,block_lns_strong,-0.36998913114180493,0.36998913114180493,1,2.736797435117145,38.23068552686817,0.0007354859754227332,800.187704036816,0.9381616602220706,0.12899866616984212,0.07094080001115799,-1
93,56,hybrid_heuristic,-0.36998913114180493,0.36998913114180493,1,2.736797435117145,38.23068552686817,0.0007354859754227332,800.187704036816,0.9381616602220706,0.12899866616984212,0.012785699917003512,-1
93,57,autoreg_rl_pure,-0.33105462460796914,0.33105462460796914,1,2.854106884035807,34.327928519224194,0.00036838481080832524,811.2851769514709,0.9822689993230084,0.1510469433179747,0.029671699972823262,16
93,57,random,-100.0,1.8879083226466428e+16,0,146.2318885964164,1.4542547690122516e+18,0.13089025451523978,41420.07962631758,0.9822689993230084,7.674261561464301,0.02498119999654591,-1
93,57,latency_greedy,-51192.19818006785,51192.19818006785,1,7.346378915534797,3943306.504760205,0.04009104890039464,2083.564598386783,0.9822689993230084,0.38859208490132435,6.440002471208572e-05,-1
93,57,block_balanced,-892218.3343598484,892218.3343598484,1,11.441930385205456,68727473.14751662,0.04983501532412931,3243.6027369306294,0.7582850504859989,0.6032642421767532,7.039995398372412e-05,-1
93,57,pdp_aware_greedy,-100.7153338517156,100.7153338517156,1,3.811151005569492,7759.5514710284415,0.01884876514921455,1082.3640981407827,0.9952999077154906,0.20107017708330893,0.00029340002220124006,-1
93,57,local_search,-100.0,1.8879083226466428e+16,0,146.2318885964164,1.4542547690122516e+18,0.13089025451523978,41420.07962631758,0.9822689993230084,7.674261561464301,0.01577589998487383,-1
93,57,beam_search,-0.33105462460796914,0.33105462460796914,1,2.854106884035807,34.327928519224194,0.00036838481080832524,811.2851769514709,0.9822689993230084,0.1510469433179747,0.030318900011479855,-1
93,57,simulated_annealing,-100.0,1.8879083226466428e+16,0,146.2318885964164,1.4542547690122516e+18,0.13089025451523978,41420.07962631758,0.9822689993230084,7.674261561464301,0.01041119999717921,-1
93,57,block_beam_strong,-0.33105462460796914,0.33105462460796914,1,2.854106884035807,34.327928519224194,0.00036838481080832524,811.2851769514709,0.9822689993230084,0.1510469433179747,0.31600889994297177,-1
93,57,block_lns_strong,-0.33105462460796914,0.33105462460796914,1,2.854106884035807,34.327928519224194,0.00036838481080832524,811.2851769514709,0.9822689993230084,0.1510469433179747,0.07098670001141727,-1
93,57,hybrid_heuristic,-0.33105462460796914,0.33105462460796914,1,2.854106884035807,34.327928519224194,0.00036838481080832524,811.2851769514709,0.9822689993230084,0.1510469433179747,0.012815000023692846,-1
93,58,autoreg_rl_pure,-0.2305041956578242,0.2305041956578242,1,2.304571423113143,30.81560307668342,4.010133853421337e-07,583.3726040019723,0.9662626727046469,0.11847065343026039,0.031892200000584126,16
93,58,random,-100.0,2271424.40767458,0,106.13639138039943,174966913.61831668,0.0530207453252638,26731.946076368462,0.8008506270869741,5.436779223186216,0.024728500051423907,-1
93,58,latency_greedy,-18061.03762421364,18061.03762421364,1,6.493083271468419,1391221.5559110437,0.0365392053077401,1638.1347415644632,0.9662626727046469,0.33197511138284636,6.290001329034567e-05,-1
93,58,block_balanced,-54146.73499991541,54146.73499991541,1,9.849236609359762,4170875.038129926,0.04028232701320075,2483.3734537522682,0.7210493838414245,0.5044712755732977,6.720004603266716e-05,-1
93,58,pdp_aware_greedy,-1.1172800461066617,1.1172800461066617,1,2.815700430434956,95.1866753016642,0.0038453733586659203,712.0495948886306,0.9662626727046469,0.14361585694985352,0.00029340002220124006,-1
93,58,local_search,-1.11489760255356,1.11489760255356,1,2.791875994903939,95.1866753016642,0.0038453733586659203,706.0573702471988,0.9662626727046469,0.14240068267628742,0.01897759991697967,-1
93,58,beam_search,-0.2305041956578242,0.2305041956578242,1,2.304571423113143,30.81560307668342,4.010133853421337e-07,583.3726040019723,0.9662626727046469,0.11847065343026039,0.03152300009969622,-1
93,58,simulated_annealing,-1.11489760255356,1.11489760255356,1,2.791875994903939,95.1866753016642,0.0038453733586659203,706.0573702471988,0.9662626727046469,0.14240068267628742,0.006408300017938018,-1
93,58,block_beam_strong,-0.2305041956578242,0.2305041956578242,1,2.304571423113143,30.81560307668342,4.010133853421337e-07,583.3726040019723,0.9662626727046469,0.11847065343026039,0.36009390000253916,-1
93,58,block_lns_strong,-0.2305041956578242,0.2305041956578242,1,2.304571423113143,30.81560307668342,4.010133853421337e-07,583.3726040019723,0.9662626727046469,0.11847065343026039,0.07437409996055067,-1
93,58,hybrid_heuristic,-0.2305041956578242,0.2305041956578242,1,2.304571423113143,30.81560307668342,4.010133853421337e-07,583.3726040019723,0.9662626727046469,0.11847065343026039,0.013954700087197125,-1
93,59,autoreg_rl_pure,-0.3143357400560472,0.3143357400560472,1,2.7237164855953413,34.044470278616934,0.00034011683960132554,661.7624951289424,0.9460160043068487,0.14990535977905095,0.029292499995790422,16
93,59,random,-100.0,1.7773137022268132e+16,0,101.58891190697392,1.3690637921817843e+18,0.13068445258044656,24577.538588244162,0.9460160043068487,5.539173357853173,0.02462259994354099,-1
93,59,latency_greedy,-8939998352.807924,8939998352.807924,1,12.244506742099734,688647593867.6729,0.08124181267726797,2964.8581775838534,0.98956611654709,0.6665211963814659,6.330001633614302e-05,-1
93,59,block_balanced,-1441825108.922726,1441825108.922726,1,16.28599370700198,111063710763.57822,0.07502127873778075,3942.514086612505,0.7195084456589824,0.8873490920140795,0.00014729995746165514,-1
93,59,pdp_aware_greedy,-352.13338389758894,352.13338389758894,1,5.170055862164303,27115.80275318011,0.023114343252150414,1253.5379812583615,0.98956611654709,0.2833603510930049,0.00031849998049438,-1
93,59,local_search,-100.0,1.7773137022268132e+16,0,101.58891190697392,1.3690637921817843e+18,0.13068445258044656,24577.538588244162,0.9460160043068487,5.539173357853173,0.014915800071321428,-1
93,59,beam_search,-0.3143357400560472,0.3143357400560472,1,2.7237164855953413,34.044470278616934,0.00034011683960132554,661.7624951289424,0.9460160043068487,0.14990535977905095,0.031852099928073585,-1
93,59,simulated_annealing,-100.0,1.7773137022268132e+16,0,101.58891190697392,1.3690637921817843e+18,0.13068445258044656,24577.538588244162,0.9460160043068487,5.539173357853173,0.010776599985547364,-1
93,59,block_beam_strong,-0.3143357400560472,0.3143357400560472,1,2.7237164855953413,34.044470278616934,0.00034011683960132554,661.7624951289424,0.9460160043068487,0.14990535977905095,0.2722380000632256,-1
93,59,block_lns_strong,-0.3143357400560472,0.3143357400560472,1,2.7237164855953413,34.044470278616934,0.00034011683960132554,661.7624951289424,0.9460160043068487,0.14990535977905095,0.07442690001334995,-1
93,59,hybrid_heuristic,-0.3143357400560472,0.3143357400560472,1,2.7237164855953413,34.044470278616934,0.00034011683960132554,661.7624951289424,0.9460160043068487,0.14990535977905095,0.01394599990453571,-1
93,60,autoreg_rl_pure,-0.23053036392460438,0.23053036392460438,1,2.2597992272877523,31.16249880133403,3.856459209251105e-05,614.1599807369445,0.9059372982539463,0.10292872453595445,0.02627780009061098,16
93,60,random,-100.0,1.5802720885607276e+16,0,144.87483059659323,1.2172827427894784e+18,0.13028384973177679,39190.14083172787,0.8956925300199038,6.527684063341687,0.024274000083096325,-1
93,60,latency_greedy,-3099.9210111104276,3099.9210111104276,1,12.275863821957204,238723.00039481797,0.030530015472662236,3323.3890495332503,0.9612281447344185,0.5535155957207601,6.280001252889633e-05,-1
93,60,block_balanced,-100.0,490186067.2143474,0,39.19055988215958,37759006212.381935,0.071343149180113,10603.588733711287,0.6780636503127175,1.7633395875691757,0.00012019998393952847,-1
93,60,pdp_aware_greedy,-8.563683819884938,8.563683819884938,1,3.250471389814075,665.4337204974278,0.010474921988492222,882.1146696693352,0.9612281447344185,0.1474741498509213,0.0003394000232219696,-1
93,60,local_search,-8.563683819884938,8.563683819884938,1,3.250471389814075,665.4337204974278,0.010474921988492222,882.1146696693352,0.9612281447344185,0.1474741498509213,0.012524700025096536,-1
93,60,beam_search,-0.21914014741412524,0.21914014741412524,1,2.1563027095467246,31.082344155465428,2.97842902460797e-05,586.1507531989091,0.9612281447344185,0.09824804983091784,0.031492299982346594,-1
93,60,simulated_annealing,-8.563683819884938,8.563683819884938,1,3.250471389814075,665.4337204974278,0.010474921988492222,882.1146696693352,0.9612281447344185,0.1474741498509213,0.006868100026622415,-1
93,60,block_beam_strong,-0.22240535305559792,0.22240535305559792,1,2.185380976226706,31.10987303863659,3.280240996690299e-05,594.0234734272109,0.9492891104378046,0.09944161493708309,0.3531183999730274,-1
93,60,block_lns_strong,-0.21470160899181615,0.21470160899181615,1,2.1119173575199053,31.08234390745772,2.978426304380036e-05,574.1445595963075,0.9612281447344185,0.09586218449678331,0.07608479994814843,-1
93,60,hybrid_heuristic,-0.21470160899181615,0.21470160899181615,1,2.1119173575199053,31.08234390745772,2.978426304380036e-05,574.1445595963075,0.9612281447344185,0.09586218449678331,0.013066100073046982,-1
93,61,autoreg_rl_pure,-0.2669825543234575,0.2669825543234575,1,1.9621631399015205,36.26309825971439,0.0005553506556490633,483.27319746900673,0.9720968228464723,0.1046645560779205,0.02899820008315146,16
93,61,random,-100.0,1996303.983336855,0,95.11832668760589,153774486.95018217,0.05258058300037769,23286.270462499022,0.8522280147263208,5.029609055167538,0.025309600052423775,-1
93,61,latency_greedy,-203138.5762923401,203138.5762923401,1,7.291478273779649,15647728.289293082,0.04478998549141441,1787.7906702577247,0.9733277105012905,0.3857182528675069,6.10999995842576e-05,-1
93,61,block_balanced,-927026.7213312457,927026.7213312457,1,13.014905464441297,71408749.21356858,0.049965490536419396,3188.831815666649,0.6952340789294932,0.686549765119861,7.409998215734959e-05,-1
93,61,pdp_aware_greedy,-0.9100903033989556,0.9100903033989556,1,2.065748682079353,85.00373482412682,0.003459638952501058,508.6291038736995,0.9720968228464723,0.11004330374374711,0.00031459995079785585,-1
93,61,local_search,-0.9100903033989556,0.9100903033989556,1,2.065748682079353,85.00373482412682,0.003459638952501058,508.6291038736995,0.9720968228464723,0.11004330374374711,0.012400700012221932,-1
93,61,beam_search,-0.2669825543234575,0.2669825543234575,1,1.9621631399015205,36.26309825971439,0.0005553506556490633,483.27319746900673,0.9720968228464723,0.1046645560779205,0.03299820004031062,-1
93,61,simulated_annealing,-0.9100903033989556,0.9100903033989556,1,2.065748682079353,85.00373482412682,0.003459638952501058,508.6291038736995,0.9720968228464723,0.11004330374374711,0.0066284999484196305,-1
93,61,block_beam_strong,-0.2669825543234575,0.2669825543234575,1,1.9621631399015205,36.26309825971439,0.0005553506556490633,483.27319746900673,0.9720968228464723,0.1046645560779205,0.3437980000162497,-1
93,61,block_lns_strong,-0.2669825543234575,0.2669825543234575,1,1.9621631399015205,36.26309825971439,0.0005553506556490633,483.27319746900673,0.9720968228464723,0.1046645560779205,0.05049549997784197,-1
93,61,hybrid_heuristic,-0.2669825543234575,0.2669825543234575,1,1.9621631399015205,36.26309825971439,0.0005553506556490633,483.27319746900673,0.9720968228464723,0.1046645560779205,0.012635700055398047,-1
93,62,autoreg_rl_pure,-0.9689863395733644,0.9689863395733644,1,3.7748617628454033,76.37520443354055,0.0030947268878391753,1029.4166130767119,0.9576542651839394,0.2484843989096005,0.028617399977520108,16
93,62,random,-100.0,60193696672941.28,0,141.04907386375655,4636717228322007.0,0.11129328360057521,38354.48387932093,0.9590535017411334,9.305792801816354,0.025410399888642132,-1
93,62,latency_greedy,-55.55923777452318,55.55923777452318,1,4.454890415364291,4276.221089354466,0.016817370263652556,1214.2130013850967,0.9780787577334819,0.2959595554264118,6.310001481324434e-05,-1
93,62,block_balanced,-36.96707438666221,36.96707438666221,1,6.854759276934535,2825.5815631537002,0.015404744951805532,1866.8020448175503,0.7661234121471515,0.45390704511435565,7.100007496774197e-05,-1
93,62,pdp_aware_greedy,-55.55923777452318,55.55923777452318,1,4.454890415364291,4276.221089354466,0.016817370263652556,1214.2130013850967,0.9780787577334819,0.2959595554264118,0.0003011999651789665,-1
93,62,local_search,-22.77560533891888,22.77560533891888,1,7.146768996909136,1730.1641137636884,0.01373253396226115,1946.1974356914584,0.8694033402075394,0.4735489432927172,0.018098699976690114,-1
93,62,beam_search,-0.8650121806007157,0.8650121806007157,1,3.5609292188605846,70.01400178054469,0.0027982521906242796,971.2534286708603,0.9590631372953508,0.23440205551824955,0.032142800046131015,-1
93,62,simulated_annealing,-22.77560533891888,22.77560533891888,1,7.146768996909136,1730.1641137636884,0.01373253396226115,1946.1974356914584,0.8694033402075394,0.4735489432927172,0.006418800097890198,-1
93,62,block_beam_strong,-0.8650121806007157,0.8650121806007157,1,3.5609292188605846,70.01400178054469,0.0027982521906242796,971.2534286708603,0.9590631372953508,0.23440205551824955,0.31150589999742806,-1
93,62,block_lns_strong,-0.8637774801264568,0.8637774801264568,1,3.517717077513302,70.25175576237294,0.0028098095983692104,959.4814894883297,0.9590535017411334,0.2315575691124262,0.07141179998870939,-1
93,62,hybrid_heuristic,-0.8637774801264568,0.8637774801264568,1,3.517717077513302,70.25175576237294,0.0028098095983692104,959.4814894883297,0.9590535017411334,0.2315575691124262,0.013087300001643598,-1
93,63,autoreg_rl_pure,-0.4402746418924597,0.4402746418924597,1,3.0628331592922637,41.1333232169111,0.000984972372406906,804.1949621079358,0.9715649302386973,0.1417492677296156,0.026151999947614968,16
93,63,random,-100.0,7.486176576476896e+23,0,223.00877603616752,5.766597804255251e+25,0.19053673474320137,58338.065351643934,0.944169297288653,10.333631870619937,0.02384959999471903,-1
93,63,latency_greedy,-4156.729340191357,4156.729340191357,1,8.933527155294126,320154.6353402225,0.03153061969370881,2339.826011572668,0.9750067932296679,0.4163749432163029,6.370001938194036e-05,-1
93,63,block_balanced,-190696593.49094263,190696593.49094263,1,17.340238117541563,14689348272.473803,0.06812450826772472,4538.922789871039,0.705468295570603,0.8052826437781727,6.81999372318387e-05,-1
93,63,pdp_aware_greedy,-1.5288019875240082,1.5288019875240082,1,3.5425056483306454,121.2876116936273,0.004671509451206953,929.6348664008506,0.9715649302386973,0.16408704753718398,0.0002938000252470374,-1
93,63,local_search,-1.5288019875240082,1.5288019875240082,1,3.5425056483306454,121.2876116936273,0.004671509451206953,929.6348664008506,0.9715649302386973,0.16408704753718398,0.012668400071561337,-1
93,63,beam_search,-0.43891564231416325,0.43891564231416325,1,3.0169769356841942,41.38186979690029,0.0010055104158033232,792.1987866233053,0.944169297288653,0.1398344649399571,0.03065149998292327,-1
93,63,simulated_annealing,-1.5288019875240082,1.5288019875240082,1,3.5425056483306454,121.2876116936273,0.004671509451206953,929.6348664008506,0.9715649302386973,0.16408704753718398,0.007190899923443794,-1
93,63,block_beam_strong,-0.43098033012135717,0.43098033012135717,1,3.010714833751693,40.81885006164375,0.0009588080726086677,790.5555919317223,0.9750067932296679,0.13974688810997207,0.3541701000649482,-1
93,63,block_lns_strong,-0.43098033012135717,0.43098033012135717,1,3.010714833751693,40.81885006164375,0.0009588080726086677,790.5555919317223,0.9750067932296679,0.13974688810997207,0.07514839991927147,-1
93,63,hybrid_heuristic,-0.43098033012135717,0.43098033012135717,1,3.010714833751693,40.81885006164375,0.0009588080726086677,790.5555919317223,0.9750067932296679,0.13974688810997207,0.01336270000319928,-1
94,0,autoreg_rl_pure,-0.2658984336392606,0.2658984336392606,1,2.6088501906815638,31.19816161561601,4.246391171688808e-05,769.7679324795677,0.9914032660595721,0.1563873027706021,0.02697369991801679,16
94,0,random,-100.0,85278387738.95296,0,119.41646698014898,6568989635704.67,0.08893089833733551,35104.945117919175,0.8946359889803738,7.105438625068258,0.02546140004415065,-1
94,0,latency_greedy,-154.362308310688,154.362308310688,1,5.450687262828563,11879.345699113319,0.02030066871145587,1605.032585562251,0.8946359889803738,0.3244028320953631,6.57000346109271e-05,-1
94,0,block_balanced,-900.7227006630899,900.7227006630899,1,7.982419923554425,69351.94479384423,0.026315856648256353,2349.302631122798,0.7139589072364494,0.4755320906892373,7.349997758865356e-05,-1
94,0,pdp_aware_greedy,-0.8579810919566622,0.8579810919566622,1,3.229866157514092,72.02257438620867,0.0028946795278109627,952.3562105016063,0.9914032660595721,0.1934451159841743,0.0003899000585079193,-1
94,0,local_search,-0.6775308978428491,0.6775308978428491,1,3.2050040957226593,58.31401793450469,0.0021748686166357264,945.0368697697485,0.9914032660595721,0.1919693523709429,0.018190699978731573,-1
94,0,beam_search,-0.26736114544445233,0.26736114544445233,1,2.6234658997697107,31.198249498802777,4.2473515228543394e-05,774.070055937349,0.8895272266508959,0.1568545834745762,0.03151030000299215,-1
94,0,simulated_annealing,-0.6775308978428491,0.6775308978428491,1,3.2050040957226593,58.31401793450469,0.0021748686166357264,945.0368697697485,0.9914032660595721,0.1919693523709429,0.00705229991581291,-1
94,0,block_beam_strong,-0.26800552727411103,0.26800552727411103,1,2.632177923180075,31.180777526968974,4.0563718180052366e-05,776.6268268111259,0.8946359889803738,0.1575296041350924,0.3417550000594929,-1
94,0,block_lns_strong,-0.2598348219817284,0.2598348219817284,1,2.548196804380792,31.19829464421858,4.2478448522595186e-05,751.9410383684624,0.8895272266508959,0.1526464948025554,0.0727269999915734,-1
94,0,hybrid_heuristic,-0.2598348219817284,0.2598348219817284,1,2.548196804380792,31.19829464421858,4.2478448522595186e-05,751.9410383684624,0.8895272266508959,0.1526464948025554,0.01189279998652637,-1
94,1,autoreg_rl_pure,-0.23486124805448252,0.23486124805448252,1,2.3486117584078494,30.81198412254108,6.154792826240537e-10,600.8413486075755,0.9742325723269886,0.1305947986145025,0.028608000022359192,16
94,1,random,-100.0,4177059447282.85,0,115.51254372208196,321758665332157.1,0.102197644491091,29415.115335455295,0.9742325723269886,6.369533166287963,0.025534599903039634,-1
94,1,latency_greedy,-907.3036665287107,907.3036665287107,1,7.486134964431651,69862.69912211201,0.02634087236584443,1908.9516689348202,0.9500384530945996,0.41380797776500644,6.410002242773771e-05,-1
94,1,block_balanced,-171086.84947463596,171086.84947463596,1,14.980693717756939,13178726.260518644,0.04420454940754489,3817.272774708461,0.8190105115253673,0.8263236307364712,7.030006963759661e-05,-1
94,1,pdp_aware_greedy,-1.734754432323342,1.734754432323342,1,3.1631482463427583,140.0743055115795,0.005162464322461676,808.2419491052283,0.9742325723269886,0.17560967495803947,0.0003079000161960721,-1
94,1,local_search,-1.734754432323342,1.734754432323342,1,3.1631482463427583,140.0743055115795,0.005162464322461676,808.2419491052283,0.9742325723269886,0.17560967495803947,0.013181700021959841,-1
94,1,beam_search,-0.23486124805448252,0.23486124805448252,1,2.3486117584078494,30.81198412254108,6.154792826240537e-10,600.8413486075755,0.9742325723269886,0.1305947986145025,0.029587400029413402,-1
94,1,simulated_annealing,-1.734754432323342,1.734754432323342,1,3.1631482463427583,140.0743055115795,0.005162464322461676,808.2419491052283,0.9742325723269886,0.17560967495803947,0.007134299958124757,-1
94,1,block_beam_strong,-0.2543055749112969,0.2543055749112969,1,2.538263862627563,30.848890435836307,4.081693690202628e-06,649.1313403801175,0.9742325723269886,0.14115869429649697,0.18703370005823672,-1
94,1,block_lns_strong,-0.23486124805448252,0.23486124805448252,1,2.3486117584078494,30.81198412254108,6.154792826240537e-10,600.8413486075755,0.9742325723269886,0.1305947986145025,0.06987619993742555,-1
94,1,hybrid_heuristic,-0.23486124805448252,0.23486124805448252,1,2.3486117584078494,30.81198412254108,6.154792826240537e-10,600.8413486075755,0.9742325723269886,0.1305947986145025,0.013357799965888262,-1
94,2,autoreg_rl_pure,-0.26309244114768515,0.26309244114768515,1,2.582766304413072,31.18294020050775,4.080017010367913e-05,646.5018903568684,0.9878771209537514,0.1539549874150936,0.02688080002553761,16
94,2,random,-100.0,255944671421545.25,0,107.39916420371189,1.9715404320917704e+16,0.11622775402538384,26771.065532982324,0.9085089203897799,6.42826716859564,0.02504209999460727,-1
94,2,latency_greedy,-518.9421915026262,518.9421915026262,1,5.9302254084126735,39959.22068007205,0.02443624017036013,1480.793464638399,0.9190962152296671,0.3553050885761565,6.440002471208572e-05,-1
94,2,block_balanced,-925.64808853294,925.64808853294,1,9.807470791658739,71257.88772839856,0.02640828488853711,2447.1827030420827,0.7331204498285935,0.5866293894473772,7.189996540546417e-05,-1
94,2,pdp_aware_greedy,-0.3274805065195271,0.3274805065195271,1,2.6465429283783277,35.65147843232772,0.0004973598715593178,662.3797517681874,0.9085089203897799,0.15917882538734304,0.0002975000534206629,-1
94,2,local_search,-0.3217473117215792,0.3217473117215792,1,2.589266737922024,35.65104893242557,0.0004973187999209649,648.1010100149431,0.9190962152296671,0.15575659955765825,0.019138599978759885,-1
94,2,beam_search,-0.25381126776118834,0.25381126776118834,1,2.48524597860681,31.21921045899339,4.476327003937664e-05,622.1937556697178,0.9190962152296671,0.1481419409514761,0.030567399924620986,-1
94,2,simulated_annealing,-0.3217473117215792,0.3217473117215792,1,2.589266737922024,35.65104893242557,0.0004973187999209649,648.1010100149431,0.9190962152296671,0.15575659955765825,0.007298200041987002,-1
94,2,block_beam_strong,-0.25381126776118834,0.25381126776118834,1,2.48524597860681,31.21921045899339,4.476327003937664e-05,622.1937556697178,0.9190962152296671,0.1481419409514761,0.3324712000321597,-1
94,2,block_lns_strong,-0.25381126776118834,0.25381126776118834,1,2.48524597860681,31.21921045899339,4.476327003937664e-05,622.1937556697178,0.9190962152296671,0.1481419409514761,0.07664910005405545,-1
94,2,hybrid_heuristic,-0.25381126776118834,0.25381126776118834,1,2.48524597860681,31.21921045899339,4.476327003937664e-05,622.1937556697178,0.9190962152296671,0.1481419409514761,0.01262009993661195,-1
94,3,autoreg_rl_pure,-0.21409646112928687,0.21409646112928687,1,2.1409646010605266,30.811978638743504,8.72105304474697e-12,560.8179463281342,0.9385855214948173,0.14419684047939876,0.027620499953627586,16
94,3,random,-100.0,2680.18121102756,0,53.020682016024985,206076.60897641195,0.030028670882422562,13823.56144645328,0.9062553194110148,3.5467263203591584,0.023608500021509826,-1
94,3,latency_greedy,-8.710313683134839,8.710313683134839,1,3.7934922186124855,672.5457244705467,0.01051116552111478,991.5633063735662,0.9776482157163087,0.2551562425622449,6.3000014051795e-05,-1
94,3,block_balanced,-120.50003348426942,120.50003348426942,1,7.068744936309977,9258.472594672668,0.019450881443876248,1845.3363097968142,0.7300109611626358,0.47384771277574456,6.959994789212942e-05,-1
94,3,pdp_aware_greedy,-1.2364600436107571,1.2364600436107571,1,2.9429096084951323,103.38721250458019,0.004127115051030706,769.8458870503871,0.9972315061691138,0.19674092401283122,0.00030690000858157873,-1
94,3,local_search,-1.2364600436107571,1.2364600436107571,1,2.9429096084951323,103.38721250458019,0.004127115051030706,769.8458870503871,0.9972315061691138,0.19674092401283122,0.012570700026117265,-1
94,3,beam_search,-0.19355004254423727,0.19355004254423727,1,1.9354572980038156,30.812310770351868,3.675743677383581e-08,507.2478395582662,0.9972315061691138,0.12903002352686857,0.03309279994573444,-1
94,3,simulated_annealing,-1.2364600436107571,1.2364600436107571,1,2.9429096084951323,103.38721250458019,0.004127115051030706,769.8458870503871,0.9972315061691138,0.19674092401283122,0.006630899966694415,-1
94,3,block_beam_strong,-0.19631143691192696,0.19631143691192696,1,1.9630712416807126,30.812310770351868,3.675743677383581e-08,514.452087936728,0.9972315061691138,0.13087094649942627,0.30118210008367896,-1
94,3,block_lns_strong,-0.19355004254423727,0.19355004254423727,1,1.9354572980038156,30.812310770351868,3.675743677383581e-08,507.2478395582662,0.9972315061691138,0.12903002352686857,0.06751240009907633,-1
94,3,hybrid_heuristic,-0.19355004254423727,0.19355004254423727,1,1.9354572980038156,30.812310770351868,3.675743677383581e-08,507.2478395582662,0.9972315061691138,0.12903002352686857,0.013490999932400882,-1
94,4,autoreg_rl_pure,-0.327350689563028,0.327350689563028,1,2.576073883476864,36.18430131428736,0.0005479346400598953,702.2047033690828,0.991561273716053,0.15420437731876235,0.026614399976097047,16
94,4,random,-100.0,30300554570579.082,0,135.31537209151082,2334050094455200.0,0.10895319560035126,36742.56283623185,0.7942401441082589,8.049523436628524,0.02301390003412962,-1
94,4,latency_greedy,-100.0,3742849.929263964,0,22.19986578134909,288311389.2402656,0.0547234560667929,6030.27378118182,0.991561273716053,1.3191727255793946,0.00011079991236329079,-1
94,4,block_balanced,-100.0,1426123075.854332,0,30.84437489418086,109854183885.80869,0.07498394746051217,8377.396136619283,0.6928412694983976,1.8318669494342101,0.0001221999991685152,-1
94,4,pdp_aware_greedy,-5.957580312706506,5.957580312706506,1,3.8995305120157187,459.6860080877674,0.00921387059512284,1061.522488665609,0.991561273716053,0.23123487903364265,0.0003576000453904271,-1
94,4,local_search,-5.957580312706506,5.957580312706506,1,3.8995305120157187,459.6860080877674,0.00921387059512284,1061.522488665609,0.991561273716053,0.23123487903364265,0.012517799972556531,-1
94,4,beam_search,-0.327350689563028,0.327350689563028,1,2.576073883476864,36.18430131428736,0.0005479346400598953,702.2047033690828,0.991561273716053,0.15420437731876235,0.03318759996909648,-1
94,4,simulated_annealing,-5.957580312706506,5.957580312706506,1,3.8995305120157187,459.6860080877674,0.00921387059512284,1061.522488665609,0.991561273716053,0.23123487903364265,0.007022500038146973,-1
94,4,block_beam_strong,-0.33896884490869095,0.33896884490869095,1,2.6925514084403535,36.18202144735643,0.0005477198288819861,733.8434657257168,0.9266135014596355,0.16103299874146967,0.35366709996014833,-1
94,4,block_lns_strong,-0.327350689563028,0.327350689563028,1,2.576073883476864,36.18430131428736,0.0005479346400598953,702.2047033690828,0.991561273716053,0.15420437731876235,0.06678250001277775,-1
94,4,hybrid_heuristic,-0.327350689563028,0.327350689563028,1,2.576073883476864,36.18430131428736,0.0005479346400598953,702.2047033690828,0.991561273716053,0.15420437731876235,0.013211100012995303,-1
94,5,autoreg_rl_pure,-0.30321001528590225,0.30321001528590225,1,2.6061797612648596,34.09284105343225,0.00034495724800799485,739.8388635159583,0.964504193097576,0.133086076974526,0.026338699972257018,16
94,5,random,-100.0,6283700962546.966,0,97.5137398702043,484033148336704.2,0.10358980132467586,27579.49730946278,0.9854304844913823,4.989456540465393,0.02410440007224679,-1
94,5,latency_greedy,-7.568014609984035,7.568014609984035,1,3.976385934401237,583.1456587807812,0.010024899173992761,1127.2844079225772,0.9854304844913823,0.20410933758672148,6.2700011767447e-05,-1
94,5,block_balanced,-568.0380207431625,568.0380207431625,1,7.887443971938846,43725.99333082065,0.024743353107886716,2233.3501277308565,0.7155214903610766,0.40311312088973733,6.810005288571119e-05,-1
94,5,pdp_aware_greedy,-5.303745115322301,5.303745115322301,1,3.4951499651929665,412.43605906364144,0.008844099111161576,991.1934509671426,0.9854304844913823,0.17953340987714494,0.00030700000934302807,-1
94,5,local_search,-5.150847092371215,5.150847092371215,1,3.494742562450238,400.661470772226,0.008745353607031065,991.0792034935732,0.9854304844913823,0.17951226157437256,0.01930499996524304,-1
94,5,beam_search,-0.29839545887068786,0.29839545887068786,1,2.520515225791076,34.38184948842044,0.00037373566498429,715.6154901627339,0.964504193097576,0.1285118872240687,0.0319823999889195,-1
94,5,simulated_annealing,-5.150847092371215,5.150847092371215,1,3.494742562450238,400.661470772226,0.008745353607031065,991.0792034935732,0.9854304844913823,0.17951226157437256,0.007421900052577257,-1
94,5,block_beam_strong,-0.37448347512727354,0.37448347512727354,1,2.827666476501203,37.876920864449524,0.0007037922423907833,802.4749136555191,0.964504193097576,0.1443267731492009,0.3285840000025928,-1
94,5,block_lns_strong,-0.29839545887068786,0.29839545887068786,1,2.520515225791076,34.38184948842044,0.00037373566498429,715.6154901627339,0.964504193097576,0.1285118872240687,0.07084270007908344,-1
94,5,hybrid_heuristic,-0.29839545887068786,0.29839545887068786,1,2.520515225791076,34.38184948842044,0.00037373566498429,715.6154901627339,0.964504193097576,0.1285118872240687,0.012846999918110669,-1
94,6,autoreg_rl_pure,-0.2917096713623585,0.2917096713623585,1,2.6139448317371157,33.14715588119544,0.00024905441991228996,720.0806260002844,0.9739241521599062,0.1528866364078253,0.03271830000448972,16
94,6,random,-100.0,814885024722.314,0,124.14559915677692,62770549775441.85,0.09662591713244054,34067.05972870263,0.9458691104123274,7.218596638158576,0.02443450002465397,-1
94,6,latency_greedy,-0.5334602069847814,0.5334602069847814,1,2.9611211794041146,49.094889137108865,0.00158818577011629,815.3296703674393,0.9739241521599062,0.17308555372464726,6.440002471208572e-05,-1
94,6,block_balanced,-144.82590116457135,144.82590116457135,1,6.446775697057766,11137.083903931378,0.02008070367267716,1771.8221836848213,0.7304431141199297,0.37523585227953116,6.719992961734533e-05,-1
94,6,pdp_aware_greedy,-0.5334602069847814,0.5334602069847814,1,2.9611211794041146,49.094889137108865,0.00158818577011629,815.3296703674393,0.9739241521599062,0.17308555372464726,0.00029800005722790956,-1
94,6,local_search,-0.5334602069847814,0.5334602069847814,1,2.9611211794041146,49.094889137108865,0.00158818577011629,815.3296703674393,0.9739241521599062,0.17308555372464726,0.013425300014205277,-1
94,6,beam_search,-0.2847844301023387,0.2847844301023387,1,2.5446924416250867,33.1471557079692,0.00024905440209583397,701.0906041046044,0.9653458509050992,0.1487087367344222,0.03146450000349432,-1
94,6,simulated_annealing,-0.5334602069847814,0.5334602069847814,1,2.9611211794041146,49.094889137108865,0.00158818577011629,815.3296703674393,0.9739241521599062,0.17308555372464726,0.007302000070922077,-1
94,6,block_beam_strong,-0.2847844301023387,0.2847844301023387,1,2.5446924416250867,33.1471557079692,0.00024905440209583397,701.0906041046044,0.9653458509050992,0.1487087367344222,0.24725569994188845,-1
94,6,block_lns_strong,-0.2847844301023387,0.2847844301023387,1,2.5446924416250867,33.1471557079692,0.00024905440209583397,701.0906041046044,0.9653458509050992,0.1487087367344222,0.07092920003924519,-1
94,6,hybrid_heuristic,-0.2847844301023387,0.2847844301023387,1,2.5446924416250867,33.1471557079692,0.00024905440209583397,701.0906041046044,0.9653458509050992,0.1487087367344222,0.01275380002334714,-1
94,7,autoreg_rl_pure,-6.686823197144282,6.686823197144282,1,5.837169724757596,500.9339239184842,0.009506825936471458,1596.5506340893146,0.9667126553876354,0.34800350310703787,0.027146099950186908,16
94,7,random,-100.0,2.5656599315075198e+23,0,223.64618691485452,1.9763264700416334e+25,0.18688600677757616,61064.047756570304,0.9667126553876354,13.381529275675943,0.027970300056040287,-1
94,7,latency_greedy,-100.0,822509.1006254931,0,16.84820927054192,63357732.96485015,0.04955766900711481,4602.836521078976,0.984693981784572,1.0050488091891174,6.410002242773771e-05,-1
94,7,block_balanced,-100.0,104809263.50660971,0,27.94977480424596,8073451765.632674,0.06608395396040766,7633.877046896143,0.8440234129582046,1.6727000522609712,7.229996845126152e-05,-1
94,7,pdp_aware_greedy,-28.490063169972952,28.490063169972952,1,4.210560573847042,2192.96609193847,0.01454064905161949,1152.4618227431674,0.984693981784572,0.25191769503212075,0.00029689993243664503,-1
94,7,local_search,-28.490063169972952,28.490063169972952,1,4.210560573847042,2192.96609193847,0.01454064905161949,1152.4618227431674,0.984693981784572,0.25191769503212075,0.01531829999294132,-1
94,7,beam_search,-31.800232267268157,31.800232267268157,1,7.3117035475199845,2424.060152373408,0.014882214073476892,1999.136399072656,0.9667126553876354,0.43587723084324614,0.031622600043192506,-1
94,7,simulated_annealing,-28.490063169972952,28.490063169972952,1,4.210560573847042,2192.96609193847,0.01454064905161949,1152.4618227431674,0.984693981784572,0.25191769503212075,0.007381899980828166,-1
94,7,block_beam_strong,-4.788210432357395,4.788210432357395,1,5.767785153100608,355.2183533965272,0.008334938538717206,1577.6255647871794,0.9565461687873885,0.344577526881729,0.14746370003558695,-1
94,7,block_lns_strong,-4.662858052892126,4.662858052892126,1,5.365266293717753,348.6630669415464,0.008271436362174873,1467.7201938606934,0.9667126553876354,0.32206612525176914,0.08074110001325607,-1
94,7,hybrid_heuristic,-4.662858052892126,4.662858052892126,1,5.365266293717753,348.6630669415464,0.008271436362174873,1467.7201938606934,0.9667126553876354,0.32206612525176914,0.013080699951387942,-1
94,8,autoreg_rl_pure,-0.21011893726449243,0.21011893726449243,1,2.1011893726449244,30.811978559923826,7.770899483672204e-20,557.7465904288415,0.9539234647679378,0.12103601591650914,0.025175899965688586,16
94,8,random,-100.0,46881265.02924814,0,78.59177951695396,3611260757.7781725,0.0633411612865512,20757.772712250495,0.9300179821201667,4.519505082592404,0.026281200000084937,-1
94,8,latency_greedy,-1.0095610373137265,1.0095610373137265,1,4.319554508422151,75.30490592605491,0.00304661334093835,1143.5226932497753,0.9539234647679378,0.24914999087952172,9.749992750585079e-05,-1
94,8,block_balanced,-0.9443598266341546,0.9443598266341546,1,4.175560370263543,71.39164623662924,0.0028646827662411273,1105.544897025329,0.778583359907492,0.2406893449033446,7.290008943527937e-05,-1
94,8,pdp_aware_greedy,-0.7368487890056883,0.7368487890056883,1,3.223734074041113,62.73899498873392,0.002424220612291043,854.2028281201164,0.973229199884365,0.18616218245988245,0.000295399921014905,-1
94,8,local_search,-0.7368487890056883,0.7368487890056883,1,3.223734074041113,62.73899498873392,0.002424220612291043,854.2028281201164,0.973229199884365,0.18616218245988245,0.014899400062859058,-1
94,8,beam_search,-0.21011893726449243,0.21011893726449243,1,2.1011893726449244,30.811978559923826,7.770899483672204e-20,557.7465904288415,0.9539234647679378,0.12103601591650914,0.03250159998424351,-1
94,8,simulated_annealing,-0.7368487890056883,0.7368487890056883,1,3.223734074041113,62.73899498873392,0.002424220612291043,854.2028281201164,0.973229199884365,0.18616218245988245,0.007699499954469502,-1
94,8,block_beam_strong,-0.21228316080587492,0.21228316080587492,1,2.1228316080587493,30.811978559923826,7.915604657925066e-20,563.4682234850733,0.973229199884365,0.12227604874832959,0.33312199998181313,-1
94,8,block_lns_strong,-0.21011893726449243,0.21011893726449243,1,2.1011893726449244,30.811978559923826,7.770899483672204e-20,557.7465904288415,0.9539234647679378,0.12103601591650914,0.0680479999864474,-1
94,8,hybrid_heuristic,-0.21011893726449243,0.21011893726449243,1,2.1011893726449244,30.811978559923826,7.770899483672204e-20,557.7465904288415,0.9539234647679378,0.12103601591650914,0.013532200013287365,-1
94,9,autoreg_rl_pure,-0.2572223142919035,0.2572223142919035,1,2.5718306177730748,30.815002179019217,3.345338515710959e-07,663.700270645013,0.9820844866158714,0.1281581921033086,0.029148299945518374,16
94,9,random,-100.0,73572357.25289494,0,60.83573710138533,5667274297.892758,0.064877526766177,15634.248683808111,0.9983817398005346,3.0370397467257315,0.025302299996837974,-1
94,9,latency_greedy,-0.7668904189800487,0.7668904189800487,1,3.437640838731535,63.40537747355582,0.0024602406045341795,886.12448360218,0.9983817398005346,0.17202849444309465,6.559991743415594e-05,-1
94,9,block_balanced,-0.9438828241636206,0.9438828241636206,1,4.708993987754829,67.2458664655704,0.0026607256533146516,1212.812292304388,0.8117295847627237,0.23510949115431737,6.810005288571119e-05,-1
94,9,pdp_aware_greedy,-1.3685812629211527,1.3685812629211527,1,4.554346582369989,101.15161257391229,0.0040525870440356535,1173.0602903683352,0.9983817398005346,0.22788051497710266,0.0002914000069722533,-1
94,9,local_search,-0.5265358701267165,0.5265358701267165,1,5.258238048730098,30.86682890825003,6.063556353175757e-06,1353.922131555995,0.9740755017152685,0.26259085319556347,0.019549199962057173,-1
94,9,beam_search,-0.24957148391985923,0.24957148391985923,1,2.4953222055102877,30.81500301512031,3.346263534321176e-07,644.0347828811334,0.9820844866158714,0.12456377831851015,0.02926610002759844,-1
94,9,simulated_annealing,-0.5201440505819964,0.5201440505819964,1,5.194202405338492,30.86773360913624,6.163478216229506e-06,1337.4760462350575,0.8319847831671121,0.25930080547163953,0.007619399926625192,-1
94,9,block_beam_strong,-0.2533294873606352,0.2533294873606352,1,2.5296854285200263,30.8397820960771,3.0749528598929506e-06,652.864220072829,0.9820844866158714,0.1262706481228615,0.3902292000129819,-1
94,9,block_lns_strong,-0.24957148391985923,0.24957148391985923,1,2.4953222055102877,30.81500301512031,3.346263534321176e-07,644.0347828811334,0.9820844866158714,0.12456377831851015,0.06655680004041642,-1
94,9,hybrid_heuristic,-0.24957148391985923,0.24957148391985923,1,2.4953222055102877,30.81500301512031,3.346263534321176e-07,644.0347828811334,0.9820844866158714,0.12456377831851015,0.014018399990163743,-1
94,10,autoreg_rl_pure,-0.27031796956561494,0.27031796956561494,1,2.6723320628592453,31.04959771001448,2.6190661900102255e-05,575.3238700129886,0.9675848311553823,0.11972834984349132,0.027259399998001754,16
94,10,random,-100.0,3713181978.750022,0,87.8046128621865,286026208150.30646,0.07824632227609743,18810.532430652605,0.8941435020455241,3.90457056115289,0.023891999968327582,-1
94,10,latency_greedy,-4.682620947816915,4.682620947816915,1,4.303867828362472,358.36134836782367,0.008364970789985642,924.71464497721,0.9513884205734947,0.19229652444812242,6.390002090483904e-05,-1
94,10,block_balanced,-81.2977362806051,81.2977362806051,1,7.9365100854835475,6232.037352032153,0.01810139371046682,1702.8877973357048,0.6795631575524962,0.352751905046773,6.889994256198406e-05,-1
94,10,pdp_aware_greedy,-0.2913252249447867,0.2913252249447867,1,2.7482524399989323,32.08297120770685,0.00013780668125614102,591.6049775296497,0.9675848311553823,0.1229516063715627,0.0003100000321865082,-1
94,10,local_search,-0.27509653062410755,0.27509653062410755,1,2.616482288977649,31.847900521072468,0.0001127355639561136,563.3661598738043,0.9675848311553823,0.11695791478691842,0.018134100013412535,-1
94,10,beam_search,-0.27031796956561494,0.27031796956561494,1,2.6723320628592453,31.04959771001448,2.6190661900102255e-05,575.3238700129886,0.9675848311553823,0.11972834984349132,0.031186599982902408,-1
94,10,simulated_annealing,-0.27509653062410755,0.27509653062410755,1,2.616482288977649,31.847900521072468,0.0001127355639561136,563.3661598738043,0.9675848311553823,0.11695791478691842,0.007463600020855665,-1
94,10,block_beam_strong,-0.2700309060072416,0.2700309060072416,1,2.6688219114910856,31.0545238966741,2.6731508773170612e-05,574.5653613096612,0.9511532178877842,0.11928503486741501,0.35831889999099076,-1
94,10,block_lns_strong,-0.2641812887283563,0.2641812887283563,1,2.6103257384472167,31.054523898638482,2.6731508988823954e-05,562.0167578005913,0.9511532178877842,0.11696246252751355,0.06955789995845407,-1
94,10,hybrid_heuristic,-0.2641812887283563,0.2641812887283563,1,2.6103257384472167,31.054523898638482,2.6731508988823954e-05,562.0167578005913,0.9511532178877842,0.11696246252751355,0.012626999989151955,-1
94,11,autoreg_rl_pure,-0.3103445173129228,0.3103445173129228,1,2.8316654278251936,32.90549648125619,0.00022410851566709433,645.847158175466,0.9849196519594136,0.11456129105541009,0.025035400060005486,16
94,11,random,-100.0,2782198040658.1387,0,86.11059185496842,214312565944919.12,0.10081225621855584,19556.824103194853,0.9077341309439789,3.4605055937443,0.02455440000630915,-1
94,11,latency_greedy,-389.8828848618589,389.8828848618589,1,4.451761342569149,30029.17780791175,0.023462262843504042,1013.7347682670523,0.9784299648020629,0.1794787492695279,7.35999783501029e-05,-1
94,11,block_balanced,-606.3945240908123,606.3945240908123,1,8.12452546618928,46678.76649029478,0.024966133607919175,1847.7812612933544,0.696368739538851,0.3261836410034655,7.599999662488699e-05,-1
94,11,pdp_aware_greedy,-389.8828848618589,389.8828848618589,1,4.451761342569149,30029.17780791175,0.023462262843504042,1013.7347682670523,0.9784299648020629,0.1794787492695279,0.0004110999871045351,-1
94,11,local_search,-100.0,2782198040658.1387,0,86.11059185496842,214312565944919.12,0.10081225621855584,19556.824103194853,0.9077341309439789,3.4605055937443,0.014552100095897913,-1
94,11,beam_search,-0.3366582041819106,0.3366582041819106,1,2.7285401149784927,35.726812102460194,0.0005045561345533085,622.4395575427734,0.9784299648020629,0.11055753475836796,0.03219430008903146,-1
94,11,simulated_annealing,-100.0,2782198040658.1387,0,86.11059185496842,214312565944919.12,0.10081225621855584,19556.824103194853,0.9077341309439789,3.4605055937443,0.010735999909229577,-1
94,11,block_beam_strong,-0.29715865770764416,0.29715865770764416,1,2.7104792165983933,32.82328715814581,0.00021558046866267957,618.3443054477007,0.9417551475790812,0.10941058535268226,0.33046700002159923,-1
94,11,block_lns_strong,-0.28891543567961586,0.28891543567961586,1,2.615297459236026,32.92149677395134,0.0002257658411167554,596.7320403398027,0.8754841350750343,0.10567174066046,0.07209150004200637,-1
94,11,hybrid_heuristic,-0.28891543567961586,0.28891543567961586,1,2.615297459236026,32.92149677395134,0.0002257658411167554,596.7320403398027,0.8754841350750343,0.10567174066046,0.012920500012114644,-1
94,12,autoreg_rl_pure,-0.2191229279811115,0.2191229279811115,1,2.1910685468938973,30.813216684723624,1.3699035668978669e-07,591.9998422418873,0.9964277121804102,0.0893740562023915,0.026065499987453222,16
94,12,random,-100.0,209505133.85706165,0,84.2769179220514,16138168613.12172,0.06844519421711487,22664.953003805713,0.9937651127602295,3.4546105250959407,0.0266527000349015,-1
94,12,latency_greedy,-747965.9342356162,747965.9342356162,1,8.414108119276417,57615741.821201816,0.049233790069046754,2265.3259857013563,0.9937651127602295,0.343712175720699,6.46000262349844e-05,-1
94,12,block_balanced,-1789097.1514597132,1789097.1514597132,1,13.707499772176801,137813982.90417495,0.05220699370131565,3688.7771155664354,0.8303564268170085,0.5613354194477732,6.81999372318387e-05,-1
94,12,pdp_aware_greedy,-0.255508281038056,0.255508281038056,1,2.418652314026718,31.86290194206741,0.00011434103772390443,653.1973482997855,0.9964277121804102,0.09865723651334767,0.0002911000046879053,-1
94,12,local_search,-0.255508281038056,0.255508281038056,1,2.418652314026718,31.86290194206741,0.00011434103772390443,653.1973482997855,0.9964277121804102,0.09865723651334767,0.013750500045716763,-1
94,12,beam_search,-0.2334962818671585,0.2334962818671585,1,2.324063378936602,30.8959368857812,9.276989057076378e-06,627.7622876137164,0.9964277121804102,0.0947989378704993,0.03138169995509088,-1
94,12,simulated_annealing,-0.255508281038056,0.255508281038056,1,2.418652314026718,31.86290194206741,0.00011434103772390443,653.1973482997855,0.9964277121804102,0.09865723651334767,0.00808359996881336,-1
94,12,block_beam_strong,-0.2191229279811115,0.2191229279811115,1,2.1910685468938973,30.813216684723624,1.3699035668978669e-07,591.9998422418873,0.9964277121804102,0.0893740562023915,0.18775140005163848,-1
94,12,block_lns_strong,-0.2191229279811115,0.2191229279811115,1,2.1910685468938973,30.813216684723624,1.3699035668978669e-07,591.9998422418873,0.9964277121804102,0.0893740562023915,0.07372190000023693,-1
94,12,hybrid_heuristic,-0.2191229279811115,0.2191229279811115,1,2.1910685468938973,30.813216684723624,1.3699035668978669e-07,591.9998422418873,0.9964277121804102,0.0893740562023915,0.013993400032632053,-1
94,13,autoreg_rl_pure,-0.38436597132058614,0.38436597132058614,1,2.6479103347053283,40.02282961327399,0.0008916672258335936,678.4087601485752,0.9156235566789994,0.151578819972104,0.025278199929744005,16
94,13,random,-100.0,2.5001824902418115e+18,0,139.31544265615491,1.9258892321306912e+20,0.1475478792264469,35542.35862752431,0.9156235566789994,7.932936974633647,0.02772979997098446,-1
94,13,latency_greedy,-100.0,724078.8127674205,0,18.74968907254143,55775638.51993628,0.0491231317237616,4785.905091611262,0.9992690316067474,1.0674704496530567,0.00012119999155402184,-1
94,13,block_balanced,-100.0,23995.07158605932,0,18.767598522978368,1848225.323401475,0.03750757027932017,4790.516717554216,0.7630196305658329,1.0681815110978974,0.00011449994053691626,-1
94,13,pdp_aware_greedy,-1.5201844983910606,1.5201844983910606,1,3.7213979980994005,119.24580015621308,0.0046136286471317196,952.2377817425884,0.9992690316067474,0.21317549549730835,0.0003133000573143363,-1
94,13,local_search,-1.5201844983910606,1.5201844983910606,1,3.7213979980994005,119.24580015621308,0.0046136286471317196,952.2377817425884,0.9992690316067474,0.21317549549730835,0.013196999905630946,-1
94,13,beam_search,-1.0547932321205122,1.0547932321205122,1,3.897334451466944,82.04149830318578,0.0033387142419250165,997.1319588558546,0.9992690316067474,0.22369166883797292,0.03171270003076643,-1
94,13,simulated_annealing,-1.5201844983910606,1.5201844983910606,1,3.7213979980994005,119.24580015621308,0.0046136286471317196,952.2377817425884,0.9992690316067474,0.21317549549730835,0.006741999997757375,-1
94,13,block_beam_strong,-0.38436597132058614,0.38436597132058614,1,2.6479103347053283,40.02282961327399,0.0008916672258335936,678.4087601485752,0.9156235566789994,0.151578819972104,0.3409688000101596,-1
94,13,block_lns_strong,-0.35973383443179324,0.35973383443179324,1,2.518344501843324,39.12346234507819,0.0008141837524387362,645.3501191094851,0.9992690316067474,0.14433287814437887,0.0693623999832198,-1
94,13,hybrid_heuristic,-0.35973383443179324,0.35973383443179324,1,2.518344501843324,39.12346234507819,0.0008141837524387362,645.3501191094851,0.9992690316067474,0.14433287814437887,0.013502700021490455,-1
94,14,autoreg_rl_pure,-0.4048459571920182,0.4048459571920182,1,2.7193499073426115,41.05010318211174,0.0009780679448132133,610.6539828597347,0.995649259621268,0.15508303198811868,0.027681799954734743,16
94,14,random,-100.0,1.7894536911151094e+18,0,126.62670468498503,1.3784152191153824e+20,0.14640765716411966,28308.17209678182,0.9172866713165421,7.2475702579122405,0.024138899985700846,-1
94,14,latency_greedy,-23557.360942123225,23557.360942123225,1,6.538729363446421,1814602.6948740403,0.037444979376576565,1464.3842113624073,0.995649259621268,0.37589406636564043,0.0001335999695584178,-1
94,14,block_balanced,-1407696.5527529956,1407696.5527529956,1,11.827842782138124,108434729.70792896,0.051389613523455,2646.715039418043,0.6842652478692763,0.6779083886603596,9.270000737160444e-05,-1
94,14,pdp_aware_greedy,-53.93979426793446,53.93979426793446,1,3.9933359943354674,4155.030794075661,0.01671935593396538,895.4270978772538,0.995649259621268,0.22773775896828988,0.0003027999773621559,-1
94,14,local_search,-18.620073035645028,18.620073035645028,1,3.8672140230938634,1435.3260775646481,0.013095610794839415,867.2379786068209,0.995649259621268,0.2205450922034674,0.018467399990186095,-1
94,14,beam_search,-0.4155453782971239,0.4155453782971239,1,2.7875647399435715,41.34882052645463,0.0010027865912281629,625.906493685604,0.995649259621268,0.15897328643376918,0.030459900037385523,-1
94,14,simulated_annealing,-18.620073035645028,18.620073035645028,1,3.8672140230938634,1435.3260775646481,0.013095610794839415,867.2379786068209,0.995649259621268,0.2205450922034674,0.007226999965496361,-1
94,14,block_beam_strong,-0.5743144050503051,0.5743144050503051,1,3.111436758839058,51.08400572161036,0.0017235877350480853,698.311163931689,0.995649259621268,0.17847578856636023,0.3587221000343561,-1
94,14,block_lns_strong,-0.4048459571920182,0.4048459571920182,1,2.7193499073426115,41.05010318211174,0.0009780679448132133,610.6539828597347,0.995649259621268,0.15508303198811868,0.07570669997949153,-1
94,14,hybrid_heuristic,-0.4048459571920182,0.4048459571920182,1,2.7193499073426115,41.05010318211174,0.0009780679448132133,610.6539828597347,0.995649259621268,0.15508303198811868,0.012185900006443262,-1
94,15,autoreg_rl_pure,-0.3778214513120053,0.3778214513120053,1,2.6900128288215877,39.194390301293154,0.0008203588052375522,713.9695545925973,0.9718865836758573,0.16353134576052084,0.02736820001155138,16
94,15,random,-100.0,750452664831.8071,0,83.93846560662263,57807328546972.59,0.09634509887883855,22193.590562946007,0.9474868000917106,5.094837854541265,0.025814199936576188,-1
94,15,latency_greedy,-10.375244978382941,10.375244978382941,1,3.82355344948501,800.5637314025913,0.011105207054237627,1013.5987138730707,0.9890718002366065,0.23312590188552348,6.560003384947777e-05,-1
94,15,block_balanced,-70.94258792271265,70.94258792271265,1,7.155968276379909,5440.393338433428,0.017638245779932754,1894.6361070190944,0.8887178446870971,0.4351889795641859,7.229996845126152e-05,-1
94,15,pdp_aware_greedy,-0.6112891625685172,0.6112891625685172,1,3.0112406865435735,54.703979119223455,0.00195699937771402,798.8478705568575,0.9890718002366065,0.18368426004188168,0.0005876000504940748,-1
94,15,local_search,-0.6112891625685172,0.6112891625685172,1,3.0112406865435735,54.703979119223455,0.00195699937771402,798.8478705568575,0.9890718002366065,0.18368426004188168,0.012635099934414029,-1
94,15,beam_search,-0.3778214513120053,0.3778214513120053,1,2.6900128288215877,39.194390301293154,0.0008203588052375522,713.9695545925973,0.9718865836758573,0.16353134576052084,0.027562999981455505,-1
94,15,simulated_annealing,-0.6112891625685172,0.6112891625685172,1,3.0112406865435735,54.703979119223455,0.00195699937771402,798.8478705568575,0.9890718002366065,0.18368426004188168,0.006649599992670119,-1
94,15,block_beam_strong,-0.3778214513120053,0.3778214513120053,1,2.6900128288215877,39.194390301293154,0.0008203588052375522,713.9695545925973,0.9718865836758573,0.16353134576052084,0.2230948000214994,-1
94,15,block_lns_strong,-0.3778214513120053,0.3778214513120053,1,2.6900128288215877,39.194390301293154,0.0008203588052375522,713.9695545925973,0.9718865836758573,0.16353134576052084,0.07032729999627918,-1
94,15,hybrid_heuristic,-0.3778214513120053,0.3778214513120053,1,2.6900128288215877,39.194390301293154,0.0008203588052375522,713.9695545925973,0.9718865836758573,0.16353134576052084,0.013254799996502697,-1
94,16,autoreg_rl_pure,-0.5357367350229613,0.5357367350229613,1,2.698248773642857,51.295154702445394,0.0017376502152352741,822.87106139821,0.9301235035918808,0.16270607542791476,0.029092300101183355,16
94,16,random,-100.0,7.767837663749602e+19,0,125.27029811576769,5.983561188810538e+21,0.15926265521023847,38076.53469142841,0.8769698841671961,7.513172682245948,0.02651470003183931,-1
94,16,latency_greedy,-111197.90616103883,111197.90616103883,1,6.6118624214345125,8565548.632193642,0.0427356714056175,2012.321182535134,0.9764128923703687,0.39819807021418235,6.649992428719997e-05,-1
94,16,block_balanced,-11050128.226239555,11050128.226239555,1,12.691654520470223,851190718.0264874,0.05841425125317591,3860.2127034582436,0.6975926276939106,0.7625981713401949,7.210008334368467e-05,-1
94,16,pdp_aware_greedy,-1506.6960578474723,1506.6960578474723,1,5.1701323432657516,116051.70305362692,0.028071060377820447,1574.1748469057025,0.9788205236966696,0.3107745737138007,0.0003154000733047724,-1
94,16,local_search,-100.0,7.767837663749602e+19,0,125.27029811576769,5.983561188810538e+21,0.15926265521023847,38076.53469142841,0.8769698841671961,7.513172682245948,0.015131399966776371,-1
94,16,beam_search,-0.5514540422337584,0.5514540422337584,1,2.6889502062034607,52.57748484958761,0.0018218293836115217,820.0636468980359,0.9788205236966696,0.16217210277289135,0.032224299968220294,-1
94,16,simulated_annealing,-100.0,7.767837663749602e+19,0,125.27029811576769,5.983561188810538e+21,0.15926265521023847,38076.53469142841,0.8769698841671961,7.513172682245948,0.010686299996450543,-1
94,16,block_beam_strong,-0.5379221335091565,0.5379221335091565,1,2.732342883684442,51.20086908379399,0.0017313779784994886,833.2628737336661,0.9764128923703687,0.16455520504162885,0.36191620002500713,-1
94,16,block_lns_strong,-0.5271937857428023,0.5271937857428023,1,2.6250594060209003,51.20086908379399,0.0017313779784994886,800.6394061753388,0.9764128923703687,0.15832105687282907,0.07346830004826188,-1
94,16,hybrid_heuristic,-0.5271937857428023,0.5271937857428023,1,2.6250594060209003,51.20086908379399,0.0017313779784994886,800.6394061753388,0.9764128923703687,0.15832105687282907,0.01250350009649992,-1
94,17,autoreg_rl_pure,-0.1773475080434528,0.1773475080434528,1,1.7682560490953212,30.85218073035563,4.445295430133027e-06,485.2372924200428,0.9999304030290118,0.10387911490463808,0.02637249999679625,16
94,17,random,-100.0,189675.93553778113,0,68.69088662301453,14610228.834256101,0.04455610045193918,18746.688274649277,0.9999304030290118,4.055688568840012,0.024475900107063353,-1
94,17,latency_greedy,-361.70442200277296,361.70442200277296,1,5.107410555470578,27853.54186187465,0.023205858235894813,1396.3942899884282,0.9999304030290118,0.30052959659609696,6.520003080368042e-05,-1
94,17,block_balanced,-2839564.5227245735,2839564.5227245735,1,11.580140071235707,218731444.59449637,0.05378184421019915,3162.650938348776,0.7142360021635799,0.684994791039089,6.870005745440722e-05,-1
94,17,pdp_aware_greedy,-0.8546008898415776,0.8546008898415776,1,2.318844723439993,78.77979082204371,0.003200407003095512,635.4897486322006,0.9999304030290118,0.13671070247561237,0.00038499990478157997,-1
94,17,local_search,-0.8546008898415776,0.8546008898415776,1,2.318844723439993,78.77979082204371,0.003200407003095512,635.4897486322006,0.9999304030290118,0.13671070247561237,0.01263060001656413,-1
94,17,beam_search,-0.19526972341858148,0.19526972341858148,1,1.8430079113797009,31.656914825562463,9.222963849611892e-05,505.6443713139323,0.9999304030290118,0.10887847217618084,0.030865699984133244,-1
94,17,simulated_annealing,-0.8546008898415776,0.8546008898415776,1,2.318844723439993,78.77979082204371,0.003200407003095512,635.4897486322006,0.9999304030290118,0.13671070247561237,0.007266600034199655,-1
94,17,block_beam_strong,-0.17895217343839226,0.17895217343839226,1,1.784538452285584,30.85036475521684,4.244621618465376e-06,489.68639565099954,0.9999304030290118,0.1048356515062181,0.3625375999836251,-1
94,17,block_lns_strong,-0.17297648133599744,0.17297648133599744,1,1.7245457820207672,30.85218073035563,4.445295430133027e-06,473.31264183548024,0.9785737044254514,0.10131128325023878,0.0717441999586299,-1
94,17,hybrid_heuristic,-0.17297648133599744,0.17297648133599744,1,1.7245457820207672,30.85218073035563,4.445295430133027e-06,473.31264183548024,0.9785737044254514,0.10131128325023878,0.012075799982994795,-1
94,18,autoreg_rl_pure,-0.29862690882804516,0.29862690882804516,1,2.8657728838460685,31.74016017681993,0.000101182768707884,809.0001564356199,0.9989153321455789,0.15869276840759822,0.027887300006113946,16
94,18,random,-100.0,430198.06495150283,0,112.85292336919922,33137295.3910308,0.04734803124844559,31747.056053215718,0.9317536540610329,6.230027426650993,0.023675300064496696,-1
94,18,latency_greedy,-0.3222288327712929,0.3222288327712929,1,2.6822055888366405,34.97223300263411,0.00043177956211499553,757.2693146082228,0.9989153321455789,0.14795913725252258,6.130000110715628e-05,-1
94,18,block_balanced,-0.5596704983683604,0.5596704983683604,1,4.481049868775213,39.405863930130494,0.0008387037833065859,1263.3149685195722,0.6655383243293093,0.24839193761146644,6.779993418604136e-05,-1
94,18,pdp_aware_greedy,-0.324392139095246,0.324392139095246,1,2.7148105420089204,34.887716593291685,0.00042353064644415876,766.4461960212598,0.9409650883110121,0.1509595229869036,0.0003208999987691641,-1
94,18,local_search,-0.3222288327712929,0.3222288327712929,1,2.6822055888366405,34.97223300263411,0.00043177956211499553,757.2693146082228,0.9989153321455789,0.14795913725252258,0.013432700070552528,-1
94,18,beam_search,-0.31625436450323896,0.31625436450323896,1,2.633432885115493,34.88771590751993,0.0004235305794308687,743.5519586281856,0.9409650883110121,0.14594088383391077,0.032107000006362796,-1
94,18,simulated_annealing,-0.3222288327712929,0.3222288327712929,1,2.6822055888366405,34.97223300263411,0.00043177956211499553,757.2693146082228,0.9989153321455789,0.14795913725252258,0.006676599965430796,-1
94,18,block_beam_strong,-0.29081608733100817,0.29081608733100817,1,2.7876405009211025,31.740346342444642,0.00010120276470155578,787.0113817931178,0.9317536540610329,0.15426314248807863,0.352987700025551,-1
94,18,block_lns_strong,-0.28705301486319346,0.28705301486319346,1,2.7502730770519834,31.738318137723997,0.00010098490952180121,776.506351602337,0.9317536540610329,0.15232672969924801,0.07441530004143715,-1
94,18,hybrid_heuristic,-0.28705301486319346,0.28705301486319346,1,2.7502730770519834,31.738318137723997,0.00010098490952180121,776.506351602337,0.9317536540610329,0.15232672969924801,0.011996799963526428,-1
94,19,autoreg_rl_pure,-0.34305439950473315,0.34305439950473315,1,2.4261358682854786,38.548928976723694,0.0007637477817231624,638.8895507928349,0.9888929892616679,0.14021054839776845,0.027835600078105927,16
94,19,random,-100.0,9116580471.00512,0,95.39115585695386,702249704327.0894,0.08130849473007999,25013.03000163238,0.8704595757798066,5.4568531439062395,0.02446280000731349,-1
94,19,latency_greedy,-3089.8325472670363,3089.8325472670363,1,4.809715446575726,238003.39826662195,0.03051972329085273,1263.7863170380315,0.9227896468933973,0.2744512220227529,0.00015829992480576038,-1
94,19,block_balanced,-775.8927349103169,775.8927349103169,1,7.135705855186105,59742.82145674831,0.02580738935974351,1873.662692796195,0.6790329500056588,0.4084379254447573,0.00017689995002001524,-1
94,19,pdp_aware_greedy,-2.034155435209511,2.034155435209511,1,3.202693838030151,162.83252923514743,0.005675718348664455,842.452530590444,0.9888929892616679,0.18462144909884615,0.00031420006416738033,-1
94,19,local_search,-1.3967689970891688,1.3967689970891688,1,4.48335737478439,103.86974171153501,0.004142989518342952,1178.2383202195342,0.820257463905242,0.25745624045213245,0.018950499943457544,-1
94,19,beam_search,-0.34805146124127073,0.34805146124127073,1,2.468971153209107,38.603892404276955,0.0007686052050147586,650.0876018392948,0.9888929892616679,0.14267381016488723,0.03063789999578148,-1
94,19,simulated_annealing,-1.3967689970891688,1.3967689970891688,1,4.48335737478439,103.86974171153501,0.004142989518342952,1178.2383202195342,0.820257463905242,0.25745624045213245,0.00636810006108135,-1
94,19,block_beam_strong,-0.33870411039037857,0.33870411039037857,1,2.4245620953727394,38.22594920373266,0.0007350635889233171,638.459261170374,0.9227896468933973,0.1397084496035609,0.3633414999349043,-1
94,19,block_lns_strong,-0.32721717077317936,0.32721717077317936,1,2.3096926992000406,38.225949203738104,0.0007350635889238032,608.3325492700423,0.9888929892616679,0.1335627324846456,0.0668446000199765,-1
94,19,hybrid_heuristic,-0.32721717077317936,0.32721717077317936,1,2.3096926992000406,38.225949203738104,0.0007350635889238032,608.3325492700423,0.9888929892616679,0.1335627324846456,0.015961700002662838,-1
94,20,autoreg_rl_pure,-0.5981421113232959,0.5981421113232959,1,4.113875973710573,45.19766875958726,0.0013062118712037702,1211.538576425789,0.9874772600547932,0.2765956975838646,0.024291499983519316,9
94,20,random,-100.0,36.25310713348085,0,63.515707877389005,2334.125720544384,0.014753323784040378,18663.76491964891,0.9874772600547932,4.256385480623132,0.027465800056234002,-1
94,20,latency_greedy,-31174.341890117146,31174.341890117146,1,13.83745546513387,2401282.106978343,0.03840002301785674,4068.2888704751194,0.9874772600547932,0.927390587786118,0.00012919993605464697,-1
94,20,block_balanced,-8669.937270706148,8669.937270706148,1,12.86368262417913,667776.5263524613,0.0340368993555924,3782.2138829743712,0.836504204269824,0.8620916508074141,8.260004688054323e-05,-1
94,20,pdp_aware_greedy,-1.8424394460851712,1.8424394460851712,1,4.591051722742661,137.37014352459732,0.005096005246544123,1351.718708404751,0.9737210563310268,0.30858647808368195,0.0002948999172076583,-1
94,20,local_search,-1.8424394460851712,1.8424394460851712,1,4.591051722742661,137.37014352459732,0.005096005246544123,1351.718708404751,0.9737210563310268,0.30858647808368195,0.013942599995061755,-1
94,20,beam_search,-0.5981421113232959,0.5981421113232959,1,4.113875973710573,45.19766875958726,0.0013062118712037702,1211.538576425789,0.9874772600547932,0.2765956975838646,0.03221030009444803,-1
94,20,simulated_annealing,-1.5400079825865165,1.5400079825865165,1,4.365779075184511,115.80913809835475,0.004513931603794684,1285.536404350846,0.8855829863577018,0.2933524367619916,0.0077145000686869025,-1
94,20,block_beam_strong,-0.5047080926869519,0.5047080926869519,1,3.8995782723477124,39.65118535706923,0.0008598620534283607,1148.553357918803,0.9387051074456777,0.2621262386441551,0.33029039995744824,-1
94,20,block_lns_strong,-0.48455191990691343,0.48455191990691343,1,3.698016153632803,39.65118836828171,0.0008598623123325607,1089.3268644748923,0.9737210563310268,0.24872294801055297,0.07717619999311864,-1
94,20,hybrid_heuristic,-0.48455191990691343,0.48455191990691343,1,3.698016153632803,39.65118836828171,0.0008598623123325607,1089.3268644748923,0.9737210563310268,0.24872294801055297,0.013511299970559776,-1
94,21,autoreg_rl_pure,-0.2579064166136624,0.2579064166136624,1,2.5676499188397983,30.899902445670694,9.714540540345156e-06,736.2743114498384,0.9889048344324725,0.13948805281286286,0.025777400005608797,16
94,21,random,-100.0,248036878.62923974,0,83.50137640096207,19106266853.58773,0.06902076859390578,23854.58390726735,0.9889048344324725,4.50706740394797,0.02662000001873821,-1
94,21,latency_greedy,-12.803507545571131,12.803507545571131,1,4.028033780034656,986.0375559075561,0.011815612652927751,1153.3729562212586,0.9889048344324725,0.21881096681521564,6.679992657154799e-05,-1
94,21,block_balanced,-47.999041711040306,47.999041711040306,1,6.402894092333592,3678.8541299299704,0.01630439183325928,1831.8199247349762,0.8776053280327474,0.34680930851071634,7.499998901039362e-05,-1
94,21,pdp_aware_greedy,-1.1394862079163424,1.1394862079163424,1,3.2587991818549535,93.4840274484389,0.0037838392321365814,933.7383542141256,0.9889048344324725,0.17531690699872812,0.0003026999766007066,-1
94,21,local_search,-1.1394862079163424,1.1394862079163424,1,3.2587991818549535,93.4840274484389,0.0037838392321365814,933.7383542141256,0.9889048344324725,0.17531690699872812,0.012702600099146366,-1
94,21,beam_search,-0.2552182760115204,0.2552182760115204,1,2.5409726246173063,30.898330173577598,9.541066084715771e-06,728.6648551424255,0.9889048344324725,0.13804572465447207,0.030576899996958673,-1
94,21,simulated_annealing,-1.1394862079163424,1.1394862079163424,1,3.2587991818549535,93.4840274484389,0.0037838392321365814,933.7383542141256,0.9889048344324725,0.17531690699872812,0.006805200013332069,-1
94,21,block_beam_strong,-0.3447807556387471,0.3447807556387471,1,2.7351585839649784,36.30150977468222,0.0005589599350685645,784.1337438891233,0.9221091631536968,0.1484682838687017,0.2393479000311345,-1
94,21,block_lns_strong,-0.2552182760115204,0.2552182760115204,1,2.5409726246173063,30.898330173577598,9.541066084715771e-06,728.6648551424255,0.9889048344324725,0.13804572465447207,0.06956029997672886,-1
94,21,hybrid_heuristic,-0.2552182760115204,0.2552182760115204,1,2.5409726246173063,30.898330173577598,9.541066084715771e-06,728.6648551424255,0.9889048344324725,0.13804572465447207,0.013843900058418512,-1
94,22,autoreg_rl_pure,-0.27322982496966586,0.27322982496966586,1,2.5302206252068347,32.36858141822903,0.00016802199236415946,569.6869984307583,0.9617747049759788,0.11210923633794705,0.025175699964165688,16
94,22,random,-100.0,8.881692978462665e+20,0,157.35334473228556,6.84156334070544e+22,0.1675694892295274,35261.14746739391,0.9617747049759788,6.928661077535957,0.023620599997229874,-1
94,22,latency_greedy,-191.99366740189276,191.99366740189276,1,4.1357464125627335,14788.216255182297,0.021047386256070975,929.4366434082863,0.9970352154379702,0.1826610233565601,6.340001709759235e-05,-1
94,22,block_balanced,-41937.26992153181,41937.26992153181,1,12.737474326698338,3230358.349492036,0.03941116183856341,2856.8756597562588,0.7213310287319842,0.5601094408041182,6.770004983991385e-05,-1
94,22,pdp_aware_greedy,-2982.9198354093937,2982.9198354093937,1,5.197165861368877,229764.93327430106,0.030399622939663865,1167.3132065454874,0.9970352154379702,0.22926565432644797,0.00029989995528012514,-1
94,22,local_search,-100.0,8.881692978462665e+20,0,157.35334473228556,6.84156334070544e+22,0.1675694892295274,35261.14746739391,0.9617747049759788,6.928661077535957,0.01574639999307692,-1
94,22,beam_search,-0.2700165697988418,0.2700165697988418,1,2.49277399990497,32.40951569863718,0.0001723306591985098,561.295410645464,0.9617747049759788,0.11046358116111811,0.0322808000491932,-1
94,22,simulated_annealing,-100.0,8.881692978462665e+20,0,157.35334473228556,6.84156334070544e+22,0.1675694892295274,35261.14746739391,0.9617747049759788,6.928661077535957,0.010423999978229403,-1
94,22,block_beam_strong,-0.2801191360256142,0.2801191360256142,1,2.5990944929953583,32.36872964519059,0.0001680376042882788,585.1211833253616,0.9970352154379702,0.1150656108434869,0.274569800007157,-1
94,22,block_lns_strong,-0.2700165697988418,0.2700165697988418,1,2.49277399990497,32.40951569863718,0.0001723306591985098,561.295410645464,0.9617747049759788,0.11046358116111811,0.07650269998703152,-1
94,22,hybrid_heuristic,-0.2700165697988418,0.2700165697988418,1,2.49277399990497,32.40951569863718,0.0001723306591985098,561.295410645464,0.9617747049759788,0.11046358116111811,0.013022099970839918,-1
94,23,autoreg_rl_pure,-0.2899994983711554,0.2899994983711554,1,2.5456959961960557,33.54114176170639,0.0002893372487994361,653.9741302803119,0.999862214727766,0.11929444255890038,0.025577699998393655,16
94,23,random,-100.0,9.738098909410972e+19,0,172.77752506871616,7.501252370279712e+21,0.16003332128281328,44194.805239501584,0.9538182384483028,8.04996903223905,0.026696400018408895,-1
94,23,latency_greedy,-13141.997661418225,13141.997661418225,1,11.98510247083198,1012265.866243936,0.035455107123637794,3068.2852558366994,0.999862214727766,0.5591157874916304,9.77999297901988e-05,-1
94,23,block_balanced,-99628.1548005117,99628.1548005117,1,12.222873367552017,7674288.083445869,0.0423610923420018,3129.143707401203,0.7948485320402523,0.570017719402248,7.419998291879892e-05,-1
94,23,pdp_aware_greedy,-20.11652064238404,20.11652064238404,1,4.754806867881024,1543.7602335759966,0.013343900550539377,1219.011650968443,0.9538182384483028,0.22233470199841945,0.00029340002220124006,-1
94,23,local_search,-11.410463100790022,11.410463100790022,1,6.384528382173439,860.5793517040956,0.011351657841235886,1635.853745291448,0.9447722111355609,0.29827050070948247,0.018937099957838655,-1
94,23,beam_search,-0.2899994983711554,0.2899994983711554,1,2.5456959961960557,33.54114176170639,0.0002893372487994361,653.9741302803119,0.999862214727766,0.11929444255890038,0.03215420001652092,-1
94,23,simulated_annealing,-11.242727930882179,11.242727930882179,1,6.224431513571844,848.8919458774474,0.011305040558007433,1594.9089813053092,0.9538182384483028,0.29067290233015625,0.007703999988734722,-1
94,23,block_beam_strong,-0.5588418043532339,0.5588418043532339,1,3.235014583396426,48.94023279906341,0.001577429287698804,830.2954295248763,0.999862214727766,0.15144620832178504,0.3550800000084564,-1
94,23,block_lns_strong,-0.2899994983711554,0.2899994983711554,1,2.5456959961960557,33.54114176170639,0.0002893372487994361,653.9741302803119,0.999862214727766,0.11929444255890038,0.06626460002735257,-1
94,23,hybrid_heuristic,-0.2899994983711554,0.2899994983711554,1,2.5456959961960557,33.54114176170639,0.0002893372487994361,653.9741302803119,0.999862214727766,0.11929444255890038,0.014231499982997775,-1
94,24,autoreg_rl_pure,-0.45519899217935234,0.45519899217935234,1,2.7141806942908877,44.968613188684174,0.001288890530134455,801.2325519537242,0.9892916310986903,0.17702092150660315,0.024891599896363914,16
94,24,random,-100.0,4.926653378694286e+16,0,129.32533187530845,3.7949984569126144e+18,0.13416033708968553,38047.306572463276,0.9482313838009782,8.38695685143417,0.02626900002360344,-1
94,24,latency_greedy,-1272.0888370712346,1272.0888370712346,1,5.85993563776524,97974.60786114486,0.02749378731060724,1726.634843027446,0.9582305200693071,0.38130343003711664,6.329989992082119e-05,-1
94,24,block_balanced,-1786933.9445593297,1786933.9445593297,1,14.68890051862374,137647343.63286203,0.052202868922566086,4323.929533028288,0.7733660074113693,0.9523300501346503,7.180008105933666e-05,-1
94,24,pdp_aware_greedy,-171.68547102156575,171.68547102156575,1,4.114277312629982,13224.042352890607,0.02066625657113761,1213.1144230797154,0.9582305200693071,0.26765687780885716,0.0003068000078201294,-1
94,24,local_search,-100.0,4.926653378694286e+16,0,129.32533187530845,3.7949984569126144e+18,0.13416033708968553,38047.306572463276,0.9482313838009782,8.38695685143417,0.016584599972702563,-1
94,24,beam_search,-0.5683141956188831,0.5683141956188831,1,3.8450446543444405,44.97083222379462,0.0012890587579674582,1133.9162347659735,0.9892916310986903,0.24990934094103404,0.030661399941891432,-1
94,24,simulated_annealing,-100.0,4.926653378694286e+16,0,129.32533187530845,3.7949984569126144e+18,0.13416033708968553,38047.306572463276,0.9482313838009782,8.38695685143417,0.01135799998883158,-1
94,24,block_beam_strong,-0.3745904606623568,0.3745904606623568,1,2.6268247377730853,39.432244791389685,0.0008409853684005255,775.5383535940499,0.9892916310986903,0.1713364902619625,0.2560474000638351,-1
94,24,block_lns_strong,-0.3657999845230218,0.3657999845230218,1,2.538884775247487,39.43251594552272,0.0008410088116128213,749.6665060624312,0.9582305200693071,0.16564437143049898,0.07046019996050745,-1
94,24,hybrid_heuristic,-0.3657999845230218,0.3657999845230218,1,2.538884775247487,39.43251594552272,0.0008410088116128213,749.6665060624312,0.9582305200693071,0.16564437143049898,0.013684300007298589,-1
94,25,autoreg_rl_pure,-0.24256432332139083,0.24256432332139083,1,2.4245263277197693,30.820582076958544,9.518087568704277e-07,678.2085109874743,0.9844925829139713,0.16397391062104227,0.02648939995560795,16
94,25,random,-100.0,82468.13667104728,0,79.95596931573202,6351931.059038427,0.041716353733682016,22272.622106299106,0.9243298276489893,5.384522244551438,0.026615999988280237,-1
94,25,latency_greedy,-3419.5999205565004,3419.5999205565004,1,9.548949778655983,263368.85505885776,0.030864976098747735,2662.527649179193,0.9544761855003393,0.6409073260832189,6.420002318918705e-05,-1
94,25,block_balanced,-7022.709544060373,7022.709544060373,1,14.702811849198467,540876.4960580945,0.03331836513284978,4098.018266605819,0.7922827094134194,0.9875599835865814,7.029995322227478e-05,-1
94,25,pdp_aware_greedy,-0.42202893005312986,0.42202893005312986,1,2.950242901193711,40.59513916654838,0.0009400722366560724,824.6333998933769,0.9844925829139713,0.19955344293257551,0.000291600008495152,-1
94,25,local_search,-0.42202893005312986,0.42202893005312986,1,2.950242901193711,40.59513916654838,0.0009400722366560724,824.6333998933769,0.9844925829139713,0.19955344293257551,0.013780799927189946,-1
94,25,beam_search,-0.24256432332139083,0.24256432332139083,1,2.4245263277197693,30.820582076958544,9.518087568704277e-07,678.2085109874743,0.9844925829139713,0.16397391062104227,0.029975400073453784,-1
94,25,simulated_annealing,-0.42202893005312986,0.42202893005312986,1,2.950242901193711,40.59513916654838,0.0009400722366560724,824.6333998933769,0.9844925829139713,0.19955344293257551,0.0069339999463409185,-1
94,25,block_beam_strong,-0.34419189156803714,0.34419189156803714,1,2.799015487085895,35.76426022441246,0.0005081277291137357,782.5128763497884,0.9844925829139713,0.18935758967293118,0.2265094000613317,-1
94,25,block_lns_strong,-0.24256432332139083,0.24256432332139083,1,2.4245263277197693,30.820582076958544,9.518087568704277e-07,678.2085109874743,0.9844925829139713,0.16397391062104227,0.07201619993429631,-1
94,25,hybrid_heuristic,-0.24256432332139083,0.24256432332139083,1,2.4245263277197693,30.820582076958544,9.518087568704277e-07,678.2085109874743,0.9844925829139713,0.16397391062104227,0.013655100017786026,-1
94,26,autoreg_rl_pure,-0.1728898224981074,0.1728898224981074,1,1.589161581994491,31.888369171858407,0.00011706484743317202,485.6236503469184,0.9436268199574889,0.08480624541436414,0.026259400066919625,16
94,26,random,-100.0,8.592072073744437e+16,0,122.51438227807732,6.618468513038344e+18,0.1360564720748545,37226.38729894315,0.8057611489531993,6.477250725944783,0.023512499989010394,-1
94,26,latency_greedy,-14.309437236038743,14.309437236038743,1,4.197417264271157,1100.734479174983,0.012190757126472296,1278.0420588442053,0.9764591177339083,0.22362692440796356,9.109999518841505e-05,-1
94,26,block_balanced,-2004.9867306454541,2004.9867306454541,1,8.584372873834486,154408.70699427393,0.02904461929961577,2611.03267786533,0.6258035145931871,0.4551455492892833,7.409998215734959e-05,-1
94,26,pdp_aware_greedy,-0.25697610909344604,0.25697610909344604,1,2.444674279769354,31.77552159586095,0.00010497882503065798,745.5478775198964,0.9764591177339083,0.1291096285935968,0.00030369998421519995,-1
94,26,local_search,-0.2511213598517081,0.2511213598517081,1,2.3861267873519743,31.77552159586095,0.00010497882503065798,727.7413268954641,0.9764591177339083,0.12636531484983832,0.01836159999947995,-1
94,26,beam_search,-0.2448994144290086,0.2448994144290086,1,2.3239073331249793,31.77552159586095,0.00010497882503065798,708.8191232702553,0.9764591177339083,0.1234274179497116,0.03146520000882447,-1
94,26,simulated_annealing,-0.2511213598517081,0.2511213598517081,1,2.3861267873519743,31.77552159586095,0.00010497882503065798,727.7413268954641,0.9764591177339083,0.12636531484983832,0.006748400046490133,-1
94,26,block_beam_strong,-0.1728898224981074,0.1728898224981074,1,1.589161581994491,31.888369171858407,0.00011706484743317202,485.6236503469184,0.9436268199574889,0.08480624541436414,0.4152892999118194,-1
94,26,block_lns_strong,-0.1728898224981074,0.1728898224981074,1,1.589161581994491,31.888369171858407,0.00011706484743317202,485.6236503469184,0.9436268199574889,0.08480624541436414,0.05893060006201267,-1
94,26,hybrid_heuristic,-0.1728898224981074,0.1728898224981074,1,1.589161581994491,31.888369171858407,0.00011706484743317202,485.6236503469184,0.9436268199574889,0.08480624541436414,0.012768300017341971,-1
94,27,autoreg_rl_pure,-0.33601481792376153,0.33601481792376153,1,2.729960863838045,35.666308072630706,0.000498777677037282,707.4180258690245,0.9914770118787859,0.14879192522272314,0.029144200030714273,16
94,27,random,-100.0,12460076428264.39,0,98.58290718743712,959799019406008.0,0.10592364668342015,25446.83961984331,0.9199229060262826,5.350806093829979,0.026923999888822436,-1
94,27,latency_greedy,-6514.2269156418315,6514.2269156418315,1,8.655673699592903,501754.6875185336,0.03306240281369495,2236.767562161837,0.9914770118787859,0.4715129444429045,6.84000551700592e-05,-1
94,27,block_balanced,-1123.1874186333766,1123.1874186333766,1,9.112870477324647,86479.68224038773,0.027068321718149838,2354.81087521306,0.8457605453660768,0.49604998581054977,7.339997682720423e-05,-1
94,27,pdp_aware_greedy,-1.6002263409535458,1.6002263409535458,1,4.691270695796903,117.94049480671558,0.004576104503194454,1213.5995567388209,0.9665834804183735,0.2544544478735815,0.00030289997812360525,-1
94,27,local_search,-1.6002263409535458,1.6002263409535458,1,4.691270695796903,117.94049480671558,0.004576104503194454,1213.5995567388209,0.9665834804183735,0.2544544478735815,0.013469700003042817,-1
94,27,beam_search,-0.33601481792376153,0.33601481792376153,1,2.729960863838045,35.666308072630706,0.000498777677037282,707.4180258690245,0.9914770118787859,0.14879192522272314,0.031841799966059625,-1
94,27,simulated_annealing,-1.6002263409535458,1.6002263409535458,1,4.691270695796903,117.94049480671558,0.004576104503194454,1213.5995567388209,0.9665834804183735,0.2544544478735815,0.007780499989166856,-1
94,27,block_beam_strong,-0.4866548727152364,0.4866548727152364,1,4.019135893384618,37.33959507628784,0.000655082510239363,1040.140644243976,0.9914770118787859,0.2193893292285487,0.33583840006031096,-1
94,27,block_lns_strong,-0.33601481792376153,0.33601481792376153,1,2.729960863838045,35.666308072630706,0.000498777677037282,707.4180258690245,0.9914770118787859,0.14879192522272314,0.0650193999754265,-1
94,27,hybrid_heuristic,-0.33601481792376153,0.33601481792376153,1,2.729960863838045,35.666308072630706,0.000498777677037282,707.4180258690245,0.9914770118787859,0.14879192522272314,0.013709699967876077,-1
94,28,autoreg_rl_pure,-0.26699935578832684,0.26699935578832684,1,2.665060466484814,30.84997813652466,4.201896905684523e-06,630.387964631795,0.9821805606443754,0.15737598146120432,0.028994000051170588,16
94,28,random,-100.0,44407352481.95677,0,102.72356311776188,3420695980682.1133,0.0867063335763041,24189.792377723883,0.9561314587078108,6.031309709362208,0.026464700000360608,-1
94,28,latency_greedy,-85.76236852789326,85.76236852789326,1,6.6944360684322035,6585.5154242314275,0.01828947750559233,1579.0960557836283,0.9821805606443754,0.3937389921401178,9.970006067305803e-05,-1
94,28,block_balanced,-264.92417361432103,264.92417361432103,1,6.72158679490523,20386.130525031593,0.02214182526038373,1585.5366243099465,0.7689711331464434,0.3950685862516006,7.509998977184296e-05,-1
94,28,pdp_aware_greedy,-0.27114301957700454,0.27114301957700454,1,2.7061633197518824,30.85254927766118,4.486020202552839e-06,640.061711648475,0.9821805606443754,0.15994652748714525,0.00029509991873055696,-1
94,28,local_search,-0.26699935578832684,0.26699935578832684,1,2.665060466484814,30.84997813652466,4.201896905684523e-06,630.387964631795,0.9821805606443754,0.15737598146120432,0.019086600048467517,-1
94,28,beam_search,-0.26699935578832684,0.26699935578832684,1,2.665060466484814,30.84997813652466,4.201896905684523e-06,630.387964631795,0.9821805606443754,0.15737598146120432,0.02979669999331236,-1
94,28,simulated_annealing,-0.26699935578832684,0.26699935578832684,1,2.665060466484814,30.84997813652466,4.201896905684523e-06,630.387964631795,0.9821805606443754,0.15737598146120432,0.00795899995137006,-1
94,28,block_beam_strong,-0.26699935578832684,0.26699935578832684,1,2.665060466484814,30.84997813652466,4.201896905684523e-06,630.387964631795,0.9821805606443754,0.15737598146120432,0.35051550006028265,-1
94,28,block_lns_strong,-0.26699935578832684,0.26699935578832684,1,2.665060466484814,30.84997813652466,4.201896905684523e-06,630.387964631795,0.9821805606443754,0.15737598146120432,0.07215819996781647,-1
94,28,hybrid_heuristic,-0.26699935578832684,0.26699935578832684,1,2.665060466484814,30.84997813652466,4.201896905684523e-06,630.387964631795,0.9821805606443754,0.15737598146120432,0.013342599966563284,-1
94,29,autoreg_rl_pure,-0.1844612323191452,0.1844612323191452,1,1.8446123231914493,30.811978559923848,2.310130546547415e-18,475.89465079388754,0.9794567356723171,0.11825570545769018,0.02857580001000315,16
94,29,random,-100.0,917301538.7370565,0,81.50454256923008,70659687764.36122,0.07347953537263335,20908.423381887318,0.7854947421944645,5.247268523659516,0.02639200002886355,-1
94,29,latency_greedy,-9268.86158387463,9268.86158387463,1,4.422780645564872,713976.65431607,0.03426496428498214,1137.178940217164,0.9794567356723171,0.2837954744308078,6.410002242773771e-05,-1
94,29,block_balanced,-246.2477567485201,246.2477567485201,1,7.625520979888153,18940.52413473663,0.0218910742679211,1958.6921080136035,0.688006485971364,0.49142575212814865,6.839993875473738e-05,-1
94,29,pdp_aware_greedy,-0.19003942339542623,0.19003942339542623,1,1.9003942339542597,30.811978559923848,2.310130546547415e-18,490.2109632735487,0.9794567356723171,0.12183181146440984,0.0003081000177189708,-1
94,29,local_search,-0.1844612323191452,0.1844612323191452,1,1.8446123231914493,30.811978559923848,2.310130546547415e-18,475.89465079388754,0.9794567356723171,0.11825570545769018,0.019390300032682717,-1
94,29,beam_search,-0.18247522197498087,0.18247522197498087,1,1.824752219749807,30.81197855992384,1.890107444361021e-18,470.8060922434776,0.9620585224728438,0.11698249996435879,0.03384399996139109,-1
94,29,simulated_annealing,-0.1844612323191452,0.1844612323191452,1,1.8446123231914493,30.811978559923848,2.310130546547415e-18,475.89465079388754,0.9794567356723171,0.11825570545769018,0.006825399934314191,-1
94,29,block_beam_strong,-0.1844612323191452,0.1844612323191452,1,1.8446123231914493,30.811978559923848,2.310130546547415e-18,475.89465079388754,0.9794567356723171,0.11825570545769018,0.35345100006088614,-1
94,29,block_lns_strong,-0.18247522197498087,0.18247522197498087,1,1.824752219749807,30.81197855992384,1.890107444361021e-18,470.8060922434776,0.9620585224728438,0.11698249996435879,0.06023649999406189,-1
94,29,hybrid_heuristic,-0.18247522197498087,0.18247522197498087,1,1.824752219749807,30.81197855992384,1.890107444361021e-18,470.8060922434776,0.9620585224728438,0.11698249996435879,0.01225269993301481,-1
94,30,autoreg_rl_pure,-0.1849661891301252,0.1849661891301252,1,1.6908824771747963,32.03505553587923,0.00013271124472564734,513.2219341277909,0.9844550214591402,0.11459168209820007,0.02764970005955547,16
94,30,random,-100.0,1.131868526778559e+23,0,196.2750285559932,8.718777194938381e+24,0.18409609290579376,59247.8631557277,0.8860095193132261,13.224951294843773,0.025547900004312396,-1
94,30,latency_greedy,-153.1585406424457,153.1585406424457,1,5.1448655939938535,11788.975282826614,0.020274634476203677,1555.715476942898,0.9844550214591402,0.3449270353545955,6.230000872164965e-05,-1
94,30,block_balanced,-140.59290387165873,140.59290387165873,1,7.364401833258176,10803.947880139121,0.0199771699548845,2225.749887693227,0.6702871253013033,0.4946537546921798,7.339997682720423e-05,-1
94,30,pdp_aware_greedy,-0.37431817525938726,0.37431817525938726,1,2.7979592195546448,38.093022665514226,0.0007231877717062301,847.3134602969423,0.9844550214591402,0.18773721612798117,0.00030519999563694,-1
94,30,local_search,-0.37431817525938726,0.37431817525938726,1,2.7979592195546448,38.093022665514226,0.0007231877717062301,847.3134602969423,0.9844550214591402,0.18773721612798117,0.012730699963867664,-1
94,30,beam_search,-0.1849661891301252,0.1849661891301252,1,1.6908824771747963,32.03505553587923,0.00013271124472564734,513.2219341277909,0.9844550214591402,0.11459168209820007,0.033175099990330637,-1
94,30,simulated_annealing,-0.37431817525938726,0.37431817525938726,1,2.7979592195546448,38.093022665514226,0.0007231877717062301,847.3134602969423,0.9844550214591402,0.18773721612798117,0.007042800076305866,-1
94,30,block_beam_strong,-0.1956303580259727,0.1956303580259727,1,1.7539829762613444,32.37045308808108,0.00016821911972560727,532.278648157376,0.9844550214591402,0.11897586531780588,0.3468550000106916,-1
94,30,block_lns_strong,-0.1849661891301252,0.1849661891301252,1,1.6908824771747963,32.03505553587923,0.00013271124472564734,513.2219341277909,0.9844550214591402,0.11459168209820007,0.050158699974417686,-1
94,30,hybrid_heuristic,-0.1849661891301252,0.1849661891301252,1,1.6908824771747963,32.03505553587923,0.00013271124472564734,513.2219341277909,0.9844550214591402,0.11459168209820007,0.013028900022618473,-1
94,31,autoreg_rl_pure,-0.22441911798575623,0.22441911798575623,1,2.244025429671672,30.813255332717315,1.4126641412174903e-07,468.3383357751131,0.9801883423044913,0.10541569156796587,0.02967509999871254,16
94,31,random,-100.0,8241807882162.443,0,97.63246433425597,634866019399779.6,0.10451458592626606,20256.68272103392,0.9065581741699366,4.607945741003857,0.0256139999255538,-1
94,31,latency_greedy,-0.8906263483658696,0.8906263483658696,1,2.747538007330787,78.25260789319188,0.0031775163814303543,572.7780396754603,0.9801883423044913,0.1297593034270159,6.560003384947777e-05,-1
94,31,block_balanced,-0.8834620394078556,0.8834620394078556,1,4.549026568978732,63.823884823803255,0.0024826691716683794,946.5378813659681,0.7948925873578992,0.21518167190408297,7.499998901039362e-05,-1
94,31,pdp_aware_greedy,-0.38180193092135273,0.38180193092135273,1,2.4829842173419245,41.095746716797265,0.00098185653446515,517.9160281040813,0.9273746852508824,0.1166410571656222,0.00045659998431801796,-1
94,31,local_search,-0.38180193092135273,0.38180193092135273,1,2.4829842173419245,41.095746716797265,0.00098185653446515,517.9160281040813,0.9273746852508824,0.1166410571656222,0.01304119999986142,-1
94,31,beam_search,-0.2833384612971674,0.2833384612971674,1,2.7671143312585507,31.322458184750044,5.60195608951918e-05,576.9213825257092,0.9881844309612576,0.1315054644865934,0.03204209997784346,-1
94,31,simulated_annealing,-0.38180193092135273,0.38180193092135273,1,2.4829842173419245,41.095746716797265,0.00098185653446515,517.9160281040813,0.9273746852508824,0.1166410571656222,0.007118400069884956,-1
94,31,block_beam_strong,-0.22630762834422247,0.22630762834422247,1,2.262923578815959,30.813154842841453,1.3014809022844475e-07,472.26448687340246,0.9273746852508824,0.1063034539948342,0.26965830009430647,-1
94,31,block_lns_strong,-0.22630762834422247,0.22630762834422247,1,2.262923578815959,30.813154842841453,1.3014809022844475e-07,472.26448687340246,0.9273746852508824,0.1063034539948342,0.07161629991605878,-1
94,31,hybrid_heuristic,-0.22630762834422247,0.22630762834422247,1,2.262923578815959,30.813154842841453,1.3014809022844475e-07,472.26448687340246,0.9273746852508824,0.1063034539948342,0.013711099978536367,-1
94,32,autoreg_rl_pure,-0.568251993715502,0.568251993715502,1,3.12580859830919,50.506312299031784,0.0016848143546274862,886.7426605093975,0.9958326519861623,0.19203267934241053,0.02673549996688962,16
94,32,random,-100.0,6039265402258998.0,0,112.794552067299,4.6520429023023405e+17,0.12700453048067906,31897.806904734625,0.8948361136708616,6.926358361180985,0.024699000059626997,-1
94,32,latency_greedy,-8368.88705688984,8368.88705688984,1,6.609486901210756,644634.8205546712,0.03391665788198605,1871.8025742280365,0.9958326519861623,0.40474271738494466,6.43999082967639e-05,-1
94,32,block_balanced,-1923.1102222864913,1923.1102222864913,1,9.084424010281477,148097.91205275568,0.02890235494962159,2571.6783532395602,0.7456967613923847,0.557519259235158,6.930006202310324e-05,-1
94,32,pdp_aware_greedy,-63.930440368191896,63.930440368191896,1,4.770758723831777,4918.621244559648,0.01729451853123586,1351.9249091559577,0.9791882834967296,0.2942597916723167,0.0002976999385282397,-1
94,32,local_search,-36.78953469391927,36.78953469391927,1,8.551101510057329,2798.838775008555,0.015372324723509176,2420.890895586666,0.9791882834967296,0.5270784322656668,0.018829100066795945,-1
94,32,beam_search,-0.568251993715502,0.568251993715502,1,3.12580859830919,50.506312299031784,0.0016848143546274862,886.7426605093975,0.9958326519861623,0.19203267934241053,0.03263529995456338,-1
94,32,simulated_annealing,-36.78953469391927,36.78953469391927,1,8.551101510057329,2798.838775008555,0.015372324723509176,2420.890895586666,0.9791882834967296,0.5270784322656668,0.006881500012241304,-1
94,32,block_beam_strong,-0.4918365085852525,0.4918365085852525,1,4.200953785810973,36.338193958805675,0.0005624033449330697,1190.774180016265,0.9791882834967296,0.2585838609034514,0.3499842999735847,-1
94,32,block_lns_strong,-0.4918365085852525,0.4918365085852525,1,4.200953785810973,36.338193958805675,0.0005624033449330697,1190.774180016265,0.9791882834967296,0.2585838609034514,0.08624760003294796,-1
94,32,hybrid_heuristic,-0.4918365085852525,0.4918365085852525,1,4.200953785810973,36.338193958805675,0.0005624033449330697,1190.774180016265,0.9791882834967296,0.2585838609034514,0.018174099968746305,-1
94,33,autoreg_rl_pure,-0.4213850106923774,0.4213850106923774,1,2.8150123982143302,41.587217932315916,0.0010223860156018262,677.895507203497,0.9987533187891416,0.12331432839468756,0.027560000075027347,16
94,33,random,-100.0,1.423706707326789e+19,0,144.1484536491783,1.0966805135443191e+21,0.15347815136154785,34571.65691380773,0.9520339448028317,6.34020243799156,0.02723029989283532,-1
94,33,latency_greedy,-30296.83934401046,30296.83934401046,1,8.496194583033324,2333729.276589994,0.03830274026031262,2040.2907160276247,0.9520339448028317,0.3740883716236824,6.900005973875523e-05,-1
94,33,block_balanced,-1581.927368327838,1581.927368327838,1,8.739658431646168,121819.27082719085,0.02823641649530876,2098.6889892530794,0.8046246187370232,0.38473980288246706,7.099995855242014e-05,-1
94,33,pdp_aware_greedy,-157268.26135488247,157268.26135488247,1,8.500320037970221,12114331.076616708,0.043917443571436954,2041.2800592462083,0.9520339448028317,0.37409707675769344,0.00031180004589259624,-1
94,33,local_search,-100.0,1.423706707326789e+19,0,144.1484536491783,1.0966805135443191e+21,0.15347815136154785,34571.65691380773,0.9520339448028317,6.34020243799156,0.015979699906893075,-1
94,33,beam_search,-0.47424511762039967,0.47424511762039967,1,2.9765023811744586,44.41507266251719,0.0012466644665936077,716.5935685674378,0.9987533187891416,0.13163739758188833,0.027942800079472363,-1
94,33,simulated_annealing,-100.0,1.423706707326789e+19,0,144.1484536491783,1.0966805135443191e+21,0.15347815136154785,34571.65691380773,0.9520339448028317,6.34020243799156,0.011100600007921457,-1
94,33,block_beam_strong,-0.45455285273565255,0.45455285273565255,1,3.1001229585268186,41.94592990921768,0.0010516661847611193,746.2483187140867,0.9987533187891416,0.1370671014778304,0.4144576999824494,-1
94,33,block_lns_strong,-0.45455285273565255,0.45455285273565255,1,3.1001229585268186,41.94592990921768,0.0010516661847611193,746.2483187140867,0.9987533187891416,0.1370671014778304,0.07206409994978458,-1
94,33,hybrid_heuristic,-0.45455285273565255,0.45455285273565255,1,3.1001229585268186,41.94592990921768,0.0010516661847611193,746.2483187140867,0.9987533187891416,0.1370671014778304,0.014286000048741698,-1
94,34,autoreg_rl_pure,-0.6923195768982391,0.6923195768982391,1,2.834656230539732,62.30597670989784,0.002400609001551502,858.2067812792966,0.9333010976239109,0.18977062506780648,0.02882010000757873,16
94,34,random,-100.0,9.368613869758257e+18,0,125.39579568566002,7.216638242279909e+20,0.15205145187796842,37846.52920063991,0.9939817218885098,8.332015542504434,0.023559900000691414,-1
94,34,latency_greedy,-20250014.44980413,20250014.44980413,1,10.993960603719172,1559857473.7893403,0.060479256470700966,3320.627134056893,0.9939817218885098,0.7315700519896116,6.130000110715628e-05,-1
94,34,block_balanced,-100.0,4584839.556880719,0,15.954678642776415,353169853.2314229,0.055415212271542204,4817.79815870499,0.6666436411599364,1.0604542416594727,6.790005136281252e-05,-1
94,34,pdp_aware_greedy,-14.685009039496773,14.685009039496773,1,4.45997877649564,1127.6422451433043,0.01227309393310512,1348.7687928049597,0.9497884293079658,0.2977175587541896,0.00030969991348683834,-1
94,34,local_search,-14.685009039496773,14.685009039496773,1,4.45997877649564,1127.6422451433043,0.01227309393310512,1348.7687928049597,0.9497884293079658,0.2977175587541896,0.012459599995054305,-1
94,34,beam_search,-0.7275167204968416,0.7275167204968416,1,2.694205658533991,66.09910079806707,0.0026020858314470935,815.8181435008534,0.9939817218885098,0.18038053169477325,0.033507400075905025,-1
94,34,simulated_annealing,-14.685009039496773,14.685009039496773,1,4.45997877649564,1127.6422451433043,0.01227309393310512,1348.7687928049597,0.9497884293079658,0.2977175587541896,0.006912699900567532,-1
94,34,block_beam_strong,-0.6056935068111777,0.6056935068111777,1,2.8850636324014944,55.24488722790884,0.0019905437849512928,873.4195934198555,0.9497884293079658,0.19251357757866458,0.3673038000706583,-1
94,34,block_lns_strong,-0.5951470165616711,0.5951470165616711,1,2.7781075422466635,55.25637383845921,0.0019912525602047374,841.1331055964803,0.9939817218885098,0.18586864840499584,0.06777069997042418,-1
94,34,hybrid_heuristic,-0.5951470165616711,0.5951470165616711,1,2.7781075422466635,55.25637383845921,0.0019912525602047374,841.1331055964803,0.9939817218885098,0.18586864840499584,0.012216400005854666,-1
94,35,autoreg_rl_pure,-0.20733893470640555,0.20733893470640555,1,2.0733893459016413,30.811978568877898,9.907286873387703e-13,592.2168420192564,0.9530052192609806,0.160653918964865,0.028622499899938703,16
94,35,random,-100.0,6.019863910135371,0,51.42385668781865,98.40408045838349,0.003958703390516021,14619.996581721301,0.9989721065251668,3.9428126470882328,0.02670320007018745,-1
94,35,latency_greedy,-0.24248402724703133,0.24248402724703133,1,2.4247995071203103,30.8122925751964,3.47442432911273e-08,692.0941535957438,0.8942730958698168,0.1869606480372247,6.499991286545992e-05,-1
94,35,block_balanced,-0.41994808340849027,0.41994808340849027,1,3.7776308133152616,34.06148700878823,0.0003418204681210195,1076.6742435352535,0.7525087297782197,0.2907365386832301,7.160007953643799e-05,-1
94,35,pdp_aware_greedy,-0.20733893470640555,0.20733893470640555,1,2.0733893459016413,30.811978568877898,9.907286873387703e-13,592.2168420192564,0.9530052192609806,0.160653918964865,0.0004012999124825001,-1
94,35,local_search,-0.20733893470640555,0.20733893470640555,1,2.0733893459016413,30.811978568877898,9.907286873387703e-13,592.2168420192564,0.9530052192609806,0.160653918964865,0.013190400088205934,-1
94,35,beam_search,-0.20595708888566727,0.20595708888566727,1,2.0595708851417482,30.81197858853987,3.1662405311348043e-12,588.2882779620436,0.9530052192609806,0.15965300903140914,0.030104999896138906,-1
94,35,simulated_annealing,-0.20733893470640555,0.20733893470640555,1,2.0733893459016413,30.811978568877898,9.907286873387703e-13,592.2168420192564,0.9530052192609806,0.160653918964865,0.0075258000288158655,-1
94,35,block_beam_strong,-0.20595708888566727,0.20595708888566727,1,2.0595708851417482,30.81197858853987,3.1662405311348043e-12,588.2882779620436,0.9530052192609806,0.15965300903140914,0.30565460002981126,-1
94,35,block_lns_strong,-0.20595708888566727,0.20595708888566727,1,2.0595708851417482,30.81197858853987,3.1662405311348043e-12,588.2882779620436,0.9530052192609806,0.15965300903140914,0.07277139998041093,-1
94,35,hybrid_heuristic,-0.20595708888566727,0.20595708888566727,1,2.0595708851417482,30.81197858853987,3.1662405311348043e-12,588.2882779620436,0.9530052192609806,0.15965300903140914,0.014127900009043515,-1
94,36,autoreg_rl_pure,-0.9193621273033096,0.9193621273033096,1,4.438903187952613,67.4375464839193,0.0026704295665417486,1206.4133028214612,0.9692887369310283,0.20187860595962628,0.03132300009019673,12
94,36,random,-100.0,15079790688743.059,0,116.73797475171496,1161595468473356.8,0.10657421222778131,31656.54403741599,0.9375067674883513,5.292227078075444,0.027293100021779537,-1
94,36,latency_greedy,-721312978.9627428,721312978.9627428,1,15.417285371460656,55562700019.03976,0.0726600868043344,4183.192506071844,0.9692887369310283,0.6964887835958635,6.600003689527512e-05,-1
94,36,block_balanced,-42500369.818192184,42500369.818192184,1,15.142236030175185,3273801123.238843,0.06300669989094732,4108.641467036594,0.8510987523871749,0.6844739730798385,7.27999722585082e-05,-1
94,36,pdp_aware_greedy,-6907.771277594405,6907.771277594405,1,7.537861321258794,532077.9991284463,0.03326245110221152,2046.7021538108256,0.9692887369310283,0.34212342322557776,0.00035099999513477087,-1
94,36,local_search,-100.0,15079790688743.059,0,116.73797475171496,1161595468473356.8,0.10657421222778131,31656.54403741599,0.9375067674883513,5.292227078075444,0.01643089996650815,-1
94,36,beam_search,-0.7338791512815798,0.7338791512815798,1,5.899608191465775,41.89799997023304,0.001047768388099135,1602.4864591009234,0.9692887369310283,0.2678182344725666,0.029903899994678795,-1
94,36,simulated_annealing,-100.0,15079790688743.059,0,116.73797475171496,1161595468473356.8,0.10657421222778131,31656.54403741599,0.9375067674883513,5.292227078075444,0.010480700060725212,-1
94,36,block_beam_strong,-0.7759513529458183,0.7759513529458183,1,4.220231536287695,58.07504878269721,0.0021608690642942636,1147.1199684131052,0.9221303374000117,0.19182451472896225,0.3081290000118315,-1
94,36,block_lns_strong,-0.7575874281203578,0.7575874281203578,1,4.036593767629762,58.07503738537197,0.002160868395230842,1097.3295961838792,0.9692887369310283,0.18350983136387602,0.07610960002057254,-1
94,36,hybrid_heuristic,-0.7338791512815798,0.7338791512815798,1,5.899608191465775,41.89799997023304,0.001047768388099135,1602.4864591009234,0.9692887369310283,0.2678182344725666,0.013663800084032118,-1
94,37,autoreg_rl_pure,-0.5249550924262913,0.5249550924262913,1,2.607874989660818,51.16079412473045,0.0017287085416102057,666.1903249234492,0.9418776265155263,0.14287017955712975,0.028412099927663803,16
94,37,random,-100.0,1.2565332170117427e+19,0,111.34317234068494,9.679068635599481e+20,0.15305231596739977,28326.615581863254,0.9095467852838977,6.061572126604585,0.02379599993582815,-1
94,37,latency_greedy,-5.035555253265528,5.035555253265528,1,4.125224980280829,386.9239439004282,0.00862641062521826,1052.1410411030893,0.9567020491916532,0.22393358921746048,6.640003994107246e-05,-1
94,37,block_balanced,-6.6658104824737885,6.6658104824737885,1,6.3138944544675395,495.64310759599954,0.009470626669736701,1608.9296377172254,0.7009553855109981,0.3437112220280827,8.079991675913334e-05,-1
94,37,pdp_aware_greedy,-1.3579840752845784,1.3579840752845784,1,3.4024771267987157,109.20815602050155,0.004313852762230149,868.3078231199634,0.9924584640659418,0.18417166283605804,0.00030610000248998404,-1
94,37,local_search,-1.3579840752845784,1.3579840752845784,1,3.4024771267987157,109.20815602050155,0.004313852762230149,868.3078231199634,0.9924584640659418,0.18417166283605804,0.012509100022725761,-1
94,37,beam_search,-0.5664729748025874,0.5664729748025874,1,2.6234243128441745,54.23913802567341,0.0019279061950058598,670.1169542891,0.9418776265155263,0.14200254697248918,0.0521376000251621,-1
94,37,simulated_annealing,-1.3579840752845784,1.3579840752845784,1,3.4024771267987157,109.20815602050155,0.004313852762230149,868.3078231199634,0.9924584640659418,0.18417166283605804,0.006979199941270053,-1
94,37,block_beam_strong,-0.5219661948211353,0.5219661948211353,1,2.728287532749287,50.003022328413806,0.0016506715345135166,696.8254805708182,0.9418776265155263,0.14930217206396967,0.3695294000208378,-1
94,37,block_lns_strong,-0.5142117347392752,0.5142117347392752,1,2.650742931904933,50.003022328612175,0.0016506715345270418,677.0953298914518,0.9418776265155263,0.14509104400399048,0.0712195000378415,-1
94,37,hybrid_heuristic,-0.5142117347392752,0.5142117347392752,1,2.650742931904933,50.003022328612175,0.0016506715345270418,677.0953298914518,0.9418776265155263,0.14509104400399048,0.012389999930746853,-1
94,38,autoreg_rl_pure,-0.15278872880613473,0.15278872880613473,1,1.5278870773362283,30.81198018313829,1.796015961541265e-10,445.52464964417885,0.9824222040174755,0.10724968792324077,0.02743220003321767,16
94,38,random,-100.0,1993880422.5759943,0,116.75620719118274,153588501210.09802,0.07612645273317448,33834.14362779526,0.9546378305518171,8.102200389626518,0.02278699993621558,-1
94,38,latency_greedy,-0.5688126172148181,0.5688126172148181,1,1.8283241688808385,60.544012702479925,0.0023028097406630203,532.5346769794545,0.9824222040174755,0.12830446541972376,0.00021460000425577164,-1
94,38,block_balanced,-1.174804513728528,1.174804513728528,1,5.012123115286129,82.69874979071297,0.003365917320017982,1455.1682401541532,0.5918148083265011,0.3484250315866369,9.890005458146334e-05,-1
94,38,pdp_aware_greedy,-0.15397234960975312,0.15397234960975312,1,1.5397232864947328,30.81198017449306,1.7864503865205362e-10,448.94427738424514,0.9824222040174755,0.10806803812574126,0.0003322999691590667,-1
94,38,local_search,-0.15397234960975312,0.15397234960975312,1,1.5397232864947328,30.81198017449306,1.7864503865205362e-10,448.94427738424514,0.9824222040174755,0.10806803812574126,0.011353799956850708,-1
94,38,beam_search,-0.15278872880613473,0.15278872880613473,1,1.5278870773362283,30.81198018313829,1.796015961541265e-10,445.52464964417885,0.9824222040174755,0.10724968792324077,0.03409129998181015,-1
94,38,simulated_annealing,-0.15397234960975312,0.15397234960975312,1,1.5397232864947328,30.81198017449306,1.7864503865205362e-10,448.94427738424514,0.9824222040174755,0.10806803812574126,0.006468600011430681,-1
94,38,block_beam_strong,-0.15397234960975312,0.15397234960975312,1,1.5397232864947328,30.81198017449306,1.7864503865205362e-10,448.94427738424514,0.9824222040174755,0.10806803812574126,0.3954204999608919,-1
94,38,block_lns_strong,-0.15278872880613473,0.15278872880613473,1,1.5278870773362283,30.81198018313829,1.796015961541265e-10,445.52464964417885,0.9824222040174755,0.10724968792324077,0.05926230002660304,-1
94,38,hybrid_heuristic,-0.15278872880613473,0.15278872880613473,1,1.5278870773362283,30.81198018313829,1.796015961541265e-10,445.52464964417885,0.9824222040174755,0.10724968792324077,0.012544300057925284,-1
94,39,autoreg_rl_pure,-0.372151059638256,0.372151059638256,1,3.099416297738586,35.60396760794107,0.000492813567800218,947.1152103782373,0.9781754689036142,0.178694906740128,0.025591199984773993,16
94,39,random,-100.0,1.920236868305631e+17,0,114.64830862555209,1.4791574304052093e+19,0.13879813816459843,34931.04032519369,0.8767644808553312,6.6038423915447515,0.024389300029724836,-1
94,39,latency_greedy,-132253.90445569076,132253.90445569076,1,6.932736887077965,10187488.580530873,0.043326870099800144,2114.8975804842953,0.9781754689036142,0.4001218376879475,8.559995330870152e-05,-1
94,39,block_balanced,-100.0,94535320.82290985,0,18.148641178226594,7282050586.890639,0.06573223035396539,5531.925431108792,0.6819279295541465,1.0451060395421712,7.27999722585082e-05,-1
94,39,pdp_aware_greedy,-957.4158406133356,957.4158406133356,1,5.270501408581472,73739.90421923346,0.026525011419628132,1608.4945756817629,0.9781754689036142,0.30444726844065545,0.000305800000205636,-1
94,39,local_search,-100.0,1.920236868305631e+17,0,114.64830862555209,1.4791574304052093e+19,0.13879813816459843,34931.04032519369,0.8767644808553312,6.6038423915447515,0.014635800034739077,-1
94,39,beam_search,-0.38171470457536727,0.38171470457536727,1,2.9980679835109902,37.121340186099836,0.0006350967523434168,916.2289942963548,0.9781754689036142,0.1735709047236822,0.03206320002209395,-1
94,39,simulated_annealing,-100.0,1.920236868305631e+17,0,114.64830862555209,1.4791574304052093e+19,0.13879813816459843,34931.04032519369,0.8767644808553312,6.6038423915447515,0.0104128000093624,-1
94,39,block_beam_strong,-0.3732651027262448,0.3732651027262448,1,3.0502234313732286,36.06871467323357,0.0005370268714717853,932.1294720754331,0.9781754689036142,0.17647037667015494,0.34454510000068694,-1
94,39,block_lns_strong,-0.3732651027262448,0.3732651027262448,1,3.0502234313732286,36.06871467323357,0.0005370268714717853,932.1294720754331,0.9781754689036142,0.17647037667015494,0.07341159996576607,-1
94,39,hybrid_heuristic,-0.3732651027262448,0.3732651027262448,1,3.0502234313732286,36.06871467323357,0.0005370268714717853,932.1294720754331,0.9781754689036142,0.17647037667015494,0.013879299978725612,-1
94,40,autoreg_rl_pure,-0.23487139455495773,0.23487139455495773,1,2.3426749297839233,30.85849706599742,5.143188308841765e-06,580.5594794818232,0.9879641362550518,0.1083469031532476,0.02794729999732226,16
94,40,random,-100.0,119.07816511965777,0,81.0113980474139,8579.36629017824,0.01919117103098,19984.220605105224,0.7742395277882723,3.7127724566036595,0.023767299950122833,-1
94,40,latency_greedy,-0.8955280661260969,0.8955280661260969,1,2.9230793762887273,77.27799272535124,0.0031347889403948517,723.6895677425773,0.9879641362550518,0.13492056437098,0.00010240008123219013,-1
94,40,block_balanced,-1.0590885392061082,1.0590885392061082,1,4.330259214560705,79.03754844813369,0.003211543307006618,1070.8152347261669,0.6834946894433489,0.19895268469128818,8.409994188696146e-05,-1
94,40,pdp_aware_greedy,-0.3448714778582386,0.3448714778582386,1,2.8876788860210256,35.133635033160914,0.0004474773794933836,715.0165290004825,0.9677994097353404,0.1332825359489572,0.0004211999475955963,-1
94,40,local_search,-0.3448714778582386,0.3448714778582386,1,2.8876788860210256,35.133635033160914,0.0004474773794933836,715.0165290004825,0.9677994097353404,0.1332825359489572,0.012673399993218482,-1
94,40,beam_search,-0.21309659690286617,0.21309659690286617,1,2.127333895397471,30.839956403636904,3.0942217891061643e-06,527.4607394010712,0.9879641362550518,0.09837454837634362,0.031818300019949675,-1
94,40,simulated_annealing,-0.3448714778582386,0.3448714778582386,1,2.8876788860210256,35.133635033160914,0.0004474773794933836,715.0165290004825,0.9677994097353404,0.1332825359489572,0.006717800046317279,-1
94,40,block_beam_strong,-0.2098177751361586,0.2098177751361586,1,2.095170166349364,30.835145971152258,2.5624097955146376e-06,519.5333174117922,0.9879641362550518,0.0967875850530479,0.35961049993056804,-1
94,40,block_lns_strong,-0.2098177751361586,0.2098177751361586,1,2.095170166349364,30.835145971152258,2.5624097955146376e-06,519.5333174117922,0.9879641362550518,0.0967875850530479,0.07058170007076114,-1
94,40,hybrid_heuristic,-0.2098177751361586,0.2098177751361586,1,2.095170166349364,30.835145971152258,2.5624097955146376e-06,519.5333174117922,0.9879641362550518,0.0967875850530479,0.012711299932561815,-1
94,41,autoreg_rl_pure,-1.2784837563581462,1.2784837563581462,1,3.7261074459685326,100.59132810093028,0.004033650739090087,1013.8327329260226,0.9511599891663517,0.2215658803983068,0.026211899938061833,16
94,41,random,-100.0,2.0157876222172454e+17,0,146.13280183978597,1.55276012492794e+19,0.13896369440021492,39651.37523716484,0.9643382379777808,8.724466160696885,0.02378239994868636,-1
94,41,latency_greedy,-8.849128842476137,8.849128842476137,1,4.2789223538699215,679.4993830241148,0.010546233431812376,1163.8014366925472,0.9643382379777808,0.25443796568908467,6.330001633614302e-05,-1
94,41,block_balanced,-11.033125187675228,11.033125187675228,1,6.483892180208253,830.7476336785768,0.011231381665282252,1762.1147859183698,0.745379880742455,0.3864931727651039,6.799993570894003e-05,-1
94,41,pdp_aware_greedy,-2.3970165042429565,2.3970165042429565,1,3.8928211975150395,185.46765058235508,0.006119455229705597,1059.0826981524287,0.9643382379777808,0.23147919601561986,0.0002965000458061695,-1
94,41,local_search,-2.1222006826388853,2.1222006826388853,1,3.785017232432759,165.12901593957136,0.00572346379876181,1029.8210696122874,0.9643382379777808,0.22506883861711624,0.01836440002080053,-1
94,41,beam_search,-0.7164893074310743,0.7164893074310743,1,4.768639540145199,49.27030668963644,0.001600345276045191,1296.7079323633795,0.9643382379777808,0.2835580651753891,0.03157419990748167,-1
94,41,simulated_annealing,-2.1222006826388853,2.1222006826388853,1,3.785017232432759,165.12901593957136,0.00572346379876181,1029.8210696122874,0.9643382379777808,0.22506883861711624,0.007619800046086311,-1
94,41,block_beam_strong,-1.306060747105708,1.306060747105708,1,3.626117610722897,103.48580338503271,0.004130364553071699,986.7222574361216,0.9643382379777808,0.21562017534327657,0.334845699951984,-1
94,41,block_lns_strong,-0.7060961495555917,0.7060961495555917,1,4.691253279133543,49.06582824934421,0.0015861671479021015,1275.7121653253623,0.9643382379777808,0.27895643859848185,0.07099050004035234,-1
94,41,hybrid_heuristic,-0.7060961495555917,0.7060961495555917,1,4.691253279133543,49.06582824934421,0.0015861671479021015,1275.7121653253623,0.9643382379777808,0.27895643859848185,0.013191499980166554,-1
94,42,autoreg_rl_pure,-0.3932560553083047,0.3932560553083047,1,2.9058873533918472,38.72043671415724,0.0007788820338852527,751.4330716302302,0.9756494509340219,0.16536682652739756,0.02538999996613711,16
94,42,random,-100.0,41925372176.0958,0,103.39889261558388,3229509170751.0576,0.08651025666477445,26640.770967825,0.8935311192320304,5.864785254868531,0.023033500066958368,-1
94,42,latency_greedy,-12569250.663727168,12569250.663727168,1,11.924562094974323,968208643.8698151,0.05885339647061931,3074.800626634904,0.9756494509340219,0.6762927546344139,6.360001862049103e-05,-1
94,42,block_balanced,-100.0,43428518999.94787,0,22.483642052280185,3345296490646.716,0.086630346670717,5795.120668910309,0.681815867276073,1.273155692516699,7.130007725208998e-05,-1
94,42,pdp_aware_greedy,-12.021487476452554,12.021487476452554,1,3.719664392946736,928.1739596356491,0.011609439690236052,961.0840248122803,0.9756494509340219,0.2114394336149545,0.0003132999408990145,-1
94,42,local_search,-2.187700398116368,2.187700398116368,1,3.694277237677968,170.87342520523265,0.005840045165181334,954.542497559509,0.9756494509340219,0.210003234654818,0.01770069997292012,-1
94,42,beam_search,-0.39704416308609963,0.39704416308609963,1,2.9163637560996687,38.93153477933285,0.0007974180636522423,754.1464066853907,0.9756494509340219,0.16600537795926096,0.0323050000006333,-1
94,42,simulated_annealing,-2.187700398116368,2.187700398116368,1,3.694277237677968,170.87342520523265,0.005840045165181334,954.542497559509,0.9756494509340219,0.210003234654818,0.007032099994830787,-1
94,42,block_beam_strong,-0.3239497973600124,0.3239497973600124,1,2.03791101164873,40.06779648730642,0.0008954954286340083,527.8842642536389,0.992812354702256,0.11507950940757866,0.38787900004535913,-1
94,42,block_lns_strong,-0.29103385567555407,0.29103385567555407,1,1.9740866171802427,38.02392223214412,0.0007169978746878288,511.43662134662765,0.992812354702256,0.11147538736216753,0.04810489993542433,-1
94,42,hybrid_heuristic,-0.29103385567555407,0.29103385567555407,1,1.9740866171802427,38.02392223214412,0.0007169978746878288,511.43662134662765,0.992812354702256,0.11147538736216753,0.012982800020836294,-1
94,43,autoreg_rl_pure,-0.31591775730626,0.31591775730626,1,2.958418621874346,32.35842368485515,0.0001669519642667898,787.5944900846181,0.9339313225029298,0.15280425170588827,0.025586600066162646,16
94,43,random,-100.0,1.1890244984070395e+18,0,120.48379066374544,9.15904933803547e+19,0.14501404958717506,31958.127672965147,0.9461807587343835,6.2538618231032785,0.02380909991916269,-1
94,43,latency_greedy,-1886754.2080393964,1886754.2080393964,1,14.311719938492674,145336496.0837664,0.05238818266758139,3798.7346101801927,0.9461807587343835,0.742835131976918,6.360001862049103e-05,-1
94,43,block_balanced,-81980.89586271977,81980.89586271977,1,17.00812992767194,6314883.812558564,0.041696411507767324,4513.937357729383,0.6758433990959881,0.8821030336822422,6.670004222542048e-05,-1
94,43,pdp_aware_greedy,-1.4753805808685088,1.4753805808685088,1,3.5671072091668474,116.9830579110953,0.004548315697255751,949.0310974379587,0.9796869977919412,0.18424341430966376,0.00030209997203201056,-1
94,43,local_search,-1.1730910945219708,1.1730910945219708,1,3.376064516615682,95.16931581732467,0.003844751553746604,898.3652962036807,0.9240893401861616,0.17437593461516948,0.018161899992264807,-1
94,43,beam_search,-0.3399271596376173,0.3399271596376173,1,3.0128034124974628,33.78894090886471,0.00031443163066819,802.0237561877849,0.9240893401861616,0.15561326161878616,0.03243080002721399,-1
94,43,simulated_annealing,-0.899422157291681,0.899422157291681,1,3.44244033348284,73.57731968963053,0.0029674907940877974,915.9735855001309,0.9240893401861616,0.17780428885576277,0.006992800044827163,-1
94,43,block_beam_strong,-0.31368822428510634,0.31368822428510634,1,2.935825341727605,32.36071879160901,0.0001671937629986843,781.6034994752943,0.9240893401861616,0.15163729404787535,0.3638727000216022,-1
94,43,block_lns_strong,-0.31368822428510634,0.31368822428510634,1,2.935825341727605,32.36071879160901,0.0001671937629986843,781.6034994752943,0.9240893401861616,0.15163729404787535,0.07237389998044819,-1
94,43,hybrid_heuristic,-0.31368822428510634,0.31368822428510634,1,2.935825341727605,32.36071879160901,0.0001671937629986843,781.6034994752943,0.9240893401861616,0.15163729404787535,0.012067600036971271,-1
94,44,autoreg_rl_pure,-0.23279332776712502,0.23279332776712502,1,2.2798497523016765,31.182365698117042,4.073735954368491e-05,571.1381211341517,0.9109740441151694,0.12800596635771258,0.027195800095796585,16
94,44,random,-100.0,718791.2398032086,0,92.6302237510903,55367767.95655532,0.049098109581388084,23095.144288030584,0.93505896407075,5.162412447926315,0.02458689990453422,-1
94,44,latency_greedy,-15728.185400899742,15728.185400899742,1,8.80316698502814,1211504.2796280337,0.03606764533437028,2197.3475600963284,0.9109740441151694,0.49185802979190546,7.180008105933666e-05,-1
94,44,block_balanced,-56106.08505184739,56106.08505184739,1,13.389571930373215,4321776.39642471,0.04040349264256974,3340.7889232188295,0.7012942230530624,0.7470222841770593,6.960006430745125e-05,-1
94,44,pdp_aware_greedy,-7149.264211577702,7149.264211577702,1,7.302352456289068,550682.001012637,0.033379616884498246,1823.2838922724632,0.93505896407075,0.40574654269747806,0.0003132999408990145,-1
94,44,local_search,-100.0,718791.2398032086,0,92.6302237510903,55367767.95655532,0.049098109581388084,23095.144288030584,0.93505896407075,5.162412447926315,0.015554600046016276,-1
94,44,beam_search,-0.253178852441119,0.253178852441119,1,2.497313851965269,31.077536776989852,2.9256960799286634e-05,625.3747981328127,0.93505896407075,0.13996684416329508,0.031293499981984496,-1
94,44,simulated_annealing,-100.0,718791.2398032086,0,92.6302237510903,55367767.95655532,0.049098109581388084,23095.144288030584,0.93505896407075,5.162412447926315,0.010551300016231835,-1
94,44,block_beam_strong,-0.23279332776712502,0.23279332776712502,1,2.2798497523016765,31.182365698117042,4.073735954368491e-05,571.1381211341517,0.9109740441151694,0.12800596635771258,0.356907399953343,-1
94,44,block_lns_strong,-0.23279332776712502,0.23279332776712502,1,2.2798497523016765,31.182365698117042,4.073735954368491e-05,571.1381211341517,0.9109740441151694,0.12800596635771258,0.07640899997204542,-1
94,44,hybrid_heuristic,-0.23279332776712502,0.23279332776712502,1,2.2798497523016765,31.182365698117042,4.073735954368491e-05,571.1381211341517,0.9109740441151694,0.12800596635771258,0.013342900085262954,-1
94,45,autoreg_rl_pure,-1.7778091454413674,1.7778091454413674,1,3.179066259468111,143.26819138553643,0.005239326016828098,849.8606782369407,0.9906275392756067,0.1821643177251721,0.033132600015960634,16
94,45,random,-100.0,6.892040375549222e+27,0,205.69296918773006,5.3089350071387986e+29,0.22165481769786358,54809.80652846811,0.9651497127850475,11.71650677337563,0.025951200048439205,-1
94,45,latency_greedy,-100.0,4044.218475560127,0,21.90292439493125,311388.026270862,0.03143596531127246,5838.804706434292,0.9906275392756067,1.2448072213067845,9.190000128000975e-05,-1
94,45,block_balanced,-100.0,1273640.075139383,0,27.17453592108101,98108248.20731011,0.05104842997881312,7243.472771182316,0.8042914273208729,1.5451131076268618,0.0001938999630510807,-1
94,45,pdp_aware_greedy,-1.7778091454413674,1.7778091454413674,1,3.179066259468111,143.26819138553643,0.005239326016828098,849.8606782369407,0.9906275392756067,0.1821643177251721,0.00033579999580979347,-1
94,45,local_search,-1.7699810118282602,1.7699810118282602,1,3.1004237789616553,143.27097327872426,0.005239392214138219,828.9062213388161,0.9906275392756067,0.17736459183444145,0.017902999999932945,-1
94,45,beam_search,-1.7699810118282602,1.7699810118282602,1,3.1004237789616553,143.27097327872426,0.005239392214138219,828.9062213388161,0.9906275392756067,0.17736459183444145,0.03237389994319528,-1
94,45,simulated_annealing,-1.7699810118282602,1.7699810118282602,1,3.1004237789616553,143.27097327872426,0.005239392214138219,828.9062213388161,0.9906275392756067,0.17736459183444145,0.006339500076137483,-1
94,45,block_beam_strong,-1.7699810118282602,1.7699810118282602,1,3.1004237789616553,143.27097327872426,0.005239392214138219,828.9062213388161,0.9906275392756067,0.17736459183444145,0.1847433999646455,-1
94,45,block_lns_strong,-1.7699810118282602,1.7699810118282602,1,3.1004237789616553,143.27097327872426,0.005239392214138219,828.9062213388161,0.9906275392756067,0.17736459183444145,0.07413780002389103,-1
94,45,hybrid_heuristic,-1.7699810118282602,1.7699810118282602,1,3.1004237789616553,143.27097327872426,0.005239392214138219,828.9062213388161,0.9906275392756067,0.17736459183444145,0.014133299933746457,-1
94,46,autoreg_rl_pure,-0.3695090565455562,0.3695090565455562,1,3.0815742423081334,35.5378915086693,0.00048648065958578764,878.6993077300673,0.9066959389774879,0.15467041010957655,0.027177299954928458,16
94,46,random,-100.0,221872599974856.72,0,125.7924300584342,1.7090834483648662e+16,0.11574072112247125,35752.15547283902,0.8946007553451429,6.257967099653073,0.03436569997575134,-1
94,46,latency_greedy,-8.129629372729765,8.129629372729765,1,3.5337783042981257,629.8162180547256,0.010287377948485091,1007.1287865433821,0.9011639193039805,0.17542148363631038,7.449998520314693e-05,-1
94,46,block_balanced,-65.17562223246132,65.17562223246132,1,6.141993503649443,5003.974922663246,0.01735317170513025,1748.408200944153,0.7595335402826294,0.3057258229358349,7.51999905332923e-05,-1
94,46,pdp_aware_greedy,-1.8200009809378683,1.8200009809378683,1,3.499978332255804,144.04624223575271,0.00525779042879658,997.5958794968285,0.9066959389774879,0.17549877364083988,0.00029930006712675095,-1
94,46,local_search,-1.8200009809378683,1.8200009809378683,1,3.499978332255804,144.04624223575271,0.00525779042879658,997.5958794968285,0.9066959389774879,0.17549877364083988,0.01575209992006421,-1
94,46,beam_search,-4.43778401100943,4.43778401100943,1,3.5387834580930075,345.3950130521684,0.008239330784656771,1008.625863171419,0.9011639193039805,0.17649899287322912,0.030545699992217124,-1
94,46,simulated_annealing,-1.8200009809378683,1.8200009809378683,1,3.499978332255804,144.04624223575271,0.00525779042879658,997.5958794968285,0.9066959389774879,0.17549877364083988,0.006773400004021823,-1
94,46,block_beam_strong,-0.3698425825878119,0.3698425825878119,1,3.093547756909626,35.47135108303016,0.00048009133864907133,882.1064905591536,0.9066959389774879,0.15526528091665637,0.26035680004861206,-1
94,46,block_lns_strong,-0.3695090565455562,0.3695090565455562,1,3.0815742423081334,35.5378915086693,0.00048648065958578764,878.6993077300673,0.9066959389774879,0.15467041010957655,0.0691217000130564,-1
94,46,hybrid_heuristic,-0.3695090565455562,0.3695090565455562,1,3.0815742423081334,35.5378915086693,0.00048648065958578764,878.6993077300673,0.9066959389774879,0.15467041010957655,0.014117399929091334,-1
94,47,autoreg_rl_pure,-0.26637788688099634,0.26637788688099634,1,2.642331446963723,30.97718793544683,1.8230864772354555e-05,592.0052405628498,0.9916041937886775,0.11373912803578615,0.026404700009152293,16
94,47,random,-100.0,2.3007049596961887e+21,0,137.0783367432595,1.7722317972717344e+23,0.1708144052213117,30567.867194145394,0.9916041937886775,5.863933635055807,0.0267342000734061,-1
94,47,latency_greedy,-22539602.77044613,22539602.77044613,1,18.519147628011495,1736224281.439548,0.06084444552592631,4132.063540322928,0.9506066707331164,0.7890318377325836,6.679992657154799e-05,-1
94,47,block_balanced,-100.0,3744710.6721272413,0,23.844691141166656,288454709.49320674,0.054725150372335246,5319.578579929055,0.8055156555961743,1.0176616975213049,7.229996845126152e-05,-1
94,47,pdp_aware_greedy,-0.3688873694795,0.3688873694795,1,2.9584291896508144,36.43858866785303,0.0005718092833478294,662.4889982259997,0.9916041937886775,0.1274243200314809,0.0002959000412374735,-1
94,47,local_search,-0.3688873694795,0.3688873694795,1,2.9584291896508144,36.43858866785303,0.0005718092833478294,662.4889982259997,0.9916041937886775,0.1274243200314809,0.013909899978898466,-1
94,47,beam_search,-0.2645844451775809,0.2645844451775809,1,2.5096820990888498,31.86083643283867,0.00011412002881730125,562.4277586189642,0.9916041937886775,0.10811287220708933,0.03133739996701479,-1
94,47,simulated_annealing,-0.3688873694795,0.3688873694795,1,2.9584291896508144,36.43858866785303,0.0005718092833478294,662.4889982259997,0.9916041937886775,0.1274243200314809,0.007408000063151121,-1
94,47,block_beam_strong,-0.2645844451775809,0.2645844451775809,1,2.5096820990888498,31.86083643283867,0.00011412002881730125,562.4277586189642,0.9916041937886775,0.10811287220708933,0.2117255999473855,-1
94,47,block_lns_strong,-0.2645844451775809,0.2645844451775809,1,2.5096820990888498,31.86083643283867,0.00011412002881730125,562.4277586189642,0.9916041937886775,0.10811287220708933,0.07015110005158931,-1
94,47,hybrid_heuristic,-0.2645844451775809,0.2645844451775809,1,2.5096820990888498,31.86083643283867,0.00011412002881730125,562.4277586189642,0.9916041937886775,0.10811287220708933,0.013938599964603782,-1
94,48,autoreg_rl_pure,-0.22179703166202186,0.22179703166202186,1,1.9038742889741218,33.23145857732102,0.00025771401123797,483.7443179862356,0.9723230308995863,0.0985861745948318,0.027764700003899634,16
94,48,random,-100.0,20992.94087236985,0,78.78221974169043,1616509.0631351848,0.03705088270074594,19904.04054661836,0.9233893995111015,4.092069098538819,0.026017899974249303,-1
94,48,latency_greedy,-65630.28821872477,65630.28821872477,1,16.499285311512207,5055401.301764663,0.04093802528210125,4170.658228060753,0.9516845242363527,0.8546859556323924,0.00013260007835924625,-1
94,48,block_balanced,-100.0,2507.3122923486076,0,20.164960093576234,193013.61288624056,0.029805410963966796,5096.707176375099,0.6661791669654469,1.0465492699638526,0.0001569000305607915,-1
94,48,pdp_aware_greedy,-0.35946913336229325,0.35946913336229325,1,2.905511288407822,36.12072875419766,0.0005419396953253884,736.8110205570417,0.9723230308995863,0.15201300153869293,0.00031949998810887337,-1
94,48,local_search,-0.34298740355854557,0.34298740355854557,1,2.8881668701698446,34.98474595155955,0.00043299914834445634,732.4219693118789,0.9516845242363527,0.15111456634355927,0.018536000046879053,-1
94,48,beam_search,-0.2971115490531766,0.2971115490531766,1,1.9271022987830464,38.85400658003363,0.000790622197068732,489.61194976390163,0.9723230308995863,0.09978896442385302,0.032810900011099875,-1
94,48,simulated_annealing,-0.3354194967868506,0.3354194967868506,1,2.803532637990279,35.053727535415234,0.00043971468172710913,711.0276595796511,0.9516845242363527,0.14657737502977106,0.006968799978494644,-1
94,48,block_beam_strong,-0.22179703166202186,0.22179703166202186,1,1.9038742889741218,33.23145857732102,0.00025771401123797,483.7443179862356,0.9723230308995863,0.0985861745948318,0.3485301999608055,-1
94,48,block_lns_strong,-0.22179703166202186,0.22179703166202186,1,1.9038742889741218,33.23145857732102,0.00025771401123797,483.7443179862356,0.9723230308995863,0.0985861745948318,0.05267250002361834,-1
94,48,hybrid_heuristic,-0.22179703166202186,0.22179703166202186,1,1.9038742889741218,33.23145857732102,0.00025771401123797,483.7443179862356,0.9723230308995863,0.0985861745948318,0.012450099922716618,-1
94,49,autoreg_rl_pure,-0.73540232758041,0.73540232758041,1,2.679786478777465,66.81759955342176,0.002638944070373957,769.9529317823385,0.9977608301940033,0.18077177837695985,0.02622290002182126,16
94,49,random,-100.0,2.139502265561326e+22,0,190.04776543660955,1.6480574483846008e+24,0.17841675059363604,54408.24243890162,0.9816342308498781,12.769976585181748,0.024584900005720556,-1
94,49,latency_greedy,-1921.969394902581,1921.969394902581,1,5.886361275443385,148034.6688406264,0.028900898781173523,1687.88732752817,0.9977608301940033,0.3968883330135794,0.00020929996389895678,-1
94,49,block_balanced,-100.0,1057576.2961845226,0,16.46321449878714,81464949.40472843,0.05041466247522128,4715.783955968293,0.7678529107643061,1.1056343497396022,9.540002793073654e-05,-1
94,49,pdp_aware_greedy,-16.283353050026804,16.283353050026804,1,3.7333450410002738,1256.3598543726393,0.012641594160418743,1071.557661757442,0.9977608301940033,0.2513905028770802,0.0004743000026792288,-1
94,49,local_search,-8.067560131573423,8.067560131573423,1,4.375669279537397,618.5499460656592,0.01022584128914766,1255.4373581188136,0.9977608301940033,0.2956318284680075,0.01896320004016161,-1
94,49,beam_search,-0.8759806318028225,0.8759806318028225,1,2.673346096851355,77.69594902010657,0.003153177898610709,768.1056530014339,0.9816342308498781,0.1799536811357346,0.030561699997633696,-1
94,49,simulated_annealing,-8.067560131573423,8.067560131573423,1,4.375669279537397,618.5499460656592,0.01022584128914766,1255.4373581188136,0.9977608301940033,0.2956318284680075,0.007132400060072541,-1
94,49,block_beam_strong,-0.8779139901811189,0.8779139901811189,1,2.692679680634319,77.69594902010657,0.003153177898610709,773.6275732853003,0.9977608301940033,0.1816605938818922,0.3262977000558749,-1
94,49,block_lns_strong,-0.7325455635621989,0.7325455635621989,1,2.650299377055064,66.82468216073828,0.0026393054246217173,761.5136638561044,0.9977608301940033,0.17879595590839642,0.07510639994870871,-1
94,49,hybrid_heuristic,-0.7325455635621989,0.7325455635621989,1,2.650299377055064,66.82468216073828,0.0026393054246217173,761.5136638561044,0.9977608301940033,0.17879595590839642,0.0138499999884516,-1
94,50,autoreg_rl_pure,-0.2590764601793197,0.2590764601793197,1,2.5218153881846113,31.343093982781664,5.8264870817780986e-05,679.7982683219096,0.9943263374297762,0.14665115539067147,0.027657400001771748,16
94,50,random,-100.0,7743238656573883.0,0,122.32270403584772,5.964612586768187e+17,0.1278518477770607,32838.635876096894,0.9661767302848836,7.090914791632826,0.02482849999796599,-1
94,50,latency_greedy,-100.0,20652247718.55265,0,32.31972697039315,1590841534577.5532,0.08409630675209949,8678.585897570323,0.9738925238286302,1.8749340844559719,6.46000262349844e-05,-1
94,50,block_balanced,-100.0,10825205411786.746,0,47.37652006843823,833864992636527.2,0.10544413297569832,12720.408447450049,0.7245595394760591,2.7466124673720476,6.930006202310324e-05,-1
94,50,pdp_aware_greedy,-0.2842622166567015,0.2842622166567015,1,2.5088468613076644,33.383047947294614,0.00027323018250252645,676.3170513884486,0.9943263374297762,0.14628715494710332,0.0003053999971598387,-1
94,50,local_search,-0.27959357455664524,0.27959357455664524,1,2.438388773137601,33.56616097208469,0.0002918793200420361,657.4065992262294,0.9661767302848836,0.14218602140835399,0.019181699957698584,-1
94,50,beam_search,-0.2569824301716478,0.2569824301716478,1,2.4961263171463184,31.379673740045167,6.224135753943823e-05,672.9098863986354,0.9943263374297762,0.14516553819134026,0.03117760003078729,-1
94,50,simulated_annealing,-0.27959357455664524,0.27959357455664524,1,2.438388773137601,33.56616097208469,0.0002918793200420361,657.4065992262294,0.9661767302848836,0.14218602140835399,0.006376200006343424,-1
94,50,block_beam_strong,-0.26389678029104324,0.26389678029104324,1,2.570018589301847,31.343093982781664,5.8264870817780986e-05,692.7430635445651,0.9943263374297762,0.14930331690579385,0.23718530009500682,-1
94,50,block_lns_strong,-0.2569824301716478,0.2569824301716478,1,2.4961263171463184,31.379673740045167,6.224135753943823e-05,672.9098863986354,0.9943263374297762,0.14516553819134026,0.06896899989806116,-1
94,50,hybrid_heuristic,-0.2569824301716478,0.2569824301716478,1,2.4961263171463184,31.379673740045167,6.224135753943823e-05,672.9098863986354,0.9943263374297762,0.14516553819134026,0.01447970001026988,-1
94,51,autoreg_rl_pure,-0.24277547813325015,0.24277547813325015,1,2.374994513457662,31.218390620567675,4.4673740583886775e-05,620.6475101057648,0.9794063295915043,0.12702271972099594,0.027237100061029196,16
94,51,random,-100.0,9.341198560138025e+18,0,112.51440766260488,7.195520243974102e+20,0.1520414609020026,29270.93289008089,0.9794063295915043,5.979013078770405,0.024297200026921928,-1
94,51,latency_greedy,-1.0655754318278745,1.0655754318278745,1,2.802926081851596,91.30227237381327,0.003703331000129001,731.9628851538143,0.9815900747943973,0.1497630747094381,6.299989763647318e-05,-1
94,51,block_balanced,-2.2778242943642013,2.2778242943642013,1,4.8755715511714826,168.71616033746474,0.0057967301139922565,1271.1568937229868,0.7361925560957979,0.2594225272930355,7.210008334368467e-05,-1
94,51,pdp_aware_greedy,-0.756085934086213,0.756085934086213,1,3.203237442102731,64.37871668913112,0.0025121779446347723,836.1588707247766,0.9815900747943973,0.16958046479997554,0.0003060000017285347,-1
94,51,local_search,-0.756085934086213,0.756085934086213,1,3.203237442102731,64.37871668913112,0.0025121779446347723,836.1588707247766,0.9815900747943973,0.16958046479997554,0.012962999986484647,-1
94,51,beam_search,-0.2403703227703201,0.2403703227703201,1,2.3509429598283615,31.218390620567675,4.4673740583886775e-05,614.3978442739294,0.9815900747943973,0.12560119319854413,0.0299577999394387,-1
94,51,simulated_annealing,-0.756085934086213,0.756085934086213,1,3.203237442102731,64.37871668913112,0.0025121779446347723,836.1588707247766,0.9815900747943973,0.16958046479997554,0.006610100041143596,-1
94,51,block_beam_strong,-0.2730911217608345,0.2730911217608345,1,2.6704190439860604,31.277949449097083,5.11716787699148e-05,697.5204196218099,0.9678089740325125,0.14224274270367285,0.31313519994728267,-1
94,51,block_lns_strong,-0.2403703227703201,0.2403703227703201,1,2.3509429598283615,31.218390620567675,4.4673740583886775e-05,614.3978442739294,0.9815900747943973,0.12560119319854413,0.07158200000412762,-1
94,51,hybrid_heuristic,-0.2403703227703201,0.2403703227703201,1,2.3509429598283615,31.218390620567675,4.4673740583886775e-05,614.3978442739294,0.9815900747943973,0.12560119319854413,0.013847199967131019,-1
94,52,autoreg_rl_pure,-0.30081550574054583,0.30081550574054583,1,2.7961310416650003,32.44519841671981,0.00017608211907042478,800.6407708544264,0.9821682384069196,0.159622461651999,0.02843469998333603,16
94,52,random,-100.0,5824030.572400534,0,82.52771622624188,448624157.92428815,0.0562308195136903,23549.54748580357,0.9491131561097266,4.680542278552162,0.02378869999665767,-1
94,52,latency_greedy,-2.2657178589341953,2.2657178589341953,1,3.9843679162536767,174.648539088102,0.005914545043157056,1139.601830247752,0.9607070884856878,0.22734607830385528,6.390002090483904e-05,-1
94,52,block_balanced,-2849.3608147351374,2849.3608147351374,1,9.044313071658074,219447.25451621195,0.030242987243791115,2583.349171254972,0.7022907044525375,0.5139312280001217,6.860005669295788e-05,-1
94,52,pdp_aware_greedy,-0.5566651915929663,0.5566651915929663,1,3.156022603761433,49.38104323053669,0.0016079989857370625,903.2711782866809,0.9607070884856878,0.18004905885898262,0.0003010999644175172,-1
94,52,local_search,-0.4771858968548151,0.4771858968548151,1,2.8632324446693413,45.51411844308778,0.001329998154437762,819.7354701245251,0.9491131561097266,0.16330616965171751,0.018475799937732518,-1
94,52,beam_search,-0.4624374711577156,0.4624374711577156,1,3.043192833395376,42.9918140923931,0.0011356293315348777,871.0799915701696,0.9252363862865924,0.1735099239561388,0.03148290002718568,-1
94,52,simulated_annealing,-0.4771858968548151,0.4771858968548151,1,2.8632324446693413,45.51411844308778,0.001329998154437762,819.7354701245251,0.9491131561097266,0.16330616965171751,0.006703900056891143,-1
94,52,block_beam_strong,-0.4767620540086994,0.4767620540086994,1,3.2709404341851647,42.34089739345175,0.0010836174969041667,936.0620665674587,0.9491131561097266,0.18649262287144935,0.33721519995015115,-1
94,52,block_lns_strong,-0.4476864015450246,0.4476864015450246,1,2.9716577014344954,42.40657472885265,0.0010889016177456567,850.6667291116476,0.8539618564317225,0.1694548389496462,0.0745123999658972,-1
94,52,hybrid_heuristic,-0.4476864015450246,0.4476864015450246,1,2.9716577014344954,42.40657472885265,0.0010889016177456567,850.6667291116476,0.8539618564317225,0.1694548389496462,0.013526299968361855,-1
94,53,autoreg_rl_pure,-0.3092154764851213,0.3092154764851213,1,2.7130950302687866,33.73187366364486,0.0003086688350008036,662.6802348342693,0.9884782810828967,0.13493566430519188,0.025875400053337216,16
94,53,random,-100.0,1.894106098394706e+21,0,164.84618254988655,1.4590289123489661e+23,0.17015142082921497,40092.83049217971,0.9797339446470922,8.122148775756292,0.025096100056543946,-1
94,53,latency_greedy,-100.0,8175620.558567459,0,193.33262257062827,629766154.9834557,0.05738709808362195,47020.56989780651,0.9884782810828967,9.504379633739301,6.350001785904169e-05,-1
94,53,block_balanced,-100.0,182787638764.6283,0,237.80564226937588,14080122014786.066,0.09153009440530016,57836.29366942432,0.822524474342472,11.691427331280153,7.399998139590025e-05,-1
94,53,pdp_aware_greedy,-0.47896474318123927,0.47896474318123927,1,2.9561009396780635,44.93577736099045,0.0012864002341517046,721.74257221415,0.9884782810828967,0.1457561989169086,0.0008444999111816287,-1
94,53,local_search,-0.47823939347660127,0.47823939347660127,1,2.9769027195880975,44.71966771297201,0.001269964761113127,726.8128275872357,0.9884782810828967,0.1469228353888927,0.018526900094002485,-1
94,53,beam_search,-0.47516109718484334,0.47516109718484334,1,2.9443942255833075,44.73295946968791,0.0012709779097599104,718.9295685241639,0.9884782810828967,0.1456127030677704,0.032087999978102744,-1
94,53,simulated_annealing,-0.47823939347660127,0.47823939347660127,1,2.9769027195880975,44.71966771297201,0.001269964761113127,726.8128275872357,0.9884782810828967,0.1469228353888927,0.006766199949197471,-1
94,53,block_beam_strong,-0.30387210959151345,0.30387210959151345,1,2.6559360369709606,33.76056981723559,0.0003115678632333132,648.768043349742,0.9884782810828967,0.13197605633981105,0.2365396999521181,-1
94,53,block_lns_strong,-0.2994140236389148,0.2994140236389148,1,2.683395668073545,33.20564230406211,0.0002550644938114813,655.4395747354945,0.9884782810828967,0.1332248856485248,0.07132640003692359,-1
94,53,hybrid_heuristic,-0.2994140236389148,0.2994140236389148,1,2.683395668073545,33.20564230406211,0.0002550644938114813,655.4395747354945,0.9884782810828967,0.1332248856485248,0.012577399960719049,-1
94,54,autoreg_rl_pure,-0.22916588731905022,0.22916588731905022,1,2.2178378482270853,31.380621519534927,6.234432647189212e-05,610.6476227157023,0.9538122625577738,0.14820337360997735,0.028148299898020923,16
94,54,random,-100.0,10974602515.578363,0,88.76922268063574,845373042881.2396,0.08194086572646334,24332.809832729603,0.9538122625577738,5.890720000095283,0.024253200041130185,-1
94,54,latency_greedy,-16.53171739408344,16.53171739408344,1,3.8556184179997426,1274.5494753153068,0.012690598937924987,1059.4905347825766,0.9538122625577738,0.25763491746168277,6.210000719875097e-05,-1
94,54,block_balanced,-305.5737843598663,305.5737843598663,1,7.320432270185363,23512.754958447804,0.022628279599679293,2009.184657165671,0.7652350435857922,0.4876104459026113,7.599999662488699e-05,-1
94,54,pdp_aware_greedy,-0.8806874301197214,0.8806874301197214,1,3.012124466607541,75.44890547579861,0.003053126277489714,828.3362343871587,0.9538122625577738,0.2010029119897745,0.00030209997203201056,-1
94,54,local_search,-0.8806874301197214,0.8806874301197214,1,3.012124466607541,75.44890547579861,0.003053126277489714,828.3362343871587,0.9538122625577738,0.2010029119897745,0.013542599976062775,-1
94,54,beam_search,-0.8806874301197214,0.8806874301197214,1,3.012124466607541,75.44890547579861,0.003053126277489714,828.3362343871587,0.9538122625577738,0.2010029119897745,0.033815199974924326,-1
94,54,simulated_annealing,-0.8806874301197214,0.8806874301197214,1,3.012124466607541,75.44890547579861,0.003053126277489714,828.3362343871587,0.9538122625577738,0.2010029119897745,0.006835700012743473,-1
94,54,block_beam_strong,-0.2735131973170873,0.2735131973170873,1,2.585482172817432,31.9647301699206,0.00012521890368174355,711.4215731136779,0.9313834682350882,0.17248213244617588,0.326354100019671,-1
94,54,block_lns_strong,-0.2532769628287021,0.2532769628287021,1,2.391965811094841,31.896589609044046,0.0001179435876851144,658.3839075965524,0.9538122625577738,0.15976540728711486,0.07434189994819462,-1
94,54,hybrid_heuristic,-0.2532769628287021,0.2532769628287021,1,2.391965811094841,31.896589609044046,0.0001179435876851144,658.3839075965524,0.9538122625577738,0.15976540728711486,0.012647800031118095,-1
94,55,autoreg_rl_pure,-0.14739568688536703,0.14739568688536703,1,1.4739568036766038,30.81197906198242,5.555059349635009e-11,355.9687661534439,0.9837393476377405,0.08231533943197857,0.03168240003287792,16
94,55,random,-100.0,18681445.23607184,0,77.17203557778635,1439030161.5617938,0.06020438860423618,18494.068671796613,0.9837393476377405,4.234085460567081,0.021853000042028725,-1
94,55,latency_greedy,-0.2351345904674043,0.2351345904674043,1,2.3294720050209556,30.98047309170704,1.859239523752327e-05,560.9195825887356,0.9837393476377405,0.1293671373229806,6.3000014051795e-05,-1
94,55,block_balanced,-212.41233714420255,212.41233714420255,1,6.604532287957981,16342.048246622402,0.021388003151567872,1585.350051591249,0.6188631402398109,0.363562907473916,7.27999722585082e-05,-1
94,55,pdp_aware_greedy,-0.2351345904674043,0.2351345904674043,1,2.3294720050209556,30.98047309170704,1.859239523752327e-05,560.9195825887356,0.9837393476377405,0.1293671373229806,0.00039030006155371666,-1
94,55,local_search,-0.2351345904674043,0.2351345904674043,1,2.3294720050209556,30.98047309170704,1.859239523752327e-05,560.9195825887356,0.9837393476377405,0.1293671373229806,0.012414600001648068,-1
94,55,beam_search,-0.14739568688536703,0.14739568688536703,1,1.4739568036766038,30.81197906198242,5.555059349635009e-11,355.9687661534439,0.9837393476377405,0.08231533943197857,0.032332500093616545,-1
94,55,simulated_annealing,-0.2351345904674043,0.2351345904674043,1,2.3294720050209556,30.98047309170704,1.859239523752327e-05,560.9195825887356,0.9837393476377405,0.1293671373229806,0.006995599949732423,-1
94,55,block_beam_strong,-0.14739568688536703,0.14739568688536703,1,1.4739568036766038,30.81197906198242,5.555059349635009e-11,355.9687661534439,0.9837393476377405,0.08231533943197857,0.39356100000441074,-1
94,55,block_lns_strong,-0.14739568688536703,0.14739568688536703,1,1.4739568036766038,30.81197906198242,5.555059349635009e-11,355.9687661534439,0.9837393476377405,0.08231533943197857,0.05447979993186891,-1
94,55,hybrid_heuristic,-0.14739568688536703,0.14739568688536703,1,1.4739568036766038,30.81197906198242,5.555059349635009e-11,355.9687661534439,0.9837393476377405,0.08231533943197857,0.012715800083242357,-1
94,56,autoreg_rl_pure,-0.9102545058294218,0.9102545058294218,1,3.701906610637962,72.41306757469503,0.002913113716427393,922.5728648855454,0.9267526986160447,0.21634042685983923,0.02991210005711764,16
94,56,random,-100.0,469738834481.9346,0,118.23001118334946,36183957241172.52,0.09474788449918439,29375.49588860362,0.8849684118478335,6.9448218930544545,0.02527310000732541,-1
94,56,latency_greedy,-40222.938356117906,40222.938356117906,1,6.6366009542117474,3098350.4758915883,0.03926891861077372,1651.5391695655203,0.9335952774990638,0.3911131012677953,6.54000323265791e-05,-1
94,56,block_balanced,-14768311.145209303,14768311.145209303,1,13.307751405074486,1137602144.2336235,0.0594030647214879,3308.9695479593934,0.7374736765398613,0.7816892396562841,7.35999783501029e-05,-1
94,56,pdp_aware_greedy,-1.1579278189528128,1.1579278189528128,1,3.7189768494377997,91.35983765127476,0.00370547980029342,926.8026134430869,0.9335952774990638,0.2192532001494984,0.00030449999030679464,-1
94,56,local_search,-1.1579278189528128,1.1579278189528128,1,3.7189768494377997,91.35983765127476,0.00370547980029342,926.8026134430869,0.9335952774990638,0.2192532001494984,0.013194700004532933,-1
94,56,beam_search,-1.0121256601391944,1.0121256601391944,1,3.5970593372757236,81.06783511558949,0.0032980119393794327,896.4995430389503,0.9267526986160447,0.21021312375362503,0.03117890004068613,-1
94,56,simulated_annealing,-1.1487273099302209,1.1487273099302209,1,3.594730957823923,91.60818837155489,0.00371473475654043,895.9231206606266,0.9335952774990638,0.21197448090088306,0.007124399999156594,-1
94,56,block_beam_strong,-0.7883558410267837,0.7883558410267837,1,3.5198617781030967,64.42551032799177,0.0025146550278950016,877.3409830124108,0.9228468342132953,0.20570167744756446,0.3159038999583572,-1
94,56,block_lns_strong,-0.7072003734594894,0.7072003734594894,1,3.5173212920674235,58.19367836154734,0.0021678259377432615,876.706335778111,0.9267526986160447,0.20555321075426386,0.07284099992830306,-1
94,56,hybrid_heuristic,-0.7072003734594894,0.7072003734594894,1,3.5173212920674235,58.19367836154734,0.0021678259377432615,876.706335778111,0.9267526986160447,0.20555321075426386,0.013131400104612112,-1
94,57,autoreg_rl_pure,-0.45788365863562813,0.45788365863562813,1,3.0785594010306587,42.36860567697281,0.001085847787156543,881.9255992946323,0.9930983895222106,0.19227395488081137,0.028118400019593537,16
94,57,random,-100.0,61304221.714600675,0,105.3691822234675,4722260131.911464,0.06425561592362979,30094.042860109617,0.9463401028270372,6.580266401788818,0.024376000044867396,-1
94,57,latency_greedy,-6153.100130425613,6153.100130425613,1,8.179158480635635,473940.7812039703,0.03286797908681456,2338.5284620916896,0.9553953973656887,0.509414377040568,6.420002318918705e-05,-1
94,57,block_balanced,-202535.43016648712,202535.43016648712,1,12.997349166062492,15601224.023254476,0.044779838400867945,3714.528002448097,0.7178962091016726,0.8116854856988575,7.119996007531881e-05,-1
94,57,pdp_aware_greedy,-0.7703942002684256,0.7703942002684256,1,3.3600347825686656,64.27307259304881,0.0025065789070807757,962.2872227033846,0.9463401028270372,0.21078491144341163,0.000291600008495152,-1
94,57,local_search,-0.7703942002684256,0.7703942002684256,1,3.3600347825686656,64.27307259304881,0.0025065789070807757,962.2872227033846,0.9463401028270372,0.21078491144341163,0.013361699995584786,-1
94,57,beam_search,-0.45788365863562813,0.45788365863562813,1,3.0785594010306587,42.36860567697281,0.001085847787156543,881.9255992946323,0.9930983895222106,0.19227395488081137,0.03400630003307015,-1
94,57,simulated_annealing,-0.7703942002684256,0.7703942002684256,1,3.3600347825686656,64.27307259304881,0.0025065789070807757,962.2872227033846,0.9463401028270372,0.21078491144341163,0.006850999896414578,-1
94,57,block_beam_strong,-0.45985241853094494,0.45985241853094494,1,3.0182980247986118,42.984452204296495,0.0011350454906372007,864.711836091089,0.9230094117021506,0.18852426441616796,0.3491843000520021,-1
94,57,block_lns_strong,-0.45788365863562813,0.45788365863562813,1,3.0785594010306587,42.36860567697281,0.001085847787156543,881.9255992946323,0.9930983895222106,0.19227395488081137,0.07055619999300689,-1
94,57,hybrid_heuristic,-0.45788365863562813,0.45788365863562813,1,3.0785594010306587,42.36860567697281,0.001085847787156543,881.9255992946323,0.9930983895222106,0.19227395488081137,0.013244700036011636,-1
94,58,autoreg_rl_pure,-0.6916871658584798,0.6916871658584798,1,3.085056167988656,60.3284327453819,0.0022906488491273766,755.9277111406172,0.9637762405952146,0.21108242648396275,0.028130799997597933,16
94,58,random,-100.0,141795854422754.2,0,112.14104421761031,1.0922527065899122e+16,0.11421436632078426,27378.434895326656,0.9501707444205797,7.640190434332369,0.024961200077086687,-1
94,58,latency_greedy,-1033.6133924535904,1033.6133924535904,1,4.561679196922438,79614.85760698211,0.02678635006566762,1116.3650153136518,0.9637762405952146,0.31254358077345046,6.409990601241589e-05,-1
94,58,block_balanced,-66.98230738943175,66.98230738943175,1,6.193630485341257,5142.746024072813,0.017446429314952386,1514.8510658404284,0.6651195210944058,0.42302795060890563,7.489998824894428e-05,-1
94,58,pdp_aware_greedy,-152.6370668681163,152.6370668681163,1,4.061932324728781,11757.148015109722,0.02026541801732146,994.3699442082882,0.9637762405952146,0.27827918705192717,0.00031999999191612005,-1
94,58,local_search,-1.1969190878151093,1.1969190878151093,1,8.19088130424026,59.9162769559477,0.002267277649271469,2002.390127697753,0.9501707444205797,0.5566191854006443,0.018811200046911836,-1
94,58,beam_search,-0.8769345102199474,0.8769345102199474,1,3.066172619698122,74.74348562351862,0.0030211014483234777,751.307218000037,0.9637762405952146,0.20980346784307422,0.032418300048448145,-1
94,58,simulated_annealing,-1.1969190878151093,1.1969190878151093,1,8.19088130424026,59.9162769559477,0.002267277649271469,2002.390127697753,0.9501707444205797,0.5566191854006443,0.00715889991261065,-1
94,58,block_beam_strong,-0.7090945127411181,0.7090945127411181,1,3.231174731629015,60.543769230191025,0.002302796030800598,791.5925996188294,0.9501707444205797,0.22058149882272535,0.3696979000233114,-1
94,58,block_lns_strong,-0.6825011172195943,0.6825011172195943,1,3.0577707120762363,59.83101163174532,0.002262422632723111,749.3009179261014,0.9041531354577494,0.20849838745157329,0.06963799998629838,-1
94,58,hybrid_heuristic,-0.6825011172195943,0.6825011172195943,1,3.0577707120762363,59.83101163174532,0.002262422632723111,749.3009179261014,0.9041531354577494,0.20849838745157329,0.012009100057184696,-1
94,59,autoreg_rl_pure,-0.2713162980941368,0.2713162980941368,1,2.5965118634416013,31.71054149277232,9.799994016957202e-05,631.3744338357774,0.9971267951777567,0.14309389019653912,0.02756369998678565,16
94,59,random,-100.0,66032853.89169484,0,92.33444607499123,5086506515.463944,0.06450893300566994,22354.499090794605,0.9537166370940874,5.060137173810228,0.02842610003426671,-1
94,59,latency_greedy,-109.87666086175751,109.87666086175751,1,4.559141966180528,8459.486229202757,0.01914319794466003,1106.423891545769,0.9971267951777567,0.2505777972606099,7.469998672604561e-05,-1
94,59,block_balanced,-949754.5706511784,949754.5706511784,1,17.37365734331756,73159440.65302359,0.05004806428062013,4208.51897909371,0.8309389959814639,0.9514086084662641,7.350009400397539e-05,-1
94,59,pdp_aware_greedy,-1.5692371309509192,1.5692371309509192,1,3.3610174173225165,125.8003314951461,0.004796052356080469,816.4419619509043,0.9811420114941073,0.18354624479669274,0.0004120999947190285,-1
94,59,local_search,-1.5692371309509192,1.5692371309509192,1,3.3610174173225165,125.8003314951461,0.004796052356080469,816.4419619509043,0.9811420114941073,0.18354624479669274,0.013766299933195114,-1
94,59,beam_search,-0.3224981241493999,0.3224981241493999,1,2.905658551526005,33.271719529171584,0.00026184187707139914,706.210446771031,0.9971267951777567,0.15996464001629532,0.030069799977354705,-1
94,59,simulated_annealing,-1.5692371309509192,1.5692371309509192,1,3.3610174173225165,125.8003314951461,0.004796052356080469,816.4419619509043,0.9811420114941073,0.18354624479669274,0.006778900045901537,-1
94,59,block_beam_strong,-0.2713162980941368,0.2713162980941368,1,2.5965118634416013,31.71054149277232,9.799994016957202e-05,631.3744338357774,0.9971267951777567,0.14309389019653912,0.17703649995382875,-1
94,59,block_lns_strong,-0.2713162980941368,0.2713162980941368,1,2.5965118634416013,31.71054149277232,9.799994016957202e-05,631.3744338357774,0.9971267951777567,0.14309389019653912,0.07525750005152076,-1
94,59,hybrid_heuristic,-0.2713162980941368,0.2713162980941368,1,2.5965118634416013,31.71054149277232,9.799994016957202e-05,631.3744338357774,0.9971267951777567,0.14309389019653912,0.014600499998778105,-1
94,60,autoreg_rl_pure,-0.2888821987053211,0.2888821987053211,1,2.302770169387265,35.32633257015571,0.00046612479677185807,590.3739162951601,0.9956377753993184,0.1446863223332671,0.025654500001110137,16
94,60,random,-100.0,303408858.16428757,0,83.73145459852888,23371567467.451523,0.06970773767375019,21368.680817741453,0.9806452455368397,5.231482031106524,0.02336810005363077,-1
94,60,latency_greedy,-1.1011061144439092,1.1011061144439092,1,3.653969565769417,87.48361555626536,0.003557675351655561,935.150564520678,0.9809648931921126,0.2293506361424821,6.340001709759235e-05,-1
94,60,block_balanced,-10.759653579444539,10.759653579444539,1,6.369122850315625,810.5661978876942,0.011147538782664303,1628.000662146105,0.6300132793975639,0.39844056532798733,6.889994256198406e-05,-1
94,60,pdp_aware_greedy,-0.3743321786471402,0.3743321786471402,1,2.458084255294411,40.71215637368255,0.0009498852953096092,630.0175363376146,0.9806452455368397,0.15437887866080013,0.0003013999667018652,-1
94,60,local_search,-0.3743321786471402,0.3743321786471402,1,2.458084255294411,40.71215637368255,0.0009498852953096092,630.0175363376146,0.9806452455368397,0.15437887866080013,0.012365900096483529,-1
94,60,beam_search,-0.2885520441857363,0.2885520441857363,1,2.299468624191417,35.32633257015571,0.00046612479677185807,589.5460172837495,0.9956377753993184,0.14379374972075562,0.030635699979029596,-1
94,60,simulated_annealing,-0.3743321786471402,0.3743321786471402,1,2.458084255294411,40.71215637368255,0.0009498852953096092,630.0175363376146,0.9806452455368397,0.15437887866080013,0.006560400011949241,-1
94,60,block_beam_strong,-0.3014143842272273,0.3014143842272273,1,2.2954808872206924,36.34783545063903,0.0005633077795506964,588.5101757995135,0.9809648931921126,0.14411855840853272,0.39934360003098845,-1
94,60,block_lns_strong,-0.2885520441857363,0.2885520441857363,1,2.299468624191417,35.32633257015571,0.00046612479677185807,589.5460172837495,0.9956377753993184,0.14379374972075562,0.05321629997342825,-1
94,60,hybrid_heuristic,-0.2885520441857363,0.2885520441857363,1,2.299468624191417,35.32633257015571,0.00046612479677185807,589.5460172837495,0.9956377753993184,0.14379374972075562,0.013320900034159422,-1
94,61,autoreg_rl_pure,-0.3553477582439057,0.3553477582439057,1,2.875746026263501,36.032541104490086,0.0005336060339568562,816.1647021291705,0.9932756384345166,0.21542276080263015,0.027810100000351667,16
94,61,random,-100.0,7390165902.423315,0,128.31687102009795,569264082391.7561,0.08059274927548415,36295.411091325346,0.9318531877288495,9.55392869701906,0.024209999945014715,-1
94,61,latency_greedy,-92377.39883446468,92377.39883446468,1,8.170011024067158,7115793.959200078,0.04210349673139015,2313.556485579616,0.9932756384345166,0.6092212206810994,6.400002166628838e-05,-1
94,61,block_balanced,-82676.6022371466,82676.6022371466,1,11.702494091805134,6368514.9065750735,0.041725243023934544,3312.7302647545853,0.7007282969002916,0.8712377619852988,7.00999516993761e-05,-1
94,61,pdp_aware_greedy,-1.153884036956798,1.153884036956798,1,3.564039031511167,92.24183052188842,0.003738234654791537,1010.8814026686867,0.9932756384345166,0.2665538925978522,0.0003195999888703227,-1
94,61,local_search,-0.9058109465242592,0.9058109465242592,1,3.6031542693802656,72.83146919498759,0.0029327553966040022,1021.9465707121501,0.9932756384345166,0.2694610055259111,0.018738500075414777,-1
94,61,beam_search,-0.3553477582439057,0.3553477582439057,1,2.875746026263501,36.032541104490086,0.0005336060339568562,816.1647021291705,0.9932756384345166,0.21542276080263015,0.033316000015474856,-1
94,61,simulated_annealing,-0.9058109465242592,0.9058109465242592,1,3.6031542693802656,72.83146919498759,0.0029327553966040022,1021.9465707121501,0.9932756384345166,0.2694610055259111,0.006468600011430681,-1
94,61,block_beam_strong,-0.30908181544648106,0.30908181544648106,1,2.837181267884927,32.76574213775013,0.00020959827403770238,805.3170906798778,0.9406699750468348,0.21149517611938887,0.3340314000379294,-1
94,61,block_lns_strong,-0.30416347384430514,0.30416347384430514,1,2.784577918897866,32.79208586305094,0.00021233818555531817,790.4305658734814,0.9406699750468348,0.20759363213244755,0.06906209990847856,-1
94,61,hybrid_heuristic,-0.30416347384430514,0.30416347384430514,1,2.784577918897866,32.79208586305094,0.00021233818555531817,790.4305658734814,0.9406699750468348,0.20759363213244755,0.013139300048351288,-1
94,62,autoreg_rl_pure,-0.21741882402091717,0.21741882402091717,1,2.1734926126384186,30.81733697537276,5.928337513070719e-07,543.9767778164146,0.9803819601329161,0.11581180407977397,0.02743800007738173,16
94,62,random,-100.0,940040.9235657641,0,76.95155928105451,72410740.01042816,0.050012995271390484,19163.917709576766,0.9803819601329161,4.076368311652372,0.027995800017379224,-1
94,62,latency_greedy,-2163.860111102754,2163.860111102754,1,5.035545381945892,166674.0515744045,0.029305209470035974,1256.5910316220543,0.9756373319066174,0.2649791229802301,6.65000407025218e-05,-1
94,62,block_balanced,-144.35965574329984,144.35965574329984,1,6.641155638272244,11099.67173647638,0.020069232026652624,1656.4266973154686,0.7296927329512801,0.3501038336797279,7.109995931386948e-05,-1
94,62,pdp_aware_greedy,-0.236159583351298,0.236159583351298,1,2.3609072669853273,30.817282584195606,5.868166458869174e-07,590.6541112843032,0.9803819601329161,0.12573946733335664,0.0002980999415740371,-1
94,62,local_search,-0.2316006281312444,0.2316006281312444,1,2.315317715083796,30.817282581892375,5.868163910877909e-07,579.3005858529167,0.9803819601329161,0.12333265822187454,0.020489500020630658,-1
94,62,beam_search,-0.21741882402091717,0.21741882402091717,1,2.1734926126384186,30.81733697537276,5.928337513070719e-07,543.9767778164146,0.9803819601329161,0.11581180407977397,0.03146159998141229,-1
94,62,simulated_annealing,-0.2316006281312444,0.2316006281312444,1,2.315317715083796,30.817282581892375,5.868163910877909e-07,579.3005858529167,0.9803819601329161,0.12333265822187454,0.00646569998934865,-1
94,62,block_beam_strong,-0.2316006281312444,0.2316006281312444,1,2.315317715083796,30.817282581892375,5.868163910877909e-07,579.3005858529167,0.9803819601329161,0.12333265822187454,0.3226463000755757,-1
94,62,block_lns_strong,-0.21741882402091717,0.21741882402091717,1,2.1734926126384186,30.81733697537276,5.928337513070719e-07,543.9767778164146,0.9803819601329161,0.11581180407977397,0.07628899998962879,-1
94,62,hybrid_heuristic,-0.21741882402091717,0.21741882402091717,1,2.1734926126384186,30.81733697537276,5.928337513070719e-07,543.9767778164146,0.9803819601329161,0.11581180407977397,0.012737700017169118,-1
94,63,autoreg_rl_pure,-0.2933069019068169,0.2933069019068169,1,2.8777102749400236,31.23840666921901,4.6858897023769504e-05,731.9401569052728,0.9686104207761007,0.13630654003683196,0.027816599933430552,16
94,63,random,-100.0,4.467347251020232e+19,0,158.0488746965183,3.441195192954251e+21,0.15737668969747928,40045.27454968564,0.9066834265452763,7.519999575939059,0.027744999970309436,-1
94,63,latency_greedy,-1971.3772684336059,1971.3772684336059,1,13.209379942195595,151784.14551691135,0.028986173107684143,3349.502595112923,0.9686104207761007,0.6281872134829471,6.46000262349844e-05,-1
94,63,block_balanced,-1489.358146480186,1489.358146480186,1,16.22871168095061,114630.98049295621,0.028029066724833143,4114.50459740234,0.762501245463896,0.7713441525661915,7.35999783501029e-05,-1
94,63,pdp_aware_greedy,-0.3013855459435331,0.3013855459435331,1,2.959084691133574,31.233877494579897,4.636456862126522e-05,752.5598506729995,0.9686104207761007,0.1401609465125121,0.0004762000171467662,-1
94,63,local_search,-0.2933069019068169,0.2933069019068169,1,2.8777102749400236,31.23840666921901,4.6858897023769504e-05,731.9401569052728,0.9686104207761007,0.13630654003683196,0.01870509993750602,-1
94,63,beam_search,-0.28704204285941914,0.28704204285941914,1,2.8128197325851545,31.25567641254061,4.874311383956041e-05,715.5145078575833,0.9150014945566751,0.1332329139715082,0.03212900005746633,-1
94,63,simulated_annealing,-0.2902376271717895,0.2902376271717895,1,2.845825116810529,31.247591803060004,4.7861171475639265e-05,723.8717498579646,0.923680173216563,0.13479625749692295,0.006876399973407388,-1
94,63,block_beam_strong,-0.2933069019068169,0.2933069019068169,1,2.8777102749400236,31.23840666921901,4.6858897023769504e-05,731.9401569052728,0.9686104207761007,0.13630654003683196,0.20257680001668632,-1
94,63,block_lns_strong,-0.28704204285941914,0.28704204285941914,1,2.8128197325851545,31.25567641254061,4.874311383956041e-05,715.5145078575833,0.9150014945566751,0.1332329139715082,0.06609609990846366,-1
94,63,hybrid_heuristic,-0.28704204285941914,0.28704204285941914,1,2.8128197325851545,31.25567641254061,4.874311383956041e-05,715.5145078575833,0.9150014945566751,0.1332329139715082,0.012468800065107644,-1
95,0,autoreg_rl_pure,-0.9392677259917974,0.9392677259917974,1,3.0361960981518292,79.77591887814836,0.003243244381266921,886.1042155126985,0.9966047230687353,0.18909705181099076,0.0278361999662593,16
95,0,random,-100.0,3475483272.807905,0,120.47346544677727,267716289320.63315,0.0780207837184072,35047.904550180894,0.8821130500751515,7.466114524697328,0.024224900058470666,-1
95,0,latency_greedy,-100.0,26217.130751275505,0,28.373274566065405,2019316.42932421,0.03780939850178604,8256.487432290714,0.9912502593755464,1.7549676775118004,6.370001938194036e-05,-1
95,0,block_balanced,-100.0,313979.61600954266,0,39.24763214596905,24185561.479526367,0.046274458503461305,11419.806976526217,0.7434376945316599,2.4260863165650264,6.760004907846451e-05,-1
95,0,pdp_aware_greedy,-1.073981099797034,1.073981099797034,1,2.852699933332419,91.56635281576423,0.003713177485095551,832.7267650741129,0.9831907834769338,0.17777342985620093,0.00038460001815110445,-1
95,0,local_search,-1.073981099797034,1.073981099797034,1,2.852699933332419,91.56635281576423,0.003713177485095551,832.7267650741129,0.9831907834769338,0.17777342985620093,0.012883099960163236,-1
95,0,beam_search,-1.6308199285820657,1.6308199285820657,1,4.512420550451545,121.67479893287346,0.004682375363552801,1315.5445429220522,0.9912502593755464,0.2816374549917392,0.0308603000594303,-1
95,0,simulated_annealing,-1.073981099797034,1.073981099797034,1,2.852699933332419,91.56635281576423,0.003713177485095551,832.7267650741129,0.9831907834769338,0.17777342985620093,0.00680779991671443,-1
95,0,block_beam_strong,-0.7323423034796651,0.7323423034796651,1,3.043912671918961,63.77702394691362,0.0024801651358017205,888.3543592378935,0.9831907834769338,0.18958889287139294,0.3178207000019029,-1
95,0,block_lns_strong,-0.7323423034796651,0.7323423034796651,1,3.043912671918961,63.77702394691362,0.0024801651358017205,888.3543592378935,0.9831907834769338,0.18958889287139294,0.07546770002227277,-1
95,0,hybrid_heuristic,-0.7323423034796651,0.7323423034796651,1,3.043912671918961,63.77702394691362,0.0024801651358017205,888.3543592378935,0.9831907834769338,0.18958889287139294,0.0132468999363482,-1
95,1,autoreg_rl_pure,-0.21842347412792068,0.21842347412792068,1,2.1842181924614383,30.812106035378395,1.4104573888492481e-08,531.7030161663994,0.9798596604448722,0.1258956766734097,0.029388200026005507,16
95,1,random,-100.0,2732.146924360248,0,78.50279135876012,209883.23653737427,0.030091070939329584,19006.534664533363,0.900747125970754,4.540877580498147,0.024800900020636618,-1
95,1,latency_greedy,-1023.7197519576723,1023.7197519576723,1,5.306015110006076,78847.01739433374,0.026753310575011954,1287.341556782576,0.9751173780345451,0.30831487240463984,9.139999747276306e-05,-1
95,1,block_balanced,-1791.78151932935,1791.78151932935,1,7.581549494662787,137993.24573754895,0.0286614298136784,1838.2385290551088,0.7348947453336542,0.43952191789100314,7.770000956952572e-05,-1
95,1,pdp_aware_greedy,-0.6794307871963452,0.6794307871963452,1,2.9798361646970912,60.1948336753556,0.0022830906800742025,724.2551591185528,0.9751173780345451,0.17332580780715756,0.00030049995984882116,-1
95,1,local_search,-0.6794307871963452,0.6794307871963452,1,2.9798361646970912,60.1948336753556,0.0022830906800742025,724.2551591185528,0.9751173780345451,0.17332580780715756,0.013731200015172362,-1
95,1,beam_search,-0.2478603259546726,0.2478603259546726,1,2.3083824522946634,32.1231885257997,0.00014207759057087037,561.7185463500688,0.9729651481224624,0.1334993960994595,0.03154840006027371,-1
95,1,simulated_annealing,-0.6794307871963452,0.6794307871963452,1,2.9798361646970912,60.1948336753556,0.0022830906800742025,724.2551591185528,0.9751173780345451,0.17332580780715756,0.0067316999193280935,-1
95,1,block_beam_strong,-0.22341306971929986,0.22341306971929986,1,2.2341141483752303,30.812106035378395,1.4104573888226349e-08,543.7781195425256,0.9729651481224624,0.12877161880900492,0.34766129998024553,-1
95,1,block_lns_strong,-0.21842347412792068,0.21842347412792068,1,2.1842181924614383,30.812106035378395,1.4104573888492481e-08,531.7030161663994,0.9798596604448722,0.1258956766734097,0.06683410005643964,-1
95,1,hybrid_heuristic,-0.21842347412792068,0.21842347412792068,1,2.1842181924614383,30.812106035378395,1.4104573888492481e-08,531.7030161663994,0.9798596604448722,0.1258956766734097,0.012755899922922254,-1
95,2,autoreg_rl_pure,-0.2993674531506913,0.2993674531506913,1,2.4766671070230757,34.794483979553185,0.00041440780464977047,705.8620878864522,0.948709142064034,0.1890910625846054,0.0280658999690786,16
95,2,random,-100.0,11370700.553551532,0,117.69484437272618,875883578.3775827,0.058511744347991244,33413.72856547794,0.9212646163860201,8.917961757174245,0.02393829997163266,-1
95,2,latency_greedy,-665.2069024019062,665.2069024019062,1,4.037125969264971,51240.56605565993,0.025284015747426863,1148.8324991012023,0.948709142064034,0.30736339719901884,6.310001481324434e-05,-1
95,2,block_balanced,-16.297306583125057,16.297306583125057,1,6.337865369884708,1237.3720881461677,0.012589676348238864,1801.9725222981428,0.6922579517224109,0.4813028917989211,6.880005821585655e-05,-1
95,2,pdp_aware_greedy,-0.3761257220710488,0.3761257220710488,1,2.5865303805127553,39.86089311340872,0.0008778452245359894,737.0483234674775,0.948709142064034,0.19741816532005843,0.0003074998967349529,-1
95,2,local_search,-0.2969590606567677,0.2969590606567677,1,2.4525525623767517,34.79471984299276,0.0004144309147932516,699.014725267011,0.948709142064034,0.18726393095954894,0.01770070008933544,-1
95,2,beam_search,-0.2993674531506913,0.2993674531506913,1,2.4766671070230757,34.794483979553185,0.00041440780464977047,705.8620878864522,0.948709142064034,0.1890910625846054,0.031700999941676855,-1
95,2,simulated_annealing,-0.2969590606567677,0.2969590606567677,1,2.4525525623767517,34.79471984299276,0.0004144309147932516,699.014725267011,0.948709142064034,0.18726393095954894,0.007059599971398711,-1
95,2,block_beam_strong,-0.2993674531506913,0.2993674531506913,1,2.4766671070230757,34.794483979553185,0.00041440780464977047,705.8620878864522,0.948709142064034,0.1890910625846054,0.3432606999995187,-1
95,2,block_lns_strong,-0.2969590606567677,0.2969590606567677,1,2.4525525623767517,34.79471984299276,0.0004144309147932516,699.014725267011,0.948709142064034,0.18726393095954894,0.07148520008195192,-1
95,2,hybrid_heuristic,-0.2969590606567677,0.2969590606567677,1,2.4525525623767517,34.79471984299276,0.0004144309147932516,699.014725267011,0.948709142064034,0.18726393095954894,0.012337699998170137,-1
95,3,autoreg_rl_pure,-0.45736790635602453,0.45736790635602453,1,2.7811959457200763,44.619466408903,0.0012623173277949706,754.458850472141,0.9517276759216887,0.16205450394676832,0.027251000050455332,16
95,3,random,-100.0,4941951476997.025,0,98.78638407149981,380678257382810.4,0.10277091277654912,26692.65960669347,0.9592688990036831,5.761150641406115,0.024419000023044646,-1
95,3,latency_greedy,-1331.394282678966,1331.394282678966,1,6.112911891954576,102540.95448279518,0.027649090282204983,1654.5406913569855,0.9592688990036831,0.3555501868636958,6.340001709759235e-05,-1
95,3,block_balanced,-6062215.643079526,6062215.643079526,1,16.84136020818941,466972047.1335741,0.05636747408082392,4553.150724585215,0.6805045033603283,0.984591524032097,6.889994256198406e-05,-1
95,3,pdp_aware_greedy,-0.4634639115713668,0.4634639115713668,1,2.842155997873499,44.619466408903,0.0012623173277949706,770.9228859161435,0.9592688990036831,0.16532922005111456,0.0003043999895453453,-1
95,3,local_search,-0.4634639115713668,0.4634639115713668,1,2.842155997873499,44.619466408903,0.0012623173277949706,770.9228859161435,0.9592688990036831,0.16532922005111456,0.01297600008547306,-1
95,3,beam_search,-0.45736790635602453,0.45736790635602453,1,2.7811959457200763,44.619466408903,0.0012623173277949706,754.458850472141,0.9517276759216887,0.16205450394676832,0.030745500000193715,-1
95,3,simulated_annealing,-0.4634639115713668,0.4634639115713668,1,2.842155997873499,44.619466408903,0.0012623173277949706,770.9228859161435,0.9592688990036831,0.16532922005111456,0.008255199994891882,-1
95,3,block_beam_strong,-0.45736790635602453,0.45736790635602453,1,2.7811959457200763,44.619466408903,0.0012623173277949706,754.458850472141,0.9517276759216887,0.16205450394676832,0.3453834999818355,-1
95,3,block_lns_strong,-0.45736790635602453,0.45736790635602453,1,2.7811959457200763,44.619466408903,0.0012623173277949706,754.458850472141,0.9517276759216887,0.16205450394676832,0.0652714999159798,-1
95,3,hybrid_heuristic,-0.45736790635602453,0.45736790635602453,1,2.7811959457200763,44.619466408903,0.0012623173277949706,754.458850472141,0.9517276759216887,0.16205450394676832,0.012031799997203052,-1
95,4,autoreg_rl_pure,-0.2725925793685292,0.2725925793685292,1,2.487045400553482,32.6520729478147,0.00019775065586497098,701.8325721564104,0.9499274350981727,0.13040692400898563,0.02816380001604557,16
95,4,random,-100.0,961480318.0278726,0,66.9561442041741,74062776877.20804,0.07363989731888201,18821.965487792404,0.9399027979794836,3.5074293994101455,0.026211599935777485,-1
95,4,latency_greedy,-3599.1707045597095,3599.1707045597095,1,5.463811074469666,277232.6507271387,0.031039873765146567,1538.4995830236164,0.9499274350981727,0.28591346359381475,6.230000872164965e-05,-1
95,4,block_balanced,-14097.298980890082,14097.298980890082,1,9.2187722082362,1085873.9847057057,0.03569441303991436,2593.925680154739,0.7239550439945575,0.48391396826553945,6.830005440860987e-05,-1
95,4,pdp_aware_greedy,-0.304067091443193,0.304067091443193,1,2.703314253983581,33.41063510711933,0.00027604633070474875,762.6187269844119,0.9399027979794836,0.14240997980252848,0.0003136999439448118,-1
95,4,local_search,-0.2974029708283868,0.2974029708283868,1,2.6422050673015476,33.368021990824246,0.00027169532597899626,745.4422667917113,0.9218034736147382,0.13909271540149565,0.018169400049373507,-1
95,4,beam_search,-0.2538482097408329,0.2538482097408329,1,2.500330562533003,31.105859628575512,3.236256745997315e-05,705.5665853297734,0.9499274350981727,0.13155991946424409,0.03143189998809248,-1
95,4,simulated_annealing,-0.2974029708283868,0.2974029708283868,1,2.6422050673015476,33.368021990824246,0.00027169532597899626,745.4422667917113,0.9218034736147382,0.13909271540149565,0.0066223000176250935,-1
95,4,block_beam_strong,-0.25981632860347936,0.25981632860347936,1,2.5528150113162016,31.16129607701352,3.843301021300881e-05,720.318921151187,0.868746052793469,0.1344100830631201,0.292575899977237,-1
95,4,block_lns_strong,-0.2538482097408329,0.2538482097408329,1,2.500330562533003,31.105859628575512,3.236256745997315e-05,705.5665853297734,0.9499274350981727,0.13155991946424409,0.06877579994034022,-1
95,4,hybrid_heuristic,-0.2538482097408329,0.2538482097408329,1,2.500330562533003,31.105859628575512,3.236256745997315e-05,705.5665853297734,0.9499274350981727,0.13155991946424409,0.013401900068856776,-1
95,5,autoreg_rl_pure,-0.2555961195617032,0.2555961195617032,1,2.5559611956169324,30.811978559924594,8.456394037683657e-17,712.9195396675278,0.9472628528961503,0.12415048236394699,0.025556899956427515,16
95,5,random,-100.0,17901379929.280003,0,92.94043850599493,1378942335749.9575,0.08360897243879999,25815.776981529707,0.9430500024599873,4.533800832821629,0.02536919992417097,-1
95,5,latency_greedy,-100.0,415422.91034950264,0,21.287275247389083,31999871.353686515,0.04722895598050491,5915.165908541459,0.9430500024599873,1.0376142892279294,6.410002242773771e-05,-1
95,5,block_balanced,-100.0,3600243243.301846,0,48.34781071815144,277326543716.2067,0.07814101933780432,13430.871373998818,0.7893857107467919,2.3533105236152663,7.159996312111616e-05,-1
95,5,pdp_aware_greedy,-0.2754886386959788,0.2754886386959788,1,2.7527797872165296,30.82820568645473,1.7949881524790223e-06,767.5828051351018,0.9472628528961503,0.13371053481199863,0.0002978000557050109,-1
95,5,local_search,-0.2754886386959788,0.2754886386959788,1,2.7527797872165296,30.82820568645473,1.7949881524790223e-06,767.5828051351018,0.9472628528961503,0.13371053481199863,0.013863099971786141,-1
95,5,beam_search,-0.2754886386959788,0.2754886386959788,1,2.7527797872165296,30.82820568645473,1.7949881524790223e-06,767.5828051351018,0.9472628528961503,0.13371053481199863,0.030708699952811003,-1
95,5,simulated_annealing,-0.2754886386959788,0.2754886386959788,1,2.7527797872165296,30.82820568645473,1.7949881524790223e-06,767.5828051351018,0.9472628528961503,0.13371053481199863,0.006938699982129037,-1
95,5,block_beam_strong,-0.2601981796281716,0.2601981796281716,1,2.601505241148505,30.815649461560607,4.061450621767148e-07,725.5686813523968,0.9472628528961503,0.12636268935333578,0.24112500005867332,-1
95,5,block_lns_strong,-0.2601981796281716,0.2601981796281716,1,2.601505241148505,30.815649461560607,4.061450621767148e-07,725.5686813523968,0.9472628528961503,0.12636268935333578,0.07265819993335754,-1
95,5,hybrid_heuristic,-0.2601981796281716,0.2601981796281716,1,2.601505241148505,30.815649461560607,4.061450621767148e-07,725.5686813523968,0.9472628528961503,0.12636268935333578,0.013707600068300962,-1
95,6,autoreg_rl_pure,-0.2832758230593082,0.2832758230593082,1,2.4887861147979593,33.46159392419657,0.0002812421914675022,541.2614378567896,0.9982848481116898,0.08889537758710159,0.03089459997136146,16
95,6,random,-100.0,2.5742617383429852e+20,0,133.45315845330794,1.982952437236407e+22,0.16334742204452485,28873.68227914014,0.9534333054469173,4.715769982665832,0.02369509998243302,-1
95,6,latency_greedy,-0.4013298842676763,0.4013298842676763,1,3.000734401059598,38.61175702633616,0.0007692996796880173,651.9969894694373,0.9534333054469173,0.10700189234050932,6.450002547353506e-05,-1
95,6,block_balanced,-140.0731011892577,140.0731011892577,1,6.907197884146629,10767.429346944677,0.019965626926897597,1497.1297564118124,0.6987993936781829,0.24444204363571645,6.849993951618671e-05,-1
95,6,pdp_aware_greedy,-1.1848901452614475,1.1848901452614475,1,3.1251669434157447,98.01085872489855,0.003945052925106955,678.9340926374543,0.9982848481116898,0.11136807399484609,0.0003056999994441867,-1
95,6,local_search,-0.4013298842676763,0.4013298842676763,1,3.000734401059598,38.61175702633616,0.0007692996796880173,651.9969894694373,0.9534333054469173,0.10700189234050932,0.0128767000278458,-1
95,6,beam_search,-0.2832758230593082,0.2832758230593082,1,2.4887861147979593,33.46159392419657,0.0002812421914675022,541.2614378567896,0.9982848481116898,0.08889537758710159,0.03230810002423823,-1
95,6,simulated_annealing,-0.4013298842676763,0.4013298842676763,1,3.000734401059598,38.61175702633616,0.0007692996796880173,651.9969894694373,0.9534333054469173,0.10700189234050932,0.006662300089374185,-1
95,6,block_beam_strong,-0.2832758230593082,0.2832758230593082,1,2.4887861147979593,33.46159392419657,0.0002812421914675022,541.2614378567896,0.9982848481116898,0.08889537758710159,0.35570949991233647,-1
95,6,block_lns_strong,-0.2832758230593082,0.2832758230593082,1,2.4887861147979593,33.46159392419657,0.0002812421914675022,541.2614378567896,0.9982848481116898,0.08889537758710159,0.07054580003023148,-1
95,6,hybrid_heuristic,-0.2832758230593082,0.2832758230593082,1,2.4887861147979593,33.46159392419657,0.0002812421914675022,541.2614378567896,0.9982848481116898,0.08889537758710159,0.013005799963138998,-1
95,7,autoreg_rl_pure,-3.2511962418758933,3.2511962418758933,1,2.9565722602004736,258.47699053384554,0.0072510617027554645,723.6426790850669,0.9681617254339896,0.14182526690117664,0.029006300028413534,16
95,7,random,-100.0,2.1794253976378134e+17,0,124.73119758597328,1.678810215624244e+19,0.13922978763280114,30407.2150931902,0.9634026151720013,6.002493948194885,0.024230499984696507,-1
95,7,latency_greedy,-16053.170467390304,16053.170467390304,1,9.667239555090246,1236531.2059341646,0.03613735432892826,2359.3677766611586,0.9948229493578521,0.4722745988989177,7.910002022981644e-05,-1
95,7,block_balanced,-29463.783608194175,29463.783608194175,1,16.086449629185164,2269500.570218075,0.03820759687885274,3924.1450025979366,0.6963760645504965,0.7830507017605495,7.219996768981218e-05,-1
95,7,pdp_aware_greedy,-6.911805771199748,6.911805771199748,1,3.0429002964542513,539.7885619677513,0.009761505275431343,744.6550967165517,0.9948229493578521,0.1485091091214632,0.00039569998625665903,-1
95,7,local_search,-6.838684297216857,6.838684297216857,1,4.557748026567232,522.4871548007264,0.009650443027044348,1113.918331047697,0.9948229493578521,0.22152091718739814,0.01908019999973476,-1
95,7,beam_search,-23.00056266097641,23.00056266097641,1,3.3000658787242765,1777.1236977250007,0.013823832257975417,807.3875286211871,0.9634026151720013,0.15901562447379003,0.030515999998897314,-1
95,7,simulated_annealing,-6.838684297216857,6.838684297216857,1,4.557748026567232,522.4871548007264,0.009650443027044348,1113.918331047697,0.9948229493578521,0.22152091718739814,0.006598900072276592,-1
95,7,block_beam_strong,-2.9553355375755337,2.9553355375755337,1,3.0699393581935137,234.81359019158836,0.006923727285189945,751.279106669828,0.9634026151720013,0.14726342890624952,0.31883969996124506,-1
95,7,block_lns_strong,-2.9553355375755337,2.9553355375755337,1,3.0699393581935137,234.81359019158836,0.006923727285189945,751.279106669828,0.9634026151720013,0.14726342890624952,0.07228840002790093,-1
95,7,hybrid_heuristic,-2.9553355375755337,2.9553355375755337,1,3.0699393581935137,234.81359019158836,0.006923727285189945,751.279106669828,0.9634026151720013,0.14726342890624952,0.01360559999011457,-1
95,8,autoreg_rl_pure,-0.2598912823213689,0.2598912823213689,1,2.577789419857903,30.974692022751597,1.79561646944999e-05,771.5441044890915,0.9316935717998778,0.18656974094375084,0.027400400023907423,16
95,8,random,-100.0,194651.16077930952,0,61.501421090937434,14993525.548352472,0.04464438739019414,18338.61975077655,0.8958484372880051,4.448910812628219,0.02300230006221682,-1
95,8,latency_greedy,-126773787.26985627,126773787.26985627,1,11.881185371714844,9765377977.58916,0.06673259778994899,3545.096311778184,0.9913588430878141,0.8618480152480138,8.979998528957367e-05,-1
95,8,block_balanced,-100.0,10832476.399628853,0,15.11038867467352,834424990.8573483,0.05834643059052967,4507.901082683427,0.6718863279660039,1.0949565512053714,7.379997987300158e-05,-1
95,8,pdp_aware_greedy,-0.5106910513201246,0.5106910513201246,1,3.1074277889062243,46.2139832679029,0.001382022193839224,929.4276542089026,0.9913588430878141,0.22597513970831534,0.0003082000184804201,-1
95,8,local_search,-0.43159107248211503,0.43159107248211503,1,2.8951945067480827,41.75574797267468,0.0010361737480469235,866.1480878690385,0.9913588430878141,0.21062742232873713,0.019367199973203242,-1
95,8,beam_search,-0.4355564453448558,0.4355564453448558,1,2.934848235377819,41.75574797265675,0.0010361737480454592,877.980626734622,0.9913588430878141,0.21349199724830956,0.030635599978268147,-1
95,8,simulated_annealing,-0.43159107248211503,0.43159107248211503,1,2.8951945067480827,41.75574797267468,0.0010361737480469235,866.1480878690385,0.9913588430878141,0.21062742232873713,0.006821200018748641,-1
95,8,block_beam_strong,-0.2598912823213689,0.2598912823213689,1,2.577789419857903,30.974692022751597,1.79561646944999e-05,771.5441044890915,0.9316935717998778,0.18656974094375084,0.3624249999411404,-1
95,8,block_lns_strong,-0.2598912823213689,0.2598912823213689,1,2.577789419857903,30.974692022751597,1.79561646944999e-05,771.5441044890915,0.9316935717998778,0.18656974094375084,0.07799520005937666,-1
95,8,hybrid_heuristic,-0.2598912823213689,0.2598912823213689,1,2.577789419857903,30.974692022751597,1.79561646944999e-05,771.5441044890915,0.9316935717998778,0.18656974094375084,0.013828399940393865,-1
95,9,autoreg_rl_pure,-0.34962348505253943,0.34962348505253943,1,2.466147079819011,38.74673913638503,0.0007811970921209291,729.8483581670941,0.9570521735800681,0.15517632413605392,0.028070000000298023,16
95,9,random,-100.0,1.0087289885335464e+17,0,135.246885068694,7.770233991867317e+18,0.1366034332051572,39870.25117504716,0.9570521735800681,8.467372912584521,0.026185199967585504,-1
95,9,latency_greedy,-3.1746405186569895,3.1746405186569895,1,3.1263573141747916,251.2720539169817,0.007154681785397246,924.36394991683,0.9700304393084384,0.19650938143847305,6.440002471208572e-05,-1
95,9,block_balanced,-3.8279318095080654,3.8279318095080654,1,4.664759298421721,289.7447447959123,0.007640372011508925,1377.913680532854,0.7390336779235395,0.29254130966915426,6.889994256198406e-05,-1
95,9,pdp_aware_greedy,-3.1746405186569895,3.1746405186569895,1,3.1263573141747916,251.2720539169817,0.007154681785397246,924.36394991683,0.9700304393084384,0.19650938143847305,0.00030170008540153503,-1
95,9,local_search,-3.1746405186569895,3.1746405186569895,1,3.1263573141747916,251.2720539169817,0.007154681785397246,924.36394991683,0.9700304393084384,0.19650938143847305,0.012526499922387302,-1
95,9,beam_search,-0.34962348505253943,0.34962348505253943,1,2.466147079819011,38.74673913638503,0.0007811970921209291,729.8483581670941,0.9570521735800681,0.15517632413605392,0.03178020007908344,-1
95,9,simulated_annealing,-3.1746405186569895,3.1746405186569895,1,3.1263573141747916,251.2720539169817,0.007154681785397246,924.36394991683,0.9700304393084384,0.19650938143847305,0.006811299943365157,-1
95,9,block_beam_strong,-0.5606812587173677,0.5606812587173677,1,2.899745798698324,51.66449952161994,0.0017621098901719392,857.662394535095,0.9570521735800681,0.18189797887145934,0.21225089998915792,-1
95,9,block_lns_strong,-0.34962348505253943,0.34962348505253943,1,2.466147079819011,38.74673913638503,0.0007811970921209291,729.8483581670941,0.9570521735800681,0.15517632413605392,0.0748559000203386,-1
95,9,hybrid_heuristic,-0.34962348505253943,0.34962348505253943,1,2.466147079819011,38.74673913638503,0.0007811970921209291,729.8483581670941,0.9570521735800681,0.15517632413605392,0.014587400015443563,-1
95,10,autoreg_rl_pure,-0.2650681661027119,0.2650681661027119,1,2.648335059599189,30.83005441814534,1.9994284491611565e-06,627.972098132425,0.9708028966020681,0.12045943889585989,0.028013600036501884,16
95,10,random,-100.0,2119707178859164.8,0,150.9143006304965,1.6328093037081187e+17,0.12343507142951911,35618.79152527978,0.9144230556330589,6.867021273262978,0.02471619995776564,-1
95,10,latency_greedy,-0.9001527619696081,0.9001527619696081,1,3.337113710169465,74.44492854364093,0.0030074563478282848,790.5238800236955,0.9442376367731294,0.15267395228773392,0.00013689999468624592,-1
95,10,block_balanced,-8347.738087235766,8347.738087235766,1,9.578357748356133,642982.8473595844,0.03390791005491376,2263.4959514993793,0.7281021724515511,0.435840231994963,8.120003622025251e-05,-1
95,10,pdp_aware_greedy,-0.2650681661027119,0.2650681661027119,1,2.648335059599189,30.83005441814534,1.9994284491611565e-06,627.972098132425,0.9708028966020681,0.12045943889585989,0.0003011999651789665,-1
95,10,local_search,-0.2650681661027119,0.2650681661027119,1,2.648335059599189,30.83005441814534,1.9994284491611565e-06,627.972098132425,0.9708028966020681,0.12045943889585989,0.013998799957334995,-1
95,10,beam_search,-0.2650681661027119,0.2650681661027119,1,2.648335059599189,30.83005441814534,1.9994284491611565e-06,627.972098132425,0.9708028966020681,0.12045943889585989,0.032517599989660084,-1
95,10,simulated_annealing,-0.2650681661027119,0.2650681661027119,1,2.648335059599189,30.83005441814534,1.9994284491611565e-06,627.972098132425,0.9708028966020681,0.12045943889585989,0.007008300046436489,-1
95,10,block_beam_strong,-0.2650681661027119,0.2650681661027119,1,2.648335059599189,30.83005441814534,1.9994284491611565e-06,627.972098132425,0.9708028966020681,0.12045943889585989,0.317486000014469,-1
95,10,block_lns_strong,-0.2650681661027119,0.2650681661027119,1,2.648335059599189,30.83005441814534,1.9994284491611565e-06,627.972098132425,0.9708028966020681,0.12045943889585989,0.07014990004245192,-1
95,10,hybrid_heuristic,-0.2650681661027119,0.2650681661027119,1,2.648335059599189,30.83005441814534,1.9994284491611565e-06,627.972098132425,0.9708028966020681,0.12045943889585989,0.01445470005273819,-1
95,11,autoreg_rl_pure,-1.9907455389757778,1.9907455389757778,1,3.9327335968967017,153.86517490551967,0.005482601839229584,1005.8469459906289,0.976121657228016,0.1837280614717543,0.027734700008295476,16
95,11,random,-100.0,4.524005902692801e+29,0,293.05813416778847,3.4848393219684853e+31,0.23591964151073744,74731.69713840296,0.976121657228016,13.694883690227496,0.02887479995843023,-1
95,11,latency_greedy,-9942054.15165277,9942054.15165277,1,19.688232415715262,765835777.5594469,0.05805400518348814,5023.353989270103,0.9355410127074512,0.9200927668403328,6.790005136281252e-05,-1
95,11,block_balanced,-100.0,12528646.57613749,0,23.076442925424754,965080827.2762908,0.058842365120860746,5887.378749118002,0.7982887345262828,1.077957074619201,7.529999129474163e-05,-1
95,11,pdp_aware_greedy,-50.26890693088072,50.26890693088072,1,4.430679928169094,3868.8936812845236,0.01647610448541419,1132.7911488942118,0.976121657228016,0.2061027459553151,0.00029969995375722647,-1
95,11,local_search,-50.26890693088072,50.26890693088072,1,4.430679928169094,3868.8936812845236,0.01647610448541419,1132.7911488942118,0.976121657228016,0.2061027459553151,0.01201569999102503,-1
95,11,beam_search,-1.503018316539976,1.503018316539976,1,5.334212915370248,105.49998542531598,0.004196081789808216,1363.218825077311,0.976121657228016,0.24892093042637173,0.03151360002811998,-1
95,11,simulated_annealing,-50.26890693088072,50.26890693088072,1,4.430679928169094,3868.8936812845236,0.01647610448541419,1132.7911488942118,0.976121657228016,0.2061027459553151,0.00669990002643317,-1
95,11,block_beam_strong,-7.130315796230794,7.130315796230794,1,3.8847792342367677,550.135388538462,0.009826235617541685,993.6110856881526,0.9579464814315394,0.18162875560598496,0.2533711999421939,-1
95,11,block_lns_strong,-1.503018316539976,1.503018316539976,1,5.334212915370248,105.49998542531598,0.004196081789808216,1363.218825077311,0.976121657228016,0.24892093042637173,0.07959540002048016,-1
95,11,hybrid_heuristic,-1.503018316539976,1.503018316539976,1,5.334212915370248,105.49998542531598,0.004196081789808216,1363.218825077311,0.976121657228016,0.24892093042637173,0.013328599976375699,-1
95,12,autoreg_rl_pure,-0.24736847894234074,0.24736847894234074,1,2.4034720431385455,31.352826968214462,5.932337035547884e-05,557.1474778735344,0.9209114946859921,0.13052044219437905,0.02795500005595386,16
95,12,random,-100.0,8.534028885866395,0,72.92558070284188,126.44240894114895,0.004813408512633834,16819.236200047202,0.960685682440455,3.925568798412903,0.025780400028452277,-1
95,12,latency_greedy,-100.0,10520.232992640993,0,20.71489078962877,810244.2288224834,0.034696179893108976,4779.592145493754,0.960685682440455,1.111834573989999,6.400002166628838e-05,-1
95,12,block_balanced,-100.0,1322912.0595183326,0,26.631340832506865,101903670.70726171,0.051177831764532285,6143.977796147756,0.7574962530599886,1.4329814145652071,0.00021970004308968782,-1
95,12,pdp_aware_greedy,-0.25278155622229104,0.25278155622229104,1,2.511446538592545,30.938069061210253,1.3922895389862255e-05,582.0592033986557,0.960685682440455,0.13632221242178,0.00030340009834617376,-1
95,12,local_search,-0.25278155622229104,0.25278155622229104,1,2.511446538592545,30.938069061210253,1.3922895389862255e-05,582.0592033986557,0.960685682440455,0.13632221242178,0.013371999957598746,-1
95,12,beam_search,-0.244761801338986,0.244761801338986,1,2.3696236527998966,31.412768701497058,6.583502945475166e-05,549.2977760516865,0.960685682440455,0.12872224247100603,0.03135179996024817,-1
95,12,simulated_annealing,-0.25278155622229104,0.25278155622229104,1,2.511446538592545,30.938069061210253,1.3922895389862255e-05,582.0592033986557,0.960685682440455,0.13632221242178,0.007209500065073371,-1
95,12,block_beam_strong,-0.24517090898620428,0.24517090898620428,1,2.390303502507413,31.28498547018142,5.19384996008503e-05,554.1109813268479,0.9209114946859921,0.12980419606499805,0.255788299953565,-1
95,12,block_lns_strong,-0.2427431654239733,0.2427431654239733,1,2.34943729364977,31.412768701497058,6.583502945475166e-05,544.6577641077621,0.9209114946859921,0.127630649962972,0.07209120003972203,-1
95,12,hybrid_heuristic,-0.2427431654239733,0.2427431654239733,1,2.34943729364977,31.412768701497058,6.583502945475166e-05,544.6577641077621,0.9209114946859921,0.127630649962972,0.013681799988262355,-1
95,13,autoreg_rl_pure,-0.2818210657978766,0.2818210657978766,1,2.7210842750393893,31.56014256710658,8.179203436361545e-05,672.2815247923147,0.9946982963716461,0.12999176269013782,0.026890099979937077,16
95,13,random,-100.0,20995715182681.598,0,147.95180538683357,1617298815146522.2,0.10770253458565451,36398.51163813769,0.9254303545769561,7.022518549701436,0.025057699996978045,-1
95,13,latency_greedy,-2337.477631596116,2337.477631596116,1,5.680218905137479,180042.83395538238,0.029568246025566763,1400.1395949046696,0.9946982963716461,0.27104037480598214,6.410002242773771e-05,-1
95,13,block_balanced,-19393.156517017782,19393.156517017782,1,9.622181853935848,1493810.4993923116,0.03678176405658343,2369.909335759786,0.7460237222787346,0.4579163598187689,7.029995322227478e-05,-1
95,13,pdp_aware_greedy,-2.8885544373527403,2.8885544373527403,1,3.268320196288879,228.14131908838274,0.006825450951827951,806.8849313751417,0.9287569825421742,0.1546144920631825,0.00045960000716149807,-1
95,13,local_search,-2.877047521980567,2.877047521980567,1,3.1644188996063116,228.05529314546996,0.0068241651877953054,781.3177610635418,0.9287569825421742,0.1496992312421888,0.01841630006674677,-1
95,13,beam_search,-0.2818210657978766,0.2818210657978766,1,2.7210842750393893,31.56014256710658,8.179203436361545e-05,672.2815247923147,0.9946982963716461,0.12999176269013782,0.029628199990838766,-1
95,13,simulated_annealing,-2.877047521980567,2.877047521980567,1,3.1644188996063116,228.05529314546996,0.0068241651877953054,781.3177610635418,0.9287569825421742,0.1496992312421888,0.006964199943467975,-1
95,13,block_beam_strong,-0.7929843441429569,0.7929843441429569,1,3.1378601063830835,67.72460050466498,0.0026849103842882913,774.7629458682595,0.9946982963716461,0.14983519481693056,0.28312569996342063,-1
95,13,block_lns_strong,-0.2818210657978766,0.2818210657978766,1,2.7210842750393893,31.56014256710658,8.179203436361545e-05,672.2815247923147,0.9946982963716461,0.12999176269013782,0.07093030004762113,-1
95,13,hybrid_heuristic,-0.2818210657978766,0.2818210657978766,1,2.7210842750393893,31.56014256710658,8.179203436361545e-05,672.2815247923147,0.9946982963716461,0.12999176269013782,0.0132661999668926,-1
95,14,autoreg_rl_pure,-0.2157897874629641,0.2157897874629641,1,2.1578978461299947,30.81197877945645,2.4290327499324887e-11,583.3801508545473,0.9984714289440009,0.15490529968049338,0.024369099992327392,16
95,14,random,-100.0,396.3251717562302,0,59.104368290217465,30104.43808369865,0.023470796449653056,15900.943030281614,0.9958286941977105,4.204685776841208,0.023935200064443052,-1
95,14,latency_greedy,-317.6309505143105,317.6309505143105,1,5.074210034372294,24458.820458900915,0.022762765705921294,1367.8080069756925,0.9984714289440009,0.3621289202830501,6.779993418604136e-05,-1
95,14,block_balanced,-934.1178713538749,934.1178713538749,1,7.24094144723075,71930.08460689668,0.026440294251026782,1950.6784948474763,0.6656476192960006,0.5155041389395211,6.830005440860987e-05,-1
95,14,pdp_aware_greedy,-0.2157897874629641,0.2157897874629641,1,2.1578978461299947,30.81197877945645,2.4290327499324887e-11,583.3801508545473,0.9984714289440009,0.15490529968049338,0.00030159996822476387,-1
95,14,local_search,-0.2157897874629641,0.2157897874629641,1,2.1578978461299947,30.81197877945645,2.4290327499324887e-11,583.3801508545473,0.9984714289440009,0.15490529968049338,0.012940299930050969,-1
95,14,beam_search,-0.2157897874629641,0.2157897874629641,1,2.1578978461299947,30.81197877945645,2.4290327499324887e-11,583.3801508545473,0.9984714289440009,0.15490529968049338,0.029917400097474456,-1
95,14,simulated_annealing,-0.2157897874629641,0.2157897874629641,1,2.1578978461299947,30.81197877945645,2.4290327499324887e-11,583.3801508545473,0.9984714289440009,0.15490529968049338,0.006786699988879263,-1
95,14,block_beam_strong,-0.2157897874629641,0.2157897874629641,1,2.1578978461299947,30.81197877945645,2.4290327499324887e-11,583.3801508545473,0.9984714289440009,0.15490529968049338,0.35766939993482083,-1
95,14,block_lns_strong,-0.2157897874629641,0.2157897874629641,1,2.1578978461299947,30.81197877945645,2.4290327499324887e-11,583.3801508545473,0.9984714289440009,0.15490529968049338,0.07177070004399866,-1
95,14,hybrid_heuristic,-0.2157897874629641,0.2157897874629641,1,2.1578978461299947,30.81197877945645,2.4290327499324887e-11,583.3801508545473,0.9984714289440009,0.15490529968049338,0.01263939996715635,-1
95,15,autoreg_rl_pure,-0.40268461818195006,0.40268461818195006,1,3.2619883087503796,36.7036746565225,0.000596521070907909,770.6213472337263,0.9707264457240027,0.2059863965505045,0.030921700061298907,16
95,15,random,-100.0,4000972113204.962,0,95.72694028458099,308194667426604.44,0.10205080923433872,22530.734236469416,0.9815406131863531,6.0621252445303195,0.027477500028908253,-1
95,15,latency_greedy,-172.89848374382586,172.89848374382586,1,5.069545647013485,13310.12223100909,0.020688376393264624,1195.9555526542954,0.9815406131863531,0.322496146739552,0.00025260006077587605,-1
95,15,block_balanced,-564.1524018878209,564.1524018878209,1,7.869848391658311,43426.81985732419,0.024719947104611468,1854.9886980035535,0.8320512391920023,0.4996705100720673,9.920005686581135e-05,-1
95,15,pdp_aware_greedy,-4.610900538233454,4.610900538233454,1,3.8310789167994552,356.4786195134496,0.008347012547222185,904.5397050894821,0.9815406131863531,0.24349442724707518,0.0002962000435218215,-1
95,15,local_search,-4.610900538233454,4.610900538233454,1,3.8310789167994552,356.4786195134496,0.008347012547222185,904.5397050894821,0.9815406131863531,0.24349442724707518,0.013144100084900856,-1
95,15,beam_search,-0.40268461818195006,0.40268461818195006,1,3.2619883087503796,36.7036746565225,0.000596521070907909,770.6213472337263,0.9707264457240027,0.2059863965505045,0.03099969995673746,-1
95,15,simulated_annealing,-4.610900538233454,4.610900538233454,1,3.8310789167994552,356.4786195134496,0.008347012547222185,904.5397050894821,0.9815406131863531,0.24349442724707518,0.007147300057113171,-1
95,15,block_beam_strong,-0.6306795486010773,0.6306795486010773,1,4.781606618445846,42.56050023173509,0.001101253816484095,1128.216093549103,0.9707264457240027,0.3035014322704488,0.21025720005854964,-1
95,15,block_lns_strong,-0.40268461818195006,0.40268461818195006,1,3.2619883087503796,36.7036746565225,0.000596521070907909,770.6213472337263,0.9707264457240027,0.2059863965505045,0.06865210004616529,-1
95,15,hybrid_heuristic,-0.40268461818195006,0.40268461818195006,1,3.2619883087503796,36.7036746565225,0.000596521070907909,770.6213472337263,0.9707264457240027,0.2059863965505045,0.014371899887919426,-1
95,16,autoreg_rl_pure,-0.5189685686378895,0.5189685686378895,1,2.612919234022695,50.660796730906384,0.0016952262453161582,683.4255229579385,0.9793148442851547,0.1400680374416148,0.02606569998897612,16
95,16,random,-100.0,4412467154726.964,0,119.25781245701586,339892108418650.4,0.10238455946756496,31059.858709647782,0.7150254852697159,6.38888045282377,0.022242599981836975,-1
95,16,latency_greedy,-10576.558246849601,10576.558246849601,1,8.652219718461943,814675.8788257332,0.03471477584439555,2256.054319440485,0.9595213474007763,0.4693172051697745,6.0399994254112244e-05,-1
95,16,block_balanced,-2564.73699377532,2564.73699377532,1,13.993447950555597,197484.57368412352,0.029883481057658347,3647.0808866195293,0.6128789873740421,0.7553461277907653,6.789993494749069e-05,-1
95,16,pdp_aware_greedy,-47.61829741648369,47.61829741648369,1,3.8075736075847657,3669.5171571112937,0.016295728218775212,994.46659931092,0.9793148442851547,0.20350429010845938,0.0003100000321865082,-1
95,16,local_search,-47.61829741648369,47.61829741648369,1,3.8075736075847657,3669.5171571112937,0.016295728218775212,994.46659931092,0.9793148442851547,0.20350429010845938,0.012841199990361929,-1
95,16,beam_search,-0.9647621481327635,0.9647621481327635,1,4.1586952907053485,73.09314758553839,0.002944982501726448,1085.914226486755,0.9793148442851547,0.22213408100767396,0.032536600017920136,-1
95,16,simulated_annealing,-47.61829741648369,47.61829741648369,1,3.8075736075847657,3669.5171571112937,0.016295728218775212,994.46659931092,0.9793148442851547,0.20350429010845938,0.007250800030305982,-1
95,16,block_beam_strong,-0.4904829265403441,0.4904829265403441,1,2.691902765102284,47.85813953041545,0.001501204080338051,703.9805304264885,0.8720463002019537,0.14478750054458572,0.40300869999919087,-1
95,16,block_lns_strong,-0.48338401409714965,0.48338401409714965,1,2.6209136406703397,47.85813953041545,0.001501204080338051,685.4899149220619,0.9193184810610632,0.1409956613222043,0.06831380003131926,-1
95,16,hybrid_heuristic,-0.48338401409714965,0.48338401409714965,1,2.6209136406703397,47.85813953041545,0.001501204080338051,685.4899149220619,0.9193184810610632,0.1409956613222043,0.012469100067391992,-1
95,17,autoreg_rl_pure,-0.3105991055912645,0.3105991055912645,1,2.8290530357061066,32.94523064518173,0.00022822273498500326,718.3970776336118,0.9893342937739618,0.16802570334591363,0.02778600004967302,16
95,17,random,-100.0,7.318183242121928e+17,0,124.74447591312304,5.637192628846366e+19,0.143359367842083,31550.00424621899,0.8643572642264556,7.425892308780696,0.0247884999262169,-1
95,17,latency_greedy,-1.1293001858616103,1.1293001858616103,1,3.746612355439397,88.94177645410255,0.0036140310879371348,950.3990848656831,0.9977965442352037,0.22430638646559056,0.0003160000778734684,-1
95,17,block_balanced,-1.3270963750081122,1.3270963750081122,1,4.911901511113242,95.20179018196062,0.003845914671048216,1245.1258053833728,0.78576674411773,0.2933269454899036,0.00037800008431077003,-1
95,17,pdp_aware_greedy,-1529.7018204482908,1529.7018204482908,1,5.140437280019597,117824.06445456774,0.028122732851592128,1302.9264264674548,0.9878368734016636,0.30595115372219817,0.0005666000070050359,-1
95,17,local_search,-1.1293001858616103,1.1293001858616103,1,3.746612355439397,88.94177645410255,0.0036140310879371348,950.3990848656831,0.9977965442352037,0.22430638646559056,0.012296299915760756,-1
95,17,beam_search,-0.3105991055912645,0.3105991055912645,1,2.8290530357061066,32.94523064518173,0.00022822273498500326,718.3970776336118,0.9893342937739618,0.16802570334591363,0.03066050005145371,-1
95,17,simulated_annealing,-1.1293001858616103,1.1293001858616103,1,3.746612355439397,88.94177645410255,0.0036140310879371348,950.3990848656831,0.9977965442352037,0.22430638646559056,0.006943400017917156,-1
95,17,block_beam_strong,-0.30345636608590015,0.30345636608590015,1,2.7320308894696668,33.14238687635446,0.000248563888727047,693.8581105963924,0.9586568470283667,0.16226327536886476,0.2949171999935061,-1
95,17,block_lns_strong,-0.29203510872511235,0.29203510872511235,1,2.656682231878689,32.8430183395876,0.00021762924430639323,674.7970248836095,0.9878368734016636,0.1577880990366775,0.07371239992789924,-1
95,17,hybrid_heuristic,-0.29203510872511235,0.29203510872511235,1,2.656682231878689,32.8430183395876,0.00021762924430639323,674.7970248836095,0.9878368734016636,0.1577880990366775,0.01288399996701628,-1
95,18,autoreg_rl_pure,-0.3004749716153231,0.3004749716153231,1,2.6962488004009044,33.188359460393215,0.00025328960869445375,826.0598410569362,0.9503255790356804,0.15491949243040237,0.028006299980916083,16
95,18,random,-100.0,1239368772327.5237,0,127.7680561122279,95468510101033.55,0.09805543493166419,39009.84294236654,0.9504105013105618,7.351614452827877,0.02569540007971227,-1
95,18,latency_greedy,-100.0,25688.72249230389,0,30.406505439778403,1978597.5074918875,0.037739950184213444,9285.798670190394,0.9496140133886005,1.7697644526452654,6.599992047995329e-05,-1
95,18,block_balanced,-100.0,7344.651071254788,0,35.11351038616172,565518.4111403245,0.03347025192054355,10722.866847780591,0.7743332628301184,2.041782518626586,0.00025919999461621046,-1
95,18,pdp_aware_greedy,-1.9445067546318437,1.9445067546318437,1,3.5705227579104726,153.093511977168,0.00546546098327744,1092.9558102330875,0.9504105013105618,0.20661882900240955,0.0003989000106230378,-1
95,18,local_search,-1.9445067546318437,1.9445067546318437,1,3.5705227579104726,153.093511977168,0.00546546098327744,1092.9558102330875,0.9504105013105618,0.20661882900240955,0.012323500006459653,-1
95,18,beam_search,-0.2979598001935473,0.2979598001935473,1,2.717936259734861,32.82755755758322,0.00021602398749316317,832.6917747844332,0.9503255790356804,0.15614592134135277,0.03212230000644922,-1
95,18,simulated_annealing,-1.9445067546318437,1.9445067546318437,1,3.5705227579104726,153.093511977168,0.00546546098327744,1092.9558102330875,0.9504105013105618,0.20661882900240955,0.007783800014294684,-1
95,18,block_beam_strong,-0.2986090568647686,0.2986090568647686,1,2.7679945098675436,32.491971331708235,0.00018099328986572372,847.9895617100522,0.9504105013105618,0.15902177671128928,0.26484880002681166,-1
95,18,block_lns_strong,-0.2979598001935473,0.2979598001935473,1,2.717936259734861,32.82755755758322,0.00021602398749316317,832.6917747844332,0.9503255790356804,0.15614592134135277,0.07391849998384714,-1
95,18,hybrid_heuristic,-0.2979598001935473,0.2979598001935473,1,2.717936259734861,32.82755755758322,0.00021602398749316317,832.6917747844332,0.9503255790356804,0.15614592134135277,0.013827499933540821,-1
95,19,autoreg_rl_pure,-0.6613759735654207,0.6613759735654207,1,1.9754644308521692,66.54074243146276,0.0026247887397202814,458.13842131854904,0.9747361023146307,0.09822017189137705,0.03216579998843372,16
95,19,random,-100.0,9627736399232.066,0,97.18191366252618,741624018783623.6,0.10504447420492877,22400.021142438665,0.9031238100288038,4.840652598151536,0.024525800021365285,-1
95,19,latency_greedy,-545.3843900851107,545.3843900851107,1,3.644638699521087,42013.667681741754,0.024607162790706766,842.8255286134679,0.9747361023146307,0.18121158445485305,6.089999806135893e-05,-1
95,19,block_balanced,-839956.761212528,839956.761212528,1,12.30005679454867,64701760.35906567,0.04962923326473098,2837.6736473050223,0.6631258342119902,0.6151125071933999,7.449998520314693e-05,-1
95,19,pdp_aware_greedy,-2.501575398353629,2.501575398353629,1,3.6690295288156323,195.2456826157875,0.006294614356249197,848.5098840925652,0.9474059601071728,0.18264359487806328,0.00031070003751665354,-1
95,19,local_search,-0.9960454700169803,0.9960454700169803,1,3.4541102605794314,80.93031490395836,0.0032922237802370125,798.973898972397,0.9474059601071728,0.17217709751357696,0.01870060001965612,-1
95,19,beam_search,-0.6613759735654207,0.6613759735654207,1,1.9754644308521692,66.54074243146276,0.0026247887397202814,458.13842131854904,0.9747361023146307,0.09822017189137705,0.03390169993508607,-1
95,19,simulated_annealing,-0.9960454700169803,0.9960454700169803,1,3.4541102605794314,80.93031490395836,0.0032922237802370125,798.973898972397,0.9474059601071728,0.17217709751357696,0.007359400042332709,-1
95,19,block_beam_strong,-0.6613759735654207,0.6613759735654207,1,1.9754644308521692,66.54074243146276,0.0026247887397202814,458.13842131854904,0.9747361023146307,0.09822017189137705,0.3546918999636546,-1
95,19,block_lns_strong,-0.6613759735654207,0.6613759735654207,1,1.9754644308521692,66.54074243146276,0.0026247887397202814,458.13842131854904,0.9747361023146307,0.09822017189137705,0.05525630002375692,-1
95,19,hybrid_heuristic,-0.6613759735654207,0.6613759735654207,1,1.9754644308521692,66.54074243146276,0.0026247887397202814,458.13842131854904,0.9747361023146307,0.09822017189137705,0.014511599903926253,-1
95,20,autoreg_rl_pure,-8.836769948709383,8.836769948709383,1,3.719003400868568,682.860430793494,0.01056305504427873,933.8204947129674,0.9459211934699654,0.23131431826661067,0.0286927999695763,14
95,20,random,-100.0,7.672472998707898e+25,0,197.37903994382563,5.910101838444556e+27,0.20632053289522162,49409.66331794465,0.961969792886518,12.208059284993528,0.02567050000652671,-1
95,20,latency_greedy,-60027381.91760178,60027381.91760178,1,10.098184789014566,4623905964.659477,0.06418385976433469,2530.600381564806,0.9459211934699654,0.6222948942931699,6.520003080368042e-05,-1
95,20,block_balanced,-1092106926.2560222,1092106926.2560222,1,15.745805873269445,84124937901.88428,0.0740741966454517,3944.2911591608236,0.6733788550205626,0.9741009278806863,6.989995017647743e-05,-1
95,20,pdp_aware_greedy,-22.70197065959828,22.70197065959828,1,2.703753576796674,1758.7165623289345,0.013788336097782463,679.6794524824431,0.961969792886518,0.16880382547343495,0.0003111000405624509,-1
95,20,local_search,-19.862960543389267,19.862960543389267,1,2.655008898067352,1540.4032452478168,0.013336478968465031,667.4770516736716,0.9459211934699654,0.16562241439430012,0.018548300024122,-1
95,20,beam_search,-8.836769948709383,8.836769948709383,1,3.719003400868568,682.860430793494,0.01056305504427873,933.8204947129674,0.9459211934699654,0.23131431826661067,0.03456569998525083,-1
95,20,simulated_annealing,-19.862960543389267,19.862960543389267,1,2.655008898067352,1540.4032452478168,0.013336478968465031,667.4770516736716,0.9459211934699654,0.16562241439430012,0.007833699928596616,-1
95,20,block_beam_strong,-8.836769948709383,8.836769948709383,1,3.719003400868568,682.860430793494,0.01056305504427873,933.8204947129674,0.9459211934699654,0.23131431826661067,0.31364659999962896,-1
95,20,block_lns_strong,-8.836769948709383,8.836769948709383,1,3.719003400868568,682.860430793494,0.01056305504427873,933.8204947129674,0.9459211934699654,0.23131431826661067,0.06981760007329285,-1
95,20,hybrid_heuristic,-8.836769948709383,8.836769948709383,1,3.719003400868568,682.860430793494,0.01056305504427873,933.8204947129674,0.9459211934699654,0.23131431826661067,0.014228199957869947,-1
95,21,autoreg_rl_pure,-1.4564562136016652,1.4564562136016652,1,4.766311061180076,106.28785407057762,0.004221447012682093,1461.9853921787478,0.9850754935449343,0.34628231255255104,0.02857119997497648,13
95,21,random,-100.0,1406831848200.011,0,146.4368575984458,108368181859294.66,0.09848751174117314,44832.127012632656,0.9538006469528548,10.598583381390338,0.0283264999743551,-1
95,21,latency_greedy,-3512.675658252305,3512.675658252305,1,8.316066518468318,270547.97103783325,0.030956663026182947,2548.6854808324765,0.9850754935449343,0.60215394096233,9.480002336204052e-05,-1
95,21,block_balanced,-919.9474072587145,919.9474072587145,1,8.189544836263746,70831.22743036486,0.026387810704160478,2509.963469301304,0.8623094421664634,0.5928007965455727,7.309997454285622e-05,-1
95,21,pdp_aware_greedy,-1.4564562136016652,1.4564562136016652,1,4.766311061180076,106.28785407057762,0.004221447012682093,1461.9853921787478,0.9850754935449343,0.34628231255255104,0.00033359997905790806,-1
95,21,local_search,-1.140895543082883,1.140895543082883,1,4.464605242229377,84.30427084085616,0.003431469771813172,1369.6232464773327,0.9538006469528548,0.32442266671346626,0.019958300050348043,-1
95,21,beam_search,-1.3580601056936539,1.3580601056936539,1,6.389085675761634,86.20818299445473,0.003507606241145855,1958.7715338579167,0.9850754935449343,0.46346256968228305,0.02844420005567372,-1
95,21,simulated_annealing,-1.140895543082883,1.140895543082883,1,4.464605242229377,84.30427084085616,0.003431469771813172,1369.6232464773327,0.9538006469528548,0.32442266671346626,0.006980900070630014,-1
95,21,block_beam_strong,-1.1681732664999007,1.1681732664999007,1,4.717954799199532,84.4539221341952,0.003437516209812668,1447.2011471820103,0.9850754935449343,0.34273775404965057,0.28178169997408986,-1
95,21,block_lns_strong,-1.140895543082883,1.140895543082883,1,4.464605242229377,84.30427084085616,0.003431469771813172,1369.6232464773327,0.9538006469528548,0.32442266671346626,0.08545020001474768,-1
95,21,hybrid_heuristic,-1.140895543082883,1.140895543082883,1,4.464605242229377,84.30427084085616,0.003431469771813172,1369.6232464773327,0.9538006469528548,0.32442266671346626,0.015353800030425191,-1
95,22,autoreg_rl_pure,-0.2739393646145385,0.2739393646145385,1,2.7286327039436005,30.894870040025317,9.159265968096634e-06,769.2241423994178,0.9664887607079569,0.14644499361160562,0.02610559994354844,16
95,22,random,-100.0,57745.7098433738,0,69.48064313407814,4447644.537010955,0.04050136467510674,19513.318803387763,0.9305953790182443,3.697233161222619,0.023885300033725798,-1
95,22,latency_greedy,-222.92847602242117,222.92847602242117,1,4.6347713646012645,17167.278918579195,0.021555953672898254,1304.348518091875,0.9305953790182443,0.24804281617314541,6.500002928078175e-05,-1
95,22,block_balanced,-25.95990540280964,25.95990540280964,1,6.6142108356758875,1979.5528696675617,0.014191600348934559,1860.2483381078873,0.6907075154073707,0.35310730099039844,7.289997301995754e-05,-1
95,22,pdp_aware_greedy,-0.2998471590137075,0.2998471590137075,1,2.7778955442709083,32.5110746589391,0.00018299711214844348,782.9551229567987,0.9209433538764943,0.14904185114801524,0.0003021999727934599,-1
95,22,local_search,-0.2998471590137075,0.2998471590137075,1,2.7778955442709083,32.5110746589391,0.00018299711214844348,782.9551229567987,0.9209433538764943,0.14904185114801524,0.012366299983114004,-1
95,22,beam_search,-0.2998471590137075,0.2998471590137075,1,2.7778955442709083,32.5110746589391,0.00018299711214844348,782.9551229567987,0.9209433538764943,0.14904185114801524,0.02964130009058863,-1
95,22,simulated_annealing,-0.2998471590137075,0.2998471590137075,1,2.7778955442709083,32.5110746589391,0.00018299711214844348,782.9551229567987,0.9209433538764943,0.14904185114801524,0.007191300042904913,-1
95,22,block_beam_strong,-0.26223358751856907,0.26223358751856907,1,2.6115749329867843,30.894870040003145,9.159265965649347e-06,736.3170791746732,0.9209433538764943,0.14022238194033657,0.35405620001256466,-1
95,22,block_lns_strong,-0.26133125868125257,0.26133125868125257,1,2.60255164461469,30.8948700399949,9.15926596473997e-06,733.7956241914026,0.9209433538764943,0.13973727069999659,0.06718230003025383,-1
95,22,hybrid_heuristic,-0.26133125868125257,0.26133125868125257,1,2.60255164461469,30.8948700399949,9.15926596473997e-06,733.7956241914026,0.9209433538764943,0.13973727069999659,0.012943799956701696,-1
95,23,autoreg_rl_pure,-0.16715321905674446,0.16715321905674446,1,1.6458614485057155,31.00972014842966,2.180933620504197e-05,461.48098082588564,0.982973791498421,0.07976139720307351,0.030123300035484135,16
95,23,random,-100.0,109936728452.86772,0,114.87217572418385,8468420299240.771,0.08979678322308027,32009.075083580217,0.7863790331987368,5.509995508455362,0.022778699989430606,-1
95,23,latency_greedy,-516.4144510809938,516.4144510809938,1,3.81632599508779,39780.792326731374,0.0244209830640557,1066.1317640329148,0.982973791498421,0.18354137577654545,6.390002090483904e-05,-1
95,23,block_balanced,-19.282193696615582,19.282193696615582,1,6.123818523100587,1468.946584221308,0.013174545892389575,1709.1308114983485,0.6450029642833265,0.2931273107337838,6.789993494749069e-05,-1
95,23,pdp_aware_greedy,-0.7763842696817974,0.7763842696817974,1,2.9470129347554943,67.91599239879186,0.0026945313359191553,823.9393787116062,0.982973791498421,0.14203286709068422,0.0003090000245720148,-1
95,23,local_search,-0.4651084405430917,0.4651084405430917,1,2.790719794569367,45.142357185800606,0.0013020372243699463,780.4150348831341,0.9675044464249898,0.1343085871533187,0.01844610006082803,-1
95,23,beam_search,-0.16501450115902885,0.16501450115902885,1,1.6291538931400875,30.97367303283293,1.7844008330756665e-05,456.8372208200946,0.9675044464249898,0.07883917979699835,0.03269139991607517,-1
95,23,simulated_annealing,-0.4651084405430917,0.4651084405430917,1,2.790719794569367,45.142357185800606,0.0013020372243699463,780.4150348831341,0.9675044464249898,0.1343085871533187,0.006856800056993961,-1
95,23,block_beam_strong,-0.16501450115902885,0.16501450115902885,1,1.6291538931400875,30.97367303283293,1.7844008330756665e-05,456.8372208200946,0.9675044464249898,0.07883917979699835,0.3867224999703467,-1
95,23,block_lns_strong,-0.16501450115902885,0.16501450115902885,1,1.6291538931400875,30.97367303283293,1.7844008330756665e-05,456.8372208200946,0.9675044464249898,0.07883917979699835,0.057515299995429814,-1
95,23,hybrid_heuristic,-0.16501450115902885,0.16501450115902885,1,1.6291538931400875,30.97367303283293,1.7844008330756665e-05,456.8372208200946,0.9675044464249898,0.07883917979699835,0.013017300050705671,-1
95,24,autoreg_rl_pure,-0.25155196158082005,0.25155196158082005,1,2.4864892342573395,31.03559943340671,2.465332024128306e-05,611.6189199985447,0.9891582644184681,0.09288303492490624,0.03082340001128614,16
95,24,random,-100.0,3.245612648550662e+16,0,111.84765020588249,2.5000936835240136e+18,0.13273748308925476,27386.237026839965,0.9891582644184681,4.134439173993903,0.02617700002156198,-1
95,24,latency_greedy,-1512367.3687366336,1512367.3687366336,1,8.525320920035988,116497542.4920811,0.05163412812538902,2090.0873088192284,0.9891582644184681,0.3148268220870021,6.640003994107246e-05,-1
95,24,block_balanced,-8378348.972146352,8378348.972146352,1,13.4910787750513,645383699.133604,0.05747061166639553,3305.8823187457965,0.6645715818406164,0.4998531700281344,7.239996921271086e-05,-1
95,24,pdp_aware_greedy,-0.26701688984328703,0.26701688984328703,1,2.6317892805939493,31.107616550421554,3.255512115496388e-05,647.1930421287476,0.9891582644184681,0.09839700766719219,0.0004056000616401434,-1
95,24,local_search,-0.24870957611662917,0.24870957611662917,1,2.4580978385136913,31.035349402687388,2.462585465536831e-05,604.67109908169,0.9891582644184681,0.09192367378078325,0.01823699998203665,-1
95,24,beam_search,-0.24870957611662917,0.24870957611662917,1,2.4580978385136913,31.035349402687388,2.462585465536831e-05,604.67109908169,0.9891582644184681,0.09192367378078325,0.032701199990697205,-1
95,24,simulated_annealing,-0.24870957611662917,0.24870957611662917,1,2.4580978385136913,31.035349402687388,2.462585465536831e-05,604.67109908169,0.9891582644184681,0.09192367378078325,0.006973100011236966,-1
95,24,block_beam_strong,-0.25155196158082005,0.25155196158082005,1,2.4864892342573395,31.03559943340671,2.465332024128306e-05,611.6189199985447,0.9891582644184681,0.09288303492490624,0.3778409999795258,-1
95,24,block_lns_strong,-0.24870957611662917,0.24870957611662917,1,2.4580978385136913,31.035349402687388,2.462585465536831e-05,604.67109908169,0.9891582644184681,0.09192367378078325,0.0712042999221012,-1
95,24,hybrid_heuristic,-0.24870957611662917,0.24870957611662917,1,2.4580978385136913,31.035349402687388,2.462585465536831e-05,604.67109908169,0.9891582644184681,0.09192367378078325,0.012861400027759373,-1
95,25,autoreg_rl_pure,-0.22109019445394662,0.22109019445394662,1,2.210879126230778,30.812154329233344,1.9448052010410802e-08,644.0485720372417,0.9988039384706477,0.14526515141840535,0.026494999998249114,16
95,25,random,-100.0,833800.1086574873,0,88.83047316388189,64226924.22936154,0.04960412133714479,25762.808674468684,0.931921867677864,5.852769144751665,0.02462419995572418,-1
95,25,latency_greedy,-0.3052738700080371,0.3052738700080371,1,2.8356500566442957,32.48421121671265,0.00018017896471411734,825.2118985635858,0.9921730071850926,0.18631553844841256,6.450002547353506e-05,-1
95,25,block_balanced,-0.7040784736051575,0.7040784736051575,1,4.699862141504962,48.84409275832671,0.0015707255181088451,1365.8428600049197,0.7458359414400372,0.30973420290020814,6.839993875473738e-05,-1
95,25,pdp_aware_greedy,-0.3052738700080371,0.3052738700080371,1,2.8356500566442957,32.48421121671265,0.00018017896471411734,825.2118985635858,0.9921730071850926,0.18631553844841256,0.0003019999712705612,-1
95,25,local_search,-0.2987816753677908,0.2987816753677908,1,2.778531409018277,32.424102448063536,0.00017386471851727045,808.6503320086097,0.931921867677864,0.1825625747979963,0.018640800029970706,-1
95,25,beam_search,-0.2201350128689252,0.2201350128689252,1,2.2013273103707,30.812154329309326,1.9448060417891138e-08,641.2817320109818,0.9988039384706477,0.14463755221554864,0.03160400001797825,-1
95,25,simulated_annealing,-0.2987816753677908,0.2987816753677908,1,2.778531409018277,32.424102448063536,0.00017386471851727045,808.6503320086097,0.931921867677864,0.1825625747979963,0.0062602999387308955,-1
95,25,block_beam_strong,-0.22696000467395497,0.22696000467395497,1,2.2695772284209976,30.812154329309326,1.9448060417891138e-08,661.0632369221672,0.9988039384706477,0.14912189265833564,0.33733710006345063,-1
95,25,block_lns_strong,-0.2201350128689252,0.2201350128689252,1,2.2013273103707,30.812154329309326,1.9448060417891138e-08,641.2817320109818,0.9988039384706477,0.14463755221554864,0.07034580002073199,-1
95,25,hybrid_heuristic,-0.2201350128689252,0.2201350128689252,1,2.2013273103707,30.812154329309326,1.9448060417891138e-08,641.2817320109818,0.9988039384706477,0.14463755221554864,0.012690300005488098,-1
95,26,autoreg_rl_pure,-0.29447212730211647,0.29447212730211647,1,2.595165894189411,33.50460176944134,0.000285621202086842,780.8084414967673,0.9580263809961479,0.16045239353501461,0.02882739994674921,16
95,26,random,-100.0,1.0541450663027333e+19,0,126.53738539482873,8.120073795492326e+20,0.15245356837209784,37935.877152635774,0.995586861997876,7.832261732133394,0.02292929997202009,-1
95,26,latency_greedy,-536.545818654554,536.545818654554,1,3.320180429118321,41335.33229851289,0.02455166987443633,998.1002178844326,0.9384340850842212,0.20764453202552594,0.0001233000075444579,-1
95,26,block_balanced,-37296.061045275004,37296.061045275004,1,9.805540445054408,2872868.8631946286,0.03901132295103281,2942.3112802956693,0.6569038595589548,0.6092505615699567,8.239992894232273e-05,-1
95,26,pdp_aware_greedy,-95.38065108897692,95.38065108897692,1,3.5624925966740526,7350.536558145601,0.018664152209586504,1070.8199589733586,0.995586861997876,0.22050866846881573,0.00033950002398341894,-1
95,26,local_search,-5.1481712257969985,5.1481712257969985,1,3.3122204133375215,401.86131604973406,0.008755547781908667,995.7816284591458,0.9384340850842212,0.20528395422462206,0.020967400050722063,-1
95,26,beam_search,-0.29447212730211647,0.29447212730211647,1,2.595165894189411,33.50460176944134,0.000285621202086842,780.8084414967673,0.9580263809961479,0.16045239353501461,0.03793349990155548,-1
95,26,simulated_annealing,-5.147454375518464,5.147454375518464,1,3.2966880040361923,401.925743176796,0.00875609430892948,991.1364739315641,0.995586861997876,0.20432362553991493,0.0073379999957978725,-1
95,26,block_beam_strong,-0.29799671930266863,0.29799671930266863,1,2.6297463638768424,33.509727729674765,0.00028614274666964796,791.2081929428216,0.995586861997876,0.1625904145159995,0.39744179998524487,-1
95,26,block_lns_strong,-0.29447212730211647,0.29447212730211647,1,2.595165894189411,33.50460176944134,0.000285621202086842,780.8084414967673,0.9580263809961479,0.16045239353501461,0.0580149000743404,-1
95,26,hybrid_heuristic,-0.29447212730211647,0.29447212730211647,1,2.595165894189411,33.50460176944134,0.000285621202086842,780.8084414967673,0.9580263809961479,0.16045239353501461,0.013277499936521053,-1
95,27,autoreg_rl_pure,-0.4532094524022494,0.4532094524022494,1,2.6791730429239116,45.085022797131785,0.0012977045028112603,558.7199182235685,0.9414215860923724,0.12223350243218631,0.028651800006628036,16
95,27,random,-100.0,149784743494480.1,0,160.03272203898914,1.1537910762887822e+16,0.11440122804776624,33202.754081212785,0.9414215860923724,7.327983898597619,0.024034300004132092,-1
95,27,latency_greedy,-36.24131029876728,36.24131029876728,1,3.9047613798523777,2792.399812353426,0.015364472512611294,812.9557567748789,0.9448997572250092,0.1781492467916145,6.410002242773771e-05,-1
95,27,block_balanced,-235.4203203880594,235.4203203880594,1,6.896979853679303,18112.099240633186,0.02173860214679605,1433.7510084848502,0.6918166834507483,0.31541171943518914,6.929994560778141e-05,-1
95,27,pdp_aware_greedy,-3.9553772172598123,3.9553772172598123,1,3.3893235715961545,309.38653229130875,0.007863985790082632,706.0491743873025,0.9448997572250092,0.15523049175993367,0.00033140007872134447,-1
95,27,local_search,-3.9553772172598123,3.9553772172598123,1,3.3893235715961545,309.38653229130875,0.007863985790082632,706.0491743873025,0.9448997572250092,0.15523049175993367,0.012610800098627806,-1
95,27,beam_search,-0.546921468425707,0.546921468425707,1,2.980593854334857,49.98181147375959,0.0016492250695203307,621.244019891047,0.9224222446009978,0.13598540307258017,0.03145479992963374,-1
95,27,simulated_annealing,-3.9553772172598123,3.9553772172598123,1,3.3893235715961545,309.38653229130875,0.007863985790082632,706.0491743873025,0.9448997572250092,0.15523049175993367,0.0075088000157848,-1
95,27,block_beam_strong,-0.4532094524022494,0.4532094524022494,1,2.6791730429239116,45.085022797131785,0.0012977045028112603,558.7199182235685,0.9414215860923724,0.12223350243218631,0.3543339000316337,-1
95,27,block_lns_strong,-0.4532094524022494,0.4532094524022494,1,2.6791730429239116,45.085022797131785,0.0012977045028112603,558.7199182235685,0.9414215860923724,0.12223350243218631,0.0778688999125734,-1
95,27,hybrid_heuristic,-0.4532094524022494,0.4532094524022494,1,2.6791730429239116,45.085022797131785,0.0012977045028112603,558.7199182235685,0.9414215860923724,0.12223350243218631,0.013090600026771426,-1
95,28,autoreg_rl_pure,-0.14056186091135675,0.14056186091135675,1,1.4054707425211392,30.813117575492733,1.2602477555234907e-07,392.51767420714236,0.9998164750533914,0.10621744428694602,0.02808410010766238,16
95,28,random,-100.0,4400835730733.537,0,137.5227093267817,338996140451742.6,0.10237556079756543,38130.18424668521,0.8131749881596789,10.269074396446301,0.02348470001015812,-1
95,28,latency_greedy,-0.39050984462065563,0.39050984462065563,1,1.8288433388363556,46.80536052322957,0.001425371393052943,509.8632778011969,0.9998164750533914,0.13608154492572536,6.019999273121357e-05,-1
95,28,block_balanced,-20646.70669654389,20646.70669654389,1,10.631151024496159,1590363.6304465663,0.03699529129980419,2950.2915177455952,0.6098812411197592,0.7944818660047376,6.879994180053473e-05,-1
95,28,pdp_aware_greedy,-0.1483448635779336,0.1483448635779336,1,1.4778411155307882,30.855173258341974,4.7759581081337446e-06,412.58190640091163,0.9998164750533914,0.11171636089427006,0.0004081000806763768,-1
95,28,local_search,-0.1483448635779336,0.1483448635779336,1,1.4778411155307882,30.855173258341974,4.7759581081337446e-06,412.58190640091163,0.9998164750533914,0.11171636089427006,0.012431300012394786,-1
95,28,beam_search,-0.14056186091135675,0.14056186091135675,1,1.4054707425211392,30.813117575492733,1.2602477555234907e-07,392.51767420714236,0.9998164750533914,0.10621744428694602,0.03376620006747544,-1
95,28,simulated_annealing,-0.1483448635779336,0.1483448635779336,1,1.4778411155307882,30.855173258341974,4.7759581081337446e-06,412.58190640091163,0.9998164750533914,0.11171636089427006,0.0067140000173822045,-1
95,28,block_beam_strong,-0.14056186091135675,0.14056186091135675,1,1.4054707425211392,30.813117575492733,1.2602477555234907e-07,392.51767420714236,0.9998164750533914,0.10621744428694602,0.39975429989863187,-1
95,28,block_lns_strong,-0.14056186091135675,0.14056186091135675,1,1.4054707425211392,30.813117575492733,1.2602477555234907e-07,392.51767420714236,0.9998164750533914,0.10621744428694602,0.05887710000388324,-1
95,28,hybrid_heuristic,-0.14056186091135675,0.14056186091135675,1,1.4054707425211392,30.813117575492733,1.2602477555234907e-07,392.51767420714236,0.9998164750533914,0.10621744428694602,0.011703800060786307,-1
95,29,autoreg_rl_pure,-0.17868292795917734,0.17868292795917734,1,1.7868292185862322,30.811979029849184,5.199519076356474e-11,485.6475474852234,0.9640829711143843,0.10529410370569675,0.02850589994341135,16
95,29,random,-100.0,28.88476787674704,0,54.23276584757077,1838.0493952415095,0.013938752469473866,14657.48825859283,0.8676746740029458,3.1703195221554608,0.02551329997368157,-1
95,29,latency_greedy,-86.10863349065207,86.10863349065207,1,4.030501786093031,6632.708467250991,0.01831382143081263,1091.923710655456,0.9640829711143843,0.23635419075203087,6.409990601241589e-05,-1
95,29,block_balanced,-456.34613580936593,456.34613580936593,1,7.216728363046839,35127.53993981685,0.02399688145683309,1952.9346824551667,0.7183549972853802,0.42300990340493194,6.950006354600191e-05,-1
95,29,pdp_aware_greedy,-0.1998045214578347,0.1998045214578347,1,1.998045214223026,30.81197856266086,3.0284106892029496e-13,542.7758892315269,0.9521952001204287,0.11738864294717398,0.00037889997474849224,-1
95,29,local_search,-0.1998045214578347,0.1998045214578347,1,1.998045214223026,30.81197856266086,3.0284106892029496e-13,542.7758892315269,0.9521952001204287,0.11738864294717398,0.013819799991324544,-1
95,29,beam_search,-0.17868292795917734,0.17868292795917734,1,1.7868292185862322,30.811979029849184,5.199519076356474e-11,485.6475474852234,0.9640829711143843,0.10529410370569675,0.03264140000101179,-1
95,29,simulated_annealing,-0.1998045214578347,0.1998045214578347,1,1.998045214223026,30.81197856266086,3.0284106892029496e-13,542.7758892315269,0.9521952001204287,0.11738864294717398,0.006805200013332069,-1
95,29,block_beam_strong,-0.17868292795917734,0.17868292795917734,1,1.7868292185862322,30.811979029849184,5.199519076356474e-11,485.6475474852234,0.9640829711143843,0.10529410370569675,0.32098359998781234,-1
95,29,block_lns_strong,-0.17868292795917734,0.17868292795917734,1,1.7868292185862322,30.811979029849184,5.199519076356474e-11,485.6475474852234,0.9640829711143843,0.10529410370569675,0.06810050003696233,-1
95,29,hybrid_heuristic,-0.17868292795917734,0.17868292795917734,1,1.7868292185862322,30.811979029849184,5.199519076356474e-11,485.6475474852234,0.9640829711143843,0.10529410370569675,0.013479500077664852,-1
95,30,autoreg_rl_pure,-2.1482296328148975,2.1482296328148975,1,5.501917288393992,153.90875264802048,0.005483567260329886,1357.5869374327378,0.9020360875996133,0.2876817651885901,0.02886579988989979,16
95,30,random,-100.0,5.697330526246936e+29,0,238.0262314506315,4.388650650588002e+31,0.2367058051453348,58608.00275153182,0.9020360875996133,12.3556062809337,0.024640999967232347,-1
95,30,latency_greedy,-27830603.807950635,27830603.807950635,1,18.61847865945178,2143789806.9947107,0.0615633199426221,4586.980487104795,0.9919066215274712,0.9613207517579233,6.3000014051795e-05,-1
95,30,block_balanced,-100.0,36459314810.17547,0,34.24749618763824,2808459065368.6025,0.08603400962655328,8435.103538853942,0.6695347313864942,1.7691054210494277,0.0002620000159367919,-1
95,30,pdp_aware_greedy,-3776.8734814644185,3776.8734814644185,1,6.114486968534112,290916.0739542814,0.03120412195714587,1508.4197215389574,0.9415368908760171,0.3183721496188689,0.0008441000245511532,-1
95,30,local_search,-100.0,5.697330526246936e+29,0,238.0262314506315,4.388650650588002e+31,0.2367058051453348,58608.00275153182,0.9020360875996133,12.3556062809337,0.015797400032170117,-1
95,30,beam_search,-2.1279807845386918,2.1279807845386918,1,5.248544543734399,154.3007138446766,0.005492238500542536,1295.2033866871275,0.9020360875996133,0.2744488652361872,0.03107660007663071,-1
95,30,simulated_annealing,-100.0,5.697330526246936e+29,0,238.0262314506315,4.388650650588002e+31,0.2367058051453348,58608.00275153182,0.9020360875996133,12.3556062809337,0.010962900007143617,-1
95,30,block_beam_strong,-5.7692794236569345,5.7692794236569345,1,4.069369694589179,443.8729303842203,0.00909453001488515,1004.8849063823601,0.9020360875996133,0.2120294103484218,0.35731390002183616,-1
95,30,block_lns_strong,-1.969278490561142,1.969278490561142,1,5.086714982265685,143.32245689064308,0.005240617074736006,1255.3427685760064,0.8927129751819923,0.26566763207876565,0.08327079995069653,-1
95,30,hybrid_heuristic,-1.969278490561142,1.969278490561142,1,5.086714982265685,143.32245689064308,0.005240617074736006,1255.3427685760064,0.8927129751819923,0.26566763207876565,0.013387800077907741,-1
95,31,autoreg_rl_pure,-0.2906582379550044,0.2906582379550044,1,2.810646629340301,31.55097112957203,8.080116716137096e-05,752.6489687043952,0.9546211189558701,0.19111616076424298,0.02960570005234331,16
95,31,random,-100.0,1483855946672.7915,0,87.57300231906163,114301344036600.03,0.09866923567518983,23362.447147285326,0.9452760941865295,5.932736614910444,0.027523100026883185,-1
95,31,latency_greedy,-682.8130855752073,682.8130855752073,1,5.142240295983067,52588.25671206928,0.025372523346730205,1374.574353855528,0.9919851754684026,0.3501472100245517,6.530003156512976e-05,-1
95,31,block_balanced,-418.6408064728928,418.6408064728928,1,6.858126244407211,32225.862752238925,0.023702952524713675,1832.3483314993891,0.7485332231727762,0.4658620521131999,7.00999516993761e-05,-1
95,31,pdp_aware_greedy,-0.2906582379550044,0.2906582379550044,1,2.810646629340301,31.55097112957203,8.080116716137096e-05,752.6489687043952,0.9546211189558701,0.19111616076424298,0.000380899989977479,-1
95,31,local_search,-0.2882864583605821,0.2882864583605821,1,2.78692885055963,31.550970997361283,8.08011528754607e-05,746.3189136826687,0.9546211189558701,0.18967295059460196,0.018470400013029575,-1
95,31,beam_search,-0.28271455125840533,0.28271455125840533,1,2.8105474031288096,30.93983370809139,1.4117344566837352e-05,752.6610566142906,0.9980442975637016,0.1911094532167888,0.030754699953831732,-1
95,31,simulated_annealing,-0.2882864583605821,0.2882864583605821,1,2.78692885055963,31.550970997361283,8.08011528754607e-05,746.3189136826687,0.9546211189558701,0.18967295059460196,0.006859200075268745,-1
95,31,block_beam_strong,-0.27864804866067394,0.27864804866067394,1,2.771405290639038,30.928102713659698,1.282447984442915e-05,742.2414867420359,0.9980442975637016,0.18894373484185498,0.3600960999028757,-1
95,31,block_lns_strong,-0.2743594995982478,0.2743594995982478,1,2.7285245111123957,30.928066424099985,1.2820479636547377e-05,730.7739938247996,0.9919851754684026,0.18604505656698112,0.07581420009955764,-1
95,31,hybrid_heuristic,-0.2743594995982478,0.2743594995982478,1,2.7285245111123957,30.928066424099985,1.2820479636547377e-05,730.7739938247996,0.9919851754684026,0.18604505656698112,0.01305740000680089,-1
95,32,autoreg_rl_pure,-0.42264217450136404,0.42264217450136404,1,3.105197310606864,39.4487643683749,0.000842413309692926,726.0792177658548,0.8829854659486016,0.15080927536899588,0.0284899000544101,16
95,32,random,-100.0,1470643339.0861914,0,127.62073177700715,113283576630.79645,0.07508874769016248,29722.678338040027,0.8829854659486016,6.175925013135843,0.0268822000361979,-1
95,32,latency_greedy,-440.3972112923785,440.3972112923785,1,5.543846892986136,33911.8813361359,0.0238768090384291,1293.943729322425,0.9828191659823599,0.2686542101131868,6.46000262349844e-05,-1
95,32,block_balanced,-474.36741475258026,474.36741475258026,1,8.412291720474308,36506.50867273465,0.02412815356436238,1961.9763041823576,0.7358212216238347,0.40704818290393063,7.00999516993761e-05,-1
95,32,pdp_aware_greedy,-1.1914791636076667,1.1914791636076667,1,3.861704005769612,92.84486941147601,0.0037604501258803997,902.2306390171436,0.9828191659823599,0.18739524882518763,0.00029939995147287846,-1
95,32,local_search,-0.9119433343458496,0.9119433343458496,1,3.60022528814551,73.32640862693948,0.0029558449412971787,841.3506585024883,0.9828191659823599,0.17466062862777434,0.019293999997898936,-1
95,32,beam_search,-0.4172088240703865,0.4172088240703865,1,3.0966763606034533,39.095870508109144,0.0008117785567992098,724.0874429234427,0.9828191659823599,0.15040119561243215,0.032203700044192374,-1
95,32,simulated_annealing,-0.9119433343458496,0.9119433343458496,1,3.60022528814551,73.32640862693948,0.0029558449412971787,841.3506585024883,0.9828191659823599,0.17466062862777434,0.007154899998567998,-1
95,32,block_beam_strong,-0.4172088240703865,0.4172088240703865,1,3.0966763606034533,39.095870508109144,0.0008117785567992098,724.0874429234427,0.9828191659823599,0.15040119561243215,0.3113854000112042,-1
95,32,block_lns_strong,-0.4172088240703865,0.4172088240703865,1,3.0966763606034533,39.095870508109144,0.0008117785567992098,724.0874429234427,0.9828191659823599,0.15040119561243215,0.07392260001506656,-1
95,32,hybrid_heuristic,-0.4172088240703865,0.4172088240703865,1,3.0966763606034533,39.095870508109144,0.0008117785567992098,724.0874429234427,0.9828191659823599,0.15040119561243215,0.013897199998609722,-1
95,33,autoreg_rl_pure,-0.16399433975076141,0.16399433975076141,1,1.625978593369754,30.919549371346147,1.188151278714555e-05,467.50981556371477,0.9439429610875174,0.09533024454996354,0.029562900075688958,16
95,33,random,-100.0,4228403.056860204,0,65.5307535201797,325713186.8556679,0.0551392983013703,18725.88410148065,0.9439429610875174,3.807928129169875,0.023648899979889393,-1
95,33,latency_greedy,-24999.74290812906,24999.74290812906,1,6.865565411721384,1925706.782787194,0.03764757691580114,1964.5016610391622,0.9439429610875174,0.3998801708457634,6.170000415295362e-05,-1
95,33,block_balanced,-1581.220861510918,1581.220861510918,1,9.201677936644412,121761.28971118183,0.02823479346049683,2632.016532690769,0.626326857679042,0.5349291412550615,7.259997073560953e-05,-1
95,33,pdp_aware_greedy,-0.16763285734705824,0.16763285734705824,1,1.675913772833931,30.815173767004612,3.535173980375402e-07,481.7931909507943,0.9439429610875174,0.0984535176378844,0.00036289996933192015,-1
95,33,local_search,-0.16521347978680465,0.16521347978680465,1,1.6517954186145307,30.81459279649458,2.8924160443682464e-07,474.9001053990929,0.9971536693352826,0.09705205513724509,0.01692299998831004,-1
95,33,beam_search,-0.16521347978680465,0.16521347978680465,1,1.6517954186145307,30.81459279649458,2.8924160443682464e-07,474.9001053990929,0.9971536693352826,0.09705205513724509,0.032359000062569976,-1
95,33,simulated_annealing,-0.16521347978680465,0.16521347978680465,1,1.6517954186145307,30.81459279649458,2.8924160443682464e-07,474.9001053990929,0.9971536693352826,0.09705205513724509,0.007075399975292385,-1
95,33,block_beam_strong,-0.16471160660036271,0.16471160660036271,1,1.639880954534113,30.86771058479316,6.1609352736566065e-06,471.48188826870006,0.9439429610875174,0.09638569290803316,0.39967720001004636,-1
95,33,block_lns_strong,-0.16471160660036271,0.16471160660036271,1,1.639880954534113,30.86771058479316,6.1609352736566065e-06,471.48188826870006,0.9439429610875174,0.09638569290803316,0.05998829996678978,-1
95,33,hybrid_heuristic,-0.16471160660036271,0.16471160660036271,1,1.639880954534113,30.86771058479316,6.1609352736566065e-06,471.48188826870006,0.9439429610875174,0.09638569290803316,0.013431300059892237,-1
95,34,autoreg_rl_pure,-0.27902064921654296,0.27902064921654296,1,2.7339190940595515,31.24556008583188,4.7639497496956245e-05,702.2485486292694,0.9892395779077499,0.15619904964380785,0.028778799925930798,16
95,34,random,-100.0,5.6718747853229e+18,0,170.87361200715472,4.3690421069985435e+20,0.15034055486461534,43707.860084570646,0.912064863916689,9.685197361590264,0.0269177999580279,-1
95,34,latency_greedy,-405951.15856330836,405951.15856330836,1,11.489732041320348,31270338.29170647,0.04715033312102705,2941.74924098463,0.9892395779077499,0.6566448117231787,6.500002928078175e-05,-1
95,34,block_balanced,-26728504.91864919,26728504.91864919,1,15.606888019096143,2058895211.822797,0.06142556849783385,3994.8246468100583,0.8479196382066427,0.890048235586615,7.469998672604561e-05,-1
95,34,pdp_aware_greedy,-516.1919847459563,516.1919847459563,1,5.6846218809682805,39749.26428367284,0.024418280041758854,1456.9587022174974,0.9892395779077499,0.32335327404012326,0.0002945999149233103,-1
95,34,local_search,-100.0,5.6718747853229e+18,0,170.87361200715472,4.3690421069985435e+20,0.15034055486461534,43707.860084570646,0.912064863916689,9.685197361590264,0.016644200077280402,-1
95,34,beam_search,-0.6955003734452625,0.6955003734452625,1,3.3440212533918796,58.62735725659988,0.0021931383253913977,858.2962184986554,0.9892395779077499,0.19071840701122628,0.02817730000242591,-1
95,34,simulated_annealing,-100.0,5.6718747853229e+18,0,170.87361200715472,4.3690421069985435e+20,0.15034055486461534,43707.860084570646,0.912064863916689,9.685197361590264,0.010700599988922477,-1
95,34,block_beam_strong,-0.27902064921654296,0.27902064921654296,1,2.7339190940595515,31.24556008583188,4.7639497496956245e-05,702.2485486292694,0.9892395779077499,0.15619904964380785,0.20955519995186478,-1
95,34,block_lns_strong,-0.27902064921654296,0.27902064921654296,1,2.7339190940595515,31.24556008583188,4.7639497496956245e-05,702.2485486292694,0.9892395779077499,0.15619904964380785,0.07060560001991689,-1
95,34,hybrid_heuristic,-0.27902064921654296,0.27902064921654296,1,2.7339190940595515,31.24556008583188,4.7639497496956245e-05,702.2485486292694,0.9892395779077499,0.15619904964380785,0.013653400004841387,-1
95,35,autoreg_rl_pure,-0.3357985600994612,0.3357985600994612,1,3.0571710686280573,33.12915129037177,0.00024720213049051067,894.0523650199044,0.980735008627219,0.1649888987814616,0.030547099886462092,16
95,35,random,-100.0,144057110886.56656,0,123.32585834688858,11096711529184.48,0.09071830939974995,35950.36288933511,0.9195079898959652,6.612221651989091,0.0266647000098601,-1
95,35,latency_greedy,-80.05571489581605,80.05571489581605,1,4.236045868710302,6164.869167361681,0.01806445017826113,1237.6602669073761,0.9421886892388751,0.22822516814924135,0.00014030002057552338,-1
95,35,block_balanced,-46.53789059800289,46.53789059800289,1,6.256100863407263,3567.432485466281,0.016199540931791673,1826.5025588542005,0.7662566582466376,0.3362261738280793,8.139992132782936e-05,-1
95,35,pdp_aware_greedy,-0.34333934318527604,0.34333934318527604,1,3.1243945503346513,33.192195288017935,0.0002536836140159133,913.6883213718146,0.9421886892388751,0.1686140269531088,0.00041390000842511654,-1
95,35,local_search,-0.335495932933027,0.335495932933027,1,3.042543597668571,33.218515266359624,0.00025638589997925337,889.831870189474,0.9195079898959652,0.16406645576909532,0.017636200063861907,-1
95,35,beam_search,-0.335495932933027,0.335495932933027,1,3.042543597668571,33.218515266359624,0.00025638589997925337,889.831870189474,0.9195079898959652,0.16406645576909532,0.03150149993598461,-1
95,35,simulated_annealing,-0.335495932933027,0.335495932933027,1,3.042543597668571,33.218515266359624,0.00025638589997925337,889.831870189474,0.9195079898959652,0.16406645576909532,0.0067279000068083405,-1
95,35,block_beam_strong,-0.335495932933027,0.335495932933027,1,3.042543597668571,33.218515266359624,0.00025638589997925337,889.831870189474,0.9195079898959652,0.16406645576909532,0.2837986999657005,-1
95,35,block_lns_strong,-0.335495932933027,0.335495932933027,1,3.042543597668571,33.218515266359624,0.00025638589997925337,889.831870189474,0.9195079898959652,0.16406645576909532,0.0714793000370264,-1
95,35,hybrid_heuristic,-0.335495932933027,0.335495932933027,1,3.042543597668571,33.218515266359624,0.00025638589997925337,889.831870189474,0.9195079898959652,0.16406645576909532,0.01365610002540052,-1
95,36,autoreg_rl_pure,-0.41815380629316734,0.41815380629316734,1,3.104949918031264,39.104931269558726,0.0008125685755052745,688.6502946303602,0.9744727017985148,0.16019308365544696,0.025898799998685718,16
95,36,random,-100.0,177717.90990345817,0,101.17075062225152,13688852.568378363,0.04433402421281472,22346.48519568906,0.9555467132223286,5.250355166876545,0.027941799955442548,-1
95,36,latency_greedy,-1762651.0941970714,1762651.0941970714,1,12.006916423281886,135776857.63033178,0.05215622359283262,2654.6101552639043,0.9644529168402152,0.6223909219009203,6.700004450976849e-05,-1
95,36,block_balanced,-21058.092753677545,21058.092753677545,1,11.293287351392378,1622047.5759446237,0.037062543437015844,2497.0398030467486,0.8037107640335126,0.5852413441444526,6.999995093792677e-05,-1
95,36,pdp_aware_greedy,-14.837123251926831,14.837123251926831,1,3.9686998824918893,1143.1439134606876,0.012319641054735332,879.3929848427391,0.9644529168402152,0.20475636936601446,0.00039009994361549616,-1
95,36,local_search,-9.508933774370863,9.508933774370863,1,3.9370923884965365,732.9572359533515,0.010804416507240984,872.4187243911815,0.9644529168402152,0.20312565001033897,0.020496200071647763,-1
95,36,beam_search,-0.557269244892803,0.557269244892803,1,3.267002599429916,48.572695112066306,0.001551729731729752,724.4255926037852,0.9744727017985148,0.16855383646409255,0.030615299940109253,-1
95,36,simulated_annealing,-9.508933774370863,9.508933774370863,1,3.9370923884965365,732.9572359533515,0.010804416507240984,872.4187243911815,0.9644529168402152,0.20312565001033897,0.007198599982075393,-1
95,36,block_beam_strong,-0.4046648062373974,0.4046648062373974,1,3.1081432959011988,38.041275745660194,0.0007185534294615636,689.3414672016271,0.9744727017985148,0.16035783898540934,0.3300087000243366,-1
95,36,block_lns_strong,-0.4046648062373974,0.4046648062373974,1,3.1081432959011988,38.041275745660194,0.0007185534294615636,689.3414672016271,0.9744727017985148,0.16035783898540934,0.06772629998158664,-1
95,36,hybrid_heuristic,-0.4046648062373974,0.4046648062373974,1,3.1081432959011988,38.041275745660194,0.0007185534294615636,689.3414672016271,0.9744727017985148,0.16035783898540934,0.013492200057953596,-1
95,37,autoreg_rl_pure,-0.2885026734719813,0.2885026734719813,1,2.4164277805533825,34.42159379216852,0.0003776743264170935,625.2591968379203,0.9725007267135355,0.12483198181075918,0.029371499898843467,16
95,37,random,-100.0,35434708.75606675,0,105.77856767642851,2729532932.1729226,0.062386832961784475,27248.843956143908,0.8087842730589712,5.423540886236088,0.024921000003814697,-1
95,37,latency_greedy,-509.7574469513345,509.7574469513345,1,5.663301195832865,39253.77641536889,0.02437551599506825,1461.5726508565492,0.9725007267135355,0.29101065414471083,9.970006067305803e-05,-1
95,37,block_balanced,-634.854967135326,634.854967135326,1,9.50122596932254,48860.46817593201,0.025121863864242037,2450.192931923455,0.7563894541105276,0.48720332142754613,8.140003774315119e-05,-1
95,37,pdp_aware_greedy,-0.2885026734719813,0.2885026734719813,1,2.4164277805533825,34.42159379216852,0.0003776743264170935,625.2591968379203,0.9725007267135355,0.12483198181075918,0.0006794999353587627,-1
95,37,local_search,-0.2885026734719813,0.2885026734719813,1,2.4164277805533825,34.42159379216852,0.0003776743264170935,625.2591968379203,0.9725007267135355,0.12483198181075918,0.01203370001167059,-1
95,37,beam_search,-0.2885026734719813,0.2885026734719813,1,2.4164277805533825,34.42159379216852,0.0003776743264170935,625.2591968379203,0.9725007267135355,0.12483198181075918,0.031730599934235215,-1
95,37,simulated_annealing,-0.2885026734719813,0.2885026734719813,1,2.4164277805533825,34.42159379216852,0.0003776743264170935,625.2591968379203,0.9725007267135355,0.12483198181075918,0.007884400081820786,-1
95,37,block_beam_strong,-0.2885026734719813,0.2885026734719813,1,2.4164277805533825,34.42159379216852,0.0003776743264170935,625.2591968379203,0.9725007267135355,0.12483198181075918,0.2753484999993816,-1
95,37,block_lns_strong,-0.2885026734719813,0.2885026734719813,1,2.4164277805533825,34.42159379216852,0.0003776743264170935,625.2591968379203,0.9725007267135355,0.12483198181075918,0.06980789999943227,-1
95,37,hybrid_heuristic,-0.2885026734719813,0.2885026734719813,1,2.4164277805533825,34.42159379216852,0.0003776743264170935,625.2591968379203,0.9725007267135355,0.12483198181075918,0.012959799962118268,-1
95,38,autoreg_rl_pure,-0.24657178287566486,0.24657178287566486,1,2.406706808466443,31.26654013291909,4.992786760823726e-05,583.1095045320055,0.936464995285477,0.11034371241683208,0.02604700007941574,16
95,38,random,-100.0,123.47495782626304,0,91.87614134120517,8834.359937342277,0.019291022066790328,22152.74618510186,0.9518249563341404,4.213859079280621,0.023820300004445016,-1
95,38,latency_greedy,-1731694.4012140913,1731694.4012140913,1,10.0731181093277,133392280.12517552,0.05209581740575811,2431.3071434819917,0.9518249563341404,0.46391953730059343,6.230000872164965e-05,-1
95,38,block_balanced,-885138834.9797708,885138834.9797708,1,17.95290433196111,68182196907.40247,0.07335785471654466,4331.059303766773,0.7012063997883441,0.8245983545482253,6.690004374831915e-05,-1
95,38,pdp_aware_greedy,-0.5606324041965158,0.5606324041965158,1,3.2275644467373104,49.13555097176721,0.0015910082105624521,781.0153566784212,0.9518249563341404,0.14900890368771375,0.00031679996754974127,-1
95,38,local_search,-0.5606324041965158,0.5606324041965158,1,3.2275644467373104,49.13555097176721,0.0015910082105624521,781.0153566784212,0.9518249563341404,0.14900890368771375,0.013906599953770638,-1
95,38,beam_search,-0.24657178287566486,0.24657178287566486,1,2.406706808466443,31.26654013291909,4.992786760823726e-05,583.1095045320055,0.936464995285477,0.11034371241683208,0.030982300057075918,-1
95,38,simulated_annealing,-0.5606324041965158,0.5606324041965158,1,3.2275644467373104,49.13555097176721,0.0015910082105624521,781.0153566784212,0.9518249563341404,0.14900890368771375,0.007393199950456619,-1
95,38,block_beam_strong,-0.24657178287566486,0.24657178287566486,1,2.406706808466443,31.26654013291909,4.992786760823726e-05,583.1095045320055,0.936464995285477,0.11034371241683208,0.32358820002991706,-1
95,38,block_lns_strong,-0.2426631783286888,0.2426631783286888,1,2.3676207629966823,31.26654013291909,4.9927867608237266e-05,573.6751626008191,0.936464995285477,0.1085600989576755,0.06718030001502484,-1
95,38,hybrid_heuristic,-0.2426631783286888,0.2426631783286888,1,2.3676207629966823,31.26654013291909,4.9927867608237266e-05,573.6751626008191,0.936464995285477,0.1085600989576755,0.013027000008150935,-1
95,39,autoreg_rl_pure,-1.5612203822014443,1.5612203822014443,1,3.7004555556911436,122.56811160821466,0.004707313692445581,1030.206064767302,0.9828926112313243,0.1756536360446592,0.02868229988962412,16
95,39,random,-100.0,1124967121065645.4,0,157.92842794284354,8.665615703723355e+16,0.12127525391435107,43845.21340151066,0.9694709389670499,7.496162021630423,0.02780799998436123,-1
95,39,latency_greedy,-4507708.017487925,4507708.017487925,1,10.690966178703858,347228455.43261003,0.055357370998640465,2970.8250881757676,0.9828926112313243,0.5093850667135638,6.459990981966257e-05,-1
95,39,block_balanced,-100.0,8112563709.576793,0,25.705056483811255,624910347546.5466,0.08091070508988218,7138.890957302639,0.7952249514417004,1.2206823848103516,6.930006202310324e-05,-1
95,39,pdp_aware_greedy,-421.1140768064086,421.1140768064086,1,6.3733469530497215,32420.112885744784,0.02372344078207425,1772.2192295449067,0.9828926112313243,0.3030717478978913,0.00030319998040795326,-1
95,39,local_search,-100.0,1124967121065645.4,0,157.92842794284354,8.665615703723355e+16,0.12127525391435107,43845.21340151066,0.9694709389670499,7.496162021630423,0.01642390002962202,-1
95,39,beam_search,-5.011326330708679,5.011326330708679,1,6.036443326132772,370.3354866206181,0.008477022983036158,1678.7038819395048,0.9828926112313243,0.2883420501244905,0.030871399911120534,-1
95,39,simulated_annealing,-100.0,1124967121065645.4,0,157.92842794284354,8.665615703723355e+16,0.12127525391435107,43845.21340151066,0.9694709389670499,7.496162021630423,0.010779100004583597,-1
95,39,block_beam_strong,-2.605447259777079,2.605447259777079,1,5.796712866136706,186.85739319072326,0.00614490582954157,1612.1758066775328,0.8309750905431856,0.27556852039867263,0.2003254999872297,-1
95,39,block_lns_strong,-2.547062834539366,2.547062834539366,1,5.505643703069506,184.60214824704892,0.006103508586628021,1531.3593976007314,0.9828926112313243,0.2618738372200181,0.08513080002740026,-1
95,39,hybrid_heuristic,-2.547062834539366,2.547062834539366,1,5.505643703069506,184.60214824704892,0.006103508586628021,1531.3593976007314,0.9828926112313243,0.2618738372200181,0.01382180000655353,-1
95,40,autoreg_rl_pure,-5.141274457010086,5.141274457010086,1,3.063378247546155,403.24688818903843,0.008767282136309194,843.505230280726,0.9943645819862815,0.13559468844940628,0.028325800085440278,16
95,40,random,-100.0,9.000594142799139e+17,0,143.690412657365,6.933152843862575e+19,0.1440648307173452,39430.580658805244,0.9929571833101145,6.342635018189298,0.024035500013269484,-1
95,40,latency_greedy,-81004431.22481327,81004431.22481327,1,11.239075446551407,6239766939.631866,0.06520561066884063,3086.8563407022234,0.9943645819862815,0.4962198871974909,6.510003004223108e-05,-1
95,40,block_balanced,-100.0,2241121246021.698,0,31.453740984390475,172633449456314.34,0.10007496325910747,8633.633964825684,0.6947816959666759,1.3894015327725067,7.329997606575489e-05,-1
95,40,pdp_aware_greedy,-5.14553787694751,5.14553787694751,1,3.1060124467989745,403.24688818997373,0.008767282136317101,855.2017965008165,0.9943645819862815,0.13783159256131247,0.0003060000017285347,-1
95,40,local_search,-5.14553787694751,5.14553787694751,1,3.1060124467989745,403.24688818997373,0.008767282136317101,855.2017965008165,0.9943645819862815,0.13783159256131247,0.013524599955417216,-1
95,40,beam_search,-3.952466430839977,3.952466430839977,1,2.988465649188442,312.25012099710807,0.007895395287054343,822.95069209026,0.9379629698226338,0.13276609645767998,0.03231100004632026,-1
95,40,simulated_annealing,-5.14553787694751,5.14553787694751,1,3.1060124467989745,403.24688818997373,0.008767282136317101,855.2017965008165,0.9943645819862815,0.13783159256131247,0.0064922000747174025,-1
95,40,block_beam_strong,-2.0249378301633634,2.0249378301633634,1,4.706280639556202,150.5403765396068,0.005408126258770485,1294.3225622875852,0.7719012290321734,0.208209293511897,0.37328709999565035,-1
95,40,block_lns_strong,-1.8507248022710865,1.8507248022710865,1,3.683947419835006,144.99578365070306,0.005280189930818687,1013.8062381778709,0.9925452799523942,0.16333271329212945,0.07115709991194308,-1
95,40,hybrid_heuristic,-1.8507248022710865,1.8507248022710865,1,3.683947419835006,144.99578365070306,0.005280189930818687,1013.8062381778709,0.9925452799523942,0.16333271329212945,0.012869000085629523,-1
95,41,autoreg_rl_pure,-0.22191544010698203,0.22191544010698203,1,2.2191008690718332,30.81239091661739,4.5625164352945764e-08,538.462597472715,0.9999779739357652,0.11068252967584018,0.029191600042395294,16
95,41,random,-100.0,3522253674846.691,0,101.49382104449319,271319011779221.88,0.10161635190253164,24493.262807583367,0.903587441649106,5.023528278870033,0.024008700042031705,-1
95,41,latency_greedy,-0.4531598724910477,0.4531598724910477,1,2.0907853290146177,49.61355106570335,0.0016240133902018464,507.40498563574164,0.9961023150067759,0.10303774227454736,6.140000186860561e-05,-1
95,41,block_balanced,-356.9892354457348,356.9892354457348,1,7.099236769584092,27474.98826746981,0.023159206382704023,1715.986936256185,0.6955892779263751,0.3505754669851316,7.340009324252605e-05,-1
95,41,pdp_aware_greedy,-0.4531598724910477,0.4531598724910477,1,2.0907853290146177,49.61355106570335,0.0016240133902018464,507.40498563574164,0.9961023150067759,0.10303774227454736,0.00030949991196393967,-1
95,41,local_search,-0.4531598724910477,0.4531598724910477,1,2.0907853290146177,49.61355106570335,0.0016240133902018464,507.40498563574164,0.9961023150067759,0.10303774227454736,0.012271700077690184,-1
95,41,beam_search,-0.15304721169818897,0.15304721169818897,1,1.5304179067650348,30.812396140933693,4.6203204381127476e-08,372.2323489011071,0.9999779739357652,0.07542180618032517,0.03492619993630797,-1
95,41,simulated_annealing,-0.4531598724910477,0.4531598724910477,1,2.0907853290146177,49.61355106570335,0.0016240133902018464,507.40498563574164,0.9961023150067759,0.10303774227454736,0.0066587000619620085,-1
95,41,block_beam_strong,-0.15304721169818897,0.15304721169818897,1,1.5304179067650348,30.812396140933693,4.6203204381127476e-08,372.2323489011071,0.9999779739357652,0.07542180618032517,0.3592856000177562,-1
95,41,block_lns_strong,-0.15304721169818897,0.15304721169818897,1,1.5304179067650348,30.812396140933693,4.6203204381127476e-08,372.2323489011071,0.9999779739357652,0.07542180618032517,0.05798749998211861,-1
95,41,hybrid_heuristic,-0.15304721169818897,0.15304721169818897,1,1.5304179067650348,30.812396140933693,4.6203204381127476e-08,372.2323489011071,0.9999779739357652,0.07542180618032517,0.011929200030863285,-1
95,42,autoreg_rl_pure,-0.8454732761964713,0.8454732761964713,1,2.710043776574115,75.06328702274524,0.0030356571603020175,569.9624906281207,0.9732906287140082,0.11432933386472197,0.027570600039325655,16
95,42,random,-100.0,2063327116952773.5,0,116.70862296206327,1.5893797722414486e+17,0.12334316533622078,24425.676128247815,0.9732906287140082,4.911302282785774,0.02491459995508194,-1
95,42,latency_greedy,-63686.30931061834,63686.30931061834,1,7.3130046696117015,4905727.4725414105,0.04083556539227989,1533.1632549326273,0.9732906287140082,0.30697008199794606,6.440002471208572e-05,-1
95,42,block_balanced,-32738181.632678635,32738181.632678635,1,14.343001633964734,2521820296.720379,0.06211699552137977,3004.3612334719187,0.710437465161723,0.6055509825162906,7.109995931386948e-05,-1
95,42,pdp_aware_greedy,-0.8454732761964713,0.8454732761964713,1,2.710043776574115,75.06328702274524,0.0030356571603020175,569.9624906281207,0.9732906287140082,0.11432933386472197,0.0003003999590873718,-1
95,42,local_search,-0.8454732761964713,0.8454732761964713,1,2.710043776574115,75.06328702274524,0.0030356571603020175,569.9624906281207,0.9732906287140082,0.11432933386472197,0.012655000085942447,-1
95,42,beam_search,-0.8454732761964713,0.8454732761964713,1,2.710043776574115,75.06328702274524,0.0030356571603020175,569.9624906281207,0.9732906287140082,0.11432933386472197,0.032003099913708866,-1
95,42,simulated_annealing,-0.8454732761964713,0.8454732761964713,1,2.710043776574115,75.06328702274524,0.0030356571603020175,569.9624906281207,0.9732906287140082,0.11432933386472197,0.007377300062216818,-1
95,42,block_beam_strong,-0.5954271693282314,0.5954271693282314,1,2.808259021742597,55.04569730610644,0.0019782293843706254,590.5409161968278,0.9732906287140082,0.1184843105557806,0.3574302999768406,-1
95,42,block_lns_strong,-0.5936110952820778,0.5936110952820778,1,2.7900454688353533,55.04610412009264,0.001978254579974942,586.7392182970635,0.8651472255235628,0.1175624252953059,0.07226929999887943,-1
95,42,hybrid_heuristic,-0.5936110952820778,0.5936110952820778,1,2.7900454688353533,55.04610412009264,0.001978254579974942,586.7392182970635,0.8651472255235628,0.1175624252953059,0.011868499917909503,-1
95,43,autoreg_rl_pure,-19.59548636592415,19.59548636592415,1,3.5759536744102247,1512.7056910184579,0.013274621104737396,814.5243810285775,0.9940093858648006,0.16535522990737256,0.02924559998791665,16
95,43,random,-100.0,1.877673629937648e+25,0,264.3055993817336,1.4463709907043288e+27,0.20152170899421656,59992.65888501325,0.9396721992859386,12.121004544319108,0.025098799960687757,-1
95,43,latency_greedy,-583319.5793058382,583319.5793058382,1,8.048279495351675,44933044.74401293,0.04838618404680747,1829.5334703468734,0.9940093858648006,0.3712803616570055,6.350001785904169e-05,-1
95,43,block_balanced,-153069.6157599862,153069.6157599862,1,9.934649162572809,11790898.582860494,0.04382518619229249,2257.7811384773017,0.7601799448608458,0.4574754194618639,8.79999715834856e-05,-1
95,43,pdp_aware_greedy,-494.67456178524515,494.67456178524515,1,5.482950199889701,38093.33182222561,0.024273211009476835,1247.2775458793265,0.9940093858648006,0.2529842493175688,0.0003068000078201294,-1
95,43,local_search,-100.0,1.877673629937648e+25,0,264.3055993817336,1.4463709907043288e+27,0.20152170899421656,59992.65888501325,0.9396721992859386,12.121004544319108,0.014015000080689788,-1
95,43,beam_search,-5198.871217508528,5198.871217508528,1,6.107782903886838,400452.5349837837,0.03229357088706532,1389.2295922239641,0.9940093858648006,0.2800103613180848,0.03168140002526343,-1
95,43,simulated_annealing,-100.0,1.877673629937648e+25,0,264.3055993817336,1.4463709907043288e+27,0.20152170899421656,59992.65888501325,0.9396721992859386,12.121004544319108,0.01075350004248321,-1
95,43,block_beam_strong,-12.234722629575908,12.234722629575908,1,3.873903665947574,943.4113477580962,0.011664952649667144,882.1916603090378,0.9396721992859386,0.17795840307673053,0.35429569997359067,-1
95,43,block_lns_strong,-5.736071131866627,5.736071131866627,1,3.8044569559263204,443.3555188535663,0.009090553665152884,866.4256498376635,0.8697582126317005,0.17487397070551572,0.07654369994997978,-1
95,43,hybrid_heuristic,-5.736071131866627,5.736071131866627,1,3.8044569559263204,443.3555188535663,0.009090553665152884,866.4256498376635,0.8697582126317005,0.17487397070551572,0.012995500001125038,-1
95,44,autoreg_rl_pure,-0.3659317437370144,0.3659317437370144,1,2.873604531230575,36.86432086448079,0.00061141009140031,799.3219765556752,0.9633034795931705,0.15401248501330192,0.02992999996058643,16
95,44,random,-100.0,5.768237279658981e+17,0,118.56201396162884,4.4432700847351456e+19,0.14254799071763438,32862.0879540729,0.9633034795931705,6.285684903069842,0.02560789999552071,-1
95,44,latency_greedy,-100.0,268746.92360818444,0,46.60158377930222,20701232.960880656,0.045744112905565945,12918.352933793953,0.9817845701614183,2.4657866666072836,6.480002775788307e-05,-1
95,44,block_balanced,-100.0,268701.6521672464,0,57.64174778839177,20697660.66188757,0.04574352454582319,15978.178503905061,0.7244772248991531,3.0508060598437394,7.289997301995754e-05,-1
95,44,pdp_aware_greedy,-1.5044451173780038,1.5044451173780038,1,2.9598044543290207,123.89994746591847,0.004744158659078852,823.1816816093582,0.9817845701614183,0.15747077287453157,0.0003037999849766493,-1
95,44,local_search,-1.0945097426404913,1.0945097426404913,1,3.0860192618676585,91.35041553654568,0.0037051281837088335,858.1744264612441,0.9817845701614183,0.16432133405288127,0.018732400028966367,-1
95,44,beam_search,-0.40759877943409195,0.40759877943409195,1,3.466583286854389,35.506218214672806,0.00048344083119778884,963.5717329424455,0.9817845701614183,0.18342412755520293,0.03094759990926832,-1
95,44,simulated_annealing,-1.0945097426404913,1.0945097426404913,1,3.0860192618676585,91.35041553654568,0.0037051281837088335,858.1744264612441,0.9817845701614183,0.16432133405288127,0.0071680000983178616,-1
95,44,block_beam_strong,-0.3659317437370144,0.3659317437370144,1,2.873604531230575,36.86432086448079,0.00061141009140031,799.3219765556752,0.9633034795931705,0.15401248501330192,0.32375019998289645,-1
95,44,block_lns_strong,-0.3659317437370144,0.3659317437370144,1,2.873604531230575,36.86432086448079,0.00061141009140031,799.3219765556752,0.9633034795931705,0.15401248501330192,0.0707401999970898,-1
95,44,hybrid_heuristic,-0.3659317437370144,0.3659317437370144,1,2.873604531230575,36.86432086448079,0.00061141009140031,799.3219765556752,0.9633034795931705,0.15401248501330192,0.013381899916566908,-1
95,45,autoreg_rl_pure,-3.0677776351370376,3.0677776351370376,1,2.563456196078553,247.3764360228453,0.007101412783251543,723.0245175120797,0.9561824721752801,0.176863683096626,0.030020700069144368,16
95,45,random,-100.0,1.0937189579625478e+18,0,132.55171905217964,8.424911270831063e+19,0.1447292118977494,37233.81238508787,0.9280127459613936,9.109123985172136,0.024602299905382097,-1
95,45,latency_greedy,-1706.2534117752523,1706.2534117752523,1,6.259497911560404,131415.20395323806,0.028494913946290695,1761.0818426181324,0.9561824721752801,0.4324371957613983,6.600003689527512e-05,-1
95,45,block_balanced,-8332.386819671154,8332.386819671154,1,9.652709571595203,641799.7673102173,0.03390163137296198,2714.204785199403,0.669327730522696,0.6649204986363058,7.269997149705887e-05,-1
95,45,pdp_aware_greedy,-115.75853113560588,115.75853113560588,1,4.753726044658008,8911.067501014393,0.019320496014689402,1338.1436368964273,0.9561824721752801,0.3282223334027705,0.00030519999563694,-1
95,45,local_search,-100.0,1.0937189579625478e+18,0,132.55171905217964,8.424911270831063e+19,0.1447292118977494,37233.81238508787,0.9280127459613936,9.109123985172136,0.01643239997792989,-1
95,45,beam_search,-12.335752320310878,12.335752320310878,1,3.7771354043436003,951.939064820656,0.011695630864267352,1063.84080110971,0.9561824721752801,0.2605853915192339,0.03098929999396205,-1
95,45,simulated_annealing,-100.0,1.0937189579625478e+18,0,132.55171905217964,8.424911270831063e+19,0.1447292118977494,37233.81238508787,0.9280127459613936,9.109123985172136,0.011121200048364699,-1
95,45,block_beam_strong,-3.0677776351370376,3.0677776351370376,1,2.563456196078553,247.3764360228453,0.007101412783251543,723.0245175120797,0.9561824721752801,0.176863683096626,0.3725438000401482,-1
95,45,block_lns_strong,-3.0677776351370376,3.0677776351370376,1,2.563456196078553,247.3764360228453,0.007101412783251543,723.0245175120797,0.9561824721752801,0.176863683096626,0.05568940006196499,-1
95,45,hybrid_heuristic,-3.0677776351370376,3.0677776351370376,1,2.563456196078553,247.3764360228453,0.007101412783251543,723.0245175120797,0.9561824721752801,0.176863683096626,0.013612000038847327,-1
95,46,autoreg_rl_pure,-0.43937032157779426,0.43937032157779426,1,3.045083509191315,41.20038893113331,0.0009905263846829867,902.6079721572177,0.9539207913578487,0.16858617798175954,0.029321699985302985,16
95,46,random,-100.0,767455923919.377,0,111.24743757138226,59117088682899.805,0.09642148045255737,32871.356016255806,0.9392358070985548,6.166769310660316,0.025008899974636734,-1
95,46,latency_greedy,-712.6665145898198,712.6665145898198,1,5.536797352964213,54884.8254780203,0.02551824689860556,1638.746724105063,0.9904246599409275,0.30565589656169684,6.490002851933241e-05,-1
95,46,block_balanced,-1172.5352171446887,1172.5352171446887,1,8.311269634584953,90287.11524165771,0.027215208472275515,2458.5037252047928,0.707446185672091,0.45954512516082174,7.16999638825655e-05,-1
95,46,pdp_aware_greedy,-0.5738520936022276,0.5738520936022276,1,3.459311926136419,48.368713346470884,0.0015373825518211575,1024.9620021475264,0.9723967717293555,0.19096943970754562,0.0003066000062972307,-1
95,46,local_search,-0.5503040674898452,0.5503040674898452,1,3.276312521900395,47.96445358716256,0.001508769043736759,970.8922905387352,0.9723967717293555,0.18086705679442117,0.018862499971874058,-1
95,46,beam_search,-0.4361615064588172,0.4361615064588172,1,3.002517523487315,41.28109963423503,0.0009971984249866697,890.0297815505076,0.9904246599409275,0.16623634581453692,0.030456300009973347,-1
95,46,simulated_annealing,-0.5503040674898452,0.5503040674898452,1,3.276312521900395,47.96445358716256,0.001508769043736759,970.8922905387352,0.9723967717293555,0.18086705679442117,0.00748489995021373,-1
95,46,block_beam_strong,-0.4512275502053723,0.4512275502053723,1,3.141243375873726,41.37303167913004,0.0010047822170316295,931.0243399388991,0.9392358070985548,0.17413662804328078,0.3844513000221923,-1
95,46,block_lns_strong,-0.4361615064588172,0.4361615064588172,1,3.002517523487315,41.28109963423503,0.0009971984249866697,890.0297815505076,0.9904246599409275,0.16623634581453692,0.07323470001574606,-1
95,46,hybrid_heuristic,-0.4361615064588172,0.4361615064588172,1,3.002517523487315,41.28109963423503,0.0009971984249866697,890.0297815505076,0.9904246599409275,0.16623634581453692,0.013544099987484515,-1
95,47,autoreg_rl_pure,-0.19314451561494622,0.19314451561494622,1,1.9302818821155618,30.82093925357179,9.913175304173537e-07,489.58170857703186,0.9903012433229349,0.11808070242852568,0.03303789999336004,16
95,47,random,-100.0,5065.484216362847,0,58.62769659275358,389773.180821463,0.032201419016710454,14786.699613019755,0.8772717521136919,3.562732290492898,0.026099300011992455,-1
95,47,latency_greedy,-0.30689971347610345,0.30689971347610345,1,2.543568272097362,34.85935427271339,0.00042075796680017964,644.2269701997499,0.9903012433229349,0.15554507463812714,6.430002395063639e-05,-1
95,47,block_balanced,-1.1628338288388027,1.1628338288388027,1,4.458107391022192,86.0442287297587,0.0035011162901174586,1127.0260274371133,0.7310597934280766,0.27127659654205016,6.750004831701517e-05,-1
95,47,pdp_aware_greedy,-0.852882563894415,0.852882563894415,1,2.5427612887663256,76.9226001639247,0.003119074209769176,644.0489935166289,0.9903012433229349,0.15547085718615783,0.0002991999499499798,-1
95,47,local_search,-0.30689971347610345,0.30689971347610345,1,2.543568272097362,34.85935427271339,0.00042075796680017964,644.2269701997499,0.9903012433229349,0.15554507463812714,0.01291070005390793,-1
95,47,beam_search,-0.19314451561494622,0.19314451561494622,1,1.9302818821155618,30.82093925357179,9.913175304173537e-07,489.58170857703186,0.9903012433229349,0.11808070242852568,0.03084560006391257,-1
95,47,simulated_annealing,-0.30689971347610345,0.30689971347610345,1,2.543568272097362,34.85935427271339,0.00042075796680017964,644.2269701997499,0.9903012433229349,0.15554507463812714,0.007117799948900938,-1
95,47,block_beam_strong,-0.19859643916318667,0.19859643916318667,1,1.9848011175979663,30.82093925357179,9.913175304173537e-07,503.32549666830465,0.9903012433229349,0.12164894947925398,0.23260360001586378,-1
95,47,block_lns_strong,-0.19314451561494622,0.19314451561494622,1,1.9302818821155618,30.82093925357179,9.913175304173537e-07,489.58170857703186,0.9903012433229349,0.11808070242852568,0.06766589998733252,-1
95,47,hybrid_heuristic,-0.19314451561494622,0.19314451561494622,1,1.9302818821155618,30.82093925357179,9.913175304173537e-07,489.58170857703186,0.9903012433229349,0.11808070242852568,0.013382200035266578,-1
95,48,autoreg_rl_pure,-0.20768391834903818,0.20768391834903818,1,2.0768374255692317,30.811992101181023,1.4982807197605877e-09,561.5915541578861,0.9589462171378946,0.1391273041602335,0.028939299983903766,16
95,48,random,-100.0,1689437324.098061,0,86.62830709802346,130137265884.62595,0.07556159019973659,23303.468849387114,0.8977259296527241,5.755606549241901,0.025944900000467896,-1
95,48,latency_greedy,-0.3911173574449483,0.3911173574449483,1,2.716128140263968,40.01740713398856,0.0008912052987571155,733.4796208631044,0.9383613599529279,0.18043776904585299,6.449990905821323e-05,-1
95,48,block_balanced,-0.5107186399122277,0.5107186399122277,1,3.4387012434656925,43.664310770834284,0.0011885449017372874,927.8785886126536,0.6732944472395431,0.228893335511102,7.060007192194462e-05,-1
95,48,pdp_aware_greedy,-0.2412132553182743,0.2412132553182743,1,2.4119113301689894,30.813682639613013,1.885437715530958e-07,651.6953510259143,0.9589462171378946,0.16135165684892167,0.0004945999244228005,-1
95,48,local_search,-0.23143861951963512,0.23143861951963512,1,2.314130385471353,30.813949060864342,2.1802036335679088e-07,625.409792325991,0.8977259296527241,0.1546884460922264,0.01932620001025498,-1
95,48,beam_search,-0.29096436667115394,0.29096436667115394,1,2.9006287480029975,30.881420430415588,7.674794888300968e-06,783.1924076205057,0.9589462171378946,0.1943367317983147,0.03315529995597899,-1
95,48,simulated_annealing,-0.23143861951963512,0.23143861951963512,1,2.314130385471353,30.813949060864342,2.1802036335679088e-07,625.409792325991,0.8977259296527241,0.1546884460922264,0.006702100043185055,-1
95,48,block_beam_strong,-0.21250250634183293,0.21250250634183293,1,2.1250235060317575,30.81199055646424,1.3273646155477733e-09,574.571648738325,0.9589462171378946,0.14230557072473526,0.3610531999729574,-1
95,48,block_lns_strong,-0.20304338756429238,0.20304338756429238,1,2.0304319469628105,30.811993416536403,1.6438189881601568e-09,549.1174135835747,0.9383613599529279,0.1358662654298247,0.07449490006547421,-1
95,48,hybrid_heuristic,-0.20304338756429238,0.20304338756429238,1,2.0304319469628105,30.811993416536403,1.6438189881601568e-09,549.1174135835747,0.9383613599529279,0.1358662654298247,0.01222169992979616,-1
95,49,autoreg_rl_pure,-0.5018759847373779,0.5018759847373779,1,4.514144486107008,34.69902798301382,0.00040504204278620317,1156.4618583468082,0.9837192568115254,0.21812397841838418,0.02861399995163083,16
95,49,random,-100.0,5.6700679465256845e+19,0,142.77463435344112,4.3676503000415176e+21,0.15818946717259308,36486.76436233679,0.9837192568115254,6.881142445211459,0.02876799996010959,-1
95,49,latency_greedy,-781660.4419394624,781660.4419394624,1,12.263369997961092,60211198.292753436,0.049384008523626,3136.636089065083,0.9577972199416697,0.5914888493159579,8.180004078894854e-05,-1
95,49,block_balanced,-94549.44885763983,94549.44885763983,1,12.110310811818906,7283076.503954819,0.04218271505069618,3097.5458059671255,0.8209690456642883,0.5840283670604317,7.229996845126152e-05,-1
95,49,pdp_aware_greedy,-65.72996753216081,65.72996753216081,1,6.64292427304445,5042.817444354433,0.017379532957315057,1700.435058014893,0.9837192568115254,0.3205609361224093,0.0004336000420153141,-1
95,49,local_search,-19.284551018340633,19.284551018340633,1,8.654683297085342,1449.6329307989145,0.013129424434284415,2214.505358521259,0.9577972199416697,0.417400769764038,0.01994079991709441,-1
95,49,beam_search,-0.5058965635362609,0.5058965635362609,1,4.560032724296699,34.65525609957463,0.0004007387006028806,1168.1828503359382,0.9353652341180121,0.22033299728807296,0.030351600027643144,-1
95,49,simulated_annealing,-19.284551018340633,19.284551018340633,1,8.654683297085342,1449.6329307989145,0.013129424434284415,2214.505358521259,0.9577972199416697,0.417400769764038,0.0077800999861210585,-1
95,49,block_beam_strong,-0.506017931556736,0.506017931556736,1,4.54006299975595,34.81843175278577,0.00041675343305181,1163.086136666633,0.9837192568115254,0.2193713242740998,0.3913743000011891,-1
95,49,block_lns_strong,-0.5058965635362609,0.5058965635362609,1,4.560032724296699,34.65525609957463,0.0004007387006028806,1168.1828503359382,0.9353652341180121,0.22033299728807296,0.07842699997127056,-1
95,49,hybrid_heuristic,-0.5058965635362609,0.5058965635362609,1,4.560032724296699,34.65525609957463,0.0004007387006028806,1168.1828503359382,0.9353652341180121,0.22033299728807296,0.014298300025984645,-1
95,50,autoreg_rl_pure,-0.4042274223395461,0.4042274223395461,1,3.4435997385585857,35.42356490771564,0.0004754954327534148,893.6203472655419,0.9867668187979564,0.18806894890750148,0.028239800012670457,16
95,50,random,-100.0,107708761257737.52,0,118.2335533910838,8296800106472526.0,0.11327697835069518,30580.883888759054,0.9867668187979564,6.418795760971955,0.02599469991400838,-1
95,50,latency_greedy,-6026102808.407354,6026102808.407354,1,13.60040427590387,464190376257.40845,0.07989710084862821,3520.3057901424186,0.9867668187979564,0.7366363308890039,6.860005669295788e-05,-1
95,50,block_balanced,-100.0,340973459190.8023,0,21.486676469089364,26265167285090.453,0.09365566796564002,5559.92882513789,0.7394448417877335,1.1645128178712303,7.369997911155224e-05,-1
95,50,pdp_aware_greedy,-0.4726792120349603,0.4726792120349603,1,3.2559558547638607,42.14182243002041,0.0010675505468578212,845.0685018499703,0.9867668187979564,0.177911189991813,0.0004656999371945858,-1
95,50,local_search,-0.46542854743129447,0.46542854743129447,1,3.189633704206459,42.09418329449271,0.0010636944313459735,827.9148347437754,0.9867668187979564,0.17398603759762746,0.01836760004516691,-1
95,50,beam_search,-0.46542854743129447,0.46542854743129447,1,3.189633704206459,42.09418329449271,0.0010636944313459735,827.9148347437754,0.9867668187979564,0.17398603759762746,0.03392740001436323,-1
95,50,simulated_annealing,-0.46542854743129447,0.46542854743129447,1,3.189633704206459,42.09418329449271,0.0010636944313459735,827.9148347437754,0.9867668187979564,0.17398603759762746,0.006694399984553456,-1
95,50,block_beam_strong,-0.46542854743129447,0.46542854743129447,1,3.189633704206459,42.09418329449271,0.0010636944313459735,827.9148347437754,0.9867668187979564,0.17398603759762746,0.2994019000325352,-1
95,50,block_lns_strong,-0.46542854743129447,0.46542854743129447,1,3.189633704206459,42.09418329449271,0.0010636944313459735,827.9148347437754,0.9867668187979564,0.17398603759762746,0.07084300008136779,-1
95,50,hybrid_heuristic,-0.46542854743129447,0.46542854743129447,1,3.189633704206459,42.09418329449271,0.0010636944313459735,827.9148347437754,0.9867668187979564,0.17398603759762746,0.01367349992506206,-1
95,51,autoreg_rl_pure,-0.5838540610733924,0.5838540610733924,1,3.701150372305807,47.27628411008324,0.0014595011386965414,942.1107834927795,0.9952039256958919,0.2237689079504728,0.02918459998909384,16
95,51,random,-100.0,53406321.91230169,0,100.67321188537451,4113885369.6423407,0.06378541890341966,25545.262333587852,0.9527650642331603,6.050469422470718,0.02560080005787313,-1
95,51,latency_greedy,-85.92642308268668,85.92642308268668,1,5.48933141066707,6607.43545251319,0.018300806293505334,1395.7513112672923,0.9762436113628457,0.3283074279651919,6.489991210401058e-05,-1
95,51,block_balanced,-97.20367832390775,97.20367832390775,1,7.735305808877741,7458.8210905304695,0.018714008714020503,1965.6232599672537,0.8050785720884897,0.4637568706927196,6.780005060136318e-05,-1
95,51,pdp_aware_greedy,-1.9921820456225374,1.9921820456225374,1,3.8151770357568546,154.88136649587736,0.005505043704226371,971.0385770477335,0.9952039256958919,0.2306388645835785,0.0002956000389531255,-1
95,51,local_search,-1.9921820456225374,1.9921820456225374,1,3.8151770357568546,154.88136649587736,0.005505043704226371,971.0385770477335,0.9952039256958919,0.2306388645835785,0.012948999996297061,-1
95,51,beam_search,-0.5838540610733924,0.5838540610733924,1,3.701150372305807,47.27628411008324,0.0014595011386965414,942.1107834927795,0.9952039256958919,0.2237689079504728,0.031265600002370775,-1
95,51,simulated_annealing,-1.4232233599915027,1.4232233599915027,1,3.7958277226594634,111.20355709308919,0.004375582051733634,966.1317629411521,0.9952039256958919,0.2294491494095557,0.0073599000461399555,-1
95,51,block_beam_strong,-0.5934440292651935,0.5934440292651935,1,3.6448111293863303,48.448979732102856,0.0015430353432098528,927.8113152860401,0.9762436113628457,0.22000325749295152,0.26108369999565184,-1
95,51,block_lns_strong,-0.5675551842168577,0.5675551842168577,1,3.6296194822575787,46.57178456208184,0.0014083155833913767,923.9722905329176,0.9952039256958919,0.21945986865642939,0.06855800002813339,-1
95,51,hybrid_heuristic,-0.5675551842168577,0.5675551842168577,1,3.6296194822575787,46.57178456208184,0.0014083155833913767,923.9722905329176,0.9952039256958919,0.21945986865642939,0.013526499969884753,-1
95,52,autoreg_rl_pure,-0.6889197829843943,0.6889197829843943,1,3.2477035204166746,58.86238970696323,0.0022067782610360968,834.2380249570004,0.9633267963860839,0.16576147090315424,0.03009150002617389,16
95,52,random,-100.0,6.922884868010573e+19,0,141.14649117072034,5.332694503149071e+21,0.15887005298440313,36130.08641287172,0.9914884421534425,7.15962580962551,0.023413100047037005,-1
95,52,latency_greedy,-203.42117917635633,203.42117917635633,1,4.963019337045745,15662.104395749322,0.021243120643700528,1273.2492578305435,0.9914884421534425,0.25117199469871115,6.260001100599766e-05,-1
95,52,block_balanced,-232.11334190282133,232.11334190282133,1,7.225959792307133,17854.82873446606,0.021689829318039408,1852.509344329485,0.6642107490709878,0.367261035767019,6.749993190169334e-05,-1
95,52,pdp_aware_greedy,-2.9708652300967135,2.9708652300967135,1,3.8863858981714516,229.7207582528193,0.00684897184628072,997.715452227706,0.9633267963860839,0.19656644255256633,0.00030830001924186945,-1
95,52,local_search,-1.2771235063746085,1.2771235063746085,1,3.6615055411656905,100.98417624403687,0.004046939098973989,940.1492968145454,0.9633267963860839,0.18519239660479475,0.01686940004583448,-1
95,52,beam_search,-0.6889197829843943,0.6889197829843943,1,3.2477035204166746,58.86238970696323,0.0022067782610360968,834.2380249570004,0.9633267963860839,0.16576147090315424,0.03253779991064221,-1
95,52,simulated_annealing,-1.2771235063746085,1.2771235063746085,1,3.6615055411656905,100.98417624403687,0.004046939098973989,940.1492968145454,0.9633267963860839,0.18519239660479475,0.006688900059089065,-1
95,52,block_beam_strong,-0.6940124758642876,0.6940124758642876,1,3.298556915665263,58.86295613550739,0.0022068110674709927,847.2572712390513,0.9633267963860839,0.16821060828967815,0.37142430001404136,-1
95,52,block_lns_strong,-0.6889197829843943,0.6889197829843943,1,3.2477035204166746,58.86238970696323,0.0022067782610360968,834.2380249570004,0.9633267963860839,0.16576147090315424,0.0683394999941811,-1
95,52,hybrid_heuristic,-0.6889197829843943,0.6889197829843943,1,3.2477035204166746,58.86238970696323,0.0022067782610360968,834.2380249570004,0.9633267963860839,0.16576147090315424,0.012620599940419197,-1
95,53,autoreg_rl_pure,-0.22658414619869605,0.22658414619869605,1,2.2658414615712292,30.811978563126203,3.5432924979168164e-13,611.837233073196,0.9995189781644743,0.1186031165580196,0.028781200060620904,16
95,53,random,-100.0,84.0692263435268,0,95.5852949557207,5770.366962970335,0.017838994832779783,25687.554890387477,0.99002437416946,5.025998970962904,0.02672219998203218,-1
95,53,latency_greedy,-4190.850133615236,4190.850133615236,1,7.4917247645832346,322794.0644248705,0.03155861079573985,2015.9894605055233,0.99002437416946,0.394089200349827,6.689992733299732e-05,-1
95,53,block_balanced,-437311.0804417508,437311.0804417508,1,12.949784137290042,33685980.14633163,0.04740401845203927,3482.665734810768,0.8250203118078834,0.6800631198109632,6.930006202310324e-05,-1
95,53,pdp_aware_greedy,-0.6681107826287986,0.6681107826287986,1,3.05575365806323,58.73806228579174,0.002199569809576046,824.0038097340905,0.99002437416946,0.1614004890841205,0.0002999999560415745,-1
95,53,local_search,-0.6681107826287986,0.6681107826287986,1,3.05575365806323,58.73806228579174,0.002199569809576046,824.0038097340905,0.99002437416946,0.1614004890841205,0.01383680000435561,-1
95,53,beam_search,-0.24255293887552573,0.24255293887552573,1,2.424575330603423,30.819327664753636,8.130494381722991e-07,654.4004711766801,0.99002437416946,0.12762078933646992,0.0297553000273183,-1
95,53,simulated_annealing,-0.6681107826287986,0.6681107826287986,1,3.05575365806323,58.73806228579174,0.002199569809576046,824.0038097340905,0.99002437416946,0.1614004890841205,0.006810099934227765,-1
95,53,block_beam_strong,-0.229602703485858,0.229602703485858,1,2.296027034442849,30.811978563126203,3.5432924979168164e-13,619.9380586443202,0.99002437416946,0.12018314899999843,0.25410180003382266,-1
95,53,block_lns_strong,-0.22658414619869605,0.22658414619869605,1,2.2658414615712292,30.811978563126203,3.5432924979168164e-13,611.837233073196,0.9995189781644743,0.1186031165580196,0.07079999998677522,-1
95,53,hybrid_heuristic,-0.22658414619869605,0.22658414619869605,1,2.2658414615712292,30.811978563126203,3.5432924979168164e-13,611.837233073196,0.9995189781644743,0.1186031165580196,0.013231299933977425,-1
95,54,autoreg_rl_pure,-0.25759717014288874,0.25759717014288874,1,2.528914820755846,31.17445745952249,3.987263125526697e-05,637.4674947593826,0.9021888084543602,0.15405315629301514,0.028437000000849366,16
95,54,random,-100.0,48019547.053331725,0,82.11688462354147,3698942533.9273324,0.06342294834604344,20608.26940034134,0.9216878867848771,4.99873025845603,0.02425260003656149,-1
95,54,latency_greedy,-0.28187510132950944,0.28187510132950944,1,2.658708300001421,32.044786722593,0.0001337466926380496,670.0050227183231,0.9157285093785068,0.163073224501667,9.529991075396538e-05,-1
95,54,block_balanced,-1.0491834553428783,1.0491834553428783,1,4.963502764735255,73.3966886962664,0.0029591109520486474,1248.4062918453155,0.6912659150886579,0.3029558849707139,8.09000339359045e-05,-1
95,54,pdp_aware_greedy,-0.9433408869841575,0.9433408869841575,1,3.1018307711893356,79.58409071646284,0.0032350367637544683,781.2760420995002,0.9216878867848771,0.1883063815171395,0.00031070003751665354,-1
95,54,local_search,-0.26726568245636695,0.26726568245636695,1,2.5138074821344842,32.03559419322034,0.00013276856883778705,633.6523324479181,0.9157285093785068,0.15418354261916603,0.01936289994046092,-1
95,54,beam_search,-0.26130841596109977,0.26130841596109977,1,2.5666241620049846,31.169859672456475,3.936978425391797e-05,646.93830632039,0.9216878867848771,0.156342420319272,0.031439200043678284,-1
95,54,simulated_annealing,-0.26726568245636695,0.26726568245636695,1,2.5138074821344842,32.03559419322034,0.00013276856883778705,633.6523324479181,0.9157285093785068,0.15418354261916603,0.0063916000071913,-1
95,54,block_beam_strong,-0.25759717014288874,0.25759717014288874,1,2.528914820755846,31.17445745952249,3.987263125526697e-05,637.4674947593826,0.9021888084543602,0.15405315629301514,0.3426407999359071,-1
95,54,block_lns_strong,-0.25759717014288874,0.25759717014288874,1,2.528914820755846,31.17445745952249,3.987263125526697e-05,637.4674947593826,0.9021888084543602,0.15405315629301514,0.068668800056912,-1
95,54,hybrid_heuristic,-0.25759717014288874,0.25759717014288874,1,2.528914820755846,31.17445745952249,3.987263125526697e-05,637.4674947593826,0.9021888084543602,0.15405315629301514,0.013378000003285706,-1
95,55,autoreg_rl_pure,-0.5336608489865874,0.5336608489865874,1,2.2778475820239388,54.37359743801353,0.0019363472078467192,508.77005164540515,0.9871013293123168,0.09147691452206616,0.029941000044345856,16
95,55,random,-100.0,2215071089467.076,0,140.58842205999122,170626807292364.5,0.10003510344768354,31219.753803715816,0.940358476936765,5.675293470034588,0.024624799960292876,-1
95,55,latency_greedy,-3.5765255277171866,3.5765255277171866,1,4.371423120889773,272.63849938822653,0.0074329092280444806,973.5605652665131,0.9871013293123168,0.1771469473113804,6.280001252889633e-05,-1
95,55,block_balanced,-2953.1213398610853,2953.1213398610853,1,10.093346160851455,227431.84150881658,0.03036482798182113,2244.1483854280955,0.6743255897558887,0.407217859694573,7.24999699741602e-05,-1
95,55,pdp_aware_greedy,-70.34670603978326,70.34670603978326,1,4.474488838524738,5415.148010667776,0.017622389029439002,996.469593593456,0.9871013293123168,0.18098200334970269,0.00030149996746331453,-1
95,55,local_search,-2.6786291544641445,2.6786291544641445,1,4.111807020084498,205.47341131691712,0.0064686817303777795,915.9192019393488,0.9871013293123168,0.16668494518216823,0.01892459997907281,-1
95,55,beam_search,-0.8439745635905327,0.8439745635905327,1,3.176108956432183,71.35774368871262,0.002863063411609533,708.1586504079437,0.9871013293123168,0.1285697664913791,0.032943099969998,-1
95,55,simulated_annealing,-2.6786291544641445,2.6786291544641445,1,4.111807020084498,205.47341131691712,0.0064686817303777795,915.9192019393488,0.9871013293123168,0.16668494518216823,0.006483800010755658,-1
95,55,block_beam_strong,-0.8947024971653565,0.8947024971653565,1,3.4658360383261724,73.03354753406768,0.0029422015017914194,772.4989957857745,0.9103162181554929,0.14048188966069797,0.3935054000467062,-1
95,55,block_lns_strong,-0.5336608489865874,0.5336608489865874,1,2.2778475820239388,54.37359743801353,0.0019363472078467192,508.77005164540515,0.9871013293123168,0.09147691452206616,0.06342679995577782,-1
95,55,hybrid_heuristic,-0.5336608489865874,0.5336608489865874,1,2.2778475820239388,54.37359743801353,0.0019363472078467192,508.77005164540515,0.9871013293123168,0.09147691452206616,0.01222749997396022,-1
95,56,autoreg_rl_pure,-0.22392812357791292,0.22392812357791292,1,2.2359098152893457,30.83794859388575,2.872260709992796e-06,498.92200148166944,0.9944290563008913,0.1305095892517103,0.030389900086447597,16
95,56,random,-100.0,16381868.008132521,0,97.35615628793975,1261893695.4732316,0.05975656874857406,21602.446763985565,0.9944290563008913,5.641116837427678,0.02679330005776137,-1
95,56,latency_greedy,-53335378.70316147,53335378.70316147,1,10.068613925796802,4108421315.9715714,0.06378088778689475,2236.674428705992,0.9944290563008913,0.5858218588054215,6.370001938194036e-05,-1
95,56,block_balanced,-59196.64126163661,59196.64126163661,1,13.399673795659025,4559841.697795757,0.04058629926690811,2975.7624002883676,0.7277653660388741,0.7784498447507375,6.830005440860987e-05,-1
95,56,pdp_aware_greedy,-0.23084050177627372,0.23084050177627372,1,2.3049908654721833,30.83827775671804,2.9086502762392176e-06,514.273884468656,0.9841755500075732,0.13475022589549573,0.00032510003075003624,-1
95,56,local_search,-0.23084050177627372,0.23084050177627372,1,2.3049908654721833,30.83827775671804,2.9086502762392176e-06,514.273884468656,0.9841755500075732,0.13475022589549573,0.014054400031454861,-1
95,56,beam_search,-0.22392812357791292,0.22392812357791292,1,2.2359098152893457,30.83794859388575,2.872260709992796e-06,498.92200148166944,0.9944290563008913,0.1305095892517103,0.033701600041240454,-1
95,56,simulated_annealing,-0.23084050177627372,0.23084050177627372,1,2.3049908654721833,30.83827775671804,2.9086502762392176e-06,514.273884468656,0.9841755500075732,0.13475022589549573,0.006710499990731478,-1
95,56,block_beam_strong,-0.22561553567182327,0.22561553567182327,1,2.2527412044279864,30.838277756715673,2.908650275978056e-06,502.674337158971,0.9841755500075732,0.13172419608797872,0.23775740002747625,-1
95,56,block_lns_strong,-0.22392812357791292,0.22392812357791292,1,2.2359098152893457,30.83794859388575,2.872260709992796e-06,498.92200148166944,0.9944290563008913,0.1305095892517103,0.06896199996117502,-1
95,56,hybrid_heuristic,-0.22392812357791292,0.22392812357791292,1,2.2359098152893457,30.83794859388575,2.872260709992796e-06,498.92200148166944,0.9944290563008913,0.1305095892517103,0.013518900028429925,-1
95,57,autoreg_rl_pure,-0.33277840976746526,0.33277840976746526,1,2.8238578443493334,34.693719788234446,0.0004045204679280536,736.067212345941,0.9714296921224689,0.15312589462863407,0.028845200082287192,16
95,57,random,-100.0,3.822575122131398e+22,0,183.86722368080825,2.9445275676702705e+24,0.1803952899562098,47736.722994932985,0.8823188175206178,9.99951857885045,0.024935800000093877,-1
95,57,latency_greedy,-4678250828.440585,4678250828.440585,1,15.83354792063786,360365410468.4892,0.07903396969758358,4113.386238680237,0.9730371308717165,0.8638958122907245,6.680004298686981e-05,-1
95,57,block_balanced,-100.0,13298985.40490886,0,22.392487420492802,1024419991.2347472,0.059045792786443646,5816.241624729081,0.6866199952780002,1.219752086222239,7.619999814778566e-05,-1
95,57,pdp_aware_greedy,-767.6725144652115,767.6725144652115,1,5.845318829781364,59119.55816080741,0.025771636153529624,1520.439893704403,0.9714296921224689,0.3169669737415949,0.00038400001358240843,-1
95,57,local_search,-100.0,3.822575122131398e+22,0,183.86722368080825,2.9445275676702705e+24,0.1803952899562098,47736.722994932985,0.8823188175206178,9.99951857885045,0.014647300005890429,-1
95,57,beam_search,-19.80218298826083,19.80218298826083,1,4.072703798019994,1524.8010572184983,0.013301772237142736,1060.162364191432,0.950240827828339,0.22166944239546382,0.030830199946649373,-1
95,57,simulated_annealing,-100.0,3.822575122131398e+22,0,183.86722368080825,2.9445275676702705e+24,0.1803952899562098,47736.722994932985,0.8823188175206178,9.99951857885045,0.010139400023035705,-1
95,57,block_beam_strong,-0.34648422123863676,0.34648422123863676,1,2.9608832725517527,34.69397157224035,0.0004045452096306854,771.6407668593051,0.9714296921224689,0.1605562053726233,0.3918436999665573,-1
95,57,block_lns_strong,-0.33277840976746526,0.33277840976746526,1,2.8238578443493334,34.693719788234446,0.0004045204679280536,736.067212345941,0.9714296921224689,0.15312589462863407,0.07448990002740175,-1
95,57,hybrid_heuristic,-0.33277840976746526,0.33277840976746526,1,2.8238578443493334,34.693719788234446,0.0004045204679280536,736.067212345941,0.9714296921224689,0.15312589462863407,0.012742799939587712,-1
95,58,autoreg_rl_pure,-0.43229747669891416,0.43229747669891416,1,3.110679949495746,40.150279041152146,0.0009025063306171865,882.3825967992764,0.9508074321694929,0.19149948132015168,0.028495200094766915,16
95,58,random,-100.0,4025734985134.643,0,138.1906147740387,310102150123726.06,0.10207184454139219,39067.008489990934,0.9025321804919968,8.43511482108979,0.025060600019060075,-1
95,58,latency_greedy,-48.06513859500471,48.06513859500471,1,4.343291821546366,3699.81067461131,0.016323757254380115,1230.709998416691,0.9433894285706598,0.265658837154696,6.480002775788307e-05,-1
95,58,block_balanced,-118.64272957920434,118.64272957920434,1,7.461606765115337,9112.378361855806,0.01939665678408088,2112.2619231144586,0.6738495918361855,0.45734945141542505,6.890005897730589e-05,-1
95,58,pdp_aware_greedy,-131.1748860731468,131.1748860731468,1,4.874173636252106,10097.660688381162,0.01974668059509157,1380.8095329029406,0.9477981896396546,0.2970562621548632,0.0003103999188169837,-1
95,58,local_search,-15.614293111032199,15.614293111032199,1,6.8102813854565785,1181.1205789647156,0.012431058659060707,1928.1217099228497,0.8451621619284382,0.4163284361916049,0.01865510002244264,-1
95,58,beam_search,-0.4262816239438675,0.4262816239438675,1,3.0595412291390605,40.08079951468479,0.0008966016255510321,867.9131141225484,0.9508074321694929,0.18837971353829802,0.03172359999734908,-1
95,58,simulated_annealing,-13.696771610046552,13.696771610046552,1,6.892107513086075,1032.7836943007685,0.01197352256451319,1951.2457511071457,0.9433894285706598,0.4213153253412733,0.007021200028248131,-1
95,58,block_beam_strong,-0.43438638918760597,0.43438638918760597,1,3.1400631858449106,40.08484894608706,0.0008969460465474392,890.6216827786493,0.9477981896396546,0.19137098973651231,0.37158749997615814,-1
95,58,block_lns_strong,-0.4262816239438675,0.4262816239438675,1,3.0595412291390605,40.08079951468479,0.0008966016255510321,867.9131141225484,0.9508074321694929,0.18837971353829802,0.07430570002179593,-1
95,58,hybrid_heuristic,-0.4262816239438675,0.4262816239438675,1,3.0595412291390605,40.08079951468479,0.0008966016255510321,867.9131141225484,0.9508074321694929,0.18837971353829802,0.013545599998906255,-1
95,59,autoreg_rl_pure,-0.21730302998751883,0.21730302998751883,1,2.086759663854223,31.47652080678107,7.274699991598958e-05,542.4630686062394,0.9838515204983415,0.1006941600097532,0.026468399912118912,16
95,59,random,-100.0,53512711.09792241,0,93.02033377366828,4122080581.858303,0.063792203588388,24055.603794099028,0.9252136299453069,4.507145825988515,0.025101899984292686,-1
95,59,latency_greedy,-100.0,240516.8207244263,0,28.881694663841074,18526806.145094536,0.04536577708181036,7470.933875091051,0.9977736939564643,1.3967649604706478,6.420002318918705e-05,-1
95,59,block_balanced,-100.0,51205.284559442865,0,36.925926093843024,3944086.6967686634,0.04009172335370271,9551.013414513569,0.7927964267327873,1.7848635466063463,6.919994484633207e-05,-1
95,59,pdp_aware_greedy,-0.8970107665711855,0.8970107665711855,1,2.6471400975738932,79.51776384606397,0.0032321942788238554,687.3481999812708,0.9977736939564643,0.12896243675785435,0.00032140000257641077,-1
95,59,local_search,-0.8970107665711855,0.8970107665711855,1,2.6471400975738932,79.51776384606397,0.0032321942788238554,687.3481999812708,0.9977736939564643,0.12896243675785435,0.013117299997247756,-1
95,59,beam_search,-0.21730302998751883,0.21730302998751883,1,2.086759663854223,31.47652080678107,7.274699991598958e-05,542.4630686062394,0.9838515204983415,0.1006941600097532,0.032317499979399145,-1
95,59,simulated_annealing,-0.8970107665711855,0.8970107665711855,1,2.6471400975738932,79.51776384606397,0.0032321942788238554,687.3481999812708,0.9977736939564643,0.12896243675785435,0.00708810007199645,-1
95,59,block_beam_strong,-0.21890577334260308,0.21890577334260308,1,2.1027870974050655,31.47652080678107,7.274699991598958e-05,546.6098919667265,0.9252136299453069,0.10146754517071295,0.2557372999144718,-1
95,59,block_lns_strong,-0.21730302998751883,0.21730302998751883,1,2.086759663854223,31.47652080678107,7.274699991598958e-05,542.4630686062394,0.9838515204983415,0.1006941600097532,0.0647222000407055,-1
95,59,hybrid_heuristic,-0.21730302998751883,0.21730302998751883,1,2.086759663854223,31.47652080678107,7.274699991598958e-05,542.4630686062394,0.9838515204983415,0.1006941600097532,0.014020200003869832,-1
95,60,autoreg_rl_pure,-0.2853624801951595,0.2853624801951595,1,1.8066261953732392,38.87700321446443,0.0007926394198608754,557.6411230154739,0.9552905409071426,0.1119179425094475,0.026517999940551817,16
95,60,random,-100.0,1.1618380095452485e+17,0,120.73273021719643,8.949631960053191e+18,0.13708519608229366,37073.92161142052,0.9924323993861849,7.504526783507198,0.02268930000718683,-1
95,60,latency_greedy,-1690.6441236042228,1690.6441236042228,1,4.367090956058213,130227.39852271938,0.028463959452102186,1343.7915991325065,0.9552905409071426,0.2731070194484937,6.160000339150429e-05,-1
95,60,block_balanced,-439831.6152144884,439831.6152144884,1,10.243739932742276,33880157.649418466,0.04742361388642878,3148.3042116699785,0.6734137490984465,0.6377260336148938,6.810005288571119e-05,-1
95,60,pdp_aware_greedy,-0.7925929512128271,0.7925929512128271,1,3.1970838608228402,67.23825126522682,0.002660339558278887,984.6102343765461,0.9924323993861849,0.19964756284855267,0.000310199917294085,-1
95,60,local_search,-0.7793131322328145,0.7793131322328145,1,3.0642856710227138,67.23825126522682,0.002660339558278887,943.8304799009157,0.9924323993861849,0.19119643321825786,0.01844470005016774,-1
95,60,beam_search,-0.3554672910981265,0.3554672910981265,1,2.6277337934214735,37.95218561407558,0.0007105599207043485,809.7227943128105,0.9552905409071426,0.1643135024774934,0.03147229994647205,-1
95,60,simulated_annealing,-0.7793131322328145,0.7793131322328145,1,3.0642856710227138,67.23825126522682,0.002660339558278887,943.8304799009157,0.9924323993861849,0.19119643321825786,0.006606000009924173,-1
95,60,block_beam_strong,-0.2853624801951595,0.2853624801951595,1,1.8066261953732392,38.87700321446443,0.0007926394198608754,557.6411230154739,0.9552905409071426,0.1119179425094475,0.37093920004554093,-1
95,60,block_lns_strong,-0.2853624801951595,0.2853624801951595,1,1.8066261953732392,38.87700321446443,0.0007926394198608754,557.6411230154739,0.9552905409071426,0.1119179425094475,0.05348729994148016,-1
95,60,hybrid_heuristic,-0.2853624801951595,0.2853624801951595,1,1.8066261953732392,38.87700321446443,0.0007926394198608754,557.6411230154739,0.9552905409071426,0.1119179425094475,0.012234500027261674,-1
95,61,autoreg_rl_pure,-0.25438711094922484,0.25438711094922484,1,2.5386087392558983,30.852514569648026,4.48218496005313e-06,650.1687276211155,0.9925941415525322,0.15807856503238962,0.028408900019712746,16
95,61,random,-100.0,18113807461196.504,0,156.0171342573133,1395305617831266.2,0.10719918541461836,39782.569769214424,0.8921891654157718,9.654857011539793,0.02814169996418059,-1
95,61,latency_greedy,-28984598.925184477,28984598.925184477,1,14.692831458085687,2232682019.2601147,0.06170183060093436,3749.101653462488,0.9401888089529818,0.916176143988529,6.65000407025218e-05,-1
95,61,block_balanced,-100.0,394821.8933438963,0,18.636813173659586,30412996.53445824,0.047055557206844,4754.720898481253,0.8921891654157718,1.160282796975832,7.770000956952572e-05,-1
95,61,pdp_aware_greedy,-0.2937043197122126,0.2937043197122126,1,2.796785298644512,31.892384400111883,0.00011749409167214569,715.9959783190429,0.9925941415525322,0.17358373651119116,0.0002975999377667904,-1
95,61,local_search,-0.2937043197122126,0.2937043197122126,1,2.796785298644512,31.892384400111883,0.00011749409167214569,715.9959783190429,0.9925941415525322,0.17358373651119116,0.014031099970452487,-1
95,61,beam_search,-0.27466486394169065,0.27466486394169065,1,2.626760302899866,31.735477773510823,0.00010067979460296066,672.644722704276,0.9925941415525322,0.16355776365473032,0.033157700090669096,-1
95,61,simulated_annealing,-0.2937043197122126,0.2937043197122126,1,2.796785298644512,31.892384400111883,0.00011749409167214569,715.9959783190429,0.9925941415525322,0.17358373651119116,0.007831500028260052,-1
95,61,block_beam_strong,-0.2937043197122126,0.2937043197122126,1,2.796785298644512,31.892384400111883,0.00011749409167214569,715.9959783190429,0.9925941415525322,0.17358373651119116,0.18692090001422912,-1
95,61,block_lns_strong,-0.27466486394169065,0.27466486394169065,1,2.626760302899866,31.735477773510823,0.00010067979460296066,672.644722704276,0.9925941415525322,0.16355776365473032,0.07092810003086925,-1
95,61,hybrid_heuristic,-0.27466486394169065,0.27466486394169065,1,2.626760302899866,31.735477773510823,0.00010067979460296066,672.644722704276,0.9925941415525322,0.16355776365473032,0.014147899928502738,-1
95,62,autoreg_rl_pure,-0.14921273309692054,0.14921273309692054,1,1.4921008760381622,30.812182342115854,2.254753619230171e-08,377.2770148107705,0.9886707951941385,0.082463583165693,0.028567099943757057,16
95,62,random,-100.0,113430.07298042183,0,68.06809477040878,8737018.925617771,0.042803244909261,17082.878871793222,0.9886707951941385,3.710998132896682,0.023757999995723367,-1
95,62,latency_greedy,-72969.48338309187,72969.48338309187,1,9.92798473031565,5620789.730586758,0.041299452582958564,2494.018693632538,0.9886707951941385,0.5385597935149872,6.240000948309898e-05,-1
95,62,block_balanced,-100.0,2558376.9104403853,0,21.4018252991081,197071502.23556626,0.05342633823347512,5373.129026788247,0.6352044116156457,1.161735364461082,6.889994256198406e-05,-1
95,62,pdp_aware_greedy,-0.40074306686263994,0.40074306686263994,1,2.560215166516296,41.9598718155753,0.0010527991434017545,645.2572984552573,0.9886707951941385,0.13900944784927968,0.00031070003751665354,-1
95,62,local_search,-0.40074306686263994,0.40074306686263994,1,2.560215166516296,41.9598718155753,0.0010527991434017545,645.2572984552573,0.9886707951941385,0.13900944784927968,0.013378300005570054,-1
95,62,beam_search,-0.14921273309692054,0.14921273309692054,1,1.4921008760381622,30.812182342115854,2.254753619230171e-08,377.2770148107705,0.9886707951941385,0.082463583165693,0.03231669997330755,-1
95,62,simulated_annealing,-0.40074306686263994,0.40074306686263994,1,2.560215166516296,41.9598718155753,0.0010527991434017545,645.2572984552573,0.9886707951941385,0.13900944784927968,0.007331599947065115,-1
95,62,block_beam_strong,-0.22635444116744377,0.22635444116744377,1,2.2562489826632692,30.86817521049322,6.212250875479966e-06,569.0213029586588,0.9886707951941385,0.12408598109103615,0.38522549998015165,-1
95,62,block_lns_strong,-0.14921273309692054,0.14921273309692054,1,1.4921008760381622,30.812182342115854,2.254753619230171e-08,377.2770148107705,0.9886707951941385,0.082463583165693,0.058538799989037216,-1
95,62,hybrid_heuristic,-0.14921273309692054,0.14921273309692054,1,1.4921008760381622,30.812182342115854,2.254753619230171e-08,377.2770148107705,0.9886707951941385,0.082463583165693,0.012806700076907873,-1
95,63,autoreg_rl_pure,-0.19523146454971274,0.19523146454971274,1,1.636822629534619,33.24221186783981,0.00025881701147381474,425.7764936166676,0.9775635960167197,0.10151360822052485,0.026733499951660633,16
95,63,random,-100.0,17831.495383270623,0,75.63198779101663,1373007.3527837822,0.03649427635055928,19542.599788800697,0.9542738038882802,4.703402476438924,0.025778900017030537,-1
95,63,latency_greedy,-39328.158367411415,39328.158367411415,1,6.669115774755724,3029425.3708604164,0.03919222189555106,1725.8496003494436,0.9775635960167197,0.4174450374915726,6.410002242773771e-05,-1
95,63,block_balanced,-100.0,7603670.1765878545,0,17.270863774722148,585710203.9190005,0.05713985039431767,4464.867661370783,0.6361825359255201,1.0763758027930683,7.029995322227478e-05,-1
95,63,pdp_aware_greedy,-0.7373955473619871,0.7373955473619871,1,2.6084571460496795,67.52058663403523,0.002674624962933979,676.7911115059321,0.9542738038882802,0.16330940094853183,0.0002999999560415745,-1
95,63,local_search,-0.7373955473619871,0.7373955473619871,1,2.6084571460496795,67.52058663403523,0.002674624962933979,676.7911115059321,0.9542738038882802,0.16330940094853183,0.013075400027446449,-1
95,63,beam_search,-0.19523146454971274,0.19523146454971274,1,1.636822629534619,33.24221186783981,0.00025881701147381474,425.7764936166676,0.9775635960167197,0.10151360822052485,0.03295989998150617,-1
95,63,simulated_annealing,-0.7373955473619871,0.7373955473619871,1,2.6084571460496795,67.52058663403523,0.002674624962933979,676.7911115059321,0.9542738038882802,0.16330940094853183,0.007132900063879788,-1
95,63,block_beam_strong,-0.19523146454971274,0.19523146454971274,1,1.636822629534619,33.24221186783981,0.00025881701147381474,425.7764936166676,0.9775635960167197,0.10151360822052485,0.3910099999047816,-1
95,63,block_lns_strong,-0.19523146454971274,0.19523146454971274,1,1.636822629534619,33.24221186783981,0.00025881701147381474,425.7764936166676,0.9775635960167197,0.10151360822052485,0.05643620004411787,-1
95,63,hybrid_heuristic,-0.19523146454971274,0.19523146454971274,1,1.636822629534619,33.24221186783981,0.00025881701147381474,425.7764936166676,0.9775635960167197,0.10151360822052485,0.01290019997395575,-1
