episode,reward,cost,feasible,latency_s,ppl_hat,candidate_reward,candidate_feasible,temperature,entropy_coef,hard_batch_fraction,state_weight_mean,state_weight_max,policy_loss,loss,replay_loss,buffer
1,-0.1943831890821457,0.1943831890821457,1.0,4.644927501678467,14.093286514282227,-22.94901466369629,1.0,1.2,0.02,0.5,1.9091370105743408,5.955556869506836,0.4954935908317566,0.4151204228401184,0.1680990606546402,704
2,-0.24887433648109436,0.24887433648109436,1.0,4.76419734954834,15.670157432556152,-35.10475540161133,1.0,1.198520859886228,0.019953955284726408,0.5,2.878175973892212,5.955556869506836,-0.27537423372268677,-0.33482685685157776,0.18814609944820404,1344
3,-0.2795811891555786,0.2795811891555786,1.0,4.719193935394287,16.663021087646484,-218.3062744140625,0.998291015625,1.1970435429853528,0.019908016575243045,0.5,2.2853102684020996,5.955556869506836,0.254329651594162,0.21226194500923157,0.14156369864940643,1984
4,-0.1897299885749817,0.1897299885749817,1.0,4.821918964385986,13.78471565246582,-132.7649688720703,0.988525390625,1.1955680470500516,0.019862183627499592,0.5,2.004107713699341,5.955556869506836,-0.08340367674827576,-0.1410513073205948,0.11790246516466141,2624
5,-0.1646338701248169,0.1646338701248169,1.0,4.413110733032227,13.387289047241211,-808.8731689453125,0.9881591796875,1.194094369835772,0.01981645619800759,0.5,1.8405452966690063,5.955556869506836,-0.5281372666358948,-0.5871009826660156,0.10197527706623077,3264
6,-0.18927255272865295,0.18927255272865295,1.0,4.592203140258789,13.983989715576172,-7.089269161224365,0.99853515625,1.1926225091007274,0.01977083404383915,0.5,2.143312454223633,5.955556869506836,-0.5885924100875854,-0.6462856531143188,0.11033068597316742,3904
7,-0.208135187625885,0.208135187625885,1.0,4.642253875732422,14.521695137023926,-9.215585708618164,0.99951171875,1.1911524626058956,0.019725316922625646,0.5,2.5232462882995605,5.955556869506836,-0.31426528096199036,-0.35307252407073975,0.10870534926652908,4544
8,-0.23961633443832397,0.23961633443832397,1.0,4.674006938934326,15.467220306396484,-89.6151351928711,1.0,1.1896842281150133,0.01967990459255646,0.5,2.653857707977295,5.955556869506836,-0.18144866824150085,-0.2175389528274536,0.1243172436952591,5184
9,-0.19962091743946075,0.19962091743946075,1.0,4.709315299987793,14.195682525634766,-9.375494003295898,1.0,1.1882178033945743,0.019634596812377673,0.5,1.815172553062439,5.955556869506836,-0.17110326886177063,-0.21452468633651733,0.11281439661979675,5824
10,-0.2380848526954651,0.2380848526954651,1.0,4.571515083312988,15.515020370483398,-118.67031860351562,0.9990234375,1.1867531862138252,0.019589393341390787,0.5,2.2738537788391113,5.955556869506836,0.24672161042690277,0.19908194243907928,0.09659771621227264,6464
11,-0.20711055397987366,0.20711055397987366,1.0,4.685795783996582,14.449502944946289,-69.95561218261719,0.9998779296875,1.1852903743447623,0.019544293939451448,0.5,1.976115107536316,5.955556869506836,0.25758007168769836,0.20079933106899261,0.09593656659126282,7104
12,-0.23951126635074615,0.23951126635074615,1.0,4.684218406677246,15.454479217529297,-3.965700149536133,0.9998779296875,1.183829365562128,0.019499298366968176,0.5,2.4977595806121826,5.955556869506836,-0.0762830376625061,-0.1206354945898056,0.1122496947646141,7744
13,-0.23448720574378967,0.23448720574378967,1.0,4.762655258178711,15.225994110107422,-14.95268440246582,0.9990234375,1.1823701576434078,0.019454406384901084,0.5,2.0516841411590576,5.955556869506836,-0.07022915780544281,-0.11295099556446075,0.101570725440979,8384
14,-0.2988872528076172,0.2988872528076172,1.0,4.800037860870361,17.185848236083984,-32.8767204284668,0.997314453125,1.1809127483688269,0.019409617754760605,0.5,2.429445743560791,5.955556869506836,-0.05602817237377167,-0.09813500940799713,0.09819532930850983,9024
15,-0.21413257718086243,0.21413257718086243,1.0,4.675220966339111,14.676814079284668,-95.79254150390625,0.9947509765625,1.179457135521346,0.019364932238606244,0.5,2.293346881866455,5.955556869506836,0.04242287948727608,0.007417086511850357,0.07646828889846802,9664
16,-0.22228269279003143,0.22228269279003143,1.0,4.692458152770996,14.913222312927246,-9.874494552612305,1.0,1.178003316886659,0.019320349599045293,0.5,2.2761764526367188,5.955556869506836,-0.017905212938785553,-0.06296481192111969,0.08907116949558258,10304
17,-0.21506133675575256,0.21506133675575256,1.0,4.621746063232422,14.755266189575195,-1193.702880859375,0.9998779296875,1.1765512902531894,0.019275869599231575,0.5,2.2076826095581055,5.955556869506836,-0.3070122003555298,-0.3459445834159851,0.09037227928638458,10944
18,-0.23235845565795898,0.23235845565795898,1.0,4.863197326660156,15.066643714904785,-16.726579666137695,0.99951171875,1.1751010534120865,0.019231492002864198,0.5,1.9792990684509277,5.955556869506836,-0.5645005702972412,-0.5995405912399292,0.07753597944974899,11584
19,-0.25162628293037415,0.25162628293037415,1.0,4.842141628265381,15.682968139648438,-228.69090270996094,1.0,1.1736526041572217,0.019187216574186285,0.5,2.6559805870056152,5.955556869506836,-0.3171631097793579,-0.3501695394515991,0.09374532103538513,12224
20,-0.25763410329818726,0.25763410329818726,1.0,4.957484722137451,15.761870384216309,-17.5921573638916,1.0,1.172205940285187,0.01914304307798373,0.5,2.1325435638427734,5.955556869506836,-0.2937106788158417,-0.32350412011146545,0.1034407913684845,12864
21,-0.1648065745830536,0.1648065745830536,1.0,4.557848930358887,13.258153915405273,-2.2497785091400146,0.9998779296875,1.1707610595952889,0.01909897127958393,0.5,1.7528164386749268,5.955556869506836,-0.5113226175308228,-0.5362419486045837,0.13095206022262573,13504
22,-0.2051161229610443,0.2051161229610443,1.0,4.641432762145996,14.42895221710205,-314.58966064453125,1.0,1.1693179598895476,0.019055000944854582,0.5,2.3492236137390137,5.955556869506836,-0.2535908818244934,-0.2797079384326935,0.11694154143333435,14144
23,-0.21882054209709167,0.21882054209709167,1.0,4.6968488693237305,14.80191421508789,-17.294328689575195,0.9998779296875,1.167876638972692,0.01901113184020239,0.5,2.301342487335205,5.955556869506836,-0.2925831377506256,-0.3123772144317627,0.10842344164848328,14784
24,-0.260956734418869,0.260956734418869,1.0,4.848166465759277,15.966352462768555,-12.924422264099121,0.9991455078125,1.1664370946521572,0.018967363732571848,0.5,2.652348041534424,5.955556869506836,-1.2161602973937988,-1.244401216506958,0.1308743953704834,15424
25,-0.2157130390405655,0.2157130390405655,1.0,4.7340545654296875,14.671098709106445,-672.5927734375,1.0,1.164999324738081,0.018923696389444,0.5,2.0005078315734863,5.955556869506836,0.04552513360977173,0.021782483905553818,0.14142799377441406,16064
26,-0.26217716932296753,0.26217716932296753,1.0,4.841229438781738,16.010597229003906,-37.622310638427734,0.9998779296875,1.1635633270432997,0.018880129578835204,0.5,2.2830934524536133,5.955556869506836,-0.7685739398002625,-0.7914183139801025,0.09647712856531143,16704
27,-0.23732444643974304,0.23732444643974304,1.0,4.384095668792725,15.665609359741211,-7.82717752456665,0.999755859375,1.1621290993833466,0.018836663069295906,0.5,2.0649046897888184,5.955556869506836,-0.21115471422672272,-0.23249295353889465,0.09026855230331421,17344
28,-0.2253481149673462,0.2253481149673462,1.0,4.588431358337402,15.10482120513916,-8.104253768920898,1.0,1.160696639576447,0.01879329662990939,0.5,2.813098907470703,5.955556869506836,-0.27391648292541504,-0.29781273007392883,0.08646190166473389,17984
29,-0.29033738374710083,0.29033738374710083,1.0,4.916784286499023,16.81256675720215,-26.846853256225586,1.0,1.1592659454435155,0.018750030030290573,0.5,2.5758585929870605,5.955556869506836,0.02456776052713394,-0.006034554913640022,0.08140583336353302,18624
30,-0.20287472009658813,0.20287472009658813,1.0,4.851013660430908,14.164798736572266,-8.558014869689941,0.999755859375,1.1578370148081527,0.01870686304058477,0.5,1.999579668045044,5.955556869506836,-0.35107555985450745,-0.37766996026039124,0.08165612816810608,19264
31,-0.17778010666370392,0.17778010666370392,1.0,4.607770919799805,13.613582611083984,-52.06398010253906,1.0,1.156409845496642,0.018663795431466478,0.5,1.9920964241027832,5.955556869506836,-0.5734045505523682,-0.5933405756950378,0.07528208196163177,19904
32,-0.223502516746521,0.223502516746521,1.0,4.640395164489746,14.999377250671387,-40.59994888305664,1.0,1.1549844353379461,0.018620826974138156,0.5,2.433053731918335,5.955556869506836,-1.3831554651260376,-1.4045684337615967,0.08142630010843277,20544
33,-0.2967137098312378,0.2967137098312378,1.0,4.649999618530273,17.257938385009766,-11.85051441192627,1.0,1.1535607821637042,0.018577957440329,0.5,2.357121229171753,5.955556869506836,-0.36389514803886414,-0.38534262776374817,0.07361310720443726,21184
34,-0.24080437421798706,0.24080437421798706,1.0,4.6584367752075195,15.518484115600586,-65.71985626220703,1.0,1.152138883808227,0.01853518660229376,0.5,2.5113770961761475,5.955556869506836,-0.6516236066818237,-0.6731546521186829,0.07355640828609467,21824
35,-0.15326127409934998,0.15326127409934998,1.0,4.478843688964844,12.973981857299805,-2.8954594135284424,1.0,1.150718738108496,0.01849251423281148,0.5,1.8245686292648315,5.955556869506836,-0.4159194231033325,-0.4357690215110779,0.07910895347595215,22464
36,-0.20804843306541443,0.20804843306541443,1.0,4.654025077819824,14.508070945739746,-5.63445520401001,1.0,1.1493003429041582,0.01844994010518435,0.5,2.4432990550994873,5.955556869506836,-0.18033874034881592,-0.20849812030792236,0.07117268443107605,23104
37,-0.3750074803829193,0.3750074803829193,1.0,4.534887313842773,19.789798736572266,-41.154788970947266,1.0,1.1478836960375236,0.018407463993236447,0.5,2.279022216796875,5.955556869506836,-1.1394134759902954,-1.1629036664962769,0.06060845032334328,23744
38,-0.20831382274627686,0.20831382274627686,1.0,4.90366792678833,14.284334182739258,-133.27182006835938,1.0,1.146468795353562,0.01836508567131257,0.5,2.066413402557373,5.955556869506836,-0.6154943704605103,-0.6400960087776184,0.05842781066894531,24384
39,-3.3376121520996094,144.02891540527344,0.96875,5.857456207275391,4467.78857421875,-87.3809585571289,0.9993896484375,1.1450556386998991,0.018322804914277034,0.5,2.1796371936798096,5.955556869506836,-1.4180350303649902,-1.4430667161941528,0.060615114867687225,25024
40,-0.20813463628292084,0.20813463628292084,1.0,4.699572563171387,14.468420028686523,-35.81382369995117,1.0,1.1436442239268145,0.01828062149751246,0.5,2.299410820007324,5.955556869506836,-1.1124476194381714,-1.132420301437378,0.07048419117927551,25664
41,-0.2921575605869293,0.2921575605869293,1.0,4.746342658996582,17.02730941772461,-347.02069091796875,1.0,1.1422345488872363,0.018238535196918596,0.5,2.2034785747528076,5.955556869506836,-0.3601190447807312,-0.3834828734397888,0.060027092695236206,26304
42,-0.2170044183731079,0.2170044183731079,1.0,4.617389678955078,14.819494247436523,-8.442463874816895,1.0,1.1408266114367402,0.018196545788911122,0.5,2.4339346885681152,5.955556869506836,-0.5178107023239136,-0.5416037440299988,0.06957942247390747,26944
43,-0.2266186773777008,0.2266186773777008,1.0,4.914058685302734,14.84161376953125,-27.201946258544922,0.9989013671875,1.1394204094335447,0.018154653050420452,0.5,2.0562124252319336,5.955556869506836,-0.3746561110019684,-0.4019021987915039,0.06354844570159912,27584
44,-0.19886863231658936,0.19886863231658936,1.0,4.475180625915527,14.389928817749023,-22.067441940307617,1.0,1.1380159407385082,0.018112856758890582,0.5,2.43904447555542,5.955556869506836,-0.14486229419708252,-0.17083978652954102,0.10866990685462952,28224
45,-0.24156177043914795,0.24156177043914795,1.0,4.720274925231934,15.484484672546387,-7.659104824066162,1.0,1.1366132032151264,0.018071156692277858,0.5,2.7397522926330566,5.955556869506836,-0.19312936067581177,-0.2191237211227417,0.06307542324066162,28864
46,-0.20143720507621765,0.20143720507621765,1.0,4.748312950134277,14.21570110321045,-48.459632873535156,1.0,1.1352121947295277,0.018029552629049834,0.5,2.1337876319885254,5.955556869506836,-0.32978755235671997,-0.356783926486969,0.09144268184900284,29504
47,-0.19043150544166565,0.19043150544166565,1.0,4.690144062042236,13.928882598876953,-23.14604377746582,1.0,1.1338129131504713,0.01798804434818409,0.5,1.7652990818023682,5.955556869506836,-0.20343437790870667,-0.22846436500549316,0.07148329168558121,30144
48,-0.19911454617977142,0.19911454617977142,1.0,4.534147262573242,14.342758178710938,-1.723704218864441,1.0,1.1324153563493433,0.017946631629167046,0.5,2.4455714225769043,5.955556869506836,-0.5417087078094482,-0.5604799389839172,0.0779346227645874,30784
49,-0.17182055115699768,0.17182055115699768,1.0,4.419785022735596,13.603672981262207,-2.479078531265259,1.0,1.1310195222001538,0.017905314251992793,0.5,1.9791077375411987,5.955556869506836,-0.7699345350265503,-0.7923345565795898,0.08679790049791336,31424
50,-0.2427527904510498,0.2427527904510498,1.0,4.963045120239258,15.295802116394043,-12.494161605834961,1.0,1.1296254085795325,0.01786409199716193,0.5,2.4335107803344727,5.955556869506836,-0.07185058295726776,-0.09609731286764145,0.12992990016937256,32064
51,-0.21923989057540894,0.21923989057540894,1.0,4.786202430725098,14.731878280639648,-2.89393949508667,0.9998779296875,1.1282330133667273,0.017822964645680405,0.5,2.042940616607666,5.955556869506836,-0.25273099541664124,-0.2753225862979889,0.07286754250526428,32704
52,-0.19825848937034607,0.19825848937034607,1.0,4.326291084289551,14.509374618530273,-11.809075355529785,1.0,1.1268423344436003,0.017781931979058318,0.5,2.433180332183838,5.955556869506836,-0.40487757325172424,-0.4216880202293396,0.08702708780765533,33344
53,-0.19935142993927002,0.19935142993927002,1.0,4.634176254272461,14.257152557373047,-18.189857482910156,0.9998779296875,1.1254533696946236,0.017740993779308812,0.5,2.1263346672058105,5.955556869506836,-1.220779299736023,-1.238640546798706,0.07601448893547058,33984
54,-0.20224416255950928,0.20224416255950928,1.0,4.73759651184082,14.250651359558105,-28.85903549194336,0.9998779296875,1.1240661170068778,0.01770014982894687,0.5,2.062084674835205,5.955556869506836,-1.2932088375091553,-1.3116999864578247,0.077313631772995,34624
55,-0.18211686611175537,0.18211686611175537,1.0,4.414159774780273,13.927793502807617,-15.189169883728027,1.0,1.122680574270047,0.01765939991098818,0.5,2.0450987815856934,5.955556869506836,-0.31764814257621765,-0.3364858329296112,0.0533837154507637,35264
56,-0.1881278157234192,0.1881278157234192,1.0,4.418652534484863,14.109790802001953,-8.785478591918945,1.0,1.1212967393764175,0.01761874380894798,0.5,1.9109852313995361,5.955556869506836,-0.4687415361404419,-0.48978862166404724,0.06216367706656456,35904
57,-0.17950651049613953,0.17950651049613953,1.0,4.460221290588379,13.804147720336914,-5.465781211853027,1.0,1.119914610220873,0.01757818130683991,0.5,2.2132163047790527,5.955556869506836,-0.4342764914035797,-0.45308977365493774,0.0727224349975586,36544
58,-0.24393829703330994,0.24393829703330994,1.0,4.56194543838501,15.70520305633545,-6.572055816650391,1.0,1.1185341847008923,0.01753771218917486,0.5,2.143113136291504,5.955556869506836,-0.6227656602859497,-0.6395007371902466,0.06118170917034149,37184
59,-0.2074233591556549,0.2074233591556549,1.0,4.765639305114746,14.385004997253418,-15.324240684509277,0.9998779296875,1.1171554607165453,0.01749733624095982,0.5,2.213446855545044,5.955556869506836,-0.7680354118347168,-0.786270797252655,0.067978136241436,37824
60,-0.21141307055950165,0.21141307055950165,1.0,4.73358678817749,14.538354873657227,-7.640767574310303,1.0,1.115778436170491,0.017457053247696756,0.5,2.36763072013855,5.955556869506836,-0.2019299864768982,-0.22384440898895264,0.06467944383621216,38464
61,-0.25642287731170654,0.25642287731170654,1.0,4.8093647956848145,15.861981391906738,-4.2451653480529785,0.999755859375,1.114403108967973,0.01741686299538145,0.5,2.367663621902466,5.955556869506836,-1.3049894571304321,-1.3250840902328491,0.07124878466129303,39104
62,-0.2037660777568817,0.2037660777568817,1.0,4.621609687805176,14.405557632446289,-8.987703323364258,1.0,1.1130294770168174,0.017376765270502373,0.5,2.429353952407837,5.955556869506836,-0.16094326972961426,-0.18390502035617828,0.04984356462955475,39744
63,-0.20416095852851868,0.20416095852851868,1.0,4.607015609741211,14.431347846984863,-139.82217407226562,1.0,1.1116575382274287,0.017336759860039554,0.5,2.115267276763916,5.955556869506836,-0.1696813702583313,-0.19587980210781097,0.06601852178573608,40384
64,-0.17173068225383759,0.17173068225383759,1.0,4.545334815979004,13.484233856201172,-2.7292659282684326,1.0,1.1102872905127879,0.017296846551463445,0.5,1.7372031211853027,5.955556869506836,-0.8316461443901062,-0.8521353006362915,0.06784798204898834,41024
65,-0.1874648928642273,0.1874648928642273,1.0,4.512589931488037,14.001976013183594,-5.7769246101379395,0.9990234375,1.1089187317884472,0.017257025132733788,0.5,2.448988199234009,5.955556869506836,-0.7079610228538513,-0.7217608094215393,0.07511605322360992,41664
66,-0.2508206069469452,0.2508206069469452,1.0,4.812190532684326,15.685845375061035,-5.4096479415893555,1.0,1.1075518599725294,0.01721729539229849,0.5,2.3437752723693848,5.955556869506836,-1.8176846504211426,-1.836879014968872,0.06155327707529068,42304
67,-0.20075014233589172,0.20075014233589172,1.0,4.556293487548828,14.37283706665039,-20.90746307373047,1.0,1.1061866729857226,0.017177657119092502,0.5,2.3532886505126953,5.955556869506836,-0.22606950998306274,-0.24544686079025269,0.055160243064165115,42944
68,-0.24405689537525177,0.24405689537525177,1.0,4.831848621368408,15.458094596862793,-85.34393310546875,0.9996337890625,1.1048231687512784,0.017138110102536703,0.5,2.0539894104003906,5.955556869506836,-0.3137972354888916,-0.3357817232608795,0.06087972968816757,43584
69,-0.21649102866649628,0.21649102866649628,1.0,4.666060447692871,14.75837230682373,-29.125667572021484,0.9996337890625,1.1034613451950077,0.01709865413253676,0.5,2.2003746032714844,5.955556869506836,-0.729404091835022,-0.7499396204948425,0.054282817989587784,44224
70,-0.16977252066135406,0.16977252066135406,1.0,4.477635383605957,13.486488342285156,-4.0195441246032715,1.0,1.1021012002452788,0.017059288999482048,0.5,1.9931937456130981,5.955556869506836,-0.7905758619308472,-0.8060487508773804,0.06035659462213516,44864
71,-0.2528490126132965,0.2528490126132965,1.0,4.855309009552002,15.708602905273438,-28.701921463012695,0.998779296875,1.100742731833013,0.017020014494244493,0.5,2.3493149280548096,5.955556869506836,-0.12119009345769882,-0.1473090946674347,0.06985022127628326,45504
72,-0.1794380247592926,0.1794380247592926,1.0,4.623073577880859,13.650712966918945,-13.807061195373535,1.0,1.0993859378916822,0.016980830408177498,0.5,2.063023567199707,5.955556869506836,-0.35810351371765137,-0.3783235549926758,0.11930358409881592,46144
73,-0.18943732976913452,0.18943732976913452,1.0,4.315585136413574,14.246114730834961,-1.0783894062042236,1.0,1.098030816357305,0.01694173653311481,0.5,2.205327033996582,5.955556869506836,-0.26606330275535583,-0.2853679060935974,0.07679034024477005,46784
74,-0.20999641716480255,0.20999641716480255,1.0,4.552290439605713,14.662931442260742,-12.268294334411621,1.0,1.0966773651684452,0.016902732661369435,0.5,2.2091593742370605,5.955556869506836,-0.18045495450496674,-0.1982518583536148,0.1314784437417984,47424
75,-0.16947582364082336,0.16947582364082336,1.0,4.662315845489502,13.305703163146973,-6.677637100219727,1.0,1.0953255822662065,0.016863818585732517,0.5,1.8348067998886108,5.955556869506836,-0.36952507495880127,-0.3870238959789276,0.11808782070875168,48064
76,-0.2011422961950302,0.2011422961950302,1.0,4.492731094360352,14.444042205810547,-1.784837245941162,0.9998779296875,1.0939754655942309,0.016824994099472235,0.5,2.1331920623779297,5.955556869506836,-0.969964325428009,-0.9860920906066895,0.12629356980323792,48704
77,-0.3294263482093811,0.3294263482093811,1.0,5.041894912719727,17.906978607177734,-3128.770751953125,0.999755859375,1.0926270130986953,0.01678625899633273,0.5,2.347938060760498,5.955556869506836,0.2427380532026291,0.22658495604991913,0.12920227646827698,49344
78,-0.24575816094875336,0.24575816094875336,1.0,4.901629447937012,15.445947647094727,-16.44286346435547,1.0,1.0912802227283076,0.016747613070532987,0.5,2.2794933319091797,5.955556869506836,-0.6427844762802124,-0.6580206751823425,0.08889594674110413,49984
79,-0.23554416000843048,0.23554416000843048,1.0,4.652011871337891,15.36153507232666,-95.16374969482422,0.999755859375,1.0899350924343048,0.016709056116765736,0.5,2.735232353210449,5.955556869506836,-0.06478319317102432,-0.08199130743741989,0.14784877002239227,50624
80,-0.1847059726715088,0.1847059726715088,1.0,4.608382701873779,13.827520370483398,-13.337291717529297,1.0,1.0885916201704486,0.01667058793019639,0.5,2.217087984085083,5.955556869506836,-0.2722105383872986,-0.28966858983039856,0.07428745925426483,51264
81,-0.19418765604496002,0.19418765604496002,1.0,4.812224388122559,13.931785583496094,-63.98326110839844,1.0,1.0872498038930236,0.01663220830646192,0.5,1.677405595779419,5.955556869506836,-1.212302803993225,-1.2299400568008423,0.08508501946926117,51904
82,-0.2447962909936905,0.2447962909936905,1.0,4.662935733795166,15.637941360473633,-124.70765686035156,1.0,1.0859096415608327,0.016593917041669813,0.5,2.6677584648132324,5.955556869506836,-1.4123200178146362,-1.429126262664795,0.07584956288337708,52544
83,-0.18402670323848724,0.18402670323848724,1.0,4.4535112380981445,13.950382232666016,-28.17774772644043,1.0,1.0845711311351958,0.01655571393239695,0.5,1.8836407661437988,5.955556869506836,-0.09004238247871399,-0.11911743879318237,0.10625045001506805,53184
84,-0.2131795883178711,0.2131795883178711,1.0,4.54961633682251,14.764004707336426,-48.03539276123047,0.999755859375,1.083234270579945,0.016517598775688536,0.5,2.291778564453125,5.955556869506836,-0.08406026661396027,-0.1037215143442154,0.06715701520442963,53824
85,-0.2475414276123047,0.2475414276123047,1.0,4.473483562469482,15.898993492126465,-20.261646270751953,0.9998779296875,1.081899057861422,0.016479571369057037,0.5,2.0389575958251953,5.955556869506836,-0.003250114619731903,-0.02567068301141262,0.11781879514455795,54464
86,-0.22026479244232178,0.22026479244232178,1.0,4.956748962402344,14.605156898498535,-9.85715103149414,0.9998779296875,1.0805654909484763,0.01644163151048108,0.5,1.9163614511489868,5.955556869506836,-0.236947163939476,-0.2555404603481293,0.08099900931119919,55104
87,-0.19245733320713043,0.19245733320713043,1.0,4.790988445281982,13.897926330566406,-23.661624908447266,1.0,1.07923356781246,0.01640377899840441,0.5,1.9077290296554565,5.955556869506836,-0.15552756190299988,-0.17766375839710236,0.07535901665687561,55744
88,-0.2029702365398407,0.2029702365398407,1.0,4.751985549926758,14.259769439697266,-16.00749969482422,0.99951171875,1.077903286427226,0.016366013631734785,0.5,1.9918837547302246,5.955556869506836,-0.1689108908176422,-0.18837870657444,0.07907678186893463,56384
89,-0.2467391937971115,0.2467391937971115,1.0,4.776766777038574,15.592350006103516,-32.726226806640625,1.0,1.0765746447691251,0.016328335209842938,0.5,2.3595356941223145,5.955556869506836,-1.0287340879440308,-1.0467320680618286,0.0903371199965477,57024
90,-0.24427789449691772,0.24427789449691772,1.0,4.755558967590332,15.535823822021484,-2.003257989883423,1.0,1.075247640817002,0.016290743532561488,0.5,2.506028652191162,5.955556869506836,-0.4977487027645111,-0.515646755695343,0.08349078893661499,57664
91,-0.20708197355270386,0.20708197355270386,1.0,4.825862407684326,14.318474769592285,-0.9793755412101746,1.0,1.0739222725521926,0.01625323840018389,0.5,2.437706470489502,5.955556869506836,-0.3226523995399475,-0.3411298096179962,0.06798610836267471,58304
92,-0.21410593390464783,0.21410593390464783,1.0,4.696409225463867,14.656301498413086,-35.84656524658203,1.0,1.0725985379585217,0.016215819613463377,0.5,2.4337351322174072,5.955556869506836,-0.5279295444488525,-0.5519989132881165,0.06827467679977417,58944
93,-0.22035104036331177,0.22035104036331177,1.0,4.797266960144043,14.756011009216309,-3.119843006134033,1.0,1.0712764350222987,0.01617848697361188,0.5,2.1269562244415283,5.955556869506836,-0.2512475848197937,-0.27542707324028015,0.0943891704082489,59584
94,-0.2008710503578186,0.2008710503578186,1.0,4.657783508300781,14.282281875610352,-10.955775260925293,0.9986572265625,1.0699559617323153,0.016141240282299008,0.5,2.2039828300476074,5.955556869506836,-0.32667213678359985,-0.3449622392654419,0.07432336360216141,60224
95,-0.18237528204917908,0.18237528204917908,1.0,4.587410926818848,13.774821281433105,-4.433009147644043,1.0,1.0686371160798422,0.01610407934165095,0.5,1.9045367240905762,5.955556869506836,-0.21943747997283936,-0.2395988553762436,0.1270236223936081,60864
96,-0.19238868355751038,0.19238868355751038,1.0,4.490833282470703,14.174690246582031,-17.43624496459961,1.0,1.067319896058626,0.016067003954249467,0.5,2.1935906410217285,5.955556869506836,-0.3304796516895294,-0.34951552748680115,0.08364871889352798,61504
97,-0.2150040864944458,0.2150040864944458,1.0,4.619455814361572,14.755620956420898,-7.48685884475708,1.0,1.0660042996648866,0.016030013923130814,0.5,2.428791046142578,5.955556869506836,-1.2542191743850708,-1.2672053575515747,0.08009430021047592,62144
98,-0.25879454612731934,0.25879454612731934,1.0,4.975569725036621,15.781007766723633,-45.85190963745117,1.0,1.0646903248973136,0.015993109051784696,0.5,2.505704402923584,5.955556869506836,-1.1286484003067017,-1.1426668167114258,0.09229129552841187,62784
99,-0.1956222653388977,0.1956222653388977,1.0,4.573856353759766,14.197700500488281,-38.54987716674805,1.0,1.0633779697570631,0.01595628914415325,0.5,2.0772957801818848,5.955556869506836,-0.14895935356616974,-0.16051612794399261,0.07687213271856308,63424
100,-0.19343963265419006,0.19343963265419006,1.0,4.699159145355225,14.013672828674316,-9.229721069335938,1.0,1.0620672322477556,0.01591955400462997,0.5,2.141352891921997,5.955556869506836,-0.20713786780834198,-0.22185643017292023,0.07307619601488113,64064
101,-0.2302323877811432,0.2302323877811432,1.0,4.986690521240234,14.886051177978516,-37.33073425292969,1.0,1.060758110375472,0.015882903438058676,0.5,2.2762351036071777,5.955556869506836,-0.03663141280412674,-0.05622774362564087,0.06875154376029968,64704
102,-0.18496792018413544,0.18496792018413544,1.0,4.557999610900879,13.882448196411133,-2.0609846115112305,1.0,1.0594506021487509,0.01584633724973251,0.5,2.0421090126037598,5.955556869506836,-0.8174198865890503,-0.8338417410850525,0.07183291018009186,65344
103,-0.1811557412147522,0.1811557412147522,1.0,4.429756164550781,13.883536338806152,-4.2760419845581055,1.0,1.0581447055785858,0.015809855245392846,0.5,2.367189407348633,5.955556869506836,-0.05991244316101074,-0.07597319781780243,0.07196682691574097,65984
104,-0.21501970291137695,0.21501970291137695,1.0,4.555511474609375,14.815518379211426,-6.568193435668945,1.0,1.0568404186784217,0.015773457231228305,0.5,1.9070993661880493,5.955556869506836,-0.17386847734451294,-0.19130465388298035,0.07555831968784332,66624
105,-0.18189887702465057,0.18189887702465057,1.0,4.928476333618164,13.443161964416504,-10.546133041381836,0.9945068359375,1.0555377394641527,0.0157371430138737,0.5,1.7638572454452515,5.955556869506836,-0.5920441150665283,-0.6104075908660889,0.07267892360687256,67264
106,-0.26081690192222595,0.26081690192222595,1.0,4.764497756958008,16.03976058959961,-3824.334228515625,1.0,1.054236665954118,0.015700912400409016,0.5,2.5772416591644287,5.955556869506836,-0.024935109540820122,-0.04547150433063507,0.06484824419021606,67904
107,-0.1997586488723755,0.1997586488723755,1.0,4.5833330154418945,14.317005157470703,-10.160788536071777,1.0,1.0529371961690999,0.015664765198358396,0.5,2.206928253173828,5.955556869506836,-0.016303353011608124,-0.034531090408563614,0.07735800743103027,68544
108,-0.19477660953998566,0.19477660953998566,1.0,4.557217597961426,14.186967849731445,-4.27077579498291,1.0,1.0516393281323195,0.01562870121568909,0.5,2.44122314453125,5.955556869506836,-0.3223218321800232,-0.34100523591041565,0.07020638138055801,69184
109,-0.23576530814170837,0.23576530814170837,1.0,4.814413547515869,15.217488288879395,-4.683686256408691,0.9998779296875,1.0503430598694357,0.015592720260810466,0.5,2.2890100479125977,5.955556869506836,-1.5511283874511719,-1.568129062652588,0.06844078749418259,69824
110,-0.23913805186748505,0.23913805186748505,1.0,4.7741475105285645,15.35936164855957,-50.23953628540039,1.0,1.0490483894085398,0.015556822142572977,0.5,2.135364294052124,5.955556869506836,-0.3112448751926422,-0.33166205883026123,0.07559692859649658,70464
111,-0.22920656204223633,0.22920656204223633,1.0,4.942700386047363,14.895153045654297,-4.299139499664307,1.0,1.0477553147801548,0.01552100667026714,0.5,2.4362573623657227,5.955556869506836,-0.04117848724126816,-0.06247105449438095,0.0565335787832737,71104
112,-0.2248600572347641,0.2248600572347641,1.0,4.606520175933838,15.072898864746094,-9.889215469360352,0.9998779296875,1.0464638340172305,0.015485273653622542,0.5,2.569246292114258,5.955556869506836,-0.2584327459335327,-0.2821047306060791,0.07688095420598984,71744
113,-0.25285935401916504,0.25285935401916504,1.0,4.918258190155029,15.650434494018555,-61.8164176940918,1.0,1.0451739451551418,0.015449622902806806,0.5,2.1255269050598145,5.955556869506836,-0.3097881078720093,-0.33535057306289673,0.05846209451556206,72384
114,-0.19442830979824066,0.19442830979824066,1.0,4.67231559753418,14.069235801696777,-14.497054100036621,0.998291015625,1.0438856462316848,0.015414054228424599,0.5,1.8976411819458008,5.955556869506836,-0.9059844017028809,-0.9251585602760315,0.06322833150625229,73024
115,-0.19934645295143127,0.19934645295143127,1.0,4.870461463928223,14.03745174407959,-21.65674591064453,1.0,1.0425989352870748,0.015378567441516623,0.5,1.7606463432312012,5.955556869506836,-0.36222803592681885,-0.3859326243400574,0.06800715625286102,73664
116,-0.2597474753856659,0.2597474753856659,1.0,4.916893482208252,15.86504077911377,-36.70758819580078,1.0,1.0413138103639423,0.015343162353558605,0.5,2.7398109436035156,5.955556869506836,-0.05509163439273834,-0.08091393113136292,0.055273689329624176,74304
117,-0.24615854024887085,0.24615854024887085,1.0,4.776613235473633,15.574508666992188,-9.601927757263184,1.0,1.0400302695073305,0.015307838776460296,0.5,2.667717218399048,5.955556869506836,-0.1987147331237793,-0.21846361458301544,0.057029351592063904,74944
118,-0.2007216513156891,0.2007216513156891,1.0,4.652903079986572,14.28218936920166,-31.331892013549805,0.9998779296875,1.0387483107646927,0.015272596522564488,0.5,2.1357390880584717,5.955556869506836,-0.06089537963271141,-0.08662033826112747,0.06168016791343689,75584
119,-0.1844642162322998,0.1844642162322998,1.0,4.883362770080566,13.564534187316895,-50.647674560546875,0.998291015625,1.0374679321858886,0.015237435404645993,0.5,1.7591047286987305,5.955556869506836,-0.15748915076255798,-0.1769217699766159,0.06551075726747513,76224
120,-0.18859897553920746,0.18859897553920746,1.0,4.754278182983398,13.81253433227539,-301.68975830078125,1.0,1.0361891318231817,0.015202355235910656,0.5,1.6829395294189453,5.955556869506836,-0.7350810766220093,-0.7507426738739014,0.06587205082178116,76864
121,-0.17044727504253387,0.17044727504253387,1.0,4.397481918334961,13.58186149597168,-7.634512424468994,1.0,1.0349119077312365,0.015167355829994381,0.5,2.064680576324463,5.955556869506836,-0.21963286399841309,-0.23384031653404236,0.06303127110004425,77504
122,-0.19754961133003235,0.19754961133003235,1.0,4.611729621887207,14.22220230102539,-10.05044174194336,1.0,1.0336362579671152,0.015132437000962111,0.5,2.1233954429626465,5.955556869506836,-0.15222115814685822,-0.17280834913253784,0.06809771060943604,78144
123,-0.22700846195220947,0.22700846195220947,1.0,4.509974479675293,15.229143142700195,-14.258010864257812,0.9996337890625,1.032362180590275,0.015097598563306867,0.5,2.1911349296569824,5.955556869506836,-0.738507091999054,-0.7559032440185547,0.054538268595933914,78784
124,-0.17779546976089478,0.17779546976089478,1.0,4.45660400390625,13.754514694213867,-5.010747909545898,0.9990234375,1.031089673662565,0.015062840331948744,0.5,1.9088653326034546,5.955556869506836,-0.6051020622253418,-0.6275697350502014,0.06261512637138367,79424
125,-0.18459416925907135,0.18459416925907135,1.0,4.5911993980407715,13.8400239944458,-8.401616096496582,0.9998779296875,1.0298187352482229,0.015028162122233934,0.5,2.0481503009796143,5.955556869506836,-0.40951985120773315,-0.4289734363555908,0.05745518207550049,80064
126,-0.29182446002960205,0.29182446002960205,1.0,4.640558242797852,17.115283966064453,-34.99435806274414,1.0,1.0285493634138732,0.014993563749933752,0.5,1.9770876169204712,5.955556869506836,-0.18391701579093933,-0.2064622938632965,0.07117094099521637,80704
127,-0.3266032934188843,0.3266032934188843,1.0,4.6497931480407715,18.183866500854492,-64.64303588867188,1.0,1.0272815562285231,0.014959045031243645,0.5,2.50209641456604,5.955556869506836,-0.9829436540603638,-1.003853440284729,0.06204550713300705,81344
128,-0.20007425546646118,0.20007425546646118,1.0,4.5401434898376465,14.366910934448242,-14.884836196899414,0.999267578125,1.02601531176356,0.014924605782782221,0.5,2.1286461353302,5.955556869506836,-0.013240966945886612,-0.03300078213214874,0.06798619031906128,81984
129,-0.20517754554748535,0.20517754554748535,1.0,4.709146976470947,14.367938041687012,-9.258496284484863,1.0,1.0247506280927485,0.01489024582159028,0.5,2.2156782150268555,5.955556869506836,0.030972257256507874,0.00909511186182499,0.08197487890720367,82624
130,-0.18963363766670227,0.18963363766670227,1.0,4.514606475830078,14.067272186279297,-33.98534393310547,1.0,1.0234875032922277,0.014855964965129833,0.5,2.1425909996032715,5.955556869506836,-0.7291818857192993,-0.7420874834060669,0.07076190412044525,83264
131,-0.20450876653194427,0.20450876653194427,1.0,4.665770530700684,14.387527465820312,-12.813058853149414,1.0,1.0222259354405079,0.014821763031283137,0.5,2.3533473014831543,5.955556869506836,-0.5025275945663452,-0.5184701085090637,0.07492556422948837,83904
132,-0.22362765669822693,0.22362765669822693,1.0,4.595380783081055,15.04507827758789,-66.29334259033203,1.0,1.0209659226184677,0.014787639838351734,0.5,2.2672529220581055,5.955556869506836,-0.5733615756034851,-0.5959744453430176,0.0774172991514206,84544
133,-0.26626527309417725,0.26626527309417725,1.0,4.844864368438721,16.133834838867188,-36.57499313354492,1.0,1.0197074629093519,0.014753595205055465,0.5,2.5074973106384277,5.955556869506836,-0.2047577202320099,-0.21893931925296783,0.08374841511249542,85184
134,-0.17018917202949524,0.17018917202949524,1.0,4.534202575683594,13.446834564208984,-2.1643364429473877,1.0,1.018450554398767,0.014719628950531534,0.5,1.9031422138214111,5.955556869506836,-0.9405443668365479,-0.9516825079917908,0.07865095138549805,85824
135,-0.24216878414154053,0.24216878414154053,1.0,4.6797075271606445,15.54097843170166,-9.344826698303223,0.9974365234375,1.0171951951746798,0.014685740894333527,0.5,2.507040500640869,5.955556869506836,-0.6281774044036865,-0.6447043418884277,0.08165426552295685,86464
136,-0.1936960369348526,0.1936960369348526,1.0,4.832658767700195,13.897571563720703,-15.87968635559082,1.0,1.015941383327414,0.01465193085643046,0.5,1.823275089263916,5.955556869506836,-0.16729407012462616,-0.1844843327999115,0.07158753275871277,87104
137,-0.19775836169719696,0.19775836169719696,1.0,4.772540092468262,14.079249382019043,-9.635248184204102,1.0,1.0146891169496468,0.014618198657205823,0.5,2.0576224327087402,5.955556869506836,-0.07476368546485901,-0.09419974684715271,0.06921175867319107,87744
138,-0.17593812942504883,0.17593812942504883,1.0,4.357000827789307,13.78953742980957,-7.372299671173096,1.0,1.0134383941364067,0.01458454411745663,0.5,2.053135395050049,5.955556869506836,-0.012700065970420837,-0.0321049802005291,0.07552917301654816,88384
139,-0.22059684991836548,0.22059684991836548,1.0,4.660298824310303,14.890890121459961,-4.079875469207764,0.9996337890625,1.0121892129850703,0.014550967058392459,0.5,1.9008841514587402,5.955556869506836,-0.23978038132190704,-0.25924819707870483,0.06861562281847,89024
140,-0.5127912163734436,0.5127912163734436,1.0,4.772478103637695,23.836456298828125,-25.657133102416992,0.9998779296875,1.010941571595359,0.014517467301634501,0.5,2.2006988525390625,5.955556869506836,-0.14575479924678802,-0.16474653780460358,0.07122757285833359,89664
141,-0.2525061368942261,0.2525061368942261,1.0,4.649957656860352,15.888787269592285,-19.935997009277344,0.995361328125,1.009695468069337,0.01448404466921463,0.5,2.433378219604492,5.955556869506836,-0.5440782904624939,-0.5586447715759277,0.0653153508901596,90304
142,-0.23530828952789307,0.23530828952789307,1.0,4.865034580230713,15.156298637390137,-22.020633697509766,1.0,1.0084509005114077,0.014450698983574428,0.5,2.0490899085998535,5.955556869506836,-0.1429194211959839,-0.162629172205925,0.08504039794206619,90944
143,-0.19938978552818298,0.19938978552818298,1.0,4.549577713012695,14.336944580078125,-11.053852081298828,1.0,1.007207867028311,0.014417430067564277,0.5,2.2879788875579834,5.955556869506836,-0.1681903898715973,-0.18607868254184723,0.07051022350788116,91584
144,-0.23250992596149445,0.23250992596149445,1.0,4.767202377319336,15.160530090332031,-36.68238067626953,1.0,1.005966365729121,0.014384237744442379,0.5,2.357121229171753,5.955556869506836,-0.3186250925064087,-0.33469337224960327,0.07258231192827225,92224
145,-0.19701719284057617,0.19701719284057617,1.0,4.638421535491943,14.180912017822266,-24.835304260253906,1.0,1.0047263947252414,0.014351121837873853,0.5,2.225607395172119,5.955556869506836,-0.04643310606479645,-0.06447632610797882,0.06907221674919128,92864
146,-0.20121026039123535,0.20121026039123535,1.0,4.565062522888184,14.37894058227539,-22.520465850830078,1.0,1.0034879521304052,0.014318082171929775,0.5,2.511138439178467,5.955556869506836,-0.8068794012069702,-0.8210411071777344,0.08074506372213364,93504
147,-0.307207316160202,0.307207316160202,1.0,4.837758541107178,17.40848731994629,-20.572067260742188,0.9998779296875,1.0022510360606691,0.014285118571086256,0.5,2.2647972106933594,5.955556869506836,-0.7656795978546143,-0.78520268201828,0.07450173795223236,94144
148,-0.20454052090644836,0.20454052090644836,1.0,4.618045806884766,14.432855606079102,-33.63376998901367,1.0,1.0010156446344136,0.014252230860223496,0.5,2.19940185546875,5.955556869506836,-0.3215574622154236,-0.33969566226005554,0.07301607728004456,94784
149,-0.19740267097949982,0.19740267097949982,1.0,4.766436576843262,14.073904037475586,-97.22023010253906,1.0,0.9997817759723369,0.014219418864624871,0.5,1.8318086862564087,5.955556869506836,-0.3507276177406311,-0.3687877953052521,0.07384361326694489,95424
150,-0.20596778392791748,0.20596778392791748,1.0,4.673417091369629,14.425612449645996,-677.9669189453125,1.0,0.9985494281974544,0.01418668240997599,0.5,2.123852252960205,5.955556869506836,-1.6428529024124146,-1.6560810804367065,0.08385610580444336,96064
151,-0.30146360397338867,0.30146360397338867,1.0,4.900169849395752,17.172605514526367,-2.0210137367248535,1.0,0.9973185994350953,0.014154021322363777,0.5,3.021615505218506,5.955556869506836,-2.114617347717285,-2.1274659633636475,0.08348137885332108,96704
152,-0.22597570717334747,0.22597570717334747,1.0,4.837916374206543,14.892448425292969,-8.697033882141113,1.0,0.9960892878128992,0.014121435428275547,0.5,2.138831615447998,5.955556869506836,-0.10268377512693405,-0.1227957084774971,0.06621788442134857,97344
153,-0.19215983152389526,0.19215983152389526,1.0,4.603024482727051,14.063358306884766,-3.9884371757507324,0.99951171875,0.9948614914608137,0.014088924554598077,0.5,2.367009401321411,5.955556869506836,-0.29589971899986267,-0.3137221336364746,0.06594379246234894,97984
154,-0.18530642986297607,0.18530642986297607,1.0,4.412374019622803,14.028240203857422,-1.5596885681152344,0.9998779296875,0.9936352085110914,0.014056488528616698,0.5,2.117755889892578,5.955556869506836,-0.37638652324676514,-0.39196261763572693,0.06650549173355103,98624
155,-0.23279203474521637,0.23279203474521637,1.0,4.628974914550781,15.297700881958008,-22.319963455200195,0.9993896484375,0.9924104370982872,0.014024127178014364,0.5,1.76287043094635,5.955556869506836,-0.18580295145511627,-0.1997411549091339,0.058407291769981384,99264
156,-0.22148160636425018,0.22148160636425018,1.0,4.735252380371094,14.848649024963379,-27.653629302978516,1.0,0.9911871753592556,0.013991840330870746,0.5,1.7481441497802734,5.955556869506836,-0.2708963453769684,-0.2888907194137573,0.05690017342567444,99904
157,-0.21162596344947815,0.21162596344947815,1.0,4.661665439605713,14.611774444580078,-10.336015701293945,0.9993896484375,0.9899654214331471,0.013959627815661322,0.5,2.5074644088745117,5.955556869506836,0.0029593463987112045,-0.013580817729234695,0.0564793162047863,100000
158,-0.21150541305541992,0.21150541305541992,1.0,4.709810256958008,14.56330680847168,-9.734392166137695,1.0,0.9887451734614062,0.01392748946125645,0.5,1.956164836883545,5.955556869506836,-0.15971636772155762,-0.18129155039787292,0.06635764986276627,100000
159,-0.22059962153434753,0.22059962153434753,1.0,4.716026306152344,14.839195251464844,-1.414634346961975,1.0,0.9875264295877686,0.013895425096920473,0.5,1.9705082178115845,5.955556869506836,-0.31052953004837036,-0.32987111806869507,0.06108007952570915,100000
160,-0.22445398569107056,0.22445398569107056,1.0,4.773368835449219,14.905292510986328,-32.02471160888672,1.0,0.9863091879582576,0.013863434552310809,0.5,2.273308277130127,5.955556869506836,-0.16457803547382355,-0.18405821919441223,0.07314719259738922,100000
161,-0.19907057285308838,0.19907057285308838,1.0,4.742343902587891,14.14794921875,-17.78760528564453,0.9805908203125,0.9850934467211818,0.013831517657477048,0.5,2.129300594329834,5.955556869506836,-0.21261365711688995,-0.22589001059532166,0.06940717995166779,100000
162,-0.21210916340351105,0.21210916340351105,1.0,4.564257621765137,14.717247009277344,-58.46774673461914,0.999755859375,0.9838792040271325,0.013799674242860039,0.5,2.493452310562134,5.955556869506836,-0.4442753791809082,-0.46320322155952454,0.056364960968494415,100000
163,-0.1977752149105072,0.1977752149105072,1.0,4.657880783081055,14.186307907104492,-4.428269863128662,1.0,0.9826664580289803,0.013767904139290996,0.5,2.0511624813079834,5.955556869506836,-0.6381834745407104,-0.6529872417449951,0.05982714518904686,100000
164,-0.2362683117389679,0.2362683117389679,1.0,4.877543926239014,15.174408912658691,-42.77995300292969,1.0,0.9814552068818729,0.013736207177990607,0.5,2.1932992935180664,5.955556869506836,-0.6170806884765625,-0.6368812918663025,0.059379853308200836,100000
165,-0.19521942734718323,0.19521942734718323,1.0,4.614864349365234,14.147119522094727,-16.428194046020508,0.999755859375,0.9802454487432317,0.013704583190568125,0.5,2.5273702144622803,5.955556869506836,-0.0723949745297432,-0.08818931877613068,0.06535253673791885,100000
166,-0.14826931059360504,0.14826931059360504,1.0,4.2929463386535645,12.99209976196289,-6.597447395324707,0.9998779296875,0.9790371817727497,0.013673032009020477,0.5,1.8532686233520508,5.955556869506836,-0.40228015184402466,-0.41373828053474426,0.07257713377475739,100000
167,-0.19312557578086853,0.19312557578086853,1.0,4.600963115692139,14.095184326171875,-1.5637726783752441,1.0,0.9778304041323876,0.01364155346573137,0.5,1.9833199977874756,5.955556869506836,-0.3983899652957916,-0.40850645303726196,0.06048111617565155,100000
168,-0.23825469613075256,0.23825469613075256,1.0,4.908978462219238,15.206724166870117,-7.00758695602417,1.0,0.9766251139863726,0.013610147393470417,0.5,2.0002083778381348,5.955556869506836,-0.19135211408138275,-0.20716707408428192,0.05794301629066467,100000
169,-0.22374184429645538,0.22374184429645538,1.0,4.487482070922852,15.148869514465332,-4.0645551681518555,0.999755859375,0.9754213095011939,0.013578813625392218,0.5,2.5058374404907227,5.955556869506836,-0.1413143277168274,-0.15675564110279083,0.0739915519952774,100000
170,-0.19487927854061127,0.19487927854061127,1.0,4.515869140625,14.22856616973877,-8.226086616516113,1.0,0.9742189888456013,0.013547551995035502,0.5,2.140765428543091,5.955556869506836,-0.11193908005952835,-0.12225882709026337,0.06724974513053894,100000
171,-0.22731433808803558,0.22731433808803558,1.0,4.817876815795898,14.95252799987793,-14.534197807312012,0.999755859375,0.9730181501906014,0.013516362336322219,0.5,2.067782163619995,5.955556869506836,-0.6331636905670166,-0.6501429080963135,0.07035277038812637,100000
172,-0.2444092333316803,0.2444092333316803,1.0,4.682251453399658,15.60800552368164,-6.742509841918945,0.9998779296875,0.9718187917094555,0.013485244483556685,0.5,2.5853638648986816,5.955556869506836,-0.47078895568847656,-0.48803436756134033,0.07340511679649353,100000
173,-0.21200504899024963,0.21200504899024963,1.0,4.5008955001831055,14.772895812988281,-4.878040313720703,0.999267578125,0.9706209115776765,0.013454198271424678,0.5,2.4974238872528076,5.955556869506836,-1.5434597730636597,-1.5549108982086182,0.08868325501680374,100000
174,-0.20894023776054382,0.20894023776054382,1.0,4.8553266525268555,14.348651885986328,-30.415973663330078,0.99658203125,0.9694245079730259,0.013423223534992566,0.5,2.369994640350342,5.955556869506836,-0.06292816996574402,-0.07931170612573624,0.07142309844493866,100000
175,-0.18720275163650513,0.18720275163650513,1.0,4.380094528198242,14.116966247558594,-7.034153938293457,1.0,0.9682295790755122,0.01339232010970644,0.5,2.201388359069824,5.955556869506836,-0.6449093818664551,-0.6611011028289795,0.0688389390707016,100000
176,-0.19261345267295837,0.19261345267295837,1.0,4.6165361404418945,14.064854621887207,-50.62028503417969,1.0,0.9670361230673863,0.013361487831391228,0.5,2.20735239982605,5.955556869506836,-0.08171072602272034,-0.09530048072338104,0.08843518793582916,100000
177,-0.23711898922920227,0.23711898922920227,1.0,4.688156604766846,15.376726150512695,-16.074726104736328,1.0,0.9658441381331401,0.013330726536249829,0.5,2.0513014793395996,5.955556869506836,-0.8121718168258667,-0.8251028060913086,0.07068954408168793,100000
178,-0.16722673177719116,0.16722673177719116,1.0,4.613378524780273,13.281514167785645,-5.916948318481445,0.9998779296875,0.9646536224595031,0.01330003606086224,0.5,1.753173589706421,5.955556869506836,-0.286340594291687,-0.30369997024536133,0.09148716181516647,100000
179,-0.1895020753145218,0.1895020753145218,1.0,4.672898292541504,13.916119575500488,-8.43414306640625,1.0,0.9634645742354403,0.013269416242184693,0.5,2.049541473388672,5.955556869506836,-0.4411395788192749,-0.45848771929740906,0.06627170741558075,100000
180,-0.1505463719367981,0.1505463719367981,1.0,4.36649227142334,12.994287490844727,-2.892423391342163,0.9996337890625,0.9622769916521487,0.013238866917548787,0.5,1.5954627990722656,5.955556869506836,-0.3492462933063507,-0.3604114353656769,0.08284416794776917,100000
181,-0.1914975792169571,0.1914975792169571,1.0,4.502833366394043,14.135941505432129,-2.7276787757873535,1.0,0.961090872903055,0.01320838792466061,0.5,2.051342487335205,5.955556869506836,-0.6636766791343689,-0.6766163110733032,0.06545661389827728,100000
182,-0.20180706679821014,0.20180706679821014,1.0,4.684638023376465,14.286319732666016,-24.12421989440918,0.99951171875,0.9599062161838126,0.013177979101599901,0.5,2.2834177017211914,5.955556869506836,-0.3497033715248108,-0.3673436641693115,0.06774692982435226,100000
183,-0.2575518786907196,0.2575518786907196,1.0,4.816468238830566,15.890349388122559,-25.202003479003906,1.0,0.9587230196922988,0.013147640286819173,0.5,1.7510236501693726,5.955556869506836,-0.27005597949028015,-0.28670454025268555,0.06346538662910461,100000
184,-0.2033129781484604,0.2033129781484604,1.0,4.599944114685059,14.411654472351074,-4.505565166473389,1.0,0.9575412816286124,0.013117371319142864,0.5,2.447735548019409,5.955556869506836,-0.3517323136329651,-0.3625256419181824,0.06980735808610916,100000
185,-0.19208595156669617,0.19208595156669617,1.0,4.605070114135742,14.05916976928711,-74.85235595703125,0.9996337890625,0.9563610001950712,0.013087172037766466,0.5,2.2896060943603516,5.955556869506836,-0.38832831382751465,-0.40335580706596375,0.06169680878520012,100000
186,-0.20089349150657654,0.20089349150657654,1.0,4.769251823425293,14.179405212402344,-8.764633178710938,0.998291015625,0.9551821735962083,0.013057042282255694,0.5,2.071847438812256,5.955556869506836,-0.12721814215183258,-0.1416877657175064,0.058193087577819824,100000
187,-0.1974615454673767,0.1974615454673767,1.0,4.480142116546631,14.341740608215332,-50.9128532409668,1.0,0.9540048000387698,0.013026981892545607,0.5,2.2851579189300537,5.955556869506836,-0.1272718608379364,-0.14084957540035248,0.05993993207812309,100000
188,-0.1981281340122223,0.1981281340122223,1.0,4.551074028015137,14.296478271484375,-47.2033576965332,0.9998779296875,0.9528288777317129,0.01299699070893978,0.5,2.4368391036987305,5.955556869506836,-0.6021206378936768,-0.6210327744483948,0.052577704191207886,100000
189,-0.20287887752056122,0.20287887752056122,1.0,4.465259075164795,14.523353576660156,-5.276319980621338,1.0,0.9516544048862017,0.012967068572109448,0.5,2.0375723838806152,5.955556869506836,-0.18294748663902283,-0.1986456960439682,0.06130141019821167,100000
190,-0.19880181550979614,0.19880181550979614,1.0,4.725010871887207,14.155729293823242,-16.99862289428711,0.9991455078125,0.9504813797156059,0.01293721532309265,0.5,2.215447425842285,5.955556869506836,-0.27475595474243164,-0.29166319966316223,0.05930839478969574,100000
191,-0.2038225680589676,0.2038225680589676,1.0,4.763456344604492,14.27550983428955,-4.540984153747559,1.0,0.949309800435497,0.012907430803293403,0.5,2.123495101928711,5.955556869506836,-0.014943502843379974,-0.0313333198428154,0.05397230014204979,100000
192,-0.18850667774677277,0.18850667774677277,1.0,4.6545796394348145,13.902311325073242,-110.54973602294922,0.999755859375,0.9481396652636461,0.01287771485448084,0.5,1.9056037664413452,5.955556869506836,-0.05086120590567589,-0.07041030377149582,0.05845850333571434,100000
193,-0.19238662719726562,0.19238662719726562,1.0,4.807666301727295,13.880239486694336,-3.037163257598877,0.999755859375,0.9469709724200214,0.012848067318788386,0.5,1.7509682178497314,5.955556869506836,-0.03385169804096222,-0.05288310348987579,0.056513819843530655,100000
194,-0.18940553069114685,0.18940553069114685,1.0,4.542044639587402,14.034713745117188,-8.890816688537598,0.9998779296875,0.9458037201267846,0.012818488038712907,0.5,2.0612306594848633,5.955556869506836,-0.31648388504981995,-0.3335643410682678,0.056223444640636444,100000
195,-0.2257227599620819,0.2257227599620819,1.0,4.794066429138184,14.925357818603516,-9.28554916381836,1.0,0.9446379066082893,0.01278897685711388,0.5,2.5112967491149902,5.955556869506836,-0.12691357731819153,-0.14254732429981232,0.05504830181598663,100000
196,-0.20133882761001587,0.20133882761001587,1.0,4.767848014831543,14.194503784179688,-45.30066680908203,0.9989013671875,0.9434735300910777,0.012759533617212564,0.5,2.2871174812316895,5.955556869506836,-0.36669331789016724,-0.38254329562187195,0.05241510272026062,100000
197,-0.2156810760498047,0.2156810760498047,1.0,4.676753044128418,14.723350524902344,-18.134687423706055,0.999755859375,0.942310588803878,0.012730158162591144,0.5,2.585463523864746,5.955556869506836,0.23444169759750366,0.21933971345424652,0.0505480021238327,100000
198,-0.2018451690673828,0.2018451690673828,1.0,4.813333034515381,14.167922973632812,-63.44792556762695,1.0,0.9411490809776014,0.012700850337191927,0.5,1.7536625862121582,5.955556869506836,0.0019148066639900208,-0.017130684107542038,0.057338885962963104,100000
199,-0.1919439285993576,0.1919439285993576,1.0,4.513996124267578,14.13939380645752,-17.179908752441406,1.0,0.93998900484534,0.0126716099853165,0.5,2.2750978469848633,5.955556869506836,-0.7338884472846985,-0.7512065172195435,0.05294536054134369,100000
200,-0.21910476684570312,0.21910476684570312,1.0,4.787690162658691,14.726310729980469,-28.88625717163086,1.0,0.938830358642364,0.012642436951624906,0.5,2.1289210319519043,5.955556869506836,-0.0867127925157547,-0.1017100065946579,0.06044696271419525,100000
201,-0.22152696549892426,0.22152696549892426,1.0,4.618009090423584,14.958990097045898,-17.96585464477539,1.0,0.9376731406061183,0.01261333108113481,0.5,2.5113773345947266,5.955556869506836,0.013714764267206192,-0.0030732043087482452,0.04929996281862259,100000
202,-0.22519907355308533,0.22519907355308533,1.0,4.499504089355469,15.182831764221191,-15.078661918640137,1.0,0.9365173489762206,0.01258429221922069,0.5,2.5052742958068848,5.955556869506836,-0.002165069803595543,-0.018795426934957504,0.052459150552749634,100000
203,-0.17826110124588013,0.17826110124588013,1.0,4.622552871704102,13.614744186401367,-7.339863300323486,1.0,0.9353629819944589,0.012555320211613003,0.5,1.9858671426773071,5.955556869506836,-0.10959328711032867,-0.1243540346622467,0.05091443657875061,100000
204,-0.21966971457004547,0.21966971457004547,1.0,4.801847457885742,14.730653762817383,-3.036747694015503,0.9996337890625,0.9342100379047877,0.012526414904397378,0.5,2.1498053073883057,5.955556869506836,0.10371516644954681,0.08985552191734314,0.052424363791942596,100000
205,-0.18683135509490967,0.18683135509490967,1.0,4.585315704345703,13.914780616760254,-2.773270606994629,0.99951171875,0.9330585149533266,0.012497576144013785,0.5,2.0472774505615234,5.955556869506836,-0.577127993106842,-0.5938600897789001,0.04817252606153488,100000
206,-0.2504984140396118,0.2504984140396118,1.0,5.002017021179199,15.499486923217773,-46.10356521606445,1.0,0.9319084113883566,0.012468803777255726,0.5,2.140200138092041,5.955556869506836,-0.2084478735923767,-0.2241523116827011,0.05613420158624649,100000
207,-0.21718481183052063,0.21718481183052063,1.0,4.618182182312012,14.824346542358398,-25.938623428344727,1.0,0.9307597254603183,0.012440097651269424,0.5,2.5871708393096924,5.955556869506836,-0.06864793598651886,-0.0858149528503418,0.06650230288505554,100000
208,-0.20941106975078583,0.20941106975078583,1.0,4.7001752853393555,14.507394790649414,-23.81204605102539,1.0,0.9296124554218085,0.012411457613553006,0.5,2.275381088256836,5.955556869506836,0.20840246975421906,0.18883636593818665,0.06458557397127151,100000
209,-0.15979260206222534,0.15979260206222534,1.0,4.369377136230469,13.277981758117676,-4.351781368255615,1.0,0.928466599527578,0.012382883511955689,0.5,1.9089064598083496,5.955556869506836,-0.11729595810174942,-0.13155652582645416,0.0642457902431488,100000
210,-0.26557809114456177,0.26557809114456177,1.0,4.977344512939453,15.989458084106445,-9.720179557800293,1.0,0.927322156034529,0.012354375194676985,0.5,2.5656049251556396,5.955556869506836,0.02249554544687271,0.0032451003789901733,0.05985202267765999,100000
211,-0.21700121462345123,0.21700121462345123,1.0,4.655167579650879,14.784293174743652,-15.678685188293457,0.99951171875,0.9261791232017123,0.012325932510265883,0.5,2.513369560241699,5.955556869506836,0.03228076919913292,0.016022687777876854,0.05291951820254326,100000
212,-0.17759940028190613,0.17759940028190613,1.0,4.78181266784668,13.446273803710938,-2.6312265396118164,1.0,0.9250374992903241,0.012297555307620047,0.5,1.8439548015594482,5.955556869506836,-0.1252051144838333,-0.1403908133506775,0.05116976425051689,100000
213,-0.3346579968929291,0.3346579968929291,1.0,4.851121425628662,18.24627113342285,-82.69084167480469,1.0,0.9238972825637044,0.012269243435985016,0.5,1.7539361715316772,5.955556869506836,-0.2957732677459717,-0.3113406002521515,0.05199535936117172,100000
214,-0.20240214467048645,0.20240214467048645,1.0,4.65118932723999,14.335830688476562,-125.27342987060547,1.0,0.9227584712873337,0.012240996744953398,0.5,2.0463573932647705,5.955556869506836,-0.5301984548568726,-0.5454292297363281,0.04898625984787941,100000
215,-0.17491501569747925,0.17491501569747925,1.0,4.714900016784668,13.425305366516113,-1.5875084400177002,1.0,0.9216210637288303,0.012212815084464082,0.5,2.075092315673828,5.955556869506836,-0.1983223259449005,-0.2100817710161209,0.04579154774546623,100000
216,-0.2267836183309555,0.2267836183309555,1.0,4.5426225662231445,15.191844940185547,-3.332880973815918,1.0,0.9204850581579482,0.012184698304801421,0.5,2.7388734817504883,5.955556869506836,-0.18959540128707886,-0.20302443206310272,0.05341802537441254,100000
217,-0.20328839123249054,0.20328839123249054,1.0,4.568840026855469,14.439794540405273,-11.62035846710205,1.0,0.919350452846574,0.012156646256594461,0.5,2.3610925674438477,5.955556869506836,0.12038977444171906,0.10711992532014847,0.05243027210235596,100000
218,-0.21333706378936768,0.21333706378936768,1.0,4.477117538452148,14.836244583129883,-8.251564979553223,1.0,0.9182172460687241,0.012128658790816127,0.5,2.594968795776367,5.955556869506836,0.02516920492053032,0.010777807794511318,0.047596294432878494,100000
219,-0.2102845162153244,0.2102845162153244,1.0,4.726531982421875,14.509956359863281,-32.89588165283203,1.0,0.9170854361005428,0.012100735758782441,0.5,2.069683074951172,5.955556869506836,-0.10754302144050598,-0.12214741110801697,0.04761478304862976,100000
220,-0.2131161093711853,0.2131161093711853,1.0,4.664837837219238,14.654979705810547,-2.066709280014038,1.0,0.9159550212202993,0.012072877012151735,0.5,2.506028652191162,5.955556869506836,-0.2670014202594757,-0.2825895845890045,0.04987943172454834,100000
221,-0.2032719850540161,0.2032719850540161,1.0,4.82192850112915,14.204126358032227,-19.13918685913086,0.9998779296875,0.9148259997083844,0.012045082402923854,0.5,2.056509017944336,5.955556869506836,0.011881016194820404,-0.006369803100824356,0.04737456142902374,100000
222,-0.19433492422103882,0.19433492422103882,1.0,4.57553243637085,14.156270027160645,-3.082383155822754,1.0,0.9136983698473092,0.012017351783439375,0.5,2.2859060764312744,5.955556869506836,-0.16472876071929932,-0.17902839183807373,0.045991770923137665,100000
223,-0.20774143934249878,0.20774143934249878,1.0,4.59571647644043,14.552740097045898,-6.91195011138916,1.0,0.9125721299217016,0.011989685006378821,0.5,2.2718727588653564,5.955556869506836,-0.008492711931467056,-0.026111172512173653,0.052883461117744446,100000
224,-0.2072647511959076,0.2072647511959076,1.0,4.493220329284668,14.633212089538574,-9.113741874694824,1.0,0.9114472782183035,0.011962081924761883,0.5,2.061131000518799,5.955556869506836,-0.2364884912967682,-0.25076502561569214,0.04976155608892441,100000
225,-0.1563652753829956,0.1563652753829956,1.0,4.393610000610352,13.149314880371094,-5.343024730682373,1.0,0.9103238130259694,0.011934542391946627,0.5,1.9129860401153564,5.955556869506836,-0.16331681609153748,-0.1752151995897293,0.04961495101451874,100000
226,-0.24098344147205353,0.24098344147205353,1.0,4.683700084686279,15.500556945800781,-20.7764835357666,1.0,0.9092017326356623,0.011907066261628739,0.5,2.355736017227173,5.955556869506836,-0.07512959837913513,-0.08925548195838928,0.0542193278670311,100000
227,-0.22058449685573578,0.22058449685573578,1.0,4.658877372741699,14.891827583312988,-2.291236639022827,0.9998779296875,0.9080810353404519,0.011879653387840711,0.5,2.588780403137207,5.955556869506836,-0.22939801216125488,-0.24370840191841125,0.045829109847545624,100000
228,-0.230314239859581,0.230314239859581,1.0,4.825450897216797,15.03840446472168,-4.632322788238525,0.999755859375,0.9069617194355122,0.011852303624951108,0.5,2.4256129264831543,5.955556869506836,-0.35129719972610474,-0.36689016222953796,0.057323798537254333,100000
229,-0.25131046772003174,0.25131046772003174,1.0,4.79792594909668,15.714269638061523,-7.707197189331055,0.998291015625,0.9058437832181183,0.011825016827663758,0.5,2.663388729095459,5.955556869506836,-0.7834872603416443,-0.798611581325531,0.044148337095975876,100000
230,-0.19399836659431458,0.19399836659431458,1.0,4.656059265136719,14.071023941040039,-29.755979537963867,0.993408203125,0.9047272249876442,0.011797792851016994,0.5,2.370889186859131,5.955556869506836,-0.03769803047180176,-0.04992727190256119,0.06059091538190842,100000
231,-0.18681389093399048,0.18681389093399048,1.0,4.418084144592285,14.069623947143555,-4.058865070343018,1.0,0.9036120430455602,0.011770631550382899,0.5,2.4429831504821777,5.955556869506836,-0.4840983748435974,-0.49609431624412537,0.06219813972711563,100000
232,-0.17442050576210022,0.17442050576210022,1.0,4.310338020324707,13.785890579223633,-10.478301048278809,1.0,0.9024982356954302,0.01174353278146651,0.5,2.1270365715026855,5.955556869506836,-0.21570414304733276,-0.23136886954307556,0.061111316084861755,100000
233,-0.19003741443157196,0.19003741443157196,1.0,4.505536079406738,14.088205337524414,-5.3574934005737305,1.0,0.9013858012429088,0.011716496400305074,0.5,2.1286461353302,5.955556869506836,-0.07644924521446228,-0.08888911455869675,0.05266004055738449,100000
234,-0.20740297436714172,0.20740297436714172,1.0,4.592257022857666,14.545472145080566,-2.6957130432128906,1.0,0.9002747379957398,0.01168952226326727,0.5,2.429678201675415,5.955556869506836,-0.13875658810138702,-0.15438351035118103,0.05350847542285919,100000
235,-0.1920008659362793,0.1920008659362793,1.0,4.769851207733154,13.903427124023438,-16.282135009765625,1.0,0.8991650442637522,0.011662610227052447,0.5,2.0591907501220703,5.955556869506836,-0.2570832371711731,-0.2721516788005829,0.05094239115715027,100000
236,-0.20234303176403046,0.20234303176403046,1.0,4.672412872314453,14.314279556274414,-37.3341178894043,1.0,0.8980567183588588,0.01163576014868987,0.5,2.1330857276916504,5.955556869506836,-0.612393856048584,-0.6259687542915344,0.05508772283792496,100000
237,-0.19995777308940887,0.19995777308940887,1.0,4.571578025817871,14.334095001220703,-1.2163037061691284,1.0,0.896949758595053,0.011608971885537956,0.5,2.2757463455200195,5.955556869506836,-0.08690662682056427,-0.10046914964914322,0.0532020665705204,100000
238,-0.19337356090545654,0.19337356090545654,1.0,4.629365921020508,14.076475143432617,-1.6664878129959106,1.0,0.8958441632884063,0.01158224529528352,0.5,1.9036579132080078,5.955556869506836,-0.1878226399421692,-0.2022217959165573,0.05466528981924057,100000
239,-0.21308547258377075,0.21308547258377075,1.0,4.598329067230225,14.715827941894531,-1.6418476104736328,1.0,0.8947399307570659,0.011555580235941007,0.5,2.0454845428466797,5.955556869506836,-0.33979782462120056,-0.3525509834289551,0.055252932012081146,100000
240,-0.2412794679403305,0.2412794679403305,1.0,4.677389144897461,15.515588760375977,-8.442985534667969,1.0,0.8936370593212525,0.011528976565851754,0.5,1.7452757358551025,5.955556869506836,-0.22082656621932983,-0.23618513345718384,0.052582621574401855,100000
241,-0.16703632473945618,0.16703632473945618,1.0,4.575978755950928,13.310367584228516,-3.3120203018188477,1.0,0.8925355473032562,0.011502434143683224,0.5,1.9112845659255981,5.955556869506836,-0.8236064910888672,-0.8356145620346069,0.048392411321401596,100000
242,-0.2401445508003235,0.2401445508003235,1.0,4.9194769859313965,15.255500793457031,-88.60218811035156,0.9998779296875,0.8914353930274366,0.011475952828428268,0.5,2.0580053329467773,5.955556869506836,-0.1713520586490631,-0.18690824508666992,0.054036788642406464,100000
243,-0.1648085117340088,0.1648085117340088,1.0,4.444675922393799,13.36336898803711,-3.963895320892334,1.0,0.8903365948202174,0.011449532479404358,0.5,1.913010597229004,5.955556869506836,-0.6206521391868591,-0.6311910152435303,0.05827495828270912,100000
244,-0.17149151861667633,0.17149151861667633,1.0,4.489496231079102,13.528708457946777,-0.8339126110076904,1.0,0.889239151010086,0.011423172956252862,0.5,1.9931608438491821,5.955556869506836,-0.34747403860092163,-0.3592858612537384,0.055065229535102844,100000
245,-0.19064345955848694,0.19064345955848694,1.0,4.690377712249756,13.935230255126953,-31.101112365722656,0.999755859375,0.8881430599275897,0.01139687411893828,0.5,1.8988382816314697,5.955556869506836,-0.5406570434570312,-0.5531982779502869,0.05017399042844772,100000
246,-0.24651719629764557,0.24651719629764557,1.0,4.784131050109863,15.578631401062012,-0.805438756942749,1.0,0.8870483199053338,0.011370635827747505,0.5,2.495966672897339,5.955556869506836,-0.1505039483308792,-0.16530607640743256,0.048258423805236816,100000
247,-0.20314264297485352,0.20314264297485352,1.0,4.736311912536621,14.279672622680664,-20.979961395263672,0.9990234375,0.8859549292779787,0.011344457943289088,0.5,1.8098126649856567,5.955556869506836,-0.8118346929550171,-0.8258997201919556,0.06004796177148819,100000
248,-0.19784477353096008,0.19784477353096008,1.0,4.590102195739746,14.251440048217773,-19.408456802368164,1.0,0.884862886382238,0.011318340326492487,0.5,2.0608510971069336,5.955556869506836,-0.3920001983642578,-0.4062284231185913,0.04981297254562378,100000
249,-0.17329615354537964,0.17329615354537964,1.0,4.572317123413086,13.507648468017578,-1.4736913442611694,1.0,0.8837721895568745,0.011292282838607339,0.5,1.907377004623413,5.955556869506836,-0.03501357138156891,-0.0472823902964592,0.06028515473008156,100000
250,-0.19105035066604614,0.19105035066604614,1.0,4.5563859939575195,14.072330474853516,-0.841385006904602,1.0,0.8826828371426999,0.011266285341202711,0.5,2.129312038421631,5.955556869506836,-0.2640761137008667,-0.2774733006954193,0.05550999939441681,100000
251,-0.20662850141525269,0.20662850141525269,1.0,4.520914077758789,14.587774276733398,-0.9581600427627563,1.0,0.8815948274825699,0.011240347696166372,0.5,2.5052332878112793,5.955556869506836,-0.36950868368148804,-0.38150107860565186,0.04790574312210083,100000
252,-0.22793450951576233,0.22793450951576233,1.0,4.689459800720215,15.091054916381836,-16.232906341552734,1.0,0.8805081589213838,0.011214469765704066,0.5,2.6509451866149902,5.955556869506836,-0.5588144063949585,-0.5703212022781372,0.04997577518224716,100000
253,-0.19805920124053955,0.19805920124053955,1.0,4.629010200500488,14.221928596496582,-32.98460388183594,1.0,0.8794228298060803,0.011188651412338758,0.5,2.131490707397461,5.955556869506836,-0.3822193443775177,-0.39510130882263184,0.04864266514778137,100000
254,-0.21739861369132996,0.21739861369132996,1.0,4.740135192871094,14.71765422821045,-2.7753870487213135,1.0,0.8783388384856362,0.011162892498909926,0.5,2.5013089179992676,5.955556869506836,-0.39329200983047485,-0.4066169261932373,0.06233759969472885,100000
255,-0.23275995254516602,0.23275995254516602,1.0,4.806220054626465,15.132019996643066,-55.76679611206055,1.0,0.8772561833110629,0.011137192888572825,0.5,2.1920807361602783,5.955556869506836,-0.20505565404891968,-0.21733371913433075,0.04822408780455589,100000
256,-0.1793232262134552,0.1793232262134552,1.0,4.5130534172058105,13.749382972717285,-4.659180641174316,1.0,0.8761748626354046,0.011111552444797753,0.5,2.1354970932006836,5.955556869506836,-0.11173589527606964,-0.12416183203458786,0.09540712088346481,100000
257,-0.23542805016040802,0.23542805016040802,1.0,4.8443522453308105,15.179224014282227,-28.723295211791992,1.0,0.8750948748137357,0.011085971031369338,0.5,2.80911922454834,5.955556869506836,-0.08080707490444183,-0.09609194844961166,0.07776380330324173,100000
258,-0.277173787355423,0.277173787355423,1.0,5.038225173950195,16.292030334472656,-53.036231994628906,0.999755859375,0.874016218203158,0.011060448512385803,0.5,2.4283599853515625,5.955556869506836,-1.0039290189743042,-1.0220799446105957,0.07956593483686447,100000
259,-0.18334978818893433,0.18334978818893433,1.0,4.436761856079102,13.944979667663574,-5.898641586303711,1.0,0.8729388911627983,0.01103498475225825,0.5,2.215064764022827,5.955556869506836,-0.376193106174469,-0.3890869617462158,0.0652998834848404,100000
260,-0.207476407289505,0.207476407289505,1.0,4.413997650146484,14.713376998901367,-33.55031967163086,0.9998779296875,0.8718628920538063,0.011009579615709943,0.5,2.185542583465576,5.955556869506836,0.013957221060991287,-0.00022240448743104935,0.06892712414264679,100000
261,-0.189485102891922,0.189485102891922,1.0,4.785663604736328,13.810818672180176,-8.60078239440918,1.0,0.8707882192393512,0.010984232967775577,0.5,2.1332719326019287,5.955556869506836,-0.07332762330770493,-0.08740275353193283,0.048305004835128784,100000
262,-0.22007052600383759,0.22007052600383759,1.0,4.720893859863281,14.818285942077637,-9.35072135925293,1.0,0.8697148710846204,0.010958944673800574,0.5,2.3409037590026855,5.955556869506836,-0.33131659030914307,-0.3457801342010498,0.04916540905833244,100000
263,-0.21073085069656372,0.21073085069656372,1.0,4.716381072998047,14.533212661743164,-45.10845947265625,0.9998779296875,0.8686428459568161,0.010933714599440366,0.5,2.055358409881592,5.955556869506836,-0.3226809501647949,-0.3361036479473114,0.05553779751062393,100000
264,-0.30729246139526367,0.30729246139526367,1.0,4.634047508239746,17.60040283203125,-91.11441040039062,0.9986572265625,0.8675721422251529,0.010908542610659667,0.5,2.1451938152313232,5.955556869506836,-0.30757057666778564,-0.3174644708633423,0.049775540828704834,100000
265,-0.23560088872909546,0.23560088872909546,1.0,4.653406620025635,15.361997604370117,-22.970415115356445,1.0,0.8665027582608559,0.010883428573731781,0.5,2.6500251293182373,5.955556869506836,-0.3757094144821167,-0.39046454429626465,0.046164851635694504,100000
266,-0.1881903111934662,0.1881903111934662,1.0,4.506906509399414,14.02972412109375,-6.723780155181885,1.0,0.8654346924371578,0.010858372355237882,0.5,2.1291680335998535,5.955556869506836,-0.25674426555633545,-0.2685618996620178,0.04702962934970856,100000
267,-0.17486613988876343,0.17486613988876343,1.0,4.7556562423706055,13.3859224319458,-22.502042770385742,1.0,0.8643679431292963,0.010833373822066304,0.5,1.832847237586975,5.955556869506836,-0.5631731748580933,-0.5750100016593933,0.04338947683572769,100000
268,-0.20598891377449036,0.20598891377449036,1.0,4.802608966827393,14.30622673034668,-11.711118698120117,1.0,0.8633025087145122,0.010808432841411832,0.5,2.279676914215088,5.955556869506836,-0.23172634840011597,-0.24268385767936707,0.04301085323095322,100000
269,-0.1899406909942627,0.1899406909942627,1.0,4.589722633361816,14.006988525390625,-2.797340154647827,1.0,0.8622383875720457,0.010783549280775004,0.5,2.13332462310791,5.955556869506836,-0.28725892305374146,-0.299249529838562,0.04676773026585579,100000
270,-0.25290757417678833,0.25290757417678833,1.0,4.84807014465332,15.717144012451172,-8.697800636291504,1.0,0.8611755780831358,0.010758723007961402,0.5,2.889249563217163,5.955556869506836,0.0343756377696991,0.024367641657590866,0.04720175266265869,100000
271,-0.22607287764549255,0.22607287764549255,1.0,4.807811260223389,14.923431396484375,-12.211874961853027,0.9996337890625,0.8601140786310163,0.01073395389108095,0.5,2.355982780456543,5.955556869506836,-0.7061786651611328,-0.7166680693626404,0.04608335345983505,100000
272,-0.17738698422908783,0.17738698422908783,1.0,4.590747833251953,13.617223739624023,-34.771873474121094,1.0,0.8590538876009136,0.010709241798547216,0.5,1.9848411083221436,5.955556869506836,-0.5111685991287231,-0.5201619863510132,0.05173758417367935,100000
273,-0.2025623768568039,0.2025623768568039,1.0,4.817981243133545,14.18581771850586,-7.4245476722717285,0.9991455078125,0.8579950033800451,0.010684586599076706,0.5,2.1298160552978516,5.955556869506836,-0.2757416367530823,-0.28511926531791687,0.0475332997739315,100000
274,-0.2173677384853363,0.2173677384853363,1.0,4.669198036193848,14.782609939575195,-3.293306827545166,1.0,0.8569374243576157,0.01065998816168818,0.5,2.271648406982422,5.955556869506836,-0.1375376284122467,-0.15113337337970734,0.04250258952379227,100000
275,-0.3564096987247467,0.3564096987247467,1.0,4.514189720153809,19.233022689819336,-1501.3138427734375,0.9957275390625,0.8558811489248158,0.010635446355701942,0.5,1.9847886562347412,5.955556869506836,-0.17504099011421204,-0.1838376373052597,0.04758850485086441,100000
276,-0.20672325789928436,0.20672325789928436,1.0,4.520002365112305,14.591556549072266,-41.78338623046875,0.99951171875,0.8548261754748191,0.010610961050739146,0.5,1.9874273538589478,5.955556869506836,-0.3321966528892517,-0.34272298216819763,0.04723362624645233,100000
277,-0.22469231486320496,0.22469231486320496,1.0,4.739258289337158,14.944368362426758,-3.624922037124634,1.0,0.85377250240278,0.010586532116721123,0.5,2.281710386276245,5.955556869506836,-0.4191487729549408,-0.4288210868835449,0.047163791954517365,100000
278,-0.20355477929115295,0.20355477929115295,1.0,4.569331169128418,14.447588920593262,-1.5551784038543701,1.0,0.8527201281058303,0.010562159423868664,0.5,2.263500452041626,5.955556869506836,-0.15277168154716492,-0.16339607536792755,0.04959893226623535,100000
279,-0.1906229853630066,0.1906229853630066,1.0,4.75469970703125,13.874831199645996,-2.9330904483795166,1.0,0.8516690509830785,0.010537842842701348,0.5,2.1479127407073975,5.955556869506836,-0.38178858160972595,-0.39128994941711426,0.047922391444444656,100000
280,-0.24500872194766998,0.24500872194766998,1.0,4.874950408935547,15.447525024414062,-45.31016540527344,0.9998779296875,0.8506192694356061,0.010513582244036845,0.5,2.361375570297241,5.955556869506836,-0.38099247217178345,-0.3891066908836365,0.05497957766056061,100000
281,-0.2341974526643753,0.2341974526643753,1.0,4.654750347137451,15.317281723022461,-3.3256335258483887,1.0,0.8495707818664646,0.010489377498990236,0.5,2.7434520721435547,5.955556869506836,-0.12776312232017517,-0.13791847229003906,0.052020009607076645,100000
282,-0.20968317985534668,0.20968317985534668,1.0,4.635593414306641,14.575827598571777,-33.40583038330078,1.0,0.8485235866806752,0.010465228478973323,0.5,2.5086498260498047,5.955556869506836,-0.5219395756721497,-0.5331412553787231,0.04051761329174042,100000
283,-0.3096107840538025,0.3096107840538025,1.0,4.754552841186523,17.560239791870117,-142.4196014404297,1.0,0.8474776822852244,0.010441135055693952,0.5,2.4315624237060547,5.955556869506836,-0.7484215497970581,-0.757323145866394,0.056255269795656204,100000
284,-0.19289347529411316,0.19289347529411316,1.0,4.528653144836426,14.155183792114258,-2.7364134788513184,0.9998779296875,0.8464330670890622,0.010417097101155324,0.5,2.436927318572998,5.955556869506836,-0.16893091797828674,-0.1770254224538803,0.052351705729961395,100000
285,-0.2752093970775604,0.2752093970775604,1.0,4.776339530944824,16.47452163696289,-121.61522674560547,1.0,0.8453897395031001,0.010393114487655323,0.5,2.2113237380981445,5.955556869506836,-0.2509866952896118,-0.2625477612018585,0.0828230008482933,100000
286,-0.15378181636333466,0.15378181636333466,1.0,4.435427665710449,13.030444145202637,-1.3523423671722412,1.0,0.8443476979402081,0.010369187087785822,0.5,1.8347809314727783,5.955556869506836,-0.03038180246949196,-0.03977835178375244,0.060937993228435516,100000
287,-0.207518070936203,0.207518070936203,1.0,4.879891395568848,14.281780242919922,-69.8443832397461,1.0,0.843306940815213,0.010345314774432037,0.5,1.9037226438522339,5.955556869506836,0.7893669605255127,0.7746005058288574,0.07964689284563065,100000
288,-0.23539932072162628,0.23539932072162628,1.0,4.7725396156311035,15.245059967041016,-17.05823516845703,1.0,0.8422674665448945,0.010321497420771817,0.5,2.295569896697998,5.955556869506836,0.08987405896186829,0.07739032059907913,0.042508166283369064,100000
289,-0.2379295825958252,0.2379295825958252,1.0,4.691102981567383,15.399094581604004,-398.0060729980469,1.0,0.8412292735479848,0.01029773490027499,0.5,1.8295713663101196,5.955556869506836,0.20510002970695496,0.19366754591464996,0.055063799023628235,100000
290,-0.2053796797990799,0.2053796797990799,1.0,4.538124084472656,14.53310489654541,-11.426645278930664,1.0,0.8401923602451647,0.010274027086702685,0.5,2.5154340267181396,5.955556869506836,-0.3112637400627136,-0.32294896245002747,0.04599195718765259,100000
291,-0.17288923263549805,0.17288923263549805,1.0,4.552149772644043,13.51378345489502,-8.46057415008545,1.0,0.8391567250590618,0.010250373854106662,0.5,2.063256025314331,5.955556869506836,0.41516977548599243,0.40425506234169006,0.05144621804356575,100000
292,-0.19430877268314362,0.19430877268314362,1.0,4.6334757804870605,14.101622581481934,-6.279428482055664,1.0,0.8381223664142483,0.010226775076828652,0.5,2.193723201751709,5.955556869506836,-0.18387675285339355,-0.19521112740039825,0.08489608764648438,100000
293,-0.19838833808898926,0.19838833808898926,1.0,4.586548805236816,14.271575927734375,-7.976217746734619,1.0,0.8370892827372375,0.010203230629499668,0.5,1.9729636907577515,5.955556869506836,-1.3929195404052734,-1.404024362564087,0.13428083062171936,100000
294,-0.18910324573516846,0.18910324573516846,1.0,4.5497846603393555,14.018158912658691,-1.9279358386993408,0.99853515625,0.8360574724564832,0.010179740387039364,0.5,2.1249523162841797,5.955556869506836,0.04863762483000755,0.039076268672943115,0.08036362379789352,100000
295,-0.19879451394081116,0.19879451394081116,1.0,4.611526012420654,14.260948181152344,-2.907154083251953,1.0,0.8350269340023756,0.010156304224655348,0.5,2.1215882301330566,5.955556869506836,-0.6763419508934021,-0.6893613934516907,0.03910159692168236,100000
296,-0.1861540675163269,0.1861540675163269,1.0,4.366108417510986,14.097481727600098,-11.220148086547852,1.0,0.8339976658072397,0.010132922017842534,0.5,2.2006874084472656,5.955556869506836,-0.0733698159456253,-0.0832601934671402,0.052933283150196075,100000
297,-0.18930549919605255,0.18930549919605255,1.0,4.652215957641602,13.929248809814453,-1.4528558254241943,1.0,0.8329696663053333,0.010109593642382482,0.5,2.139984130859375,5.955556869506836,-0.47426825761795044,-0.4847852289676666,0.059196993708610535,100000
298,-0.22075259685516357,0.22075259685516357,1.0,4.6622748374938965,14.893877029418945,-29.514602661132812,1.0,0.8319429339328438,0.010086318974342718,0.5,2.20078706741333,5.955556869506836,-0.894068717956543,-0.9024497270584106,0.06715158373117447,100000
299,-0.22654610872268677,0.22654610872268677,1.0,4.773514747619629,14.969953536987305,-5.182719707489014,0.9998779296875,0.8309174671278861,0.010063097890076107,0.5,2.4234485626220703,5.955556869506836,-0.6253229379653931,-0.6389930844306946,0.049547307193279266,100000
300,-0.19349929690361023,0.19349929690361023,1.0,4.595495223999023,14.111841201782227,-19.227115631103516,1.0,0.8298932643305005,0.010039930266220163,0.5,1.9080922603607178,5.955556869506836,-0.01819181628525257,-0.029232552275061607,0.05113183334469795,100000
301,-0.20082786679267883,0.20082786679267883,1.0,4.485726356506348,14.440812110900879,-4.931173324584961,1.0,0.8288703239826501,0.010016815979696423,0.5,2.4418716430664062,5.955556869506836,-0.4570348262786865,-0.46430736780166626,0.03949054330587387,100000
302,-0.18657755851745605,0.18657755851745605,1.0,4.540862083435059,13.948225021362305,-19.377925872802734,0.9996337890625,0.8278486445282185,0.009993754907709767,0.5,2.2168164253234863,5.955556869506836,0.22185544669628143,0.21116234362125397,0.04838234931230545,100000
303,-0.15770787000656128,0.15770787000656128,1.0,4.483692169189453,13.107196807861328,-9.88092041015625,1.0,0.8268282244130073,0.009970746927747789,0.5,1.758040428161621,5.955556869506836,-0.4791176915168762,-0.48936447501182556,0.03909885138273239,100000
304,-0.1986425518989563,0.1986425518989563,1.0,4.5796966552734375,14.285816192626953,-12.778685569763184,0.9998779296875,0.8258090620847339,0.00994779191758013,0.5,2.287754535675049,5.955556869506836,0.3328378200531006,0.32354483008384705,0.04224276542663574,100000
305,-0.2648223638534546,0.2648223638534546,1.0,4.873643398284912,16.06240463256836,-23.350379943847656,0.9998779296875,0.824791155993029,0.009924889755257833,0.5,2.587303638458252,5.955556869506836,-0.19753196835517883,-0.20591482520103455,0.03713512420654297,100000
306,-0.19138209521770477,0.19138209521770477,1.0,4.669861793518066,13.977169036865234,-8.621070861816406,1.0,0.8237745045894341,0.0099020403191127,0.5,1.9867923259735107,5.955556869506836,-0.05586928129196167,-0.06633707880973816,0.06551365554332733,100000
307,-0.2116471230983734,0.2116471230983734,1.0,4.487305641174316,14.774436950683594,-35.03971862792969,1.0,0.8227591063274001,0.009879243487756642,0.5,2.189849376678467,5.955556869506836,-0.4207025468349457,-0.4335619807243347,0.039341963827610016,100000
308,-0.16403120756149292,0.16403120756149292,1.0,4.50106143951416,13.286903381347656,-5.458858966827393,1.0,0.8217449596622834,0.00985649914008103,0.5,1.9128388166427612,5.955556869506836,0.2450946867465973,0.23617196083068848,0.05138394981622696,100000
309,-0.23803839087486267,0.23803839087486267,1.0,4.8081440925598145,15.29371452331543,-49.82884979248047,1.0,0.8207320630513448,0.009833807155256056,0.5,2.136012554168701,5.955556869506836,-0.5456106662750244,-0.5549145340919495,0.033941902220249176,100000
310,-0.21539434790611267,0.21539434790611267,1.0,4.657447338104248,14.732407569885254,-2.752471923828125,1.0,0.8197204149537464,0.009811167412730096,0.5,2.213413953781128,5.955556869506836,-0.7126753330230713,-0.7243260145187378,0.04696670547127724,100000
311,-0.2052803635597229,0.2052803635597229,1.0,4.672332763671875,14.405328750610352,-8.197487831115723,1.0,0.8187100138305499,0.00978857979222906,0.5,2.363872528076172,5.955556869506836,-0.8417413830757141,-0.8503254652023315,0.0345257930457592,100000
312,-0.2006986290216446,0.2006986290216446,1.0,4.767656326293945,14.17485237121582,-13.838277816772461,1.0,0.8177008581447135,0.00976604417375576,0.5,2.0594706535339355,5.955556869506836,-0.3458511233329773,-0.35539475083351135,0.04258806258440018,100000
313,-0.18966856598854065,0.18966856598854065,1.0,4.6682915687561035,13.925557136535645,-1.8616969585418701,1.0,0.8166929463610905,0.009743560437589264,0.5,2.0693588256835938,5.955556869506836,-0.21787074208259583,-0.22557182610034943,0.033823929727077484,100000
314,-0.2284241020679474,0.2284241020679474,1.0,4.876391410827637,14.932530403137207,-20.064783096313477,1.0,0.815686276946426,0.009721128464284272,0.5,2.2807962894439697,5.955556869506836,-0.6391035318374634,-0.6506038308143616,0.040206488221883774,100000
315,-0.21767084300518036,0.21767084300518036,1.0,4.677112102508545,14.784643173217773,-4.331121444702148,1.0,0.8146808483693554,0.009698748134670473,0.5,2.4234485626220703,5.955556869506836,-0.6869434118270874,-0.6950916051864624,0.047644227743148804,100000
316,-0.18805968761444092,0.18805968761444092,1.0,4.389781475067139,14.134506225585938,-31.752641677856445,1.0,0.8136766591004013,0.009676419329851912,0.5,2.278977870941162,5.955556869506836,-0.043650344014167786,-0.0531497448682785,0.05199677124619484,100000
317,-0.21083882451057434,0.21083882451057434,1.0,4.547231674194336,14.69372272491455,-1.2555561065673828,1.0,0.8126737076119719,0.009654141931206367,0.5,2.1196484565734863,5.955556869506836,-0.33131617307662964,-0.3388577401638031,0.031704019755125046,100000
318,-0.15241128206253052,0.15241128206253052,1.0,4.370604515075684,13.048227310180664,-0.8194432258605957,1.0,0.811671992378358,0.009631915820384704,0.5,1.6906404495239258,3.6485519409179688,-0.26629987359046936,-0.27158990502357483,0.13870441913604736,100000
319,-0.2344873547554016,0.2344873547554016,1.0,4.946290016174316,15.055374145507812,-15.281620025634766,1.0,0.8106715118757313,0.009609740879310262,0.5,2.047745704650879,5.955556869506836,-1.0762488842010498,-1.084707498550415,0.18418386578559875,100000
320,-0.19320307672023773,0.19320307672023773,1.0,4.389985084533691,14.29361629486084,-27.610919952392578,1.0,0.8096722645821416,0.009587616990178219,0.5,1.9792015552520752,5.955556869506836,-0.31534746289253235,-0.32373782992362976,0.12719134986400604,100000
321,-0.2505009174346924,0.2505009174346924,1.0,5.063187122344971,15.442728996276855,-3.113598585128784,0.9998779296875,0.8086742489775148,0.009565544035454968,0.5,2.51772403717041,5.955556869506836,-0.6116105914115906,-0.6217319369316101,0.060532305389642715,100000
322,-0.2344493269920349,0.2344493269920349,1.0,4.997307777404785,15.006793022155762,-595.3484497070312,0.9765625,0.8076774635436507,0.009543521897877492,0.5,2.1311521530151367,5.955556869506836,-0.08630037307739258,-0.09689965844154358,0.09278742969036102,100000
323,-0.24151211977005005,0.24151211977005005,1.0,4.684568405151367,15.51612377166748,-12.490220069885254,0.998291015625,0.8066819067642198,0.009521550460452739,0.5,2.516969680786133,5.955556869506836,-0.5544732809066772,-0.5650205016136169,0.06124880164861679,100000
324,-0.16086170077323914,0.16086170077323914,1.0,4.573846817016602,13.121109008789062,-17.795169830322266,0.9915771484375,0.8056875771247622,0.009499629606457003,0.5,1.605863094329834,5.955556869506836,0.06320039927959442,0.05593413859605789,0.07090628892183304,100000
325,-0.24751318991184235,0.24751318991184235,1.0,4.835719585418701,15.561545372009277,-8.1449613571167,0.999755859375,0.8046944731126848,0.009477759219435307,0.5,2.5056047439575195,5.955556869506836,-0.6917572617530823,-0.7032383680343628,0.06446061283349991,100000
326,-0.24239617586135864,0.24239617586135864,1.0,4.83226203918457,15.406274795532227,-70.22381591796875,0.9998779296875,0.8037025932172585,0.00945593918320078,0.5,2.7243831157684326,5.955556869506836,0.9997473359107971,0.9886593818664551,0.07454578578472137,100000
327,-0.21819446980953217,0.21819446980953217,1.0,4.7264556884765625,14.755013465881348,-11.81961727142334,1.0,0.8027119359296168,0.009434169381834036,0.5,2.1975207328796387,5.955556869506836,-0.5654916763305664,-0.5777535438537598,0.06387236714363098,100000
328,-0.19526544213294983,0.19526544213294983,1.0,4.825150489807129,13.953155517578125,-11.423754692077637,1.0,0.8017224997427524,0.009412449699682565,0.5,2.057861328125,5.955556869506836,-0.1803356409072876,-0.18970820307731628,0.08684264868497849,100000
329,-0.290199875831604,0.290199875831604,1.0,4.824353218078613,16.894193649291992,-76.99869537353516,1.0,0.8007342831515166,0.00939078002136012,0.5,2.363931179046631,5.955556869506836,-0.04900391027331352,-0.05786877125501633,0.048531562089920044,100000
330,-0.20502550899982452,0.20502550899982452,1.0,4.6938886642456055,14.37740707397461,-13.46091079711914,1.0,0.7997472846526149,0.009369160231746096,0.5,2.359807014465332,5.955556869506836,-0.08706244826316833,-0.09802521765232086,0.05867603421211243,100000
331,-0.22973279654979706,0.22973279654979706,1.0,4.841717720031738,15.005281448364258,-13.063636779785156,0.999755859375,0.7987615027446068,0.009347590215984925,0.5,2.1270694732666016,5.955556869506836,0.10098573565483093,0.0911647155880928,0.04377507045865059,100000
332,-0.23738890886306763,0.23738890886306763,1.0,4.8111958503723145,15.270763397216797,-1.5743861198425293,1.0,0.7977769359279014,0.009326069859485461,0.5,2.435633897781372,5.955556869506836,-0.45616084337234497,-0.4676096737384796,0.054368846118450165,100000
333,-0.20904041826725006,0.20904041826725006,1.0,4.679131031036377,14.515467643737793,-24.021034240722656,1.0,0.7967935827047572,0.00930459904792038,0.5,2.2623560428619385,5.955556869506836,-0.5831253528594971,-0.5950527191162109,0.03423991799354553,100000
334,-0.16564607620239258,0.16564607620239258,1.0,4.565282821655273,13.277247428894043,-10.674769401550293,0.9996337890625,0.7958114415792784,0.009283177667225558,0.5,1.8322986364364624,5.955556869506836,-0.6133741140365601,-0.6224494576454163,0.04184987023472786,100000
335,-0.18488173186779022,0.18488173186779022,1.0,4.558990955352783,13.878856658935547,-1.6002286672592163,1.0,0.7948305110574129,0.009261805603599479,0.5,2.0559210777282715,5.955556869506836,-0.5579609274864197,-0.5662391781806946,0.0372641496360302,100000
336,-0.2344709038734436,0.2344709038734436,1.0,4.807967185974121,15.183387756347656,-2.612027406692505,1.0,0.7938507896469505,0.009240482743502624,0.5,2.435600996017456,5.955556869506836,-0.7896155118942261,-0.8012906908988953,0.03723139315843582,100000
337,-0.19097007811069489,0.19097007811069489,1.0,4.544539928436279,14.080851554870605,-3.580641984939575,1.0,0.7928722758575202,0.009219208973656868,0.5,2.0528111457824707,5.955556869506836,-0.5373173356056213,-0.5453028678894043,0.03978519141674042,100000
338,-0.22314012050628662,0.22314012050628662,1.0,4.734857082366943,14.900382995605469,-12.062031745910645,1.0,0.7918949682005879,0.009197984181044878,0.5,2.283548355102539,5.955556869506836,-0.22380509972572327,-0.23360395431518555,0.04953803867101669,100000
339,-0.19314171373844147,0.19314171373844147,1.0,4.870372772216797,13.845361709594727,-9.072488784790039,1.0,0.790918865189455,0.009176808252909518,0.5,2.072046995162964,5.955556869506836,-0.1301572024822235,-0.13594499230384827,0.03587640821933746,100000
340,-0.19653914868831635,0.19653914868831635,1.0,4.531888008117676,14.265090942382812,-1.3576364517211914,1.0,0.7899439653392543,0.009155681076753238,0.5,2.3713459968566895,5.955556869506836,-0.22957658767700195,-0.23811770975589752,0.03895506262779236,100000
341,-0.18231447041034698,0.18231447041034698,1.0,4.583951950073242,13.776151657104492,-10.906488418579102,1.0,0.78897026716695,0.009134602540337492,0.5,1.9713839292526245,5.955556869506836,-0.44189974665641785,-0.44968390464782715,0.041026145219802856,100000
342,-0.1921570599079132,0.1921570599079132,1.0,4.591811656951904,14.073692321777344,-70.39460754394531,1.0,0.7879977691913332,0.009113572531682127,0.5,2.2948155403137207,5.955556869506836,-0.23300981521606445,-0.24062322080135345,0.051425445824861526,100000
343,-0.22312548756599426,0.22312548756599426,1.0,4.841785907745361,14.800575256347656,-3.966064691543579,1.0,0.7870264699330217,0.009092590939064801,0.5,2.3521945476531982,5.955556869506836,-0.32813626527786255,-0.33560436964035034,0.03375299274921417,100000
344,-0.1926829069852829,0.1926829069852829,1.0,4.8221282958984375,13.875978469848633,-5.0584635734558105,1.0,0.7860563679144564,0.009071657651020377,0.5,1.9752421379089355,5.955556869506836,0.016121279448270798,0.007087475620210171,0.07448752224445343,100000
345,-0.20507298409938812,0.20507298409938812,1.0,4.789007663726807,14.290495872497559,-2.9717936515808105,1.0,0.7850874616598996,0.009050772556340339,0.5,2.1432456970214844,5.955556869506836,0.2579924464225769,0.2507327198982239,0.06581488996744156,100000
346,-0.18133729696273804,0.18133729696273804,1.0,4.626101493835449,13.7067232131958,-5.346156120300293,1.0,0.7841197496954325,0.009029935544072202,0.5,2.067518711090088,5.955556869506836,-0.3954985439777374,-0.4041288197040558,0.056182362139225006,100000
347,-0.21113353967666626,0.21113353967666626,1.0,4.598023891448975,14.655656814575195,-16.730056762695312,1.0,0.783153230548953,0.009009146503518915,0.5,2.504260540008545,5.955556869506836,0.29527872800827026,0.2855512499809265,0.033266667276620865,100000
348,-0.18063700199127197,0.18063700199127197,1.0,4.6046271324157715,13.704986572265625,-4.768009185791016,1.0,0.7821879027501738,0.008988405324238285,0.5,1.9833643436431885,5.955556869506836,-0.4268626868724823,-0.4341861307621002,0.029661888256669044,100000
349,-0.1944807469844818,0.1944807469844818,1.0,4.653903961181641,14.087966918945312,-19.99803352355957,1.0,0.7812237648306196,0.008967711896042377,0.5,1.98128342628479,5.955556869506836,-0.5685601234436035,-0.5759740471839905,0.03192906081676483,100000
350,-0.2163088023662567,0.2163088023662567,1.0,4.827731132507324,14.602510452270508,-59.52848815917969,1.0,0.7802608153236256,0.008947066108996931,0.5,2.201447010040283,5.955556869506836,-0.62810218334198,-0.6356379985809326,0.03564111888408661,100000
351,-0.19490477442741394,0.19490477442741394,1.0,4.631862163543701,14.121580123901367,-4.5637640953063965,1.0,0.7792990527643343,0.008926467853420793,0.5,2.3671090602874756,5.955556869506836,-0.8155001997947693,-0.8209128975868225,0.038546256721019745,100000
352,-0.20892542600631714,0.20892542600631714,1.0,4.7779541015625,14.420083045959473,-6.826841831207275,1.0,0.778338475689694,0.00890591701988531,0.5,2.213646411895752,5.955556869506836,-0.5746164321899414,-0.5798947811126709,0.03812239319086075,100000
353,-0.16242340207099915,0.16242340207099915,1.0,4.361401557922363,13.36687183380127,-1.1143205165863037,1.0,0.7773790826384568,0.008885413499213768,0.5,1.9875683784484863,5.955556869506836,-0.47492921352386475,-0.4803990423679352,0.03547059744596481,100000
354,-0.2017737776041031,0.2017737776041031,1.0,4.626040458679199,14.339735984802246,-0.40507233142852783,1.0,0.7764208721511753,0.008864957182480796,0.5,2.2933387756347656,5.955556869506836,-0.5912923812866211,-0.5959866046905518,0.030666541308164597,100000
355,-0.21038857102394104,0.21038857102394104,1.0,4.711059093475342,14.527556419372559,-9.528132438659668,1.0,0.7754638427702013,0.008844547961011799,0.5,2.0524983406066895,5.955556869506836,-0.5639770030975342,-0.5700550079345703,0.029883157461881638,100000
356,-0.17068172991275787,0.17068172991275787,1.0,4.613621234893799,13.388297080993652,-10.14252758026123,1.0,0.7745079930396838,0.008824185726382378,0.5,1.9970653057098389,5.955556869506836,-0.6225806474685669,-0.6293056607246399,0.03333353251218796,100000
357,-0.20951630175113678,0.20951630175113678,1.0,4.888204574584961,14.335945129394531,-5.632561206817627,1.0,0.7735533215055653,0.008803870370417749,0.5,2.1462721824645996,5.955556869506836,-0.4987201690673828,-0.503420352935791,0.03162781149148941,100000
358,-0.24362927675247192,0.24362927675247192,1.0,4.701169490814209,15.56627082824707,-48.62302017211914,1.0,0.7725998267155817,0.008783601785192174,0.5,1.8233418464660645,5.955556869506836,0.14525488018989563,0.13667230308055878,0.047709811478853226,100000
359,-0.20574885606765747,0.20574885606765747,1.0,4.622031211853027,14.466577529907227,-1.9897775650024414,1.0,0.7716475072192581,0.008763379863028383,0.5,2.205709934234619,5.955556869506836,-0.544037938117981,-0.5505431294441223,0.04484817013144493,100000
360,-0.21764889359474182,0.21764889359474182,1.0,4.834332466125488,14.637882232666016,-2.9731624126434326,0.9979248046875,0.770696361567908,0.00874320449649701,0.5,2.5031161308288574,5.955556869506836,-0.5504320859909058,-0.556769847869873,0.046786852180957794,100000
361,-0.23995159566402435,0.23995159566402435,1.0,4.750277042388916,15.40673828125,-17.91583824157715,1.0,0.7697463883146303,0.00872307557841601,0.5,2.1432127952575684,5.955556869506836,-0.5669451355934143,-0.5727253556251526,0.03453580290079117,100000
362,-0.2246340811252594,0.2246340811252594,1.0,4.7444376945495605,14.937751770019531,-62.620235443115234,1.0,0.7687975860143076,0.008702993001850099,0.5,2.3418495655059814,5.955556869506836,0.33422303199768066,0.32561156153678894,0.06728959083557129,100000
363,-0.19302421808242798,0.19302421808242798,1.0,4.567690849304199,14.122961044311523,-2.1976492404937744,0.999755859375,0.7678499532236036,0.008682956660110186,0.5,2.436880350112915,5.955556869506836,-0.20827288925647736,-0.21272702515125275,0.048234179615974426,100000
364,-0.22245365381240845,0.22245365381240845,1.0,4.607139587402344,14.99779224395752,-18.32777214050293,1.0,0.766903488500961,0.008662966446752799,0.5,2.2193522453308105,5.955556869506836,0.16724905371665955,0.16229182481765747,0.09977824240922928,100000
365,-0.1754152476787567,0.1754152476787567,1.0,4.510080814361572,13.631107330322266,-7.964561462402344,1.0,0.7659581904065998,0.008643022255579528,0.5,2.140739679336548,5.955556869506836,0.11701220273971558,0.1117262989282608,0.034432150423526764,100000
366,-0.21899738907814026,0.21899738907814026,1.0,4.539904594421387,14.953216552734375,-3.5709378719329834,1.0,0.7650140575025144,0.008623123980636456,0.5,2.7338881492614746,5.955556869506836,-0.3306137025356293,-0.33434635400772095,0.033587511628866196,100000
367,-0.22290478646755219,0.22290478646755219,1.0,4.7260661125183105,14.901262283325195,-0.8861227631568909,1.0,0.7640710883524716,0.008603271516213588,0.5,2.4335365295410156,5.955556869506836,-0.5684749484062195,-0.5734894871711731,0.03459319472312927,100000
368,-0.2014237493276596,0.2014237493276596,1.0,4.608129501342773,14.345536231994629,-0.7186251878738403,1.0,0.7631292815220085,0.008583464756844315,0.5,2.0552728176116943,5.955556869506836,-0.3015255928039551,-0.306066632270813,0.028409695252776146,100000
369,-0.20037290453910828,0.20037290453910828,1.0,4.742922782897949,14.187746047973633,-16.954479217529297,1.0,0.7621886355784309,0.008563703597304824,0.5,2.3634092807769775,5.955556869506836,-0.3594355881214142,-0.36375361680984497,0.026661884039640427,100000
370,-0.22979223728179932,0.22979223728179932,1.0,4.765027046203613,15.078378677368164,-20.212417602539062,1.0,0.76124914909081,0.008543987932613559,0.5,2.275056838989258,5.955556869506836,-0.5255343914031982,-0.5301879048347473,0.03755009174346924,100000
371,-0.19952237606048584,0.19952237606048584,1.0,4.702746391296387,14.198734283447266,-2.312211275100708,0.99951171875,0.7603108206299808,0.008524317658030647,0.5,2.0485217571258545,5.955556869506836,-0.300478458404541,-0.3051683306694031,0.03257028013467789,100000
372,-0.22256840765476227,0.22256840765476227,1.0,4.746387481689453,14.87196159362793,-44.617305755615234,0.989013671875,0.7593736487685402,0.008504692669057363,0.5,2.4338936805725098,5.955556869506836,-0.7362600564956665,-0.7417660355567932,0.036712031811475754,100000
373,-0.23290404677391052,0.23290404677391052,1.0,4.609026908874512,15.319705963134766,-7.03120231628418,1.0,0.7584376320808445,0.008485112861435556,0.5,2.421358585357666,5.955556869506836,-0.5360050201416016,-0.5401254892349243,0.03447811305522919,100000
374,-0.2410394251346588,0.2410394251346588,1.0,4.81680965423584,15.378610610961914,-94.30064392089844,0.9998779296875,0.7575027691430068,0.0084655781311471,0.5,2.361203908920288,5.955556869506836,-0.44366204738616943,-0.44915807247161865,0.042232222855091095,100000
375,-0.19416311383247375,0.19416311383247375,1.0,4.6692609786987305,14.063859939575195,-43.70619583129883,1.0,0.7565690585328962,0.008446088374413348,0.5,1.8235220909118652,5.955556869506836,-0.09662510454654694,-0.1017775759100914,0.03339040279388428,100000
376,-0.2102237194776535,0.2102237194776535,1.0,4.706734657287598,14.526468276977539,-6.036557197570801,0.9996337890625,0.755636498830134,0.008426643487694577,0.5,2.1281561851501465,5.955556869506836,-0.39722776412963867,-0.4048236608505249,0.05923187732696533,100000
377,-0.23058918118476868,0.23058918118476868,1.0,4.6875410079956055,15.175058364868164,-60.24415969848633,1.0,0.7547050886160923,0.008407243367689428,0.5,2.3574514389038086,5.955556869506836,-0.3056037425994873,-0.311443567276001,0.04721931368112564,100000
378,-0.18807600438594818,0.18807600438594818,1.0,4.590349197387695,13.948653221130371,-70.00489807128906,1.0,0.7537748264738926,0.008387887911334374,0.5,2.135117530822754,5.955556869506836,-0.7137938141822815,-0.7195369005203247,0.0424947589635849,100000
379,-0.2034245878458023,0.2034245878458023,1.0,4.908825874328613,14.12811279296875,-50.66505432128906,1.0,0.7528457109884016,0.008368577015803163,0.5,1.6874656677246094,5.955556869506836,-0.31635093688964844,-0.32225096225738525,0.030692102387547493,100000
380,-0.20969924330711365,0.20969924330711365,1.0,4.6703691482543945,14.544013023376465,-7.209384441375732,0.9998779296875,0.7519177407462315,0.008349310578506275,0.5,1.9056893587112427,5.955556869506836,-0.10367555916309357,-0.11188305914402008,0.07677391171455383,100000
381,-0.36592650413513184,0.36592650413513184,1.0,4.69184684753418,19.36270523071289,-10.107240676879883,1.0,0.7509909143357362,0.008330088497090368,0.5,1.8479673862457275,5.955556869506836,-0.34883227944374084,-0.3549448251724243,0.05957942456007004,100000
382,-0.186987966299057,0.186987966299057,1.0,4.70137357711792,13.811795234680176,-353.0204772949219,1.0,0.7500652303470092,0.00831091066943775,0.5,2.137852668762207,5.955556869506836,-0.3386555314064026,-0.34668928384780884,0.06999258697032928,100000
383,-0.18754197657108307,0.18754197657108307,1.0,4.484251022338867,14.030694961547852,-17.706096649169922,1.0,0.7491406873718826,0.008291776993665824,0.5,1.9828600883483887,5.955556869506836,-0.24954047799110413,-0.2555301785469055,0.03848275542259216,100000
384,-0.20988541841506958,0.20988541841506958,1.0,4.687508583068848,14.533853530883789,-33.488311767578125,0.99951171875,0.7482172840039238,0.008272687368126549,0.5,2.346867561340332,5.955556869506836,-0.525321364402771,-0.5304751992225647,0.047577422112226486,100000
385,-0.211614191532135,0.211614191532135,1.0,4.723849773406982,14.553630828857422,-20.759687423706055,0.99951171875,0.7472950188384341,0.008253641691405907,0.5,2.2911744117736816,5.955556869506836,-0.31930962204933167,-0.32361704111099243,0.040663156658411026,100000
386,-0.18306981027126312,0.18306981027126312,1.0,4.624841690063477,13.761552810668945,-2.365903377532959,1.0,0.7463738904724458,0.008234639862323357,0.5,1.8935370445251465,5.955556869506836,-0.44035398960113525,-0.44543537497520447,0.04190046340227127,100000
387,-0.258791446685791,0.258791446685791,1.0,4.947096824645996,15.807367324829102,-180.441650390625,1.0,0.745453897504721,0.008215681779931294,0.5,2.7236132621765137,5.955556869506836,-0.37936389446258545,-0.38253048062324524,0.03672152757644653,100000
388,-0.4721119999885559,0.4721119999885559,1.0,4.788515567779541,22.5616455078125,-83.78787994384766,1.0,0.7445350385357487,0.008196767343514525,0.5,2.361203670501709,5.955556869506836,-0.18446995317935944,-0.18788649141788483,0.029238134622573853,100000
389,-0.21794071793556213,0.21794071793556213,1.0,4.652288913726807,14.81606674194336,-8.081646919250488,0.9998779296875,0.7436173121677427,0.008177896452589723,0.5,2.361145257949829,5.955556869506836,-0.1812707781791687,-0.18556837737560272,0.03262903541326523,100000
390,-0.18659603595733643,0.18659603595733643,1.0,5.027795314788818,13.496359825134277,-14.772186279296875,0.9998779296875,0.7427007170046406,0.008159069006904902,0.5,1.6836411952972412,5.955556869506836,-0.3107911944389343,-0.31626108288764954,0.04584851861000061,100000
391,-0.2003110945224762,0.2003110945224762,1.0,4.686180114746094,14.238554954528809,-7.150471210479736,0.996337890625,0.7417852516521,0.008140284906438876,0.5,2.2837419509887695,5.955556869506836,-0.2709469795227051,-0.2763294279575348,0.04291533678770065,100000
392,-0.18780748546123505,0.18780748546123505,1.0,4.830810070037842,13.716911315917969,-2.774761199951172,0.9974365234375,0.7408709147174973,0.00812154405140073,0.5,1.8305171728134155,5.955556869506836,-0.2418050318956375,-0.24711187183856964,0.04580730199813843,100000
393,-0.3400643467903137,0.3400643467903137,1.0,4.7804484367370605,18.479381561279297,-38.27001190185547,1.0,0.7399577048099261,0.008102846342229296,0.5,2.273205280303955,5.955556869506836,-0.6789786219596863,-0.6829068660736084,0.04000379145145416,100000
394,-0.2061973512172699,0.2061973512172699,1.0,4.705575942993164,14.402841567993164,-70.34429931640625,1.0,0.7390456205401935,0.008084191679592614,0.5,2.2818493843078613,5.955556869506836,-0.617988646030426,-0.622700035572052,0.04863199591636658,100000
395,-0.2376757562160492,0.2376757562160492,1.0,4.851293563842773,15.242390632629395,-17.040119171142578,1.0,0.7381346605208198,0.008065579964387415,0.5,2.8877811431884766,5.955556869506836,-0.544350266456604,-0.5497716665267944,0.04520673304796219,100000
396,-0.239533469080925,0.239533469080925,1.0,5.073906898498535,15.093086242675781,-18.321674346923828,1.0,0.7372248233660349,0.008047011097738584,0.5,2.35030198097229,5.955556869506836,-0.7925000190734863,-0.7974839806556702,0.03629491478204727,100000
397,-0.1642518788576126,0.1642518788576126,1.0,4.7597198486328125,13.053403854370117,-4.066085338592529,0.9998779296875,0.7363161076917774,0.008028484980998642,0.5,1.607475996017456,5.955556869506836,-0.12232851982116699,-0.127840057015419,0.04116213321685791,100000
398,-0.2439572811126709,0.2439572811126709,1.0,4.524802207946777,15.740303039550781,-2.8107669353485107,1.0,0.7354085121156912,0.008010001515747224,0.5,2.198343276977539,5.955556869506836,-0.6117147207260132,-0.6165644526481628,0.04394238814711571,100000
399,-0.18270207941532135,0.18270207941532135,1.0,4.376012325286865,13.981365203857422,-1.0793813467025757,0.9996337890625,0.7345020352571248,0.007991560603790542,0.5,2.5268874168395996,5.955556869506836,-0.12847137451171875,-0.13120661675930023,0.036280903965234756,100000
400,-0.16672039031982422,0.16672039031982422,1.0,4.712034225463867,13.174165725708008,-3.903181791305542,0.9998779296875,0.7335966757371282,0.007973162147160881,0.5,1.8541556596755981,5.955556869506836,-0.22201450169086456,-0.2260051816701889,0.0410039946436882,100000
401,-0.1830955147743225,0.1830955147743225,1.0,4.533193588256836,13.847504615783691,-1.0357744693756104,0.9998779296875,0.732692432178451,0.007954806048116072,0.5,2.2911300659179688,5.955556869506836,-0.3944931626319885,-0.39815279841423035,0.05110420286655426,100000
402,-0.19967423379421234,0.19967423379421234,1.0,4.696202278137207,14.209518432617188,-7.231060028076172,1.0,0.7317893032055407,0.007936492209138963,0.5,1.835310935974121,5.955556869506836,-0.38011839985847473,-0.38448676466941833,0.04770883917808533,100000
403,-0.1904752552509308,0.1904752552509308,1.0,4.767979621887207,13.857916831970215,-4.981575012207031,1.0,0.7308872874445403,0.007918220532936919,0.5,2.0610506534576416,5.955556869506836,-0.19119879603385925,-0.1954314410686493,0.04373975098133087,100000
404,-0.17376750707626343,0.17376750707626343,1.0,4.666975975036621,13.434293746948242,-25.6391544342041,1.0,0.7299863835232859,0.007899990922441287,0.5,1.992969274520874,5.955556869506836,-0.359701007604599,-0.3636593818664551,0.034976400434970856,100000
405,-0.18731144070625305,0.18731144070625305,1.0,4.656865119934082,13.86316967010498,-80.1673583984375,1.0,0.7290865900713055,0.0078818032808069,0.5,1.903796672821045,5.955556869506836,-0.06312477588653564,-0.06799039989709854,0.03511298820376396,100000
406,-0.23325110971927643,0.23325110971927643,1.0,4.603065490722656,15.335993766784668,-20.44630241394043,1.0,0.7281879057198157,0.007863657511411538,0.5,2.810967445373535,5.955556869506836,-0.2620362341403961,-0.2644397020339966,0.042383238673210144,100000
407,-0.2355770468711853,0.2355770468711853,1.0,4.936077117919922,15.098613739013672,-8.016325950622559,1.0,0.7272903291017209,0.007845553517855439,0.5,2.587686538696289,5.955556869506836,-0.31808197498321533,-0.32110923528671265,0.049003444612026215,100000
408,-0.21058112382888794,0.21058112382888794,1.0,4.712372779846191,14.532299041748047,-66.27576446533203,0.9974365234375,0.7263938588516102,0.007827491203960769,0.5,2.122932195663452,5.955556869506836,-0.23122075200080872,-0.23528464138507843,0.040871452540159225,100000
409,-0.204616978764534,0.204616978764534,1.0,4.6388020515441895,14.415937423706055,-18.21702766418457,1.0,0.725498493605756,0.007809470473771122,0.5,2.0566108226776123,5.955556869506836,-0.11718827486038208,-0.12102661281824112,0.04397092014551163,100000
410,-0.22901654243469238,0.22901654243469238,1.0,4.828524589538574,14.995355606079102,-5.494871139526367,1.0,0.7246042320021115,0.007791491231551007,0.5,2.35949444770813,5.955556869506836,-0.2792372405529022,-0.2827978730201721,0.03852562606334686,100000
411,-0.17507565021514893,0.17507565021514893,1.0,4.566977500915527,13.567724227905273,-0.5176411867141724,1.0,0.7237110726803088,0.007773553381785333,0.5,2.051938533782959,5.955556869506836,-0.27830398082733154,-0.2817707359790802,0.039345815777778625,100000
412,-0.24360451102256775,0.24360451102256775,1.0,4.726748466491699,15.541738510131836,-67.17475891113281,1.0,0.7228190142816568,0.007755656829178914,0.5,2.363589286804199,5.955556869506836,-0.13090601563453674,-0.13521923124790192,0.05180399864912033,100000
413,-0.21996180713176727,0.21996180713176727,1.0,4.603832244873047,14.923686981201172,-30.45977020263672,0.99951171875,0.7219280554491392,0.007737801478655952,0.5,2.1969990730285645,5.955556869506836,-0.3168613016605377,-0.32197585701942444,0.057543329894542694,100000
414,-0.21735572814941406,0.21735572814941406,1.0,4.66731595993042,14.783985137939453,-9.983880043029785,0.998291015625,0.7210381948274123,0.007719987235359537,0.5,2.367280960083008,5.955556869506836,-0.23308998346328735,-0.2357746660709381,0.06065933406352997,100000
415,-0.17374131083488464,0.17374131083488464,1.0,4.394636631011963,13.686527252197266,-2.6809964179992676,0.99951171875,0.7201494310628032,0.007702214004651142,0.5,1.9652481079101562,5.955556869506836,0.5124191045761108,0.508112907409668,0.052031710743904114,100000
416,-0.1897296905517578,0.1897296905517578,1.0,4.7536187171936035,13.848167419433594,-4.12738037109375,1.0,0.7192617628033072,0.007684481692110119,0.5,1.9839601516723633,5.955556869506836,-0.25896745920181274,-0.26275867223739624,0.05692043527960777,100000
417,-0.3247911036014557,0.3247911036014557,1.0,4.744426727294922,18.039810180664062,-4.636136054992676,1.0,0.7183751886985867,0.007666790203533203,0.5,2.1350762844085693,5.955556869506836,-0.6197350025177002,-0.6244642734527588,0.055518582463264465,100000
418,-0.23582321405410767,0.23582321405410767,1.0,4.775881290435791,15.255084037780762,-9.840703964233398,1.0,0.717489707399968,0.0076491394449339995,0.5,2.3573713302612305,5.955556869506836,-0.30264392495155334,-0.30633625388145447,0.05627375841140747,100000
419,-0.23395290970802307,0.23395290970802307,1.0,4.82712459564209,15.149544715881348,-216.8030242919922,1.0,0.7166053175604397,0.007631529322542499,0.5,2.511568546295166,5.955556869506836,-0.6649366021156311,-0.6692543029785156,0.041639864444732666,100000
420,-0.19303452968597412,0.19303452968597412,1.0,4.562330722808838,14.12826156616211,-12.669670104980469,0.9998779296875,0.7157220178346514,0.007613959742804572,0.5,2.2053518295288086,5.955556869506836,-0.29222917556762695,-0.29525047540664673,0.04645651951432228,100000
421,-0.2326507568359375,0.2326507568359375,1.0,4.814562797546387,15.120885848999023,-6.350936412811279,0.9998779296875,0.7148398068789105,0.00759643061238147,0.5,2.2856407165527344,5.955556869506836,-0.4175627827644348,-0.4211087226867676,0.03862522542476654,100000
422,-0.21505215764045715,0.21505215764045715,1.0,4.723978042602539,14.659993171691895,-8.10871410369873,1.0,0.713958683351181,0.007578941838149334,0.5,2.433610439300537,5.955556869506836,-0.2761865258216858,-0.2794177830219269,0.04929227754473686,100000
423,-0.2155793309211731,0.2155793309211731,1.0,4.744970321655273,14.656814575195312,-10.54244613647461,1.0,0.7130786459110804,0.0075614933271986986,0.5,2.357675790786743,5.955556869506836,-0.2469463348388672,-0.2498377114534378,0.038586657494306564,100000
424,-0.18993964791297913,0.18993964791297913,1.0,4.516472339630127,14.075016021728516,-15.071256637573242,1.0,0.7121996932198794,0.007544084986833997,0.5,2.2836833000183105,5.955556869506836,-0.31752604246139526,-0.3208960294723511,0.043136969208717346,100000
425,-0.17459195852279663,0.17459195852279663,1.0,4.632667064666748,13.491707801818848,-122.73576354980469,1.0,0.7113218239404979,0.007526716724573069,0.5,1.9254542589187622,5.955556869506836,-0.05264177918434143,-0.05729047209024429,0.031488239765167236,100000
426,-0.18032781779766083,0.18032781779766083,1.0,4.569809913635254,13.727762222290039,-14.8290376663208,1.0,0.7104450367375047,0.007509388448146671,0.5,2.225085496902466,5.955556869506836,-0.24072705209255219,-0.2440662831068039,0.03945472836494446,100000
427,-0.21586568653583527,0.21586568653583527,1.0,4.686017990112305,14.720458984375,-6.512148380279541,0.999755859375,0.7095693302771143,0.007492100065497985,0.5,2.2834177017211914,5.955556869506836,-0.2736780643463135,-0.2774963080883026,0.04862372577190399,100000
428,-0.208918035030365,0.208918035030365,1.0,4.589308738708496,14.595136642456055,-2.341142177581787,1.0,0.7086947032271849,0.007474851484782129,0.5,2.502983331680298,5.955556869506836,-0.14187520742416382,-0.14518699049949646,0.02870575338602066,100000
429,-0.1616823822259903,0.1616823822259903,1.0,4.369523048400879,13.336376190185547,-7.297969341278076,0.9998779296875,0.7078211542572174,0.00745764261436567,0.5,1.9754161834716797,5.955556869506836,-0.196870818734169,-0.20082317292690277,0.03598545119166374,100000
430,-0.2068529725074768,0.2068529725074768,1.0,4.873054504394531,14.267534255981445,-69.40508270263672,1.0,0.7069486820383521,0.007440473362826136,0.5,2.2972793579101562,5.955556869506836,-0.09729818254709244,-0.10117287188768387,0.04385557025671005,100000
431,-0.20718631148338318,0.20718631148338318,1.0,4.626368999481201,14.50706672668457,-7.627140998840332,1.0,0.7060772852433679,0.00742334363895153,0.5,2.4292151927948,5.955556869506836,-0.34396249055862427,-0.34930717945098877,0.03569721430540085,100000
432,-0.220245361328125,0.220245361328125,1.0,4.7255964279174805,14.819332122802734,-4.832071304321289,0.9998779296875,0.7052069625466789,0.007406253351739853,0.5,2.5093045234680176,5.955556869506836,-0.2716565430164337,-0.27514660358428955,0.04198865219950676,100000
433,-0.20512351393699646,0.20512351393699646,1.0,4.7219343185424805,14.354381561279297,-7.216034412384033,0.999755859375,0.7043377126243339,0.007389202410398606,0.5,2.2051210403442383,5.955556869506836,-0.1919495165348053,-0.19479627907276154,0.035158880054950714,100000
434,-0.17793092131614685,0.17793092131614685,1.0,4.5723066329956055,13.651205062866211,-1.0739672183990479,1.0,0.703469534154013,0.007372190724344318,0.5,1.8098787069320679,5.955556869506836,-0.3202989101409912,-0.3240707814693451,0.04513626545667648,100000
435,-0.19821755588054657,0.19821755588054657,1.0,4.5135955810546875,14.33407211303711,-19.16584014892578,1.0,0.7026024258150266,0.007355218203202066,0.5,2.3555526733398438,5.955556869506836,-0.025227457284927368,-0.027828838676214218,0.03788977861404419,100000
436,-0.21165212988853455,0.21165212988853455,1.0,4.645120620727539,14.627958297729492,-20.69788360595703,1.0,0.7017363862883129,0.007338284756804986,0.5,2.1433534622192383,5.955556869506836,-0.3711817264556885,-0.3758850395679474,0.041154809296131134,100000
437,-0.20641736686229706,0.20641736686229706,1.0,4.835773944854736,14.288681030273438,-2.290937900543213,1.0,0.7008714142564358,0.007321390295193804,0.5,2.057509422302246,5.955556869506836,-0.5597673654556274,-0.563662588596344,0.04363730922341347,100000
438,-0.24556854367256165,0.24556854367256165,1.0,4.8492584228515625,15.488736152648926,-28.200727462768555,0.99951171875,0.7000075084035834,0.007304534728616351,0.5,2.137307643890381,5.955556869506836,-0.36732518672943115,-0.3721035122871399,0.04103291407227516,100000
439,-0.2266770601272583,0.2266770601272583,1.0,4.821103096008301,14.929793357849121,-8.15654468536377,0.999755859375,0.6991446674155658,0.007287717967527091,0.5,2.5776987075805664,5.955556869506836,-0.4880613088607788,-0.49097320437431335,0.03361382707953453,100000
440,-0.20829737186431885,0.20829737186431885,1.0,4.668783187866211,14.502068519592285,-3.6990015506744385,1.0,0.6982828899798124,0.0072709399225866405,0.5,2.5971999168395996,5.955556869506836,-0.44771599769592285,-0.45114636421203613,0.0387551411986351,100000
441,-0.2092481255531311,0.2092481255531311,1.0,4.831402778625488,14.380416870117188,-24.975963592529297,1.0,0.6974221747853707,0.007254200504661293,0.5,2.2148847579956055,5.955556869506836,-0.17117497324943542,-0.17445731163024902,0.040403690189123154,100000
442,-0.20345193147659302,0.20345193147659302,1.0,4.684526443481445,14.33736801147461,-11.376093864440918,1.0,0.6965625205229049,0.00723749962482256,0.5,2.2012948989868164,5.955556869506836,-0.4726836085319519,-0.47629377245903015,0.040819767862558365,100000
443,-0.19280707836151123,0.19280707836151123,1.0,4.562295913696289,14.121249198913574,-30.456928253173828,1.0,0.6957039258846919,0.007220837194346676,0.5,2.4513356685638428,5.955556869506836,-0.025921806693077087,-0.028701674193143845,0.03120344877243042,100000
444,-0.21583221852779388,0.21583221852779388,1.0,4.439030647277832,14.948911666870117,-0.8476213812828064,0.9979248046875,0.6948463895646213,0.007204213124714142,0.5,2.4931282997131348,5.955556869506836,-0.16985739767551422,-0.17244143784046173,0.03693472594022751,100000
445,-0.23968499898910522,0.23968499898910522,1.0,4.704134464263916,15.441354751586914,-70.66956329345703,1.0,0.6939899102581925,0.007187627327609255,0.5,2.497476577758789,5.955556869506836,-0.20314903557300568,-0.2058979570865631,0.038767069578170776,100000
446,-0.29610568284988403,0.29610568284988403,1.0,4.586939811706543,17.297698974609375,-5.912015914916992,1.0,0.6931344866625125,0.007171079714919632,0.5,2.205047130584717,5.955556869506836,-0.17470496892929077,-0.17809702455997467,0.04137523099780083,100000
447,-0.23307687044143677,0.23307687044143677,1.0,4.8274335861206055,15.122124671936035,-55.13087463378906,1.0,0.6922801174762948,0.007154570198735746,0.5,2.283700704574585,5.955556869506836,-0.17631851136684418,-0.17912329733371735,0.042649708688259125,100000
448,-0.2103177309036255,0.2103177309036255,1.0,4.745625019073486,14.493244171142578,-20.469207763671875,1.0,0.6914268013998565,0.007138098691350459,0.5,2.211085081100464,5.955556869506836,-0.283801794052124,-0.2858876883983612,0.036584384739398956,100000
449,-0.20592382550239563,0.20592382550239563,1.0,4.634027481079102,14.460848808288574,-16.822614669799805,1.0,0.6905745371351169,0.007121665105258558,0.5,2.439242124557495,5.955556869506836,-0.04670422151684761,-0.049108460545539856,0.044726740568876266,100000
450,-0.203048974275589,0.203048974275589,1.0,4.507533073425293,14.48934268951416,-9.314047813415527,1.0,0.689723323385595,0.007105269353156283,0.5,2.3433592319488525,5.955556869506836,-0.1341366320848465,-0.1366286277770996,0.03849506378173828,100000
451,-0.18697737157344818,0.18697737157344818,1.0,4.5166521072387695,13.983102798461914,-15.909540176391602,0.9998779296875,0.6888731588564087,0.007088911347940869,0.5,2.2892231941223145,5.955556869506836,-0.09390318393707275,-0.09649159014225006,0.042475827038288116,100000
452,-0.24653300642967224,0.24653300642967224,1.0,4.680527210235596,15.675385475158691,-3.6433355808258057,1.0,0.6880240422542709,0.007072591002710085,0.5,2.203941583633423,5.955556869506836,-0.32322385907173157,-0.3263104259967804,0.035389624536037445,100000
453,-0.21596583724021912,0.21596583724021912,1.0,4.717940330505371,14.693900108337402,-6.893423080444336,1.0,0.6871759722874894,0.007056308230761766,0.5,2.293405532836914,5.955556869506836,-0.31486958265304565,-0.31761598587036133,0.03302169591188431,100000
454,-0.23801586031913757,0.23801586031913757,1.0,4.809797763824463,15.291481018066406,-2.29730224609375,1.0,0.6863289476659639,0.007040062945593359,0.5,2.357363224029541,5.955556869506836,-0.17298269271850586,-0.17590273916721344,0.03201920539140701,100000
455,-0.5154362916946411,0.5154362916946411,1.0,4.898087978363037,23.80167007446289,-758.226806640625,1.0,0.6854829671011841,0.007023855060901458,0.5,2.059753656387329,5.955556869506836,-0.15058758854866028,-0.15391838550567627,0.031399987637996674,100000
456,-0.18452376127243042,0.18452376127243042,1.0,4.71851921081543,13.71954345703125,-57.155879974365234,0.9993896484375,0.6846380293062283,0.007007684490581348,0.5,1.9034724235534668,5.955556869506836,-0.05435793101787567,-0.05818614363670349,0.031236128881573677,100000
457,-0.21792948246002197,0.21792948246002197,1.0,4.649988651275635,14.817855834960938,-2.212571144104004,1.0,0.6837941329957612,0.0069915511487265505,0.5,2.429445505142212,5.955556869506836,-0.16045819222927094,-0.1628192961215973,0.03653942048549652,100000
458,-0.19761979579925537,0.19761979579925537,1.0,4.602663993835449,14.232799530029297,-391.3914794921875,1.0,0.6829512768860313,0.006975454949628356,0.5,1.9596145153045654,5.955556869506836,-0.21686957776546478,-0.22010460495948792,0.03163973242044449,100000
459,-0.20728568732738495,0.20728568732738495,1.0,4.503716945648193,14.624107360839844,-13.479836463928223,0.9991455078125,0.6821094596948697,0.006959395807775385,0.5,1.908299207687378,5.955556869506836,-0.17300629615783691,-0.17560891807079315,0.04162392392754555,100000
460,-0.22731579840183258,0.22731579840183258,1.0,4.827516078948975,14.94361686706543,-2797.913330078125,0.9998779296875,0.681268680141688,0.006943373637853122,0.5,1.7640959024429321,5.955556869506836,-0.07741915434598923,-0.07981313765048981,0.03535323217511177,100000
461,-0.20924600958824158,0.20924600958824158,1.0,4.812504768371582,14.397910118103027,-18.742177963256836,1.0,0.6804289369474762,0.006927388354743467,0.5,2.0554580688476562,5.955556869506836,-0.11328031867742538,-0.11550778895616531,0.039186991751194,100000
462,-0.23699340224266052,0.23699340224266052,1.0,4.895220756530762,15.180442810058594,-24.752307891845703,1.0,0.679590228834801,0.006911439873524278,0.5,2.5139241218566895,5.955556869506836,-0.28154194355010986,-0.2834600806236267,0.03947220742702484,100000
463,-0.18922138214111328,0.18922138214111328,1.0,4.511791229248047,14.057119369506836,-3.3424017429351807,1.0,0.6787525545278035,0.0068955281094689284,0.5,2.3647451400756836,5.955556869506836,-0.1741686463356018,-0.17673857510089874,0.04523762688040733,100000
464,-0.1701723337173462,0.1701723337173462,1.0,4.317302703857422,13.647845268249512,-1.9918538331985474,0.9991455078125,0.6779159127521974,0.006879652978045852,0.5,2.2949564456939697,5.955556869506836,-0.2151138037443161,-0.2173776626586914,0.04726593196392059,100000
465,-0.1967059224843979,0.1967059224843979,1.0,4.69073486328125,14.122663497924805,-2.984572649002075,0.9998779296875,0.6770803022352674,0.006863814394918089,0.5,2.067410707473755,5.955556869506836,-0.2777255177497864,-0.2811184823513031,0.04319113492965698,100000
466,-0.22643616795539856,0.22643616795539856,1.0,4.493967056274414,15.226292610168457,-14.984223365783691,1.0,0.6762457217058665,0.006848012275942849,0.5,2.374763011932373,5.955556869506836,-0.19260656833648682,-0.1947629153728485,0.05694408714771271,100000
467,-0.16623900830745697,0.16623900830745697,1.0,4.350794792175293,13.494903564453125,-5.415167331695557,1.0,0.675412169894415,0.006832246537171056,0.5,2.131101608276367,5.955556869506836,-0.0435517244040966,-0.04666547104716301,0.04218659549951553,100000
468,-0.2063659131526947,0.2063659131526947,1.0,4.558717727661133,14.544516563415527,-9.19411849975586,1.0,0.6745796455328978,0.006816517094846905,0.5,2.125924825668335,5.955556869506836,-0.061820920556783676,-0.06415555626153946,0.04626180976629257,100000
469,-0.246943861246109,0.246943861246109,1.0,4.721831321716309,15.64973258972168,-3.641813278198242,0.9998779296875,0.673748147354863,0.006800823865407414,0.5,1.9018371105194092,5.955556869506836,-0.19485053420066833,-0.19740159809589386,0.03719957545399666,100000
470,-0.2057039439678192,0.2057039439678192,1.0,4.6383819580078125,14.449993133544922,-3.5353846549987793,1.0,0.6729176740954196,0.006785166765481987,0.5,2.3512158393859863,5.955556869506836,-0.11863985657691956,-0.12113089859485626,0.037394650280475616,100000
471,-0.45065730810165405,0.45065730810165405,1.0,5.010550498962402,21.69084930419922,-1063.1221923828125,1.0,0.6720882244912357,0.006769545711891964,0.5,2.8119049072265625,5.955556869506836,-0.5973577499389648,-0.6001793146133423,0.03537364676594734,100000
472,-0.1906755268573761,0.1906755268573761,1.0,4.6750922203063965,13.95042610168457,-27.88964080810547,0.9998779296875,0.6712597972805366,0.0067539606216501825,0.5,1.8170537948608398,5.955556869506836,-0.04251733794808388,-0.045687828212976456,0.04883594065904617,100000
473,-0.2264086753129959,0.2264086753129959,1.0,4.7779717445373535,14.961556434631348,-16.307178497314453,0.9996337890625,0.6704323912031033,0.006738411411960535,0.5,2.4314379692077637,5.955556869506836,-0.06307060271501541,-0.06547050923109055,0.03669266402721405,100000
474,-0.2578911781311035,0.2578911781311035,1.0,5.044780254364014,15.688720703125,-26.56507682800293,1.0,0.6696060050002695,0.006722898000217532,0.5,2.137836456298828,5.955556869506836,-0.2892616391181946,-0.29239073395729065,0.0376974381506443,100000
475,-0.3861684799194336,0.3861684799194336,1.0,4.862929344177246,19.83067512512207,-2148.234130859375,1.0,0.6687806374149207,0.00670742030400586,0.5,2.421034336090088,5.955556869506836,-0.33047887682914734,-0.3347194492816925,0.04539956897497177,100000
476,-0.23596103489398956,0.23596103489398956,1.0,4.830563545227051,15.20854377746582,-21.364910125732422,1.0,0.667956287191492,0.006691978241099948,0.5,2.344113826751709,5.955556869506836,-0.28076159954071045,-0.28359323740005493,0.04058615118265152,100000
477,-0.29251784086227417,0.29251784086227417,1.0,4.675555229187012,17.10424041748047,-45.46622848510742,0.9970703125,0.6671329530759661,0.006676571729463522,0.5,2.3553788661956787,5.955556869506836,-0.23789945244789124,-0.24105583131313324,0.036217279732227325,100000
478,-0.21882584691047668,0.21882584691047668,1.0,4.6831889152526855,14.814770698547363,-5.23781681060791,1.0,0.6663106338158712,0.006661200687249177,0.5,2.58762788772583,5.955556869506836,-0.3716484010219574,-0.374144583940506,0.03485260158777237,100000
479,-0.2075437307357788,0.2075437307357788,1.0,4.635653018951416,14.509510040283203,-16.3206787109375,0.9993896484375,0.6654893281602796,0.006645865032797946,0.5,2.5891518592834473,5.955556869506836,-0.28909188508987427,-0.2908615469932556,0.030066553503274918,100000
480,-0.16895076632499695,0.16895076632499695,1.0,4.492697715759277,13.447042465209961,-1.1508738994598389,1.0,0.6646690348598054,0.006630564684638849,0.5,1.9912011623382568,5.955556869506836,-0.0973067432641983,-0.10042464733123779,0.03139781579375267,100000
481,-0.26373499631881714,0.26373499631881714,1.0,4.821636199951172,16.077049255371094,-18.370420455932617,0.9981689453125,0.6638497526666027,0.006615299561488482,0.5,2.659721612930298,5.955556869506836,-0.10799667239189148,-0.11012258380651474,0.02699844166636467,100000
482,-0.22292116284370422,0.22292116284370422,1.0,4.721844673156738,14.905693054199219,-54.16554260253906,1.0,0.6630314803343638,0.00660006958225057,0.5,2.2674720287323,5.955556869506836,-0.1353808492422104,-0.13774937391281128,0.03215073049068451,100000
483,-0.17728900909423828,0.17728900909423828,1.0,4.780350208282471,13.438018798828125,-23.319841384887695,0.9993896484375,0.6622142166183169,0.006584874666015538,0.5,1.751943588256836,5.955556869506836,-0.15467968583106995,-0.15826062858104706,0.03024214878678322,100000
484,-0.21715374290943146,0.21715374290943146,1.0,4.8060832023620605,14.648794174194336,-315.78271484375,1.0,0.661397960275225,0.00656971473206009,0.5,2.202929973602295,5.955556869506836,-0.014388956129550934,-0.017038695514202118,0.030226152390241623,100000
485,-0.15122754871845245,0.15122754871845245,1.0,4.654314041137695,12.747955322265625,-5.962594985961914,0.99853515625,0.6605827100633834,0.006554589699846767,0.5,1.457654595375061,5.955556869506836,0.035358741879463196,0.031396299600601196,0.04017729312181473,100000
486,-0.24110782146453857,0.24110782146453857,1.0,4.809560775756836,15.38746452331543,-29.205699920654297,1.0,0.6597684647426175,0.006539499489023534,0.5,2.1352643966674805,5.955556869506836,-0.14900705218315125,-0.15155372023582458,0.039269253611564636,100000
487,-0.31357356905937195,0.31357356905937195,1.0,4.820475101470947,17.621721267700195,-26.6427001953125,1.0,0.6589552230742821,0.006524444019423338,0.5,2.20778226852417,5.955556869506836,-0.5436844825744629,-0.5472572445869446,0.048334456980228424,100000
488,-0.23567020893096924,0.23567020893096924,1.0,4.630855083465576,15.385098457336426,-7.676728248596191,1.0,0.6581429838212581,0.006509423211063696,0.5,2.5950684547424316,5.955556869506836,-0.07956311851739883,-0.08191519975662231,0.04393874481320381,100000
489,-0.1949172466993332,0.1949172466993332,1.0,4.501746654510498,14.242864608764648,-9.10237979888916,1.0,0.657331745747952,0.006494436984146259,0.5,1.96034836769104,5.955556869506836,-0.10904072970151901,-0.11235477030277252,0.038555972278118134,100000
490,-0.17178313434123993,0.17178313434123993,1.0,4.707612991333008,13.335075378417969,-41.91695022583008,1.0,0.6565215076202923,0.006479485259056394,0.5,1.767512559890747,5.955556869506836,-0.17834676802158356,-0.18151311576366425,0.040054310113191605,100000
491,-0.18963205814361572,0.18963205814361572,1.0,4.800004959106445,13.802043914794922,-106.23553466796875,0.9912109375,0.6557122682057296,0.006464567956362759,0.5,1.9859113693237305,5.955556869506836,-0.2551269829273224,-0.2589680254459381,0.03741908818483353,100000
492,-0.24346515536308289,0.24346515536308289,1.0,4.942332744598389,15.33711051940918,-10.184279441833496,1.0,0.6549040262732333,0.006449684996816882,0.5,2.500896453857422,5.955556869506836,-0.04683263599872589,-0.04923003539443016,0.03665360435843468,100000
493,-0.19543913006782532,0.19543913006782532,1.0,4.764461040496826,14.014925003051758,-5.710847854614258,1.0,0.6540967805932904,0.006434836301352743,0.5,1.8889089822769165,5.955556869506836,-0.22061720490455627,-0.22372233867645264,0.031126949936151505,100000
494,-0.19282901287078857,0.19282901287078857,1.0,4.603981018066406,14.083195686340332,-1.9966692924499512,1.0,0.6532905299379032,0.0064200217910863455,0.5,2.363309383392334,5.955556869506836,-0.25071603059768677,-0.25298118591308594,0.033717136830091476,100000
495,-0.24135860800743103,0.24135860800743103,1.0,5.0111985206604,15.207879066467285,-105.99642181396484,0.9998779296875,0.6524852730805877,0.006405241387315303,0.5,2.4258570671081543,5.955556869506836,-0.1278972029685974,-0.13035328686237335,0.034638240933418274,100000
496,-0.23341381549835205,0.23341381549835205,1.0,4.690674781799316,15.25963020324707,-161.8581085205078,0.9989013671875,0.6516810087963719,0.006390495011518425,0.5,2.1294002532958984,5.955556869506836,-0.1628851294517517,-0.16495461761951447,0.03264421969652176,100000
497,-0.29751306772232056,0.29751306772232056,1.0,4.7892680168151855,17.15329360961914,-117.16558837890625,1.0,0.6508777358617934,0.006375782585355291,0.5,2.204082489013672,5.955556869506836,-0.009688492864370346,-0.011672324500977993,0.03398502618074417,100000
498,-0.25821173191070557,0.25821173191070557,1.0,4.926877975463867,15.808198928833008,-1.8290772438049316,1.0,0.6500754530548983,0.00636110403066584,0.5,2.267444133758545,5.955556869506836,-0.22817611694335938,-0.23056280612945557,0.030999230220913887,100000
499,-0.39830052852630615,0.39830052852630615,1.0,4.777801036834717,20.2855224609375,-183.95285034179688,0.9979248046875,0.6492741591552383,0.006346459269469954,0.5,2.4331393241882324,5.955556869506836,-0.17470061779022217,-0.17827759683132172,0.03337425738573074,100000
500,-0.1943638026714325,0.1943638026714325,1.0,4.482133865356445,14.24394702911377,-5.303699493408203,1.0,0.6484738529438698,0.006331848223967044,0.5,2.351396083831787,5.955556869506836,-0.129830464720726,-0.1317429393529892,0.034799229353666306,100000
501,-0.18621394038200378,0.18621394038200378,1.0,4.828143119812012,13.670034408569336,-1.3128197193145752,1.0,0.6476745332033519,0.006317270816535635,0.5,1.9917311668395996,5.955556869506836,-0.2538771629333496,-0.25708168745040894,0.029793499037623405,100000
502,-0.22899691760540009,0.22899691760540009,1.0,4.666883945465088,15.144936561584473,-25.594953536987305,1.0,0.6468761987177438,0.006302726969732957,0.5,1.8953771591186523,5.955556869506836,-0.028960036113858223,-0.03165855258703232,0.048629675060510635,100000
503,-0.875533401966095,0.875533401966095,1.0,5.134254455566406,34.735107421875,-72.59481048583984,1.0,0.6460788482726041,0.00628821660629453,0.5,2.365870952606201,5.955556869506836,-0.4238411486148834,-0.42757153511047363,0.04363598674535751,100000
504,-0.22645482420921326,0.22645482420921326,1.0,4.920759201049805,14.830313682556152,-20.04458999633789,1.0,0.6452824806549877,0.006273739649133755,0.5,2.285501718521118,5.955556869506836,-0.34550100564956665,-0.34828922152519226,0.03176964819431305,100000
505,-0.26419323682785034,0.26419323682785034,1.0,4.656948089599609,16.244264602661133,-13.61822509765625,1.0,0.6444870946534452,0.006259296021341504,0.5,2.277501106262207,5.955556869506836,-0.10271996259689331,-0.10468336194753647,0.033498913049697876,100000
506,-0.21178875863552094,0.21178875863552094,1.0,4.955971717834473,14.34335994720459,-20.47712516784668,0.9998779296875,0.6436926890580199,0.006244885646185713,0.5,1.9815301895141602,5.955556869506836,-0.02456199750304222,-0.027413463220000267,0.034280166029930115,100000
507,-0.20046526193618774,0.20046526193618774,1.0,4.452573776245117,14.460386276245117,-2.095724582672119,0.9998779296875,0.6428992626602471,0.006230508447110975,0.5,2.2635531425476074,5.955556869506836,-0.27009469270706177,-0.2723236382007599,0.0346590019762516,100000
508,-0.2318563610315323,0.2318563610315323,1.0,4.582247734069824,15.312138557434082,-20.09067726135254,0.999755859375,0.6421068142531511,0.006216164347738128,0.5,2.507636070251465,5.955556869506836,-0.405635803937912,-0.4081527888774872,0.034498490393161774,100000
509,-0.22238954901695251,0.22238954901695251,1.0,4.821920394897461,14.796241760253906,-2.759443521499634,1.0,0.6413153426312442,0.0062018532718638554,0.5,2.3455824851989746,5.955556869506836,-0.10441502183675766,-0.10652036964893341,0.03411795198917389,100000
510,-0.2453913688659668,0.2453913688659668,1.0,5.0170488357543945,15.32734489440918,-3.704571485519409,0.9998779296875,0.640524846590525,0.0061875751434602765,0.5,2.140399932861328,5.955556869506836,-0.09332531690597534,-0.09577850997447968,0.03087308630347252,100000
511,-0.24184592068195343,0.24184592068195343,1.0,4.690991401672363,15.520493507385254,-3.5338127613067627,1.0,0.6397353249284752,0.006173329886674545,0.5,2.279022216796875,5.955556869506836,-0.1509244441986084,-0.15302586555480957,0.034627318382263184,100000
512,-0.2183510661125183,0.2183510661125183,1.0,4.7973103523254395,14.6940279006958,-1.2463957071304321,1.0,0.6389467764440596,0.006159117425828452,0.5,2.359344005584717,5.955556869506836,-0.49956998229026794,-0.501905620098114,0.03565917909145355,100000
513,-0.223941832780838,0.223941832780838,1.0,4.770534992218018,14.892064094543457,-5.482079982757568,0.9998779296875,0.6381591999377232,0.0061449376854180076,0.5,2.3655405044555664,5.955556869506836,-0.16194681823253632,-0.16381137073040009,0.032216984778642654,100000
514,-0.16327491402626038,0.16327491402626038,1.0,4.5336809158325195,13.233171463012695,-4.073270797729492,1.0,0.6373725942113894,0.006130790590113055,0.5,1.7526836395263672,5.955556869506836,-0.17981144785881042,-0.18306443095207214,0.033145274966955185,100000
515,-0.2039976716041565,0.2039976716041565,1.0,4.723577976226807,14.317986488342285,-3.818540096282959,1.0,0.6365869580684586,0.006116676064756866,0.5,2.4453468322753906,5.955556869506836,-0.1996603012084961,-0.2014094740152359,0.03408348932862282,100000
516,-0.18689389526844025,0.18689389526844025,1.0,4.66156005859375,13.845874786376953,-28.79458236694336,0.9949951171875,0.635802290313806,0.00610259403436574,0.5,2.2273168563842773,5.955556869506836,-0.1658201366662979,-0.16797836124897003,0.027193080633878708,100000
517,-0.30243992805480957,0.30243992805480957,1.0,4.803489685058594,17.292675018310547,-15.461002349853516,1.0,0.6350185897537799,0.006088544424128605,0.5,2.0533268451690674,5.955556869506836,-0.03836186230182648,-0.04070679843425751,0.038478005677461624,100000
518,-0.4341611862182617,0.4341611862182617,1.0,4.748269557952881,21.423633575439453,-17.73989486694336,1.0,0.6342358551962002,0.006074527159406623,0.5,2.263791799545288,5.955556869506836,-0.14865003526210785,-0.15095141530036926,0.02866862155497074,100000
519,-0.251028835773468,0.251028835773468,1.0,4.6467790603637695,15.845987319946289,-113.15664672851562,1.0,0.6334540854503559,0.006060542165732794,0.5,2.4471068382263184,5.955556869506836,-0.07672484219074249,-0.07850248366594315,0.030539466068148613,100000
520,-0.20940759778022766,0.20940759778022766,1.0,4.724466323852539,14.484716415405273,-3.1682629585266113,1.0,0.6326732793270039,0.006046589368811556,0.5,2.0540614128112793,5.955556869506836,-0.25792616605758667,-0.26061707735061646,0.03231083229184151,100000
521,-0.21162721514701843,0.21162721514701843,1.0,4.741144180297852,14.537965774536133,-3.8279387950897217,0.9998779296875,0.631893435638367,0.006032668694518392,0.5,2.280696392059326,5.955556869506836,-0.15130366384983063,-0.15328499674797058,0.02822573482990265,100000
522,-0.22027993202209473,0.22027993202209473,1.0,4.632618427276611,14.906793594360352,-29.79652214050293,1.0,0.631114553198132,0.006018780068899441,0.5,2.4349465370178223,5.955556869506836,-0.07104115188121796,-0.07290283590555191,0.03235732391476631,100000
523,-0.2148771435022354,0.2148771435022354,1.0,4.6242899894714355,14.747198104858398,-1.2455142736434937,1.0,0.6303366308214482,0.006004923418171099,0.5,2.5953402519226074,5.955556869506836,-0.12460729479789734,-0.12598270177841187,0.03488545119762421,100000
524,-0.21905556321144104,0.21905556321144104,1.0,4.621870994567871,14.87885856628418,-11.238170623779297,1.0,0.629559667324925,0.005991098668719628,0.5,2.589104652404785,5.955556869506836,0.0383647158741951,0.03678718954324722,0.036493487656116486,100000
525,-0.2011909782886505,0.2011909782886505,1.0,4.672638893127441,14.278388023376465,-2.858837604522705,1.0,0.6287836615266307,0.005977305747100769,0.5,2.1318888664245605,5.955556869506836,-0.1591503620147705,-0.16133253276348114,0.033180564641952515,100000
526,-0.2855536937713623,0.2855536937713623,1.0,4.775444030761719,16.795734405517578,-6.98524284362793,1.0,0.6280086122460903,0.005963544580039344,0.5,1.9695026874542236,5.955556869506836,-0.3080754280090332,-0.31040719151496887,0.03605160489678383,100000
527,-0.22788000106811523,0.22788000106811523,1.0,4.978292942047119,14.820996284484863,-26.365108489990234,0.9998779296875,0.627234518304284,0.0059498150944288794,0.5,2.287632942199707,5.955556869506836,-0.024933351203799248,-0.02689746394753456,0.03033272549510002,100000
528,-0.2069464474916458,0.2069464474916458,1.0,4.6802077293396,14.449612617492676,-14.385390281677246,1.0,0.6264613785236455,0.005936117217331205,0.5,2.1311488151550293,5.955556869506836,-0.10475081950426102,-0.1065974161028862,0.03228576108813286,100000
529,-1.387988805770874,1.387988805770874,1.0,4.876145362854004,50.84662628173828,-61.689945220947266,0.9996337890625,0.6256891917280595,0.005922450875976071,0.5,1.8179657459259033,5.955556869506836,-0.18316464126110077,-0.1851433515548706,0.033128321170806885,100000
530,-0.21868623793125153,0.21868623793125153,1.0,4.727278709411621,14.769479751586914,-17.444482803344727,1.0,0.6249179567428607,0.0059088159977607625,0.5,2.199554443359375,5.955556869506836,-0.10702000558376312,-0.10894042253494263,0.03322434797883034,100000
531,-0.25326672196388245,0.25326672196388245,1.0,4.739925384521484,15.828750610351562,-7.583615303039551,1.0,0.6241476723948316,0.005895212510249714,0.5,1.891040325164795,5.955556869506836,-0.10670772939920425,-0.10951703786849976,0.03751660883426666,100000
532,-0.20974592864513397,0.20974592864513397,1.0,4.579931735992432,14.62948989868164,-1.8053888082504272,1.0,0.6233783375122012,0.005881640341174126,0.5,1.967047095298767,5.955556869506836,-0.09039058536291122,-0.09359186887741089,0.04088427126407623,100000
533,-0.21280696988105774,0.21280696988105774,1.0,4.6736555099487305,14.637212753295898,-0.7940706610679626,0.9998779296875,0.6226099509246422,0.005868099418431574,0.5,2.433469533920288,5.955556869506836,-0.5299694538116455,-0.5332755446434021,0.033850960433483124,100000
534,-0.21286703646183014,0.21286703646183014,1.0,4.6258745193481445,14.683469772338867,-8.465229034423828,1.0,0.6218425114632703,0.005854589670085634,0.5,2.499044895172119,5.955556869506836,-0.05427338182926178,-0.0561089813709259,0.034893013536930084,100000
535,-0.2332853376865387,0.2332853376865387,1.0,5.029725074768066,14.940620422363281,-13.250986099243164,1.0,0.6210760179606419,0.005841111024365492,0.5,2.525893211364746,5.955556869506836,-0.2944295406341553,-0.29654669761657715,0.03135565668344498,100000
536,-0.20338769257068634,0.20338769257068634,1.0,4.673582077026367,14.345547676086426,-0.72740638256073,1.0,0.6203104692507525,0.005827663409665574,0.5,2.2916293144226074,5.955556869506836,-0.5228852033615112,-0.5253321528434753,0.029344948008656502,100000
537,-0.2599223554134369,0.2599223554134369,1.0,4.848197937011719,15.934286117553711,-79.50956726074219,1.0,0.6195458641690346,0.005814246754545155,0.5,2.8854758739471436,5.955556869506836,-0.01531849056482315,-0.016592806205153465,0.029979679733514786,100000
538,-0.22830691933631897,0.22830691933631897,1.0,4.655051231384277,15.134561538696289,-1.1996761560440063,1.0,0.6187822015523563,0.005800860987727984,0.5,2.725494623184204,5.955556869506836,-0.7544040679931641,-0.7570262551307678,0.02696051076054573,100000
539,-0.17675864696502686,0.17675864696502686,1.0,4.587739944458008,13.600558280944824,-2.295199155807495,0.9998779296875,0.6180194802390194,0.005787506038101903,0.5,2.141261577606201,5.955556869506836,-0.09893257915973663,-0.10144920647144318,0.029742026701569557,100000
540,-0.20770716667175293,0.20770716667175293,1.0,4.602470874786377,14.545403480529785,-6.820281028747559,0.9993896484375,0.6172576990687576,0.005774181834718471,0.5,2.1234281063079834,5.955556869506836,-0.2634732723236084,-0.2659144103527069,0.03305727243423462,100000
541,-0.2847161293029785,0.2847161293029785,1.0,4.799428939819336,16.747509002685547,-64.29605102539062,1.0,0.616496856882735,0.0057608883067925935,0.5,2.04986572265625,5.955556869506836,-0.12014181911945343,-0.1225028857588768,0.02729901112616062,100000
542,-0.22684945166110992,0.22684945166110992,1.0,4.598201274871826,15.142243385314941,-20.61969757080078,0.9991455078125,0.6157369525235438,0.005747625383702132,0.5,2.5776658058166504,5.955556869506836,-0.19285301864147186,-0.19512848556041718,0.028248850256204605,100000
543,-0.23280395567417145,0.23280395567417145,1.0,4.723519325256348,15.210224151611328,-38.58918380737305,1.0,0.6149779848352026,0.00573439299498754,0.5,2.2855820655822754,5.955556869506836,-0.1503387689590454,-0.15285708010196686,0.028509706258773804,100000
544,-0.16727863252162933,0.16727863252162933,1.0,4.498884201049805,13.389505386352539,-291.5210266113281,1.0,0.6142199526631557,0.0057211910703514855,0.5,1.9851129055023193,5.955556869506836,-0.13362710177898407,-0.13613952696323395,0.02915159985423088,100000
545,-0.17865274846553802,0.17865274846553802,1.0,4.756324291229248,13.502580642700195,-4.6554083824157715,1.0,0.6134628548542697,0.005708019539658477,0.5,1.6799085140228271,5.955556869506836,-0.18555080890655518,-0.18813331425189972,0.02727442979812622,100000
546,-0.26106297969818115,0.26106297969818115,1.0,4.884418964385986,15.935958862304688,-6.093735218048096,0.9998779296875,0.612706690256833,0.005694878332934493,0.5,2.3714046478271484,5.955556869506836,-0.10470476746559143,-0.10631825029850006,0.02725367806851864,100000
547,-0.1911599189043045,0.1911599189043045,1.0,4.743481636047363,13.901884078979492,-11.042613983154297,1.0,0.6119514577205535,0.005681767380366607,0.5,2.127917528152466,5.955556869506836,-0.047683026641607285,-0.0497380755841732,0.03400345891714096,100000
548,-0.1859813779592514,0.1859813779592514,1.0,4.3505425453186035,14.106595993041992,-3.1310923099517822,1.0,0.6111971560965571,0.005668686612302619,0.5,2.217055082321167,5.955556869506836,-0.13382160663604736,-0.13584689795970917,0.028282660990953445,100000
549,-0.1772640198469162,0.1772640198469162,1.0,4.718520164489746,13.494695663452148,-30.223953247070312,1.0,0.6104437842373857,0.005655635959250684,0.5,1.8343908786773682,5.955556869506836,-0.05179842561483383,-0.05414627864956856,0.02673523686826229,100000
550,-0.18792009353637695,0.18792009353637695,1.0,4.545154094696045,13.985816955566406,-4.4070658683776855,1.0,0.6096913409969954,0.005642615351878944,0.5,2.2132163047790527,5.955556869506836,-0.04807228595018387,-0.04993597790598869,0.031162772327661514,100000
551,-0.2365744560956955,0.2365744560956955,1.0,4.870840072631836,15.190120697021484,-60.744178771972656,0.9993896484375,0.6089398252307553,0.00562962472101516,0.5,2.0594820976257324,5.955556869506836,-0.12570765614509583,-0.12819741666316986,0.03442101180553436,100000
552,-0.21142518520355225,0.21142518520355225,1.0,4.785760879516602,14.490252494812012,-42.48774337768555,1.0,0.6081892357954453,0.005616663997646344,0.5,2.2916455268859863,5.955556869506836,-0.22333058714866638,-0.224917471408844,0.03199968487024307,100000
553,-0.20472021400928497,0.20472021400928497,1.0,4.706930637359619,14.355833053588867,-8.524556159973145,1.0,0.607439571549254,0.005603733112918391,0.5,2.59926438331604,5.955556869506836,-0.31250572204589844,-0.31408628821372986,0.0351114347577095,100000
554,-0.2315223515033722,0.2315223515033722,1.0,4.635496139526367,15.252317428588867,-3.857942819595337,0.9945068359375,0.6066908313517784,0.005590831998135715,0.5,1.991531491279602,5.955556869506836,-0.4860394597053528,-0.4883315861225128,0.03369414806365967,100000
555,-0.20304186642169952,0.20304186642169952,1.0,4.695223808288574,14.314728736877441,-12.3138427734375,0.9971923828125,0.6059430140640198,0.00557796058476088,0.5,2.2035586833953857,5.955556869506836,-0.19749310612678528,-0.1993534415960312,0.029689863324165344,100000
556,-0.22624465823173523,0.22624465823173523,1.0,4.649157524108887,15.076165199279785,-24.93616485595703,1.0,0.6051961185483848,0.005565118804414249,0.5,2.0467145442962646,5.955556869506836,-0.028242886066436768,-0.03023461066186428,0.028530851006507874,100000
557,-0.2020600140094757,0.2020600140094757,1.0,4.572341442108154,14.3984956741333,-4.079338073730469,1.0,0.6044501436686814,0.005552306588873602,0.5,2.1153998374938965,5.955556869506836,-0.0852380096912384,-0.08725140988826752,0.031434495002031326,100000
558,-0.21579349040985107,0.21579349040985107,1.0,4.597898006439209,14.800100326538086,-12.175243377685547,1.0,0.6037050882901186,0.0055395238700737814,0.5,2.2648444175720215,5.955556869506836,-0.195352703332901,-0.19737134873867035,0.03331898897886276,100000
559,-0.3176940083503723,0.3176940083503723,1.0,4.490883827209473,18.055580139160156,-8.302035331726074,1.0,0.6029609512793034,0.005526770580106342,0.5,2.1321215629577637,5.955556869506836,-0.1306445598602295,-0.13216127455234528,0.03151500225067139,100000
560,-0.20269104838371277,0.20269104838371277,1.0,4.498355388641357,14.486784934997559,-18.625707626342773,1.0,0.6022177315042406,0.005514046651219167,0.5,2.441547393798828,5.955556869506836,-0.04387829080224037,-0.04540850594639778,0.039668817073106766,100000
561,-0.19612117111682892,0.19612117111682892,1.0,4.624624252319336,14.165979385375977,-31.198108673095703,1.0,0.6014754278343301,0.005501352015816132,0.5,2.054934501647949,5.955556869506836,-0.22919782996177673,-0.2315039336681366,0.031215850263834,100000
562,-0.18408748507499695,0.18408748507499695,1.0,4.762707710266113,13.664973258972168,-2.284426689147949,1.0,0.600734039140365,0.00548868660645673,0.5,1.8371098041534424,5.955556869506836,-0.10679347813129425,-0.10897504538297653,0.032400839030742645,100000
563,-0.20920264720916748,0.20920264720916748,1.0,4.651663780212402,14.546012878417969,-49.19754409790039,1.0,0.5999935642945311,0.005476050355855716,0.5,2.1212639808654785,5.955556869506836,-0.27922022342681885,-0.2811945378780365,0.03859260305762291,100000
564,-0.19296568632125854,0.19296568632125854,1.0,4.488053321838379,14.195144653320312,-10.909224510192871,0.9998779296875,0.5992540021704036,0.005463443196882755,0.5,1.977256178855896,5.955556869506836,-0.2903890907764435,-0.29200077056884766,0.0339474081993103,100000
565,-0.3641500473022461,0.3641500473022461,1.0,4.877945423126221,19.134769439697266,-6.143458366394043,1.0,0.5985153516429463,0.005450865062562057,0.5,2.1318888664245605,5.955556869506836,-0.07510919868946075,-0.0767085924744606,0.0386226661503315,100000
566,-0.28104686737060547,0.28104686737060547,1.0,4.67365026473999,16.750732421875,-2.0988082885742188,1.0,0.5977776115885102,0.005438315886072035,0.5,2.282993793487549,5.955556869506836,-0.06484352797269821,-0.06609170138835907,0.03719441592693329,100000
567,-0.1957186758518219,0.1957186758518219,1.0,4.704431056976318,14.079360961914062,-2.070326328277588,1.0,0.5970407808848307,0.005425795600744934,0.5,2.2074499130249023,5.955556869506836,-0.11967602372169495,-0.12133342772722244,0.033588655292987823,100000
568,-0.21491830050945282,0.21491830050945282,1.0,4.656115531921387,14.718900680541992,-0.9794068336486816,1.0,0.596304858411027,0.005413304140066483,0.5,2.441234588623047,5.955556869506836,-0.27976661920547485,-0.2813357412815094,0.03202945366501808,100000
569,-0.31416887044906616,0.31416887044906616,1.0,5.016252517700195,17.458251953125,-3.2341675758361816,1.0,0.5955698430475996,0.005400841437675547,0.5,2.8060407638549805,5.955556869506836,-0.049121640622615814,-0.05020121857523918,0.03640647605061531,100000
570,-0.19136133790016174,0.19136133790016174,1.0,4.596055030822754,14.045104026794434,-58.777896881103516,1.0,0.5948357336764291,0.005388407427363766,0.5,2.069042921066284,5.955556869506836,-0.29958266019821167,-0.3017142713069916,0.031951919198036194,100000
571,-0.3619111180305481,0.3619111180305481,1.0,4.618561744689941,19.30643081665039,-27.6080265045166,0.999755859375,0.5941025291807742,0.005376002043075212,0.5,2.3626136779785156,5.955556869506836,-0.1314183473587036,-0.13292765617370605,0.03354265168309212,100000
572,-0.30556678771972656,0.30556678771972656,1.0,4.778435230255127,17.412799835205078,-106.99683380126953,1.0,0.5933702284452703,0.00536362521890603,0.5,2.5816309452056885,5.955556869506836,-0.09135397523641586,-0.09254223108291626,0.03181726858019829,100000
573,-0.21402433514595032,0.21402433514595032,1.0,4.742841720581055,14.610631942749023,-48.752811431884766,1.0,0.5926388303559276,0.005351276889104091,0.5,2.0559542179107666,5.955556869506836,-0.05533409118652344,-0.05676618590950966,0.03393197059631348,100000
574,-0.18655923008918762,0.18655923008918762,1.0,4.536629676818848,13.951589584350586,-24.45860481262207,1.0,0.5919083338001289,0.005338956988068643,0.5,2.0528697967529297,5.955556869506836,-0.17784623801708221,-0.1802973598241806,0.033129528164863586,100000
575,-0.20719271898269653,0.20719271898269653,1.0,4.899348735809326,14.25362491607666,-5.250814437866211,1.0,0.5911787376666291,0.0053266654503499634,0.5,2.2089123725891113,5.955556869506836,-0.07739374041557312,-0.07921741157770157,0.03812266141176224,100000
576,-0.22337275743484497,0.22337275743484497,1.0,4.731653213500977,14.910565376281738,-2.932969808578491,1.0,0.5904500408455525,0.005314402210649011,0.5,2.347475051879883,5.955556869506836,-0.12898936867713928,-0.13053521513938904,0.03319608420133591,100000
577,-0.2312576323747635,0.2312576323747635,1.0,4.785544395446777,15.10470199584961,-120.1533203125,1.0,0.5897222422283918,0.005302167203817077,0.5,2.5058960914611816,5.955556869506836,-0.14263483881950378,-0.14436835050582886,0.03132890164852142,100000
578,-0.1617046445608139,0.1617046445608139,1.0,4.462391376495361,13.250776290893555,-42.671295166015625,1.0,0.5889953407080055,0.005289960364855441,0.5,1.9841340780258179,5.955556869506836,-0.0008071362972259521,-0.002966086147353053,0.03287605568766594,100000
579,-0.24811220169067383,0.24811220169067383,1.0,4.545738220214844,15.849535942077637,-1.0562618970870972,0.9989013671875,0.5882693351786172,0.005277781628915023,0.5,2.3501434326171875,5.955556869506836,-0.029143240302801132,-0.030970456078648567,0.04420296847820282,100000
580,-0.25005656480789185,0.25005656480789185,1.0,4.750894546508789,15.719133377075195,-261.94598388671875,0.996337890625,0.5875442245358132,0.0052656309312960415,0.5,2.135760545730591,5.955556869506836,-0.15376576781272888,-0.15562674403190613,0.030244693160057068,100000
581,-0.23984695971012115,0.23984695971012115,1.0,4.95637321472168,15.21200180053711,-16.16996192932129,0.9998779296875,0.5868200076765416,0.005253508207447675,0.5,2.2857816219329834,5.955556869506836,0.006550777703523636,0.004579551517963409,0.029951807111501694,100000
582,-0.2373647540807724,0.2373647540807724,1.0,4.7769455909729,15.301839828491211,-1.677445411682129,1.0,0.5860966834991097,0.005241413392967705,0.5,2.5775184631347656,5.955556869506836,-0.1364710032939911,-0.13826631009578705,0.03037877380847931,100000
583,-0.21085600554943085,0.21085600554943085,1.0,4.793141841888428,14.465765953063965,-2.472079038619995,1.0,0.5853742509031827,0.005229346423602185,0.5,2.206986904144287,5.955556869506836,-0.19311778247356415,-0.19527852535247803,0.030032997950911522,100000
584,-0.22776609659194946,0.22776609659194946,1.0,5.057315826416016,14.74404525756836,-4.26541805267334,1.0,0.5846527087897827,0.005217307235245098,0.5,1.830126166343689,5.955556869506836,-0.2797088027000427,-0.2819640040397644,0.026621825993061066,100000
585,-0.21780702471733093,0.21780702471733093,1.0,4.539085388183594,14.917110443115234,-53.68972396850586,1.0,0.5839320560612856,0.0052052957639380105,0.5,2.515176773071289,5.955556869506836,-0.2098935842514038,-0.21187329292297363,0.029132766649127007,100000
586,-0.21319906413555145,0.21319906413555145,1.0,4.631228446960449,14.688776969909668,-4.07774543762207,1.0,0.583212291621421,0.005193311945869742,0.5,2.5861592292785645,5.955556869506836,-0.038423508405685425,-0.03994685038924217,0.03212984651327133,100000
587,-0.23968522250652313,0.23968522250652313,1.0,5.051183700561523,15.118900299072266,-37.10451889038086,0.9998779296875,0.5824934143752692,0.0051813557173760166,0.5,1.9859113693237305,5.955556869506836,-0.20475062727928162,-0.20672224462032318,0.03556876629590988,100000
588,-0.2151108682155609,0.2151108682155609,1.0,4.803627967834473,14.587803840637207,-7.831121921539307,1.0,0.5817754232292606,0.005169427014939128,0.5,2.2109994888305664,5.955556869506836,-0.23929378390312195,-0.24092666804790497,0.026308197528123856,100000
589,-0.19953985512256622,0.19953985512256622,1.0,4.7033843994140625,14.198681831359863,-2.9240565299987793,1.0,0.581058317091173,0.005157525775187604,0.5,1.7540080547332764,5.955556869506836,-0.08935235440731049,-0.09092729538679123,0.03431004285812378,100000
590,-0.19949311017990112,0.19949311017990112,1.0,4.781691074371338,14.124475479125977,-5.442793369293213,1.0,0.580342094870131,0.005145651934895867,0.5,2.0733160972595215,5.955556869506836,-0.17431265115737915,-0.17582999169826508,0.033679209649562836,100000
591,-0.2997748851776123,0.2997748851776123,1.0,4.798720359802246,17.21456527709961,-23.976028442382812,0.992919921875,0.5796267554766036,0.005133805430983901,0.5,2.427605390548706,5.955556869506836,-0.01915043592453003,-0.020337680354714394,0.034948695451021194,100000
592,-0.2424781769514084,0.2424781769514084,1.0,4.83558464050293,15.405728340148926,-1.1851415634155273,1.0,0.5789122978224028,0.005121986200516918,0.5,2.291512966156006,5.955556869506836,-0.26254022121429443,-0.2639116942882538,0.03437246382236481,100000
593,-0.21355092525482178,0.21355092525482178,1.0,4.899356842041016,14.450542449951172,-2.0599799156188965,0.999267578125,0.578198720820682,0.0051101941807050145,0.5,2.0550012588500977,5.955556869506836,-0.18215233087539673,-0.18349987268447876,0.03808252885937691,100000
594,-0.2476622760295868,0.2476622760295868,1.0,4.737883567810059,15.65706729888916,-14.656442642211914,1.0,0.577486023385934,0.0050984293089028476,0.5,2.1218795776367188,5.955556869506836,-0.2855531573295593,-0.2884918451309204,0.03858334198594093,100000
595,-0.2060711532831192,0.2060711532831192,1.0,4.851154804229736,14.263668060302734,-8.2406005859375,1.0,0.57677420443399,0.005086691522609298,0.5,1.9817957878112793,5.955556869506836,-0.06637313961982727,-0.06827781349420547,0.05132880061864853,100000
596,-0.22553971409797668,0.22553971409797668,1.0,4.657832145690918,15.046271324157715,-91.0570068359375,1.0,0.5760632628820174,0.005074980759467142,0.5,2.2026326656341553,5.955556869506836,-0.02256871946156025,-0.025995317846536636,0.03331122547388077,100000
597,-0.31582963466644287,0.31582963466644287,1.0,4.78465461730957,17.72488021850586,-149.6198272705078,1.0,0.575353197648518,0.005063296957262709,0.5,2.355140209197998,5.955556869506836,-0.15256661176681519,-0.15414074063301086,0.030061330646276474,100000
598,-0.17696431279182434,0.17696431279182434,1.0,4.511377334594727,13.677881240844727,-67.13504028320312,1.0,0.5746440076533273,0.005051640053925569,0.5,1.6732313632965088,5.955556869506836,-0.06621639430522919,-0.06880239397287369,0.037678685039281845,100000
599,-0.22205084562301636,0.22205084562301636,1.0,4.858142852783203,14.752094268798828,-0.8348194360733032,1.0,0.5739356918176116,0.005040009987528185,0.5,2.0503485202789307,5.955556869506836,-0.299152135848999,-0.30122125148773193,0.03005494363605976,100000
600,-0.2029513418674469,0.2029513418674469,1.0,4.744071960449219,14.2665376663208,-133.22511291503906,1.0,0.5732282490638675,0.005028406696285594,0.5,2.135488986968994,5.955556869506836,-0.0696398913860321,-0.07195797562599182,0.02951095998287201,100000
601,-0.25526005029678345,0.25526005029678345,1.0,4.761016845703125,15.870889663696289,-2.088954448699951,0.9998779296875,0.5725216783159195,0.005016830118555081,0.5,2.519688606262207,5.955556869506836,-0.12226132303476334,-0.12388486415147781,0.02614724636077881,100000
602,-0.20997053384780884,0.20997053384780884,1.0,4.683991432189941,14.539758682250977,-1.7865626811981201,1.0,0.5718159784989186,0.0050052801928358375,0.5,2.2855491638183594,5.955556869506836,0.04820738732814789,0.04672141745686531,0.026265567168593407,100000
603,-0.18090775609016418,0.18090775609016418,1.0,4.573731899261475,13.74207878112793,-9.624872207641602,1.0,0.5711111485393406,0.004993756857768654,0.5,1.8171064853668213,5.955556869506836,-0.19440442323684692,-0.19647574424743652,0.03678511828184128,100000
604,-0.23396235704421997,0.23396235704421997,1.0,4.597317695617676,15.363362312316895,-8.38823413848877,1.0,0.5704071873649849,0.004982260052135577,0.5,2.809723138809204,5.955556869506836,0.011393007822334766,0.01011063065379858,0.03500628471374512,100000
605,-0.21434682607650757,0.21434682607650757,1.0,4.768237113952637,14.597024917602539,-25.083757400512695,1.0,0.569704093904972,0.004970789714859598,0.5,2.1290762424468994,5.955556869506836,-0.26314225792884827,-0.2645367980003357,0.04394190013408661,100000
606,-0.22022056579589844,0.22022056579589844,1.0,4.859363555908203,14.694272994995117,-1974.7982177734375,1.0,0.5690018670897429,0.004959345785004318,0.5,2.2818493843078613,5.955556869506836,-0.32310226559638977,-0.32467979192733765,0.04572998732328415,100000
607,-0.21047456562519073,0.21047456562519073,1.0,4.605789661407471,14.628030776977539,-173.60568237304688,0.999755859375,0.5683005058510566,0.004947928201773627,0.5,2.657498836517334,5.955556869506836,-0.18223698437213898,-0.1834293007850647,0.038210563361644745,100000
608,-0.25634461641311646,0.25634461641311646,1.0,4.692187309265137,15.968435287475586,-29.323768615722656,1.0,0.5676000091219889,0.004936536904511385,0.5,2.053459644317627,5.955556869506836,-0.0032861526124179363,-0.00487526785582304,0.034118421375751495,100000
609,-0.17941665649414062,0.17941665649414062,1.0,4.613387107849121,13.659051895141602,-0.5326194763183594,1.0,0.5669003758369308,0.004925171832701094,0.5,1.8238379955291748,5.955556869506836,-0.11923989653587341,-0.12106462568044662,0.03412516042590141,100000
610,-0.2369786947965622,0.2369786947965622,1.0,4.808347702026367,15.26070499420166,-601.5079956054688,1.0,0.5662016049315868,0.004913832925965582,0.5,2.353943109512329,5.955556869506836,-0.16545045375823975,-0.1668691337108612,0.030447930097579956,100000
611,-0.16599205136299133,0.16599205136299133,1.0,4.6556243896484375,13.204021453857422,-43.217987060546875,0.9996337890625,0.5655036953429732,0.0049025201240666776,0.5,1.5532461404800415,3.6485519409179688,-0.20549419522285461,-0.20817814767360687,0.0296549703925848,100000
612,-0.21243979036808014,0.21243979036808014,1.0,4.800561904907227,14.50792407989502,-33.06216812133789,0.9998779296875,0.5648066460094164,0.004891233366904892,0.5,2.205094337463379,5.955556869506836,-0.16298916935920715,-0.1646730601787567,0.02665245532989502,100000
613,-0.22463424503803253,0.22463424503803253,1.0,4.661491870880127,15.014826774597168,-0.6686128377914429,1.0,0.5641104558705519,0.004879972594519101,0.5,2.509204626083374,5.955556869506836,-0.2876550555229187,-0.2892034649848938,0.03772186487913132,100000
614,-0.19316668808460236,0.19316668808460236,1.0,4.642946243286133,14.057450294494629,-5.334792613983154,1.0,0.5634151238673215,0.004868737747086221,0.5,2.2097554206848145,5.955556869506836,0.0014482764527201653,-0.00018557137809693813,0.0318046435713768,100000
615,-0.21913525462150574,0.21913525462150574,1.0,4.653494834899902,14.851943969726562,-15.831290245056152,1.0,0.5627206489419733,0.0048575287649209025,0.5,2.277684211730957,5.955556869506836,-0.04916965961456299,-0.05088543891906738,0.029172008857131004,100000
616,-0.17563626170158386,0.17563626170158386,1.0,4.499911785125732,13.647400856018066,-107.4628677368164,1.0,0.5620270300380584,0.004846345588475199,0.5,2.138633966445923,5.955556869506836,-0.0505729503929615,-0.051999472081661224,0.031280118972063065,100000
617,-0.21951398253440857,0.21951398253440857,1.0,4.687609672546387,14.831974029541016,-9.517727851867676,1.0,0.5613342661004306,0.004835188158338261,0.5,2.2095165252685547,5.955556869506836,-0.19874820113182068,-0.20040680468082428,0.036806199699640274,100000
618,-0.16673262417316437,0.16673262417316437,1.0,4.4108171463012695,13.454421997070312,-51.484527587890625,0.999755859375,0.5606423560752439,0.004824056415236014,0.5,1.7458882331848145,5.955556869506836,-0.13127297163009644,-0.1333598494529724,0.02893364056944847,100000
619,-0.21328413486480713,0.21328413486480713,1.0,4.656282424926758,14.668133735656738,-3.943216562271118,0.9842529296875,0.5599512989099518,0.004812950300030848,0.5,2.1181654930114746,5.955556869506836,0.058890897780656815,0.0571291521191597,0.030240871012210846,100000
620,-0.2572188675403595,0.2572188675403595,1.0,4.637547016143799,16.046279907226562,-19.719987869262695,1.0,0.5592610935533048,0.004801869753721305,0.5,2.187732458114624,5.955556869506836,-0.16504496335983276,-0.166927769780159,0.026659933850169182,100000
621,-0.2385261207818985,0.2385261207818985,1.0,4.778326511383057,15.336524963378906,-337.1372375488281,0.9923095703125,0.5585717389553493,0.004790814717441756,0.5,2.579505681991577,5.955556869506836,-0.08146809786558151,-0.08286689221858978,0.030614707618951797,100000
622,-0.20121461153030396,0.20121461153030396,1.0,4.670968532562256,14.280672073364258,-5.024096965789795,1.0,0.5578832340674258,0.004779785132462099,0.5,2.1373486518859863,5.955556869506836,-0.2162538766860962,-0.21788544952869415,0.027105044573545456,100000
623,-0.21884582936763763,0.21884582936763763,1.0,4.571120262145996,14.91951847076416,-185.68943786621094,1.0,0.5571955778421674,0.004768780940187441,0.5,2.054485559463501,5.955556869506836,-0.1148291528224945,-0.11638781428337097,0.02831433340907097,100000
624,-0.2519717812538147,0.2519717812538147,1.0,4.9119553565979,15.628801345825195,-263.4491882324219,1.0,0.5565087692334985,0.004757802082157787,0.5,2.2113494873046875,5.955556869506836,-0.2795068323612213,-0.2808395326137543,0.029940573498606682,100000
625,-0.23364883661270142,0.23364883661270142,1.0,4.901173114776611,15.071325302124023,-12.339461326599121,1.0,0.5558228071966326,0.004746848500047734,0.5,2.5856940746307373,5.955556869506836,-0.4205790162086487,-0.4229167103767395,0.03075309656560421,100000
626,-0.21865400671958923,0.21865400671958923,1.0,4.73611307144165,14.760272979736328,-4.066807746887207,1.0,0.555137690688071,0.004735920135666156,0.5,2.516969680786133,5.955556869506836,-0.0005211960524320602,-0.0017579675186425447,0.02785322815179825,100000
627,-0.2075366973876953,0.2075366973876953,1.0,4.6796979904174805,14.468368530273438,-5.210629940032959,1.0,0.5544534186656014,0.004725016930955894,0.5,1.9829072952270508,5.955556869506836,-0.18037086725234985,-0.18217706680297852,0.03245065361261368,100000
628,-0.22112950682640076,0.22112950682640076,1.0,4.815157890319824,14.763498306274414,-7.08201789855957,1.0,0.5537699900882962,0.0047141388279934564,0.5,2.287813186645508,5.955556869506836,-0.20217552781105042,-0.2034575194120407,0.03341848403215408,100000
629,-0.2234271913766861,0.2234271913766861,1.0,4.740231513977051,14.904280662536621,-1.6449404954910278,0.9979248046875,0.5530874039165105,0.004703285768988698,0.5,2.4977481365203857,5.955556869506836,-0.6049501895904541,-0.6072177290916443,0.03924936056137085,100000
630,-0.2549111247062683,0.2549111247062683,1.0,4.813807487487793,15.81103229522705,-45.17864990234375,1.0,0.5524056591118814,0.004692457696284526,0.5,2.735515594482422,5.955556869506836,-0.23121894896030426,-0.2324228584766388,0.03184059262275696,100000
631,-0.2298731505870819,0.2298731505870819,1.0,4.798220634460449,15.050043106079102,-101.01734161376953,0.9962158203125,0.5517247546373256,0.004681654552356587,0.5,2.065213680267334,5.955556869506836,-0.5229854583740234,-0.5250337719917297,0.031926095485687256,100000
632,-0.21510501205921173,0.21510501205921173,1.0,4.546736240386963,14.826314926147461,-1.5004193782806396,1.0,0.5510446894570381,0.0046708762798129575,0.5,2.7388734817504883,5.955556869506836,-0.173496812582016,-0.17452286183834076,0.03106776997447014,100000
633,-0.24713322520256042,0.24713322520256042,1.0,4.8386006355285645,15.547101974487305,-73.57084655761719,1.0,0.5503654625364907,0.00466012282139385,0.5,2.2096731662750244,5.955556869506836,-0.0898008793592453,-0.09133373200893402,0.02976166643202305,100000
634,-0.22552987933158875,0.22552987933158875,1.0,4.79405403137207,14.919395446777344,-22.60386085510254,0.998779296875,0.5496870728424302,0.004649394119971296,0.5,2.3579587936401367,5.955556869506836,0.03415808081626892,0.032834213227033615,0.025636814534664154,100000
635,-0.22283726930618286,0.22283726930618286,1.0,4.726893424987793,14.89840316772461,-14.131587028503418,0.9998779296875,0.5490095193428777,0.0046386901185488565,0.5,2.2190804481506348,5.955556869506836,-0.004643210209906101,-0.006015450228005648,0.026016464456915855,100000
636,-0.18133509159088135,0.18133509159088135,1.0,4.706757545471191,13.631712913513184,-4.616768836975098,0.9991455078125,0.5483328010071253,0.004628010760261306,0.5,2.051938533782959,5.955556869506836,-0.1677674800157547,-0.16944600641727448,0.027223344892263412,100000
637,-0.22850163280963898,0.22850163280963898,1.0,4.728379249572754,15.072457313537598,-1.0763444900512695,1.0,0.5476569168057366,0.004617355988374338,0.5,2.5093042850494385,5.955556869506836,-0.1166069507598877,-0.1180693656206131,0.027667861431837082,100000
638,-0.2333100587129593,0.2333100587129593,1.0,4.89802885055542,15.063753128051758,-7.21557092666626,1.0,0.5469818657105432,0.004606725746284263,0.5,1.9078010320663452,5.955556869506836,-0.381056010723114,-0.3828730583190918,0.029040168970823288,100000
639,-0.23060758411884308,0.23060758411884308,1.0,4.827116966247559,15.045940399169922,-8.078603744506836,1.0,0.5463076466946446,0.004596119977517702,0.5,2.5073118209838867,5.955556869506836,-0.07233749330043793,-0.07331986725330353,0.02804214134812355,100000
640,-0.19035056233406067,0.19035056233406067,1.0,4.599882125854492,14.010242462158203,-50.12348937988281,1.0,0.5456342587324059,0.004585538625731299,0.5,1.9794906377792358,5.955556869506836,-0.07212194800376892,-0.07388082891702652,0.029434604570269585,100000
641,-0.18316729366779327,0.18316729366779327,1.0,4.612400054931641,13.776132583618164,-0.8072340488433838,1.0,0.5449617007994565,0.004574981634711406,0.5,1.9871885776519775,5.955556869506836,-0.11998610943555832,-0.12149428576231003,0.03039417415857315,100000
642,-0.21600046753883362,0.21600046753883362,1.0,4.770432949066162,14.646199226379395,-6.380649566650391,1.0,0.5442899718726882,0.004564448948373796,0.5,2.507596969604492,5.955556869506836,-0.05408196896314621,-0.055023279041051865,0.032348841428756714,100000
643,-0.22568288445472717,0.22568288445472717,1.0,4.780318737030029,14.936896324157715,-3.2430834770202637,1.0,0.5436190709302543,0.004553940510763361,0.5,2.585463523864746,5.955556869506836,-0.030580254271626472,-0.03166709467768669,0.026738064363598824,100000
644,-0.2172829806804657,0.2172829806804657,1.0,4.572704315185547,14.86964225769043,-3.7178471088409424,1.0,0.5429489969515673,0.0045434562660538105,0.5,2.201388359069824,5.955556869506836,0.008646408095955849,0.00759882852435112,0.027106571942567825,100000
645,-0.24651403725147247,0.24651403725147247,1.0,4.925457954406738,15.447218894958496,-120.57440948486328,1.0,0.5422797489172979,0.004532996158547387,0.5,2.195589065551758,5.955556869506836,-0.06139045208692551,-0.0624527782201767,0.032577529549598694,100000
646,-8.410916328430176,8.410916328430176,1.0,5.183082580566406,268.07452392578125,-117.47245788574219,0.9991455078125,0.5416113258093731,0.004522560132674557,0.5,2.2853689193725586,5.955556869506836,-0.20852458477020264,-0.2093629390001297,0.03343556076288223,100000
647,-0.1931823343038559,0.1931823343038559,1.0,4.5090107917785645,14.182380676269531,-11.694845199584961,1.0,0.5409437266109749,0.004512148132993722,0.5,2.3626551628112793,5.955556869506836,-0.17695511877536774,-0.17771132290363312,0.03986313194036484,100000
648,-0.21299579739570618,0.21299579739570618,1.0,4.482822895050049,14.82037353515625,-88.7532730102539,1.0,0.5402769503065386,0.004501760104190924,0.5,2.6750993728637695,5.955556869506836,-0.12264542281627655,-0.12379906326532364,0.029934599995613098,100000
649,-0.2542044520378113,0.2542044520378113,1.0,4.879331111907959,15.728263854980469,-39.27292251586914,1.0,0.5396109958817512,0.004491395991079548,0.5,2.301483392715454,5.955556869506836,-0.09147924184799194,-0.09255950152873993,0.025856532156467438,100000
650,-0.197373628616333,0.197373628616333,1.0,4.62985897064209,14.199906349182129,-1.722002625465393,1.0,0.5389458623235502,0.004481055738600038,0.5,1.9665367603302002,5.955556869506836,-0.1962769478559494,-0.19780972599983215,0.027367766946554184,100000
651,-0.21793130040168762,0.21793130040168762,1.0,4.883648872375488,14.60080623626709,-24.98322868347168,1.0,0.5382815486201218,0.004470739291819591,0.5,2.3574514389038086,5.955556869506836,-0.11474192887544632,-0.11579957604408264,0.025412200018763542,100000
652,-2.908579111099243,2.908579111099243,1.0,4.709920883178711,98.0965576171875,-14.357817649841309,1.0,0.537618053760899,0.004460446595931877,0.5,1.7657302618026733,5.955556869506836,-0.12749694287776947,-0.12923564016819,0.026279088109731674,100000
653,-0.16390381753444672,0.16390381753444672,1.0,4.447831153869629,13.332417488098145,-2.5293846130371094,1.0,0.5369553767365609,0.004450177596256739,0.5,1.9006866216659546,5.955556869506836,0.07814153283834457,0.07671882212162018,0.02472618967294693,100000
654,-0.21191763877868652,0.21191763877868652,1.0,4.685318946838379,14.598830223083496,-0.4458562135696411,1.0,0.5362935165390303,0.00443993223823991,0.5,2.5116684436798096,5.955556869506836,-0.18738020956516266,-0.1885678470134735,0.03551604226231575,100000
655,-0.21511100232601166,0.21511100232601166,1.0,4.689591407775879,14.693765640258789,-12.821145057678223,1.0,0.535632472161473,0.00442971046745272,0.5,2.3549041748046875,5.955556869506836,-0.6968916654586792,-0.6986681818962097,0.03413724526762962,100000
656,-0.2375544011592865,0.2375544011592865,1.0,4.757020950317383,15.326227188110352,-19.209033966064453,1.0,0.5349722425982957,0.004419512229591804,0.5,2.263836145401001,5.955556869506836,-0.0828457623720169,-0.08451391756534576,0.030414100736379623,100000
657,-0.20411095023155212,0.20411095023155212,1.0,4.638347625732422,14.400686264038086,-1.5591531991958618,1.0,0.5343128268451444,0.004409337470478818,0.5,2.263500452041626,5.955556869506836,-0.09966637939214706,-0.10087479650974274,0.028195099905133247,100000
658,-0.21406273543834686,0.21406273543834686,1.0,4.604448318481445,14.740409851074219,-20.200225830078125,1.0,0.5336542238989029,0.004399186136060149,0.5,2.2152481079101562,5.955556869506836,-0.08278926461935043,-0.0843886211514473,0.026976916939020157,100000
659,-0.2456236481666565,0.2456236481666565,1.0,4.755419731140137,15.577634811401367,-90.29239654541016,1.0,0.5329964327576924,0.0043890581724066275,0.5,2.737363815307617,5.955556869506836,-0.019522465765476227,-0.020374925807118416,0.03238558769226074,100000
660,-0.2765439748764038,0.2765439748764038,1.0,4.843235015869141,16.453697204589844,-4.8930463790893555,1.0,0.532339452420868,0.004378953525713243,0.5,2.878175973892212,5.955556869506836,-0.003612235188484192,-0.004550507292151451,0.03145255520939827,100000
661,-0.22909197211265564,0.22909197211265564,1.0,4.8239850997924805,15.001909255981445,-3.3300294876098633,0.99853515625,0.5316832818890187,0.004368872142298855,0.5,2.291215658187866,5.955556869506836,-0.25636279582977295,-0.25738948583602905,0.02934514544904232,100000
662,-0.22543950378894806,0.22543950378894806,1.0,4.665915012359619,15.035656929016113,-6.497256278991699,1.0,0.5310279201639655,0.004358813968605911,0.5,2.4334778785705566,5.955556869506836,-0.20226594805717468,-0.20340397953987122,0.030150610953569412,100000
663,-0.2305571734905243,0.2305571734905243,1.0,4.75555944442749,15.11086654663086,-4.899245262145996,0.9984130859375,0.5303733662487592,0.004348778951200159,0.5,2.1334750652313232,5.955556869506836,-0.2545163035392761,-0.2558487057685852,0.02990829385817051,100000
664,-0.29289230704307556,0.29289230704307556,1.0,5.030794143676758,16.7857666015625,-884.6107177734375,0.9998779296875,0.5297196191476802,0.004338767036770369,0.5,2.2759768962860107,5.955556869506836,0.0013067098334431648,0.00021220732014626265,0.030080236494541168,100000
665,-0.33830946683883667,0.33830946683883667,1.0,4.702094554901123,18.497833251953125,-107.59208679199219,1.0,0.5290666778662357,0.004328778172128042,0.5,2.5837950706481934,5.955556869506836,-0.14838840067386627,-0.1494353860616684,0.034217819571495056,100000
666,-0.31547436118125916,0.31547436118125916,1.0,4.942955017089844,17.566789627075195,-535.635009765625,0.99951171875,0.5284145414111591,0.0043188123042071334,0.5,2.5861592292785645,5.955556869506836,-0.04817194119095802,-0.04917840287089348,0.034367941319942474,100000
667,-0.17001956701278687,0.17001956701278687,1.0,4.414275169372559,13.55301284790039,-0.8159502744674683,1.0,0.5277632087904076,0.004308869380063768,0.5,2.145789623260498,5.955556869506836,-0.19163937866687775,-0.19282379746437073,0.03436611592769623,100000
668,-0.23865686357021332,0.23865686357021332,1.0,4.907770156860352,15.22030258178711,-22.721660614013672,1.0,0.5271126790131618,0.00429894934687596,0.5,1.9874355792999268,5.955556869506836,-0.0606793649494648,-0.061796341091394424,0.032432086765766144,100000
669,-0.24892646074295044,0.24892646074295044,1.0,4.864227294921875,15.578828811645508,-14.064549446105957,1.0,0.5264629510898234,0.004289052151943335,0.5,2.3555703163146973,5.955556869506836,-0.13407887518405914,-0.13516005873680115,0.032102346420288086,100000
670,-0.25226056575775146,0.25226056575775146,1.0,4.781105041503906,15.759325981140137,-35.16460037231445,0.999755859375,0.5258140240320136,0.004279177742686845,0.5,2.3592114448547363,5.955556869506836,-0.2019328773021698,-0.2031540721654892,0.02660028450191021,100000
671,-50.420963287353516,50.420963287353516,1.0,5.027436256408691,1569.347900390625,-55.996124267578125,1.0,0.5251658968525723,0.004269326066648489,0.5,2.802440881729126,5.955556869506836,-0.11500400304794312,-0.11578907072544098,0.026419945061206818,100000
672,-0.22947335243225098,0.22947335243225098,1.0,4.855435371398926,14.984498977661133,-10.525257110595703,1.0,0.5245185685655559,0.0042594970714910415,0.5,2.427234172821045,5.955556869506836,-0.42135149240493774,-0.4228418469429016,0.03433690965175629,100000
673,-0.186135396361351,0.186135396361351,1.0,4.594576835632324,13.884620666503906,-20.79754066467285,0.9998779296875,0.5238720381862362,0.0042496907049977654,0.5,2.2173287868499756,5.955556869506836,-0.1457657366991043,-0.1469024270772934,0.036019377410411835,100000
674,-0.1970459371805191,0.1970459371805191,1.0,4.647809028625488,14.173079490661621,-2.607213258743286,1.0,0.523226304731099,0.004239906915072143,0.5,2.129624843597412,5.955556869506836,0.16653484106063843,0.16543644666671753,0.02914539724588394,100000
675,-0.19186168909072876,0.19186168909072876,1.0,4.581517219543457,14.074108123779297,-298.2792663574219,0.9993896484375,0.5225813672178419,0.00423014564973759,0.5,1.8884406089782715,5.955556869506836,-0.04821158945560455,-0.049807723611593246,0.027615834027528763,100000
676,-0.2555887699127197,0.2555887699127197,1.0,4.777204513549805,15.866029739379883,-79.83616638183594,1.0,0.5219372246653738,0.004220406857137191,0.5,2.275752544403076,5.955556869506836,-0.0858948677778244,-0.08727934956550598,0.02900075912475586,100000
677,-0.19379641115665436,0.19379641115665436,1.0,4.75164794921875,13.975953102111816,-5.192116737365723,1.0,0.5212938760938127,0.004210690485533411,0.5,2.2148847579956055,5.955556869506836,-0.08841536939144135,-0.08963602036237717,0.03298535570502281,100000
678,-0.3859241306781769,0.3859241306781769,1.0,5.076227188110352,19.624919891357422,-79.74815368652344,1.0,0.5206513205244843,0.00420099648330783,0.5,2.432192325592041,5.955556869506836,-0.010519549250602722,-0.011646358296275139,0.031876660883426666,100000
679,-0.30221185088157654,0.30221185088157654,1.0,4.947304725646973,17.15198516845703,-17.45285987854004,1.0,0.5200095569799209,0.004191324798960866,0.5,2.5734028816223145,5.955556869506836,-0.031672608107328415,-0.03278195112943649,0.029667966067790985,100000
680,-0.1938723623752594,0.1938723623752594,1.0,4.63680362701416,14.085014343261719,-6.129944324493408,1.0,0.5193685844838594,0.004181675381111502,0.5,2.223475933074951,5.955556869506836,-0.17670680582523346,-0.17811773717403412,0.039377301931381226,100000
681,-0.2356143742799759,0.2356143742799759,1.0,4.767841815948486,15.256086349487305,-23.97975730895996,1.0,0.5187284020612403,0.004172048178497007,0.5,2.3412280082702637,5.955556869506836,-0.007859883829951286,-0.009031928144395351,0.040916696190834045,100000
682,-0.25736933946609497,0.25736933946609497,1.0,4.722109794616699,15.972368240356445,-35.62297058105469,1.0,0.5180890087382055,0.004162443139972678,0.5,2.1214966773986816,5.955556869506836,-0.0360402874648571,-0.037722110748291016,0.029795922338962555,100000
683,-4.124501705169678,4.124501705169678,1.0,4.724071979522705,135.74278259277344,-33.3420524597168,0.999755859375,0.5174504035420979,0.004152860214511549,0.5,2.363124370574951,5.955556869506836,-0.09687255322933197,-0.0979248657822609,0.03226562589406967,100000
684,-0.1988019347190857,0.1988019347190857,1.0,4.535328388214111,14.331976890563965,-7.233556270599365,1.0,0.5168125855014591,0.004143299351204138,0.5,1.833484172821045,5.955556869506836,-0.2181778997182846,-0.21940501034259796,0.03617529943585396,100000
685,-0.21968626976013184,0.21968626976013184,1.0,4.676645755767822,14.847497940063477,-3.803586721420288,1.0,0.516175553646028,0.004133760499258165,0.5,2.285806179046631,5.955556869506836,-0.06845984607934952,-0.06956669688224792,0.02807660587131977,100000
686,-0.2544134259223938,0.2544134259223938,1.0,4.836040496826172,15.774959564208984,-7.6482768058776855,1.0,0.5155393070067393,0.004124243607998287,0.5,2.3577756881713867,5.955556869506836,-0.1628004014492035,-0.16422101855278015,0.028763484209775925,100000
687,-3.320103168487549,1.1937203407287598,0.96875,6.016592979431152,43.770118713378906,-11.750078201293945,0.97216796875,0.5149038446157228,0.004114748626865827,0.5,2.047501802444458,5.955556869506836,-0.1513323038816452,-0.1525791734457016,0.03269197791814804,100000
688,-0.194482684135437,0.194482684135437,1.0,4.536700248718262,14.196928024291992,-9.599454879760742,1.0,0.5142691655063006,0.004105275505418503,0.5,2.1513819694519043,5.955556869506836,-0.12807154655456543,-0.12916341423988342,0.029880348592996597,100000
689,-0.2655981481075287,0.2655981481075287,1.0,4.762137413024902,16.190038681030273,-6.501637935638428,0.99951171875,0.513635268712987,0.004095824193330171,0.5,1.8296960592269897,5.955556869506836,0.006794838234782219,0.005802220664918423,0.028993448242545128,100000
690,-0.23262283205986023,0.23262283205986023,1.0,4.66762638092041,15.256548881530762,-112.24180603027344,1.0,0.5130021532714858,0.004086394640390542,0.5,2.19940185546875,5.955556869506836,0.001593911089003086,0.0006179480697028339,0.03246362507343292,100000
691,-0.27010124921798706,0.27010124921798706,1.0,4.8294830322265625,16.26693344116211,-0.9102256894111633,1.0,0.5123698182186898,0.004076986796504927,0.5,2.651540994644165,5.955556869506836,-0.059543997049331665,-0.06047632172703743,0.0262631606310606,100000
692,-0.29049697518348694,0.29049697518348694,1.0,4.952974319458008,16.783885955810547,-40.6175651550293,0.995849609375,0.5117382625926787,0.004067600611693963,0.5,2.275752544403076,5.955556869506836,-0.11895528435707092,-0.12004769593477249,0.03408752381801605,100000
693,-0.2505778670310974,0.2505778670310974,1.0,4.802063941955566,15.687734603881836,-4.54895544052124,1.0,0.511107485432718,0.0040582360360933555,0.5,1.9715362787246704,5.955556869506836,-0.10914872586727142,-0.11001072824001312,0.030433522537350655,100000
694,-0.20634207129478455,0.20634207129478455,1.0,4.8176422119140625,14.303196907043457,-16.173709869384766,1.0,0.5104774857792574,0.004048893019953608,0.5,1.914380431175232,5.955556869506836,-0.03468409925699234,-0.03605307638645172,0.029103638604283333,100000
695,-0.22196736931800842,0.22196736931800842,1.0,4.779651641845703,14.822440147399902,-6.240421295166016,1.0,0.5098482626739295,0.004039571513639758,0.5,2.4455714225769043,5.955556869506836,-0.08072396367788315,-0.08136755228042603,0.028351642191410065,100000
696,-0.189816415309906,0.189816415309906,1.0,4.806299209594727,13.801905632019043,-10.218838691711426,1.0,0.5092198151595478,0.0040302714676311155,0.5,1.9155659675598145,5.955556869506836,-0.05883050709962845,-0.05959931015968323,0.03741598129272461,100000
697,-0.2505992650985718,0.2505992650985718,1.0,4.76149845123291,15.726089477539062,-36.549129486083984,1.0,0.5085921422801062,0.004020992832520997,0.5,2.1996870040893555,5.955556869506836,0.002863772213459015,0.001889845123514533,0.036406829953193665,100000
698,-0.23986127972602844,0.23986127972602844,1.0,4.845958709716797,15.315037727355957,-16.415496826171875,1.0,0.5079652430807763,0.0040117355590164674,0.5,2.5817224979400635,5.955556869506836,-0.024556173011660576,-0.025482764467597008,0.033798884600400925,100000
699,-0.2928336262702942,0.2928336262702942,1.0,4.820749759674072,16.97911262512207,-40.692386627197266,1.0,0.5073391166079074,0.004002499597938074,0.5,2.5957231521606445,5.955556869506836,0.004619131330400705,0.0035527492873370647,0.042021505534648895,100000
700,-0.20665869116783142,0.20665869116783142,1.0,4.6054816246032715,14.510132789611816,-1.9126124382019043,1.0,0.5067137619090238,0.003993284900219588,0.5,2.223276376724243,5.955556869506836,-0.47890615463256836,-0.4803787171840668,0.03388354927301407,100000
701,-0.2202688455581665,0.2202688455581665,1.0,4.6874799728393555,14.855474472045898,-2.2211899757385254,0.9998779296875,0.5060891780328238,0.0039840914169077405,0.5,2.4213173389434814,5.955556869506836,-0.045530907809734344,-0.0465809591114521,0.03755657374858856,100000
702,-0.3303701877593994,0.3303701877593994,1.0,4.888869762420654,18.078393936157227,-13.672403335571289,1.0,0.5054653640291787,0.003974919099161966,0.5,2.2076826095581055,5.955556869506836,-0.09306052327156067,-0.09363275021314621,0.032480500638484955,100000
703,-0.20267505943775177,0.20267505943775177,1.0,4.671474456787109,14.325434684753418,-3.417616128921509,1.0,0.5048423189491303,0.0039657678982541415,0.5,2.0463573932647705,5.955556869506836,-0.1280185580253601,-0.12904737889766693,0.037576232105493546,100000
704,-0.2176617980003357,0.2176617980003357,1.0,4.525102138519287,14.925604820251465,-0.617740273475647,1.0,0.504220041844891,0.003956637765568329,0.5,2.429365396499634,5.955556869506836,-0.10587316751480103,-0.10708434879779816,0.02557537704706192,100000
705,-0.1851150095462799,0.1851150095462799,1.0,4.649353504180908,13.802122116088867,-34.401695251464844,1.0,0.5035985317698405,0.003947528652600512,0.5,2.130220651626587,5.955556869506836,-0.14696916937828064,-0.14820443093776703,0.033418186008930206,100000
706,-0.24544046819210052,0.24544046819210052,1.0,4.700223922729492,15.623246192932129,-90.46133422851562,1.0,0.502977787778526,0.003938440510958346,0.5,2.58143949508667,5.955556869506836,-0.1339823305606842,-0.13506834208965302,0.023221710696816444,100000
707,-0.3249136805534363,0.3249136805534363,1.0,4.888326644897461,17.909900665283203,-7.949220180511475,1.0,0.5023578089266597,0.003929373292360892,0.5,2.5077362060546875,5.955556869506836,0.036585044115781784,0.035714443773031235,0.025998428463935852,100000
708,-0.19530579447746277,0.19530579447746277,1.0,4.6708478927612305,14.097776412963867,-55.84330368041992,0.999755859375,0.501738594271118,0.003920326948638371,0.5,1.9954577684402466,5.955556869506836,-0.20386873185634613,-0.205295592546463,0.029717151075601578,100000
709,-0.1839854121208191,0.1839854121208191,1.0,4.596061706542969,13.816652297973633,-10.467885971069336,1.0,0.5011201428699397,0.003911301431731898,0.5,1.9858198165893555,5.955556869506836,-0.060421720147132874,-0.061715323477983475,0.025023747235536575,100000
710,-0.20922613143920898,0.20922613143920898,1.0,4.7093400955200195,14.49315071105957,-25.977201461791992,1.0,0.5005024537823246,0.0039022966936932343,0.5,2.2777838706970215,5.955556869506836,-0.06253677606582642,-0.06394286453723907,0.024091335013508797,100000
711,-0.21000990271568298,0.21000990271568298,1.0,4.792417526245117,14.44023323059082,-7.270395755767822,1.0,0.49988552606863235,0.0038933126866845247,0.5,2.2135467529296875,5.955556869506836,-0.04590268433094025,-0.047421712428331375,0.026263302192091942,100000
712,-0.19058218598365784,0.19058218598365784,1.0,4.596137046813965,14.020896911621094,-5.265759468078613,0.9998779296875,0.4992693587903806,0.0038843493629780517,0.5,2.1371572017669678,5.955556869506836,-0.011123021133244038,-0.012645016424357891,0.02493177354335785,100000
713,-0.18432626128196716,0.18432626128196716,1.0,4.504964828491211,13.91185188293457,-22.716821670532227,1.0,0.4986539510102438,0.003875406674955977,0.5,2.365382194519043,5.955556869506836,0.047247543931007385,0.04638341814279556,0.0281674861907959,100000
714,-0.2681729793548584,0.2681729793548584,1.0,4.76012659072876,16.27165412902832,-4.680275917053223,1.0,0.498039301792052,0.003866484575110091,0.5,2.806082010269165,5.955556869506836,-0.28797096014022827,-0.2890070080757141,0.025090878829360008,100000
715,-0.23069635033607483,0.23069635033607483,1.0,4.8555097579956055,15.022307395935059,-3.04754638671875,0.9998779296875,0.49742541020078906,0.0038575830160415565,0.5,2.436066150665283,5.955556869506836,-0.05550723522901535,-0.05650566518306732,0.0294051431119442,100000
716,-0.25384941697120667,0.25384941697120667,1.0,4.96278715133667,15.639724731445312,-3.969241142272949,1.0,0.49681227530259114,0.003848701950460663,0.5,2.8157458305358887,5.955556869506836,-0.15589562058448792,-0.15697012841701508,0.02581922523677349,100000
717,-0.21188963949680328,0.21188963949680328,1.0,4.622783660888672,14.656068801879883,-1.2607907056808472,0.9996337890625,0.4961998961647459,0.0038398413311865687,0.5,2.5094761848449707,5.955556869506836,-0.3134114444255829,-0.3151795268058777,0.03544747456908226,100000
718,-0.20104730129241943,0.20104730129241943,1.0,4.710330009460449,14.238916397094727,-14.436300277709961,1.0,0.49558827185569015,0.0038310011111470548,0.5,2.1274523735046387,5.955556869506836,-0.06080068275332451,-0.06190923601388931,0.02823657914996147,100000
719,-0.21675841510295868,0.21675841510295868,1.0,4.774104118347168,14.666263580322266,-4.618886947631836,1.0,0.4949774014450096,0.003822181243378276,0.5,1.5459051132202148,5.955556869506836,-0.37181705236434937,-0.37367069721221924,0.023719128221273422,100000
720,-0.2090429812669754,0.2090429812669754,1.0,4.777796745300293,14.423871040344238,-30.748580932617188,0.9998779296875,0.4943672840034364,0.0038133816810245053,0.5,2.441606044769287,5.955556869506836,0.0194197166711092,0.01844647526741028,0.02457830123603344,100000
721,-0.16473735868930817,0.16473735868930817,1.0,4.355957984924316,13.443597793579102,-23.26784896850586,1.0,0.49375791860284807,0.0038046023773378895,0.5,1.9794731140136719,5.955556869506836,-0.20300312340259552,-0.20424135029315948,0.02338992804288864,100000
722,-0.20795175433158875,0.20795175433158875,1.0,4.697453498840332,14.464725494384766,-6.549169063568115,1.0,0.49314930431626636,0.003795843285678201,0.5,2.4471397399902344,5.955556869506836,0.023050518706440926,0.022051436826586723,0.026173003017902374,100000
723,-0.19287802278995514,0.19287802278995514,1.0,4.849831581115723,13.856281280517578,-64.43170928955078,1.0,0.4925414402178555,0.0037871043595125897,0.5,1.903744101524353,5.955556869506836,-0.050543271005153656,-0.05163976177573204,0.028963230550289154,100000
724,-0.20144662261009216,0.20144662261009216,1.0,4.796639442443848,14.171089172363281,-21.940319061279297,1.0,0.4919343253829212,0.0037783855524153327,0.5,1.9119248390197754,5.955556869506836,-0.10172565281391144,-0.10311716049909592,0.02806101180613041,100000
725,-0.21214094758033752,0.21214094758033752,1.0,4.799817085266113,14.499361038208008,-8.53248405456543,1.0,0.4913279588879085,0.003769686818067592,0.5,2.2016775608062744,5.955556869506836,-0.14736582338809967,-0.14858607947826385,0.029742246493697166,100000
726,-0.18001681566238403,0.18001681566238403,1.0,4.569258689880371,13.71864128112793,-7.6280670166015625,1.0,0.4907223398104012,0.003761008110257165,0.5,1.5850117206573486,5.955556869506836,-0.11445014923810959,-0.11590832471847534,0.029741156846284866,100000
727,-0.3384695053100586,0.3384695053100586,1.0,4.722102165222168,18.48419952392578,-0.6061789393424988,1.0,0.4901174672291198,0.003752349382878241,0.5,1.9745651483535767,5.955556869506836,0.0035214838571846485,0.0024716209154576063,0.027426114305853844,100000
728,-0.40341854095458984,0.40341854095458984,1.0,4.847196578979492,20.37955665588379,-7.8572998046875,1.0,0.4895133402239207,0.003743710589931158,0.5,2.2871503829956055,5.955556869506836,-0.0745699405670166,-0.07565705478191376,0.029975824058055878,100000
729,-0.19564704596996307,0.19564704596996307,1.0,4.783041954040527,14.004100799560547,-4.121101379394531,1.0,0.4889099578757943,0.0037350916855221523,0.5,2.2154476642608643,5.955556869506836,-0.1891249716281891,-0.19019195437431335,0.03241358697414398,100000
730,-0.18922461569309235,0.18922461569309235,1.0,4.5807294845581055,13.993165016174316,-5.145427703857422,1.0,0.48830731926686377,0.003726492623863121,0.5,2.053473949432373,5.955556869506836,-0.06570262461900711,-0.06710869818925858,0.029569538310170174,100000
731,-0.19339948892593384,0.19339948892593384,1.0,4.580667018890381,14.122527122497559,-88.77587127685547,1.0,0.4877054234803837,0.003717913359271375,0.5,2.363265037536621,5.955556869506836,-0.09664171189069748,-0.09740466624498367,0.027830829843878746,100000
732,-0.22055388987064362,0.22055388987064362,1.0,4.637931823730469,14.910341262817383,-4.2652177810668945,1.0,0.48710426960073866,0.003709353846169397,0.5,2.5738658905029297,5.955556869506836,-0.10974098742008209,-0.11055436730384827,0.027708105742931366,100000
733,-0.5752149820327759,0.5752149820327759,1.0,4.681820869445801,25.854068756103516,-135.979736328125,1.0,0.486503856713442,0.0037008140390846034,0.5,2.192154884338379,5.955556869506836,-0.09518358111381531,-0.09604799747467041,0.031766317784786224,100000
734,-0.46445709466934204,0.46445709466934204,1.0,4.792388439178467,22.320960998535156,-154.9452667236328,1.0,0.48590418390513396,0.003692293892649095,0.5,2.141493797302246,5.955556869506836,0.05328654125332832,0.052631642669439316,0.02594459429383278,100000
735,-0.6164147257804871,0.6164147257804871,1.0,4.700448513031006,27.112794876098633,-35.72229766845703,0.998291015625,0.48530525026358085,0.003683793361599423,0.5,2.4351789951324463,5.955556869506836,-0.2240980863571167,-0.2247447371482849,0.03397388011217117,100000
736,-0.29157406091690063,0.29157406091690063,1.0,4.887637138366699,16.877952575683594,-47.41746139526367,0.9827880859375,0.48470705487767335,0.003675312400776343,0.5,2.42820143699646,5.955556869506836,-0.1269453912973404,-0.1279672384262085,0.032952554523944855,100000
737,-0.2255004346370697,0.2255004346370697,1.0,4.537233352661133,15.157110214233398,-961.9254760742188,1.0,0.4841095968374251,0.00366685096512458,0.5,2.7372639179229736,5.955556869506836,0.09691449254751205,0.09465624392032623,0.04254785180091858,100000
738,-0.20857933163642883,0.20857933163642883,1.0,4.795011520385742,14.393516540527344,-49.16214370727539,0.999755859375,0.4835128752339716,0.003658409009692587,0.5,2.277096748352051,5.955556869506836,-0.15502497553825378,-0.15622244775295258,0.03528997302055359,100000
739,-0.18889358639717102,0.18889358639717102,1.0,4.432250499725342,14.120872497558594,-0.9334918856620789,0.9996337890625,0.48291688915956843,0.0036499864896323048,0.5,2.2867016792297363,5.955556869506836,-0.05329107865691185,-0.05449526011943817,0.024921735748648643,100000
740,-0.2031734734773636,0.2031734734773636,1.0,4.609500885009766,14.398454666137695,-10.216803550720215,1.0,0.48232163770759023,0.003641583360198926,0.5,2.10380220413208,5.955556869506836,-0.4498533606529236,-0.4511927664279938,0.023421674966812134,100000
741,-0.2653442621231079,0.2653442621231079,1.0,4.501305103302002,16.424530029296875,-8.225142478942871,0.99853515625,0.481727119972529,0.003633199576750655,0.5,2.518817901611328,5.955556869506836,-0.15708959102630615,-0.15796642005443573,0.021093621850013733,100000
742,-0.21020309627056122,0.21020309627056122,1.0,4.625576019287109,14.601239204406738,-4.292839050292969,0.9984130859375,0.4811333350499929,0.0036248350947484737,0.5,2.1312930583953857,5.955556869506836,-0.16402757167816162,-0.164981871843338,0.03201255574822426,100000
743,-0.2161543071269989,0.2161543071269989,1.0,4.6612467765808105,14.752415657043457,-8.111766815185547,1.0,0.4805402820367051,0.003616489869755903,0.5,2.135305643081665,5.955556869506836,0.05895385891199112,0.05793751776218414,0.027931351214647293,100000
744,-0.19397558271884918,0.19397558271884918,1.0,4.643674850463867,14.081826210021973,-33.871360778808594,1.0,0.479947960030502,0.003608163857438766,0.5,1.9796903133392334,5.955556869506836,-0.14999671280384064,-0.15117597579956055,0.02465716004371643,100000
745,-0.1705278605222702,0.1705278605222702,1.0,4.513298511505127,13.47674560546875,-7.956513404846191,1.0,0.47935636813033194,0.003599857013564954,0.5,1.8228263854980469,5.955556869506836,-0.09656727313995361,-0.09837409108877182,0.0230413768440485,100000
746,-0.24023675918579102,0.24023675918579102,1.0,4.670510292053223,15.48968505859375,-131.11865234375,1.0,0.4787655054362539,0.0035915692940041923,0.5,2.347383499145508,5.955556869506836,-0.043250665068626404,-0.04416898638010025,0.02722972258925438,100000
747,-0.1891764998435974,0.1891764998435974,1.0,4.431821346282959,14.130033493041992,-112.58967590332031,1.0,0.4781753710494363,0.0035833006547278013,0.5,2.5268874168395996,5.955556869506836,-0.019354799762368202,-0.020434584468603134,0.02725646272301674,100000
748,-0.2548842132091522,0.2548842132091522,1.0,4.893109321594238,15.736515045166016,-1.360376000404358,1.0,0.4775859640721555,0.00357505105180847,0.5,2.423607349395752,5.955556869506836,-0.03640802949666977,-0.03747399151325226,0.0330522395670414,100000
749,-0.251647412776947,0.251647412776947,1.0,4.521638870239258,15.981417655944824,-4.240258693695068,1.0,0.47699728360779414,0.003566820441420016,0.5,2.345299243927002,5.955556869506836,-0.0440954826772213,-0.04495713859796524,0.03608623519539833,100000
750,-0.3430086374282837,0.3430086374282837,1.0,4.642004013061523,18.699207305908203,-35.119422912597656,1.0,0.47640932876084036,0.003558608779837156,0.5,2.3591527938842773,5.955556869506836,-0.061372943222522736,-0.06217043101787567,0.03364581614732742,100000
751,-0.20271548628807068,0.20271548628807068,1.0,4.591095924377441,14.401371002197266,-17.841333389282227,0.9996337890625,0.47582209863688596,0.0035504160234352705,0.5,2.363872528076172,5.955556869506836,-0.20459389686584473,-0.20542427897453308,0.03179240971803665,100000
752,-0.2583726644515991,0.2583726644515991,1.0,4.969428062438965,15.773648262023926,-44.23823547363281,0.99951171875,0.475235592342625,0.003542242128690176,0.5,2.21397066116333,5.955556869506836,-0.08483516424894333,-0.08577025681734085,0.03352449834346771,100000
753,-0.19927078485488892,0.19927078485488892,1.0,4.627978801727295,14.260412216186523,-6.563295841217041,1.0,0.47464980898585324,0.0035340870521778926,0.5,2.1193385124206543,5.955556869506836,-0.20503118634223938,-0.20612716674804688,0.03464168682694435,100000
754,-1.0093258619308472,1.0093258619308472,1.0,5.149062156677246,38.865150451660156,-38.259979248046875,0.9989013671875,0.47406474767546564,0.0035259507505744116,0.5,2.357701539993286,5.955556869506836,-0.18688860535621643,-0.1877407729625702,0.04533517733216286,100000
755,-0.6629921197891235,0.6629921197891235,1.0,5.027170181274414,28.251808166503906,-97.8497314453125,1.0,0.47348040752145565,0.0035178331806554664,0.5,1.5998634099960327,5.955556869506836,-0.025712385773658752,-0.027018597349524498,0.03691363334655762,100000
756,-0.211652472615242,0.211652472615242,1.0,4.800414085388184,14.48367691040039,-123.83181762695312,1.0,0.47289678763491394,0.0035097342992963026,0.5,2.283517599105835,5.955556869506836,-0.08252841234207153,-0.08350106328725815,0.03257176652550697,100000
757,-0.2714833617210388,0.2714833617210388,1.0,4.701806545257568,16.42837142944336,-35.408111572265625,1.0,0.47231388712802663,0.003501654063471449,0.5,2.05106258392334,5.955556869506836,-0.42392784357070923,-0.42515885829925537,0.03626728057861328,100000
758,-0.22366230189800262,0.22366230189800262,1.0,4.641450881958008,15.003344535827637,-4.527709484100342,1.0,0.4717317051140745,0.0034935924302544907,0.5,2.4238314628601074,5.955556869506836,0.04787847399711609,0.04704303294420242,0.04463502764701843,100000
759,-0.250358521938324,0.250358521938324,1.0,4.798791408538818,15.683982849121094,-128.5091094970703,0.9791259765625,0.4711502407074309,0.003485549356817839,0.5,2.1977062225341797,5.955556869506836,-0.40536099672317505,-0.40830084681510925,0.03207840025424957,100000
760,-0.2060256451368332,0.2060256451368332,1.0,4.997800350189209,14.125999450683594,-23.500125885009766,1.0,0.47056949302356116,0.003477524800432502,0.5,1.8333628177642822,5.955556869506836,0.044683922082185745,0.04343588650226593,0.032616958022117615,100000
761,-0.2736484110355377,0.2736484110355377,1.0,4.819429874420166,16.386137008666992,-74.94879913330078,0.9998779296875,0.46998946117902074,0.0034695187184678633,0.5,2.510124683380127,5.955556869506836,-0.4457555115222931,-0.4466915726661682,0.025697847828269005,100000
762,-0.2317507565021515,0.2317507565021515,1.0,4.961483001708984,14.956500053405762,-11.648517608642578,0.9991455078125,0.4694101442914541,0.0034615310683914504,0.5,2.061422109603882,5.955556869506836,-0.0584772452712059,-0.059606876224279404,0.02782207727432251,100000
763,-0.1750582754611969,0.1750582754611969,1.0,4.612796783447266,13.524612426757812,-0.7976512312889099,1.0,0.4688315414795933,0.0034535618077687113,0.5,2.0018436908721924,5.955556869506836,-0.1090339720249176,-0.1104583591222763,0.0222771093249321,100000
764,-0.23466981947422028,0.23466981947422028,1.0,4.610354423522949,15.373161315917969,-8.444878578186035,0.9998779296875,0.46825365186325657,0.0034456108942627884,0.5,2.809399127960205,5.955556869506836,-0.03616378828883171,-0.037036996334791183,0.02864416502416134,100000
765,-0.21024923026561737,0.21024923026561737,1.0,4.6983323097229,14.535066604614258,-4.440677642822266,0.9981689453125,0.46767647456334727,0.0034376782856342927,0.5,1.9727064371109009,5.955556869506836,-0.01060080248862505,-0.012009694240987301,0.024957694113254547,100000
766,-0.2077437937259674,0.2077437937259674,1.0,4.504066467285156,14.637971878051758,-1.3343678712844849,1.0,0.4671000087018522,0.0034297639397410803,0.5,2.6692352294921875,5.955556869506836,0.11452421545982361,0.11383726447820663,0.02634275332093239,100000
767,-0.2688318192958832,0.2688318192958832,1.0,5.025219440460205,16.045747756958008,-1.1379584074020386,1.0,0.46652425340184034,0.003421867814538029,0.5,2.2057485580444336,5.955556869506836,0.010393278673291206,0.009266640059649944,0.02558199129998684,100000
768,-0.22164663672447205,0.22164663672447205,1.0,4.762529373168945,14.828414916992188,-3.7525951862335205,1.0,0.4659492077874619,0.003413989868076815,0.5,2.3683595657348633,5.955556869506836,0.060029227286577225,0.0588943250477314,0.027619168162345886,100000
769,-0.20425677299499512,0.20425677299499512,1.0,4.758003234863281,14.294023513793945,-174.09861755371094,0.9998779296875,0.46537487098394636,0.003406130058505689,0.5,1.8315948247909546,5.955556869506836,-0.1544666290283203,-0.15564754605293274,0.02981286495923996,100000
770,-0.23592136800289154,0.23592136800289154,1.0,4.597634315490723,15.423744201660156,-3.6638412475585938,1.0,0.46480124211760154,0.003398288344069253,0.5,2.295478343963623,5.955556869506836,-0.11810706555843353,-0.11909174919128418,0.031608946621418,100000
771,-0.25364208221435547,0.25364208221435547,1.0,4.468855381011963,16.092241287231445,-1.1500582695007324,1.0,0.4642283203158122,0.0033904646831082416,0.5,2.0490260124206543,5.955556869506836,-0.12547340989112854,-0.1264127492904663,0.02748757041990757,100000
772,-0.27351269125938416,0.27351269125938416,1.0,4.819536209106445,16.381834030151367,-37.5429801940918,0.9998779296875,0.4636561047070388,0.0033826590340592963,0.5,2.1254796981811523,5.955556869506836,-0.09066475927829742,-0.09167608618736267,0.02912566438317299,100000
773,-0.5863007307052612,0.5863007307052612,1.0,4.8494367599487305,26.041677474975586,-286.2466125488281,1.0,0.46308459442081584,0.0033748713554547505,0.5,1.8342911005020142,5.955556869506836,-0.07020054757595062,-0.07132603228092194,0.029123719781637192,100000
774,-0.23791250586509705,0.23791250586509705,1.0,4.541501998901367,15.537568092346191,-1.485715389251709,0.9998779296875,0.46251378858775116,0.003367101605922405,0.5,2.275613784790039,5.955556869506836,-0.009820799343287945,-0.01050846092402935,0.029686028137803078,100000
775,-0.21670091152191162,0.21670091152191162,1.0,4.562164306640625,14.861408233642578,-2.2522449493408203,1.0,0.4619436863395238,0.0033593497441853073,0.5,2.2103450298309326,5.955556869506836,0.021751683205366135,0.021112702786922455,0.02757498249411583,100000
776,-0.24746505916118622,0.24746505916118622,1.0,4.723555564880371,15.66427230834961,-5.002047538757324,1.0,0.4613742868088835,0.003351615729061536,0.5,2.441234588623047,5.955556869506836,-0.026251807808876038,-0.027109505608677864,0.02475884184241295,100000
777,-0.25152480602264404,0.25152480602264404,1.0,4.901911735534668,15.624289512634277,-26.63556671142578,1.0,0.4608055891296484,0.0033438995194639788,0.5,2.67008113861084,5.955556869506836,-0.03601216524839401,-0.036730505526065826,0.02217940241098404,100000
778,-0.2772153615951538,0.2772153615951538,1.0,4.550310134887695,16.746665954589844,-19.877479553222656,0.9998779296875,0.46023759243670515,0.0033362010744001176,0.5,2.3690738677978516,5.955556869506836,-0.021703176200389862,-0.022583557292819023,0.025382746011018753,100000
779,-0.20653264224529266,0.20653264224529266,1.0,4.651244163513184,14.46370792388916,-98.73847198486328,0.994873046875,0.459670295866006,0.0033285203529718073,0.5,2.215123414993286,5.955556869506836,-0.12861180305480957,-0.1295512467622757,0.02651284821331501,100000
780,-0.2523907423019409,0.2523907423019409,1.0,4.575050354003906,15.954814910888672,-30.353168487548828,1.0,0.4591036985545687,0.0033208573143750602,0.5,2.5210819244384766,5.955556869506836,0.08868793398141861,0.08788739144802094,0.02584879845380783,100000
781,-0.21558961272239685,0.21558961272239685,1.0,4.714599609375,14.685352325439453,-57.568565368652344,0.9862060546875,0.45853779964047436,0.003313211917899829,0.5,2.2059144973754883,5.955556869506836,-0.10813140869140625,-0.10921100527048111,0.032946497201919556,100000
782,-0.2362985908985138,0.2362985908985138,1.0,4.957488059997559,15.101066589355469,-6.339961528778076,1.0,0.45797259826286685,0.0033055841229297895,0.5,2.657604694366455,5.955556869506836,-0.12118281424045563,-0.1219668835401535,0.03897725045681,100000
783,-0.26876693964004517,0.26876693964004517,1.0,4.93936824798584,16.12350845336914,-152.6336212158203,1.0,0.45740809356195106,0.003297973888942129,0.5,2.0432791709899902,5.955556869506836,0.05346701294183731,0.052353404462337494,0.02637970820069313,100000
784,-0.2071707844734192,0.2071707844734192,1.0,4.794640064239502,14.350235939025879,-142.4517059326172,0.9998779296875,0.4568442846789915,0.003290381175507325,0.5,2.2969799041748047,5.955556869506836,-0.11102861166000366,-0.11210594326257706,0.032335877418518066,100000
785,-0.19263140857219696,0.19263140857219696,1.0,4.740869522094727,13.949885368347168,-7.603986740112305,1.0,0.45628117075631136,0.003282805942288934,0.5,1.8237659931182861,5.955556869506836,-0.10458370298147202,-0.10574738681316376,0.028567172586917877,100000
786,-0.2029055953025818,0.2029055953025818,1.0,4.61631965637207,14.38382339477539,-3.0640482902526855,0.9998779296875,0.455718750937291,0.0032752481490433754,0.5,2.135347843170166,5.955556869506836,-0.20787641406059265,-0.20890077948570251,0.02967650070786476,100000
787,-0.21964257955551147,0.21964257955551147,1.0,4.64186954498291,14.878458023071289,-0.7811499834060669,0.9957275390625,0.45515702436636646,0.0032677077556197225,0.5,2.361416816711426,5.955556869506836,-0.3799627125263214,-0.38109034299850464,0.041698820888996124,100000
788,-0.2236945927143097,0.2236945927143097,1.0,4.629368305206299,15.015571594238281,-1.2820425033569336,1.0,0.45459599018902863,0.0032601847219594815,0.5,2.5890634059906006,5.955556869506836,-0.06662878394126892,-0.06718651950359344,0.030466552823781967,100000
789,-0.26418137550354004,0.26418137550354004,1.0,4.873112678527832,16.043046951293945,-219.12417602539062,1.0,0.4540356475518215,0.0032526790080963847,0.5,2.282073497772217,5.955556869506836,-0.4742772579193115,-0.4758506119251251,0.04324968159198761,100000
790,-0.18272483348846436,0.18272483348846436,1.0,4.543997764587402,13.825984954833984,-2.0020816326141357,1.0,0.45347599560234125,0.0032451905741561755,0.5,2.0476016998291016,5.955556869506836,-0.09067841619253159,-0.0916777104139328,0.029269453138113022,100000
791,-0.2312513291835785,0.2312513291835785,1.0,4.627283096313477,15.251555442810059,-11.563626289367676,1.0,0.4529170334892345,0.0032377193803563957,0.5,1.9918968677520752,5.955556869506836,-0.08269646763801575,-0.08352042734622955,0.030382225289940834,100000
792,-0.24110141396522522,0.24110141396522522,1.0,4.719768047332764,15.470697402954102,-160.44190979003906,1.0,0.45235876036219735,0.003230265387006181,0.5,2.1343445777893066,5.955556869506836,-0.0999346524477005,-0.1009405329823494,0.027834303677082062,100000
793,-0.21579009294509888,0.21579009294509888,1.0,4.583310127258301,14.81355094909668,-10.207377433776855,1.0,0.4518011753719741,0.0032228285545060392,0.5,2.201394557952881,5.955556869506836,-0.18425093591213226,-0.1852956861257553,0.03106571175158024,100000
794,-0.19075673818588257,0.19075673818588257,1.0,4.658891201019287,13.967992782592773,-2.412034749984741,1.0,0.45124427767035585,0.0032154088433476477,0.5,2.1429295539855957,5.955556869506836,-0.10328157246112823,-0.10426069796085358,0.025136472657322884,100000
795,-0.5190765857696533,0.5190765857696533,1.0,4.654878616333008,24.140396118164062,-7.714475154876709,1.0,0.4506880664101789,0.0032080062141136407,0.5,2.0493502616882324,5.955556869506836,-0.07708577811717987,-0.0778399333357811,0.025182247161865234,100000
796,-0.19832280278205872,0.19832280278205872,1.0,4.607739448547363,14.249856948852539,-7.505643844604492,1.0,0.4501325407453242,0.003200620627477401,0.5,2.12556791305542,5.955556869506836,-0.08260224759578705,-0.08329702913761139,0.024301886558532715,100000
797,-0.22081702947616577,0.22081702947616577,1.0,4.721353530883789,14.840980529785156,-7.189327716827393,1.0,0.44957769983071544,0.0031932520442028525,0.5,2.287813186645508,5.955556869506836,-0.11977005004882812,-0.12047924846410751,0.02543938159942627,100000
798,-0.2318962812423706,0.2318962812423706,1.0,4.887872695922852,15.029402732849121,-29.580997467041016,1.0,0.449023542822318,0.003185900425144245,0.5,1.8317028284072876,5.955556869506836,-0.07955505698919296,-0.08037140220403671,0.02439161390066147,100000
799,-0.22286337614059448,0.22286337614059448,1.0,4.75729513168335,14.870963096618652,-53.077571868896484,1.0,0.44847006887713764,0.003178565731245956,0.5,2.295186996459961,5.955556869506836,-0.06601005792617798,-0.06669842451810837,0.026491664350032806,100000
800,-0.21577611565589905,0.21577611565589905,1.0,4.66340446472168,14.738697052001953,-2.3017852306365967,1.0,0.4479172771532191,0.0031712479235422755,0.5,2.223443031311035,5.955556869506836,-0.06395077705383301,-0.06481260806322098,0.025434203445911407,100000
801,-0.2533649504184723,0.2533649504184723,1.0,4.528018951416016,16.0286865234375,-3.1370890140533447,1.0,0.447365166809645,0.003163946963157201,0.5,2.483847141265869,5.955556869506836,-0.35010069608688354,-0.3508475124835968,0.025999095290899277,100000
802,-0.21384388208389282,0.21384388208389282,1.0,4.867973804473877,14.488774299621582,-202.41143798828125,1.0,0.44681373700653465,0.003156662811304235,0.5,2.1365673542022705,5.955556869506836,-0.10289880633354187,-0.10358892381191254,0.02869553491473198,100000
803,-0.24720099568367004,0.24720099568367004,1.0,4.635650634765625,15.737770080566406,-11.348785400390625,1.0,0.44626298690504235,0.0031493954292861727,0.5,2.433377981185913,5.955556869506836,-0.0017251784447580576,-0.0024096311535686255,0.022097600623965263,100000
804,-0.1778332144021988,0.1778332144021988,1.0,4.62512731552124,13.599100112915039,-3.4752626419067383,1.0,0.4457129156673566,0.003142144778494901,0.5,1.8295714855194092,5.955556869506836,-0.12658369541168213,-0.1273900717496872,0.028489889577031136,100000
805,-0.19244176149368286,0.19244176149368286,1.0,4.551872253417969,14.119619369506836,-4.779106140136719,0.9951171875,0.4451635224566984,0.003134910820411191,0.5,1.9026769399642944,5.955556869506836,-0.17172780632972717,-0.17246702313423157,0.027548352256417274,100000
806,-0.19157510995864868,0.19157510995864868,1.0,4.673092842102051,13.980145454406738,-8.276564598083496,1.0,0.44461480643732026,0.0031276935166044935,0.5,1.893204689025879,5.955556869506836,-0.10972858965396881,-0.1104825958609581,0.031362973153591156,100000
807,-0.338809072971344,0.338809072971344,1.0,4.905215263366699,18.324575424194336,-20.91301155090332,1.0,0.4440667667745049,0.0031204928287327377,0.5,2.2759768962860107,5.955556869506836,-0.038975346833467484,-0.03964029625058174,0.026981670409440994,100000
808,-0.20612996816635132,0.20612996816635132,1.0,4.758201599121094,14.351856231689453,-10.340579986572266,1.0,0.4435194026345639,0.0031133087185421233,0.5,1.8985552787780762,5.955556869506836,0.033394552767276764,0.03262237459421158,0.03089892491698265,100000
809,-0.4649660289287567,0.4649660289287567,1.0,4.837278842926025,22.295011520385742,-29.691022872924805,1.0,0.4429727131848365,0.0031061411478669203,0.5,2.20790696144104,5.955556869506836,-0.05696042254567146,-0.057781826704740524,0.029442645609378815,100000
810,-0.29641973972320557,0.29641973972320557,1.0,4.904336929321289,17.012516021728516,-18.59017562866211,1.0,0.4424266975936881,0.003098990078629264,0.5,2.503994941711426,5.955556869506836,-0.05637248232960701,-0.057148903608322144,0.027719035744667053,100000
811,-0.16357946395874023,0.16357946395874023,1.0,4.669008255004883,13.116863250732422,-8.033275604248047,1.0,0.4418813550305093,0.0030918554728389547,0.5,1.7797977924346924,5.955556869506836,-0.007467871531844139,-0.008286744356155396,0.03125923126935959,100000
812,-0.23166607320308685,0.23166607320308685,1.0,4.638527870178223,15.253952026367188,-5.480711936950684,1.0,0.44133668466571463,0.0030847372925932566,0.5,2.047329902648926,5.955556869506836,-0.018885066732764244,-0.019366063177585602,0.02710246667265892,100000
813,-0.2786887288093567,0.2786887288093567,1.0,5.011543273925781,16.36374282836914,-199.77915954589844,0.998291015625,0.4407926856707412,0.003077635500076692,0.5,2.2675716876983643,5.955556869506836,-0.4297851324081421,-0.43071240186691284,0.03407837823033333,100000
814,-0.3468223810195923,0.3468223810195923,1.0,4.887493133544922,18.589229583740234,-78.63728332519531,1.0,0.44024935721804714,0.003070550057560846,0.5,2.6693267822265625,5.955556869506836,-0.03265823423862457,-0.03313819691538811,0.030706988647580147,100000
815,-0.19996534287929535,0.19996534287929535,1.0,4.489518165588379,14.410575866699219,-43.18897247314453,1.0,0.4397066984811108,0.0030634809274041608,0.5,2.295419692993164,5.955556869506836,0.013384979218244553,0.012737171724438667,0.03376493602991104,100000
816,-0.32413890957832336,0.32413890957832336,1.0,4.717680931091309,18.044462203979492,-59.659523010253906,1.0,0.4391647086344294,0.0030564280720517395,0.5,2.042881965637207,5.955556869506836,-0.0727986991405487,-0.07367541640996933,0.03983113542199135,100000
817,-0.2116272896528244,0.2116272896528244,1.0,4.682392120361328,14.592557907104492,-3.4496965408325195,1.0,0.4386233868535176,0.0030493914540351474,0.5,2.36100435256958,5.955556869506836,-0.03213703632354736,-0.03290049359202385,0.03453600034117699,100000
818,-0.24836109578609467,0.24836109578609467,1.0,4.9059038162231445,15.52259349822998,-81.28494262695312,1.0,0.43808273231490635,0.003042371035972209,0.5,2.7317824363708496,5.955556869506836,-0.2465084046125412,-0.24711540341377258,0.031696196645498276,100000
819,-34.396156311035156,34.396156311035156,1.0,5.333568572998047,1072.74560546875,-38.80632400512695,1.0,0.43754274419614153,0.003035366780566811,0.5,2.499607801437378,5.955556869506836,0.1098584234714508,0.10922238230705261,0.03114379197359085,100000
820,-0.23800431191921234,0.23800431191921234,1.0,4.736190319061279,15.359516143798828,-11.06393814086914,0.999267578125,0.4370034216757829,0.0030283786506087053,0.5,2.421358585357666,5.955556869506836,0.014896811917424202,0.014100960455834866,0.024155769497156143,100000
821,-0.17721587419509888,0.17721587419509888,1.0,4.565871238708496,13.635038375854492,-0.42946407198905945,1.0,0.43646476393340267,0.0030214066089733088,0.5,1.6664122343063354,5.955556869506836,-0.13916125893592834,-0.14010213315486908,0.02514338307082653,100000
822,-0.2191917598247528,0.2191917598247528,1.0,4.832188606262207,14.687658309936523,-0.6207699179649353,1.0,0.43592677014958436,0.0030144506186215126,0.5,2.2218661308288574,5.955556869506836,-0.07360474020242691,-0.07446030527353287,0.025831930339336395,100000
823,-0.19705210626125336,0.19705210626125336,1.0,4.727615833282471,14.099117279052734,-8.887105941772461,1.0,0.4353894395059216,0.0030075106425994764,0.5,2.1376614570617676,5.955556869506836,-0.0050944555550813675,-0.005866560153663158,0.03136982023715973,100000
824,-0.27454450726509094,0.27454450726509094,1.0,4.682718276977539,16.540918350219727,-245.65362548828125,1.0,0.4348527711850167,0.0030005866440384367,0.5,2.2080068588256836,5.955556869506836,-0.049560628831386566,-0.050322405993938446,0.028131160885095596,100000
825,-0.23724918067455292,0.23724918067455292,1.0,4.929758071899414,15.156272888183594,-0.8295323848724365,0.9998779296875,0.43431676437047956,0.0029936785861545117,0.5,2.0680735111236572,5.955556869506836,-0.1276075392961502,-0.1284906417131424,0.025484194979071617,100000
826,-0.2279428094625473,0.2279428094625473,1.0,4.553393840789795,15.21773910522461,-1.4469016790390015,1.0,0.43378141824692606,0.0029867864322485043,0.5,2.8112916946411133,5.955556869506836,-0.002543956506997347,-0.002972889691591263,0.027111833915114403,100000
827,-0.2539251446723938,0.2539251446723938,1.0,4.997373580932617,15.609933853149414,-58.35820388793945,1.0,0.4332467319999778,0.0029799101457057093,0.5,2.441606044769287,5.955556869506836,-0.11871133744716644,-0.11928847432136536,0.03733133152127266,100000
828,-0.1802981048822403,0.1802981048822403,1.0,4.683817386627197,13.62091064453125,-14.101350784301758,1.0,0.43271270481625973,0.002973049689995714,0.5,1.8236547708511353,5.955556869506836,-0.04398472607135773,-0.04466302692890167,0.030252352356910706,100000
829,-0.33590444922447205,0.33590444922447205,1.0,4.718304634094238,18.408283233642578,-50.02565383911133,1.0,0.4321793358833993,0.002966205028672209,0.5,2.4294066429138184,5.955556869506836,0.027354203164577484,0.02683396078646183,0.032958950847387314,100000
830,-0.30463168025016785,0.30463168025016785,1.0,4.798888206481934,17.36483383178711,-5.730905532836914,1.0,0.4316466243900256,0.0029593761253727934,0.5,2.5000648498535156,5.955556869506836,-0.18595731258392334,-0.18655076622962952,0.030059173703193665,100000
831,-0.2031557559967041,0.2031557559967041,1.0,4.345592498779297,14.64311695098877,-5.8354692459106445,1.0,0.4311145695257676,0.0029525629438187802,0.5,2.365025043487549,5.955556869506836,-0.2434254288673401,-0.2439635992050171,0.02860039658844471,100000
832,-0.2371165156364441,0.2371165156364441,1.0,4.744287967681885,15.324495315551758,-31.54230308532715,0.994873046875,0.43058317048125333,0.0029457654478150055,0.5,2.3650166988372803,5.955556869506836,-0.06723285466432571,-0.06802273541688919,0.0290203969925642,100000
833,-0.215171217918396,0.215171217918396,1.0,4.584033012390137,14.793710708618164,-23.376510620117188,1.0,0.4300524264481084,0.002938983601249634,0.5,2.2913544178009033,5.955556869506836,0.03635595738887787,0.035770006477832794,0.022977516055107117,100000
834,-0.17324724793434143,0.17324724793434143,1.0,4.6758623123168945,13.409923553466797,-1.3349473476409912,1.0,0.4295223366189548,0.002932217368093969,0.5,1.7633922100067139,5.955556869506836,-0.11387226730585098,-0.1147531047463417,0.022994067519903183,100000
835,-0.22600635886192322,0.22600635886192322,1.0,4.9146952629089355,14.822057723999023,-3.485203266143799,1.0,0.42899290018740965,0.0029254667124022603,0.5,2.4434986114501953,5.955556869506836,-0.06104876473546028,-0.061528611928224564,0.0287926085293293,100000
836,-0.1923670619726181,0.1923670619726181,1.0,4.587958335876465,14.083776473999023,-46.16325378417969,1.0,0.42846411634808407,0.002918731598311513,0.5,2.20346736907959,5.955556869506836,-0.023968784138560295,-0.024694712832570076,0.027700047940015793,100000
837,-0.19459258019924164,0.19459258019924164,1.0,4.619141578674316,14.12373161315918,-4.818817615509033,1.0,0.42793598429658214,0.002912011990041299,0.5,2.357445240020752,5.955556869506836,-0.21809090673923492,-0.21896694600582123,0.030322527512907982,100000
838,-0.2959461808204651,0.2959461808204651,1.0,4.719384670257568,17.169696807861328,-4.598900318145752,1.0,0.4274085032294992,0.002905307851893562,0.5,2.6617531776428223,5.955556869506836,-0.10087727010250092,-0.10150951147079468,0.02634246274828911,100000
839,-0.26684921979904175,0.26684921979904175,1.0,4.999067306518555,16.008644104003906,-174.5338134765625,1.0,0.4268816723444209,0.002898619148252433,0.5,2.661944627761841,5.955556869506836,0.04618638753890991,0.045575786381959915,0.03221845626831055,100000
840,-0.317837119102478,0.317837119102478,1.0,4.986688613891602,17.599332809448242,-3.656883478164673,0.9984130859375,0.426355490839922,0.0028919458435840402,0.5,2.4416470527648926,5.955556869506836,-0.010960010811686516,-0.011522728018462658,0.03184164687991142,100000
841,-0.1754055619239807,0.1754055619239807,1.0,4.547634124755859,13.595914840698242,-6.327315330505371,1.0,0.42582995791556505,0.0028852879024363156,0.5,2.139601230621338,5.955556869506836,-0.030896581709384918,-0.03184480592608452,0.0302935428917408,100000
842,-0.20619909465312958,0.20619909465312958,1.0,4.744942665100098,14.366315841674805,-1.3868647813796997,1.0,0.42530507277189944,0.002878645289438815,0.5,2.0576224327087402,5.955556869506836,-0.19118797779083252,-0.19198298454284668,0.03191797435283661,100000
843,-0.2227850705385208,0.2227850705385208,1.0,4.470097541809082,15.13538932800293,-10.578009605407715,1.0,0.4247808346104598,0.0028720179693025208,0.5,1.7418086528778076,5.955556869506836,-0.04258447885513306,-0.043447017669677734,0.027613351121544838,100000
844,-0.23290684819221497,0.23290684819221497,1.0,4.577744007110596,15.348859786987305,-28.199081420898438,1.0,0.4242572426337649,0.002865405906819662,0.5,2.2769906520843506,5.955556869506836,-0.020106516778469086,-0.020688623189926147,0.027238354086875916,100000
845,-0.7302590012550354,0.7302590012550354,1.0,4.634857177734375,30.69970703125,-11.63818645477295,1.0,0.42373429604531665,0.0028588090668635224,0.5,1.9741554260253906,5.955556869506836,-0.15536858141422272,-0.15608586370944977,0.030115315690636635,100000
846,-0.2273137867450714,0.2273137867450714,1.0,4.891208171844482,14.884374618530273,-35.36241149902344,0.999755859375,0.42321199404959864,0.002852227414388258,0.5,1.9114422798156738,5.955556869506836,-0.03008868359029293,-0.030816700309515,0.029749378561973572,100000
847,-0.2286919355392456,0.2286919355392456,1.0,4.713145732879639,15.092506408691406,-9.328216552734375,1.0,0.42269033585207516,0.0028456609144287054,0.5,2.1194710731506348,5.955556869506836,-0.07364502549171448,-0.07429587841033936,0.03325294703245163,100000
848,-0.5652823448181152,0.5652823448181152,1.0,4.843437671661377,25.396272659301758,-218.39654541015625,0.9989013671875,0.4221693206591897,0.0028391095321002027,0.5,1.828922986984253,5.955556869506836,-0.06270010769367218,-0.06332357227802277,0.0337027907371521,100000
849,-0.19706818461418152,0.19706818461418152,1.0,4.553757190704346,14.261157035827637,-36.05429458618164,0.9993896484375,0.42164894767836403,0.0028325732325983977,0.5,2.36757230758667,5.955556869506836,-0.007771842181682587,-0.008429696783423424,0.03835410997271538,100000
850,-0.40456464886665344,0.40456464886665344,1.0,4.9807915687561035,20.290924072265625,-7.560152053833008,1.0,0.4211292161179966,0.0028260519811990677,0.5,2.219975709915161,5.955556869506836,-0.10668706893920898,-0.10721150040626526,0.03804713115096092,100000
851,-0.2075832188129425,0.2075832188129425,1.0,4.622481346130371,14.522971153259277,-75.08357238769531,1.0,0.4206101251874621,0.0028195457432579336,0.5,2.1989388465881348,5.955556869506836,-0.05220537632703781,-0.05269406735897064,0.03134814649820328,100000
852,-0.2272561490535736,0.2272561490535736,1.0,4.635808944702148,15.119895935058594,-30956.865234375,1.0,0.42009167409710924,0.0028130544842104744,0.5,2.1336488723754883,5.955556869506836,-0.05354822427034378,-0.05403812974691391,0.034593936055898666,100000
853,-0.20193403959274292,0.20193403959274292,1.0,4.732461929321289,14.245817184448242,-2.4349982738494873,1.0,0.41957386205826036,0.0028065781695717456,0.5,2.1375811100006104,5.955556869506836,-0.1319388598203659,-0.132496640086174,0.030824696645140648,100000
854,-0.25861525535583496,0.25861525535583496,1.0,4.615808963775635,16.109729766845703,-1.8519941568374634,0.9998779296875,0.41905668828320985,0.002800116764936195,0.5,2.5092458724975586,5.955556869506836,-0.03644131124019623,-0.03703737258911133,0.026024140417575836,100000
855,-0.2800934314727783,0.2800934314727783,1.0,4.934994697570801,16.478374481201172,-25.552223205566406,1.0,0.41854015198522304,0.0027936702359774796,0.5,2.6636931896209717,5.955556869506836,0.033379048109054565,0.03286972641944885,0.0297737717628479,100000
856,-0.23830652236938477,0.23830652236938477,1.0,4.761734485626221,15.345142364501953,-1.963169813156128,1.0,0.4180242523785351,0.0027872385484482847,0.5,2.2039828300476074,5.955556869506836,-0.08215834200382233,-0.08276165276765823,0.02706843987107277,100000
857,-0.18386805057525635,0.18386805057525635,1.0,4.611381530761719,13.798783302307129,-0.9421543478965759,1.0,0.41750898867834957,0.0027808216681801407,0.5,2.143683910369873,5.955556869506836,-0.12637348473072052,-0.12719900906085968,0.027775758877396584,100000
858,-0.24801373481750488,0.24801373481750488,1.0,4.67671012878418,15.72479248046875,-119.45379638671875,1.0,0.41699436010083746,0.0027744195610832413,0.5,2.4256656169891357,5.955556869506836,-0.03384070470929146,-0.03450818732380867,0.029568269848823547,100000
859,-0.49799513816833496,0.49799513816833496,1.0,4.789148330688477,23.36270523071289,-11.38283634185791,1.0,0.416480365863136,0.002768032193146263,0.5,2.2752954959869385,5.955556869506836,-0.12934458255767822,-0.1298253983259201,0.026107631623744965,100000
860,-0.211563378572464,0.211563378572464,1.0,4.862426280975342,14.423298835754395,-38.653236389160156,1.0,0.41596700518334706,0.0027616595304361846,0.5,1.9140563011169434,5.955556869506836,-0.08297642320394516,-0.08379118889570236,0.03075929917395115,100000
861,-0.4380115270614624,0.4380115270614624,1.0,4.674178123474121,21.611726760864258,-13.416889190673828,1.0,0.4154542772805369,0.0027553015390981077,0.5,2.117788553237915,5.955556869506836,-0.26121705770492554,-0.26193562150001526,0.03317867964506149,100000
862,-0.3664555847644806,0.3664555847644806,1.0,4.973430156707764,19.11745834350586,-4.544919490814209,1.0,0.4149421813747337,0.0027489581853550747,0.5,2.5899505615234375,5.955556869506836,-0.059766024351119995,-0.060329217463731766,0.03076205588877201,100000
863,-0.22332921624183655,0.22332921624183655,1.0,4.676809310913086,14.960175514221191,-2.28778338432312,1.0,0.4144307166869276,0.0027426294355078905,0.5,2.4388201236724854,5.955556869506836,-0.11461996287107468,-0.11514757573604584,0.025542300194501877,100000
864,-0.2208360880613327,0.2208360880613327,1.0,4.712939739227295,14.849388122558594,-65.62382507324219,1.0,0.4139198824390685,0.0027363152559349443,0.5,2.345310688018799,5.955556869506836,-0.0388614684343338,-0.03949684649705887,0.03445857763290405,100000
865,-0.38404613733291626,0.38404613733291626,1.0,4.480656147003174,20.120132446289062,-6.452375411987305,1.0,0.4134096778540656,0.002730015613092028,0.5,2.132021903991699,5.955556869506836,-0.020893262699246407,-0.021451210603117943,0.032040007412433624,100000
866,-0.2025160789489746,0.2025160789489746,1.0,4.645542144775391,14.344606399536133,-0.489865243434906,1.0,0.41290010215578604,0.0027237304735121637,0.5,2.055696964263916,5.955556869506836,-0.07131670415401459,-0.07183654606342316,0.02879362180829048,100000
867,-0.24537710845470428,0.24537710845470428,1.0,4.9290452003479,15.408673286437988,-19.264781951904297,1.0,0.41239115456905334,0.00271745980380542,0.5,2.436124801635742,5.955556869506836,-0.017400924116373062,-0.01784706860780716,0.02410157583653927,100000
868,-0.2560408115386963,0.2560408115386963,1.0,4.583366394042969,16.060136795043945,-679.8300170898438,1.0,0.4118828343196469,0.0027112035706587374,0.5,2.2874302864074707,5.955556869506836,-0.06111174449324608,-0.06153728440403938,0.027493515983223915,100000
869,-0.21419818699359894,0.21419818699359894,1.0,4.825432300567627,14.539276123046875,-21.95989990234375,1.0,0.41137514063430003,0.002704961740835751,0.5,2.20735239982605,5.955556869506836,-0.12667874991893768,-0.12716390192508698,0.029298286885023117,100000
870,-0.2520288825035095,0.2520288825035095,1.0,5.006030082702637,15.543159484863281,-3.103790760040283,0.999755859375,0.4108680727406993,0.002698734281176613,0.5,2.2199347019195557,5.955556869506836,-0.04305950552225113,-0.04366741329431534,0.02882254123687744,100000
871,-0.23563304543495178,0.23563304543495178,1.0,4.73941707611084,15.283075332641602,-7.332508563995361,1.0,0.41036162986748353,0.0026925211585978204,0.5,2.287017822265625,5.955556869506836,-0.16363900899887085,-0.16424281895160675,0.02647409588098526,100000
872,-0.3246902823448181,0.3246902823448181,1.0,4.910168647766113,17.882686614990234,-3.1262030601501465,1.0,0.409855811244242,0.0026863223400920323,0.5,2.6459598541259766,5.955556869506836,0.016084937378764153,0.01570201851427555,0.03222443535923958,100000
873,-0.17390140891075134,0.17390140891075134,1.0,4.60592794418335,13.49516487121582,-3.9925999641418457,1.0,0.40935061610151374,0.0026801377927279007,0.5,1.831735610961914,5.955556869506836,-0.07891657948493958,-0.07980161905288696,0.03136679530143738,100000
874,-0.24858412146568298,0.24858412146568298,1.0,4.899623870849609,15.535335540771484,-41.116268157958984,1.0,0.4088460436707862,0.0026739674836498933,0.5,2.3517704010009766,5.955556869506836,-0.003886538092046976,-0.004603838548064232,0.03095574490725994,100000
875,-1.1604665517807007,1.1604665517807007,1.0,4.7915940284729,43.87840270996094,-1.3881289958953857,1.0,0.40834209318449416,0.0026678113800781174,0.5,2.5114688873291016,5.955556869506836,-0.0125038493424654,-0.012926684692502022,0.028530357405543327,100000
876,-0.18919061124324799,0.18919061124324799,1.0,4.355770111083984,14.201133728027344,-10.519389152526855,1.0,0.40783876387601853,0.00266166944930815,0.5,2.109111785888672,5.955556869506836,-0.1323961317539215,-0.1330767124891281,0.027753662317991257,100000
877,-2.348606824874878,2.348606824874878,1.0,4.869886875152588,80.60454559326172,-10.305500984191895,1.0,0.407336054979685,0.0026555416587108593,0.5,2.2976014614105225,5.955556869506836,-0.06749223917722702,-0.06801436841487885,0.02603108435869217,100000
878,-0.3951948881149292,0.3951948881149292,1.0,4.885828018188477,20.08896255493164,-20.192928314208984,1.0,0.4068339657307633,0.0026494279757322344,0.5,2.5817227363586426,5.955556869506836,-0.10233071446418762,-0.10282740741968155,0.029489468783140182,100000
879,-0.24490484595298767,0.24490484595298767,1.0,4.832016468048096,15.484200477600098,-11.99156379699707,0.98974609375,0.4063324953654655,0.00264332836789321,0.5,2.0535244941711426,5.955556869506836,-0.13770948350429535,-0.13839571177959442,0.024264667183160782,100000
880,-3.31535267829895,112.97499084472656,0.96875,5.911231517791748,3505.94091796875,-33.148895263671875,0.986083984375,0.40583164312094544,0.0026372428027894973,0.5,2.289877414703369,5.955556869506836,-0.0628141537308693,-0.06339224427938461,0.02620292827486992,100000
881,-0.33996880054473877,0.33996880054473877,1.0,5.079343318939209,18.198701858520508,-14.39184856414795,1.0,0.40533140823529695,0.0026311712480914084,0.5,2.127743721008301,5.955556869506836,-0.14075908064842224,-0.14141078293323517,0.030564621090888977,100000
882,-0.3251727819442749,0.3251727819442749,1.0,4.769339561462402,18.028484344482422,-6.2970290184021,1.0,0.40483178994755314,0.0026251136715436866,0.5,2.5871710777282715,5.955556869506836,0.010237658396363258,0.009888289496302605,0.02636353299021721,100000
883,-0.20324188470840454,0.20324188470840454,1.0,4.543116569519043,14.46225357055664,-40.82061004638672,1.0,0.40433278749768525,0.002619070040965335,0.5,2.273158073425293,5.955556869506836,0.022229675203561783,0.021836865693330765,0.028737030923366547,100000
884,-0.19057387113571167,0.19057387113571167,1.0,4.61928653717041,13.999130249023438,-4.910464763641357,1.0,0.40383440012660105,0.002613040324249443,0.5,2.0445358753204346,5.955556869506836,-0.0774441584944725,-0.07781588286161423,0.03134226053953171,100000
885,-0.2849898040294647,0.2849898040294647,1.0,4.721745491027832,16.82816505432129,-7.381032943725586,1.0,0.40333662707614404,0.002607024489363018,0.5,2.2738537788391113,5.955556869506836,-0.12319222092628479,-0.12370508909225464,0.03215673565864563,100000
886,-0.278319388628006,0.278319388628006,1.0,4.976511001586914,16.38485336303711,-14.99909782409668,1.0,0.40283946758909256,0.002601022504346818,0.5,2.0514867305755615,5.955556869506836,0.06601370871067047,0.06544828414916992,0.02858748473227024,100000
887,-0.2146601676940918,0.2146601676940918,1.0,4.7877092361450195,14.58863639831543,-19.08251190185547,1.0,0.4023429209091579,0.0025950343373151753,0.5,1.8238637447357178,5.955556869506836,-0.1871873438358307,-0.18816980719566345,0.027568738907575607,100000
888,-0.1986156404018402,0.1986156404018402,1.0,4.639186859130859,14.229707717895508,-1.0963563919067383,1.0,0.4018469862809838,0.0025890599564558315,0.5,2.07375431060791,5.955556869506836,-0.0012767128646373749,-0.0019474939908832312,0.0268139336258173,100000
889,-0.29663899540901184,0.29663899540901184,1.0,5.059159755706787,16.875452041625977,-38.91512680053711,1.0,0.401351662950145,0.0025830993300297684,0.5,1.9975481033325195,5.955556869506836,-0.1902783364057541,-0.19091208279132843,0.02525896579027176,100000
890,-0.233806312084198,0.233806312084198,1.0,4.834987163543701,15.13769817352295,-1.153188705444336,1.0,0.40085695016314615,0.0025771524263710362,0.5,2.2075417041778564,5.955556869506836,-0.1515175998210907,-0.15216951072216034,0.03306593745946884,100000
891,-0.21138358116149902,0.21138358116149902,1.0,4.583522796630859,14.676874160766602,-1.1620550155639648,1.0,0.4003628471674206,0.0025712192138865916,0.5,2.502744674682617,5.955556869506836,-0.06715556979179382,-0.06764616072177887,0.025512242689728737,100000
892,-0.20446881651878357,0.20446881651878357,1.0,4.694021224975586,14.360040664672852,-1.1438854932785034,1.0,0.39986935321132955,0.0025652996610561214,0.5,2.276301145553589,5.955556869506836,-0.004555974621325731,-0.005023546516895294,0.024886317551136017,100000
893,-0.2407974898815155,0.2407974898815155,1.0,4.5240864753723145,15.64310359954834,-2.0434553623199463,1.0,0.39937646754416045,0.0025593937364318826,0.5,1.6709047555923462,5.955556869506836,-0.2482968270778656,-0.24915601313114166,0.022623859345912933,100000
894,-0.1750992089509964,0.1750992089509964,1.0,4.583937644958496,13.552695274353027,-11.906196594238281,1.0,0.39888418941612624,0.0025535014086385316,0.5,2.149289608001709,5.955556869506836,-0.04298326373100281,-0.04371180012822151,0.02641439065337181,100000
895,-0.2646814286708832,0.2646814286708832,1.0,4.856184005737305,16.074262619018555,-38.562992095947266,0.992431640625,0.39839251807836384,0.0025476226463729576,0.5,2.0552337169647217,5.955556869506836,-0.14617910981178284,-0.14698676764965057,0.028623823076486588,100000
896,-0.24274009466171265,0.24274009466171265,1.0,4.775351047515869,15.469804763793945,-186.79336547851562,1.0,0.39790145278293354,0.002541757418404117,0.5,2.2097551822662354,5.955556869506836,-0.021579725667834282,-0.022109175100922585,0.02549613267183304,100000
897,-0.20180577039718628,0.20180577039718628,1.0,4.728045463562012,14.24594783782959,-30.82656478881836,1.0,0.3974109927828174,0.002535905693572869,0.5,2.2115955352783203,5.955556869506836,0.0015945271588861942,0.001021622447296977,0.024069352075457573,100000
898,-0.8767363429069519,0.8767363429069519,1.0,4.837820053100586,35.04779815673828,-1.7330880165100098,1.0,0.3969211373319182,0.002530067440791807,0.5,2.745816230773926,5.955556869506836,-0.13232147693634033,-0.13278041779994965,0.02298770472407341,100000
899,-0.32227155566215515,0.32227155566215515,1.0,5.000522136688232,17.72382354736328,-4.15218448638916,1.0,0.39643188568505855,0.002524242629045095,0.5,2.202148914337158,5.955556869506836,-0.059456005692481995,-0.060171108692884445,0.0285186804831028,100000
900,-0.22008411586284637,0.22008411586284637,1.0,4.8552045822143555,14.6939115524292,-5.748936653137207,1.0,0.3959432370979793,0.002518431227388302,0.5,2.0515785217285156,5.955556869506836,-0.10278113931417465,-0.10331884026527405,0.032872915267944336,100000
901,-0.23858362436294556,0.23858362436294556,1.0,4.853468894958496,15.268487930297852,-22.663911819458008,1.0,0.39545519082733904,0.0025126332049482413,0.5,2.133640766143799,5.955556869506836,-0.2747732996940613,-0.2754128575325012,0.028616592288017273,100000
902,-0.18968188762664795,0.18968188762664795,1.0,4.593264102935791,13.995681762695312,-20.06680679321289,0.9925537109375,0.39496774613071234,0.002506848530922801,0.5,2.0503227710723877,5.955556869506836,-0.24574938416481018,-0.2463987171649933,0.02728084847331047,100000
903,-0.20266619324684143,0.20266619324684143,1.0,4.451238632202148,14.529792785644531,-2.1260159015655518,1.0,0.39448090226658894,0.0025010771745807825,0.5,2.055638074874878,5.955556869506836,0.017195075750350952,0.01664973422884941,0.022425640374422073,100000
904,-0.296749472618103,0.296749472618103,1.0,4.904398441314697,17.02267074584961,-1.9817237854003906,1.0,0.39399465849437276,0.0024953191052617396,0.5,2.35750412940979,5.955556869506836,-0.030828798189759254,-0.031265631318092346,0.026509465649724007,100000
905,-0.24888914823532104,0.24888914823532104,1.0,4.828182220458984,15.611166000366211,-67.8565673828125,1.0,0.39350901407438027,0.0024895742923758124,0.5,2.3496062755584717,5.955556869506836,-0.04001691937446594,-0.04049636423587799,0.023206427693367004,100000
906,-0.19624212384223938,0.19624212384223938,1.0,4.824587821960449,13.983928680419922,-41.12355422973633,1.0,0.3930239682678401,0.0024838427054035676,0.5,1.9797230958938599,5.955556869506836,-0.1974479854106903,-0.19801141321659088,0.026212161406874657,100000
907,-0.24048492312431335,0.24048492312431335,1.0,4.799508571624756,15.37751293182373,-6.745786666870117,0.9998779296875,0.39253952033689105,0.002478124313895833,0.5,2.1377201080322266,5.955556869506836,-0.1179075762629509,-0.1184370219707489,0.02814316377043724,100000
908,-0.2501204013824463,0.2501204013824463,1.0,4.865207672119141,15.614896774291992,-18.133913040161133,0.9918212890625,0.39205566954458176,0.002472419087473538,0.5,2.209534168243408,5.955556869506836,0.0033715907484292984,0.0028031119145452976,0.025910446420311928,100000
909,-81.5981216430664,81.5981216430664,1.0,4.714929580688477,2535.2529296875,-169.45388793945312,0.9998779296875,0.3915724151548692,0.0024667269958275513,0.5,2.213712453842163,5.955556869506836,-0.07677585631608963,-0.0771133303642273,0.030019713565707207,100000
910,-0.3765437602996826,0.3765437602996826,1.0,4.9434051513671875,19.457805633544922,-7.11233377456665,1.0,0.3910897564326174,0.0024610480087185233,0.5,2.064373731613159,5.955556869506836,-0.17507575452327728,-0.1756153255701065,0.03188201040029526,100000
911,-0.22300389409065247,0.22300389409065247,1.0,4.891137599945068,14.750955581665039,-68.96481323242188,1.0,0.39060769264359674,0.002455382095976719,0.5,2.281212329864502,5.955556869506836,-0.09285974502563477,-0.09340071678161621,0.03154507651925087,100000
912,-0.29253020882606506,0.29253020882606506,1.0,4.777902603149414,17.009525299072266,-47.889244079589844,1.0,0.3901262230544825,0.0024497292275018627,0.5,2.5114357471466064,5.955556869506836,-0.034494347870349884,-0.034900981932878494,0.03055681101977825,100000
913,-0.238693505525589,0.238693505525589,1.0,4.7386322021484375,15.378592491149902,-1699.0614013671875,1.0,0.38964534693285396,0.002444089373262977,0.5,2.7350997924804688,5.955556869506836,0.037049852311611176,0.03655875474214554,0.028855344280600548,100000
914,-0.24578960239887238,0.24578960239887238,1.0,5.024265289306641,15.33297348022461,-1.9688806533813477,1.0,0.38916506354719316,0.002438462503298221,0.5,2.440453052520752,5.955556869506836,-0.10479465126991272,-0.10518603026866913,0.033070653676986694,100000
915,-0.18489980697631836,0.18489980697631836,1.0,4.642374515533447,13.80194091796875,-85.40677642822266,1.0,0.38868537216688376,0.002432848587714736,0.5,1.9151945114135742,5.955556869506836,-0.03854220360517502,-0.039147086441516876,0.023846806958317757,100000
916,-0.263211727142334,0.263211727142334,1.0,4.8612823486328125,16.024005889892578,-1.3527753353118896,1.0,0.3882062720622101,0.002427247596688482,0.5,2.2138710021972656,5.955556869506836,-0.1402033567428589,-0.14067117869853973,0.02607063762843609,100000
917,-0.21125248074531555,0.21125248074531555,1.0,4.621807098388672,14.63724136352539,-1.4387805461883545,1.0,0.3877277625043558,0.00242165950046408,0.5,1.7594172954559326,5.955556869506836,-0.0956091433763504,-0.09616822004318237,0.029575016349554062,100000
918,-0.17602011561393738,0.17602011561393738,1.0,4.695380687713623,13.477668762207031,-23.04171371459961,1.0,0.38724984276540314,0.0024160842693546573,0.5,1.5474344491958618,5.955556869506836,0.014421552419662476,0.013841662555932999,0.03222209960222244,100000
919,-0.37298470735549927,0.37298470735549927,1.0,4.725720405578613,19.549837112426758,-4.51777982711792,1.0,0.38677251211833125,0.002410521873741685,0.5,2.426037073135376,5.955556869506836,-0.12453647702932358,-0.12494019418954849,0.03415322303771973,100000
920,-0.18279021978378296,0.18279021978378296,1.0,4.8203630447387695,13.571224212646484,-12.646695137023926,1.0,0.3862957698370158,0.002404972284074825,0.5,1.9192266464233398,5.955556869506836,-0.09662193059921265,-0.09741199016571045,0.03904195874929428,100000
921,-0.23339316248893738,0.23339316248893738,1.0,4.831066131591797,15.128545761108398,-21.43372344970703,1.0,0.38581961519622715,0.0023994354708717696,0.5,2.0644733905792236,5.955556869506836,-0.3267170786857605,-0.32747378945350647,0.03195227310061455,100000
922,-0.3607325553894043,0.3607325553894043,1.0,4.939842224121094,18.971412658691406,-28.85523796081543,1.0,0.3853440474716298,0.002393911404718087,0.5,1.981926441192627,5.955556869506836,-0.11551819741725922,-0.1160295307636261,0.03140571713447571,100000
923,-0.45158103108406067,0.45158103108406067,1.0,4.840399265289307,21.87755584716797,-143.6346893310547,1.0,0.38486906593978104,0.0023884000562670645,0.5,2.2131638526916504,5.955556869506836,-0.3038843274116516,-0.30437639355659485,0.03362557664513588,100000
924,-0.23969030380249023,0.23969030380249023,1.0,4.810297012329102,15.342878341674805,-1.1228644847869873,0.9996337890625,0.3843946698781298,0.0023829013962395514,0.5,2.19783878326416,5.955556869506836,-0.012798458337783813,-0.013170385733246803,0.026748938485980034,100000
925,-0.43278127908706665,0.43278127908706665,1.0,4.7138190269470215,21.41290283203125,-10.624917030334473,1.0,0.38392085856501573,0.002377415395423807,0.5,2.135258436203003,5.955556869506836,-0.013614444993436337,-0.014032316394150257,0.023004893213510513,100000
926,-0.22971376776695251,0.22971376776695251,1.0,4.853067874908447,14.994145393371582,-36.12379455566406,1.0,0.383447631279668,0.0023719420246753396,0.5,1.7536954879760742,5.955556869506836,-0.08151527494192123,-0.08217599242925644,0.028009891510009766,100000
927,-0.23131346702575684,0.23131346702575684,1.0,4.704779148101807,15.181473731994629,-6.505194187164307,1.0,0.3829749873022042,0.0023664812549167575,0.5,2.0634946823120117,5.955556869506836,-0.017824186012148857,-0.01826656609773636,0.028607014566659927,100000
928,-0.19672870635986328,0.19672870635986328,1.0,4.667540550231934,14.144920349121094,-31.38575553894043,0.9998779296875,0.3825029259136292,0.002361033057137611,0.5,2.1392297744750977,5.955556869506836,-0.11307346820831299,-0.1135634034872055,0.024284368380904198,100000
929,-0.2065088450908661,0.2065088450908661,1.0,4.917044162750244,14.216001510620117,-55.402000427246094,1.0,0.3820314463958342,0.0023555974023942382,0.5,1.9796233177185059,5.955556869506836,0.01693246327340603,0.01637224294245243,0.026181641966104507,100000
930,-0.26938939094543457,0.26938939094543457,1.0,4.88932991027832,16.189279556274414,-6.645370006561279,1.0,0.3815605480315955,0.0023501742618096152,0.5,1.8432590961456299,5.955556869506836,-0.08279991149902344,-0.08322598785161972,0.028455322608351707,100000
931,-0.17407424747943878,0.17407424747943878,1.0,4.455401420593262,13.640378952026367,-2.518523931503296,1.0,0.3810902301045735,0.0023447636065731976,0.5,1.5856270790100098,5.955556869506836,-0.07543732970952988,-0.07616021484136581,0.026845822110772133,100000
932,-37.48368835449219,37.48368835449219,1.0,5.01750373840332,1168.666015625,-156.096435546875,1.0,0.38062049189931163,0.0023393654079407705,0.5,2.139329671859741,5.955556869506836,-0.11606165766716003,-0.11654699593782425,0.026342757046222687,100000
933,-0.23182426393032074,0.23182426393032074,1.0,4.640010833740234,15.257474899291992,-8.275189399719238,0.9998779296875,0.38015133270123513,0.0023339796372342943,0.5,2.347050905227661,5.955556869506836,-0.07870262861251831,-0.07911340892314911,0.024818480014801025,100000
934,-0.20772495865821838,0.20772495865821838,1.0,4.646903038024902,14.504670143127441,-4.796121120452881,1.0,0.37968275179664984,0.002328606265841753,0.5,2.5956645011901855,5.955556869506836,-0.0007106963312253356,-0.001097163069061935,0.029384423047304153,100000
935,-3.3495616912841797,124.21745300292969,0.96875,5.823543071746826,3854.222412109375,-17.893444061279297,0.984375,0.3792147484727417,0.002323245265217004,0.5,2.353055953979492,5.955556869506836,-0.06131942942738533,-0.06173820048570633,0.026888318359851837,100000
936,-0.2953648269176483,0.2953648269176483,1.0,4.991796493530273,16.89858055114746,-23.464950561523438,1.0,0.3787473220175751,0.002317896606879622,0.5,2.437906265258789,5.955556869506836,-0.11816437542438507,-0.1186642125248909,0.03767062723636627,100000
937,-0.22973525524139404,0.22973525524139404,1.0,4.673646926879883,15.161520004272461,-94.8041000366211,0.9990234375,0.3782804717200918,0.0023125602624147522,0.5,2.2171878814697266,5.955556869506836,-0.0013635966461151838,-0.0018852432258427143,0.03218596428632736,100000
938,-0.20760700106620789,0.20760700106620789,1.0,4.493255138397217,14.643779754638672,-23.71506690979004,1.0,0.3778141968701103,0.0023072362034729566,0.5,2.1159043312072754,5.955556869506836,0.06484207510948181,0.06446891278028488,0.024525253102183342,100000
939,-0.6634252071380615,0.6634252071380615,1.0,5.110245704650879,28.188032150268555,-8.94411849975586,1.0,0.3773484967583244,0.002301924401770064,0.5,2.881312847137451,5.955556869506836,-0.01987529918551445,-0.020192602649331093,0.024800831452012062,100000
940,-0.21460871398448944,0.21460871398448944,1.0,4.7927937507629395,14.582317352294922,-14.667319297790527,1.0,0.37688337067630207,0.0022966248290870223,0.5,2.5178565979003906,5.955556869506836,-0.03707712143659592,-0.03744114190340042,0.025665318593382835,100000
941,-0.17544889450073242,0.17544889450073242,1.0,4.4520158767700195,13.686100959777832,-125.42211151123047,1.0,0.3764188179164846,0.002291337457269744,0.5,2.139421224594116,5.955556869506836,-0.11806006729602814,-0.11872804909944534,0.026239698752760887,100000
942,-0.20556579530239105,0.20556579530239105,1.0,4.6939592361450195,14.394073486328125,-46.13291931152344,1.0,0.3759548377721855,0.0022860622582289588,0.5,2.2153477668762207,5.955556869506836,0.004027531016618013,0.003425693605095148,0.026781760156154633,100000
943,-0.20137521624565125,0.20137521624565125,1.0,4.749528884887695,14.212652206420898,-4.538651466369629,1.0,0.37549142953758935,0.002280799203940066,0.5,2.215156316757202,5.955556869506836,-0.04813045263290405,-0.04863421246409416,0.027934227138757706,100000
944,-0.2697908282279968,0.2697908282279968,1.0,4.868681907653809,16.220897674560547,-18.89287757873535,1.0,0.37502859250775045,0.0022755482664429823,0.5,2.735515594482422,5.955556869506836,-0.06759986281394958,-0.06798157095909119,0.030760716646909714,100000
945,-2.1294822692871094,2.1294822692871094,1.0,4.907592296600342,73.7828140258789,-3.245910167694092,1.0,0.3745663259785924,0.0022703094178419983,0.5,2.0697829723358154,5.955556869506836,-0.060550399124622345,-0.061043333262205124,0.03269300237298012,100000
946,-0.24348221719264984,0.24348221719264984,1.0,4.577569484710693,15.676560401916504,-1028.3868408203125,1.0,0.3741046292469065,0.002265082630305624,0.5,1.9769022464752197,5.955556869506836,-0.06335309892892838,-0.06389646977186203,0.030727569013834,100000
947,-0.2698834240436554,0.2698834240436554,1.0,4.924525260925293,16.171878814697266,-2.7842204570770264,1.0,0.37364350161035076,0.0022598678760664447,0.5,1.9032809734344482,5.955556869506836,-0.16364336013793945,-0.1640872210264206,0.029382191598415375,100000
948,-0.19706958532333374,0.19706958532333374,1.0,4.695155143737793,14.129819869995117,-1.758622407913208,1.0,0.37318294236744903,0.002254665127420974,0.5,2.0472187995910645,5.955556869506836,-0.0640363022685051,-0.06436607986688614,0.03137297183275223,100000
949,-1.2290738821029663,1.2290738821029663,1.0,4.928276538848877,45.87629318237305,-13.139738082885742,1.0,0.37272295081758966,0.0022494743567295036,0.5,1.68677818775177,5.955556869506836,-0.1839512288570404,-0.18460561335086823,0.030925266444683075,100000
950,-0.21030069887638092,0.21030069887638092,1.0,4.771474361419678,14.468698501586914,-10.893383026123047,1.0,0.3722635262610249,0.0022442955364159606,0.5,2.0630152225494385,5.955556869506836,-0.12230178713798523,-0.12265951186418533,0.030492089688777924,100000
951,-0.32623326778411865,0.32623326778411865,1.0,4.995776176452637,17.850936889648438,-14.192354202270508,1.0,0.37180466799886913,0.002239128638967757,0.5,2.504518985748291,5.955556869506836,0.02136251889169216,0.021054856479167938,0.028482774272561073,100000
952,-0.27112770080566406,0.27112770080566406,1.0,4.903881072998047,16.229598999023438,-4.331802845001221,1.0,0.3713463753330985,0.0022339736369356464,0.5,2.3618407249450684,5.955556869506836,-0.030517127364873886,-0.030855651944875717,0.025679944083094597,100000
953,-0.3533474802970886,0.3533474802970886,1.0,4.937965393066406,18.74442481994629,-82.0429458618164,1.0,0.3708886475665493,0.002228830502933576,0.5,2.073371410369873,5.955556869506836,0.040419913828372955,0.040134772658348083,0.023595767095685005,100000
954,-0.2483067363500595,0.2483067363500595,1.0,4.648843765258789,15.759758949279785,-32.634132385253906,1.0,0.37043148400291737,0.0022236992096385418,0.5,2.360172748565674,5.955556869506836,-0.06186183542013168,-0.062191545963287354,0.02613981068134308,100000
955,-0.751158595085144,0.751158595085144,1.0,4.83558464050293,31.160497665405273,-1.646193265914917,1.0,0.3699748839467567,0.0022185797297904456,0.5,2.4315297603607178,5.955556869506836,-0.16844189167022705,-0.16877149045467377,0.02742350473999977,100000
956,-0.31363052129745483,0.31363052129745483,1.0,4.947207450866699,17.5057315826416,-5.061239719390869,1.0,0.36951884670347857,0.0022134720361919476,0.5,2.208561420440674,5.955556869506836,-0.05630415678024292,-0.05672746151685715,0.026749271899461746,100000
957,-0.27467209100723267,0.27467209100723267,1.0,5.165994644165039,16.095829010009766,-93.9744873046875,1.0,0.3690633715793504,0.0022083761017083216,0.5,2.289797306060791,5.955556869506836,-0.029547879472374916,-0.029955333098769188,0.022415759041905403,100000
958,-0.2221909463405609,0.2221909463405609,1.0,4.897149562835693,14.720190048217773,-0.7531540393829346,1.0,0.36860845788149454,0.0022032918992673134,0.5,2.3661952018737793,5.955556869506836,-0.07554391771554947,-0.07594068348407745,0.021163731813430786,100000
959,-0.245984748005867,0.245984748005867,1.0,4.885196685791016,15.46823501586914,-14.165441513061523,0.9937744140625,0.36815410491788775,0.002198219401858994,0.5,2.4230709075927734,5.955556869506836,-0.011064782738685608,-0.011492837220430374,0.0219167098402977,100000
960,-0.312782883644104,0.312782883644104,1.0,4.7608537673950195,17.652629852294922,-35.152286529541016,0.999755859375,0.36770031199735953,0.0021931585825356197,0.5,2.8093576431274414,5.955556869506836,0.0013860217295587063,0.0010772154200822115,0.02456607297062874,100000
961,-0.19168926775455475,0.19168926775455475,1.0,4.4859514236450195,14.157564163208008,-5.633457660675049,1.0,0.36724707842959137,0.0021881094144114853,0.5,1.9118661880493164,5.955556869506836,0.02331862598657608,0.022886909544467926,0.024340307340025902,100000
962,-0.20710346102714539,0.20710346102714539,1.0,4.5704569816589355,14.556451797485352,-1.8720303773880005,1.0,0.3667944035251158,0.002183071870662783,0.5,2.509021282196045,5.955556869506836,-0.02359488233923912,-0.023988932371139526,0.019262036308646202,100000
963,-0.20538175106048584,0.20538175106048584,1.0,4.715964317321777,14.367928504943848,-1.4459282159805298,1.0,0.3663422865953149,0.0021780459245274606,0.5,2.135317087173462,5.955556869506836,-0.0070900022983551025,-0.007472436875104904,0.023066598922014236,100000
964,-0.2952348291873932,0.2952348291873932,1.0,4.6297760009765625,17.230926513671875,-20.426803588867188,1.0,0.3658907269524198,0.0021730315493050764,0.5,2.0592970848083496,5.955556869506836,0.016649428755044937,0.016208278015255928,0.02110832743346691,100000
965,-0.14987307786941528,0.14987307786941528,1.0,4.5024566650390625,12.8471040725708,-10.209400177001953,1.0,0.36543972390950935,0.002168028718356662,0.5,1.763297200202942,5.955556869506836,-0.14732620120048523,-0.14791756868362427,0.026066701859235764,100000
966,-0.17316903173923492,0.17316903173923492,1.0,4.627771377563477,13.452184677124023,-6.862062931060791,0.999755859375,0.36498927678050913,0.002163037405104577,0.5,1.8349785804748535,5.955556869506836,-0.11773587763309479,-0.11816728860139847,0.02247249148786068,100000
967,-0.26208174228668213,0.26208174228668213,1.0,4.902271270751953,15.95092487335205,-30.521860122680664,1.0,0.3645393848801903,0.0021580575830323686,0.5,2.809457540512085,5.955556869506836,-0.08766669034957886,-0.0880434438586235,0.024746336042881012,100000
968,-0.3590199947357178,0.3590199947357178,1.0,4.754412651062012,19.09066390991211,-6.605098724365234,1.0,0.3640900475241685,0.002153089225684631,0.5,2.1954307556152344,5.955556869506836,-0.14629286527633667,-0.14668913185596466,0.025867555290460587,100000
969,-1.0560566186904907,1.0560566186904907,1.0,4.808914661407471,40.62853240966797,-24.596527099609375,1.0,0.3636412640289034,0.0021481323066668665,0.5,2.208047866821289,5.955556869506836,-0.04199730604887009,-0.04231557622551918,0.02679303102195263,100000
970,-0.2789055407047272,0.2789055407047272,1.0,4.7287468910217285,16.63321876525879,-150.45123291015625,1.0,0.3631930337116968,0.0021431867996453426,0.5,2.1331000328063965,5.955556869506836,-0.009018156677484512,-0.009567288681864738,0.028303496539592743,100000
971,-0.29768818616867065,0.29768818616867065,1.0,4.711930274963379,17.230575561523438,-1.9312665462493896,1.0,0.36274535589069223,0.0021382526783469526,0.5,2.3570799827575684,5.955556869506836,-0.04115419089794159,-0.041427332907915115,0.03196059167385101,100000
972,-0.22199656069278717,0.22199656069278717,1.0,4.707448959350586,14.89043140411377,-8.769229888916016,0.9930419921875,0.36229822988487353,0.002133329916559079,0.5,2.3483948707580566,5.955556869506836,-0.06258200854063034,-0.06301910430192947,0.02898293547332287,100000
973,-0.2222614735364914,0.2222614735364914,1.0,4.5290751457214355,15.064373970031738,-21.837297439575195,1.0,0.3618516550140641,0.0021284184881294483,0.5,2.132478713989258,5.955556869506836,0.045503951609134674,0.04524054378271103,0.03245822340250015,100000
974,-0.25381043553352356,0.25381043553352356,1.0,4.661359786987305,15.918590545654297,-1.5613653659820557,1.0,0.36140563059892566,0.002123518366966,0.5,2.283689498901367,5.955556869506836,-0.0021700807847082615,-0.002410124521702528,0.03314380347728729,100000
975,-0.48399853706359863,0.48399853706359863,1.0,4.822916030883789,22.897829055786133,-2265.999267578125,1.0,0.36096015596095743,0.0021186295270367406,0.5,2.6531620025634766,5.955556869506836,0.09111097455024719,0.09081970900297165,0.026808416470885277,100000
976,-0.20665818452835083,0.20665818452835083,1.0,4.85207462310791,14.280993461608887,-79.83780670166016,1.0,0.3605152304224948,0.0021137519423696086,0.5,2.2216830253601074,5.955556869506836,-0.10505051910877228,-0.10540090501308441,0.02640649303793907,100000
977,-0.3759571611881256,0.3759571611881256,1.0,4.678084850311279,19.686161041259766,-31.509429931640625,1.0,0.3600708533067084,0.002108885587052338,0.5,2.5906729698181152,5.955556869506836,-0.05303769186139107,-0.05337132140994072,0.028506964445114136,100000
978,-0.18689391016960144,0.18689391016960144,1.0,4.670022964477539,13.8380126953125,-1.3491408824920654,1.0,0.3596270239376033,0.0021040304352323174,0.5,2.2198431491851807,5.955556869506836,0.02368590235710144,0.023283224552869797,0.02723698318004608,100000
979,-0.3674945533275604,0.3674945533275604,1.0,4.5547099113464355,19.5386905670166,-139.63706970214844,1.0,0.3591837416400178,0.0020991864611164548,0.5,2.4349794387817383,5.955556869506836,-0.01416052132844925,-0.014523551799356937,0.03355821594595909,100000
980,-0.275627464056015,0.275627464056015,1.0,4.922207832336426,16.35193634033203,-8.764959335327148,1.0,0.3587410057396224,0.0020943536389710408,0.5,2.893744945526123,5.955556869506836,-0.1867063045501709,-0.1870061308145523,0.033819153904914856,100000
981,-0.6551350355148315,0.6551350355148315,1.0,4.940011978149414,28.08944320678711,-14.92440128326416,1.0,0.3582988155629188,0.002089531943121609,0.5,2.575725555419922,5.955556869506836,-0.06064510717988014,-0.06095438823103905,0.02872869372367859,100000
982,-0.29922884702682495,0.29922884702682495,1.0,4.6905107498168945,17.298194885253906,-7.944920063018799,1.0,0.3578571704372388,0.0020847213479528036,0.5,2.5853638648986816,5.955556869506836,-0.083086758852005,-0.0833447277545929,0.025600118562579155,100000
983,-0.22246718406677246,0.22246718406677246,1.0,4.646267890930176,14.96185302734375,-6.273894786834717,1.0,0.35741606969074313,0.0020799218279082396,0.5,2.1991305351257324,5.955556869506836,0.04745882749557495,0.047066815197467804,0.02787216380238533,100000
984,-0.28062495589256287,0.28062495589256287,1.0,4.986977577209473,16.446535110473633,-4.27967643737793,0.9998779296875,0.3569755126524213,0.0020751333574903718,0.5,2.1381359100341797,5.955556869506836,-0.06399472057819366,-0.06429849565029144,0.027826806530356407,100000
985,-0.18669568002223969,0.18669568002223969,1.0,4.781583786010742,13.728214263916016,-4.628790378570557,1.0,0.35653549865208917,0.0020703559112603526,0.5,2.0738790035247803,5.955556869506836,-0.07388778030872345,-0.07435690611600876,0.031672053039073944,100000
986,-6.6094255447387695,6.6094255447387695,1.0,4.888241767883301,212.55294799804688,-111.34828186035156,1.0,0.35609602702038917,0.0020655894638379035,0.5,1.6110432147979736,5.955556869506836,-0.09436745941638947,-0.09490863978862762,0.029218968003988266,100000
987,-0.27200859785079956,0.27200859785079956,1.0,5.01986837387085,16.149110794067383,-2.9351141452789307,1.0,0.3556570970887886,0.0020608339899011764,0.5,2.063877582550049,5.955556869506836,-0.05021090805530548,-0.050647515803575516,0.03221108019351959,100000
988,-0.2517130672931671,0.2517130672931671,1.0,4.763991355895996,15.758270263671875,-0.9004388451576233,1.0,0.3552187081895788,0.002056089464186619,0.5,2.2653932571411133,5.955556869506836,-0.07260192930698395,-0.07303788512945175,0.02555529959499836,100000
989,-0.23475715517997742,0.23475715517997742,1.0,4.8379387855529785,15.164405822753906,-4.872352123260498,1.0,0.35478085965587425,0.0020513558614888433,0.5,2.4331865310668945,5.955556869506836,-0.001050680410116911,-0.0014914983185008168,0.028493791818618774,100000
990,-0.20007100701332092,0.20007100701332092,1.0,4.774774074554443,14.14880084991455,-13.358869552612305,1.0,0.35434355082161134,0.00204663315666049,0.5,2.2939016819000244,5.955556869506836,0.01195571105927229,0.011476078070700169,0.024869833141565323,100000
991,-0.35344791412353516,0.35344791412353516,1.0,4.908542633056641,18.77487564086914,-15.390135765075684,1.0,0.35390678102154755,0.0020419213246120936,0.5,2.0531201362609863,5.955556869506836,-0.07853218913078308,-0.07898005843162537,0.025436274707317352,100000
992,-0.4119891822338104,0.4119891822338104,1.0,4.714985370635986,20.767852783203125,-36.2877082824707,1.0,0.35347054959126006,0.002037220340311952,0.5,1.9826242923736572,5.955556869506836,-0.07158278673887253,-0.07195208221673965,0.026775717735290527,100000
993,-0.24826398491859436,0.24826398491859436,1.0,4.670422077178955,15.738385200500488,-2.154019594192505,1.0,0.3530348558671455,0.0020325301787859898,0.5,2.2051355838775635,5.955556869506836,-0.0438760444521904,-0.04424455016851425,0.02312990091741085,100000
994,-0.3136443495750427,0.3136443495750427,1.0,4.994547367095947,17.462173461914062,-1.3422564268112183,1.0,0.35259969918641815,0.0020278508151176304,0.5,2.2792134284973145,5.955556869506836,-0.12170576304197311,-0.12214947491884232,0.023920206353068352,100000
995,-0.31205299496650696,0.31205299496650696,1.0,4.899267196655273,17.501415252685547,-96.00625610351562,1.0,0.3521650788871094,0.0020231822244476598,0.5,2.2759439945220947,5.955556869506836,-0.22244444489479065,-0.2228427529335022,0.02663220465183258,100000
996,-0.43199586868286133,0.43199586868286133,1.0,4.524017333984375,21.5649356842041,-3.6956188678741455,1.0,0.35173099430806637,0.0020185243819740954,0.5,1.993028163909912,5.955556869506836,-0.14944930374622345,-0.14984923601150513,0.022821094840765,100000
997,-0.4628698229789734,0.4628698229789734,1.0,5.082211971282959,22.00250816345215,-52.77556610107422,1.0,0.3512974447889515,0.0020138772629520554,0.5,2.3494675159454346,5.955556869506836,-0.05528109520673752,-0.05559248849749565,0.026815909892320633,100000
998,-0.2162887305021286,0.2162887305021286,1.0,4.600124359130859,14.813369750976562,-0.82731693983078,1.0,0.3508644296702406,0.002009240842693625,0.5,2.5871708393096924,5.955556869506836,-0.05705313757061958,-0.05733202397823334,0.03134760633111,100000
999,-0.22462904453277588,0.22462904453277588,1.0,4.725762367248535,14.954948425292969,-55.05610275268555,1.0,0.3504319482932231,0.0020046150965677303,0.5,2.2935187816619873,5.955556869506836,-0.09824059158563614,-0.09861396998167038,0.026952533051371574,100000
1000,-0.2746913433074951,0.2746913433074951,1.0,4.980220794677734,16.269039154052734,-159.77627563476562,0.9998779296875,0.35000000000000003,0.002,0.5,2.213308095932007,5.955556869506836,0.020013557747006416,0.01970677450299263,0.031125009059906006,100000
