episode,reward,cost,feasible,latency_s,ppl_hat,candidate_reward,candidate_feasible,temperature,entropy_coef,hard_batch_fraction,state_weight_mean,state_weight_max,policy_loss,loss,replay_loss,buffer
1,-0.356808066368103,0.356808066368103,1.0,2.6899912357330322,37.575897216796875,-40793.77734375,0.97216796875,1.2,0.02,0.0,1.0,1.0,0.6826890707015991,0.6003308296203613,0.1296987682580948,2560
2,-3.4845662117004395,123532.3359375,0.96875,3.0218214988708496,9515696.0,-707616.375,0.996337890625,1.199260571870983,0.019976975893302353,0.0,1.0,1.0,0.6431049704551697,0.5682812929153442,0.14686886966228485,3200
3,-0.40417325496673584,0.40417325496673584,1.0,2.499849796295166,42.689090728759766,-49603.23828125,0.9942626953125,1.1985215993702643,0.01995397829207917,0.0,1.0,1.0,0.810034990310669,0.7315829992294312,0.167776420712471,3840
4,-9.778398513793945,21035092.0,0.90625,4.229925155639648,1620331904.0,-1296196.875,0.9967041015625,1.1977830822170903,0.0199310071658172,0.0,1.0,1.0,0.8978691697120667,0.8190045356750488,0.18607144057750702,4480
5,-4.04940128326416,28943.671875,0.96875,3.427885055541992,2229533.75,-274809.9375,0.9971923828125,1.1970450201308802,0.019908062484038338,0.0,1.0,1.0,0.8978486061096191,0.8131443858146667,0.173921599984169,5120
6,-3.910339593887329,67594016.0,0.96875,3.5905637741088867,5206763008.0,-107228.7421875,0.98681640625,1.1963074128312265,0.01988514421629954,0.0,1.0,1.0,0.772913932800293,0.6944999098777771,0.2037821263074875,5760
7,-6.809854030609131,1121545984.0,0.9375,3.638942241668701,86392627200.0,-318496.5,0.9901123046875,1.1955702600378941,0.019862252332192833,0.0,1.0,1.0,0.736242413520813,0.6528555750846863,0.1996029168367386,6400
8,-3.526078939437866,10546.4658203125,0.96875,3.1339447498321533,812400.1875,-71674.5078125,0.9912109375,1.1948335614708205,0.019839386801345234,0.0,1.0,1.0,0.8465213775634766,0.7691658735275269,0.20244699716567993,7040
9,-0.3770237863063812,0.3770237863063812,1.0,2.663684606552124,39.335750579833984,-3587981.25,0.99658203125,1.1940973168501163,0.01981654759341873,0.0,1.0,1.0,0.5477702021598816,0.47476068139076233,0.2202814817428589,7680
10,-0.4554174244403839,0.4554174244403839,1.0,2.778865098953247,44.48717498779297,-7726648.0,0.99560546875,1.1933615258960641,0.01979373467811024,0.0,1.0,1.0,1.124817967414856,1.0382686853408813,0.2326534539461136,8320
11,-6.618984699249268,17979774.0,0.9375,3.437587261199951,1384981120.0,-1519141888.0,0.9715576171875,1.192626188329119,0.019770948025151554,0.0,1.0,1.0,0.978522539138794,0.8809273838996887,0.2647657096385956,8960
12,-3.7401719093322754,3790001.0,0.96875,3.527721405029297,291943552.0,-2153940.5,0.9876708984375,1.1918913038699082,0.019748187604309318,0.0,1.0,1.0,1.0330770015716553,0.9384585022926331,0.22901447117328644,9600
13,-0.4609817862510681,0.4609817862510681,1.0,2.618389368057251,46.151939392089844,-1481087.625,0.98583984375,1.1911568722392314,0.019725453385384978,0.0,1.0,1.0,1.0016303062438965,0.917812705039978,0.24314047396183014,10240
14,-6.7306294441223145,282464096.0,0.9375,3.794753313064575,21758193664.0,-38781612.0,0.98974609375,1.19042289315806,0.019702745338214752,0.0,1.0,1.0,0.8289860486984253,0.7412979602813721,0.22990727424621582,10880
15,-0.45504218339920044,0.45504218339920044,1.0,2.7576904296875,44.621376037597656,-509242.25,0.99365234375,1.1896893663475376,0.01968006343266957,0.0,1.0,1.0,1.1197640895843506,1.0254716873168945,0.23601897060871124,11520
16,-3.457038402557373,19956.12890625,0.96875,3.1708502769470215,1537225.875,-347921.75,0.997802734375,1.1889562915289795,0.01965740763865506,0.0,1.0,1.0,1.2366729974746704,1.1310211420059204,0.22648122906684875,12160
17,-0.3753458261489868,0.3753458261489868,1.0,2.768372058868408,38.40009307861328,-2505511.25,0.9954833984375,1.1882236684238727,0.019634777926111485,0.0,1.0,1.0,1.0905492305755615,0.9929244518280029,0.2519412636756897,12800
18,-0.36894989013671875,0.36894989013671875,1.0,2.583003520965576,39.335304260253906,-59252.7890625,0.991943359375,1.1874914967538757,0.019612174265013715,0.0,1.0,1.0,0.7412912845611572,0.6468361020088196,0.2288978546857834,13440
19,-0.295354962348938,0.295354962348938,1.0,2.5178961753845215,34.16781234741211,-43014.5234375,0.992431640625,1.1867597762408189,0.01958959662537119,0.0,1.0,1.0,0.724314272403717,0.6460102200508118,0.22970382869243622,14080
20,-9.855661392211914,147650.65625,0.90625,4.22902774810791,11373520.0,-1840698.25,0.99462890625,1.1860285066067036,0.01956704497722787,0.0,1.0,1.0,0.9357256293296814,0.8518490791320801,0.21665233373641968,14720
21,-3.480778932571411,427310.46875,0.96875,2.883051872253418,32915712.0,-4379220.0,0.98486328125,1.1852976875737027,0.019544519290662202,0.0,1.0,1.0,1.2005454301834106,1.099196434020996,0.21045324206352234,15360
22,-0.3702852129936218,0.3702852129936218,1.0,2.6474270820617676,38.94190979003906,-208207.421875,0.9947509765625,1.1845673188641603,0.019522019535787083,0.0,1.0,1.0,1.0458354949951172,0.9341269135475159,0.20688050985336304,16000
23,-0.44842660427093506,0.44842660427093506,1.0,2.5447826385498047,45.751808166503906,-204196.75,0.995361328125,1.1838374002005916,0.019499545682749808,0.0,1.0,1.0,0.9833611249923706,0.8805147409439087,0.2024037390947342,16640
24,-0.36706703901290894,0.36706703901290894,1.0,2.5518603324890137,39.4301643371582,-272653.0,0.9833984375,1.1831079313056827,0.019477097701732046,0.0,1.0,1.0,0.9524495005607605,0.8566534519195557,0.20224030315876007,17280
25,-3.5839450359344482,183601.78125,0.96875,3.1674954891204834,14142841.0,-4819919.0,0.9906005859375,1.1823789119022907,0.01945467556294979,0.0,1.0,1.0,1.0328185558319092,0.9283477663993835,0.22189262509346008,17920
26,-0.4838641881942749,0.4838641881942749,1.0,2.7731094360351562,46.72276306152344,-724524.125,0.99267578125,1.181650341713443,0.019432279236653315,0.0,1.0,1.0,1.2755279541015625,1.1603621244430542,0.2251460999250412,18560
27,-6.7083587646484375,2127.282470703125,0.9375,3.689739227294922,163866.828125,-664501.0625,0.977294921875,1.1809222204623384,0.01940990869312716,0.0,1.0,1.0,1.0714137554168701,0.9641300439834595,0.2154194712638855,19200
28,-3.4212536811828613,12731171.0,0.96875,2.9452052116394043,980681344.0,-6260853.0,0.9921875,1.180194547872346,0.01938756390269005,0.0,1.0,1.0,0.9337111115455627,0.8411856889724731,0.21001796424388885,19840
29,-0.3911833167076111,0.3911833167076111,1.0,2.7194151878356934,39.997161865234375,-79403.921875,0.99365234375,1.1794673236670048,0.019365244835694902,0.0,1.0,1.0,1.1381797790527344,1.041891098022461,0.18633411824703217,20480
30,-0.49126654863357544,0.49126654863357544,1.0,2.7193102836608887,47.70737838745117,-876592.0,0.990966796875,1.178740547570025,0.01934295146252875,0.0,1.0,1.0,0.8882827758789062,0.7891063690185547,0.20190683007240295,21120
31,-0.44452840089797974,0.44452840089797974,1.0,2.555972099304199,45.365333557128906,-75595.671875,0.99755859375,1.1780142193052865,0.019320683753612716,0.0,1.0,1.0,1.2323482036590576,1.1251410245895386,0.20890052616596222,21760
32,-0.4227026402950287,0.4227026402950287,1.0,2.6464638710021973,42.98704147338867,-339132.625,0.9962158203125,1.1772883385968396,0.019298441679401982,0.0,1.0,1.0,0.9101819396018982,0.8084571361541748,0.19675110280513763,22400
33,-3.613739252090454,115.05745697021484,0.96875,3.1908655166625977,8869.1015625,-253821.65625,0.9884033203125,1.1765629051689046,0.01927622521038574,0.0,1.0,1.0,1.090556025505066,0.9867779612541199,0.23328234255313873,23040
34,-3.508218765258789,265.8492126464844,0.96875,3.407773017883301,20482.912109375,-115957.84375,0.996337890625,1.1758379187458714,0.01925403431708715,0.0,1.0,1.0,1.0222480297088623,0.9280519485473633,0.22229863703250885,23680
35,-6.689639568328857,879.1303100585938,0.9375,3.729200601577759,67721.4453125,-574920.5,0.9757080078125,1.1751133790523,0.019231868970063314,0.0,1.0,1.0,1.1640377044677734,1.0563908815383911,0.2529807984828949,24320
36,-0.3671634793281555,0.3671634793281555,1.0,2.554563283920288,39.41677474975586,-17641.5703125,0.9974365234375,1.1743892858129203,0.019209729139905218,0.0,1.0,1.0,0.8051425814628601,0.7147191762924194,0.2534356713294983,24960
37,-3.429811954498291,702081664.0,0.96875,3.2081375122070312,54081310720.0,-87893.0546875,0.9906005859375,1.1736656387526319,0.019187614797237715,0.0,1.0,1.0,0.8826117515563965,0.795021116733551,0.225230872631073,25600
38,-1.1073881387710571,1.1073881387710571,1.0,3.030139684677124,92.77287292480469,-1469527.5,0.9951171875,1.1729424375965032,0.01916552591271947,0.0,1.0,1.0,0.5728317499160767,0.4930158853530884,0.2361188679933548,26240
39,-0.4847482740879059,0.4847482740879059,1.0,2.670790195465088,47.57902908325195,-32025.279296875,0.9970703125,1.1722196820697728,0.01914346245704292,0.0,1.0,1.0,0.8662423491477966,0.7821309566497803,0.22971409559249878,26880
40,-3.7117919921875,61.67709732055664,0.96875,3.5614500045776367,4754.361328125,-951846.625,0.9930419921875,1.1714973718978479,0.019121424400934256,0.0,1.0,1.0,1.0005823373794556,0.9139480590820312,0.25387340784072876,27520
41,-0.37702676653862,0.37702676653862,1.0,2.700984477996826,39.04866027832031,-34435.4453125,0.998046875,1.1707755068063057,0.01909941171515335,0.0,1.0,1.0,1.1073898077011108,1.0103429555892944,0.2271648645401001,28160
42,-6.6893744468688965,30762368.0,0.9375,3.892296314239502,2369623296.0,-92408960.0,0.9818115234375,1.1700540865208917,0.019077424370493753,0.0,1.0,1.0,1.1763622760772705,1.0709689855575562,0.21531078219413757,28800
43,-6.558823108673096,7297957.0,0.9375,3.599668025970459,562161216.0,-53770036.0,0.991943359375,1.169333110767521,0.019055462337782627,0.0,1.0,1.0,0.9947254657745361,0.8965635299682617,0.21980208158493042,29440
44,-0.4418518841266632,0.4418518841266632,1.0,2.7287697792053223,43.828102111816406,-5739934.0,0.9945068359375,1.1686125792722772,0.019033525587880722,0.0,1.0,1.0,0.8405150175094604,0.7513245344161987,0.21789443492889404,30080
45,-0.3189312219619751,0.3189312219619751,1.0,2.4772491455078125,36.2969970703125,-309568.625,0.9971923828125,1.167892491761413,0.019011614091682335,0.0,1.0,1.0,1.2675124406814575,1.1710937023162842,0.20775488018989563,30720
46,-3.4650964736938477,5892.703125,0.96875,3.1351089477539062,453921.25,-434275.28125,0.994873046875,1.1671728479613497,0.018989727820115265,0.0,1.0,1.0,1.3951454162597656,1.2865872383117676,0.20559774339199066,31360
47,-6.646820068359375,16123.994140625,0.9375,3.885071277618408,1242031.25,-4581425.0,0.982421875,1.1664536475986766,0.018967866744140787,0.0,1.0,1.0,1.1085848808288574,1.0029593706130981,0.2062295526266098,32000
48,-3.5058648586273193,11514781.0,0.96875,3.22273588180542,886982912.0,-1437818.375,0.9957275390625,1.1657348904001525,0.018946030834753595,0.0,1.0,1.0,0.9972763061523438,0.9033357501029968,0.2094891220331192,32640
49,-6.5290422439575195,74.71277618408203,0.9375,3.7074947357177734,5757.3740234375,-37787.35546875,0.994140625,1.165016576092704,0.01892422006298178,0.0,1.0,1.0,0.8413265943527222,0.7498819231987,0.2192060351371765,33280
50,-0.4760650098323822,0.4760650098323822,1.0,2.775010108947754,46.10734939575195,-2460283.75,0.9989013671875,1.1642987044034256,0.01890243439988679,0.0,1.0,1.0,0.7323892116546631,0.6430153250694275,0.19901415705680847,33920
51,-3.580958604812622,425250.375,0.96875,3.204336166381836,32757016.0,-1600659.125,0.9808349609375,1.1635812750595806,0.01888067381656338,0.0,1.0,1.0,1.1881115436553955,1.085835576057434,0.21143725514411926,34560
52,-0.5858464241027832,0.5858464241027832,1.0,2.810243606567383,54.29240417480469,-1396968.75,0.9884033203125,1.1628642877886002,0.01885893828413958,0.0,1.0,1.0,1.4357367753982544,1.3316245079040527,0.22012953460216522,35200
53,-0.37543630599975586,0.37543630599975586,1.0,2.6081526279449463,39.641231536865234,-541814.0625,0.993896484375,1.1621477423180833,0.01883722777377666,0.0,1.0,1.0,1.1119695901870728,1.0054430961608887,0.21330112218856812,35840
54,-0.3274664282798767,0.3274664282798767,1.0,2.6377785205841064,35.7179069519043,-101518.9296875,0.998779296875,1.161431638375797,0.018815542256669097,0.0,1.0,1.0,1.1444013118743896,1.0426056385040283,0.20064085721969604,36480
55,-6.614213466644287,24567008.0,0.9375,3.4811885356903076,1892395136.0,-39536.046875,0.990966796875,1.1607159756896759,0.018793881704044512,0.0,1.0,1.0,1.0115740299224854,0.9084237813949585,0.20989587903022766,37120
56,-3.5517942905426025,860654.0625,0.96875,3.3278157711029053,66296136.0,-494090.375,0.9864501953125,1.1600007539878223,0.01877224608716367,0.0,1.0,1.0,0.7793788909912109,0.6948462128639221,0.21407148241996765,37760
57,-0.8202981352806091,0.8202981352806091,1.0,2.6673600673675537,73.45283508300781,-199740.953125,0.9949951171875,1.1592859729985059,0.018750635377320406,0.0,1.0,1.0,0.8556692600250244,0.7738809585571289,0.2057705670595169,38400
58,-0.32818281650543213,0.32818281650543213,1.0,2.488898754119873,36.91990661621094,-40668.3203125,0.99853515625,1.1585716324501645,0.018729049545841602,0.0,1.0,1.0,0.594136118888855,0.5126797556877136,0.19681090116500854,39040
59,-6.61040735244751,159883.453125,0.9375,3.534440517425537,12315816.0,-255399.9375,0.9932861328125,1.157857732071402,0.018707488564087153,0.0,1.0,1.0,0.9633825421333313,0.8673290014266968,0.19497117400169373,39680
60,-0.5624384880065918,0.5624384880065918,1.0,2.5606467723846436,54.41193389892578,-64735.625,0.9949951171875,1.157144271590991,0.018685952403449925,0.0,1.0,1.0,0.6970500946044922,0.5910075902938843,0.2005029171705246,40320
61,-3.488527774810791,40895844.0,0.96875,3.102849245071411,3150204416.0,-530239.0,0.998779296875,1.1564312507378698,0.01866444103535572,0.0,1.0,1.0,0.8628659248352051,0.7676142454147339,0.20902328193187714,40960
62,-0.34436196088790894,0.34436196088790894,1.0,2.4878811836242676,38.17403030395508,-201156.90625,0.997802734375,1.155718669241145,0.01864295443126322,0.0,1.0,1.0,0.9365803003311157,0.8524833917617798,0.21184852719306946,41600
63,-3.514681816101074,15109327.0,0.96875,3.2137985229492188,1163870592.0,-100419.203125,0.99755859375,1.155006526830089,0.01862149256266398,0.0,1.0,1.0,0.8869388103485107,0.7999392151832581,0.18742027878761292,42240
64,-0.3563939332962036,0.3563939332962036,1.0,2.672802209854126,37.6764030456543,-3315344.5,0.9979248046875,1.1542948232341421,0.018600055401082373,0.0,1.0,1.0,1.0593929290771484,0.9641370177268982,0.19900329411029816,42880
65,-0.41978150606155396,0.41978150606155396,1.0,2.8223164081573486,41.40743637084961,-605860.875,0.99169921875,1.1535835581829104,0.01857864291807554,0.0,1.0,1.0,1.0732049942016602,0.9768413305282593,0.19982220232486725,43520
66,-0.5058847069740295,0.5058847069740295,1.0,2.986706018447876,46.77366638183594,-102988.4140625,0.997314453125,1.152872731406167,0.018557255085233378,0.0,1.0,1.0,1.004051685333252,0.9029749631881714,0.2014901041984558,44160
67,-0.49031683802604675,0.49031683802604675,1.0,2.7577528953552246,47.338096618652344,-602262.9375,0.996337890625,1.1521623426338519,0.018535891874178482,0.0,1.0,1.0,1.3583834171295166,1.2622849941253662,0.2066849023103714,44800
68,-0.2774988114833832,0.2774988114833832,1.0,2.4051551818847656,33.660797119140625,-290609.3125,0.9970703125,1.1514523915960704,0.01851455325656613,0.0,1.0,1.0,0.8313246965408325,0.7451647520065308,0.19595934450626373,45440
69,-3.4795291423797607,75775.671875,0.96875,3.1296865940093994,5837002.0,-1176989.0,0.9971923828125,1.1507428780230955,0.018493239204084206,0.0,1.0,1.0,0.6191757917404175,0.5380180478096008,0.2105560451745987,46080
70,-0.4496939778327942,0.4496939778327942,1.0,2.602602005004883,45.404048919677734,-9392.3046875,0.99072265625,1.1500338016453653,0.018471949688453213,0.0,1.0,1.0,0.768600344657898,0.6834893226623535,0.21052603423595428,46720
71,-6.49513053894043,293.56268310546875,0.9375,3.2985286712646484,22618.51953125,-72718000.0,0.99267578125,1.1493251621934846,0.018450684681426185,0.0,1.0,1.0,0.8099707365036011,0.726796567440033,0.20904037356376648,47360
72,-0.4914604127407074,0.4914604127407074,1.0,2.6251089572906494,48.44794464111328,-29650.07421875,0.99462890625,1.1486169593982238,0.018429444154788695,0.0,1.0,1.0,0.9202556610107422,0.8263688087463379,0.2094186693429947,48000
73,-0.7979670166969299,0.7979670166969299,1.0,2.7084789276123047,71.41593933105469,-58386.79296875,0.9957275390625,1.1479091929905196,0.018408228080358788,0.0,1.0,1.0,1.446693778038025,1.3496636152267456,0.20006495714187622,48640
74,-3.6752357482910156,2779.918212890625,0.96875,3.0281639099121094,214144.4375,-9463792.0,0.9931640625,1.1472018627014742,0.01838703642998695,0.0,1.0,1.0,1.0479880571365356,0.9513132572174072,0.20628319680690765,49280
75,-0.38949739933013916,0.38949739933013916,1.0,2.5167112350463867,41.42872619628906,-3930191.5,0.9990234375,1.1464949682623558,0.018365869175556073,0.0,1.0,1.0,0.5605645179748535,0.474496990442276,0.19211354851722717,49920
76,-0.4456022381782532,0.4456022381782532,1.0,2.5346148014068604,45.612571716308594,-474151.0625,0.9844970703125,1.1457885094045976,0.01834472628898142,0.0,1.0,1.0,0.5648043751716614,0.48304852843284607,0.20973996818065643,50560
77,-0.35938262939453125,0.35938262939453125,1.0,2.5545759201049805,38.81732177734375,-196977.8125,0.992431640625,1.1450824858597992,0.01832360774221059,0.0,1.0,1.0,0.803385853767395,0.7277563214302063,0.20595793426036835,51200
78,-3.5702340602874756,146852.234375,0.96875,3.3319594860076904,11312023.0,-194797.640625,0.9990234375,1.1443768973597248,0.018302513507223468,0.0,1.0,1.0,0.8327211141586304,0.7528131008148193,0.21178828179836273,51840
79,-3.402992010116577,324.0733642578125,0.96875,3.3478314876556396,24968.376953125,-13295350.0,0.998291015625,1.1436717436363038,0.018281443556032197,0.0,1.0,1.0,0.7617596387863159,0.6829586029052734,0.20727604627609253,52480
80,-0.45234277844429016,0.45234277844429016,1.0,2.5491323471069336,46.019962310791016,-30899.9375,0.998291015625,1.1429670244216317,0.018260397860681142,0.0,1.0,1.0,0.6410242915153503,0.5567528605461121,0.20325535535812378,53120
81,-3.56878399848938,54.81664276123047,0.96875,3.0676751136779785,4229.7041015625,-4147819.5,0.995361328125,1.1422627394479683,0.01823937639324685,0.0,1.0,1.0,0.6260364055633545,0.5342414379119873,0.20086000859737396,53760
82,-0.4643349349498749,0.4643349349498749,1.0,2.7678544521331787,45.2588996887207,-150803.078125,0.995849609375,1.1415588884477383,0.01821837912583802,0.0,1.0,1.0,0.9386866688728333,0.845832884311676,0.2089039534330368,54400
83,-0.38772138953208923,0.38772138953208923,1.0,2.600889205932617,40.643497467041016,-69419.3984375,0.991943359375,1.140855471153532,0.018197406030595446,0.0,1.0,1.0,0.7793995141983032,0.6897028684616089,0.20795485377311707,55040
84,-0.6218022108078003,0.6218022108078003,1.0,2.7597217559814453,57.45124816894531,-99587.0,0.9820556640625,1.1401524872981037,0.018176457079692006,0.0,1.0,1.0,1.1034197807312012,1.0059555768966675,0.2142961621284485,55680
85,-0.4172890782356262,0.4172890782356262,1.0,2.5698299407958984,43.16034698486328,-873247.125,0.986083984375,1.139449936614373,0.018155532245332603,0.0,1.0,1.0,1.3208916187286377,1.2258979082107544,0.22005124390125275,56320
86,-3.4416568279266357,3119.301513671875,0.96875,2.885817050933838,240288.203125,-117495.171875,0.9931640625,1.1387478188354236,0.01813463149975415,0.0,1.0,1.0,1.0852484703063965,0.9831858277320862,0.21215419471263885,56960
87,-3.6724941730499268,13605459.0,0.96875,3.155008316040039,1048027712.0,-124438.15625,0.9974365234375,1.1380461336945038,0.018113754815225508,0.0,1.0,1.0,1.0403565168380737,0.9424389004707336,0.2120143473148346,57600
88,-6.726393222808838,783506.125,0.9375,3.9227564334869385,60353432.0,-20457.626953125,0.977294921875,1.1373448809250266,0.01809290216404747,0.0,1.0,1.0,0.8193122148513794,0.7356327176094055,0.22048600018024445,58240
89,-3.4993152618408203,9140076.0,0.96875,3.2357420921325684,704059520.0,-566091.1875,0.9935302734375,1.1366440602605687,0.018072073518552716,0.0,1.0,1.0,0.9271311163902283,0.8450549840927124,0.21575050055980682,58880
90,-0.5434409379959106,0.5434409379959106,1.0,2.6450021266937256,52.298763275146484,-72053.3359375,0.9862060546875,1.1359436714348714,0.018051268851105775,0.0,1.0,1.0,0.3991791009902954,0.3288372755050659,0.21705032885074615,59520
91,-0.38306981325149536,0.38306981325149536,1.0,2.4662201404571533,41.32254409790039,-142056.671875,0.9962158203125,1.13524371418184,0.018030488134102986,0.0,1.0,1.0,0.891180157661438,0.8116508722305298,0.20381972193717957,60160
92,-6.750643730163574,4495.86962890625,0.9375,3.8522236347198486,346317.71875,-80099.2421875,0.9891357421875,1.1345441882355434,0.01800973133997247,0.0,1.0,1.0,0.9798907041549683,0.8910520672798157,0.19500496983528137,60800
93,-0.45458900928497314,0.45458900928497314,1.0,2.5305533409118652,46.33610534667969,-98375.671875,0.9949951171875,1.1338450933302149,0.0179889984411741,0.0,1.0,1.0,0.9326778650283813,0.8417590856552124,0.20765890181064606,61440
94,-3.520474433898926,83917.21875,0.96875,3.0319488048553467,6464146.0,-128386.6796875,0.9951171875,1.1331464292002513,0.01796828941019943,0.0,1.0,1.0,0.7955585718154907,0.7095804214477539,0.20279891788959503,62080
95,-3.551429510116577,724335040.0,0.96875,3.0655765533447266,55795482624.0,-364134.40625,0.99267578125,1.1324481955802133,0.0179476042195717,0.0,1.0,1.0,0.8078349828720093,0.7175834774971008,0.21767379343509674,62720
96,-0.5493866205215454,0.5493866205215454,1.0,2.731968402862549,52.08686065673828,-953890.1875,0.99267578125,1.1317503922048244,0.01792694284184577,0.0,1.0,1.0,0.919794499874115,0.8278927803039551,0.21417924761772156,63360
97,-0.3819364309310913,0.3819364309310913,1.0,2.586641788482666,40.30763244628906,-139758.078125,0.995849609375,1.1310530188089725,0.01790630524960811,0.0,1.0,1.0,1.0283915996551514,0.9428609013557434,0.2028675526380539,64000
98,-0.417840838432312,0.417840838432312,1.0,2.6652743816375732,42.46764373779297,-42009.71875,0.9989013671875,1.1303560751277084,0.01788569141547673,0.0,1.0,1.0,0.9171440005302429,0.8364124894142151,0.19956226646900177,64640
99,-6.619200229644775,320457.4375,0.9375,3.6063761711120605,24684820.0,-1224023.75,0.997314453125,1.1296595608962463,0.017865101312101176,0.0,1.0,1.0,0.8531273603439331,0.7683523893356323,0.20144467055797577,65280
100,-0.4400545060634613,0.4400545060634613,1.0,2.6753554344177246,44.101104736328125,-214467.875,0.9971923828125,1.1289634758499631,0.017844534912162473,0.0,1.0,1.0,1.046814203262329,0.9500492811203003,0.21428526937961578,65920
101,-3.78104829788208,0.8660569190979004,0.96875,3.2620718479156494,72.39657592773438,-574804.5625,0.9908447265625,1.1282678197243996,0.017823992188373095,0.0,1.0,1.0,0.8613042831420898,0.771407961845398,0.20032519102096558,66560
102,-0.4362408518791199,0.4362408518791199,1.0,2.715489387512207,43.49818420410156,-1969840.125,0.9979248046875,1.1275725922552589,0.01780347311347694,0.0,1.0,1.0,0.8358381390571594,0.7568345069885254,0.1909896582365036,67200
103,-0.690954864025116,0.690954864025116,1.0,2.862884044647217,61.98341369628906,-814335.375,0.99072265625,1.126877793178407,0.01778297766024927,0.0,1.0,1.0,0.6106272339820862,0.5344152450561523,0.21698719263076782,67840
104,-30.87779426574707,30.87779426574707,1.0,2.855508804321289,2387.330810546875,-25897.625,0.9986572265625,1.1261834222298732,0.0177625058014967,0.0,1.0,1.0,0.2942570447921753,0.2213432788848877,0.21198390424251556,68480
105,-6.601224899291992,33426.93359375,0.9375,5.999383926391602,2574859.5,-48219.671875,0.996337890625,1.1254894791458487,0.017742057510057137,0.0,1.0,1.0,0.5129290819168091,0.4418226480484009,0.2124127298593521,69120
106,-0.43471840023994446,0.43471840023994446,1.0,2.6551194190979004,43.84593963623047,-58345.42578125,0.99267578125,1.1247959636626876,0.017721632758799774,0.0,1.0,1.0,0.059315115213394165,-0.008182540535926819,0.20965106785297394,69760
107,-3.5858328342437744,9337.4990234375,0.96875,2.9761314392089844,719274.875,-215502.28125,0.9967041015625,1.124102875516907,0.017701231520625017,0.0,1.0,1.0,1.0581402778625488,0.9793469309806824,0.2058415561914444,70400
108,-0.3974114656448364,0.3974114656448364,1.0,2.7250816822052,40.43327331542969,-1204959.375,0.99560546875,1.1234102144451852,0.017680853768464486,0.0,1.0,1.0,0.874956488609314,0.7939227223396301,0.211589515209198,71040
109,-0.3778712749481201,0.3778712749481201,1.0,2.65807843208313,39.44422149658203,-78561.875,0.9991455078125,1.1227179801843636,0.017660499475280957,0.0,1.0,1.0,0.9396641850471497,0.8425339460372925,0.2088065892457962,71680
110,-0.26845836639404297,0.26845836639404297,1.0,2.318143367767334,33.634666442871094,-47132.53125,0.99462890625,1.1220261724714458,0.017640168614068325,0.0,1.0,1.0,0.8987182378768921,0.8044854998588562,0.1940508335828781,72320
111,-6.639111042022705,19011430.0,0.9375,3.4466919898986816,1464449408.0,-248120.203125,0.99658203125,1.121334791043597,0.017619861157851587,0.0,1.0,1.0,0.689839243888855,0.6091352701187134,0.20764586329460144,72960
112,-3.6716761589050293,115372968.0,0.96875,3.2457103729248047,8887173120.0,-1975117.5,0.9949951171875,1.1206438356381443,0.017599577079686783,0.0,1.0,1.0,0.7447605133056641,0.6687238216400146,0.2058602273464203,73600
113,-0.404078871011734,0.404078871011734,1.0,2.735109567642212,40.8696174621582,-14970.40234375,0.998046875,1.1199533059925773,0.017579316352660974,0.0,1.0,1.0,0.4305664300918579,0.3609870374202728,0.20709308981895447,74240
114,-3.512636184692383,1217.83154296875,0.96875,3.466052532196045,93813.609375,-50626.328125,0.9969482421875,1.119263201844547,0.01755907894989221,0.0,1.0,1.0,0.767101526260376,0.697743833065033,0.1934199184179306,74880
115,-6.690335273742676,226844.015625,0.9375,3.62491512298584,17473784.0,-846538.375,0.9873046875,1.1185735229318658,0.017538864844529472,0.0,1.0,1.0,0.7870293855667114,0.7056979537010193,0.1907508224248886,75520
116,-3.51547908782959,1397.8251953125,0.96875,3.0598301887512207,107681.6328125,-121106.890625,0.97509765625,1.117884268992508,0.017518674009752672,0.0,1.0,1.0,1.0645666122436523,0.9817941188812256,0.1962178498506546,76160
117,-3.458101272583008,8571025.0,0.96875,3.210968494415283,660225536.0,-414650.78125,0.9979248046875,1.1171954397646089,0.01749850641877258,0.0,1.0,1.0,0.6930682063102722,0.6037464737892151,0.1940203160047531,76800
118,-0.3364361524581909,0.3364361524581909,1.0,2.3800344467163086,38.39424133300781,-43833.3046875,0.998291015625,1.116507034986466,0.017478362044830817,0.0,1.0,1.0,0.9556457996368408,0.8728561997413635,0.20107907056808472,77440
119,-3.4680404663085938,4389798400.0,0.96875,3.5559678077697754,338145902592.0,-590587.5625,0.9920654296875,1.1158190543965374,0.017458240861199802,0.0,1.0,1.0,0.7984577417373657,0.7203508615493774,0.2037721425294876,78080
120,-3.5083703994750977,56180.76953125,0.96875,3.1006338596343994,4327608.5,-489575.6875,0.989501953125,1.1151314977334426,0.017438142841182728,0.0,1.0,1.0,0.7355897426605225,0.6572381258010864,0.19484558701515198,78720
121,-0.6531401872634888,0.6531401872634888,1.0,2.7236337661743164,60.1431884765625,-403191.1875,0.9891357421875,1.1144443647359616,0.017418067958113518,0.0,1.0,1.0,0.7548763751983643,0.6756801605224609,0.2133377641439438,79360
122,-3.574631452560425,97.3509750366211,0.96875,3.1171202659606934,7505.740234375,-39241.6953125,0.996337890625,1.1137576551430364,0.017398016185356798,0.0,1.0,1.0,0.7056272029876709,0.6351585984230042,0.20959384739398956,80000
123,-3.4665586948394775,95.47020721435547,0.96875,3.1643691062927246,7360.5,-1937560.25,0.9954833984375,1.1130713686937692,0.017377987496307847,0.0,1.0,1.0,0.9711591005325317,0.8920159935951233,0.1930583119392395,80640
124,-3.5672543048858643,39707.15625,0.96875,3.5159072875976562,3058643.5,-7945761.5,0.9976806640625,1.112385505127423,0.017357981864392576,0.0,1.0,1.0,0.7522529363632202,0.6713464856147766,0.191290482878685,81280
125,-0.3940604329109192,0.3940604329109192,1.0,2.6140830516815186,41.0301628112793,-3239718.75,0.996826171875,1.1117000641834212,0.017337999263067498,0.0,1.0,1.0,0.9431192278862,0.8570418953895569,0.20721875131130219,81920
126,-3.683389186859131,50.797142028808594,0.96875,3.07814884185791,3920.001953125,-735341.0625,0.9923095703125,1.1110150456013483,0.01731803966581967,0.0,1.0,1.0,0.8204638361930847,0.7410938739776611,0.20995236933231354,82560
127,-3.5275650024414062,891153.75,0.96875,3.4857418537139893,68645520.0,-358562.03125,0.9915771484375,1.1103304491209496,0.017298103046166677,0.0,1.0,1.0,0.8709357976913452,0.7911771535873413,0.2129342406988144,83200
128,-3.5009937286376953,503721.5625,0.96875,3.500365734100342,38801648.0,-1821471.75,0.998046875,1.1096462744821296,0.017278189377656582,0.0,1.0,1.0,1.167064905166626,1.0855540037155151,0.18981090188026428,83840
129,-0.3393378257751465,0.3393378257751465,1.0,2.585479736328125,37.03521728515625,-37505.8203125,0.99951171875,1.1089625214249537,0.017258298633867918,0.0,1.0,1.0,1.0962570905685425,1.011261224746704,0.1978154331445694,84480
130,-0.3433404266834259,0.3433404266834259,1.0,2.585770606994629,37.34129333496094,-36882.16015625,0.9937744140625,1.1082791896896476,0.017238430788409618,0.0,1.0,1.0,0.7309991121292114,0.647196888923645,0.1982329934835434,85120
131,-0.44632670283317566,0.44632670283317566,1.0,2.4570651054382324,46.26573944091797,-20976.287109375,0.99951171875,1.107596279016597,0.017218585814921,0.0,1.0,1.0,0.8784842491149902,0.7945927381515503,0.19107569754123688,85760
132,-0.6202769875526428,0.6202769875526428,1.0,2.579885721206665,58.71903610229492,-160401.3125,0.99755859375,1.1069137891463474,0.017198763687071735,0.0,1.0,1.0,0.9540791511535645,0.8689117431640625,0.18684262037277222,86400
133,-0.41747021675109863,0.41747021675109863,1.0,2.683067798614502,42.302032470703125,-427589.03125,0.987060546875,1.1062317198196046,0.017178964378561798,0.0,1.0,1.0,0.9582297801971436,0.8781179189682007,0.19059403240680695,87040
134,-3.5964152812957764,85899.1484375,0.96875,4.315502166748047,6616804.5,-121180.2578125,0.9967041015625,1.1055500707772332,0.017159187863121445,0.0,1.0,1.0,0.8757736682891846,0.7923501133918762,0.2002982795238495,87680
135,-1.0591700077056885,1.0591700077056885,1.0,3.021514415740967,89.12507629394531,-1538329.75,0.993896484375,1.1048688417602588,0.017139434114511173,0.0,1.0,1.0,0.6690260171890259,0.5917869210243225,0.19161690771579742,88320
136,-0.4276239275932312,0.4276239275932312,1.0,2.7148947715759277,42.8390007019043,-791144.3125,0.9990234375,1.1041880325098654,0.017119703106521684,0.0,1.0,1.0,0.9883422255516052,0.9028330445289612,0.20417146384716034,88960
137,-0.4093310236930847,0.4093310236930847,1.0,2.692370891571045,41.6034049987793,-31738.888671875,0.9990234375,1.1035076427673973,0.017099994812973855,0.0,1.0,1.0,0.43545013666152954,0.3664435148239136,0.19984416663646698,89600
138,-3.541217088699341,11460.57421875,0.96875,2.903454303741455,882815.75,-209590.390625,0.97119140625,1.1028276722743577,0.017080309207718698,0.0,1.0,1.0,0.5593732595443726,0.4898608326911926,0.20798532664775848,90240
139,-3.5930070877075195,75.07634735107422,0.96875,3.171555519104004,5789.5078125,-8483.5849609375,0.99755859375,1.1021481207724095,0.01706064626463733,0.0,1.0,1.0,0.6099783182144165,0.5446276664733887,0.199190154671669,90880
140,-1.5448018312454224,1.5448018312454224,1.0,2.596438407897949,129.8076171875,-35839.4296875,0.9989013671875,1.1014689880033743,0.017041005957640944,0.0,1.0,1.0,0.4515785574913025,0.3870552182197571,0.19623085856437683,91520
141,-6.572454929351807,2288833.0,0.9375,3.6630940437316895,176308672.0,-501399.34375,0.998291015625,1.100790273709233,0.017021388260670744,0.0,1.0,1.0,0.9988044500350952,0.9268301725387573,0.20137900114059448,92160
142,-3.573989152908325,88124.859375,0.96875,3.0851192474365234,6788260.0,-25764.27734375,0.98583984375,1.1001119776321255,0.017001793147697956,0.0,1.0,1.0,0.9489309787750244,0.8737478852272034,0.19503633677959442,92800
143,-0.5357971787452698,0.5357971787452698,1.0,2.7129080295562744,51.186885833740234,-51087.671875,0.995361328125,1.0994340995143508,0.01698222059272376,0.0,1.0,1.0,1.1728672981262207,1.0829002857208252,0.19680319726467133,93440
144,-6.627559185028076,106.12400817871094,0.9375,3.7230653762817383,8176.859375,-5442659.5,0.9932861328125,1.0987566390983663,0.01696267056977927,0.0,1.0,1.0,1.0124132633209229,0.920235276222229,0.19689247012138367,94080
145,-0.39345842599868774,0.39345842599868774,1.0,2.4977622032165527,41.87981033325195,-575089.125,0.99462890625,1.0980795961267884,0.016943143052925488,0.0,1.0,1.0,0.6551772356033325,0.5810940265655518,0.19477416574954987,94720
146,-0.5239152908325195,0.5239152908325195,1.0,2.829638957977295,49.37245178222656,-183087.59375,0.9990234375,1.0974029703423918,0.016923638016253288,0.0,1.0,1.0,0.6934915781021118,0.6229146122932434,0.2027389109134674,95360
147,-0.5125284194946289,0.5125284194946289,1.0,2.7713570594787598,48.94426345825195,-13226.8095703125,0.9998779296875,1.0967267614881102,0.01690415543388336,0.0,1.0,1.0,0.37268906831741333,0.3094947934150696,0.2037196308374405,96000
148,-3.556732654571533,237.52467346191406,0.96875,3.3114194869995117,18301.81640625,-4420400.5,0.998046875,1.0960509693070353,0.016884695279966194,0.0,1.0,1.0,0.5219074487686157,0.45433881878852844,0.21084395051002502,96640
149,-0.3549278974533081,0.3549278974533081,1.0,2.660193920135498,37.66059112548828,-65554.25,0.9954833984375,1.0953755935424168,0.016865257528682034,0.0,1.0,1.0,0.7975866794586182,0.7315905690193176,0.19957488775253296,97280
150,-3.9512524604797363,12.926626205444336,0.96875,3.147977352142334,1002.3004760742188,-16520.490234375,0.99462890625,1.0947006339376635,0.016845842154240852,0.0,1.0,1.0,0.6130499839782715,0.5412991642951965,0.1934555321931839,97920
151,-0.33624398708343506,0.33624398708343506,1.0,2.5401103496551514,37.14637756347656,-10261.166015625,0.9990234375,1.0940260902363417,0.016826449130882305,0.0,1.0,1.0,0.8350576758384705,0.7554295659065247,0.2015194147825241,98560
152,-0.5623460412025452,0.5623460412025452,1.0,2.7218568325042725,53.16301345825195,-448916.09375,0.9913330078125,1.0933519621821757,0.016807078432875707,0.0,1.0,1.0,0.7457482218742371,0.670552670955658,0.202459916472435,99200
153,-3.5422961711883545,13.353241920471191,0.96875,2.786749839782715,1037.9451904296875,-9135.615234375,0.999267578125,1.0926782495190477,0.016787730034519995,0.0,1.0,1.0,0.6235193014144897,0.5502109527587891,0.1934066116809845,99840
154,-3.5717806816101074,31.032264709472656,0.96875,4.046169281005859,2390.05810546875,-16114.607421875,0.9913330078125,1.0920049519909982,0.016768403910143694,0.0,1.0,1.0,0.2931617796421051,0.22792214155197144,0.19282154738903046,100000
155,-0.2839483916759491,0.2839483916759491,1.0,2.4111571311950684,34.11137771606445,-49235.37890625,0.999267578125,1.0913320693422248,0.01674910003410487,0.0,1.0,1.0,0.4505079686641693,0.39325252175331116,0.20420019328594208,100000
156,-3.5330729484558105,1063.177734375,0.96875,3.4628539085388184,81900.6484375,-303912.28125,0.9945068359375,1.0906596013170833,0.01672981838079113,0.0,1.0,1.0,0.2578027844429016,0.1975623071193695,0.2045159786939621,100000
157,-0.3934437930583954,0.3934437930583954,1.0,2.614858627319336,40.97669219970703,-159814.3125,0.9970703125,1.0899875476600864,0.016710558924619555,0.0,1.0,1.0,0.5731028318405151,0.5144622921943665,0.2077103704214096,100000
158,-3.587815284729004,77831104.0,0.96875,3.334937572479248,5995325440.0,-119702.0703125,0.9981689453125,1.0893159081159045,0.016691321640036668,0.0,1.0,1.0,0.5546941161155701,0.494234561920166,0.1850239634513855,100000
159,-6.725223541259766,13453294.0,0.9375,3.592996835708618,1036306496.0,-138658.671875,0.994873046875,1.0886446824293659,0.01667210650151842,0.0,1.0,1.0,0.7351924180984497,0.6678744554519653,0.21499022841453552,100000
160,-3.5122017860412598,198297.828125,0.96875,3.254321575164795,15274878.0,-5512639.5,0.998046875,1.087973870345455,0.016652913483570148,0.0,1.0,1.0,0.8368653059005737,0.7643837928771973,0.1889263242483139,100000
161,-0.46373796463012695,0.46373796463012695,1.0,2.5637741088867188,46.784950256347656,-492899.25,0.998291015625,1.0873034716093142,0.016633742560726528,0.0,1.0,1.0,0.4088514447212219,0.3340575397014618,0.18519821763038635,100000
162,-0.38652998208999634,0.38652998208999634,1.0,2.5931410789489746,40.611412048339844,-73825.9375,0.9967041015625,1.0866334859662425,0.01661459370755156,0.0,1.0,1.0,0.6753074526786804,0.6051895618438721,0.19720719754695892,100000
163,-0.3718167543411255,0.3718167543411255,1.0,2.6442368030548096,39.0844612121582,-14080.109375,0.9989013671875,1.0859639131616967,0.016595466898638524,0.0,1.0,1.0,0.4445291757583618,0.3824223279953003,0.19362539052963257,100000
164,-0.6550368070602417,0.6550368070602417,1.0,2.7718100547790527,59.918190002441406,-111684.0859375,0.9937744140625,1.0852947529412889,0.016576362108609948,0.0,1.0,1.0,0.5992769002914429,0.5352758169174194,0.19273343682289124,100000
165,-0.33876800537109375,0.33876800537109375,1.0,2.449580669403076,38.03815460205078,-8779.921875,0.9989013671875,1.0846260050507897,0.016557279312117576,0.0,1.0,1.0,0.743354082107544,0.6745703220367432,0.18151991069316864,100000
166,-0.4583452045917511,0.4583452045917511,1.0,2.6729047298431396,45.52891159057617,-46504.9375,0.999755859375,1.0839576692361248,0.01653821848384233,0.0,1.0,1.0,0.7384563684463501,0.6620004177093506,0.18291893601417542,100000
167,-4.278001308441162,119470224.0,0.96875,3.292196273803711,9202784256.0,-11676322.0,0.994873046875,1.0832897452433772,0.01651917959849428,0.0,1.0,1.0,0.538081169128418,0.4663354158401489,0.17569904029369354,100000
168,-6.79111385345459,154393.90625,0.9375,4.002623558044434,11892953.0,-465316.3125,0.9951171875,1.0826222328187867,0.016500162630812616,0.0,1.0,1.0,0.8544607162475586,0.7791063785552979,0.183381125330925,100000
169,-0.6114571690559387,0.6114571690559387,1.0,2.8454036712646484,55.994361877441406,-143664.640625,0.99755859375,1.0819551317087488,0.0164811675555656,0.0,1.0,1.0,0.7582695484161377,0.6915097236633301,0.18705542385578156,100000
170,-0.4362795650959015,0.4362795650959015,1.0,2.5693182945251465,44.62712860107422,-73091.875,0.9998779296875,1.0812884416598159,0.016462194347550543,0.0,1.0,1.0,0.5667773485183716,0.5052701830863953,0.18854255974292755,100000
171,-0.3071852922439575,0.3071852922439575,1.0,2.471742630004883,35.43462371826172,-34768.1328125,0.9952392578125,1.0806221624186956,0.016443242981593772,0.0,1.0,1.0,0.4147881269454956,0.3572865128517151,0.20009538531303406,100000
172,-0.5365340113639832,0.5365340113639832,1.0,2.3971118927001953,53.67622375488281,-20338.064453125,0.9945068359375,1.0799562937322527,0.016424313432550595,0.0,1.0,1.0,0.576585054397583,0.5083152055740356,0.19198571145534515,100000
173,-3.63720440864563,290.9989929199219,0.96875,3.114373207092285,22422.458984375,-332310.3125,0.9976806640625,1.0792908353475072,0.016405405675305264,0.0,1.0,1.0,0.5968298316001892,0.5283571481704712,0.1794304996728897,100000
174,-0.4022510051727295,0.4022510051727295,1.0,2.632093906402588,41.52234649658203,-19211396.0,0.991943359375,1.0786257870116354,0.016386519684770944,0.0,1.0,1.0,0.7130550742149353,0.6428496241569519,0.18343804776668549,100000
175,-0.4277919828891754,0.4277919828891754,1.0,2.675095796585083,43.15852355957031,-85845.8671875,0.994140625,1.077961148471969,0.016367655435889684,0.0,1.0,1.0,0.8086961507797241,0.7404963970184326,0.18590793013572693,100000
176,-3.510876178741455,316.6645202636719,0.96875,3.0033938884735107,24400.328125,-250012.15625,0.99560546875,1.077296919475996,0.01634881290363237,0.0,1.0,1.0,0.5652223825454712,0.4996093511581421,0.19084344804286957,100000
177,-0.5337519645690918,0.5337519645690918,1.0,2.567511558532715,52.14933395385742,-12624.7861328125,0.998779296875,1.0766330997713596,0.01632999206299872,0.0,1.0,1.0,0.7024657726287842,0.6368246078491211,0.17709508538246155,100000
178,-0.47115081548690796,0.47115081548690796,1.0,2.7618160247802734,45.8304443359375,-10027.8115234375,0.998779296875,1.075969689105858,0.016311192889017206,0.0,1.0,1.0,0.695700466632843,0.6344748139381409,0.2056102156639099,100000
179,-0.5272534489631653,0.5272534489631653,1.0,2.8411600589752197,49.54084014892578,-91398.09375,0.997802734375,1.075306687227446,0.016292415356745076,0.0,1.0,1.0,0.8288247585296631,0.7595580816268921,0.19895564019680023,100000
180,-0.42488348484039307,0.42488348484039307,1.0,2.8400535583496094,41.66381072998047,-250755.453125,0.9931640625,1.0746440938842325,0.01627365944126827,0.0,1.0,1.0,0.8498678803443909,0.7763451337814331,0.19120492041110992,100000
181,-3.4500064849853516,20898.326171875,0.96875,2.942075490951538,1609805.0,-7552.7509765625,0.9990234375,1.0739819088244826,0.01625492511770143,0.0,1.0,1.0,0.7022135257720947,0.6321287155151367,0.19412723183631897,100000
182,-0.4029915928840637,0.4029915928840637,1.0,2.6008009910583496,41.82044219970703,-2790581.0,0.98974609375,1.0733201317966157,0.016236212361187816,0.0,1.0,1.0,0.8591079115867615,0.7893803715705872,0.19011534750461578,100000
183,-0.3809308111667633,0.3809308111667633,1.0,2.7438364028930664,39.01930236816406,-5271.810546875,0.998779296875,1.0726587625492068,0.016217521146899335,0.0,1.0,1.0,0.6646712422370911,0.5984333157539368,0.18908603489398956,100000
184,-6.752313613891602,7326.693359375,0.9375,3.615511655807495,564377.75,-2510645.75,0.9765625,1.0719978008309856,0.01619885145003646,0.0,1.0,1.0,0.7560701370239258,0.6913833618164062,0.1809108853340149,100000
185,-6.65641975402832,3291296.0,0.9375,3.4208693504333496,253528352.0,-44952.9609375,0.997314453125,1.0713372463908366,0.01618020324582821,0.0,1.0,1.0,0.914810836315155,0.8487498164176941,0.18511174619197845,100000
186,-0.38586366176605225,0.38586366176605225,1.0,2.5627236366271973,40.79438781738281,-1492946.75,0.9959716796875,1.0706770989777992,0.016161576509532132,0.0,1.0,1.0,0.8272655606269836,0.7534443736076355,0.17589515447616577,100000
187,-6.837687969207764,67126.375,0.9375,3.406224250793457,5170746.0,-99893.9921875,0.99462890625,1.070017358341067,0.01614297121643425,0.0,1.0,1.0,0.9173219203948975,0.841184675693512,0.18409773707389832,100000
188,-0.4140152335166931,0.4140152335166931,1.0,2.5195016860961914,43.29584503173828,-37604.421875,0.999755859375,1.069358024229989,0.01612438734184904,0.0,1.0,1.0,0.7004543542861938,0.6321650743484497,0.18666213750839233,100000
189,-0.46840524673461914,0.46840524673461914,1.0,2.726107358932495,45.89401626586914,-5452.33349609375,0.9976806640625,1.0686990963940675,0.016105824861119392,0.0,1.0,1.0,0.5338549613952637,0.4683160185813904,0.18333156406879425,100000
190,-0.34977319836616516,0.34977319836616516,1.0,2.450934886932373,38.875450134277344,-10591.888671875,0.9993896484375,1.0680405745829602,0.016087283749616592,0.0,1.0,1.0,0.9745103120803833,0.9113225936889648,0.19017890095710754,100000
191,-3.5994608402252197,259.1712646484375,0.96875,3.1201813220977783,19970.72265625,-13692.298828125,0.99560546875,1.0673824585464784,0.016068763982740267,0.0,1.0,1.0,0.7220284938812256,0.6537999510765076,0.18975776433944702,100000
192,-6.795619487762451,283945.09375,0.9375,3.6476664543151855,21872274.0,-616519.75,0.9906005859375,1.0667247480345878,0.016050265535918373,0.0,1.0,1.0,0.4379846155643463,0.3717750012874603,0.17751656472682953,100000
193,-0.6075077652931213,0.6075077652931213,1.0,2.7831759452819824,56.16947937011719,-89267.25,0.9986572265625,1.0660674427974084,0.016031788384607146,0.0,1.0,1.0,0.6577306985855103,0.594783365726471,0.18580323457717896,100000
194,-3.5064585208892822,954.167236328125,0.96875,3.169689893722534,73505.8359375,-23810.07421875,0.998291015625,1.0654105425852138,0.016013332504291083,0.0,1.0,1.0,0.9471361637115479,0.8775995373725891,0.1844974309206009,100000
195,-0.41475212574005127,0.41475212574005127,1.0,2.7036478519439697,41.93412780761719,-25230.416015625,0.99951171875,1.0647540471484314,0.0159948978704829,0.0,1.0,1.0,0.6679880619049072,0.6054426431655884,0.19619692862033844,100000
196,-3.887932062149048,12061.599609375,0.96875,3.3156578540802,929109.5,-4224.4814453125,0.9908447265625,1.064097956237643,0.015976484458723503,0.0,1.0,1.0,0.45926380157470703,0.3948040306568146,0.1883050799369812,100000
197,-0.44184863567352295,0.44184863567352295,1.0,2.5813822746276855,44.96318054199219,-237549.921875,0.9805908203125,1.0634422696035832,0.015958092244581955,0.0,1.0,1.0,0.6482039093971252,0.5878779292106628,0.19031934440135956,100000
198,-3.540315866470337,764.7908935546875,0.96875,2.9937100410461426,58919.55078125,-1645.456298828125,0.9954833984375,1.062786986997141,0.015939721203655447,0.0,1.0,1.0,0.6075178384780884,0.5452291369438171,0.190471813082695,100000
199,-0.297218382358551,0.297218382358551,1.0,2.4503390789031982,34.831748962402344,-31828.828125,0.999267578125,1.0621321081693587,0.015921371311569264,0.0,1.0,1.0,0.326668918132782,0.26963385939598083,0.19863463938236237,100000
200,-0.3662925958633423,0.3662925958633423,1.0,2.6210389137268066,38.83762741088867,-44695.16015625,0.9945068359375,1.0614776328714315,0.01590304254397674,0.0,1.0,1.0,0.7588649988174438,0.7000163793563843,0.19970765709877014,100000
201,-6.971753120422363,164616.765625,0.9375,3.871488332748413,12680421.0,-203479.296875,0.994140625,1.0608235608547087,0.015884734876559257,0.0,1.0,1.0,0.39992547035217285,0.3496249318122864,0.19732721149921417,100000
202,-0.6551336646080017,0.6551336646080017,1.0,2.780034065246582,59.86229705810547,-24094.29296875,0.9945068359375,1.0601698918706919,0.015866448285026168,0.0,1.0,1.0,0.5769003629684448,0.5171275734901428,0.19952842593193054,100000
203,-0.45148712396621704,0.45148712396621704,1.0,2.629373550415039,45.33595275878906,-110094.1953125,0.9971923828125,1.0595166256710369,0.015848182745114812,0.0,1.0,1.0,0.6149058938026428,0.5584092140197754,0.18403396010398865,100000
204,-3.4628746509552,40144.60546875,0.96875,2.956944465637207,3092344.75,-72976.5546875,0.9893798828125,1.0588637620075516,0.01582993823259045,0.0,1.0,1.0,0.5267006158828735,0.46756792068481445,0.18763986229896545,100000
205,-3.4734058380126953,1804.5806884765625,0.96875,3.4674501419067383,139010.828125,-1078745.25,0.9993896484375,1.0582113006321974,0.01581171472324623,0.0,1.0,1.0,0.5291522145271301,0.4687590003013611,0.17278628051280975,100000
206,-6.694645881652832,2966711.25,0.9375,3.6032307147979736,228525600.0,-15883379.0,0.9971923828125,1.057559241297088,0.015793512192903196,0.0,1.0,1.0,0.5667105317115784,0.5052647590637207,0.17213855683803558,100000
207,-0.4333186447620392,0.4333186447620392,1.0,2.646620273590088,43.8035888671875,-546737.75,0.99853515625,1.0569075837544906,0.015775330617410196,0.0,1.0,1.0,0.3804089426994324,0.32244253158569336,0.1838667094707489,100000
208,-0.6283241510391235,0.6283241510391235,1.0,2.7661142349243164,57.904380798339844,-5824.8134765625,0.999755859375,1.0562563277568244,0.0157571699726439,0.0,1.0,1.0,0.4987689256668091,0.4368552565574646,0.1730397492647171,100000
209,-0.43833985924720764,0.43833985924720764,1.0,2.579089879989624,44.71055603027344,-7554.12109375,0.994873046875,1.0556054730566613,0.015739030234508743,0.0,1.0,1.0,0.5678410530090332,0.5027517080307007,0.17453426122665405,100000
210,-3.5457863807678223,25.847803115844727,0.96875,3.077207088470459,1998.163330078125,-21631.09765625,0.994384765625,1.054955019406726,0.015720911378936903,0.0,1.0,1.0,0.5111365914344788,0.4434627592563629,0.18645945191383362,100000
211,-0.4483194053173065,0.4483194053173065,1.0,2.69075870513916,44.61909484863281,-32603.16015625,1.0,1.0543049665598951,0.01570281338188826,0.0,1.0,1.0,0.3247717618942261,0.27168142795562744,0.18182121217250824,100000
212,-3.4702091217041016,87.05353546142578,0.96875,3.633523464202881,6708.55126953125,-5781.39794921875,0.9993896484375,1.053655314269198,0.01568473621935037,0.0,1.0,1.0,0.32357972860336304,0.26987937092781067,0.19394513964653015,100000
213,-0.28247392177581787,0.28247392177581787,1.0,2.4397339820861816,33.777671813964844,-3543.2958984375,0.998046875,1.0530060622878157,0.015666679867338433,0.0,1.0,1.0,0.21794813871383667,0.16869205236434937,0.1785936802625656,100000
214,-0.33618587255477905,0.33618587255477905,1.0,2.5295910835266113,37.222930908203125,-164685.546875,0.998291015625,1.0523572103690815,0.01564864430189526,0.0,1.0,1.0,0.2424687147140503,0.1916678547859192,0.1752740740776062,100000
215,-0.3956194519996643,0.3956194519996643,1.0,2.6448140144348145,40.91353225708008,-1129.093994140625,0.9998779296875,1.0517087582664808,0.01563062949909124,0.0,1.0,1.0,0.4127737879753113,0.3563065528869629,0.1781943291425705,100000
216,-0.40874385833740234,0.40874385833740234,1.0,2.6058695316314697,42.22449493408203,-5879.673828125,0.9996337890625,1.051060705733651,0.015612635435024318,0.0,1.0,1.0,0.33688175678253174,0.2786845266819,0.18725533783435822,100000
217,-3.6872384548187256,1579.3636474609375,0.96875,3.1895248889923096,121664.5390625,-27741.2265625,0.994873046875,1.0504130525243809,0.015594662085819945,0.0,1.0,1.0,0.7956078052520752,0.7322576642036438,0.18799737095832825,100000
218,-0.6025335788726807,0.6025335788726807,1.0,2.704066753387451,56.395694732666016,-7545.76171875,0.998046875,1.0497657983926119,0.015576709427631064,0.0,1.0,1.0,0.704700767993927,0.6434244513511658,0.17460888624191284,100000
219,-0.5574913024902344,0.5574913024902344,1.0,2.673619031906128,53.160621643066406,-12651.29296875,0.998291015625,1.0491189430924355,0.015558777436638064,0.0,1.0,1.0,0.7061256170272827,0.6388137340545654,0.17534564435482025,100000
220,-0.40420615673065186,0.40420615673065186,1.0,2.5714759826660156,42.139888763427734,-19021.474609375,0.9996337890625,1.0484724863780963,0.015540866089048757,0.0,1.0,1.0,0.4064403772354126,0.3473386764526367,0.18636742234230042,100000
221,-0.36295920610427856,0.36295920610427856,1.0,2.545593500137329,39.162010192871094,-2095.054443359375,0.997314453125,1.0478264280039893,0.015522975361098352,0.0,1.0,1.0,0.3211756944656372,0.2688259780406952,0.180011585354805,100000
222,-0.3356930613517761,0.3356930613517761,1.0,2.4445910453796387,37.8397216796875,-1206804.75,0.9979248046875,1.0471807677246614,0.01550510522904941,0.0,1.0,1.0,0.3043172061443329,0.25514745712280273,0.18788164854049683,100000
223,-0.5784140825271606,0.5784140825271606,1.0,2.703563928604126,54.54164123535156,-1264146.875,0.9991455078125,1.0465355052948102,0.015487255669191818,0.0,1.0,1.0,0.7006034851074219,0.6502739191055298,0.18991206586360931,100000
224,-0.39382627606391907,0.39382627606391907,1.0,2.5983707904815674,41.133155822753906,-2368.24462890625,0.9970703125,1.0458906404692854,0.015469426657842757,0.0,1.0,1.0,0.43930643796920776,0.38805246353149414,0.19653062522411346,100000
225,-3.604844331741333,215200.671875,0.96875,3.187162399291992,16576900.0,-37335.84375,0.995849609375,1.0452461730030864,0.015451618171346677,0.0,1.0,1.0,0.14488771557807922,0.09335306286811829,0.18310858309268951,100000
226,-3.4583797454833984,98.37574768066406,0.96875,3.0629611015319824,7585.095703125,-15821.4287109375,0.9979248046875,1.044602102651365,0.01543383018607526,0.0,1.0,1.0,0.2833051085472107,0.23177744448184967,0.190520241856575,100000
227,-0.4009438157081604,0.4009438157081604,1.0,2.6627705097198486,41.18535232543945,-11842.7861328125,0.997802734375,1.0439584291694226,0.015416062678427383,0.0,1.0,1.0,0.3592338562011719,0.3047897517681122,0.1806529015302658,100000
228,-0.46615034341812134,0.46615034341812134,1.0,2.596360683441162,46.71976089477539,-1779.3519287109375,0.9949951171875,1.0433151523127124,0.015398315624829096,0.0,1.0,1.0,0.4342026114463806,0.3833233416080475,0.1791868656873703,100000
229,-0.38209277391433716,0.38209277391433716,1.0,2.6508378982543945,39.825172424316406,-4524.34326171875,0.9969482421875,1.0426722718368377,0.01538058900173359,0.0,1.0,1.0,0.060849543660879135,0.00791248306632042,0.1855795830488205,100000
230,-3.572655200958252,30.170495986938477,0.96875,3.5580101013183594,2327.436279296875,-9107.0966796875,0.9984130859375,1.0420297874975524,0.015362882785621163,0.0,1.0,1.0,0.4807196259498596,0.42915934324264526,0.17757605016231537,100000
231,-3.697559356689453,11231.1953125,0.96875,3.141695022583008,865144.875,-114369.0390625,0.9915771484375,1.0413876990507613,0.015345196952999185,0.0,1.0,1.0,0.5306957960128784,0.4817988872528076,0.18533724546432495,100000
232,-0.4872494339942932,0.4872494339942932,1.0,2.6848764419555664,47.663185119628906,-3388.908447265625,0.994873046875,1.0407460062525193,0.015327531480402072,0.0,1.0,1.0,0.4898819327354431,0.43859755992889404,0.18778787553310394,100000
233,-3.4503285884857178,21341532.0,0.96875,3.0421862602233887,1643936896.0,-1896.552490234375,0.9996337890625,1.0401047088590318,0.015309886344391257,0.0,1.0,1.0,0.47890007495880127,0.42514678835868835,0.1796252280473709,100000
234,-0.36325371265411377,0.36325371265411377,1.0,2.63729190826416,38.47834396362305,-718.27734375,0.998779296875,1.039463806626654,0.015292261521555153,0.0,1.0,1.0,0.35196828842163086,0.29825347661972046,0.17682024836540222,100000
235,-0.37143445014953613,0.37143445014953613,1.0,2.568467617034912,39.6386604309082,-317810.5625,0.99658203125,1.0388232993118915,0.015274656988509123,0.0,1.0,1.0,0.46933773159980774,0.4100976288318634,0.1906319558620453,100000
236,-0.3017309308052063,0.3017309308052063,1.0,2.40909481048584,35.49705123901367,-1695.76513671875,0.99267578125,1.0381831866714002,0.015257072721895453,0.0,1.0,1.0,0.6150647401809692,0.5544629096984863,0.1750490814447403,100000
237,-3.57765531539917,15281.458984375,0.96875,3.150007724761963,1177136.5,-214854.171875,0.9957275390625,1.037543468461986,0.01523950869838332,0.0,1.0,1.0,0.4293614625930786,0.37337449193000793,0.17309974133968353,100000
238,-0.39620107412338257,0.39620107412338257,1.0,2.6159780025482178,41.180458068847656,-671169.25,0.999267578125,1.0369041444406037,0.015221964894668757,0.0,1.0,1.0,0.41089046001434326,0.35843899846076965,0.1763627976179123,100000
239,-3.8072500228881836,832.2864379882812,0.96875,3.0336036682128906,64118.41015625,-20881.0546875,0.9976806640625,1.036265214364359,0.015204441287474621,0.0,1.0,1.0,0.2943587303161621,0.2470758855342865,0.18429319560527802,100000
240,-0.4940200448036194,0.4940200448036194,1.0,2.554983377456665,49.1852912902832,-51267.90625,1.0,1.0356266779905066,0.015186937853550577,0.0,1.0,1.0,0.0843554139137268,0.03281734138727188,0.18617242574691772,100000
241,-0.5059990882873535,0.5059990882873535,1.0,2.6977193355560303,49.008544921875,-41689.1953125,0.9974365234375,1.0349885350764512,0.015169454569673042,0.0,1.0,1.0,0.6828006505966187,0.6345385313034058,0.18628257513046265,100000
242,-0.6996546983718872,0.6996546983718872,1.0,2.729444742202759,63.68143844604492,-9692.865234375,0.997802734375,1.0343507853797465,0.01515199141264518,0.0,1.0,1.0,0.3439673185348511,0.29589471220970154,0.18150201439857483,100000
243,-3.6280200481414795,571004.75,0.96875,3.3296873569488525,43984468.0,-52752.4296875,0.9981689453125,1.033713428658096,0.015134548359296852,0.0,1.0,1.0,0.10528631508350372,0.05505651980638504,0.17294850945472717,100000
244,-0.5317637324333191,0.5317637324333191,1.0,2.8521504402160645,49.803611755371094,-53138.36328125,0.990966796875,1.0330764646693522,0.015117125386484596,0.0,1.0,1.0,0.6915242671966553,0.637309730052948,0.17025558650493622,100000
245,-0.7523899078369141,0.7523899078369141,1.0,2.685854434967041,68.07940673828125,-2615679.0,0.99853515625,1.0324398931715173,0.01509972247109159,0.0,1.0,1.0,0.1097753643989563,0.05977042019367218,0.15811704099178314,100000
246,-0.3583202362060547,0.3583202362060547,1.0,2.541905164718628,38.83308410644531,-6146.74853515625,0.9998779296875,1.031803713922742,0.015082339590027628,0.0,1.0,1.0,0.2570064067840576,0.20581355690956116,0.16706402599811554,100000
247,-0.38629311323165894,0.38629311323165894,1.0,2.7766013145446777,39.179969787597656,-766234.75,0.9970703125,1.0311679266813265,0.01506497672022908,0.0,1.0,1.0,0.4818803369998932,0.43197935819625854,0.18090251088142395,100000
248,-6.698200225830078,1606.0758056640625,0.9375,3.473202705383301,123719.96875,-187525.15625,0.9921875,1.0305325312057194,0.015047633838658874,0.0,1.0,1.0,-0.05965517461299896,-0.10682665556669235,0.17482613027095795,100000
249,-0.43647149205207825,0.43647149205207825,1.0,2.581942081451416,44.54467010498047,-698.329345703125,0.99951171875,1.029897527254519,0.015030310922306457,0.0,1.0,1.0,0.07492143660783768,0.02777160331606865,0.1741519421339035,100000
250,-0.5366564989089966,0.5366564989089966,1.0,2.584268569946289,52.24399185180664,-2431.0166015625,0.9996337890625,1.0292629145864716,0.015013007948187756,0.0,1.0,1.0,0.11821536719799042,0.068048857152462,0.18496544659137726,100000
251,-3.596782684326172,64367.31640625,0.96875,3.1519131660461426,4958218.0,-66523.1328125,0.9989013671875,1.028628692960472,0.014995724893345172,0.0,1.0,1.0,0.2887744903564453,0.24517986178398132,0.18458150327205658,100000
252,-3.671776056289673,2443.95751953125,0.96875,3.0347390174865723,188265.34375,-8864.302734375,0.9991455078125,1.0279948621355646,0.014978461734847527,0.0,1.0,1.0,0.2693629264831543,0.22385399043560028,0.17673565447330475,100000
253,-1.2268006801605225,1.2268006801605225,1.0,2.802349328994751,103.72588348388672,-3195.19189453125,0.9998779296875,1.0273614218709413,0.014961218449790039,0.0,1.0,1.0,0.12575526535511017,0.0830175131559372,0.18014946579933167,100000
254,-0.7542930841445923,0.7542930841445923,1.0,2.8631491661071777,66.86030578613281,-7971.802734375,0.99853515625,1.0267283719259428,0.0149439950152943,0.0,1.0,1.0,0.1621685028076172,0.1189892441034317,0.18402495980262756,100000
255,-0.4735081195831299,0.4735081195831299,1.0,2.6733789443969727,46.693260192871094,-630.8729248046875,0.9967041015625,1.0260957120600578,0.01492679140850824,0.0,1.0,1.0,0.18903586268424988,0.14316055178642273,0.18247880041599274,100000
256,-0.44836658239364624,0.44836658239364624,1.0,2.796207904815674,43.810455322265625,-3085.092529296875,1.0,1.0254634420329238,0.01490960760660609,0.0,1.0,1.0,0.3732152581214905,0.32313358783721924,0.17235784232616425,100000
257,-0.3974408805370331,0.3974408805370331,1.0,2.584656000137329,41.517234802246094,-3053.35595703125,0.9998779296875,1.0248315616043255,0.014892443586788363,0.0,1.0,1.0,0.4175131618976593,0.36186063289642334,0.16165323555469513,100000
258,-0.5927116870880127,0.5927116870880127,1.0,2.5425562858581543,56.88322448730469,-20142.38671875,0.9991455078125,1.0242000705341967,0.014875299326281817,0.0,1.0,1.0,0.532683253288269,0.478328138589859,0.17150835692882538,100000
259,-1.1363338232040405,1.1363338232040405,1.0,2.9576165676116943,95.56120300292969,-26840.61328125,0.9993896484375,1.0235689685826181,0.014858174802339431,0.0,1.0,1.0,0.39064282178878784,0.34391355514526367,0.17551955580711365,100000
260,-3.639313220977783,3.639313220977783,1.0,2.649810314178467,290.736572265625,-24465.70703125,0.9993896484375,1.0229382555098192,0.014841069992240363,0.0,1.0,1.0,0.4965217113494873,0.4493691921234131,0.16206927597522736,100000
261,-0.3669367730617523,0.3669367730617523,1.0,2.5085504055023193,39.753746032714844,-2737.225341796875,0.9991455078125,1.0223079310761762,0.014823984873289935,0.0,1.0,1.0,0.33597055077552795,0.2881163954734802,0.17162737250328064,100000
262,-3.712270975112915,230.4126739501953,0.96875,3.78729510307312,17750.3125,-11905.7666015625,0.998291015625,1.021677995042214,0.014806919422819588,0.0,1.0,1.0,0.24899354577064514,0.20121632516384125,0.16826476156711578,100000
263,-0.45082032680511475,0.45082032680511475,1.0,2.8830180168151855,43.330772399902344,-24868.84765625,0.998779296875,1.0210484471686039,0.014789873618186867,0.0,1.0,1.0,0.23052482306957245,0.18192490935325623,0.16961322724819183,100000
264,-7.6055450439453125,3203.1328125,0.96875,3.1253602504730225,246743.84375,-99228.2421875,0.9912109375,1.020419287216166,0.014772847436775377,0.0,1.0,1.0,0.3789745569229126,0.3317042291164398,0.16731010377407074,100000
265,-3.427093982696533,2148.375244140625,0.96875,3.0063161849975586,165496.890625,-19099.703125,0.9976806640625,1.0197905149458666,0.014755840855994755,0.0,1.0,1.0,0.6288453340530396,0.5793320536613464,0.17052094638347626,100000
266,-3.5929319858551025,2581.005126953125,0.96875,3.0693717002868652,198821.84375,-725436.0625,0.993408203125,1.0191621301188203,0.014738853853280661,0.0,1.0,1.0,0.6151202917098999,0.55839604139328,0.17041978240013123,100000
267,-0.35613909363746643,0.35613909363746643,1.0,2.662548065185547,37.73575973510742,-6223.72216796875,0.9974365234375,1.018534132496288,0.014721886406094713,0.0,1.0,1.0,0.6090645790100098,0.5599706172943115,0.17060069739818573,100000
268,-6.809445381164551,6.809445381164551,1.0,3.0072171688079834,532.1785888671875,-497708.3125,0.9920654296875,1.0179065218396781,0.014704938491924486,0.0,1.0,1.0,0.4634820222854614,0.41141536831855774,0.1732737123966217,100000
269,-1.125962257385254,1.125962257385254,1.0,2.7159218788146973,96.62405395507812,-10668.361328125,0.9993896484375,1.0172792979105465,0.014688010088283465,0.0,1.0,1.0,0.1012071818113327,0.05625982955098152,0.17517408728599548,100000
270,-3.438509941101074,7405.2080078125,0.96875,3.1702919006347656,570429.125,-2444113.25,0.9986572265625,1.016652460470595,0.01467110117271103,0.0,1.0,1.0,0.5206294059753418,0.47342002391815186,0.1736079305410385,100000
271,-0.40046030282974243,0.40046030282974243,1.0,2.5901389122009277,41.707584381103516,-4673.67578125,0.999267578125,1.016026009281673,0.014654211722772406,0.0,1.0,1.0,0.12386039644479752,0.07961416244506836,0.18335272371768951,100000
272,-1.0352500677108765,1.0352500677108765,1.0,2.607414722442627,90.47233581542969,-30149.125,0.99853515625,1.0153999441057766,0.014637341716058657,0.0,1.0,1.0,0.38965046405792236,0.3451862037181854,0.19094190001487732,100000
273,-3.776076555252075,41311.62890625,0.96875,3.2207798957824707,3182238.5,-1122638.0,0.9962158203125,1.0147742647050482,0.014620491130186633,0.0,1.0,1.0,0.41686010360717773,0.37010428309440613,0.1862274706363678,100000
274,-9.74041748046875,1929597.25,0.90625,4.483714580535889,148636784.0,-25034.626953125,0.9974365234375,1.014148970841777,0.014603659942798964,0.0,1.0,1.0,0.693537712097168,0.6499901413917542,0.17337088286876678,100000
275,-3.5094316005706787,2271.598388671875,0.96875,3.0661869049072266,174988.28125,-59996.421875,0.999267578125,1.0135240622783988,0.014586848131564007,0.0,1.0,1.0,0.13524100184440613,0.08626817166805267,0.15403339266777039,100000
276,-3.5776171684265137,1744.4736328125,0.96875,3.067572593688965,134383.875,-1218984.375,0.9991455078125,1.0128995387774953,0.01457005567417583,0.0,1.0,1.0,0.37622693181037903,0.3241429924964905,0.1764824539422989,100000
277,-0.4456295669078827,0.4456295669078827,1.0,2.6572601795196533,44.66994094848633,-188921.546875,0.9976806640625,1.0122754001017948,0.014553282548354187,0.0,1.0,1.0,0.6821379065513611,0.6313595175743103,0.17616255581378937,100000
278,-0.8400055170059204,0.8400055170059204,1.0,2.8873934745788574,73.27597045898438,-104587.65625,0.9986572265625,1.0116516460141722,0.014536528731844474,0.0,1.0,1.0,0.08329997956752777,0.03581934794783592,0.17704430222511292,100000
279,-0.468404084444046,0.468404084444046,1.0,2.781975269317627,45.46357727050781,-4633.67431640625,0.998779296875,1.0110282762776477,0.014519794202417705,0.0,1.0,1.0,0.43526020646095276,0.38473597168922424,0.17051680386066437,100000
280,-0.38316598534584045,0.38316598534584045,1.0,2.531520128250122,40.826942443847656,-1377.5191650390625,0.9986572265625,1.0104052906553884,0.014503078937870489,0.0,1.0,1.0,0.24992501735687256,0.2016763687133789,0.18058277666568756,100000
281,-0.3825168311595917,0.3825168311595917,1.0,2.461463451385498,41.31658935546875,-1135.162841796875,0.9998779296875,1.0097826889107067,0.014486382916024991,0.0,1.0,1.0,0.5518057942390442,0.4975975453853607,0.1650470793247223,100000
282,-0.5599066615104675,0.5599066615104675,1.0,2.698753833770752,53.15306854248047,-12367.9736328125,1.0,1.0091604708070607,0.014469706114728916,0.0,1.0,1.0,0.2283003032207489,0.18045109510421753,0.1618167906999588,100000
283,-0.34981784224510193,0.34981784224510193,1.0,2.4953341484069824,38.53688049316406,-1313.266845703125,0.998291015625,1.008538636108055,0.01445304851185546,0.0,1.0,1.0,-0.16259801387786865,-0.20446227490901947,0.170151025056839,100000
284,-0.4960606098175049,0.4960606098175049,1.0,2.4995837211608887,49.76921844482422,-97602.5,0.9981689453125,1.0079171845774395,0.0144364100853033,0.0,1.0,1.0,0.061564989387989044,0.019828226417303085,0.17927558720111847,100000
285,-0.3418194055557251,0.3418194055557251,1.0,2.6610891819000244,36.643951416015625,-10278.3359375,0.9996337890625,1.0072961159791094,0.014419790812996549,0.0,1.0,1.0,0.33038949966430664,0.2890909016132355,0.17669539153575897,100000
286,-0.4513819217681885,0.4513819217681885,1.0,2.6694488525390625,45.01915740966797,-41082.2578125,0.9971923828125,1.0066754300771055,0.014403190672884742,0.0,1.0,1.0,0.48324698209762573,0.4401383697986603,0.16891971230506897,100000
287,-0.44916367530822754,0.44916367530822754,1.0,2.573453903198242,45.587730407714844,-52111.59375,0.9993896484375,1.0060551266356146,0.01438660964294279,0.0,1.0,1.0,0.3348219692707062,0.29169875383377075,0.1715027391910553,100000
288,-0.4352220296859741,0.4352220296859741,1.0,2.65278959274292,43.902687072753906,-50783.4140625,0.9998779296875,1.0054352054189677,0.014370047701170965,0.0,1.0,1.0,0.46080225706100464,0.41360247135162354,0.1763787865638733,100000
289,-0.3181530237197876,0.3181530237197876,1.0,2.4939897060394287,36.10809326171875,-50984.42578125,0.9981689453125,1.004815666191642,0.014353504825594863,0.0,1.0,1.0,0.307881623506546,0.25928419828414917,0.17176613211631775,100000
290,-0.4465678334236145,0.4465678334236145,1.0,2.6535587310791016,44.77072525024414,-58181.51171875,0.9981689453125,1.0041965087182596,0.014336980994265378,0.0,1.0,1.0,0.310101717710495,0.2611277401447296,0.17924939095973969,100000
291,-0.3584725856781006,0.3584725856781006,1.0,2.4493823051452637,39.557525634765625,-6322.5771484375,0.9996337890625,1.003577732763587,0.014320476185258675,0.0,1.0,1.0,0.2796066105365753,0.22642913460731506,0.1718810647726059,100000
292,-0.4489448070526123,0.4489448070526123,1.0,2.6379246711730957,45.07425308227539,-364426.3125,0.9761962890625,1.0029593380925368,0.014303990376676151,0.0,1.0,1.0,0.24434688687324524,0.1968332827091217,0.16238611936569214,100000
293,-2.210002899169922,2.210002899169922,1.0,2.850653648376465,179.08981323242188,-126329.84375,0.9991455078125,1.002341324470165,0.014287523546644417,0.0,1.0,1.0,-0.1902312934398651,-0.23226526379585266,0.16411730647087097,100000
294,-0.3570053279399872,0.3570053279399872,1.0,2.5604023933410645,38.58931350708008,-12157.8125,0.9989013671875,1.0017236916616739,0.01427107567331526,0.0,1.0,1.0,0.4719941020011902,0.42667093873023987,0.16710250079631805,100000
295,-0.41186395287513733,0.41186395287513733,1.0,2.6390092372894287,42.20956039428711,-6074.4462890625,0.998291015625,1.0011064394324094,0.014254646734865633,0.0,1.0,1.0,0.21998226642608643,0.17965011298656464,0.16830216348171234,100000
296,-3.4956774711608887,64442.03515625,0.96875,3.253014326095581,4963973.0,-130587.5859375,0.9981689453125,1.0004895675478624,0.014238236709497592,0.0,1.0,1.0,0.36642229557037354,0.3251766264438629,0.16855360567569733,100000
297,-0.40561026334762573,0.40561026334762573,1.0,2.5589165687561035,42.344791412353516,-34169.4609375,0.9976806640625,0.9998730757736684,0.014221845575438301,0.0,1.0,1.0,0.3923279643058777,0.3496464192867279,0.1717837005853653,100000
298,-0.698287844657898,0.698287844657898,1.0,2.7070353031158447,63.748779296875,-20764.95703125,0.9913330078125,0.9992569638756068,0.014205473310939985,0.0,1.0,1.0,0.5162044167518616,0.4681703448295593,0.1692662537097931,100000
299,-0.42276135087013245,0.42276135087013245,1.0,2.636047601699829,43.07180404663086,-5860.60791015625,0.9993896484375,0.998641231619602,0.014189119894279902,0.0,1.0,1.0,0.14359018206596375,0.09916530549526215,0.1691116988658905,100000
300,-0.3986094295978546,0.3986094295978546,1.0,2.548459053039551,41.886070251464844,-109308.578125,0.9967041015625,0.9980258787717223,0.014172785303760323,0.0,1.0,1.0,0.4808781147003174,0.4369678795337677,0.16612844169139862,100000
301,-3.46716046333313,12413.5498046875,0.96875,3.0303843021392822,956222.625,-41600.9765625,0.9986572265625,0.99741090509818,0.014156469517708492,0.0,1.0,1.0,0.32191282510757446,0.2801233232021332,0.17624720931053162,100000
302,-3.5187253952026367,31.456871032714844,0.96875,2.953479051589966,2431.1826171875,-486.7197265625,0.9891357421875,0.9967963103653318,0.014140172514476608,0.0,1.0,1.0,-0.09496206045150757,-0.13899177312850952,0.16872534155845642,100000
303,-0.4439955949783325,0.4439955949783325,1.0,2.6245603561401367,44.79595947265625,-1811.9422607421875,0.9993896484375,0.9961820943396781,0.014123894272441786,0.0,1.0,1.0,0.20264169573783875,0.15581907331943512,0.15975722670555115,100000
304,-0.3401647210121155,0.3401647210121155,1.0,2.54599666595459,37.403045654296875,-17716.05078125,1.0,0.9955682567878632,0.014107634770006037,0.0,1.0,1.0,0.27948063611984253,0.23567748069763184,0.16058145463466644,100000
305,-0.3482372760772705,0.3482372760772705,1.0,2.534705638885498,38.11185073852539,-8597.4921875,0.9996337890625,0.9949547974766754,0.014091393985596236,0.0,1.0,1.0,0.1860446035861969,0.14046993851661682,0.15679728984832764,100000
306,-3.5127103328704834,3666570.5,0.96875,2.973752737045288,282435712.0,-240323.109375,0.9993896484375,0.9943417161730466,0.014075171897664088,0.0,1.0,1.0,0.3927116394042969,0.34778833389282227,0.1712900698184967,100000
307,-0.46483084559440613,0.46483084559440613,1.0,2.5923125743865967,46.6493034362793,-5450.8544921875,0.9976806640625,0.993729012644052,0.014058968484686112,0.0,1.0,1.0,0.10619746893644333,0.0633271187543869,0.1572679728269577,100000
308,-3.473705291748047,32993.5859375,0.96875,3.143284797668457,2541500.5,-251298.25,0.996337890625,0.9931166866569109,0.014042783725163599,0.0,1.0,1.0,0.14224472641944885,0.10187192261219025,0.16342073678970337,100000
309,-0.6286413669586182,0.6286413669586182,1.0,2.6854217052459717,58.55039978027344,-14871.416015625,0.9984130859375,0.9925047379789858,0.01402661759762259,0.0,1.0,1.0,0.07540392130613327,0.034475378692150116,0.1661761999130249,100000
310,-0.3465060591697693,0.3465060591697693,1.0,2.54188871383667,37.92316436767578,-49809.3984375,0.9996337890625,0.9918931663777821,0.014010470080613855,0.0,1.0,1.0,0.13222143054008484,0.0978352501988411,0.18009601533412933,100000
311,-0.562217116355896,0.562217116355896,1.0,2.8718390464782715,51.99776840209961,-108774.1796875,0.994140625,0.9912819716209492,0.013994341152712845,0.0,1.0,1.0,0.23148758709430695,0.1932617574930191,0.16702421009540558,100000
312,-3.5193705558776855,100751.5625,0.96875,3.140298843383789,7760893.5,-138573.171875,0.996826171875,0.9906711534762792,0.013978230792519678,0.0,1.0,1.0,0.3088541626930237,0.2701393961906433,0.1569613516330719,100000
313,-0.8047730922698975,0.8047730922698975,1.0,2.6698076725006104,72.23809814453125,-1099665.75,0.9998779296875,0.9900607117117076,0.013962138978659111,0.0,1.0,1.0,0.48803094029426575,0.4450477063655853,0.16366319358348846,100000
314,-0.3893963694572449,0.3893963694572449,1.0,2.4755473136901855,41.73802947998047,-996.1640014648438,0.9898681640625,0.9894506460953123,0.013946065689780511,0.0,1.0,1.0,0.2935246229171753,0.24914850294589996,0.1550019234418869,100000
315,-3.7057878971099854,69804.28125,0.96875,3.3934216499328613,5377023.5,-2942575.25,0.99853515625,0.988840956395315,0.013930010904557817,0.0,1.0,1.0,0.36428314447402954,0.31946900486946106,0.17556387186050415,100000
316,-6.592418193817139,14774525.0,0.9375,3.450092077255249,1138080896.0,-350851.5,0.996826171875,0.9882316423800793,0.01391397460168952,0.0,1.0,1.0,0.4289633631706238,0.38271409273147583,0.15917518734931946,100000
317,-0.9296576976776123,0.9296576976776123,1.0,2.8375089168548584,80.5661392211914,-3481.59619140625,0.9986572265625,0.9876227038181122,0.01389795675989864,0.0,1.0,1.0,0.04169699549674988,0.00032399222254753113,0.16096773743629456,100000
318,-0.3731647729873657,0.3731647729873657,1.0,2.5324110984802246,40.049686431884766,-9872.689453125,0.998291015625,0.9870141404780631,0.013881957357932682,0.0,1.0,1.0,0.09792451560497284,0.0562644898891449,0.1579389125108719,100000
319,-0.4666285812854767,0.4666285812854767,1.0,2.660592794418335,46.261817932128906,-6501200.5,0.999755859375,0.986405952128724,0.01386597637456362,0.0,1.0,1.0,0.273678183555603,0.23232975602149963,0.1643645018339157,100000
320,-0.3858351707458496,0.3858351707458496,1.0,2.8774218559265137,38.368072509765625,-2428.3173828125,0.999755859375,0.9857981385390291,0.01385001378858787,0.0,1.0,1.0,0.13300415873527527,0.09685307741165161,0.16220413148403168,100000
321,-0.4598948061466217,0.4598948061466217,1.0,2.6578898429870605,45.763938903808594,-53162.45703125,0.9969482421875,0.9851906994780555,0.013834069578826253,0.0,1.0,1.0,-0.1953742653131485,-0.23140771687030792,0.1714990884065628,100000
322,-0.41051942110061646,0.41051942110061646,1.0,2.7430496215820312,41.304569244384766,-20376.650390625,0.999755859375,0.9845836347150221,0.013818143724123978,0.0,1.0,1.0,0.03459055721759796,-5.6628137826919556e-05,0.16704963147640228,100000
323,-0.3472592830657959,0.3472592830657959,1.0,2.6112308502197266,37.447044372558594,-207892.015625,0.998779296875,0.9839769440192904,0.013802236203350594,0.0,1.0,1.0,0.1639491766691208,0.12754136323928833,0.17198461294174194,100000
324,-0.4270213842391968,0.4270213842391968,1.0,2.5068819522857666,44.39491271972656,-8621.9384765625,1.0,0.9833706271603637,0.013786346995399991,0.0,1.0,1.0,0.07294389605522156,0.034632470458745956,0.15891212224960327,100000
325,-0.4503401517868042,0.4503401517868042,1.0,2.8525044918060303,43.52882385253906,-140330.265625,0.9979248046875,0.9827646839078874,0.013770476079190349,0.0,1.0,1.0,0.40802568197250366,0.36792218685150146,0.16008388996124268,100000
326,-0.34000641107559204,0.34000641107559204,1.0,2.5742247104644775,37.17341613769531,-1598.52392578125,0.998291015625,0.9821591140316491,0.013754623433664116,0.0,1.0,1.0,0.337778776884079,0.2973487377166748,0.1568572223186493,100000
327,-0.35679829120635986,0.35679829120635986,1.0,2.4362716674804688,39.529541015625,-2915.5888671875,0.9998779296875,0.981553917301578,0.013738789037787984,0.0,1.0,1.0,0.28196704387664795,0.24308286607265472,0.16145366430282593,100000
328,-3.449592113494873,27.566495895385742,0.96875,3.1876449584960938,2129.703125,-829952.0625,0.9923095703125,0.9809490934877451,0.013722972870552859,0.0,1.0,1.0,0.3488946259021759,0.3095032274723053,0.15566550195217133,100000
329,-0.6077502965927124,0.6077502965927124,1.0,2.6565022468566895,57.16392517089844,-3113.59912109375,0.9967041015625,0.9803446423603628,0.013707174910973834,0.0,1.0,1.0,0.43185847997665405,0.39024338126182556,0.16193807125091553,100000
330,-0.5338475108146667,0.5338475108146667,1.0,2.9587202072143555,49.143218994140625,-1454012.875,0.9996337890625,0.9797405636897859,0.013691395138090154,0.0,1.0,1.0,0.45368820428848267,0.41211816668510437,0.1474829614162445,100000
331,-0.45908698439598083,0.45908698439598083,1.0,2.6960127353668213,45.408050537109375,-50530.7578125,0.9981689453125,0.9791368572465099,0.013675633530965205,0.0,1.0,1.0,0.26116567850112915,0.22111018002033234,0.15164995193481445,100000
332,-0.43775591254234314,0.43775591254234314,1.0,2.651573657989502,44.10723114013672,-17733.1953125,0.9986572265625,0.9785335228011721,0.013659890068686462,0.0,1.0,1.0,0.2431301772594452,0.20305252075195312,0.16352751851081848,100000
333,-6.686001777648926,1946195.0,0.9375,3.5852465629577637,149915296.0,-90185.3359375,0.997314453125,0.9779305601245509,0.013644164730365485,0.0,1.0,1.0,0.4988273084163666,0.46014857292175293,0.1586683988571167,100000
334,-0.34414076805114746,0.34414076805114746,1.0,2.433915853500366,38.57268142700195,-5555.74609375,0.9991455078125,0.9773279689875665,0.013628457495137873,0.0,1.0,1.0,0.3763337731361389,0.33584606647491455,0.15443499386310577,100000
335,-0.6158342957496643,0.6158342957496643,1.0,2.6540169715881348,57.80577850341797,-2387.308349609375,0.9979248046875,0.9767257491612795,0.013612768342163255,0.0,1.0,1.0,0.17437952756881714,0.13289928436279297,0.1747654527425766,100000
336,-3.5107784271240234,3563815.0,0.96875,3.694305896759033,274520480.0,-1115897.125,0.9996337890625,0.9761239004168918,0.013597097250625242,0.0,1.0,1.0,0.4518176019191742,0.40934816002845764,0.16282153129577637,100000
337,-6.779995918273926,457340.71875,0.9375,3.8310508728027344,35228928.0,-8278282.5,0.982177734375,0.9755224225257468,0.013581444199731405,0.0,1.0,1.0,0.4032623767852783,0.3597121238708496,0.15552042424678802,100000
338,-3.603156089782715,281633.25,0.96875,2.9778261184692383,21694198.0,-11678.43359375,0.999267578125,0.9749213152593282,0.01356580916871327,0.0,1.0,1.0,0.28755128383636475,0.2484123557806015,0.16600020229816437,100000
339,-0.4291117191314697,0.4291117191314697,1.0,2.7162222862243652,42.943382263183594,-3415523.0,0.9996337890625,0.9743205783892608,0.01355019213682625,0.0,1.0,1.0,0.29365620017051697,0.2566896677017212,0.16105926036834717,100000
340,-6.611576080322266,48725508.0,0.9375,3.760291576385498,3753323264.0,-501927.375,0.9912109375,0.9737202116873098,0.013534593083349658,0.0,1.0,1.0,0.31677648425102234,0.28153225779533386,0.1643896996974945,100000
341,-0.4355260133743286,0.4355260133743286,1.0,2.697967052459717,43.57809829711914,-36430.4375,0.9990234375,0.9731202149253815,0.013519011987586642,0.0,1.0,1.0,0.5505061149597168,0.5125820636749268,0.16335053741931915,100000
342,-0.461773157119751,0.461773157119751,1.0,2.757108211517334,45.14434814453125,-130183.75,0.998779296875,0.9725205878755223,0.013503448828864196,0.0,1.0,1.0,0.05557222664356232,0.022212762385606766,0.16791239380836487,100000
343,-0.860224723815918,0.860224723815918,1.0,2.6786179542541504,76.44166564941406,-4533.486328125,0.9991455078125,0.9719213303099197,0.013487903586533097,0.0,1.0,1.0,0.14066019654273987,0.10333995521068573,0.16391536593437195,100000
344,-0.4672173857688904,0.4672173857688904,1.0,2.67720103263855,46.17924118041992,-39157.08203125,0.9937744140625,0.9713224420009007,0.013472376239967901,0.0,1.0,1.0,0.12620936334133148,0.09027452766895294,0.1712082475423813,100000
345,-0.3477020561695099,0.3477020561695099,1.0,2.579611301422119,37.72471618652344,-28275.8828125,0.9971923828125,0.9707239227209332,0.01345686676856691,0.0,1.0,1.0,0.14036467671394348,0.10319940000772476,0.15575221180915833,100000
346,-0.6846729516983032,0.6846729516983032,1.0,2.5341718196868896,64.03158569335938,-8150.087890625,0.9996337890625,0.9701257722426252,0.013441375151752135,0.0,1.0,1.0,0.28805601596832275,0.24710361659526825,0.1680174469947815,100000
347,-3.5666699409484863,4053.80224609375,0.96875,3.035039186477661,312271.59375,-5757.5771484375,0.9970703125,0.9695279903387248,0.013425901368969284,0.0,1.0,1.0,0.3699426054954529,0.33335843682289124,0.1610914021730423,100000
348,-1.8901634216308594,1.8901634216308594,1.0,2.929140567779541,153.8480224609375,-5199.1337890625,0.9959716796875,0.9689305767821199,0.01341044539968772,0.0,1.0,1.0,0.3684116303920746,0.32632169127464294,0.1656670868396759,100000
349,-0.44571617245674133,0.44571617245674133,1.0,2.5187480449676514,45.743568420410156,-10862.828125,0.999267578125,0.9683335313458388,0.013395007223400453,0.0,1.0,1.0,0.23673993349075317,0.19738459587097168,0.15790095925331116,100000
350,-3.6518354415893555,1529.6029052734375,0.96875,3.0603437423706055,117832.46875,-52337.35546875,0.9942626953125,0.9677368538030493,0.013379586819624088,0.0,1.0,1.0,0.0385584719479084,0.0008607171475887299,0.15294812619686127,100000
351,-3.550262451171875,392.478271484375,0.96875,3.0498273372650146,30239.8984375,-13080.4990234375,0.999755859375,0.9671405439270588,0.013364184167898814,0.0,1.0,1.0,0.3401569724082947,0.3058866560459137,0.15805934369564056,100000
352,-0.5041711330413818,0.5041711330413818,1.0,2.730292797088623,48.616825103759766,-60018.13671875,0.9991455078125,0.9665446014913153,0.013348799247788382,0.0,1.0,1.0,0.20284652709960938,0.16966833174228668,0.16851402819156647,100000
353,-3.563861131668091,215.7028350830078,0.96875,3.0001628398895264,16623.279296875,-4344.5302734375,0.9949951171875,0.9659490262694052,0.013333432038880053,0.0,1.0,1.0,0.21144446730613708,0.17843791842460632,0.15804818272590637,100000
354,-0.34555941820144653,0.34555941820144653,1.0,2.4542672634124756,38.52518844604492,-23931.673828125,0.990966796875,0.9653538180350549,0.013318082520784605,0.0,1.0,1.0,0.0030700601637363434,-0.03210907056927681,0.15636774897575378,100000
355,-6.9430108070373535,5883899904.0,0.9375,3.828451633453369,453236457472.0,-1747895.25,0.999755859375,0.9647589765621306,0.013302750673136274,0.0,1.0,1.0,0.40077799558639526,0.3648405075073242,0.1457861363887787,100000
356,-0.5907095074653625,0.5907095074653625,1.0,2.8723037242889404,54.188961029052734,-35814.04296875,0.999755859375,0.9641645016246376,0.01328743647559275,0.0,1.0,1.0,-0.0075386930257081985,-0.04687182605266571,0.14861230552196503,100000
357,-0.4951798617839813,0.4951798617839813,1.0,2.663104772567749,48.4417724609375,-828092.5,0.9991455078125,0.9635703929967202,0.01327213990783514,0.0,1.0,1.0,0.09062256664037704,0.05407058820128441,0.14394640922546387,100000
358,-8.822626113891602,133757.359375,0.96875,3.189358711242676,10303329.0,-15115.95703125,0.9991455078125,0.962976650452662,0.013256860949567935,0.0,1.0,1.0,-0.10546288639307022,-0.13955019414424896,0.14347349107265472,100000
359,-0.4511474072933197,0.4511474072933197,1.0,2.637761116027832,45.24517822265625,-2587.293212890625,0.998046875,0.962383273766886,0.013241599580518999,0.0,1.0,1.0,-0.07327728718519211,-0.10790225863456726,0.14757752418518066,100000
360,-0.3090503215789795,0.3090503215789795,1.0,2.4982824325561523,35.37384796142578,-528.050537109375,0.9998779296875,0.9617902627139538,0.01322635578043953,0.0,1.0,1.0,0.33733874559402466,0.2985379993915558,0.15127867460250854,100000
361,-0.6127484440803528,0.6127484440803528,1.0,2.763012409210205,56.72848892211914,-53672.76953125,0.9996337890625,0.961197617068566,0.013211129529104039,0.0,1.0,1.0,0.17581942677497864,0.14072398841381073,0.15016856789588928,100000
362,-0.5601000189781189,0.5601000189781189,1.0,2.654290199279785,53.51046371459961,-2933.45556640625,1.0,0.960605336605562,0.01319592080631031,0.0,1.0,1.0,0.3178976774215698,0.28437405824661255,0.15218691527843475,100000
363,-3.4423375129699707,3352.21240234375,0.96875,3.4675166606903076,258224.875,-2186.35400390625,0.9993896484375,0.9600134210999205,0.013180729591879402,0.0,1.0,1.0,0.009124986827373505,-0.02433421090245247,0.1593516618013382,100000
364,-0.5929656624794006,0.5929656624794006,1.0,2.8151865005493164,54.80272674560547,-85714.2265625,0.9996337890625,0.959421870326758,0.01316555586565559,0.0,1.0,1.0,0.06022777408361435,0.02815910428762436,0.16648776829242706,100000
365,-0.4097408652305603,0.4097408652305603,1.0,2.729381799697876,41.349884033203125,-6367.76220703125,0.998291015625,0.9588306840613298,0.013150399607506356,0.0,1.0,1.0,-0.14410945773124695,-0.17460143566131592,0.16187018156051636,100000
366,-0.36666396260261536,0.36666396260261536,1.0,2.5044198036193848,39.764549255371094,-562.532958984375,0.999267578125,0.9582398620790302,0.013135260797322358,0.0,1.0,1.0,0.08015276491641998,0.04729544743895531,0.16361187398433685,100000
367,-0.4562709331512451,0.4562709331512451,1.0,2.7963318824768066,44.418373107910156,-4722.25341796875,0.9993896484375,0.9576494041553913,0.013120139415017412,0.0,1.0,1.0,0.17029684782028198,0.13813269138336182,0.15938742458820343,100000
368,-0.5149834752082825,0.5149834752082825,1.0,2.600989818572998,50.445716857910156,-752.69775390625,0.99951171875,0.9570593100660839,0.013105035440528446,0.0,1.0,1.0,0.1430898755788803,0.10677599906921387,0.14332397282123566,100000
369,-0.5207169651985168,0.5207169651985168,1.0,2.651198387145996,50.5006103515625,-30245.650390625,0.9990234375,0.9564695795869169,0.013089948853815486,0.0,1.0,1.0,0.36888110637664795,0.32974568009376526,0.1504272222518921,100000
370,-0.6016091704368591,0.6016091704368591,1.0,2.684657573699951,56.473995208740234,-10162.103515625,0.99951171875,0.9558802124938373,0.013074879634861637,0.0,1.0,1.0,0.14693352580070496,0.10958319157361984,0.14525800943374634,100000
371,-0.6636641025543213,0.6636641025543213,1.0,2.587031364440918,62.00609588623047,-19222.703125,0.997802734375,0.9552912085629299,0.01305982776367304,0.0,1.0,1.0,0.02119728922843933,-0.011579617857933044,0.1455008089542389,100000
372,-0.3463490605354309,0.3463490605354309,1.0,2.6089296340942383,37.3946533203125,-56916.42578125,0.9998779296875,0.9547025675704182,0.013044793220278857,0.0,1.0,1.0,0.018598340451717377,-0.01606806367635727,0.16494259238243103,100000
373,-0.7121133208274841,0.7121133208274841,1.0,2.692441463470459,64.92616271972656,-21646.44921875,0.9964599609375,0.954114289292663,0.013029775984731234,0.0,1.0,1.0,0.26667189598083496,0.23373275995254517,0.16118019819259644,100000
374,-0.49023592472076416,0.49023592472076416,1.0,2.575775623321533,48.733638763427734,-10985.025390625,0.9998779296875,0.9535263735061629,0.013014776037105292,0.0,1.0,1.0,-0.05761878192424774,-0.08514761179685593,0.15508456528186798,100000
375,-0.7274082899093628,0.7274082899093628,1.0,2.6727983951568604,66.25564575195312,-115055.265625,0.996337890625,0.9529388199875546,0.012999793357499076,0.0,1.0,1.0,0.2902038097381592,0.26068544387817383,0.15323644876480103,100000
376,-0.3655773997306824,0.3655773997306824,1.0,2.6020026206970215,38.929176330566406,-11544.833984375,0.9915771484375,0.9523516285136121,0.012984827926033556,0.0,1.0,1.0,0.07401686906814575,0.042536891996860504,0.13982705771923065,100000
377,-2.5847768783569336,2.5847768783569336,1.0,2.578768730163574,210.05294799804688,-4649.8955078125,0.999755859375,0.9517647988612469,0.012969879722852578,0.0,1.0,1.0,0.3222624361515045,0.2875451147556305,0.15251684188842773,100000
378,-0.8231936693191528,0.8231936693191528,1.0,2.744021415710449,73.08535766601562,-7695.91650390625,0.994384765625,0.9511783308075085,0.012954948728122848,0.0,1.0,1.0,0.22843725979328156,0.189081072807312,0.16457436978816986,100000
379,-0.9211069941520691,0.9211069941520691,1.0,2.684821128845215,81.08364868164062,-258503.8125,0.9920654296875,0.950592224129583,0.012940034922033905,0.0,1.0,1.0,0.2710876762866974,0.23439879715442657,0.14564678072929382,100000
380,-0.5003386735916138,0.5003386735916138,1.0,2.8617172241210938,47.309242248535156,-40550.08203125,0.9940185546875,0.9500064786047944,0.012925138284798098,0.0,1.0,1.0,-0.03239191323518753,-0.06908111274242401,0.1557559072971344,100000
381,-0.33098259568214417,0.33098259568214417,1.0,2.4665656089782715,37.30760955810547,-9905.376953125,0.994873046875,0.9494210940106038,0.012910258796650545,0.0,1.0,1.0,0.06733381003141403,0.032184332609176636,0.14906127750873566,100000
382,-0.4882368743419647,0.4882368743419647,1.0,2.576404571533203,48.57480239868164,-3791.577880859375,1.0,0.9488360701246092,0.01289539643784913,0.0,1.0,1.0,0.10049088299274445,0.06613261252641678,0.15162114799022675,100000
383,-0.30027446150779724,0.30027446150779724,1.0,2.402359962463379,35.43674087524414,-2006.322998046875,0.9991455078125,0.9482514067245458,0.012880551188674457,0.0,1.0,1.0,0.35206151008605957,0.317401647567749,0.15629322826862335,100000
384,-0.6221929788589478,0.6221929788589478,1.0,2.6852378845214844,58.055091857910156,-33702.359375,0.99951171875,0.9476671035882858,0.01286572302942983,0.0,1.0,1.0,0.18650466203689575,0.15449035167694092,0.15330719947814941,100000
385,-1.1753206253051758,1.1753206253051758,1.0,2.9630696773529053,98.52234649658203,-1295217.625,0.999755859375,0.9470831604938381,0.012850911940441231,0.0,1.0,1.0,0.27134084701538086,0.237057164311409,0.15874898433685303,100000
386,-3.4836816787719727,5672.0927734375,0.96875,3.3289411067962646,436926.1875,-1010492.75,0.9986572265625,0.9464995772193485,0.012836117902057294,0.0,1.0,1.0,-0.1430048644542694,-0.17456011474132538,0.14638292789459229,100000
387,-0.5699062347412109,0.5699062347412109,1.0,2.738769769668579,53.61509323120117,-40336.40234375,0.999267578125,0.9459163535430996,0.012821340894649265,0.0,1.0,1.0,-0.2457999885082245,-0.2749861776828766,0.15318851172924042,100000
388,-0.9672739505767822,0.9672739505767822,1.0,2.638218402862549,84.99885559082031,-24930.916015625,0.9996337890625,0.9453334892435105,0.012806580898611003,0.0,1.0,1.0,0.05696316063404083,0.027352839708328247,0.14668099582195282,100000
389,-0.26723939180374146,0.26723939180374146,1.0,2.3160784244537354,33.556671142578125,-21972.576171875,0.999267578125,0.9447509840991367,0.012791837894358917,0.0,1.0,1.0,0.04271450638771057,0.012232797220349312,0.14308390021324158,100000
390,-0.5037308931350708,0.5037308931350708,1.0,2.6372737884521484,49.2994384765625,-775.3641967773438,1.0,0.9441688378886707,0.012777111862331983,0.0,1.0,1.0,0.1577775478363037,0.12694133818149567,0.1539587527513504,100000
391,-3.6687145233154297,12234998.0,0.96875,3.417949914932251,942461184.0,-890281.625,0.9957275390625,0.9435870503909405,0.012762402782991678,0.0,1.0,1.0,-0.08411157131195068,-0.11252860724925995,0.15636177361011505,100000
392,-3.650176525115967,687558.25,0.96875,3.0537776947021484,52962580.0,-7999.1630859375,0.9837646484375,0.9430056213849112,0.012747710636821981,0.0,1.0,1.0,-0.02638164907693863,-0.05772171914577484,0.13264374434947968,100000
393,-0.4236098825931549,0.4236098825931549,1.0,2.5193233489990234,44.036285400390625,-976.7901611328125,0.9991455078125,0.9424245506496836,0.012733035404329336,0.0,1.0,1.0,0.23445506393909454,0.2009652704000473,0.13870464265346527,100000
394,-0.44588252902030945,0.44588252902030945,1.0,2.6219124794006348,44.961708068847656,-19148.8515625,0.9998779296875,0.9418438379644947,0.012718377066042626,0.0,1.0,1.0,0.07900723814964294,0.04528254270553589,0.14860902726650238,100000
395,-0.3016708791255951,0.3016708791255951,1.0,2.3877201080322266,35.657073974609375,-23164.318359375,0.9979248046875,0.9412634831087178,0.012703735602513153,0.0,1.0,1.0,-0.05671175569295883,-0.08638231456279755,0.15871912240982056,100000
396,-1.9323885440826416,1.9323885440826416,1.0,2.6812329292297363,159.01023864746094,-22045.44921875,1.0,0.9406834858618618,0.012689110994314606,0.0,1.0,1.0,0.09418942034244537,0.06232019513845444,0.14944100379943848,100000
397,-0.45099538564682007,0.45099538564682007,1.0,2.555114269256592,45.870094299316406,-9673.0126953125,1.0,0.9401038460035718,0.012674503222043037,0.0,1.0,1.0,0.17744164168834686,0.1490425020456314,0.155511736869812,100000
398,-0.3788771331310272,0.3788771331310272,1.0,2.653510570526123,39.556888580322266,-461.5799560546875,1.0,0.9395245633136284,0.012659912266316837,0.0,1.0,1.0,0.3181617558002472,0.28894197940826416,0.14343300461769104,100000
399,-0.47518014907836914,0.47518014907836914,1.0,2.617048740386963,47.25596618652344,-29625.314453125,0.999267578125,0.938945637571948,0.012645338107776712,0.0,1.0,1.0,0.16105914115905762,0.13186530768871307,0.15234574675559998,100000
400,-1.1159934997558594,1.1159934997558594,1.0,3.054626226425171,93.24713134765625,-146500.8125,0.9998779296875,0.9383670685585825,0.01263078072708565,0.0,1.0,1.0,0.1926533281803131,0.16044770181179047,0.15270839631557465,100000
401,-0.9508850574493408,0.9508850574493408,1.0,2.788119316101074,82.58172607421875,-9385.1279296875,0.9989013671875,0.9377888560537198,0.0126162401049289,0.0,1.0,1.0,-0.015382461249828339,-0.04489411786198616,0.15318472683429718,100000
402,-0.3609025478363037,0.3609025478363037,1.0,2.557163715362549,38.91446304321289,-9221.763671875,0.998291015625,0.9372109998376824,0.01260171622201395,0.0,1.0,1.0,-0.22798572480678558,-0.25859153270721436,0.14157429337501526,100000
403,-0.6356335878372192,0.6356335878372192,1.0,2.763679027557373,58.4861946105957,-880.8893432617188,0.99951171875,0.9366334996909289,0.012587209059070495,0.0,1.0,1.0,0.29165491461753845,0.25975218415260315,0.14589491486549377,100000
404,-0.31807512044906616,0.31807512044906616,1.0,2.3920676708221436,36.887203216552734,-13418.8173828125,0.9996337890625,0.9360563553940531,0.012572718596850415,0.0,1.0,1.0,0.02095869742333889,-0.014498339965939522,0.1462443619966507,100000
405,-3.4314115047454834,1774.6429443359375,0.96875,2.905129909515381,136709.078125,-7680.333984375,0.9996337890625,0.9354795667277834,0.012558244816127745,0.0,1.0,1.0,0.34751737117767334,0.3154106140136719,0.15007919073104858,100000
406,-0.49498817324638367,0.49498817324638367,1.0,2.6136703491210938,48.80780029296875,-5863.35693359375,0.9998779296875,0.9349031334729841,0.012543787697698662,0.0,1.0,1.0,-0.03400362282991409,-0.06518623232841492,0.1467934399843216,100000
407,-0.5071514844894409,0.5071514844894409,1.0,2.635896682739258,49.57353210449219,-307.5129699707031,0.99853515625,0.9343270554106542,0.01252934722238144,0.0,1.0,1.0,0.26461246609687805,0.2370949238538742,0.14833930134773254,100000
408,-0.3832184672355652,0.3832184672355652,1.0,2.4104485511779785,41.76360321044922,-1144.5032958984375,0.999755859375,0.9337513323219272,0.01251492337101644,0.0,1.0,1.0,-0.18978415429592133,-0.2171187698841095,0.1470726728439331,100000
409,-0.3418946862220764,0.3418946862220764,1.0,2.594453811645508,37.16304016113281,-772.4019165039062,0.99853515625,0.9331759639880723,0.012500516124466083,0.0,1.0,1.0,-0.011694857850670815,-0.04087637737393379,0.16130350530147552,100000
410,-3.6084282398223877,39028300.0,0.96875,2.862168788909912,3006347520.0,-775.4445190429688,0.993408203125,0.9326009501904928,0.012486125463614814,0.0,1.0,1.0,0.020307965576648712,-0.006397563964128494,0.1645900309085846,100000
411,-3.583446502685547,13672.8740234375,0.96875,3.05966854095459,1053228.0,-1250.38720703125,0.9913330078125,0.9320262907107272,0.012471751369369094,0.0,1.0,1.0,0.17994661629199982,0.15230579674243927,0.16006238758563995,100000
412,-0.5315844416618347,0.5315844416618347,1.0,2.890005588531494,49.498199462890625,-16031.62890625,0.99853515625,0.931451985330448,0.012457393822657347,0.0,1.0,1.0,-0.021720342338085175,-0.05011753737926483,0.15160340070724487,100000
413,-0.3639220595359802,0.3639220595359802,1.0,2.542409896850586,39.26070022583008,-1443.79833984375,0.998779296875,0.930878033831463,0.012443052804429975,0.0,1.0,1.0,0.21820774674415588,0.1849483847618103,0.16231107711791992,100000
414,-0.44400686025619507,0.44400686025619507,1.0,2.6337954998016357,44.72569274902344,-863.09375,0.9998779296875,0.9303044359957139,0.012428728295659292,0.0,1.0,1.0,0.08019126206636429,0.04858337715268135,0.1489393711090088,100000
415,-0.34645652770996094,0.34645652770996094,1.0,2.613250732421875,37.36964797973633,-22.89029884338379,0.99951171875,0.9297311916052768,0.012414420277339529,0.0,1.0,1.0,0.026070870459079742,-0.002666778862476349,0.1416148990392685,100000
416,-0.6519178152084351,0.6519178152084351,1.0,2.5938539505004883,61.048728942871094,-359.93157958984375,0.99853515625,0.9291583004423623,0.012400128730486784,0.0,1.0,1.0,-0.0703059583902359,-0.10143691301345825,0.13546684384346008,100000
417,-0.3939443826675415,0.3939443826675415,1.0,2.5362086296081543,41.62109375,-8384.8056640625,0.996826171875,0.9285857622893149,0.012385853636139019,0.0,1.0,1.0,0.1344539225101471,0.10510756075382233,0.15136566758155823,100000
418,-3.712268352508545,1389125.125,0.96875,4.666100978851318,107004224.0,-2803791.5,0.9989013671875,0.9280135769286139,0.012371594975356026,0.0,1.0,1.0,0.15445299446582794,0.12386263906955719,0.1465364247560501,100000
419,-0.4922123849391937,0.4922123849391937,1.0,2.5095138549804688,49.396297454833984,-1924.632080078125,0.9989013671875,0.9274417441428716,0.012357352729219393,0.0,1.0,1.0,0.15528051555156708,0.12537577748298645,0.14285986125469208,100000
420,-3.716400623321533,28.760398864746094,0.96875,3.144453525543213,2222.00244140625,-1845.898681640625,0.997802734375,0.926870263714835,0.01234312687883249,0.0,1.0,1.0,0.11609338968992233,0.08791251480579376,0.1548042595386505,100000
421,-0.41130530834198,0.41130530834198,1.0,2.6795854568481445,41.853973388671875,-5663.10107421875,0.994384765625,0.9262991354273848,0.012328917405320453,0.0,1.0,1.0,0.023735979571938515,-0.006412016227841377,0.14160975813865662,100000
422,-0.553783655166626,0.553783655166626,1.0,2.80918550491333,51.83076477050781,-566.3213500976562,0.9996337890625,0.9257283590635357,0.012314724289830124,0.0,1.0,1.0,-0.030925001949071884,-0.05928507447242737,0.14050789177417755,100000
423,-3.789750576019287,10147.255859375,0.96875,2.8435425758361816,781651.4375,-42354.99609375,0.998779296875,0.9251579344064353,0.012300547513530064,0.0,1.0,1.0,0.2589912414550781,0.22814348340034485,0.1379542201757431,100000
424,-0.7333524227142334,0.7333524227142334,1.0,2.6165900230407715,67.14649963378906,-814.5542602539062,0.998291015625,0.9245878612393659,0.012286387057610518,0.0,1.0,1.0,0.22574245929718018,0.19515679776668549,0.14275583624839783,100000
425,-3.664212465286255,1063.760986328125,0.96875,3.3465640544891357,81946.4609375,-120946.0390625,0.99609375,0.9240181393457425,0.012272242903283366,0.0,1.0,1.0,0.30011284351348877,0.268731951713562,0.13512463867664337,100000
426,-3.906694173812866,15277.1142578125,0.96875,3.847646951675415,1176796.375,-64795.89453125,0.996826171875,0.9234487685091141,0.012258115031782136,0.0,1.0,1.0,0.0699344277381897,0.03941119834780693,0.14062513411045074,100000
427,-0.39879748225212097,0.39879748225212097,1.0,2.527161121368408,42.06462097167969,-1183963.375,0.9990234375,0.9228797485131625,0.012244003424361946,0.0,1.0,1.0,0.033902086317539215,0.005073394626379013,0.13965414464473724,100000
428,-0.6900817155838013,0.6900817155838013,1.0,2.6677823066711426,63.41902160644531,-14348.25390625,0.999755859375,0.9223110791417035,0.012229908062299504,0.0,1.0,1.0,-0.09817960858345032,-0.12639456987380981,0.13710591197013855,100000
429,-6.893545150756836,6394.68896484375,0.9375,3.877542495727539,492583.5,-4387.6435546875,0.991943359375,0.9217427601786857,0.012215828926893064,0.0,1.0,1.0,0.2674420475959778,0.23655766248703003,0.13719192147254944,100000
430,-0.5507200956344604,0.5507200956344604,1.0,2.5537006855010986,53.562774658203125,-1560.8861083984375,0.999267578125,0.9211747914081908,0.012201765999462415,0.0,1.0,1.0,0.05031684786081314,0.020908446982502937,0.1543624848127365,100000
431,-3.4801971912384033,2046.7239990234375,0.96875,3.049447774887085,157666.359375,-119956.8515625,0.9990234375,0.9206071726144337,0.012187719261348848,0.0,1.0,1.0,-0.10672053694725037,-0.13452041149139404,0.1515333652496338,100000
432,-3.870507001876831,3119.676025390625,0.96875,3.1747512817382812,240314.8125,-1357.8095703125,0.996826171875,0.9200399035817621,0.012173688693915137,0.0,1.0,1.0,0.1463698446750641,0.1182311475276947,0.1451679915189743,100000
433,-0.881207287311554,0.881207287311554,1.0,2.5850417613983154,78.77875518798828,-77393.8515625,0.998779296875,0.9194729840946567,0.012159674278545505,0.0,1.0,1.0,0.03591812402009964,0.008651018142700195,0.1337592452764511,100000
434,-0.48467695713043213,0.48467695713043213,1.0,2.5416085720062256,48.56861877441406,-1239.7327880859375,0.9990234375,0.9189064139377311,0.012145675996645611,0.0,1.0,1.0,0.21318073570728302,0.18408098816871643,0.13773377239704132,100000
435,-0.8638874888420105,0.8638874888420105,1.0,2.7765402793884277,75.96951293945312,-6392.3271484375,0.9986572265625,0.9183401928957313,0.01213169382964252,0.0,1.0,1.0,0.01117667369544506,-0.018496816977858543,0.1373281627893448,100000
436,-0.3606394827365875,0.3606394827365875,1.0,2.4338526725769043,39.84406280517578,-228.7182159423828,0.9993896484375,0.9177743207535364,0.012117727758984677,0.0,1.0,1.0,-0.1813572645187378,-0.20927520096302032,0.13385608792304993,100000
437,-0.36181163787841797,0.36181163787841797,1.0,2.5849013328552246,38.77082824707031,-3583.338134765625,0.9979248046875,0.9172087972961575,0.012103777766141884,0.0,1.0,1.0,-0.056154411286115646,-0.08194421231746674,0.1314745992422104,100000
438,-0.3875301480293274,0.3875301480293274,1.0,2.576127052307129,40.81950759887695,-158190.34375,1.0,0.9166436223087385,0.012089843832605272,0.0,1.0,1.0,0.1353341042995453,0.10587772727012634,0.13945433497428894,100000
439,-4.148021697998047,3706749.5,0.96875,2.957223415374756,285530720.0,-298104.71875,0.99951171875,0.916078795576556,0.012075925939887282,0.0,1.0,1.0,-0.2785165011882782,-0.3059101402759552,0.13698673248291016,100000
440,-0.48805731534957886,0.48805731534957886,1.0,2.66117525100708,47.907989501953125,-53756.91796875,0.99365234375,0.9155143168850183,0.01206202406952164,0.0,1.0,1.0,0.20757882297039032,0.17876586318016052,0.1355680674314499,100000
441,-0.41192200779914856,0.41192200779914856,1.0,2.546644449234009,42.925514221191406,-126.52007293701172,1.0,0.914950186019666,0.012048138203063328,0.0,1.0,1.0,-0.27032485604286194,-0.29643702507019043,0.13907362520694733,100000
442,-0.45955178141593933,0.45955178141593933,1.0,2.408482074737549,47.65869903564453,-2239.636962890625,0.9998779296875,0.9143864027661726,0.012034268322088561,0.0,1.0,1.0,0.06966434419155121,0.04204193502664566,0.13473987579345703,100000
443,-0.3104325234889984,0.3104325234889984,1.0,2.515094757080078,35.3508186340332,-215.53456115722656,1.0,0.9138229669103426,0.012020414408194768,0.0,1.0,1.0,0.061379481106996536,0.03400178253650665,0.13570146262645721,100000
444,-0.3400399386882782,0.3400399386882782,1.0,2.487804412841797,37.84169006347656,-355.19451904296875,0.9986572265625,0.9132598782381133,0.012006576443000558,0.0,1.0,1.0,-0.30694442987442017,-0.33290496468544006,0.14457613229751587,100000
445,-0.3200351595878601,0.3200351595878601,1.0,2.5600130558013916,35.74449920654297,-3278.79052734375,0.99951171875,0.9126971365355533,0.011992754408145703,0.0,1.0,1.0,0.11022371053695679,0.08490119874477386,0.14158448576927185,100000
446,-1.05992591381073,1.05992591381073,1.0,2.4868581295013428,93.3017578125,-3264.57958984375,1.0,0.9121347415888635,0.011978948285291113,0.0,1.0,1.0,-0.3782155513763428,-0.4018436670303345,0.1504034847021103,100000
447,-0.4304765462875366,0.4304765462875366,1.0,2.6849184036254883,43.289649963378906,-1689.5517578125,0.9990234375,0.9115726931843765,0.011965158056118808,0.0,1.0,1.0,-0.08002746105194092,-0.10554144531488419,0.13026659190654755,100000
448,-0.386477530002594,0.386477530002594,1.0,2.4976282119750977,41.34310531616211,-3923.33349609375,0.99951171875,0.9110109911085562,0.011951383702331893,0.0,1.0,1.0,0.10156941413879395,0.07489138096570969,0.15335555374622345,100000
449,-0.3325554132461548,0.3325554132461548,1.0,2.536241054534912,36.892051696777344,-124990.734375,0.9990234375,0.9104496351479985,0.011937625205654542,0.0,1.0,1.0,0.43873071670532227,0.41090503334999084,0.14420843124389648,100000
450,-1.1215159893035889,1.1215159893035889,1.0,2.874946117401123,95.05659484863281,-96266.984375,0.998291015625,0.9098886250894305,0.011923882547831968,0.0,1.0,1.0,0.14161789417266846,0.11362248659133911,0.14411626756191254,100000
451,-0.4696776866912842,0.4696776866912842,1.0,2.7014272212982178,46.18214416503906,-89308.0,0.9991455078125,0.9093279607197107,0.011910155710630395,0.0,1.0,1.0,0.11871519684791565,0.0876951813697815,0.14991161227226257,100000
452,-0.6994603872299194,0.6994603872299194,1.0,2.7743802070617676,63.32033920288086,-969.1162109375,1.0,0.9087676418258291,0.011896444675837036,0.0,1.0,1.0,0.04365522041916847,0.014765338972210884,0.16426894068717957,100000
453,-3.554279327392578,1503.9954833984375,0.96875,3.1021995544433594,115859.59375,-11308.919921875,0.9998779296875,0.9082076681949071,0.011882749425260082,0.0,1.0,1.0,-0.10916587710380554,-0.13390755653381348,0.14580509066581726,100000
454,-0.6494084596633911,0.6494084596633911,1.0,2.7571258544921875,59.597747802734375,-1606.246337890625,0.997314453125,0.9076480396141968,0.011869069940728652,0.0,1.0,1.0,-0.12780489027500153,-0.15592825412750244,0.13441890478134155,100000
455,-0.7023227214813232,0.7023227214813232,1.0,2.8100571632385254,63.26600646972656,-10515.140625,0.999755859375,0.9070887558710818,0.011855406204092794,0.0,1.0,1.0,-0.14291998744010925,-0.16965092718601227,0.1410391926765442,100000
456,-0.4186621904373169,0.4186621904373169,1.0,2.6752381324768066,42.45416259765625,-46060.4765625,1.0,0.9065298167530769,0.011841758197223447,0.0,1.0,1.0,0.20087115466594696,0.17529426515102386,0.14069855213165283,100000
457,-2.094562530517578,2.094562530517578,1.0,2.7401113510131836,171.04893493652344,-4538.48974609375,0.998046875,0.905971222047827,0.011828125902012416,0.0,1.0,1.0,-0.11894784867763519,-0.14149416983127594,0.13606305420398712,100000
458,-0.506394624710083,0.506394624710083,1.0,2.647402286529541,49.426605224609375,-2514.3427734375,1.0,0.9054129715431086,0.01181450930037236,0.0,1.0,1.0,0.04207135736942291,0.01737130619585514,0.13740107417106628,100000
459,-0.6135501861572266,0.6135501861572266,1.0,2.6368134021759033,57.76235580444336,-22461.201171875,0.998291015625,0.9048550650268288,0.011800908374236753,0.0,1.0,1.0,0.3942781090736389,0.3708215355873108,0.14026351273059845,100000
460,-0.40312549471855164,0.40312549471855164,1.0,2.458665132522583,42.925628662109375,-2631.572265625,0.99951171875,0.9042975022870252,0.011787323105559876,0.0,1.0,1.0,-0.11367563158273697,-0.13859577476978302,0.1475226879119873,100000
461,-1.4080568552017212,1.4080568552017212,1.0,2.8404603004455566,117.39447021484375,-9502.6552734375,0.999755859375,0.9037402831118662,0.011773753476316774,0.0,1.0,1.0,-0.1920657753944397,-0.21595948934555054,0.14987191557884216,100000
462,-0.4296986162662506,0.4296986162662506,1.0,2.5528883934020996,44.24675750732422,-18183.044921875,0.9942626953125,0.9031834072896505,0.011760199468503249,0.0,1.0,1.0,0.054292336106300354,0.030973263084888458,0.140951469540596,100000
463,-1.0147624015808105,1.0147624015808105,1.0,2.645785331726074,88.59858703613281,-2528.64013671875,0.9976806640625,0.9026268746088077,0.011746661064135829,0.0,1.0,1.0,-0.2360323965549469,-0.2580313980579376,0.13740645349025726,100000
464,-0.6697647571563721,0.6697647571563721,1.0,2.701909065246582,61.591129302978516,-7245.4287109375,0.9969482421875,0.9020706848578974,0.01173313824525174,0.0,1.0,1.0,-0.1541692614555359,-0.17772822082042694,0.12796266376972198,100000
465,-0.45187246799468994,0.45187246799468994,1.0,2.77531361579895,44.24146270751953,-40976.48828125,0.9996337890625,0.9015148378256093,0.011719630993908894,0.0,1.0,1.0,-0.021485118195414543,-0.04518319293856621,0.14849045872688293,100000
466,-5.551119327545166,13636.0908203125,0.96875,3.0403895378112793,1050394.75,-3426.516357421875,0.999267578125,0.900959333300764,0.011706139292185853,0.0,1.0,1.0,-0.11974082887172699,-0.14414489269256592,0.13893552124500275,100000
467,-0.5374598503112793,0.5374598503112793,1.0,2.611666202545166,52.09483337402344,-14632.2998046875,0.9996337890625,0.9004041710723114,0.011692663122181814,0.0,1.0,1.0,-0.10969337075948715,-0.1331663578748703,0.14006835222244263,100000
468,-4.784903526306152,11640941.0,0.96875,3.277047634124756,896701056.0,-15890202.0,0.99658203125,0.8998493509293323,0.011679202466016579,0.0,1.0,1.0,0.3673701882362366,0.3418397009372711,0.1348985731601715,100000
469,-0.5439846515655518,0.5439846515655518,1.0,2.722443103790283,51.744117736816406,-16865.173828125,0.9893798828125,0.8992948726610367,0.011665757305830528,0.0,1.0,1.0,-0.054911814630031586,-0.08229135721921921,0.1302517205476761,100000
470,-0.6558226346969604,0.6558226346969604,1.0,2.628645658493042,61.081512451171875,-6191.6708984375,0.9998779296875,0.8987407360567646,0.011652327623784613,0.0,1.0,1.0,0.25616952776908875,0.2277611643075943,0.1396205872297287,100000
471,-0.38199761509895325,0.38199761509895325,1.0,2.5084941387176514,40.91431427001953,-14877.9501953125,1.0,0.8981869409059864,0.011638913402060316,0.0,1.0,1.0,0.09638933837413788,0.07013396173715591,0.125336155295372,100000
472,-0.405497282743454,0.405497282743454,1.0,2.6879560947418213,41.342098236083984,-1882919.125,0.998779296875,0.8976334869983017,0.011625514622859632,0.0,1.0,1.0,0.15627630054950714,0.12966640293598175,0.1294148564338684,100000
473,-1.2302780151367188,1.2302780151367188,1.0,2.70340633392334,104.75590515136719,-3281328.75,0.9984130859375,0.89708037412344,0.011612131268405044,0.0,1.0,1.0,-0.025333089753985405,-0.05123039707541466,0.13569670915603638,100000
474,-2.579909324645996,2.579909324645996,1.0,2.8177192211151123,207.83738708496094,-4555.2705078125,0.99755859375,0.89652760207126,0.011598763320939502,0.0,1.0,1.0,-0.06700826436281204,-0.0924048125743866,0.14054825901985168,100000
475,-0.481397807598114,0.481397807598114,1.0,2.643890380859375,47.52814865112305,-11886.509765625,0.9993896484375,0.8959751706317504,0.0115854107627264,0.0,1.0,1.0,-0.02701834961771965,-0.05198764055967331,0.14356671273708344,100000
476,-0.49249011278152466,0.49249011278152466,1.0,2.7300972938537598,47.71854019165039,-22168.09375,0.9931640625,0.8954230795950286,0.011572073576049547,0.0,1.0,1.0,-0.03142737224698067,-0.056452445685863495,0.13558131456375122,100000
477,-0.6688923835754395,0.6688923835754395,1.0,2.8186285495758057,60.624839782714844,-94836.171875,0.9990234375,0.8948713287513423,0.011558751743213148,0.0,1.0,1.0,0.0005246475338935852,-0.02378782629966736,0.13248158991336823,100000
478,-3.4675889015197754,69617.609375,0.96875,2.9305033683776855,5362648.5,-6749.8056640625,0.998779296875,0.8943199178910678,0.01154544524654178,0.0,1.0,1.0,0.04025794193148613,0.01572316139936447,0.13664457201957703,100000
479,-3.4533236026763916,7849.37744140625,0.96875,3.102391242980957,604643.9375,-10433.7041015625,0.9964599609375,0.8937688468047104,0.01153215406838037,0.0,1.0,1.0,0.11815699934959412,0.09262906014919281,0.1441299319267273,100000
480,-0.7091066837310791,0.7091066837310791,1.0,2.73641300201416,64.35585021972656,-294470.46875,0.9892578125,0.893218115282905,0.011518878191094166,0.0,1.0,1.0,0.02210068702697754,-0.0006941799074411392,0.14182084798812866,100000
481,-3.6731293201446533,5177.037109375,0.96875,3.271243095397949,398792.53125,-384475.4375,0.9996337890625,0.8926677231164152,0.011505617597068718,0.0,1.0,1.0,-0.2546200156211853,-0.2780444324016571,0.13893179595470428,100000
482,-0.4584659934043884,0.4584659934043884,1.0,2.536059856414795,46.59233474731445,-172.7133331298828,0.99853515625,0.8921176700961336,0.011492372268709857,0.0,1.0,1.0,-0.2187308967113495,-0.24193082749843597,0.13303016126155853,100000
483,-0.48435652256011963,0.48435652256011963,1.0,2.6027932167053223,48.072635650634766,-3323.14013671875,0.995849609375,0.8915679560130819,0.011479142188443665,0.0,1.0,1.0,0.17757365107536316,0.15229050815105438,0.1326335072517395,100000
484,-3.4290244579315186,67.10053253173828,0.96875,9.35452651977539,5127.50390625,-841.7581787109375,0.99853515625,0.8910185806584099,0.011465927338716455,0.0,1.0,1.0,0.2874935269355774,0.26360926032066345,0.1372249573469162,100000
485,-0.41159677505493164,0.41159677505493164,1.0,2.6451773643493652,42.14146423339844,-15280.896484375,0.9952392578125,0.890469543823397,0.011452727701994752,0.0,1.0,1.0,0.06417474150657654,0.040632713586091995,0.14420269429683685,100000
486,-0.46560633182525635,0.46560633182525635,1.0,2.68320369720459,46.00890350341797,-855.0302124023438,0.9993896484375,0.8899208452994504,0.011439543260765262,0.0,1.0,1.0,0.09449359774589539,0.06979009509086609,0.1374521255493164,100000
487,-0.5299286842346191,0.5299286842346191,1.0,2.8004207611083984,50.060726165771484,-3836.8603515625,0.9986572265625,0.8893724848781063,0.011426373997534852,0.0,1.0,1.0,-0.08645584434270859,-0.10995060205459595,0.1366719752550125,100000
488,-3.678076982498169,60.01588821411133,0.96875,3.493701934814453,4626.9208984375,-2080.00537109375,0.998046875,0.888824462351029,0.01141321989483053,0.0,1.0,1.0,0.057683780789375305,0.03099656105041504,0.13975881040096283,100000
489,-3.0594520568847656,3.0594520568847656,1.0,2.7142162322998047,245.5737762451172,-8586.0400390625,0.9996337890625,0.8882767775100118,0.011400080935199414,0.0,1.0,1.0,-0.2323015183210373,-0.2575235366821289,0.13793343305587769,100000
490,-0.452781081199646,0.452781081199646,1.0,2.6605441570281982,45.19552230834961,-32768.0,0.9993896484375,0.8877294301469755,0.011386957101208723,0.0,1.0,1.0,-0.024283986538648605,-0.049546707421541214,0.13750042021274567,100000
491,-0.567114531993866,0.567114531993866,1.0,2.748802423477173,53.3227653503418,-7696.955078125,0.99755859375,0.8871824200539696,0.011373848375445736,0.0,1.0,1.0,-0.058018699288368225,-0.08116190135478973,0.139489084482193,100000
492,-1.0388144254684448,1.0388144254684448,1.0,2.6895344257354736,90.11431884765625,-295.26434326171875,0.9993896484375,0.8866357470231719,0.01136075474051778,0.0,1.0,1.0,-0.231846421957016,-0.25484567880630493,0.14707010984420776,100000
493,-0.5276153087615967,0.5276153087615967,1.0,2.6507859230041504,51.03516387939453,-312594.34375,1.0,0.8860894108468879,0.011347676179052206,0.0,1.0,1.0,-0.1462276130914688,-0.1665976643562317,0.1366107016801834,100000
494,-0.7051461935043335,0.7051461935043335,1.0,2.7369868755340576,64.04635620117188,-8535.9326171875,0.99609375,0.885543411317551,0.011334612673696365,0.0,1.0,1.0,0.04085637629032135,0.01898316480219364,0.1308145970106125,100000
495,-0.4727291464805603,0.4727291464805603,1.0,2.658656597137451,46.74666213989258,-28396.228515625,0.989501953125,0.8849977482277227,0.011321564207117581,0.0,1.0,1.0,0.07912904024124146,0.05680039897561073,0.13598254323005676,100000
496,-0.42718973755836487,0.42718973755836487,1.0,2.5307648181915283,44.22391128540039,-6011.2216796875,0.9974365234375,0.8844524213700925,0.011308530762003135,0.0,1.0,1.0,0.1702616959810257,0.14868640899658203,0.14001557230949402,100000
497,-0.3814771771430969,0.3814771771430969,1.0,2.4709908962249756,41.163116455078125,-404.57122802734375,0.99853515625,0.8839074305374773,0.011295512321060238,0.0,1.0,1.0,-0.04964835196733475,-0.0744612067937851,0.14403477311134338,100000
498,-0.9956518411636353,0.9956518411636353,1.0,2.7016797065734863,86.69596099853516,-1979.32080078125,0.999755859375,0.8833627755228219,0.011282508867016004,0.0,1.0,1.0,-0.24620993435382843,-0.2693670392036438,0.1372046023607254,100000
499,-0.5985381603240967,0.5985381603240967,1.0,2.5376644134521484,57.36971664428711,-154458.515625,1.0,0.8828184561191984,0.011269520382617438,0.0,1.0,1.0,-0.1334395855665207,-0.15375766158103943,0.13659566640853882,100000
500,-0.39263230562210083,0.39263230562210083,1.0,2.6542062759399414,40.61109161376953,-1372.3916015625,0.9996337890625,0.8822744721198069,0.011256546850631403,0.0,1.0,1.0,-0.10840518772602081,-0.13507786393165588,0.13248710334300995,100000
501,-0.3487820625305176,0.3487820625305176,1.0,2.5615739822387695,37.94685363769531,-201.37905883789062,1.0,0.8817308233179744,0.011243588253844604,0.0,1.0,1.0,-0.07305610179901123,-0.09846469759941101,0.13412576913833618,100000
502,-0.3472574055194855,0.3472574055194855,1.0,2.3926258087158203,39.13081359863281,-4827.837890625,1.0,0.8811875095071555,0.011230644575063557,0.0,1.0,1.0,-0.10806818306446075,-0.13218851387500763,0.13740579783916473,100000
503,-0.4866847097873688,0.4866847097873688,1.0,2.665156841278076,47.771583557128906,-3940.56884765625,0.9991455078125,0.8806445304809322,0.011217715797114579,0.0,1.0,1.0,-0.13586196303367615,-0.15763603150844574,0.12931425869464874,100000
504,-0.47973889112472534,0.47973889112472534,1.0,2.700981616973877,46.960594177246094,-2089.863037109375,0.9998779296875,0.8801018860330133,0.011204801902843745,0.0,1.0,1.0,-0.022422537207603455,-0.044954825192689896,0.12907938659191132,100000
505,-3.7079076766967773,145729.0,0.96875,3.1553595066070557,11225504.0,-123356.03125,0.9990234375,0.8795595759572352,0.011191902875116892,0.0,1.0,1.0,0.01059209555387497,-0.011098150163888931,0.12291089445352554,100000
506,-2.707496166229248,2.707496166229248,1.0,3.007848024368286,216.20082092285156,-145552.78125,0.9991455078125,0.879017600047561,0.011179018696819571,0.0,1.0,1.0,0.06550375372171402,0.043088398873806,0.1303606927394867,100000
507,-0.44476252794265747,0.44476252794265747,1.0,2.5248756408691406,45.62290573120117,-4199.44677734375,0.9998779296875,0.8784759580980809,0.011166149350857047,0.0,1.0,1.0,-0.12767620384693146,-0.1479191929101944,0.1386117786169052,100000
508,-1.6013224124908447,1.6013224124908447,1.0,2.727121353149414,133.15475463867188,-30812.34375,0.9964599609375,0.8779346499030117,0.011153294820154248,0.0,1.0,1.0,0.12358915060758591,0.10181204229593277,0.13173308968544006,100000
509,-0.6700595617294312,0.6700595617294312,1.0,2.814112663269043,60.74952697753906,-37089.390625,0.9991455078125,0.8773936752566976,0.01114045508765577,0.0,1.0,1.0,-0.008507408201694489,-0.029817042872309685,0.13851703703403473,100000
510,-0.48157361149787903,0.48157361149787903,1.0,2.6371326446533203,47.59375,-3132.4609375,0.9970703125,0.876853033953609,0.011127630136325844,0.0,1.0,1.0,0.21758517622947693,0.19514404237270355,0.12617389857769012,100000
511,-2.8474135398864746,2.8474135398864746,1.0,2.6788601875305176,229.51283264160156,-168718.046875,0.9991455078125,0.8763127257883431,0.011114819949148307,0.0,1.0,1.0,0.007663346827030182,-0.017375875264406204,0.12828318774700165,100000
512,-0.3809640407562256,0.3809640407562256,1.0,2.460049629211426,41.20786666870117,-3478.689208984375,1.0,0.8757727505556234,0.011102024509126592,0.0,1.0,1.0,-0.2199324667453766,-0.2424268126487732,0.1333218663930893,100000
513,-3.997816324234009,248.76004028320312,0.96875,3.0807061195373535,19169.0546875,-68219.484375,0.9986572265625,0.8752331080503007,0.011089243799283692,0.0,1.0,1.0,0.04258637875318527,0.0202307291328907,0.13035401701927185,100000
514,-0.35577383637428284,0.35577383637428284,1.0,2.611034393310547,38.10443115234375,-1397.8577880859375,0.999755859375,0.8746937980673511,0.011076477802662146,0.0,1.0,1.0,-0.016551926732063293,-0.03810132294893265,0.13206464052200317,100000
515,-0.326233446598053,0.326233446598053,1.0,2.482295036315918,36.82061767578125,-65.25987243652344,0.98681640625,0.874154820401878,0.011063726502324013,0.0,1.0,1.0,-0.2375401258468628,-0.26106199622154236,0.13957157731056213,100000
516,-9.75856876373291,490200.6875,0.90625,3.991471290588379,37760128.0,-1411167.125,0.993408203125,0.8736161748491106,0.011050989881350861,0.0,1.0,1.0,0.09855666756629944,0.07550986856222153,0.13920220732688904,100000
517,-6.670823097229004,5306521.5,0.9375,3.7061767578125,408761056.0,-139489.65625,0.9976806640625,0.8730778612044042,0.011038267922843719,0.0,1.0,1.0,0.00023824721574783325,-0.024427706375718117,0.13286495208740234,100000
518,-3.4774231910705566,18688588.0,0.96875,9.254159927368164,1439580800.0,-170561.25,0.999755859375,0.8725398792632404,0.01102556060992308,0.0,1.0,1.0,-0.07232681661844254,-0.09502097964286804,0.12919634580612183,100000
519,-3.9501185417175293,14354.263671875,0.96875,3.39870548248291,1105712.75,-16148.482421875,0.9935302734375,0.8720022288212268,0.011012867925728871,0.0,1.0,1.0,0.08142128586769104,0.05878153070807457,0.12300491333007812,100000
520,-0.4731805920600891,0.4731805920600891,1.0,2.696110248565674,46.4929313659668,-3680.00732421875,0.9986572265625,0.871464909674097,0.011000189853420416,0.0,1.0,1.0,-0.025040432810783386,-0.048925936222076416,0.12324543297290802,100000
521,-0.501916766166687,0.501916766166687,1.0,2.7313780784606934,48.43480682373047,-54735.078125,0.999267578125,0.87092792161771,0.010987526376176442,0.0,1.0,1.0,0.07656610012054443,0.055030934512615204,0.13497509062290192,100000
522,-0.6911299824714661,0.6911299824714661,1.0,2.790738105773926,62.552642822265625,-3455.35400390625,0.9991455078125,0.8703912644480513,0.010974877477195026,0.0,1.0,1.0,-0.18495120108127594,-0.20660239458084106,0.1381770521402359,100000
523,-0.6168506145477295,0.6168506145477295,1.0,2.5619044303894043,58.59361267089844,-2347.28271484375,0.9998779296875,0.8698549379612317,0.010962243139693599,0.0,1.0,1.0,-0.13854464888572693,-0.1608143001794815,0.1264210343360901,100000
524,-4.000556945800781,1587608.5,0.96875,4.190533638000488,122293384.0,-53026.80859375,0.9993896484375,0.8693189419534876,0.010949623346908908,0.0,1.0,1.0,-0.15223678946495056,-0.173743337392807,0.12266954034566879,100000
525,-3.6472086906433105,1676.3011474609375,0.96875,3.403818130493164,129129.9609375,-250.12193298339844,0.9822998046875,0.8687832762211811,0.010937018082096994,0.0,1.0,1.0,-0.10765863955020905,-0.12818241119384766,0.11879883706569672,100000
526,-0.4150429964065552,0.4150429964065552,1.0,2.5879063606262207,42.848087310791016,-1119855.5,0.9998779296875,0.8682479405607998,0.01092442732853318,0.0,1.0,1.0,0.003964390605688095,-0.018025826662778854,0.12851890921592712,100000
527,-0.6735018491744995,0.6735018491744995,1.0,2.569171190261841,62.90147018432617,-500.56353759765625,1.0,0.8677129347689568,0.010911851069512037,0.0,1.0,1.0,0.043006300926208496,0.022137006744742393,0.13102291524410248,100000
528,-0.5874799489974976,0.5874799489974976,1.0,2.4742166996002197,57.006649017333984,-8451.640625,1.0,0.8671782586423902,0.010899289288347373,0.0,1.0,1.0,-0.23952476680278778,-0.2582848370075226,0.13548544049263,100000
529,-1.0998713970184326,1.0998713970184326,1.0,2.7460808753967285,94.38196563720703,-977.9834594726562,0.99951171875,0.8666439119779632,0.010886741968372202,0.0,1.0,1.0,0.07599300146102905,0.05545416474342346,0.1273859441280365,100000
530,-0.31281858682632446,0.31281858682632446,1.0,2.4611783027648926,35.94993209838867,-23457.0546875,0.9996337890625,0.8661098945726651,0.010874209092938727,0.0,1.0,1.0,-0.24532967805862427,-0.266842246055603,0.1263778805732727,100000
531,-0.6077069044113159,0.6077069044113159,1.0,2.748011589050293,56.4556884765625,-277.2878723144531,0.993408203125,0.8655762062236093,0.01086169064541831,0.0,1.0,1.0,-0.1249474585056305,-0.14576762914657593,0.1324247568845749,100000
532,-3.5874080657958984,8831.056640625,0.96875,3.813961982727051,680257.125,-14667.810546875,0.998291015625,0.8650428467280348,0.010849186609201462,0.0,1.0,1.0,-0.07805275917053223,-0.09604866057634354,0.13171203434467316,100000
533,-0.5815219879150391,0.5815219879150391,1.0,2.7477898597717285,54.440372467041016,-1409.062744140625,0.998779296875,0.864509815883305,0.010836696967697816,0.0,1.0,1.0,-0.4135890007019043,-0.4327224791049957,0.12970897555351257,100000
534,-1.1734095811843872,1.1734095811843872,1.0,2.6077470779418945,101.11219024658203,-2583.92626953125,0.9998779296875,0.8639771134869088,0.010824221704336098,0.0,1.0,1.0,-0.32899290323257446,-0.34850916266441345,0.12408868223428726,100000
535,-3.6302762031555176,1042.0728759765625,0.96875,3.249363899230957,80276.59375,-29094.53515625,0.9996337890625,0.8634447393364596,0.01081176080256412,0.0,1.0,1.0,-0.08267302066087723,-0.10466286540031433,0.12558159232139587,100000
536,-0.3881484568119049,0.3881484568119049,1.0,2.534332513809204,41.189083099365234,-287.6111755371094,0.999755859375,0.8629126932296952,0.010799314245848736,0.0,1.0,1.0,-0.4506106972694397,-0.47014009952545166,0.13098962604999542,100000
537,-0.362246036529541,0.362246036529541,1.0,2.7062957286834717,37.86919021606445,-69178.7265625,0.999755859375,0.8623809749644786,0.010786882017675843,0.0,1.0,1.0,-0.26670774817466736,-0.2877754867076874,0.13577884435653687,100000
538,-0.5013926029205322,0.5013926029205322,1.0,2.838089942932129,47.57242965698242,-1013175.3125,0.999267578125,0.8618495843387972,0.010774464101550349,0.0,1.0,1.0,-0.31036970019340515,-0.32912468910217285,0.12631849944591522,100000
539,-0.7110759615898132,0.7110759615898132,1.0,2.882453441619873,63.382591247558594,-522433.15625,0.997314453125,0.8613185211507624,0.010762060480996148,0.0,1.0,1.0,-0.27126947045326233,-0.2903842031955719,0.11703425645828247,100000
540,-2.9438276290893555,2.9438276290893555,1.0,2.6992621421813965,236.78245544433594,-2695.8193359375,0.9990234375,0.8607877851986104,0.010749671139556098,0.0,1.0,1.0,0.023446962237358093,0.003349602222442627,0.11930682510137558,100000
541,-0.6339544653892517,0.6339544653892517,1.0,2.7433338165283203,58.51356887817383,-4916.6708984375,1.0,0.8602573762807021,0.010737296060792012,0.0,1.0,1.0,-0.21161288022994995,-0.23055240511894226,0.12854142487049103,100000
542,-0.6843041777610779,0.6843041777610779,1.0,2.644130229949951,63.156166076660156,-145.70135498046875,0.9993896484375,0.8597272941955219,0.010724935228284617,0.0,1.0,1.0,-0.37201228737831116,-0.3911207616329193,0.12461264431476593,100000
543,-0.4076792001724243,0.4076792001724243,1.0,2.7944705486297607,40.689693450927734,-282.26873779296875,0.9893798828125,0.8591975387416787,0.010712588625633549,0.0,1.0,1.0,-0.10756831616163254,-0.1284448206424713,0.12245570123195648,100000
544,-3.7006020545959473,258545136.0,0.96875,3.242788076400757,19915716608.0,-716150.5,0.9986572265625,0.8586681097179056,0.010700256236457319,0.0,1.0,1.0,-0.44117963314056396,-0.46050700545310974,0.12066011130809784,100000
545,-0.5448407530784607,0.5448407530784607,1.0,2.65756893157959,52.309791564941406,-1702714.875,0.99951171875,0.8581390069230596,0.0106879380443933,0.0,1.0,1.0,-0.1692925989627838,-0.18880681693553925,0.12990982830524445,100000
546,-0.37410223484039307,0.37410223484039307,1.0,2.500957489013672,40.36418914794922,-17.975496292114258,0.9998779296875,0.8576102301561216,0.010675634033097705,0.0,1.0,1.0,-0.2710784375667572,-0.2888984680175781,0.11865635216236115,100000
547,-0.4781625270843506,0.4781625270843506,1.0,2.512235403060913,48.29307556152344,-19958.69921875,0.9970703125,0.8570817792161963,0.010663344186245552,0.0,1.0,1.0,-0.18329676985740662,-0.201846182346344,0.11808468401432037,100000
548,-1.5225796699523926,1.5225796699523926,1.0,2.6731314659118652,127.50509643554688,-103165.0234375,1.0,0.8565536539025126,0.01065106848753066,0.0,1.0,1.0,0.02320292592048645,0.004629837349057198,0.12815232574939728,100000
549,-0.7639880776405334,0.7639880776405334,1.0,2.7829251289367676,68.22508239746094,-150.0541229248047,0.9990234375,0.8560258540144229,0.010638806920665617,0.0,1.0,1.0,-0.3662606477737427,-0.38735368847846985,0.1340472251176834,100000
550,-3.533792495727539,790.780029296875,0.96875,3.125302314758301,60920.47265625,-707.53369140625,0.9996337890625,0.8554983793514027,0.010626559469381765,0.0,1.0,1.0,-0.23742808401584625,-0.25491541624069214,0.1358594298362732,100000
551,-3.746152639389038,3279.400146484375,0.96875,3.0944204330444336,252619.0,-12238.669921875,0.99951171875,0.854971229713052,0.010614326117429167,0.0,1.0,1.0,-0.05075659230351448,-0.06965606659650803,0.12539242208003998,100000
552,-3.7934536933898926,506179.71875,0.96875,3.3998284339904785,38990996.0,-2547.00537109375,0.999755859375,0.8544444048990937,0.010602106848576603,0.0,1.0,1.0,-0.13324518501758575,-0.15179947018623352,0.1250849813222885,100000
553,-0.40561729669570923,0.40561729669570923,1.0,2.6307759284973145,41.791805267333984,-6604.861328125,0.9998779296875,0.853917904709374,0.010589901646611529,0.0,1.0,1.0,-0.2511294186115265,-0.2715449929237366,0.1265754997730255,100000
554,-0.6174613833427429,0.6174613833427429,1.0,2.5450081825256348,58.770809173583984,-59882.25390625,0.998046875,0.8533917289438628,0.01057771049534007,0.0,1.0,1.0,-0.09568032622337341,-0.1148880198597908,0.13882604241371155,100000
555,-3.7315378189086914,845354.75,0.96875,3.652801513671875,65117628.0,-2960.273681640625,0.9991455078125,0.8528658774026532,0.010565533378586995,0.0,1.0,1.0,-0.10713228583335876,-0.12704169750213623,0.12112373113632202,100000
556,-3.5135602951049805,11349.2998046875,0.96875,3.0689449310302734,874243.0625,-7320858.5,0.979736328125,0.8523403498859613,0.010553370280195689,0.0,1.0,1.0,-0.4157341718673706,-0.43513596057891846,0.1298925131559372,100000
557,-0.6071515083312988,0.6071515083312988,1.0,2.4893059730529785,58.40571594238281,-16880.755859375,0.9990234375,0.8518151461941265,0.01054122118402814,0.0,1.0,1.0,-0.04756815731525421,-0.06756898015737534,0.12548446655273438,100000
558,-0.8950724601745605,0.8950724601745605,1.0,2.7282276153564453,78.74383544921875,-36677.1171875,0.992919921875,0.8512902661276109,0.01052908607396491,0.0,1.0,1.0,-0.28188490867614746,-0.29973065853118896,0.12628880143165588,100000
559,-3.559372901916504,5466.6669921875,0.96875,3.091142177581787,421104.09375,-58355.50390625,0.9921875,0.8507657094869999,0.010516964933905127,0.0,1.0,1.0,-0.04773581773042679,-0.06724116206169128,0.1319945752620697,100000
560,-0.5144757032394409,0.5144757032394409,1.0,2.7402448654174805,49.333919525146484,-527.0438232421875,0.99951171875,0.8502414760730018,0.010504857747766445,0.0,1.0,1.0,-0.6204730272293091,-0.6382418870925903,0.14198563992977142,100000
561,-0.46216773986816406,0.46216773986816406,1.0,2.6495041847229004,46.00361633300781,-53907.94140625,0.9998779296875,0.8497175656864473,0.010492764499485037,0.0,1.0,1.0,-0.04864802584052086,-0.06823490560054779,0.13741378486156464,100000
562,-0.6459911465644836,0.6459911465644836,1.0,2.4380786418914795,61.79212951660156,-9717.7734375,1.0,0.8491939781282903,0.010480685173015565,0.0,1.0,1.0,-0.3622645139694214,-0.37976858019828796,0.14266781508922577,100000
563,-0.8205154538154602,0.8205154538154602,1.0,2.685652256011963,73.32867431640625,-6762.09521484375,1.0,0.8486707131996071,0.01046861975233117,0.0,1.0,1.0,0.08543677628040314,0.06605395674705505,0.13906043767929077,100000
564,-0.8114065527915955,0.8114065527915955,1.0,2.5481135845184326,73.68647766113281,-181.7584686279297,1.0,0.8481477707015965,0.010456568221423431,0.0,1.0,1.0,-0.051268070936203,-0.06898583471775055,0.1268206536769867,100000
565,-0.3590449094772339,0.3590449094772339,1.0,2.4524154663085938,39.578243255615234,-316.2524108886719,0.9990234375,0.8476251504355801,0.010444530564302367,0.0,1.0,1.0,-0.24287448823451996,-0.26260700821876526,0.12192602455615997,100000
566,-0.663881242275238,0.663881242275238,1.0,2.7036967277526855,61.124149322509766,-6277.5869140625,0.9990234375,0.8471028522030014,0.0104325067649964,0.0,1.0,1.0,-0.07463885843753815,-0.0928555577993393,0.12993234395980835,100000
567,-0.3916013836860657,0.3916013836860657,1.0,2.601442813873291,40.9381103515625,-170930.09375,1.0,0.8465808758054268,0.010420496807552342,0.0,1.0,1.0,-0.005932573229074478,-0.02583376318216324,0.136588454246521,100000
568,-0.5166114568710327,0.5166114568710327,1.0,2.6526739597320557,50.172996520996094,-131.27000427246094,0.9998779296875,0.846059221044545,0.010408500676035364,0.0,1.0,1.0,-0.1549004316329956,-0.1744157373905182,0.13230189681053162,100000
569,-17.142423629760742,17.142423629760742,1.0,2.7246108055114746,1330.3040771484375,-358.84271240234375,0.98974609375,0.8455378877221661,0.010396518354528985,0.0,1.0,1.0,-0.11721006780862808,-0.1358167678117752,0.12553046643733978,100000
570,-0.395030677318573,0.395030677318573,1.0,2.6691110134124756,40.68102264404297,-13115.9970703125,0.9986572265625,0.8450168756402233,0.01038454982713505,0.0,1.0,1.0,0.01925537921488285,-0.00029325857758522034,0.1211899071931839,100000
571,-0.8757323026657104,0.8757323026657104,1.0,2.7367453575134277,77.18846130371094,-9969.6875,0.9998779296875,0.8444961846007712,0.0103725950779737,0.0,1.0,1.0,-0.04168584197759628,-0.06232408434152603,0.12482647597789764,100000
572,-0.5088365077972412,0.5088365077972412,1.0,2.8618900775909424,47.962501525878906,-9640.8349609375,0.9976806640625,0.8439758144059868,0.010360654091183363,0.0,1.0,1.0,-0.16281819343566895,-0.18279263377189636,0.13375777006149292,100000
573,-0.4679452180862427,0.4679452180862427,1.0,2.5810461044311523,46.97598648071289,-5177.9619140625,0.998291015625,0.8434557648581685,0.010348726850920722,0.0,1.0,1.0,-0.11382982134819031,-0.13172975182533264,0.12316536903381348,100000
574,-0.35450273752212524,0.35450273752212524,1.0,2.4268524646759033,39.42527389526367,-97.71875,0.999755859375,0.8429360357597373,0.010336813341360704,0.0,1.0,1.0,0.06484867632389069,0.04498022794723511,0.11458154767751694,100000
575,-0.586938202381134,0.586938202381134,1.0,2.5549604892730713,56.34294891357422,-5206.88720703125,0.99951171875,0.8424166269132348,0.010324913546696447,0.0,1.0,1.0,-0.11301597952842712,-0.13298998773097992,0.11747466027736664,100000
576,-0.35229313373565674,0.35229313373565674,1.0,2.557316303253174,38.25010681152344,-21617.869140625,1.0,0.8418975381213255,0.01031302745113929,0.0,1.0,1.0,-0.2609761953353882,-0.2804815173149109,0.12779615819454193,100000
577,-1.2605607509613037,1.2605607509613037,1.0,2.642721652984619,107.55602264404297,-4466.3408203125,0.9989013671875,0.8413787691867947,0.010301155038918753,0.0,1.0,1.0,-0.11185476183891296,-0.13160687685012817,0.13389800488948822,100000
578,-1.2499788999557495,1.2499788999557495,1.0,2.665736436843872,106.5636215209961,-2380.054443359375,0.977294921875,0.8408603199125492,0.010289296294282498,0.0,1.0,1.0,-0.06260368227958679,-0.08197402954101562,0.1283363252878189,100000
579,-0.4557781517505646,0.4557781517505646,1.0,2.641087532043457,45.576263427734375,-216986.6875,0.9989013671875,0.8403421901016179,0.010277451201496335,0.0,1.0,1.0,-0.06483051180839539,-0.08328238129615784,0.1271197348833084,100000
580,-0.5547015070915222,0.5547015070915222,1.0,2.6390738487243652,53.21183395385742,-4324.6591796875,0.991455078125,0.8398243795571506,0.010265619744844181,0.0,1.0,1.0,-0.2847477197647095,-0.30244967341423035,0.11569544672966003,100000
581,-0.8462615013122559,0.8462615013122559,1.0,2.725148916244507,75.00764465332031,-17761.263671875,0.9970703125,0.8393068880824182,0.010253801908628042,0.0,1.0,1.0,0.05194515362381935,0.033195529133081436,0.12669987976551056,100000
582,-3.6741585731506348,59.84944534301758,0.96875,3.2183499336242676,4616.22021484375,-16764.5703125,0.996337890625,0.8387897154808134,0.010241997677168005,0.0,1.0,1.0,-0.252847820520401,-0.2710479497909546,0.1185639277100563,100000
583,-0.84890216588974,0.84890216588974,1.0,2.7756738662719727,74.82186126708984,-330170.96875,0.9998779296875,0.8382728615558493,0.010230207034802194,0.0,1.0,1.0,-0.2595192790031433,-0.27679118514060974,0.12444242835044861,100000
584,-0.691649854183197,0.691649854183197,1.0,2.5322864055633545,64.58354187011719,-16483.9609375,0.9998779296875,0.8377563261111611,0.01021842996588678,0.0,1.0,1.0,-0.43329423666000366,-0.4516540467739105,0.12590286135673523,100000
585,-5.351398468017578,25180.666015625,0.96875,3.2968506813049316,1939670.875,-166290.125,0.996826171875,0.837240108950504,0.010206666454795931,0.0,1.0,1.0,0.011535212397575378,-0.006104158237576485,0.12448139488697052,100000
586,-0.3624691367149353,0.3624691367149353,1.0,2.4554085731506348,39.8189582824707,-1006.3621826171875,0.99951171875,0.8367242098777546,0.010194916485921806,0.0,1.0,1.0,-0.12333688139915466,-0.1405828446149826,0.12847502529621124,100000
587,-0.45661047101020813,0.45661047101020813,1.0,2.6105873584747314,45.87531661987305,-987.4159545898438,0.9993896484375,0.8362086286969104,0.010183180043674531,0.0,1.0,1.0,-0.12211505323648453,-0.138889878988266,0.11874257028102875,100000
588,-6.583848476409912,1490859.0,0.9375,6.118659973144531,114840768.0,-1254862.125,0.996337890625,0.8356933652120894,0.010171457112482187,0.0,1.0,1.0,-0.18715667724609375,-0.20463703572750092,0.11904843151569366,100000
589,-0.8970829248428345,0.8970829248428345,1.0,2.723034620285034,78.93870544433594,-215.3111572265625,0.9984130859375,0.8351784192275304,0.010159747676790771,0.0,1.0,1.0,-0.11033611744642258,-0.1286097764968872,0.11527439206838608,100000
590,-0.5488672256469727,0.5488672256469727,1.0,2.6469130516052246,52.70203399658203,-5030.3828125,0.9993896484375,0.8346637905475931,0.010148051721064191,0.0,1.0,1.0,-0.10123619437217712,-0.11770598590373993,0.12655703723430634,100000
591,-0.7927350401878357,0.7927350401878357,1.0,2.6820871829986572,71.2162094116211,-9955.962890625,0.9998779296875,0.8341494789767574,0.010136369229784241,0.0,1.0,1.0,-0.034747201949357986,-0.05192536860704422,0.12999598681926727,100000
592,-0.42946529388427734,0.42946529388427734,1.0,2.6792304515838623,43.25556945800781,-2320.0869140625,0.9996337890625,0.8336354843196238,0.010124700187450575,0.0,1.0,1.0,-0.017587337642908096,-0.03532138466835022,0.12892532348632812,100000
593,-6.765440940856934,1122.6002197265625,0.9375,3.6920254230499268,86476.1953125,-1146.5517578125,0.9986572265625,0.8331218063809134,0.010113044578580699,0.0,1.0,1.0,-0.27831584215164185,-0.2973800301551819,0.1092621460556984,100000
594,-0.8016182780265808,0.8016182780265808,1.0,2.651920795440674,72.13285827636719,-2243.90576171875,0.99560546875,0.832608444965467,0.010101402387709934,0.0,1.0,1.0,-0.10888005793094635,-0.1278831958770752,0.1087663471698761,100000
595,-0.42032191157341003,0.42032191157341003,1.0,2.4978325366973877,43.94856262207031,-256.1697998046875,0.999755859375,0.8320953998782467,0.01008977359939141,0.0,1.0,1.0,0.03189775347709656,0.013160614296793938,0.11598590761423111,100000
596,-0.4726587235927582,0.4726587235927582,1.0,2.682042121887207,46.56109619140625,-157268.609375,0.999755859375,0.8315826709243336,0.010078158198196036,0.0,1.0,1.0,-0.17326974868774414,-0.19094792008399963,0.11012601852416992,100000
597,-3.7421202659606934,286966.34375,0.96875,3.1418638229370117,22105004.0,-68059.1875,0.997802734375,0.8310702579089299,0.010066556168712484,0.0,1.0,1.0,-0.2137565165758133,-0.23206621408462524,0.12774406373500824,100000
598,-1.3993587493896484,1.3993587493896484,1.0,2.7508199214935303,117.41496276855469,-256737.5625,0.9979248046875,0.830558160637357,0.010054967495547169,0.0,1.0,1.0,-0.254364550113678,-0.2717167139053345,0.12533847987651825,100000
599,-0.7473073601722717,0.7473073601722717,1.0,2.885834217071533,66.14745330810547,-11071.93359375,1.0,0.8300463789150572,0.010043392163324229,0.0,1.0,1.0,-0.019833818078041077,-0.03808295726776123,0.13056384027004242,100000
600,-0.7558731436729431,0.7558731436729431,1.0,2.4591879844665527,70.09373474121094,-51.87384796142578,1.0,0.8295349125475917,0.010031830156685495,0.0,1.0,1.0,-0.10805226862430573,-0.12515562772750854,0.12691348791122437,100000
601,-0.4744947850704193,0.4744947850704193,1.0,2.4613289833068848,48.402679443359375,-93241.671875,0.999755859375,0.8290237613406423,0.010020281460290483,0.0,1.0,1.0,-0.07788337022066116,-0.09597040712833405,0.1290179044008255,100000
602,-1.0789821147918701,1.0789821147918701,1.0,2.6488637924194336,93.52172088623047,-1362310.75,0.9998779296875,0.82851292510001,0.010008746058816376,0.0,1.0,1.0,-0.023183323442935944,-0.03910203278064728,0.12942025065422058,100000
603,-0.5987223386764526,0.5987223386764526,1.0,2.5656838417053223,57.16807556152344,-133.06771850585938,0.9957275390625,0.8280024036316158,0.009997223936957985,0.0,1.0,1.0,-0.48863324522972107,-0.5043560266494751,0.12101496756076813,100000
604,-0.5106499195098877,0.5106499195098877,1.0,2.68336820602417,49.47734069824219,-1452.8968505859375,0.9996337890625,0.8274921967415,0.009985715079427745,0.0,1.0,1.0,-0.2295806109905243,-0.24611817300319672,0.12346547842025757,100000
605,-0.5231334567070007,0.5231334567070007,1.0,2.7728962898254395,49.74931335449219,-4887.03369140625,0.9998779296875,0.8269823042358228,0.009974219470955694,0.0,1.0,1.0,-0.44884124398231506,-0.463358998298645,0.13245633244514465,100000
606,-0.5351419448852539,0.5351419448852539,1.0,2.7979979515075684,50.4809684753418,-2741701.75,0.99755859375,0.8264727259208633,0.009962737096289443,0.0,1.0,1.0,-0.07433897256851196,-0.09074342250823975,0.13328023254871368,100000
607,-3.9568185806274414,10678.126953125,0.96875,3.350918769836426,822540.5625,-24170.5703125,0.983154296875,0.8259634616030206,0.009951267940194164,0.0,1.0,1.0,-0.22131429612636566,-0.2384389489889145,0.12657363712787628,100000
608,-3.656482458114624,75700.296875,0.96875,3.3645431995391846,5831194.5,-19641.046875,0.9931640625,0.8254545110888127,0.00993981198745257,0.0,1.0,1.0,0.031399402767419815,0.014104200527071953,0.11526133865118027,100000
609,-3.6812357902526855,572.5018310546875,0.96875,3.5077271461486816,44103.57421875,-72459.546875,0.994140625,0.8249458741848767,0.009928369222864886,0.0,1.0,1.0,-0.19341802597045898,-0.20893393456935883,0.12310098111629486,100000
610,-0.6734906435012817,0.6734906435012817,1.0,2.7020153999328613,61.87731170654297,-2188.029541015625,0.996826171875,0.8244375506979695,0.009916939631248843,0.0,1.0,1.0,0.08636553585529327,0.0701860710978508,0.12568217515945435,100000
611,-0.43875640630722046,0.43875640630722046,1.0,2.677175521850586,43.987091064453125,-514141.90625,0.999267578125,0.8239295404349662,0.009905523197439644,0.0,1.0,1.0,-0.039228297770023346,-0.05553128942847252,0.1255946010351181,100000
612,-0.6623752117156982,0.6623752117156982,1.0,2.8661046028137207,59.757110595703125,-2191.186767578125,0.999755859375,0.8234218432028614,0.009894119906289951,0.0,1.0,1.0,-0.12067528814077377,-0.13749152421951294,0.12110242247581482,100000
613,-0.8773854374885559,0.8773854374885559,1.0,2.680020809173584,77.75274658203125,-4868.3125,0.9998779296875,0.8229144588087689,0.009882729742669865,0.0,1.0,1.0,-0.22683866322040558,-0.24600712954998016,0.12104513496160507,100000
614,-0.7190666198730469,0.7190666198730469,1.0,2.635406732559204,65.90111541748047,-258.12811279296875,0.999267578125,0.8224073870599204,0.009871352691466903,0.0,1.0,1.0,-0.2807338833808899,-0.29929354786872864,0.11515657603740692,100000
615,-0.5934126377105713,0.5934126377105713,1.0,2.705267906188965,55.68385314941406,-408.51409912109375,0.9990234375,0.8219006277636675,0.00985998873758598,0.0,1.0,1.0,-0.3721064329147339,-0.38878268003463745,0.12223359197378159,100000
616,-3.479192018508911,33350.58984375,0.96875,2.989811420440674,2569001.5,-2210.27197265625,0.9993896484375,0.8213941807274799,0.009848637865949394,0.0,1.0,1.0,0.1309291273355484,0.11434491723775864,0.11407795548439026,100000
617,-3.7173943519592285,28024302.0,0.96875,3.0474236011505127,2158710272.0,-33312.90234375,0.9979248046875,0.8208880457589459,0.009837300061496787,0.0,1.0,1.0,-0.32385653257369995,-0.3384757339954376,0.11304651200771332,100000
618,-3.701608657836914,24494.13671875,0.96875,2.9991822242736816,1886789.5,-2052.3173828125,0.99853515625,0.8203822226657728,0.009825975309185156,0.0,1.0,1.0,-0.26098817586898804,-0.27628523111343384,0.11294981837272644,100000
619,-0.6338266730308533,0.6338266730308533,1.0,2.52510929107666,60.18471145629883,-45037.0625,0.9722900390625,0.8198767112557855,0.0098146635939888,0.0,1.0,1.0,-0.09387485682964325,-0.10960569232702255,0.12195384502410889,100000
620,-0.420734703540802,0.420734703540802,1.0,2.629405975341797,42.96685028076172,-568.7501831054688,0.998779296875,0.8193715113369284,0.009803364900899324,0.0,1.0,1.0,-0.12439188361167908,-0.139351487159729,0.1328754425048828,100000
621,-0.5230474472045898,0.5230474472045898,1.0,2.5689783096313477,51.31346893310547,-2528.1416015625,1.0,0.8188666227172637,0.00979207921492561,0.0,1.0,1.0,-0.39350175857543945,-0.40790268778800964,0.116408571600914,100000
622,-0.44891753792762756,0.44891753792762756,1.0,2.704862594604492,44.5565299987793,-430.37481689453125,1.0,0.8183620452049718,0.009780806521093798,0.0,1.0,1.0,-0.1353500932455063,-0.1516103446483612,0.11961814761161804,100000
623,-0.38890135288238525,0.38890135288238525,1.0,2.6029200553894043,40.71875,-2630.247802734375,0.9998779296875,0.8178577786083515,0.009769546804447263,0.0,1.0,1.0,-0.17361056804656982,-0.18958021700382233,0.12072444707155228,100000
624,-0.846288800239563,0.846288800239563,1.0,2.615605354309082,75.85356140136719,-8738.7373046875,0.9993896484375,0.8173538227358195,0.009758300050046602,0.0,1.0,1.0,-0.08018407970666885,-0.09554369747638702,0.11527901887893677,100000
625,-3.5441102981567383,2139424768.0,0.96875,2.9184908866882324,164799774720.0,-5004229.5,0.999267578125,0.8168501773959108,0.009747066242969605,0.0,1.0,1.0,-0.2526959478855133,-0.26950547099113464,0.12440264970064163,100000
626,-0.6670793294906616,0.6670793294906616,1.0,2.564272165298462,62.444488525390625,-2217.090087890625,0.996826171875,0.8163468423972783,0.009735845368311248,0.0,1.0,1.0,0.15997865796089172,0.14405891299247742,0.11886347085237503,100000
627,-0.8982445001602173,0.8982445001602173,1.0,2.709768772125244,79.13035583496094,-58919.91015625,0.99365234375,0.8158438175486925,0.00972463741118366,0.0,1.0,1.0,-0.013666795566678047,-0.029948774725198746,0.12046569585800171,100000
628,-3.6305973529815674,3139930.75,0.96875,3.0834689140319824,241868672.0,-60128.99609375,0.999267578125,0.8153411026590425,0.009713442356716107,0.0,1.0,1.0,-0.2755787670612335,-0.2922722399234772,0.11674480140209198,100000
629,-3.5431528091430664,19532534.0,0.96875,3.07967472076416,1504589952.0,-7615.59326171875,0.9976806640625,0.8148386975373343,0.009702260190054985,0.0,1.0,1.0,-0.1602693796157837,-0.1769028902053833,0.12338827550411224,100000
630,-0.43450140953063965,0.43450140953063965,1.0,2.5402517318725586,44.714054107666016,-109.13197326660156,1.0,0.814336601992692,0.009691090896363776,0.0,1.0,1.0,-0.14382432401180267,-0.16068078577518463,0.12088490277528763,100000
631,-0.9813637733459473,0.9813637733459473,1.0,2.693372964859009,85.65933227539062,-13830.17578125,0.99951171875,0.8138348158343575,0.009679934460823053,0.0,1.0,1.0,-0.169343501329422,-0.18611770868301392,0.11794866621494293,100000
632,-0.41642332077026367,0.41642332077026367,1.0,2.6472597122192383,42.497215270996094,-12039.3232421875,0.9996337890625,0.8133333388716898,0.009668790868630444,0.0,1.0,1.0,-0.2243569791316986,-0.24173498153686523,0.12697885930538177,100000
633,-0.35855987668037415,0.35855987668037415,1.0,2.6172878742218018,38.2708740234375,-7527.75341796875,0.999755859375,0.8128321709141656,0.009657660105000614,0.0,1.0,1.0,-0.09375926852226257,-0.11171603202819824,0.12491253763437271,100000
634,-0.43262621760368347,0.43262621760368347,1.0,2.623159408569336,43.930965423583984,-145035.265625,0.997802734375,0.812331311771379,0.009646542155165257,0.0,1.0,1.0,-0.14682459831237793,-0.16534888744354248,0.11126092821359634,100000
635,-0.48806893825531006,0.48806893825531006,1.0,2.559579849243164,48.69146728515625,-1647.436767578125,1.0,0.8118307612530414,0.009635437004373065,0.0,1.0,1.0,-0.0031520407646894455,-0.022396253421902657,0.11337688565254211,100000
636,-0.5366033315658569,0.5366033315658569,1.0,2.749964714050293,50.963539123535156,-17892.552734375,0.9996337890625,0.8113305191689816,0.009624344637889706,0.0,1.0,1.0,-0.29167449474334717,-0.3089219629764557,0.11079675704240799,100000
637,-0.4776022732257843,0.4776022732257843,1.0,2.6643526554107666,47.078155517578125,-17255.67578125,1.0,0.8108305853291453,0.009613265040997823,0.0,1.0,1.0,-0.19326913356781006,-0.20972806215286255,0.1150570958852768,100000
638,-0.3471442759037018,0.3471442759037018,1.0,2.5390398502349854,37.99427032470703,-34.17198944091797,0.9996337890625,0.8103309595435956,0.009602198198996988,0.0,1.0,1.0,-0.026626035571098328,-0.04363522678613663,0.11318615823984146,100000
639,-0.40021511912345886,0.40021511912345886,1.0,2.7125415802001953,40.74583053588867,-842.5125732421875,0.99951171875,0.8098316416225124,0.009591144097203706,0.0,1.0,1.0,-0.16770800948143005,-0.18323899805545807,0.12194595485925674,100000
640,-1.0300414562225342,1.0300414562225342,1.0,2.857308864593506,88.14617919921875,-750.2138671875,0.9766845703125,0.8093326313761926,0.009580102720951379,0.0,1.0,1.0,-0.35512930154800415,-0.36931031942367554,0.11902306973934174,100000
641,-0.5664768218994141,0.5664768218994141,1.0,2.553772449493408,54.77595901489258,-2143.027587890625,0.9998779296875,0.8088339286150503,0.009569074055590302,0.0,1.0,1.0,-0.3774263262748718,-0.39324361085891724,0.11359182745218277,100000
642,-0.589091956615448,0.589091956615448,1.0,2.6336140632629395,55.90298080444336,-7387.6318359375,0.9990234375,0.8083355331496158,0.00955805808648762,0.0,1.0,1.0,0.16168388724327087,0.14584365487098694,0.10812817513942719,100000
643,-0.42955589294433594,0.42955589294433594,1.0,2.7938590049743652,42.37956237792969,-10289.51953125,0.9969482421875,0.8078374447905369,0.009547054799027342,0.0,1.0,1.0,-0.4891405701637268,-0.503858745098114,0.10381849110126495,100000
644,-0.4612504541873932,0.4612504541873932,1.0,2.8124780654907227,44.67757034301758,-29150.28515625,0.9996337890625,0.8073396633485774,0.009536064178610288,0.0,1.0,1.0,0.07809808105230331,0.061521291732788086,0.10681932419538498,100000
645,-0.3748689889907837,0.3748689889907837,1.0,2.5870280265808105,39.76025390625,-44.44911193847656,1.0,0.8068421886346182,0.00952508621065409,0.0,1.0,1.0,-0.4175523817539215,-0.43294623494148254,0.10950764268636703,100000
646,-0.6060740351676941,0.6060740351676941,1.0,2.6524770259857178,57.06581115722656,-4343.8525390625,1.0,0.8063450204596564,0.009514120880593172,0.0,1.0,1.0,-0.16256560385227203,-0.1789984107017517,0.11625374108552933,100000
647,-0.6287510395050049,0.6287510395050049,1.0,2.5591318607330322,59.531654357910156,-1226.870361328125,0.999267578125,0.805848158634806,0.009503168173878718,0.0,1.0,1.0,-0.11283436417579651,-0.1288493275642395,0.11693491786718369,100000
648,-3.5032315254211426,30.14829444885254,0.96875,3.4591712951660156,2326.4873046875,-200.04531860351562,0.9967041015625,0.8053516029712966,0.009492228075978664,0.0,1.0,1.0,-0.3391961455345154,-0.35381436347961426,0.11976414918899536,100000
649,-0.502226710319519,0.502226710319519,1.0,2.61893367767334,49.3248405456543,-3892.828125,0.9976806640625,0.8048553532804751,0.00948130057237768,0.0,1.0,1.0,-0.11383263766765594,-0.12961135804653168,0.12247155606746674,100000
650,-0.4271596670150757,0.4271596670150757,1.0,2.8095126152038574,42.074398040771484,-648.020263671875,0.9835205078125,0.8043594093738038,0.009470385648577136,0.0,1.0,1.0,0.03895185515284538,0.023578261956572533,0.1115204319357872,100000
651,-4.049088478088379,4691.34765625,0.96875,3.421661615371704,361378.6875,-283982.5625,0.99072265625,0.8038637710628618,0.0094594832900951,0.0,1.0,1.0,-0.1613491177558899,-0.17692947387695312,0.1143437996506691,100000
652,-0.661201000213623,0.661201000213623,1.0,2.666110038757324,61.20722579956055,-1852.4429931640625,0.98974609375,0.8033684381593438,0.009448593482466313,0.0,1.0,1.0,-0.5752143263816833,-0.5880336761474609,0.11420483887195587,100000
653,-3.7177653312683105,1356024.875,0.96875,3.0852484703063965,104454536.0,-5909.1767578125,0.998046875,0.8028734104750609,0.009437716211242163,0.0,1.0,1.0,-0.29133325815200806,-0.3068385124206543,0.11489717662334442,100000
654,-1.2089438438415527,1.2089438438415527,1.0,2.708636999130249,103.0722427368164,-145389.28125,0.9979248046875,0.80237868782194,0.009426851461990677,0.0,1.0,1.0,-0.3841131329536438,-0.39814645051956177,0.11278263479471207,100000
655,-0.46593961119651794,0.46593961119651794,1.0,2.736889123916626,45.62104034423828,-172.1845245361328,0.999755859375,0.801884270012024,0.009415999220296489,0.0,1.0,1.0,-0.37805765867233276,-0.39199647307395935,0.12094812095165253,100000
656,-0.4002307951450348,0.4002307951450348,1.0,2.711648464202881,40.75392150878906,-1301.1053466796875,1.0,0.8013901568574713,0.009405159471760835,0.0,1.0,1.0,-0.07389933615922928,-0.08845116198062897,0.11693662405014038,100000
657,-0.7183037996292114,0.7183037996292114,1.0,2.5795979499816895,66.27224731445312,-11320.3076171875,0.996826171875,0.8008963481705564,0.009394332202001527,0.0,1.0,1.0,-0.4062381088733673,-0.420965313911438,0.10235180705785751,100000
658,-0.6903131008148193,0.6903131008148193,1.0,2.8327629566192627,62.16599655151367,-118433.3828125,0.999755859375,0.8004028437636695,0.009383517396652925,0.0,1.0,1.0,0.17717231810092926,0.16125471889972687,0.11364925652742386,100000
659,-1.1890207529067993,1.1890207529067993,1.0,2.4622573852539062,103.4354248046875,-59873.34765625,0.9998779296875,0.7999096434493163,0.009372715041365939,0.0,1.0,1.0,-0.11580541729927063,-0.13106223940849304,0.11964572221040726,100000
660,-0.7686360478401184,0.7686360478401184,1.0,2.738554000854492,68.92489624023438,-18309.65234375,1.0,0.7994167470401176,0.009361925121807986,0.0,1.0,1.0,0.06854856014251709,0.05284959077835083,0.12096473574638367,100000
661,-0.4487629532814026,0.4487629532814026,1.0,2.8463916778564453,43.45442581176758,-11556.3916015625,0.97998046875,0.7989241543488103,0.009351147623662992,0.0,1.0,1.0,-0.1600983738899231,-0.17298093438148499,0.1081824079155922,100000
662,-1.32136869430542,1.32136869430542,1.0,2.751908779144287,111.39897918701172,-879.25927734375,1.0,0.7984318651882464,0.009340382532631359,0.0,1.0,1.0,-0.47369489073753357,-0.48807552456855774,0.11043495684862137,100000
663,-0.49810656905174255,0.49810656905174255,1.0,2.611752510070801,49.062782287597656,-1880.3939208984375,0.993408203125,0.7979398793713933,0.009329629834429953,0.0,1.0,1.0,-0.16669344902038574,-0.18070180714130402,0.10782445222139359,100000
664,-0.3989783525466919,0.3989783525466919,1.0,2.447890281677246,42.68917465209961,-308.21905517578125,1.0,0.7974481967113336,0.009318889514792079,0.0,1.0,1.0,-0.07018425315618515,-0.08573246747255325,0.10791642963886261,100000
665,-3.6811447143554688,1014971.125,0.96875,3.802804946899414,78183168.0,-8054.89697265625,0.9996337890625,0.796956817021265,0.009308161559467471,0.0,1.0,1.0,-0.23610222339630127,-0.2520180940628052,0.11168722808361053,100000
666,-0.5128916501998901,0.5128916501998901,1.0,2.6976075172424316,49.54033660888672,-704.9240112304688,0.9998779296875,0.7964657401145006,0.009297445954222267,0.0,1.0,1.0,-0.009182117879390717,-0.024730559438467026,0.11406602710485458,100000
667,-0.8267296552658081,0.8267296552658081,1.0,2.6755614280700684,73.88508605957031,-513.7658081054688,0.9998779296875,0.795974965804468,0.009286742684838986,0.0,1.0,1.0,-0.02734624221920967,-0.04169464856386185,0.10726574063301086,100000
668,-0.5542936325073242,0.5542936325073242,1.0,2.816631317138672,51.81269073486328,-52381.171875,0.999755859375,0.7954844939047105,0.00927605173711652,0.0,1.0,1.0,0.1982649266719818,0.18123334646224976,0.11067797243595123,100000
669,-4.829623699188232,1089.5343017578125,0.96875,3.241570472717285,83932.609375,-57939.09765625,0.9990234375,0.7949943242288855,0.009265373096870106,0.0,1.0,1.0,-0.10487979650497437,-0.12112077325582504,0.11524511128664017,100000
670,-0.52454674243927,0.52454674243927,1.0,2.793855667114258,49.69673156738281,-568.7138061523438,0.99853515625,0.7945044565907657,0.009254706749931315,0.0,1.0,1.0,-0.10750968754291534,-0.12314369529485703,0.11040042340755463,100000
671,-0.6277172565460205,0.6277172565460205,1.0,2.5696139335632324,59.37128448486328,-1486.62255859375,0.9891357421875,0.7940148908042387,0.009244052682148023,0.0,1.0,1.0,-0.200933039188385,-0.21635420620441437,0.11486697942018509,100000
672,-0.3832339644432068,0.3832339644432068,1.0,2.641214609146118,39.987205505371094,-196.8143310546875,1.0,0.7935256266833061,0.009233410879384401,0.0,1.0,1.0,-0.39132678508758545,-0.40527838468551636,0.12653635442256927,100000
673,-7.056168556213379,48156.50390625,0.9375,5.342617988586426,3709482.25,-7636.796875,0.9969482421875,0.7930366640420848,0.009222781327520893,0.0,1.0,1.0,-0.27088701725006104,-0.28466325998306274,0.1297340840101242,100000
674,-0.4947487413883209,0.4947487413883209,1.0,2.4753634929656982,49.854736328125,-649.6422729492188,0.9998779296875,0.7925480026948061,0.009212164012454198,0.0,1.0,1.0,0.03249216824769974,0.018334612250328064,0.12819497287273407,100000
675,-4.016095161437988,29858.759765625,0.96875,3.287993907928467,2300023.75,-4128.49951171875,0.9998779296875,0.7920596424558155,0.00920155892009725,0.0,1.0,1.0,-0.12828387320041656,-0.1424987018108368,0.12410316616296768,100000
676,-0.5876842737197876,0.5876842737197876,1.0,2.7289462089538574,55.060203552246094,-80812.9375,0.976318359375,0.7915715831395729,0.0091909660363792,0.0,1.0,1.0,-0.01955079287290573,-0.03330542892217636,0.12006397545337677,100000
677,-323.86181640625,35808.93359375,0.96875,3.53391695022583,2758364.25,-14522.2685546875,0.99951171875,0.7910838245606531,0.009180385347245398,0.0,1.0,1.0,-0.39310121536254883,-0.4057774245738983,0.1160217747092247,100000
678,-5.6772871017456055,5.6772871017456055,1.0,2.748708724975586,446.9597473144531,-46476.92578125,1.0,0.7905963665337443,0.009169816838657375,0.0,1.0,1.0,-0.28281116485595703,-0.2969854474067688,0.11142264306545258,100000
679,-4.434486389160156,4.434486389160156,1.0,2.6311373710632324,352.1325378417969,-32792.015625,0.986083984375,0.7901092088736495,0.009159260496592818,0.0,1.0,1.0,-0.14289042353630066,-0.15636052191257477,0.11976179480552673,100000
680,-0.6250970363616943,0.6250970363616943,1.0,2.633202075958252,58.679622650146484,-396.0124206542969,0.9942626953125,0.7896223513952858,0.009148716307045564,0.0,1.0,1.0,-0.05407441407442093,-0.0658169612288475,0.12795573472976685,100000
681,-3.605269432067871,134630.03125,0.96875,3.3750314712524414,10370549.0,-17106.53125,0.99853515625,0.7891357939136839,0.009138184256025568,0.0,1.0,1.0,0.3395511507987976,0.32585933804512024,0.11443213373422623,100000
682,-3.48602032661438,266189.59375,0.96875,3.1649818420410156,20504572.0,-95241.84375,0.9964599609375,0.788649536243989,0.009127664329558895,0.0,1.0,1.0,0.10994227975606918,0.09606324136257172,0.12426982820034027,100000
683,-0.37609943747520447,0.37609943747520447,1.0,2.6637041568756104,39.26439666748047,-2117.563232421875,0.9984130859375,0.7881635782014599,0.00911715651368769,0.0,1.0,1.0,-0.17224961519241333,-0.18675009906291962,0.12288770079612732,100000
684,-0.4677639305591583,0.4677639305591583,1.0,2.611804246902466,46.72509765625,-5810.68505859375,0.9998779296875,0.787677919601469,0.009106660794470176,0.0,1.0,1.0,-0.24097511172294617,-0.25613683462142944,0.12503544986248016,100000
685,-0.5568903684616089,0.5568903684616089,1.0,2.5691678524017334,53.918922424316406,-34218.0390625,0.9991455078125,0.7871925602595032,0.00909617715798062,0.0,1.0,1.0,-0.16368024051189423,-0.1777493804693222,0.1202603131532669,100000
686,-0.5626837015151978,0.5626837015151978,1.0,2.593317747116089,54.17916488647461,-24866.91796875,1.0,0.7867074999911627,0.009085705590309317,0.0,1.0,1.0,-0.21891461312770844,-0.23272906243801117,0.12255914509296417,100000
687,-0.5147765874862671,0.5147765874862671,1.0,2.682018756866455,49.80561065673828,-21.680965423583984,0.99951171875,0.7862227386121609,0.009075246077562582,0.0,1.0,1.0,-0.39484649896621704,-0.4081130623817444,0.10583455115556717,100000
688,-0.4668264389038086,0.4668264389038086,1.0,2.602210521697998,46.72677993774414,-965.8593139648438,0.9942626953125,0.7857382759383255,0.009064798605862723,0.0,1.0,1.0,0.2011510729789734,0.18821775913238525,0.10333582758903503,100000
689,-0.43763697147369385,0.43763697147369385,1.0,2.415311813354492,45.917991638183594,-50.704307556152344,0.998779296875,0.785254111785597,0.009054363161348021,0.0,1.0,1.0,-0.48774826526641846,-0.5014103055000305,0.10293307900428772,100000
690,-3.1685497760772705,3.1685497760772705,1.0,2.652238607406616,254.4550018310547,-1232945.25,0.999755859375,0.7847702459700299,0.009043939730172715,0.0,1.0,1.0,-0.13011279702186584,-0.1434059590101242,0.10150113701820374,100000
691,-0.39608341455459595,0.39608341455459595,1.0,2.5896432399749756,41.37425231933594,-5971.947265625,0.9998779296875,0.7842866783077916,0.009033528298506985,0.0,1.0,1.0,-0.1763494312763214,-0.18843011558055878,0.10000451654195786,100000
692,-0.4075419306755066,0.4075419306755066,1.0,2.556650400161743,42.51104736328125,-64.35882568359375,0.999755859375,0.7838034086151633,0.009023128852536933,0.0,1.0,1.0,-0.47284701466560364,-0.4848472476005554,0.10474026948213577,100000
693,-0.7228201627731323,0.7228201627731323,1.0,2.5099425315856934,67.15670013427734,-25454.9375,1.0,0.7833204367085387,0.009012741378464565,0.0,1.0,1.0,-0.23947648704051971,-0.25162258744239807,0.10156159102916718,100000
694,-585.647705078125,585.647705078125,1.0,2.7990379333496094,45121.65625,-35353.64453125,0.999755859375,0.7828377624044253,0.009002365862507761,0.0,1.0,1.0,-0.33704692125320435,-0.34918907284736633,0.10990168154239655,100000
695,-7.43359899520874,7.43359899520874,1.0,2.6573915481567383,582.9518432617188,-13567.6015625,1.0,0.7823553855194432,0.008992002290900278,0.0,1.0,1.0,-0.3532886505126953,-0.36670511960983276,0.11342956870794296,100000
696,-0.7884120941162109,0.7884120941162109,1.0,2.979127883911133,68.5951156616211,-11324.689453125,0.998779296875,0.7818733058703257,0.008981650649891721,0.0,1.0,1.0,-0.20518717169761658,-0.21978193521499634,0.10578621178865433,100000
697,-0.34630173444747925,0.34630173444747925,1.0,2.5778141021728516,37.63069152832031,-33759.25,0.9969482421875,0.7813915232739189,0.008971310925747515,0.0,1.0,1.0,-0.3415520191192627,-0.35421085357666016,0.10599368065595627,100000
698,-3.5875511169433594,53859.66796875,0.96875,2.8826744556427,4148815.75,-20516.748046875,0.9952392578125,0.7809100375471821,0.008960983104748908,0.0,1.0,1.0,0.0499773733317852,0.03598042577505112,0.10267148911952972,100000
699,-0.4283692240715027,0.4283692240715027,1.0,2.6773242950439453,43.185821533203125,-623.0423583984375,0.999755859375,0.7804288485071871,0.008950667173192931,0.0,1.0,1.0,-0.48081859946250916,-0.4931979775428772,0.10518123209476471,100000
700,-3.9836087226867676,123993600.0,0.96875,3.044322967529297,9551219712.0,-1490428.25,0.9986572265625,0.7799479559711182,0.008940363117392394,0.0,1.0,1.0,-0.050245411694049835,-0.0632065087556839,0.11641714721918106,100000
701,-0.5646432638168335,0.5646432638168335,1.0,2.5221385955810547,54.87840270996094,-1324.27587890625,1.0,0.7794673597562729,0.008930070923675867,0.0,1.0,1.0,-0.2964479923248291,-0.3107492923736572,0.11139579117298126,100000
702,-0.5484308004379272,0.5484308004379272,1.0,2.737804412841797,51.96828079223633,-919.43896484375,0.997314453125,0.7789870596800609,0.008919790578387656,0.0,1.0,1.0,-0.1800883710384369,-0.19375544786453247,0.10613629966974258,100000
703,-2.8430843353271484,2.8430843353271484,1.0,2.7485995292663574,228.64212036132812,-1787.573486328125,0.999267578125,0.7785070555600045,0.008909522067887782,0.0,1.0,1.0,-0.3092200756072998,-0.3238733112812042,0.11017684638500214,100000
704,-0.3581930994987488,0.3581930994987488,1.0,2.603790760040283,38.346588134765625,-719554.3125,1.0,0.7780273472137385,0.008899265378551978,0.0,1.0,1.0,-0.22805871069431305,-0.24073870480060577,0.1116286963224411,100000
705,-0.8686692714691162,0.8686692714691162,1.0,2.6312010288238525,77.4573974609375,-5118.078125,1.0,0.7775479344590098,0.008889020496771656,0.0,1.0,1.0,-0.12899041175842285,-0.14303430914878845,0.11451458930969238,100000
706,-0.43957048654556274,0.43957048654556274,1.0,2.6972129344940186,43.89545440673828,-6786.708984375,0.9764404296875,0.7770688171136781,0.008878787408953894,0.0,1.0,1.0,-0.13258962333202362,-0.14496374130249023,0.10956017673015594,100000
707,-0.42466869950294495,0.42466869950294495,1.0,2.765867233276367,42.21872329711914,-5878.88916015625,0.99951171875,0.776589994995715,0.008868566101521421,0.0,1.0,1.0,-0.046987079083919525,-0.0613856241106987,0.10684270411729813,100000
708,-0.8874666690826416,0.8874666690826416,1.0,2.8166513442993164,77.47683715820312,-573.3890380859375,1.0,0.7761114679232042,0.008858356560912592,0.0,1.0,1.0,-0.467799574136734,-0.48085418343544006,0.11094102263450623,100000
709,-3.8246006965637207,7765847.0,0.96875,3.2607874870300293,598202688.0,-34736.9765625,0.9932861328125,0.7756332357143415,0.00884815877358138,0.0,1.0,1.0,-0.13962003588676453,-0.1529647707939148,0.12558388710021973,100000
710,-1.0104745626449585,1.0104745626449585,1.0,2.6508681774139404,88.22914123535156,-3085.177978515625,0.9971923828125,0.7751552981874352,0.008837972725997347,0.0,1.0,1.0,0.005397124215960503,-0.007842014543712139,0.10995867848396301,100000
711,-3.4988763332366943,102992704.0,0.96875,3.6166627407073975,7933521920.0,-92168376.0,0.9998779296875,0.7746776551609049,0.008827798404645634,0.0,1.0,1.0,-0.08926387876272202,-0.1026749238371849,0.12155398726463318,100000
712,-0.7282313108444214,0.7282313108444214,1.0,2.6323447227478027,66.63066101074219,-7770.7734375,1.0,0.7742003064532824,0.008817635796026941,0.0,1.0,1.0,-0.3164828419685364,-0.3299461305141449,0.11367217451334,100000
713,-4.2633056640625,14744495.0,0.96875,3.0573902130126953,1135767424.0,-2211.736328125,0.9998779296875,0.7737232518832116,0.008807484886657507,0.0,1.0,1.0,-0.11886458098888397,-0.13155819475650787,0.11850884556770325,100000
714,-0.6449862122535706,0.6449862122535706,1.0,2.7003979682922363,59.6940803527832,-774.0853881835938,0.9998779296875,0.7732464912694473,0.00879734566306909,0.0,1.0,1.0,-0.14733059704303741,-0.16219045221805573,0.11991680413484573,100000
715,-0.4876124858856201,0.4876124858856201,1.0,2.741821765899658,47.25250244140625,-27149.53125,0.99462890625,0.7727700244308572,0.008787218111808963,0.0,1.0,1.0,-0.1902768313884735,-0.20332734286785126,0.11016300320625305,100000
716,-0.5253396034240723,0.5253396034240723,1.0,2.714097499847412,50.37218475341797,-3266.28564453125,0.989501953125,0.7722938511864194,0.008777102219439873,0.0,1.0,1.0,-0.2640989422798157,-0.27583685517311096,0.11103138327598572,100000
717,-0.8131505846977234,0.8131505846977234,1.0,2.663670539855957,72.93067932128906,-29499.291015625,0.989501953125,0.7718179713552242,0.008766997972540045,0.0,1.0,1.0,-0.195657879114151,-0.20939728617668152,0.11117400974035263,100000
718,-0.6175936460494995,0.6175936460494995,1.0,2.6730899810791016,57.79438400268555,-5557.638671875,0.9989013671875,0.7713423847564735,0.008756905357703156,0.0,1.0,1.0,-0.19392946362495422,-0.20645058155059814,0.11258050799369812,100000
719,-0.893446147441864,0.893446147441864,1.0,2.6490838527679443,79.22821044921875,-3298.70556640625,0.999267578125,0.7708670912094803,0.008746824361538308,0.0,1.0,1.0,-0.23250675201416016,-0.24569827318191528,0.10001447051763535,100000
720,-2.055577039718628,2.055577039718628,1.0,2.8053956031799316,167.5430145263672,-13009.177734375,0.9998779296875,0.7703920905336687,0.008736754970670026,0.0,1.0,1.0,-0.24701304733753204,-0.2611646056175232,0.10093995183706284,100000
721,-3.526423692703247,70358.375,0.96875,3.2912914752960205,5419706.5,-377123.96875,0.9991455078125,0.7699173825485747,0.008726697171738233,0.0,1.0,1.0,-0.20933547616004944,-0.22439995408058167,0.10277534276247025,100000
722,-0.7526297569274902,0.7526297569274902,1.0,2.5158209800720215,69.40765380859375,-172726.453125,0.998779296875,0.7694429670738451,0.008716650951398223,0.0,1.0,1.0,0.1586514115333557,0.1439262330532074,0.09322286397218704,100000
723,-0.7494999170303345,0.7494999170303345,1.0,2.770843505859375,67.20211791992188,-1520.1162109375,1.0,0.7689688439292378,0.008706616296320668,0.0,1.0,1.0,-0.1266588270664215,-0.14008380472660065,0.09881926327943802,100000
724,-0.6252398490905762,0.6252398490905762,1.0,2.57283353805542,59.155643463134766,-48.4956169128418,1.0,0.7684950129346221,0.008696593193191571,0.0,1.0,1.0,-0.17832492291927338,-0.19211426377296448,0.0959353819489479,100000
725,-1.1988258361816406,1.1988258361816406,1.0,2.9993536472320557,100.05345153808594,-17047.6953125,0.99951171875,0.7680214739099778,0.008686581628712267,0.0,1.0,1.0,-0.008377298712730408,-0.02265048772096634,0.10281754285097122,100000
726,-0.5028549432754517,0.5028549432754517,1.0,2.5271427631378174,50.080299377441406,-131.36575317382812,0.9986572265625,0.767548226675396,0.008676581589599403,0.0,1.0,1.0,0.008611917495727539,-0.0038658147677779198,0.10038863867521286,100000
727,-2.2769908905029297,2.2769908905029297,1.0,2.8080577850341797,184.57803344726562,-22748.984375,0.999755859375,0.7670752710510785,0.008666593062584915,0.0,1.0,1.0,0.03719933331012726,0.02430383861064911,0.10184419900178909,100000
728,-0.4323989748954773,0.4323989748954773,1.0,2.7348380088806152,43.05320358276367,-13392.9267578125,0.9971923828125,0.7666026068573382,0.008656616034416012,0.0,1.0,1.0,-0.23355507850646973,-0.24662160873413086,0.09387784451246262,100000
729,-0.4465513825416565,0.4465513825416565,1.0,2.5781006813049316,45.3507080078125,-1317.302734375,1.0,0.7661302339145981,0.008646650491855166,0.0,1.0,1.0,-0.21678344905376434,-0.22933760285377502,0.09127874672412872,100000
730,-0.33292320370674133,0.33292320370674133,1.0,2.479708194732666,37.355857849121094,-28.139373779296875,0.9969482421875,0.7656581520433924,0.008636696421680079,0.0,1.0,1.0,-0.19542956352233887,-0.20826667547225952,0.09052469581365585,100000
731,-3.559154987335205,160.14801025390625,0.96875,3.04581880569458,12343.5419921875,-465.90594482421875,0.9996337890625,0.7651863610643657,0.008626753810683683,0.0,1.0,1.0,-0.12348512560129166,-0.13486014306545258,0.10718987882137299,100000
732,-0.3290255069732666,0.3290255069732666,1.0,2.526723861694336,36.69345474243164,-2419.734130859375,0.999267578125,0.7647148607982731,0.008616822645674108,0.0,1.0,1.0,-0.14330877363681793,-0.15415045619010925,0.09293323010206223,100000
733,-4.04084587097168,4.04084587097168,1.0,2.784334897994995,320.6303405761719,-367476352.0,0.99951171875,0.7642436510659801,0.00860690291347467,0.0,1.0,1.0,-0.2270321100950241,-0.23991261422634125,0.09630800038576126,100000
734,-0.48364195227622986,0.48364195227622986,1.0,2.727201461791992,47.059268951416016,-2318.6240234375,0.9998779296875,0.7637727316884627,0.008596994600923865,0.0,1.0,1.0,-0.31004977226257324,-0.3218501806259155,0.10221453011035919,100000
735,-0.9036418199539185,0.9036418199539185,1.0,2.7933454513549805,78.90232849121094,-3677.791015625,0.9993896484375,0.7633021024868073,0.008587097694875328,0.0,1.0,1.0,-0.052969589829444885,-0.06434327363967896,0.09903765469789505,100000
736,-0.8037333488464355,0.8037333488464355,1.0,2.7758705615997314,71.34100341796875,-129486.2734375,0.9998779296875,0.76283176328221,0.00857721218219783,0.0,1.0,1.0,-0.01170230284333229,-0.02247242070734501,0.10195216536521912,100000
737,-0.438198447227478,0.438198447227478,1.0,2.6186323165893555,44.39506912231445,-588.3807373046875,0.999755859375,0.7623617138959781,0.008567338049775268,0.0,1.0,1.0,-0.2449016571044922,-0.2566254436969757,0.10064895451068878,100000
738,-0.6181511878967285,0.6181511878967285,1.0,2.871541738510132,56.30866241455078,-75914.8125,0.99951171875,0.7618919541495277,0.008557475284506627,0.0,1.0,1.0,-0.3376624584197998,-0.3487408757209778,0.10996492207050323,100000
739,-34.701961517333984,34.701961517333984,1.0,2.8347787857055664,2682.065673828125,-771165.875,1.0,0.7614224838643863,0.008547623873305979,0.0,1.0,1.0,-0.35123521089553833,-0.36241862177848816,0.10534361004829407,100000
740,-0.6213680505752563,0.6213680505752563,1.0,2.5761728286743164,58.83168029785156,-79461.203125,0.9857177734375,0.7609533028621902,0.008537783803102463,0.0,1.0,1.0,-0.5089552998542786,-0.519977867603302,0.1050298660993576,100000
741,-0.5958856344223022,0.5958856344223022,1.0,2.724557399749756,55.72576141357422,-12811.9697265625,0.9998779296875,0.7604844109646862,0.008527955060840258,0.0,1.0,1.0,-0.4910968840122223,-0.5027732849121094,0.10952730476856232,100000
742,-11.640689849853516,5222658.5,0.96875,3.4455859661102295,402301088.0,-17118.787109375,0.99658203125,0.760015807993731,0.008518137633478582,0.0,1.0,1.0,-0.17655184864997864,-0.18825186789035797,0.11080308258533478,100000
743,-0.4703180193901062,0.4703180193901062,1.0,2.6302239894866943,46.77994918823242,-5636.6962890625,0.99951171875,0.7595474937712909,0.00850833150799166,0.0,1.0,1.0,-0.07438193261623383,-0.0861128643155098,0.10240750014781952,100000
744,-0.4775349199771881,0.4775349199771881,1.0,2.5933773517608643,47.619693756103516,-314.0653991699219,0.99951171875,0.7590794681194418,0.008498536671368713,0.0,1.0,1.0,-0.16420486569404602,-0.17601776123046875,0.10961861908435822,100000
745,-0.9172630310058594,0.9172630310058594,1.0,2.8224425315856934,79.72743225097656,-904.38916015625,0.9998779296875,0.7586117308603695,0.00848875311061394,0.0,1.0,1.0,-0.5487625598907471,-0.5598713159561157,0.09987552464008331,100000
746,-0.6824768781661987,0.6824768781661987,1.0,2.8231201171875,61.636653900146484,-72820.7109375,0.9976806640625,0.7581442818163692,0.008478980812746503,0.0,1.0,1.0,-0.29518207907676697,-0.3085901439189911,0.11060117185115814,100000
747,-0.6387906074523926,0.6387906074523926,1.0,2.599010467529297,59.99782180786133,-35860.32421875,1.0,0.7576771208098455,0.008469219764800504,0.0,1.0,1.0,-0.37632670998573303,-0.3874949812889099,0.10649733245372772,100000
748,-0.3219033181667328,0.3219033181667328,1.0,2.5440099239349365,36.011680603027344,-35282.0,1.0,0.7572102476633126,0.008459469953824975,0.0,1.0,1.0,-0.06549543887376785,-0.07794331014156342,0.10140731185674667,100000
749,-0.4697311520576477,0.4697311520576477,1.0,2.5678415298461914,47.21527099609375,-10913.65234375,0.996337890625,0.7567436621993942,0.008449731366883857,0.0,1.0,1.0,-0.2787628173828125,-0.291085422039032,0.10493428260087967,100000
750,-0.42525553703308105,0.42525553703308105,1.0,2.5299952030181885,44.080848693847656,-899.26220703125,1.0,0.7562773642408229,0.008440003991055975,0.0,1.0,1.0,-0.4261782169342041,-0.4364907145500183,0.10613744705915451,100000
751,-0.3552340567111969,0.3552340567111969,1.0,2.4505996704101562,39.298683166503906,-52.088294982910156,1.0,0.7558113536104408,0.008430287813435045,0.0,1.0,1.0,-0.39718782901763916,-0.4090442657470703,0.1041317731142044,100000
752,-8.170331954956055,8.170331954956055,1.0,2.8337225914001465,638.3440551757812,-110369.78125,1.0,0.7553456301311992,0.008420582821129625,0.0,1.0,1.0,-0.44222331047058105,-0.45324617624282837,0.10836154222488403,100000
753,-2.643176317214966,2.643176317214966,1.0,2.553211212158203,214.7483673095703,-463.1593322753906,0.9981689453125,0.7548801936261583,0.008410889001263123,0.0,1.0,1.0,-0.5583855509757996,-0.570236325263977,0.10642258077859879,100000
754,-0.5122653841972351,0.5122653841972351,1.0,2.6234960556030273,50.06298065185547,-16681.79296875,0.9969482421875,0.7544150439184875,0.008401206340973766,0.0,1.0,1.0,-0.27710068225860596,-0.2885376214981079,0.10597492009401321,100000
755,-2.6250534057617188,2.6250534057617188,1.0,2.4525346755981445,214.12786865234375,-42.57098388671875,0.999755859375,0.753950180831465,0.008391534827414589,0.0,1.0,1.0,-0.1896129548549652,-0.20154821872711182,0.10794278979301453,100000
756,-1.1011443138122559,1.1011443138122559,1.0,2.5912556648254395,95.67262268066406,-2442.3486328125,0.9998779296875,0.7534856041884781,0.008381874447753419,0.0,1.0,1.0,0.022728782147169113,0.01132515911012888,0.11804449558258057,100000
757,-0.5666952729225159,0.5666952729225159,1.0,2.6235709190368652,54.25513458251953,-101387.4609375,1.0,0.7530213138130228,0.008372225189172851,0.0,1.0,1.0,-0.2198517620563507,-0.23061783611774445,0.11468973010778427,100000
758,-3.8816885948181152,1063.5611572265625,0.96875,3.8155250549316406,81927.4765625,-583.9527587890625,0.9998779296875,0.7525573095287039,0.00836258703887024,0.0,1.0,1.0,-0.1678815633058548,-0.17875191569328308,0.10643558949232101,100000
759,-0.3926629424095154,0.3926629424095154,1.0,2.4916059970855713,41.86595153808594,-327.1221923828125,0.9990234375,0.7520935911592349,0.008352959984057674,0.0,1.0,1.0,-0.30409809947013855,-0.3146151602268219,0.10536797344684601,100000
760,-0.5332883596420288,0.5332883596420288,1.0,2.695690393447876,51.12626266479492,-6799.3984375,0.9998779296875,0.7516301585284378,0.008343344011961969,0.0,1.0,1.0,-0.2889222800731659,-0.3009466826915741,0.1082620844244957,100000
761,-0.38298308849334717,0.38298308849334717,1.0,2.604665756225586,40.24941635131836,-1264.239990234375,1.0,0.7511670114602432,0.00833373910982464,0.0,1.0,1.0,-0.3194728493690491,-0.3308245539665222,0.10887712240219116,100000
762,-0.5697831511497498,0.5697831511497498,1.0,2.5225677490234375,55.27101516723633,-234.896728515625,1.0,0.7507041497786905,0.008324145264901892,0.0,1.0,1.0,-0.24265557527542114,-0.25347891449928284,0.10172729939222336,100000
763,-0.651185929775238,0.651185929775238,1.0,2.741250991821289,59.85694885253906,-11372.830078125,0.9996337890625,0.750241573307927,0.008314562464464601,0.0,1.0,1.0,-0.27079570293426514,-0.2819410264492035,0.10248126834630966,100000
764,-0.6369765996932983,0.6369765996932983,1.0,2.7617502212524414,58.60449981689453,-2348.645751953125,0.99853515625,0.7497792818722088,0.008304990695798297,0.0,1.0,1.0,-0.08153964579105377,-0.09386235475540161,0.11212339252233505,100000
765,-0.35835713148117065,0.35835713148117065,1.0,2.481715679168701,39.29956817626953,-1171.6270751953125,0.999755859375,0.7493172752959001,0.008295429946203147,0.0,1.0,1.0,-0.6029080152511597,-0.6141549944877625,0.11518744379281998,100000
766,-32.188018798828125,32.188018798828125,1.0,2.9134979248046875,2487.810546875,-872.0982055664062,0.9991455078125,0.7488555534034732,0.008285880202993937,0.0,1.0,1.0,-0.03831680491566658,-0.050227995961904526,0.10270853340625763,100000
767,-0.6380794048309326,0.6380794048309326,1.0,2.6154985427856445,59.81602096557617,-1908.545166015625,0.9989013671875,0.748394116019509,0.008276341453500053,0.0,1.0,1.0,-0.2331392467021942,-0.24475349485874176,0.10359431058168411,100000
768,-0.4660162329673767,0.4660162329673767,1.0,2.5293197631835938,47.22584533691406,-8769.4111328125,0.998779296875,0.747932962968696,0.008266813685065476,0.0,1.0,1.0,-0.10858358442783356,-0.12102814018726349,0.10624568909406662,100000
769,-1.1298067569732666,1.1298067569732666,1.0,2.549095630645752,98.20526123046875,-2613.750732421875,1.0,0.7474720940758309,0.00825729688504875,0.0,1.0,1.0,-0.33200711011886597,-0.3426162004470825,0.10690709948539734,100000
770,-0.33817166090011597,0.33817166090011597,1.0,2.6779208183288574,36.233314514160156,-1726.4337158203125,0.9991455078125,0.7470115091658184,0.008247791040822974,0.0,1.0,1.0,0.05537300556898117,0.04426683485507965,0.11436565220355988,100000
771,-0.4703887403011322,0.4703887403011322,1.0,2.666128635406494,46.508819580078125,-5978.962890625,0.999755859375,0.7465512080636713,0.008238296139775786,0.0,1.0,1.0,-0.10740922391414642,-0.11912402510643005,0.10716348886489868,100000
772,-0.4820791482925415,0.4820791482925415,1.0,2.631580352783203,47.67546081542969,-343.46112060546875,1.0,0.7460911905945097,0.008228812169309336,0.0,1.0,1.0,-0.2478143870830536,-0.2587719261646271,0.09956852346658707,100000
773,-10.639456748962402,10.639456748962402,1.0,2.6974682807922363,829.5902709960938,-45599.73828125,0.9993896484375,0.7456314565835619,0.008219339116840281,0.0,1.0,1.0,-0.18824534118175507,-0.2002163827419281,0.10491911321878433,100000
774,-3.534968614578247,689.9868774414062,0.96875,3.0497853755950928,53156.96484375,-266.9984436035156,0.9984130859375,0.7451720058561637,0.00820987696979977,0.0,1.0,1.0,-0.30515938997268677,-0.31716388463974,0.095612071454525,100000
775,-6.569876670837402,145355.59375,0.9375,3.7546682357788086,11196735.0,-5350.69140625,0.97216796875,0.7447128382377587,0.008200425715633407,0.0,1.0,1.0,-0.3748350441455841,-0.3870047926902771,0.10503394901752472,100000
776,-0.3951643705368042,0.3951643705368042,1.0,2.567173480987549,41.47654342651367,-1958.0303955078125,1.0,0.7442539535538978,0.008190985341801264,0.0,1.0,1.0,-0.32689693570137024,-0.33788272738456726,0.10563581436872482,100000
777,-0.47239646315574646,0.47239646315574646,1.0,2.5903069972991943,47.24753189086914,-2275.7216796875,0.999755859375,0.7437953516302396,0.008181555835777841,0.0,1.0,1.0,-0.28637468814849854,-0.2970599830150604,0.1056654304265976,100000
778,-0.9223250150680542,0.9223250150680542,1.0,2.681950569152832,81.19956970214844,-39.72248840332031,0.99853515625,0.74333703229255,0.008172137185052055,0.0,1.0,1.0,-0.4793286919593811,-0.4894602298736572,0.1004994809627533,100000
779,-0.3488761782646179,0.3488761782646179,1.0,2.5007269382476807,38.42280578613281,-6543.51611328125,0.9993896484375,0.7428789953667023,0.008162729377127234,0.0,1.0,1.0,-0.22435571253299713,-0.23389261960983276,0.10991588234901428,100000
780,-3.498368263244629,93689.6953125,0.96875,3.31270170211792,7216917.5,-78062.34375,0.998291015625,0.7424212406786774,0.008153332399521084,0.0,1.0,1.0,-0.17997220158576965,-0.19177410006523132,0.09479878097772598,100000
781,-0.7511082887649536,0.7511082887649536,1.0,2.657099723815918,68.20217895507812,-415.1713562011719,0.99951171875,0.7419637680545627,0.008143946239765686,0.0,1.0,1.0,-0.02431851625442505,-0.03609968721866608,0.10207220166921616,100000
782,-0.3363748788833618,0.3363748788833618,1.0,2.5322299003601074,37.217159271240234,-116156.9296875,0.999755859375,0.7415065773205537,0.008134570885407474,0.0,1.0,1.0,-0.17917975783348083,-0.19044068455696106,0.09359785914421082,100000
783,-1.0766781568527222,1.0766781568527222,1.0,2.6553192138671875,93.29451751708984,-2409.02880859375,0.990234375,0.741049668302952,0.008125206324007215,0.0,1.0,1.0,-0.02059783972799778,-0.03247630223631859,0.10156421363353729,100000
784,-7.74977445602417,56867.41796875,0.9375,4.0190324783325195,4380493.5,-10614.3876953125,0.9996337890625,0.740593040828167,0.008115852543139998,0.0,1.0,1.0,0.25345656275749207,0.2417609840631485,0.10349016636610031,100000
785,-1.883111834526062,1.883111834526062,1.0,2.6036994457244873,155.81167602539062,-9922.2841796875,1.0,0.7401366947227149,0.008106509530395217,0.0,1.0,1.0,-0.4395727515220642,-0.4507269263267517,0.11188313364982605,100000
786,-0.28302913904190063,0.28302913904190063,1.0,2.380512237548828,34.27662658691406,-1348.738525390625,0.999755859375,0.7396806298132186,0.008097177273376551,0.0,1.0,1.0,-0.7104990482330322,-0.7212737798690796,0.11491259187459946,100000
787,-0.6540101766586304,0.6540101766586304,1.0,2.612818717956543,61.063819885253906,-37209.15234375,0.9976806640625,0.7392248459264077,0.008087855759701952,0.0,1.0,1.0,-0.24048051238059998,-0.2525269091129303,0.10421678423881531,100000
788,-0.36176028847694397,0.36176028847694397,1.0,2.4826271533966064,39.554691314697266,-383.5087890625,0.99560546875,0.7387693428891193,0.008078544977003626,0.0,1.0,1.0,-0.21666483581066132,-0.22809800505638123,0.10641518980264664,100000
789,-0.666103720664978,0.666103720664978,1.0,2.6789114475250244,61.48627471923828,-307.62298583984375,0.9998779296875,0.7383141205282961,0.008069244912928012,0.0,1.0,1.0,-0.2147635966539383,-0.22511878609657288,0.10020466893911362,100000
790,-0.9054697751998901,0.9054697751998901,1.0,2.5813183784484863,80.67638397216797,-362.68365478515625,0.9998779296875,0.7378591786709886,0.008059955555135776,0.0,1.0,1.0,-0.20254021883010864,-0.21403910219669342,0.09756306558847427,100000
791,-0.443897008895874,0.443897008895874,1.0,2.589067220687866,45.061767578125,-1354.267578125,0.9971923828125,0.7374045171443532,0.00805067689130179,0.0,1.0,1.0,-0.2029891312122345,-0.21372246742248535,0.10832710564136505,100000
792,-0.8995795249938965,0.8995795249938965,1.0,3.0159969329833984,76.87432861328125,-57594.33984375,0.9996337890625,0.7369501357756525,0.00804140890911511,0.0,1.0,1.0,-0.1446293145418167,-0.15517744421958923,0.11199280619621277,100000
793,-3.490107536315918,1751.71875,0.96875,4.359305381774902,134932.03125,-151067.3125,0.999755859375,0.7364960343922563,0.008032151596278967,0.0,1.0,1.0,-0.0025519095361232758,-0.01348065584897995,0.10379522293806076,100000
794,-0.6140199899673462,0.6140199899673462,1.0,2.6756057739257812,57.49972152709961,-1370.8092041015625,0.9996337890625,0.7360422128216404,0.008022904940510747,0.0,1.0,1.0,-0.43999263644218445,-0.4514816403388977,0.10675212740898132,100000
795,-3.6297669410705566,1742971.125,0.96875,2.996225118637085,134260992.0,-15520.1328125,0.999755859375,0.7355886708913869,0.008013668929541978,0.0,1.0,1.0,0.07616379857063293,0.06480524688959122,0.10321832448244095,100000
796,-0.761139988899231,0.761139988899231,1.0,2.6853208541870117,68.75753021240234,-4563.1162109375,0.998291015625,0.735135408429184,0.008004443551118307,0.0,1.0,1.0,-0.1925128847360611,-0.20332960784435272,0.10657522827386856,100000
797,-0.3487902283668518,0.3487902283668518,1.0,2.6105594635009766,37.57014465332031,-227.17318725585938,0.9998779296875,0.7346824252628267,0.007995228792999496,0.0,1.0,1.0,-0.4580478370189667,-0.46883976459503174,0.10232823342084885,100000
798,-0.5760105848312378,0.5760105848312378,1.0,2.617403507232666,55.02019500732422,-433.3900451660156,0.9996337890625,0.7342297212202152,0.00798602464295939,0.0,1.0,1.0,-0.18390889465808868,-0.1946387141942978,0.10557559877634048,100000
799,-0.6078115701675415,0.6078115701675415,1.0,2.6677799224853516,57.08177185058594,-1138.4920654296875,0.9996337890625,0.7337772961293564,0.007976831088785915,0.0,1.0,1.0,-0.1779298186302185,-0.1881595402956009,0.10356621444225311,100000
800,-1.5968964099884033,1.5968964099884033,1.0,2.5810508728027344,133.93899536132812,-10204.9169921875,1.0,0.733325149818363,0.007967648118281049,0.0,1.0,1.0,-0.08395665138959885,-0.0945945605635643,0.10940609872341156,100000
801,-0.4217722415924072,0.4217722415924072,1.0,2.6338562965393066,43.012489318847656,-2727.700927734375,0.9998779296875,0.7328732821154537,0.007958475719260819,0.0,1.0,1.0,-0.4237437844276428,-0.4343140721321106,0.10379788279533386,100000
802,-0.4502379894256592,0.4502379894256592,1.0,2.6281697750091553,45.24900817871094,-655502.5,0.999267578125,0.7324216928489526,0.007949313879555274,0.0,1.0,1.0,0.004203081130981445,-0.006579895503818989,0.10425135493278503,100000
803,-0.3664444386959076,0.3664444386959076,1.0,2.4624342918395996,40.0710563659668,-58932.73046875,0.9998779296875,0.7319703818472902,0.007940162587008475,0.0,1.0,1.0,-0.06741812825202942,-0.07812467962503433,0.09956293553113937,100000
804,-0.6140820980072021,0.6140820980072021,1.0,2.5145723819732666,58.74494934082031,-11053.130859375,1.0,0.7315193489390026,0.007931021829478479,0.0,1.0,1.0,-0.30276525020599365,-0.31327345967292786,0.09518615901470184,100000
805,-0.5210683345794678,0.5210683345794678,1.0,2.6295249462127686,50.69462966918945,-44143084.0,0.995361328125,0.7310685939527313,0.007921891594837315,0.0,1.0,1.0,-0.11265626549720764,-0.12358875572681427,0.09988715499639511,100000
806,-0.6644150614738464,0.6644150614738464,1.0,2.621464252471924,61.7987060546875,-795822.6875,0.9996337890625,0.7306181167172232,0.00791277187097098,0.0,1.0,1.0,-0.17375949025154114,-0.1840749830007553,0.09580720961093903,100000
807,-3.9717140197753906,1735.3009033203125,0.96875,3.223609447479248,133676.109375,-7121.46875,0.9981689453125,0.7301679170613314,0.007903662645779411,0.0,1.0,1.0,-0.43454256653785706,-0.44438692927360535,0.09552135318517685,100000
808,-1.8439302444458008,1.8439302444458008,1.0,2.6823506355285645,152.18768310546875,-6662.34326171875,0.9998779296875,0.729717994814014,0.00789456390717648,0.0,1.0,1.0,-0.49435633420944214,-0.504826009273529,0.09219454228878021,100000
809,-1.0900275707244873,1.0900275707244873,1.0,2.666492462158203,94.23675537109375,-3072.070068359375,0.99951171875,0.7292683498043346,0.00788547564308997,0.0,1.0,1.0,-0.23373739421367645,-0.24395379424095154,0.09846698492765427,100000
810,-0.4907623827457428,0.4907623827457428,1.0,2.5298547744750977,49.12792205810547,-14644.1689453125,1.0,0.728818981861462,0.00787639784146156,0.0,1.0,1.0,-0.2857677936553955,-0.29655471444129944,0.0895453542470932,100000
811,-0.40453147888183594,0.40453147888183594,1.0,2.4772610664367676,42.89068603515625,-3458.534912109375,1.0,0.7283698908146704,0.007867330490246814,0.0,1.0,1.0,-0.6264688968658447,-0.6365435719490051,0.098089799284935,100000
812,-0.36357566714286804,0.36357566714286804,1.0,2.646584987640381,38.43156051635742,-5335.041015625,1.0,0.7279210764933393,0.00785827357741516,0.0,1.0,1.0,-0.31333112716674805,-0.3237205147743225,0.09462616592645645,100000
813,-0.55226731300354,0.55226731300354,1.0,2.9358761310577393,50.738059997558594,-1430799.375,0.9991455078125,0.7274725387269529,0.007849227090949875,0.0,1.0,1.0,-0.12084679305553436,-0.13130536675453186,0.10342375934123993,100000
814,-0.7522692084312439,0.7522692084312439,1.0,2.7656049728393555,67.45579528808594,-299971.875,0.9984130859375,0.7270242773451011,0.007840191018848069,0.0,1.0,1.0,-0.3016917109489441,-0.31263670325279236,0.09604514390230179,100000
815,-0.3705834746360779,0.3705834746360779,1.0,2.4849395751953125,40.216529846191406,-357.44769287109375,1.0,0.7265762921774787,0.007831165349120676,0.0,1.0,1.0,-0.16055598855018616,-0.17088396847248077,0.0987139567732811,100000
816,-0.37458497285842896,0.37458497285842896,1.0,2.559492826461792,39.950477600097656,-575.3538208007812,0.999755859375,0.7261285830538845,0.007822150069792422,0.0,1.0,1.0,-0.3553832173347473,-0.3659827411174774,0.1011136993765831,100000
817,-0.6625651121139526,0.6625651121139526,1.0,2.681057929992676,61.19715881347656,-2010330.25,0.997314453125,0.7256811498042233,0.007813145168901827,0.0,1.0,1.0,-0.1466112732887268,-0.15682873129844666,0.09390977025032043,100000
818,-0.39804142713546753,0.39804142713546753,1.0,2.7115578651428223,40.585968017578125,-3174.23583984375,1.0,0.7252339922585046,0.007804150634501178,0.0,1.0,1.0,-0.30616554617881775,-0.3159104287624359,0.10738763958215714,100000
819,-2.2472188472747803,2.2472188472747803,1.0,2.9145729541778564,181.46420288085938,-32289.298828125,0.9937744140625,0.7247871102468418,0.007795166454656515,0.0,1.0,1.0,-0.1535046100616455,-0.1632063239812851,0.1102157011628151,100000
820,-0.5811340808868408,0.5811340808868408,1.0,2.7303695678710938,54.544677734375,-4510018.5,1.0,0.7243405035994539,0.007786192617447618,0.0,1.0,1.0,-0.44378790259361267,-0.4547327160835266,0.1054786965250969,100000
821,-3.509284257888794,2090831.25,0.96875,3.033588409423828,161056592.0,-18876.7109375,0.9986572265625,0.7238941721466642,0.007777229110967992,0.0,1.0,1.0,-0.487793505191803,-0.4970448613166809,0.08850424736738205,100000
822,-3.7735891342163086,2717254.5,0.96875,4.122469902038574,209309952.0,-41712.72265625,0.9945068359375,0.7234481157189002,0.0077682759233248435,0.0,1.0,1.0,-0.415318101644516,-0.4246225357055664,0.10004928708076477,100000
823,-0.9146651029586792,0.9146651029586792,1.0,2.667236328125,80.72286987304688,-45653.03515625,0.9991455078125,0.7230023341466943,0.007759333042639073,0.0,1.0,1.0,-0.37539437413215637,-0.3840827941894531,0.09609349817037582,100000
824,-0.6168460845947266,0.6168460845947266,1.0,2.7132973670959473,57.42707824707031,-374.4183349609375,0.9993896484375,0.7225568272606836,0.0077504004570452594,0.0,1.0,1.0,-0.2620740830898285,-0.2722989022731781,0.09959114342927933,100000
825,-0.49670425057411194,0.49670425057411194,1.0,2.5086653232574463,49.748844146728516,-715.575927734375,0.969482421875,0.7221115948916087,0.007741478154691633,0.0,1.0,1.0,-0.23681339621543884,-0.2462834268808365,0.10273314267396927,100000
826,-3.4657249450683594,3.4657249450683594,1.0,2.820028305053711,276.05389404296875,-8409.7431640625,0.999755859375,0.7216666368703152,0.007732566123740079,0.0,1.0,1.0,-0.2896536588668823,-0.29864993691444397,0.10877993702888489,100000
827,-0.608837902545929,0.608837902545929,1.0,2.5762436389923096,57.86593246459961,-6530.177734375,0.9888916015625,0.7212219530277528,0.007723664352366099,0.0,1.0,1.0,0.19425638020038605,0.1842716485261917,0.11748407781124115,100000
828,-1.7958205938339233,1.7958205938339233,1.0,2.868313789367676,147.04933166503906,-2433599.75,0.998291015625,0.720777543194975,0.007714772828758814,0.0,1.0,1.0,-0.3697762191295624,-0.37906813621520996,0.09864426404237747,100000
829,-0.7442474961280823,0.7442474961280823,1.0,2.7092442512512207,67.27202606201172,-1214.3184814453125,0.9981689453125,0.7203334072031399,0.007705891541120943,0.0,1.0,1.0,-0.4178353250026703,-0.4270895719528198,0.09498497098684311,100000
830,-0.6638415455818176,0.6638415455818176,1.0,2.802788734436035,60.3577880859375,-4173.68017578125,0.99951171875,0.7198895448835094,0.007697020477668779,0.0,1.0,1.0,-0.19064263999462128,-0.20078781247138977,0.09461183100938797,100000
831,-0.35891830921173096,0.35891830921173096,1.0,2.59824275970459,38.445186614990234,-126.56311798095703,1.0,0.7194459560674492,0.007688159626632189,0.0,1.0,1.0,-0.304897278547287,-0.3134673833847046,0.09169309586286545,100000
832,-0.6561011672019958,0.6561011672019958,1.0,2.5645430088043213,61.59675598144531,-130.356689453125,0.9998779296875,0.7190026405864295,0.007679308976254583,0.0,1.0,1.0,-0.4916656017303467,-0.5006289482116699,0.10418789833784103,100000
833,-0.5090045928955078,0.5090045928955078,1.0,2.560539484024048,50.29674530029297,-16150.015625,1.0,0.7185595982720235,0.0076704685147929086,0.0,1.0,1.0,-0.2809017598628998,-0.2897729277610779,0.09249945729970932,100000
834,-0.39307892322540283,0.39307892322540283,1.0,2.64499568939209,40.71643829345703,-167.23904418945312,0.9991455078125,0.7181168289559089,0.007661638230517632,0.0,1.0,1.0,-0.4133288860321045,-0.4224943518638611,0.09146852046251297,100000
835,-0.4755968451499939,0.4755968451499939,1.0,2.585932970046997,47.527748107910156,-128.573486328125,0.9998779296875,0.7176743324698669,0.007652818111712723,0.0,1.0,1.0,-0.28061944246292114,-0.2907547354698181,0.09898758679628372,100000
836,-3.463066816329956,5006697.0,0.96875,14.370467185974121,385665536.0,-1268186.0,0.9918212890625,0.717232108645782,0.007644008146675635,0.0,1.0,1.0,-0.06892196834087372,-0.07960279285907745,0.09983373433351517,100000
837,-2.6445183753967285,2.6445183753967285,1.0,2.7112367153167725,213.63442993164062,-1302.237060546875,0.9993896484375,0.716790157315643,0.007635208323717299,0.0,1.0,1.0,-0.2703514099121094,-0.2802668809890747,0.09919105470180511,100000
838,-4.058717727661133,4.058717727661133,1.0,3.033972978591919,320.0841064453125,-12320.5771484375,0.996826171875,0.7163484783115416,0.007626418631162097,0.0,1.0,1.0,-0.18913021683692932,-0.19906330108642578,0.09825866669416428,100000
839,-0.6520955562591553,0.6520955562591553,1.0,2.6366968154907227,60.73240661621094,-30206.29296875,0.9998779296875,0.7159070714656731,0.007617639057347857,0.0,1.0,1.0,-0.44338637590408325,-0.45499321818351746,0.09953776746988297,100000
840,-3.484088897705078,23792.98828125,0.96875,3.3105878829956055,1832777.625,-112.73637390136719,0.99951171875,0.7154659366103368,0.007608869590625831,0.0,1.0,1.0,-0.6170438528060913,-0.6271103620529175,0.10770709067583084,100000
841,-0.42811518907546997,0.42811518907546997,1.0,2.5811691284179688,43.90693664550781,-78277.3125,0.999755859375,0.715025073577934,0.007600110219360678,0.0,1.0,1.0,-0.05817370489239693,-0.0672936737537384,0.10601525008678436,100000
842,-0.3425513207912445,0.3425513207912445,1.0,2.585808753967285,37.280216217041016,-275.8172302246094,0.999755859375,0.7145844822009707,0.0075913609319304565,0.0,1.0,1.0,-0.22316735982894897,-0.23291806876659393,0.10153467953205109,100000
843,-0.4021351933479309,0.4021351933479309,1.0,2.503117084503174,42.506935119628906,-95.95976257324219,0.999755859375,0.7141441623120554,0.007582621716726602,0.0,1.0,1.0,-0.28289979696273804,-0.2920536398887634,0.09491921961307526,100000
844,-3.667187213897705,326.9603271484375,0.96875,3.023195743560791,25193.263671875,-2576.958984375,0.97900390625,0.7137041137438996,0.0075738925621539116,0.0,1.0,1.0,-0.18970689177513123,-0.1991649717092514,0.09659815579652786,100000
845,-1.126211166381836,1.126211166381836,1.0,2.6050944328308105,97.49693298339844,-3067.418701171875,0.9998779296875,0.7132643363293184,0.007565173456630534,0.0,1.0,1.0,-0.5158187747001648,-0.5259681940078735,0.09947870671749115,100000
846,-3.553605318069458,3.553605318069458,1.0,2.798503875732422,282.9891357421875,-132602.53125,0.9998779296875,0.7128248299012298,0.0075564643885879515,0.0,1.0,1.0,-0.17489281296730042,-0.18391305208206177,0.09903576970100403,100000
847,-1.1624035835266113,1.1624035835266113,1.0,2.639789581298828,100.01756286621094,-984.5880126953125,0.999755859375,0.712385594292654,0.007547765346470961,0.0,1.0,1.0,-0.5551333427429199,-0.5633172392845154,0.11193932592868805,100000
848,-5.127941131591797,5.127941131591797,1.0,2.5492515563964844,406.1800231933594,-3505.584228515625,0.9998779296875,0.7119466293367154,0.0075390763187376635,0.0,1.0,1.0,-0.0013289861381053925,-0.01007669698446989,0.1068701446056366,100000
849,-0.3848983645439148,0.3848983645439148,1.0,2.5902938842773438,40.507659912109375,-8406.8173828125,1.0,0.7115079348666401,0.0075303972938594475,0.0,1.0,1.0,-0.1951834261417389,-0.20462395250797272,0.10417018830776215,100000
850,-1.7781643867492676,1.7781643867492676,1.0,2.5985910892486572,147.76695251464844,-2241.07861328125,1.0,0.7110695107157573,0.007521728260320973,0.0,1.0,1.0,-0.05814724788069725,-0.06686512380838394,0.0956328734755516,100000
851,-0.33431994915008545,0.33431994915008545,1.0,2.597637176513672,36.55503845214844,-114.98726654052734,1.0,0.7106313567174994,0.007513069206620157,0.0,1.0,1.0,-0.19793960452079773,-0.20744603872299194,0.09913333505392075,100000
852,-0.42152678966522217,0.42152678966522217,1.0,2.44559907913208,44.4437255859375,-153.76031494140625,0.9998779296875,0.7101934727054008,0.0075044201212681565,0.0,1.0,1.0,-0.42842286825180054,-0.4378521740436554,0.10203537344932556,100000
853,-26.838167190551758,26.838167190551758,1.0,2.6176915168762207,2077.99072265625,-12265.68359375,1.0,0.7097558585130984,0.007495780992789353,0.0,1.0,1.0,-0.43035048246383667,-0.43910855054855347,0.10922684520483017,100000
854,-0.5347180366516113,0.5347180366516113,1.0,2.5799641609191895,52.12782287597656,-12877.7490234375,0.9984130859375,0.7093185139743324,0.007487151809721346,0.0,1.0,1.0,0.05816289782524109,0.04787362739443779,0.10538067668676376,100000
855,-0.8559228181838989,0.8559228181838989,1.0,2.7850723266601562,75.29026794433594,-2575.777099609375,1.0,0.7088814389229449,0.00747853256061492,0.0,1.0,1.0,-0.3381885290145874,-0.34842610359191895,0.0962829515337944,100000
856,-1.2867662906646729,1.2867662906646729,1.0,2.6145076751708984,109.7919692993164,-132.05908203125,0.999755859375,0.7084446331928802,0.007469923234034048,0.0,1.0,1.0,-0.3691112995147705,-0.3773536682128906,0.09350106120109558,100000
857,-0.42296668887138367,0.42296668887138367,1.0,2.597663164138794,43.38329315185547,-36312.20703125,0.9962158203125,0.7080080966181852,0.007461323818555869,0.0,1.0,1.0,-0.4087609648704529,-0.41754043102264404,0.09811408817768097,100000
858,-3.4152588844299316,29.980876922607422,0.96875,2.9805688858032227,2317.278076171875,-1832.568603515625,0.9981689453125,0.7075718290330091,0.007452734302770662,0.0,1.0,1.0,-0.2803221642971039,-0.28964149951934814,0.10109781473875046,100000
859,-1.474569320678711,1.474569320678711,1.0,2.6715917587280273,123.81871032714844,-22655.48046875,0.9991455078125,0.7071358302716033,0.007444154675281851,0.0,1.0,1.0,-0.2768784165382385,-0.286004900932312,0.09594784677028656,100000
860,-0.657289981842041,0.657289981842041,1.0,2.5899271965026855,61.4927978515625,-77.23686981201172,0.994384765625,0.7067001001683212,0.007435584924705978,0.0,1.0,1.0,0.1653727889060974,0.15481461584568024,0.09217855334281921,100000
861,-0.3362193703651428,0.3362193703651428,1.0,2.416499614715576,38.096656799316406,-352.3615417480469,0.9996337890625,0.7062646385576181,0.007427025039672686,0.0,1.0,1.0,-0.2946087718009949,-0.30382296442985535,0.09007327258586884,100000
862,-3.538113832473755,87.1200180053711,0.96875,3.8116965293884277,6712.30078125,-956.5712890625,0.993896484375,0.7058294452740519,0.007418475008824711,0.0,1.0,1.0,-0.4161427319049835,-0.4255320727825165,0.0942695215344429,100000
863,-0.461626261472702,0.461626261472702,1.0,2.6626808643341064,45.86040496826172,-340.15679931640625,1.0,0.7053945201522819,0.007409934820817861,0.0,1.0,1.0,-0.310571551322937,-0.32048478722572327,0.09122280031442642,100000
864,-0.40776243805885315,0.40776243805885315,1.0,2.599943161010742,42.19454574584961,-1112.6937255859375,1.0,0.7049598630270693,0.007401404464321005,0.0,1.0,1.0,-0.5062201619148254,-0.5160607695579529,0.09076140075922012,100000
865,-0.41039836406707764,0.41039836406707764,1.0,2.4793803691864014,43.326290130615234,-12781.3203125,0.9990234375,0.7045254737332775,0.0073928839280160575,0.0,1.0,1.0,-0.43541350960731506,-0.444426566362381,0.08698000013828278,100000
866,-3.7298474311828613,53.02252197265625,0.96875,3.152125358581543,4090.8525390625,-318.08929443359375,0.9990234375,0.7040913521058713,0.007384373200597959,0.0,1.0,1.0,-0.3405476212501526,-0.34935617446899414,0.0965338796377182,100000
867,-7.375248908996582,7.375248908996582,1.0,2.881054639816284,576.7341918945312,-14236.5849609375,1.0,0.7036574979799173,0.007375872270774669,0.0,1.0,1.0,-0.05495563894510269,-0.06322397291660309,0.09545832127332687,100000
868,-0.43235066533088684,0.43235066533088684,1.0,2.607520341873169,44.03021240234375,-383.9139404296875,1.0,0.703223911190584,0.007367381127267143,0.0,1.0,1.0,-0.33349958062171936,-0.34177806973457336,0.1042940691113472,100000
869,-3.7801601886749268,353.5415954589844,0.96875,3.3062005043029785,27238.6328125,-3680.284912109375,0.9998779296875,0.7027905915731409,0.007358899758809321,0.0,1.0,1.0,-0.2253284454345703,-0.23584328591823578,0.10092909634113312,100000
870,-0.365911066532135,0.365911066532135,1.0,2.6079843044281006,38.90879821777344,-30.18954086303711,1.0,0.7023575389629595,0.007350428154148115,0.0,1.0,1.0,-0.4347551167011261,-0.4434846043586731,0.09572706371545792,100000
871,-3.5220417976379395,14868216.0,0.96875,3.1301450729370117,1145297792.0,-3716.756591796875,0.9984130859375,0.7019247531955126,0.007341966302043391,0.0,1.0,1.0,-0.2874523401260376,-0.29694902896881104,0.10401038825511932,100000
872,-0.44912534952163696,0.44912534952163696,1.0,2.6316494941711426,45.136497497558594,-34477.484375,0.9998779296875,0.7014922341063741,0.007333514191267952,0.0,1.0,1.0,-0.5383498072624207,-0.5474956035614014,0.1048910841345787,100000
873,-0.7659693360328674,0.7659693360328674,1.0,2.65790057182312,69.34075927734375,-15060.1787109375,0.9998779296875,0.7010599815312198,0.007325071810607531,0.0,1.0,1.0,-0.1858527660369873,-0.19405268132686615,0.09635432064533234,100000
874,-0.6945391893386841,0.6945391893386841,1.0,2.6614270210266113,63.81133270263672,-54.425254821777344,0.9986572265625,0.7006279953058262,0.007316639148860763,0.0,1.0,1.0,-0.40019145607948303,-0.40877893567085266,0.09655796736478806,100000
875,-0.5752242803573608,0.5752242803573608,1.0,2.705244779586792,54.282989501953125,-60.69278335571289,0.9853515625,0.7001962752660712,0.007308216194839186,0.0,1.0,1.0,-0.4482281506061554,-0.4577074646949768,0.09955368936061859,100000
876,-0.4441869258880615,0.4441869258880615,1.0,2.4469223022460938,46.17904281616211,-1358.292236328125,1.0,0.699764821247934,0.0072998029373672136,0.0,1.0,1.0,-0.5396906137466431,-0.5477585792541504,0.090605229139328,100000
877,-20.578590393066406,20.578590393066406,1.0,3.0101521015167236,1592.7926025390625,-12260.15625,1.0,0.6993336330874946,0.007291399365282126,0.0,1.0,1.0,-0.43284934759140015,-0.44148892164230347,0.09921840578317642,100000
878,-1.2722793817520142,1.2722793817520142,1.0,2.682018995285034,108.156005859375,-233947.234375,1.0,0.6989027106209341,0.007283005467434056,0.0,1.0,1.0,-0.6071714162826538,-0.6148340702056885,0.1033560261130333,100000
879,-0.3054366409778595,0.3054366409778595,1.0,2.3794784545898438,36.01063537597656,-956.0891723632812,0.9979248046875,0.6984720536845347,0.00727462123268597,0.0,1.0,1.0,-0.4618103504180908,-0.47009798884391785,0.09948726743459702,100000
880,-1.955683708190918,1.955683708190918,1.0,2.755539894104004,160.23228454589844,-1062.6981201171875,0.998046875,0.6980416621146792,0.007266246649913654,0.0,1.0,1.0,-0.12490690499544144,-0.13404053449630737,0.09005440026521683,100000
881,-0.4003625214099884,0.4003625214099884,1.0,2.6298599243164062,41.394081115722656,-959.1729125976562,1.0,0.6976115357478514,0.007257881708005702,0.0,1.0,1.0,-0.2366042137145996,-0.24504224956035614,0.09643276780843735,100000
882,-1.5634506940841675,1.5634506940841675,1.0,2.693540334701538,130.4961700439453,-695.1956787109375,1.0,0.6971816744206358,0.007249526395863502,0.0,1.0,1.0,-0.1877550184726715,-0.19794604182243347,0.08993125706911087,100000
883,-4.860394477844238,4.860394477844238,1.0,2.462554931640625,386.2388000488281,-96536.9921875,0.990478515625,0.6967520779697177,0.0072411807024012126,0.0,1.0,1.0,-0.2127879410982132,-0.22233787178993225,0.08860666304826736,100000
884,-1.0669876337051392,1.0669876337051392,1.0,2.751110076904297,91.81018829345703,-10230.970703125,1.0,0.6963227462318827,0.007232844616545762,0.0,1.0,1.0,-0.1392267644405365,-0.1473204493522644,0.08729337155818939,100000
885,-0.7389540672302246,0.7389540672302246,1.0,2.6863925457000732,67.04029846191406,-1874.7564697265625,0.998779296875,0.6958936790440176,0.00722451812723682,0.0,1.0,1.0,-0.565666913986206,-0.5740960836410522,0.08896394073963165,100000
886,-0.49057912826538086,0.49057912826538086,1.0,2.712327480316162,47.708213806152344,-356.01531982421875,1.0,0.695464876243109,0.00721620122342679,0.0,1.0,1.0,-0.27017223834991455,-0.27934589982032776,0.08351223915815353,100000
887,-0.6249774694442749,0.6249774694442749,1.0,2.516860008239746,59.56659698486328,-560.62939453125,0.9998779296875,0.6950363376662444,0.007207893894080798,0.0,1.0,1.0,-0.029041074216365814,-0.0386710949242115,0.09082937985658646,100000
888,-0.963874340057373,0.963874340057373,1.0,2.678589105606079,84.42601013183594,-266.4284973144531,1.0,0.6946080631506116,0.007199596128176666,0.0,1.0,1.0,-0.43610066175460815,-0.44455862045288086,0.09569279849529266,100000
889,-0.42806512117385864,0.42806512117385864,1.0,2.814168930053711,42.10828399658203,-4136.73681640625,1.0,0.6941800525334986,0.007191307914704911,0.0,1.0,1.0,-0.2860231399536133,-0.2945661246776581,0.09754612296819687,100000
890,-0.3933469355106354,0.3933469355106354,1.0,2.5389437675476074,41.55400085449219,-1344.302001953125,0.9967041015625,0.6937523056522938,0.0071830292426687216,0.0,1.0,1.0,-0.4335824251174927,-0.44097021222114563,0.10521014034748077,100000
891,-2.032233238220215,2.032233238220215,1.0,3.0977654457092285,163.4927215576172,-9929.041015625,1.0,0.6933248223444858,0.0071747601010839455,0.0,1.0,1.0,-0.2466994822025299,-0.25542280077934265,0.10397643595933914,100000
892,-95.54914093017578,95.54914093017578,1.0,2.9892232418060303,7367.931640625,-87001.1640625,1.0,0.6928976024476631,0.007166500478979077,0.0,1.0,1.0,0.1662004590034485,0.1566314399242401,0.09217026084661484,100000
893,-2.407028913497925,2.407028913497925,1.0,2.6376049518585205,195.9078369140625,-394.3419494628906,0.973876953125,0.6924706457995146,0.00715825036539524,0.0,1.0,1.0,-0.24438288807868958,-0.25351575016975403,0.09328015148639679,100000
894,-3.5809953212738037,2927.48095703125,0.96875,3.36720609664917,225508.515625,-153173.921875,0.9989013671875,0.692043952237829,0.007150009749386173,0.0,1.0,1.0,-0.3911362290382385,-0.40045085549354553,0.08998002111911774,100000
895,-0.6120232343673706,0.6120232343673706,1.0,2.4217710494995117,59.30120849609375,-102.81877136230469,1.0,0.6916175216004949,0.007141778620018219,0.0,1.0,1.0,-0.1843683123588562,-0.19387811422348022,0.09317930042743683,100000
896,-0.46254536509513855,0.46254536509513855,1.0,2.521271228790283,47.020484924316406,-15065.9951171875,1.0,0.6911913537255013,0.007133556966370306,0.0,1.0,1.0,0.13176551461219788,0.12249422818422318,0.09412350505590439,100000
897,-0.47281593084335327,0.47281593084335327,1.0,2.7605552673339844,45.96841812133789,-500.56622314453125,0.999755859375,0.6907654484509363,0.007125344777533933,0.0,1.0,1.0,-0.3586306571960449,-0.36753958463668823,0.0967303216457367,100000
898,-4.35906982421875,4.35906982421875,1.0,2.8335154056549072,344.7642517089844,-4969.248046875,1.0,0.6903398056149883,0.007117142042613162,0.0,1.0,1.0,-0.3522651195526123,-0.36093634366989136,0.0941980630159378,100000
899,-7.439581394195557,31553116.0,0.9375,4.344845294952393,2430534912.0,-4759.76904296875,0.99951171875,0.6899144250559451,0.00710894875072459,0.0,1.0,1.0,-0.31571775674819946,-0.32425257563591003,0.09793677181005478,100000
900,-0.43140915036201477,0.43140915036201477,1.0,2.6197142601013184,43.86375427246094,-4133.10888671875,1.0,0.6894893066121942,0.0071007648909973495,0.0,1.0,1.0,-0.41478997468948364,-0.42333027720451355,0.09707920998334885,100000
901,-3.954087734222412,20281.244140625,0.96875,3.2130136489868164,1562269.125,-9393.890625,0.998046875,0.6890644501222231,0.00709259045257309,0.0,1.0,1.0,-0.6413322687149048,-0.6490998268127441,0.09687922149896622,100000
902,-0.4533153772354126,0.4533153772354126,1.0,2.5732250213623047,45.90929412841797,-17159.65234375,0.9998779296875,0.688639855424618,0.007084425424605951,0.0,1.0,1.0,-0.4455515444278717,-0.4542999565601349,0.09465660899877548,100000
903,-0.6644901037216187,0.6644901037216187,1.0,2.7066845893859863,61.148040771484375,-1374.7733154296875,0.9996337890625,0.6882155223580654,0.0070762697962625685,0.0,1.0,1.0,-0.4853222370147705,-0.49344977736473083,0.09346237033605576,100000
904,-0.5287700891494751,0.5287700891494751,1.0,2.5684962272644043,51.75799560546875,-467.00885009765625,0.9996337890625,0.6877914507613507,0.007068123556722046,0.0,1.0,1.0,-0.32589977979660034,-0.3343063294887543,0.09869377315044403,100000
905,-0.45784589648246765,0.45784589648246765,1.0,2.599527359008789,46.05567169189453,-48.57475662231445,1.0,0.6873676404733587,0.007059986695175939,0.0,1.0,1.0,-0.34542185068130493,-0.35404667258262634,0.09751596301794052,100000
906,-3.5380117893218994,92.94154357910156,0.96875,3.1162219047546387,7166.0888671875,-1592867.625,0.994384765625,0.6869440913330737,0.007051859200828255,0.0,1.0,1.0,-0.27410608530044556,-0.2817791998386383,0.09160926192998886,100000
907,-0.34466779232025146,0.34466779232025146,1.0,2.5304713249206543,37.86951446533203,-251.68678283691406,0.99951171875,0.6865208031795789,0.0070437410628954224,0.0,1.0,1.0,-0.29856446385383606,-0.30698394775390625,0.08791984617710114,100000
908,-3.767496109008789,639936.8125,0.96875,3.2003469467163086,49294300.0,-2838469.75,0.9830322265625,0.6860977758520569,0.007035632270606288,0.0,1.0,1.0,-0.28163909912109375,-0.2903260290622711,0.08824456483125687,100000
909,-0.5841349363327026,0.5841349363327026,1.0,2.5935018062591553,55.83013153076172,-1644363.125,0.99853515625,0.6856750091897894,0.0070275328132020955,0.0,1.0,1.0,-0.2753393352031708,-0.2836045026779175,0.08876603096723557,100000
910,-0.4397774636745453,0.4397774636745453,1.0,2.642159938812256,44.33546829223633,-19011.86328125,1.0,0.6852525030321571,0.007019442679936478,0.0,1.0,1.0,-0.2969167232513428,-0.3050042688846588,0.08470089733600616,100000
911,-0.6568807363510132,0.6568807363510132,1.0,2.8251802921295166,59.64911651611328,-4259.294921875,1.0,0.6848302572186393,0.007011361860075433,0.0,1.0,1.0,-0.27173691987991333,-0.2799402177333832,0.09353279322385788,100000
912,-0.3935447931289673,0.3935447931289673,1.0,2.513838291168213,41.76262664794922,-90072.3359375,0.9990234375,0.6844082715888148,0.007003290342897325,0.0,1.0,1.0,-0.32685667276382446,-0.3350902199745178,0.10173079371452332,100000
913,-0.5712792873382568,0.5712792873382568,1.0,2.663278102874756,54.30237579345703,-37.90309143066406,0.9998779296875,0.6839865459823609,0.006995228117692851,0.0,1.0,1.0,-0.459701806306839,-0.4672430157661438,0.10528416186571121,100000
914,-0.48646995425224304,0.48646995425224304,1.0,2.544124126434326,48.687355041503906,-34963.84765625,0.9991455078125,0.6835650802390538,0.006987175173765045,0.0,1.0,1.0,-0.7183138132095337,-0.7261403203010559,0.09367986023426056,100000
915,-2.638195037841797,2.638195037841797,1.0,2.7643556594848633,212.7381591796875,-174896.0625,0.999755859375,0.6831438741987683,0.006979131500429249,0.0,1.0,1.0,-0.3354376256465912,-0.3433888852596283,0.0946209654211998,100000
916,-0.5315095782279968,0.5315095782279968,1.0,2.6714863777160645,51.175689697265625,-25160.25390625,1.0,0.6827229277014782,0.006971097087013109,0.0,1.0,1.0,0.007669407874345779,-1.4210119843482971e-05,0.09485543519258499,100000
917,-3.477522134780884,298840640.0,0.96875,3.2555031776428223,23019675648.0,-5537299.5,0.999267578125,0.6823022405872554,0.006963071922856557,0.0,1.0,1.0,-0.2373693883419037,-0.24503324925899506,0.09421024471521378,100000
918,-3.7600369453430176,3.7600369453430176,1.0,2.659463405609131,299.9615783691406,-1650.974853515625,1.0,0.6818818126962708,0.006955055997311796,0.0,1.0,1.0,-0.17872004210948944,-0.1856444925069809,0.09170381724834442,100000
919,-3.9582886695861816,1676.099853515625,0.96875,4.712226867675781,129104.3828125,-18126.1484375,0.9979248046875,0.6814616438687936,0.006947049299743285,0.0,1.0,1.0,-0.10387963056564331,-0.11324840784072876,0.09461437165737152,100000
920,-0.6169098615646362,0.6169098615646362,1.0,2.692666530609131,57.590919494628906,-13174.17578125,0.9998779296875,0.6810417339451913,0.006939051819527729,0.0,1.0,1.0,-0.2621309161186218,-0.26945939660072327,0.08898888528347015,100000
921,-0.459794282913208,0.459794282913208,1.0,2.4873359203338623,47.06997299194336,-5648.498046875,0.9993896484375,0.6806220827659301,0.006931063546054066,0.0,1.0,1.0,-0.29622283577919006,-0.30520790815353394,0.09042401611804962,100000
922,-0.468117356300354,0.468117356300354,1.0,2.6704766750335693,46.30036163330078,-2308.685302734375,0.9998779296875,0.6802026901715739,0.00692308446872344,0.0,1.0,1.0,-0.2420670986175537,-0.24974392354488373,0.09315041452646255,100000
923,-1493.512451171875,1493.512451171875,1.0,3.0023386478424072,115052.859375,-2524.140380859375,0.99951171875,0.6797835560027857,0.006915114576949205,0.0,1.0,1.0,-0.2199917882680893,-0.22739525139331818,0.08668684214353561,100000
924,-0.9375020265579224,0.9375020265579224,1.0,2.692434787750244,82.28788757324219,-61.411865234375,1.0,0.679364680100326,0.006907153860156898,0.0,1.0,1.0,-0.19288411736488342,-0.20169496536254883,0.0863875299692154,100000
925,-0.6083850860595703,0.6083850860595703,1.0,2.5808651447296143,57.79546356201172,-183.81271362304688,0.9993896484375,0.6789460623050536,0.006899202307784232,0.0,1.0,1.0,-0.06741730123758316,-0.07647735625505447,0.08281467854976654,100000
926,-0.6047230958938599,0.6047230958938599,1.0,2.538498640060425,57.839725494384766,-85.358154296875,0.9990234375,0.6785277024579256,0.006891259909281079,0.0,1.0,1.0,-0.6627246141433716,-0.6699193120002747,0.08391859382390976,100000
927,-1.1244456768035889,1.1244456768035889,1.0,2.756932497024536,96.19132995605469,-3202.950439453125,1.0,0.6781096003999966,0.0068833266541094545,0.0,1.0,1.0,-0.1650877296924591,-0.172433540225029,0.09047963470220566,100000
928,-2.2655680179595947,2.2655680179595947,1.0,2.6743664741516113,184.7279052734375,-78038.7734375,0.9998779296875,0.6776917559724197,0.006875402531743505,0.0,1.0,1.0,-0.2537822425365448,-0.26232779026031494,0.09232986718416214,100000
929,-0.6001085638999939,0.6001085638999939,1.0,2.6679248809814453,56.48729705810547,-150.00550842285156,0.9990234375,0.6772741690164458,0.0068674875316694995,0.0,1.0,1.0,-0.24267730116844177,-0.250230073928833,0.09208600223064423,100000
930,-0.6838895678520203,0.6838895678520203,1.0,2.547541618347168,63.868255615234375,-7056.7490234375,0.999755859375,0.6768568393734229,0.006859581643385804,0.0,1.0,1.0,-0.3803221583366394,-0.38780465722084045,0.08910960704088211,100000
931,-0.44485488533973694,0.44485488533973694,1.0,2.713407516479492,44.177757263183594,-1828.39306640625,0.9993896484375,0.6764397668847976,0.006851684856402877,0.0,1.0,1.0,-0.037748921662569046,-0.04612728953361511,0.09177789092063904,100000
932,-0.6126140356063843,0.6126140356063843,1.0,2.7782344818115234,56.60087585449219,-348637.6875,0.9998779296875,0.676022951392114,0.006843797160243254,0.0,1.0,1.0,-0.2813526690006256,-0.28807032108306885,0.08921834081411362,100000
933,-0.5659536123275757,0.5659536123275757,1.0,2.5853264331817627,54.492591857910156,-19.692420959472656,1.0,0.6756063927370136,0.00683591854444153,0.0,1.0,1.0,-0.5127776861190796,-0.5207720994949341,0.08121166378259659,100000
934,-3.590204954147339,1077796.125,0.96875,2.9770655632019043,83022592.0,-326647.15625,0.997802734375,0.6751900907612359,0.006828048998544348,0.0,1.0,1.0,-0.18112534284591675,-0.189619779586792,0.09002960473299026,100000
935,-0.6343461275100708,0.6343461275100708,1.0,2.694185495376587,58.92232894897461,-449.4053039550781,1.0,0.6747740453066172,0.006820188512110386,0.0,1.0,1.0,0.06341030448675156,0.05503803491592407,0.08657123148441315,100000
936,-1.3634545803070068,1.3634545803070068,1.0,2.6395773887634277,115.50614929199219,-538.9085083007812,0.99951171875,0.6743582562150918,0.006812337074710341,0.0,1.0,1.0,-0.3380640745162964,-0.3457126319408417,0.09166070073843002,100000
937,-0.9964475035667419,0.9964475035667419,1.0,2.6591267585754395,87.08502960205078,-2595.84716796875,0.99951171875,0.6739427233286918,0.006804494675926918,0.0,1.0,1.0,-0.305080771446228,-0.31301355361938477,0.09303660690784454,100000
938,-1.617530345916748,1.617530345916748,1.0,2.7078070640563965,134.55203247070312,-282.3360595703125,1.0,0.6735274464895454,0.0067966613053548125,0.0,1.0,1.0,-0.039376869797706604,-0.047615282237529755,0.08412008732557297,100000
939,-0.35703715682029724,0.35703715682029724,1.0,2.501950263977051,39.042022705078125,-3614.064453125,1.0,0.6731124255398792,0.0067888369526007,0.0,1.0,1.0,-0.36459141969680786,-0.37256893515586853,0.08583042025566101,100000
940,-0.9095022678375244,0.9095022678375244,1.0,2.8622400760650635,78.82306671142578,-820.8576049804688,0.9996337890625,0.6726976603220167,0.00678102160728322,0.0,1.0,1.0,-0.10500626266002655,-0.112294040620327,0.07891286909580231,100000
941,-4.200587749481201,177438576.0,0.96875,3.134568214416504,13668082688.0,-413652.40625,0.991943359375,0.6722831506783783,0.0067732152590329634,0.0,1.0,1.0,-0.15027953684329987,-0.1583145707845688,0.09173254668712616,100000
942,-0.519830584526062,0.519830584526062,1.0,2.571333169937134,51.04753875732422,-66456.25,0.96728515625,0.6718688964514818,0.006765417897492457,0.0,1.0,1.0,-0.2614673674106598,-0.269638329744339,0.09042822569608688,100000
943,-3.5675947666168213,1212640.5,0.96875,3.0147337913513184,93409640.0,-73797.609375,0.9833984375,0.671454897483942,0.006757629512316157,0.0,1.0,1.0,-0.1502348631620407,-0.1579550951719284,0.08722290396690369,100000
944,-2.261786699295044,2.261786699295044,1.0,2.751697540283203,183.84097290039062,-4039.76953125,1.0,0.6710411536184705,0.00674985009317042,0.0,1.0,1.0,-0.18680600821971893,-0.1942334622144699,0.09441255033016205,100000
945,-47.018253326416016,395.9061584472656,0.96875,3.181039810180664,30502.9375,-1806.7469482421875,0.998291015625,0.6706276646978759,0.0067420796297335064,0.0,1.0,1.0,0.010505490005016327,0.0020551616325974464,0.10205741226673126,100000
946,-1.1733355522155762,1.1733355522155762,1.0,2.6946258544921875,100.43727111816406,-346.5540771484375,1.0,0.6702144305650637,0.006734318111695555,0.0,1.0,1.0,-0.4819473326206207,-0.48911231756210327,0.09603692591190338,100000
947,-3.44940185546875,153970.46875,0.96875,3.688443660736084,11860340.0,-6966.4189453125,0.999755859375,0.6698014510630362,0.006726565528758577,0.0,1.0,1.0,-0.5468002557754517,-0.5550479888916016,0.08987624943256378,100000
948,-0.7786016464233398,0.7786016464233398,1.0,2.5625874996185303,71.04801940917969,-28418.287109375,0.999755859375,0.6693887260348926,0.006718821870636436,0.0,1.0,1.0,-0.19294744729995728,-0.20106138288974762,0.08594130724668503,100000
949,-42.23068618774414,42.23068618774414,1.0,2.7891757488250732,3262.354736328125,-6007.375,1.0,0.6689762553238284,0.006711087127054835,0.0,1.0,1.0,-0.005322379991412163,-0.013353291898965836,0.08955254405736923,100000
950,-0.4364362359046936,0.4364362359046936,1.0,2.5228888988494873,44.99683380126953,-1169.03076171875,1.0,0.668564038773136,0.006703361287751309,0.0,1.0,1.0,-0.04843059554696083,-0.05600833520293236,0.09084223210811615,100000
951,-0.3678014278411865,0.3678014278411865,1.0,2.505497455596924,39.843868255615234,-1951.4281005859375,0.999755859375,0.6681520762262043,0.006695644342475207,0.0,1.0,1.0,-0.6941091418266296,-0.701738178730011,0.08162575215101242,100000
952,-0.8225951194763184,0.8225951194763184,1.0,2.7674832344055176,72.8585205078125,-18575.349609375,0.9918212890625,0.6677403675265187,0.006687936280987674,0.0,1.0,1.0,-0.618920087814331,-0.6262466907501221,0.08626864850521088,100000
953,-0.4725773334503174,0.4725773334503174,1.0,2.504798412322998,47.920135498046875,-2184.30419921875,0.9998779296875,0.6673289125176608,0.006680237093061647,0.0,1.0,1.0,-0.27776414155960083,-0.28456857800483704,0.09397731721401215,100000
954,-0.3883821368217468,0.3883821368217468,1.0,2.641141891479492,40.384334564208984,-4956.83056640625,0.9912109375,0.6669177110433093,0.006672546768481838,0.0,1.0,1.0,-0.24281969666481018,-0.2506614029407501,0.08724834024906158,100000
955,-13.719514846801758,13.719514846801758,1.0,2.8030545711517334,1066.0335693359375,-13855.421875,0.9998779296875,0.6665067629472384,0.006664865297044709,0.0,1.0,1.0,-0.46402111649513245,-0.4708932042121887,0.09150750935077667,100000
956,-0.37018102407455444,0.37018102407455444,1.0,2.670962333679199,38.752593994140625,-1327.737060546875,0.9969482421875,0.6660960680733191,0.006657192668558479,0.0,1.0,1.0,-0.33364444971084595,-0.3411024212837219,0.09191082417964935,100000
957,-3.7038755416870117,1470127.375,0.96875,3.3698666095733643,113243824.0,-56449.921875,0.99462890625,0.6656856262655182,0.006649528872843095,0.0,1.0,1.0,-0.07924425601959229,-0.08658921718597412,0.09504576027393341,100000
958,-1388.808349609375,1388.808349609375,1.0,2.7407150268554688,106989.515625,-7066.38330078125,0.9993896484375,0.6652754373678991,0.006641873899730224,0.0,1.0,1.0,-0.3132874071598053,-0.3210291862487793,0.09749464690685272,100000
959,-3.568812847137451,3565.738037109375,0.96875,3.234893798828125,274674.5,-1467.736572265625,0.989501953125,0.6648655012246208,0.00663422773906324,0.0,1.0,1.0,-0.2532816529273987,-0.26019784808158875,0.09043456614017487,100000
960,-0.4501458406448364,0.4501458406448364,1.0,2.5820724964141846,45.59699630737305,-853.5563354492188,0.99951171875,0.6644558176799388,0.006626590380697205,0.0,1.0,1.0,-0.33544105291366577,-0.34280234575271606,0.08277031779289246,100000
961,-0.8227382302284241,0.8227382302284241,1.0,2.49139404296875,74.99626159667969,-23.75677490234375,1.0,0.6640463865782041,0.006618961814498867,0.0,1.0,1.0,-0.4101240634918213,-0.41635867953300476,0.08244911581277847,100000
962,-1.2032192945480347,1.2032192945480347,1.0,2.537217617034912,103.95172119140625,-59.62372970581055,1.0,0.6636372077638641,0.006611342030346634,0.0,1.0,1.0,-0.547723650932312,-0.5547980666160583,0.086285799741745,100000
963,-0.7164669036865234,0.7164669036865234,1.0,2.811295509338379,64.34598541259766,-179.37588500976562,1.0,0.6632282810814617,0.006603731018130566,0.0,1.0,1.0,-0.48611757159233093,-0.49327510595321655,0.08810208737850189,100000
964,-0.42599260807037354,0.42599260807037354,1.0,2.602651834487915,43.57794952392578,-304.4459228515625,1.0,0.6628196063756356,0.0065961287677523675,0.0,1.0,1.0,-0.5686502456665039,-0.5765467882156372,0.085023894906044,100000
965,-0.6321984529495239,0.6321984529495239,1.0,2.6359145641326904,59.20575714111328,-94.74552154541016,0.997802734375,0.6624111834911205,0.00658853526912536,0.0,1.0,1.0,-0.19497650861740112,-0.2019108682870865,0.0919448509812355,100000
966,-3.7676842212677,30.4341983795166,0.96875,4.022323131561279,2344.17236328125,-1008.4567260742188,0.989990234375,0.6620030122727466,0.006580950512174483,0.0,1.0,1.0,-0.5739863514900208,-0.5814762115478516,0.08340433239936829,100000
967,-1.0764192342758179,1.0764192342758179,1.0,2.9581429958343506,90.94194030761719,-77.91450500488281,1.0,0.6615950925654396,0.006573374486836271,0.0,1.0,1.0,-0.055519964545965195,-0.06252500414848328,0.08825375884771347,100000
968,-0.40877610445022583,0.40877610445022583,1.0,2.5223193168640137,42.870567321777344,-9374.7783203125,1.0,0.6611874242142207,0.006565807183058846,0.0,1.0,1.0,-0.2984652519226074,-0.3059498965740204,0.08507151156663895,100000
969,-2.5519800186157227,2.5519800186157227,1.0,2.7698822021484375,206.0544891357422,-1592.9984130859375,0.9998779296875,0.6607800070642073,0.0065582485908019,0.0,1.0,1.0,-0.22609703242778778,-0.23371684551239014,0.08468730747699738,100000
970,-1.4668314456939697,1.4668314456939697,1.0,2.616086006164551,123.65022277832031,-3248.53662109375,0.998291015625,0.6603728409606111,0.006550698700036684,0.0,1.0,1.0,-0.1265212893486023,-0.1330762356519699,0.08263012766838074,100000
971,-0.5015177130699158,0.5015177130699158,1.0,2.6550402641296387,48.99209976196289,-79.13795471191406,0.977783203125,0.6599659257487401,0.006543157500745995,0.0,1.0,1.0,-0.19960664212703705,-0.20798489451408386,0.0860261619091034,100000
972,-0.3114015460014343,0.3114015460014343,1.0,2.508418321609497,35.476890563964844,-157.99244689941406,0.999755859375,0.6595592612739974,0.006535624982924161,0.0,1.0,1.0,-0.6847221255302429,-0.6910941004753113,0.08930240571498871,100000
973,-0.455630362033844,0.455630362033844,1.0,2.5026583671569824,46.631195068359375,-41494.08984375,1.0,0.659152847381881,0.006528101136577029,0.0,1.0,1.0,-0.23643574118614197,-0.24303044378757477,0.08569025248289108,100000
974,-6.5401611328125,35753.4140625,0.9375,5.701096057891846,2754070.5,-1642.126220703125,0.99658203125,0.6587466839179844,0.00652058595172195,0.0,1.0,1.0,-0.20490944385528564,-0.21253938972949982,0.08868081122636795,100000
975,-1.6646430492401123,1.6646430492401123,1.0,2.71018385887146,138.1627960205078,-353.0283203125,0.99609375,0.6583407707279965,0.0065130794183877695,0.0,1.0,1.0,-0.4389351010322571,-0.4450872242450714,0.09604445844888687,100000
976,-0.5450338125228882,0.5450338125228882,1.0,2.7331457138061523,51.74249267578125,-4935.625,0.9986572265625,0.6579351076577006,0.00650558152661481,0.0,1.0,1.0,-0.2935307025909424,-0.30066800117492676,0.09244046360254288,100000
977,-3.479043960571289,34.937530517578125,0.96875,2.9688000679016113,2699.179443359375,-411.1956481933594,0.9998779296875,0.6575296945529756,0.006498092266454858,0.0,1.0,1.0,-0.22177495062351227,-0.22923827171325684,0.08791467547416687,100000
978,-1.0120720863342285,1.0120720863342285,1.0,2.8560285568237305,86.77185821533203,-665.4779052734375,0.999755859375,0.6571245312597953,0.006490611627971158,0.0,1.0,1.0,-0.1780986785888672,-0.18590396642684937,0.09277747571468353,100000
979,-1.422291874885559,1.422291874885559,1.0,2.661186695098877,119.87193298339844,-5454.5908203125,1.0,0.6567196176242281,0.0064831396012383895,0.0,1.0,1.0,0.05833222717046738,0.0509430393576622,0.09041004627943039,100000
980,-1.3835253715515137,1.3835253715515137,1.0,2.9306273460388184,114.81024169921875,-8870.9423828125,1.0,0.6563149534924376,0.006475676176342656,0.0,1.0,1.0,-0.3825809359550476,-0.38882285356521606,0.09308500587940216,100000
981,-0.533361554145813,0.533361554145813,1.0,2.449655771255493,53.027099609375,-7284.97509765625,0.9976806640625,0.655910538710682,0.006468221343381479,0.0,1.0,1.0,-0.18071439862251282,-0.18914562463760376,0.0924222320318222,100000
982,-0.5169708728790283,0.5169708728790283,1.0,2.7558367252349854,49.40602111816406,-129427864.0,0.999755859375,0.6555063731253141,0.00646077509246378,0.0,1.0,1.0,-0.09810296446084976,-0.10598315298557281,0.09324907511472702,100000
983,-0.44198259711265564,0.44198259711265564,1.0,2.6937294006347656,44.10808563232422,-35.89107131958008,0.9996337890625,0.6551024565827819,0.0064533374137098615,0.0,1.0,1.0,-0.39598000049591064,-0.40239039063453674,0.09403885155916214,100000
984,-1.1808035373687744,1.1808035373687744,1.0,2.70933198928833,100.89923095703125,-53352.30078125,0.9998779296875,0.6546987889296273,0.0064459082972514025,0.0,1.0,1.0,-0.2908940315246582,-0.2977055013179779,0.09242352098226547,100000
985,-0.532760500907898,0.532760500907898,1.0,2.7296462059020996,50.824039459228516,-11046.3916015625,0.99951171875,0.6542953700124874,0.006438487733231445,0.0,1.0,1.0,-0.2283087521791458,-0.2364705502986908,0.09330331534147263,100000
986,-0.3379654288291931,0.3379654288291931,1.0,2.508758544921875,37.520484924316406,-3600.302978515625,1.0,0.6538921996780934,0.006431075711804374,0.0,1.0,1.0,-0.5018829107284546,-0.5083807110786438,0.08866547048091888,100000
987,-0.6548706293106079,0.6548706293106079,1.0,2.591954231262207,61.29081726074219,-3486.314453125,1.0,0.653489277773271,0.0064236722231359135,0.0,1.0,1.0,-0.17534688115119934,-0.18210719525814056,0.09237919002771378,100000
988,-0.49507421255111694,0.49507421255111694,1.0,2.6633143424987793,48.43202209472656,-13050.1884765625,1.0,0.6530866041449407,0.006416277257403104,0.0,1.0,1.0,-0.2772963047027588,-0.2843935489654541,0.08698990195989609,100000
989,-1.1665407419204712,1.1665407419204712,1.0,2.6836962699890137,99.998046875,-761.2659301757812,1.0,0.6526841786401165,0.006408890804794298,0.0,1.0,1.0,-0.4428541660308838,-0.45012450218200684,0.09168337285518646,100000
990,-0.4980775713920593,0.4980775713920593,1.0,2.5924072265625,49.209571838378906,-11793.1396484375,1.0,0.6522820011059075,0.00640151285550914,0.0,1.0,1.0,-0.44769322872161865,-0.4554046392440796,0.09308391064405441,100000
991,-0.49222975969314575,0.49222975969314575,1.0,2.643301010131836,48.3670768737793,-172.57412719726562,0.996337890625,0.6518800713895164,0.006394143399758559,0.0,1.0,1.0,-0.013899393379688263,-0.020529665052890778,0.08899172395467758,100000
992,-0.49882957339286804,0.49882957339286804,1.0,2.751249313354492,48.04393768310547,-209.78346252441406,1.0,0.6514783893382406,0.006386782427764755,0.0,1.0,1.0,-0.2908528745174408,-0.2986433207988739,0.09067142754793167,100000
993,-4.005521774291992,32193.64453125,0.96875,3.009498119354248,2479882.0,-3985.58447265625,0.9998779296875,0.6510769547994711,0.00637942992976118,0.0,1.0,1.0,-0.20434224605560303,-0.2122974395751953,0.08287778496742249,100000
994,-3.5917773246765137,4487126.5,0.96875,2.9615354537963867,345643104.0,-9389606.0,0.9984130859375,0.6506757676206932,0.006372085895992531,0.0,1.0,1.0,0.06269438564777374,0.05526173114776611,0.09069981426000595,100000
995,-0.6597834825515747,0.6597834825515747,1.0,2.6551406383514404,61.182533264160156,-3716.205078125,1.0,0.6502748276494862,0.006364750316714737,0.0,1.0,1.0,-0.32077139616012573,-0.3281371593475342,0.08488287031650543,100000
996,-0.8914942741394043,0.8914942741394043,1.0,2.5775816440582275,79.6286392211914,-40935.04296875,1.0,0.6498741347335231,0.006357423182194941,0.0,1.0,1.0,-0.32101601362228394,-0.3278195858001709,0.08210431784391403,100000
997,-5.063719749450684,331490.84375,0.96875,3.1156809329986572,25534728.0,-3123.76513671875,0.9990234375,0.6494736887205709,0.006350104482711493,0.0,1.0,1.0,-0.44887617230415344,-0.45591142773628235,0.08026673644781113,100000
998,-3.525926351547241,11016.591796875,0.96875,3.189941883087158,848613.75,-107.58535766601562,0.9998779296875,0.6490734894584905,0.006342794208553936,0.0,1.0,1.0,-0.03029654175043106,-0.03828920051455498,0.0871196761727333,100000
999,-0.4637102484703064,0.4637102484703064,1.0,2.579054117202759,46.66511535644531,-1796.8707275390625,1.0,0.6486735367952365,0.006335492350022988,0.0,1.0,1.0,-0.08055295795202255,-0.08825130015611649,0.08902660757303238,100000
1000,-55.07294845581055,257490.03125,0.96875,3.1917898654937744,19834448.0,-437697.59375,0.9979248046875,0.6482738305788571,0.0063281988974305346,0.0,1.0,1.0,-0.028403744101524353,-0.036506444215774536,0.08683465421199799,100000
1001,-1.7117063999176025,1.7117063999176025,1.0,2.470755100250244,143.63241577148438,-57416.46875,1.0,0.647874370657494,0.006320913841099616,0.0,1.0,1.0,-0.06737780570983887,-0.07416344434022903,0.09960747510194778,100000
1002,-2.590193510055542,2.590193510055542,1.0,2.5400357246398926,210.7685546875,-7395.7412109375,0.994140625,0.647475156879383,0.006313637171364412,0.0,1.0,1.0,-0.2336753010749817,-0.24067054688930511,0.09528324007987976,100000
1003,-0.534812867641449,0.534812867641449,1.0,2.586745023727417,52.08290100097656,-1641.7259521484375,0.997802734375,0.6470761890928528,0.006306368878570226,0.0,1.0,1.0,-0.4809625744819641,-0.4875843822956085,0.0973338931798935,100000
1004,-0.4553312361240387,0.4553312361240387,1.0,2.482877731323242,46.76052474975586,-203.35986328125,1.0,0.6466774671463258,0.006299108953073479,0.0,1.0,1.0,-0.34628498554229736,-0.35353320837020874,0.0797334536910057,100000
1005,-0.5056092739105225,0.5056092739105225,1.0,2.7524616718292236,48.55683135986328,-246.18467712402344,0.9970703125,0.6462789908883179,0.006291857385241696,0.0,1.0,1.0,-0.43760088086128235,-0.4444022476673126,0.08739592880010605,100000
1006,-0.6320511698722839,0.6320511698722839,1.0,2.546886920928955,59.88018798828125,-13.768844604492188,1.0,0.6458807601674383,0.006284614165453489,0.0,1.0,1.0,-0.39637666940689087,-0.4039858281612396,0.09003755450248718,100000
1007,-3.706164836883545,4596.83056640625,0.96875,3.501801013946533,354097.46875,-1721.5194091796875,0.99951171875,0.6454827748323894,0.00627737928409854,0.0,1.0,1.0,-0.18454226851463318,-0.1918337643146515,0.08243415504693985,100000
1008,-0.7743996977806091,0.7743996977806091,1.0,2.638775110244751,70.13748168945312,-297768.6875,0.9998779296875,0.6450850347319669,0.006270152731577606,0.0,1.0,1.0,-0.24597077071666718,-0.2527186870574951,0.08682866394519806,100000
1009,-0.7843413949012756,0.7843413949012756,1.0,2.6670846939086914,70.68521118164062,-73.31873321533203,0.995361328125,0.6446875397150597,0.006262934498302488,0.0,1.0,1.0,-0.29074087738990784,-0.29762619733810425,0.08635533601045609,100000
1010,-1.3368935585021973,1.3368935585021973,1.0,2.758690357208252,112.54264831542969,-6097.7607421875,0.99951171875,0.6442902896306494,0.006255724574696022,0.0,1.0,1.0,0.019612425938248634,0.012571137398481369,0.08414272964000702,100000
1011,-0.36769333481788635,0.36769333481788635,1.0,2.4974470138549805,39.897552490234375,-15475.98828125,0.9998779296875,0.6438932843278116,0.006248522951192079,0.0,1.0,1.0,-0.26650339365005493,-0.2731555104255676,0.08433154970407486,100000
1012,-0.4229191541671753,0.4229191541671753,1.0,2.6356325149536133,43.087154388427734,-8703.4326171875,0.999755859375,0.6434965236557141,0.0062413296182355325,0.0,1.0,1.0,-0.35907506942749023,-0.3663634955883026,0.08343770354986191,100000
1013,-0.6599610447883606,0.6599610447883606,1.0,2.669403076171875,61.086341857910156,-1661.83935546875,0.99560546875,0.6431000074636177,0.006234144566282261,0.0,1.0,1.0,-0.41232043504714966,-0.41921156644821167,0.09207262098789215,100000
1014,-0.47429609298706055,0.47429609298706055,1.0,2.7286248207092285,46.328399658203125,-71502.234375,0.9998779296875,0.6427037356008763,0.006226967785799128,0.0,1.0,1.0,-0.3304109573364258,-0.33735963702201843,0.08752885460853577,100000
1015,-0.9231250882148743,0.9231250882148743,1.0,2.774479389190674,80.54845428466797,-331.33856201171875,0.9998779296875,0.6423077079169367,0.006219799267263977,0.0,1.0,1.0,-0.15474167466163635,-0.16192619502544403,0.08335530012845993,100000
1016,-0.3486122786998749,0.3486122786998749,1.0,2.582028388977051,37.776214599609375,-2289.088134765625,0.999755859375,0.6419119242613381,0.0062126390011656065,0.0,1.0,1.0,-0.31761837005615234,-0.32452359795570374,0.08651749044656754,100000
1017,-0.5348808765411377,0.5348808765411377,1.0,2.539214611053467,52.45426940917969,-5886.83984375,0.9970703125,0.641516384483713,0.006205486978003764,0.0,1.0,1.0,-0.6902852654457092,-0.6972271203994751,0.08774228394031525,100000
1018,-18.520545959472656,18.520545959472656,1.0,2.8008105754852295,1435.8741455078125,-1532.0279541015625,0.99951171875,0.6411210884337858,0.006198343188289145,0.0,1.0,1.0,-0.017687305808067322,-0.024146120995283127,0.08601287752389908,100000
1019,-0.7528709769248962,0.7528709769248962,1.0,2.733158588409424,67.7520751953125,-2541.8681640625,0.9959716796875,0.6407260359613742,0.006191207622543355,0.0,1.0,1.0,-0.37100014090538025,-0.3775455355644226,0.09895434975624084,100000
1020,-0.6452799439430237,0.6452799439430237,1.0,2.813624382019043,58.844520568847656,-99.95175170898438,0.999755859375,0.640331226916388,0.006184080271298919,0.0,1.0,1.0,-0.5568568706512451,-0.5628999471664429,0.10342922061681747,100000
1021,-0.6191993355751038,0.6191993355751038,1.0,2.6694769859313965,57.94590759277344,-485.1184997558594,0.9998779296875,0.6399366611488297,0.00617696112509926,0.0,1.0,1.0,-0.44862622022628784,-0.4545389413833618,0.09394479542970657,100000
1022,-3.5570287704467773,1100.4049072265625,0.96875,3.485736131668091,84768.0859375,-157.06149291992188,0.997802734375,0.6395423385087943,0.006169850174498685,0.0,1.0,1.0,-0.2985784411430359,-0.304947167634964,0.08713828027248383,100000
1023,-0.5527336001396179,0.5527336001396179,1.0,2.7548880577087402,52.168128967285156,-3645.513916015625,0.9998779296875,0.6391482588464685,0.006162747410062377,0.0,1.0,1.0,0.19427570700645447,0.18790462613105774,0.09399335831403732,100000
1024,-0.9648733139038086,0.9648733139038086,1.0,2.9951224327087402,82.064697265625,-37256.29296875,0.9998779296875,0.6387544220121325,0.006155652822366381,0.0,1.0,1.0,-0.026614176109433174,-0.03327849879860878,0.08142594248056412,100000
1025,-0.598225474357605,0.598225474357605,1.0,2.7837250232696533,55.450233459472656,-1123.6131591796875,0.977783203125,0.6383608278561577,0.006148566401997589,0.0,1.0,1.0,-0.07855295389890671,-0.08494968712329865,0.0892043188214302,100000
1026,-4.008118629455566,284.5453186035156,0.96875,3.6001291275024414,21921.58984375,-26456.498046875,0.9993896484375,0.6379674762290081,0.006141488139553731,0.0,1.0,1.0,-0.18649794161319733,-0.1940869241952896,0.09520648419857025,100000
1027,-653.44921875,653.44921875,1.0,2.67703914642334,50345.34765625,-420410.28125,0.9931640625,0.6375743669812401,0.0061344180256433616,0.0,1.0,1.0,-0.22712349891662598,-0.23384058475494385,0.08806904405355453,100000
1028,-0.4299912750720978,0.4299912750720978,1.0,2.604304552078247,43.87323760986328,-16.773330688476562,0.9998779296875,0.6371814999635017,0.006127356050885843,0.0,1.0,1.0,-0.39970433712005615,-0.40678533911705017,0.08352966606616974,100000
1029,-0.4237517714500427,0.4237517714500427,1.0,2.4845786094665527,44.314857482910156,-9292.2958984375,0.998779296875,0.636788875026533,0.0061203022059113385,0.0,1.0,1.0,-0.09254418313503265,-0.09942418336868286,0.08053001761436462,100000
1030,-4.262452125549316,1929415.25,0.96875,4.159857273101807,148622752.0,-30028.728515625,0.99853515625,0.6363964920211667,0.006113256481360802,0.0,1.0,1.0,-0.2876397669315338,-0.2948666512966156,0.0923294946551323,100000
1031,-3.5533831119537354,6208157.5,0.96875,2.975043773651123,478214048.0,-5153.05517578125,0.9998779296875,0.6360043507983265,0.006106218867885957,0.0,1.0,1.0,-0.13953565061092377,-0.14676477015018463,0.08963647484779358,100000
1032,-1.6176040172576904,1.6176040172576904,1.0,2.6166396141052246,135.2599639892578,-1180.7947998046875,0.999755859375,0.6356124512090285,0.006099189356149286,0.0,1.0,1.0,-0.48309147357940674,-0.4892479181289673,0.0936656966805458,100000
1033,-0.6175132989883423,0.6175132989883423,1.0,2.5978050231933594,58.36811447143555,-46444.30859375,0.999755859375,0.6352207931043808,0.006092167936824031,0.0,1.0,1.0,-0.3762057423591614,-0.3824431896209717,0.09046507626771927,100000
1034,-0.8603189587593079,0.8603189587593079,1.0,2.7394487857818604,75.98033905029297,-73343.5859375,0.9976806640625,0.6348293763355825,0.006085154600594159,0.0,1.0,1.0,-0.3007670044898987,-0.307801216840744,0.08667351305484772,100000
1035,-0.7311609983444214,0.7311609983444214,1.0,2.607635974884033,67.04666137695312,-54.56343460083008,1.0,0.6344382007539251,0.0060781493381543705,0.0,1.0,1.0,-0.1883191466331482,-0.19501551985740662,0.07731720805168152,100000
1036,-0.4363410770893097,0.4363410770893097,1.0,2.6653337478637695,43.89225387573242,-96.3231201171875,1.0,0.6340472662107915,0.006071152140210077,0.0,1.0,1.0,-0.5478081107139587,-0.5544546842575073,0.07583323866128922,100000
1037,-0.537135124206543,0.537135124206543,1.0,2.529531478881836,52.70249938964844,-1736.6248779296875,0.998291015625,0.6336565725576561,0.006064162997477385,0.0,1.0,1.0,-0.02309238910675049,-0.029653871431946754,0.0792447179555893,100000
1038,-0.5675199627876282,0.5675199627876282,1.0,2.643592357635498,54.16443634033203,-3163.260009765625,0.9998779296875,0.6332661196460847,0.006057181900683094,0.0,1.0,1.0,-0.3217722773551941,-0.32856225967407227,0.0869641974568367,100000
1039,-0.4216887354850769,0.4216887354850769,1.0,2.485762119293213,44.146827697753906,-67.39710998535156,0.9998779296875,0.6328759073277349,0.006050208840564674,0.0,1.0,1.0,-0.28658607602119446,-0.2930419445037842,0.08362896740436554,100000
1040,-0.706640362739563,0.706640362739563,1.0,2.7214646339416504,64.28102111816406,-18086.69921875,0.9998779296875,0.6324859354543555,0.006043243807870265,0.0,1.0,1.0,-0.17711319029331207,-0.18362072110176086,0.08313595503568649,100000
1041,-3.541539192199707,6090.6748046875,0.96875,3.022822380065918,469171.84375,-5335.17822265625,0.9990234375,0.6320962038777866,0.00603628679335865,0.0,1.0,1.0,-0.23398303985595703,-0.24063996970653534,0.08328201621770859,100000
1042,-0.671614408493042,0.671614408493042,1.0,2.7570347785949707,61.308982849121094,-128195.953125,0.9986572265625,0.6317067124499598,0.006029337787799255,0.0,1.0,1.0,-0.2484261840581894,-0.2542003393173218,0.08503197133541107,100000
1043,-0.47879981994628906,0.47879981994628906,1.0,2.644554853439331,47.322914123535156,-35.490966796875,0.9896240234375,0.631317461022898,0.006022396781972134,0.0,1.0,1.0,-0.304084450006485,-0.3108014464378357,0.09143546223640442,100000
1044,-0.6382785439491272,0.6382785439491272,1.0,2.657219171524048,59.50999069213867,-92.90959167480469,0.99951171875,0.6309284494487147,0.006015463766667949,0.0,1.0,1.0,-0.3351178765296936,-0.3413694202899933,0.08444563299417496,100000
1045,-0.5934841632843018,0.5934841632843018,1.0,2.6127448081970215,56.402069091796875,-2170.21484375,0.998046875,0.6305396775796152,0.006008538732687969,0.0,1.0,1.0,-0.4994131326675415,-0.5054734349250793,0.09126761555671692,100000
1046,-0.33833277225494385,0.33833277225494385,1.0,2.433624267578125,38.127540588378906,-512.3999633789062,0.999755859375,0.6301511452678954,0.006001621670844052,0.0,1.0,1.0,-0.48655351996421814,-0.4930696189403534,0.08470612019300461,100000
1047,-1.1085281372070312,1.1085281372070312,1.0,2.681624412536621,95.54530334472656,-1051.9371337890625,1.0,0.6297628523659426,0.005994712571958632,0.0,1.0,1.0,-0.5233438014984131,-0.5298296213150024,0.0867283046245575,100000
1048,-0.9916239976882935,0.9916239976882935,1.0,2.663543701171875,86.67945861816406,-133209.0,1.0,0.6293747987262348,0.005987811426864706,0.0,1.0,1.0,-0.33826422691345215,-0.34454575181007385,0.08535586297512054,100000
1049,-0.40984299778938293,0.40984299778938293,1.0,2.6850926876068115,41.69890594482422,-1253.52587890625,0.99951171875,0.628986984201341,0.005980918226405831,0.0,1.0,1.0,-0.12023037672042847,-0.12704934179782867,0.0808328166604042,100000
1050,-0.5391257405281067,0.5391257405281067,1.0,2.710219621658325,51.46399688720703,-770.0169677734375,0.999755859375,0.6285994086439209,0.005974032961436098,0.0,1.0,1.0,-0.07946446537971497,-0.0860341340303421,0.07824757695198059,100000
1051,-0.458323210477829,0.458323210477829,1.0,2.5167407989501953,46.73014831542969,-984.058349609375,0.9998779296875,0.6282120719067252,0.005967155622820129,0.0,1.0,1.0,-0.2075561285018921,-0.214086651802063,0.08428876101970673,100000
1052,-3.4697134494781494,20513.02734375,0.96875,3.2102880477905273,1580123.375,-1715.3778076171875,0.986328125,0.6278249738425954,0.005960286201433065,0.0,1.0,1.0,0.11159592866897583,0.1041656956076622,0.07898470759391785,100000
1053,-0.4572795629501343,0.4572795629501343,1.0,2.516380786895752,46.65253448486328,-469.5489501953125,0.9859619140625,0.6274381143044633,0.00595342468816055,0.0,1.0,1.0,-0.4071260094642639,-0.41330769658088684,0.08752831071615219,100000
1054,-1.2627654075622559,1.2627654075622559,1.0,2.736945152282715,107.00004577636719,-10210.26171875,1.0,0.6270514931453515,0.005946571073898719,0.0,1.0,1.0,-0.27840369939804077,-0.2845897674560547,0.0891440138220787,100000
1055,-0.55629563331604,0.55629563331604,1.0,2.6586575508117676,53.18377685546875,-899.0215454101562,1.0,0.6266651102183733,0.00593972534955419,0.0,1.0,1.0,-0.1674840748310089,-0.17357052862644196,0.08777154237031937,100000
1056,-0.3867582082748413,0.3867582082748413,1.0,2.603137969970703,40.55198287963867,-425.71759033203125,1.0,0.6262789653767326,0.005932887506044049,0.0,1.0,1.0,-0.49755972623825073,-0.5042040944099426,0.09267137199640274,100000
1057,-0.8481247425079346,0.8481247425079346,1.0,2.6401443481445312,75.80596160888672,-1316.3797607421875,0.999755859375,0.6258930584737231,0.0059260575342958335,0.0,1.0,1.0,-0.2956002950668335,-0.3014809787273407,0.08750662952661514,100000
1058,-7.41602897644043,384.49359130859375,0.96875,3.2245397567749023,29623.4921875,-264.0112609863281,0.9844970703125,0.62550738936273,0.0059192354252475335,0.0,1.0,1.0,-0.2645685076713562,-0.27061569690704346,0.08427442610263824,100000
1059,-0.3192685842514038,0.3192685842514038,1.0,2.429434299468994,36.69129943847656,-231.31033325195312,0.9998779296875,0.6251219578972276,0.005912421169847564,0.0,1.0,1.0,-0.331593781709671,-0.33811211585998535,0.08731725066900253,100000
1060,-3.6273341178894043,1675.417236328125,0.96875,3.449943780899048,129061.5078125,-206.93284606933594,0.9886474609375,0.6247367639307814,0.0059056147590547635,0.0,1.0,1.0,-0.18888767063617706,-0.19559144973754883,0.0916559025645256,100000
1061,-0.4991092085838318,0.4991092085838318,1.0,2.6575095653533936,48.78754806518555,-843.835693359375,1.0,0.6243518073170469,0.005898816183838381,0.0,1.0,1.0,-0.39089906215667725,-0.39721840620040894,0.09270182996988297,100000
1062,-0.3960625231266022,0.3960625231266022,1.0,2.4816813468933105,42.20427322387695,-354.8776550292969,1.0,0.6239670879097695,0.0058920254351780554,0.0,1.0,1.0,-0.267622709274292,-0.27448543906211853,0.09726951271295547,100000
1063,-1.3574564456939697,1.3574564456939697,1.0,2.7340383529663086,114.31649017333984,-2445.834228515625,1.0,0.6235826055627852,0.005885242504063817,0.0,1.0,1.0,-0.5873458385467529,-0.5927387475967407,0.09611145406961441,100000
1064,-0.4776824414730072,0.4776824414730072,1.0,2.6563053131103516,47.146324157714844,-22.62030792236328,1.0,0.6231983601300194,0.005878467381496062,0.0,1.0,1.0,-0.021886732429265976,-0.027274250984191895,0.09604991227388382,100000
1065,-0.7888480424880981,0.7888480424880981,1.0,2.752896785736084,70.37134552001953,-1476.829345703125,0.991943359375,0.6228143514654882,0.005871700058485553,0.0,1.0,1.0,-0.2310798317193985,-0.2376384735107422,0.09926183521747589,100000
1066,-0.7719886302947998,0.7719886302947998,1.0,2.6721980571746826,69.69429016113281,-804.6226806640625,0.9990234375,0.6224305794232973,0.005864940526053396,0.0,1.0,1.0,-0.5649676322937012,-0.5714842677116394,0.09875908493995667,100000
1067,-0.747225821018219,0.747225821018219,1.0,2.640218734741211,68.03314971923828,-237723.4375,0.998046875,0.6220470438576423,0.005858188775231035,0.0,1.0,1.0,-0.3422139883041382,-0.3484850823879242,0.09245225787162781,100000
1068,-2.480459690093994,2.480459690093994,1.0,2.5540225505828857,202.20803833007812,-682.7598266601562,1.0,0.6216637446228089,0.0058514447970602415,0.0,1.0,1.0,-0.29003089666366577,-0.2957409918308258,0.08205463737249374,100000
1069,-0.7176780104637146,0.7176780104637146,1.0,2.926219940185547,63.55401611328125,-1752656.875,0.9990234375,0.6212806815731721,0.005844708582593097,0.0,1.0,1.0,-0.24573644995689392,-0.2516178786754608,0.08226379752159119,100000
1070,-0.49761876463890076,0.49761876463890076,1.0,2.6676599979400635,48.59455490112305,-6831.72314453125,0.999755859375,0.620897854563197,0.005837980122891982,0.0,1.0,1.0,-0.20720455050468445,-0.21274015307426453,0.09041856974363327,100000
1071,-1.2581257820129395,1.2581257820129395,1.0,2.8622848987579346,105.67717742919922,-101664.1328125,0.999755859375,0.6205152634474385,0.0058312594090295725,0.0,1.0,1.0,-0.2982966899871826,-0.3053804934024811,0.09635792672634125,100000
1072,-0.5217030048370361,0.5217030048370361,1.0,2.6959667205810547,50.231712341308594,-56496.8046875,0.9974365234375,0.6201329080805406,0.005824546432088815,0.0,1.0,1.0,-0.5823800563812256,-0.5871304273605347,0.0859106108546257,100000
1073,-0.6682541370391846,0.6682541370391846,1.0,2.633615493774414,62.000831604003906,-4459.80810546875,0.99951171875,0.6197507883172374,0.005817841183162924,0.0,1.0,1.0,-0.3885253071784973,-0.3939019739627838,0.0836770161986351,100000
1074,-1.7086703777313232,1.7086703777313232,1.0,2.772110939025879,141.0772247314453,-7461.86279296875,1.0,0.6193689040123522,0.005811143653355369,0.0,1.0,1.0,-0.575153648853302,-0.5804814100265503,0.0883764922618866,100000
1075,-1.3564810752868652,1.3564810752868652,1.0,2.7203612327575684,114.34671020507812,-210.0425262451172,0.9993896484375,0.6189872550207979,0.005804453833779859,0.0,1.0,1.0,-0.46444499492645264,-0.46993520855903625,0.08596097677946091,100000
1076,-7.110402584075928,64264.984375,0.96875,3.4153358936309814,4950332.5,-40767.21484375,0.97216796875,0.6186058411975767,0.0057977717155603325,0.0,1.0,1.0,0.142401784658432,0.1364830881357193,0.09065207839012146,100000
1077,-1.336336374282837,1.336336374282837,1.0,2.575979471206665,113.90713500976562,-7280.52734375,1.0,0.6182246623977802,0.005791097289830951,0.0,1.0,1.0,-0.11234088242053986,-0.11804844439029694,0.08031684160232544,100000
1078,-3.652582883834839,3.652582883834839,1.0,2.8714795112609863,290.0512390136719,-478.63555908203125,1.0,0.6178437184765895,0.005784430547736076,0.0,1.0,1.0,-0.4296695291996002,-0.4355470836162567,0.08288943022489548,100000
1079,-0.4325430393218994,0.4325430393218994,1.0,2.5993499755859375,44.107967376708984,-9217.46875,1.0,0.6174630092892743,0.005777771480430265,0.0,1.0,1.0,-0.4568430185317993,-0.46199584007263184,0.08539793640375137,100000
1080,-3.948452949523926,1941.7867431640625,0.96875,3.397463321685791,149580.359375,-2072.616455078125,0.96875,0.6170825346911945,0.005771120079078262,0.0,1.0,1.0,-0.31833207607269287,-0.32394126057624817,0.09538756310939789,100000
1081,-0.5146207809448242,0.5146207809448242,1.0,2.679893970489502,49.80998229980469,-1857.762939453125,0.997802734375,0.616702294537798,0.005764476334854982,0.0,1.0,1.0,-0.343356728553772,-0.34913012385368347,0.09157031029462814,100000
1082,-1.8054702281951904,1.8054702281951904,1.0,2.9264378547668457,147.3449249267578,-40907.40625,0.996337890625,0.6163222886846226,0.005757840238945493,0.0,1.0,1.0,-0.2794923782348633,-0.2850460410118103,0.0904572457075119,100000
1083,-49.63886642456055,49.63886642456055,1.0,2.7264890670776367,3833.48876953125,-1392878.625,0.992919921875,0.6159425169872945,0.005751211782545019,0.0,1.0,1.0,-0.11991636455059052,-0.12520548701286316,0.09446767717599869,100000
1084,-0.4733884930610657,0.4733884930610657,1.0,2.718925952911377,46.33319091796875,-636.2806396484375,1.0,0.6155629793015296,0.005744590956858916,0.0,1.0,1.0,0.06608867645263672,0.05969821289181709,0.09085926413536072,100000
1085,-4.716692924499512,4.716692924499512,1.0,2.621093273162842,373.9482727050781,-14445.8720703125,1.0,0.615183675483132,0.005737977753102662,0.0,1.0,1.0,-0.4535680413246155,-0.4582040011882782,0.09110648930072784,100000
1086,-17.536685943603516,17.536685943603516,1.0,2.8213300704956055,1359.9290771484375,-35409.484375,0.9884033203125,0.6148046053879952,0.005731372162501856,0.0,1.0,1.0,-0.13466164469718933,-0.14071691036224365,0.0884869247674942,100000
1087,-3.802292823791504,2624.292236328125,0.96875,3.3927531242370605,202153.765625,-52.76576614379883,0.9996337890625,0.614425768872101,0.005724774176292188,0.0,1.0,1.0,-0.5343196392059326,-0.5397412776947021,0.08159923553466797,100000
1088,-2.3367366790771484,2.3367366790771484,1.0,2.5252227783203125,191.35890197753906,-59.388336181640625,0.996826171875,0.6140471657915202,0.005718183785719444,0.0,1.0,1.0,-0.2969082295894623,-0.3022875487804413,0.07844589650630951,100000
1089,-0.5552138090133667,0.5552138090133667,1.0,2.5727758407592773,53.761993408203125,-341.41839599609375,1.0,0.6136687960024122,0.005711600982039485,0.0,1.0,1.0,-0.45704925060272217,-0.46323254704475403,0.08285923302173615,100000
1090,-3.5194146633148193,1993505152.0,0.96875,3.199122428894043,153559597056.0,-1432306.25,0.9996337890625,0.6132906593610256,0.005705025756518243,0.0,1.0,1.0,-0.1616469770669937,-0.1679678112268448,0.08377143740653992,100000
1091,-0.3906526565551758,0.3906526565551758,1.0,2.616227388381958,40.75114440917969,-13.531648635864258,1.0,0.6129127557236964,0.0056984581004316985,0.0,1.0,1.0,-0.6031945943832397,-0.6091329455375671,0.08244448900222778,100000
1092,-0.8925260305404663,0.8925260305404663,1.0,2.792680501937866,78.05120849609375,-1466.1959228515625,1.0,0.6125350849468502,0.005691898005065877,0.0,1.0,1.0,-0.3396351933479309,-0.3466571271419525,0.08934711664915085,100000
1093,-0.4681711494922638,0.4681711494922638,1.0,2.807236671447754,45.25104522705078,-97413.28125,0.999755859375,0.6121576468870006,0.00568534546171684,0.0,1.0,1.0,-0.008845340460538864,-0.01406069379299879,0.09303577244281769,100000
1094,-0.5159199237823486,0.5159199237823486,1.0,2.6695566177368164,49.98968505859375,-678.9102783203125,0.9996337890625,0.6117804414007497,0.005678800461690663,0.0,1.0,1.0,-0.5287333726882935,-0.5345234274864197,0.08963645249605179,100000
1095,-334.6424560546875,334.6424560546875,1.0,2.7967116832733154,25786.7578125,-78182.3359375,0.99951171875,0.6114034683447879,0.005672262996303431,0.0,1.0,1.0,-0.08378979563713074,-0.08961191028356552,0.09269706159830093,100000
1096,-2.1819632053375244,2.1819632053375244,1.0,2.821406364440918,177.15518188476562,-345.61688232421875,1.0,0.6110267275758939,0.005665733056881232,0.0,1.0,1.0,-0.2534477114677429,-0.25880786776542664,0.0899229347705841,100000
1097,-0.7110342979431152,0.7110342979431152,1.0,2.557288408279419,65.88412475585938,-39583.58984375,1.0,0.6106502189509351,0.005659210634760131,0.0,1.0,1.0,-0.41759634017944336,-0.42294150590896606,0.08422598242759705,100000
1098,-0.6632768511772156,0.6632768511772156,1.0,2.5771563053131104,62.05233383178711,-766.4449462890625,1.0,0.610273942326866,0.0056526957212861715,0.0,1.0,1.0,-0.3910428285598755,-0.39700788259506226,0.08309071511030197,100000
1099,-0.5655385851860046,0.5655385851860046,1.0,2.692995071411133,53.63125991821289,-15.192155838012695,1.0,0.6098978975607307,0.005646188307815362,0.0,1.0,1.0,-0.4317134916782379,-0.43746158480644226,0.0869007408618927,100000
1100,-0.7113468647003174,0.7113468647003174,1.0,2.570026397705078,65.81008911132812,-644.10546875,1.0,0.60952208450966,0.005639688385713655,0.0,1.0,1.0,-0.2760286033153534,-0.28239813446998596,0.08234410732984543,100000
1101,-1.07778000831604,1.07778000831604,1.0,2.712374210357666,92.93990325927734,-22.560747146606445,1.0,0.6091465030308737,0.005633195946356947,0.0,1.0,1.0,-0.3507198691368103,-0.35619547963142395,0.07887551188468933,100000
1102,-6.050485610961914,226.7655792236328,0.96875,3.469369411468506,17471.826171875,-2176467.25,0.997314453125,0.6087711529816792,0.005626710981131064,0.0,1.0,1.0,-0.2564423084259033,-0.2623174786567688,0.0840521901845932,100000
1103,-0.4329380989074707,0.4329380989074707,1.0,2.7384114265441895,43.06721115112305,-1074.145263671875,0.9998779296875,0.6083960342194719,0.005620233481431745,0.0,1.0,1.0,-0.19838722050189972,-0.2036745548248291,0.08473224937915802,100000
1104,-3.610703945159912,4970.544921875,0.96875,3.167598009109497,382887.15625,-44.22936248779297,0.999755859375,0.608021146601735,0.005613763438664635,0.0,1.0,1.0,-0.2461090385913849,-0.2515902817249298,0.08940023928880692,100000
1105,-0.43447473645210266,0.43447473645210266,1.0,2.5926477909088135,44.30839157104492,-10221.9951171875,0.9979248046875,0.6076464899860395,0.005607300844245278,0.0,1.0,1.0,-0.12557639181613922,-0.13077384233474731,0.08183874189853668,100000
1106,-0.7999541759490967,0.7999541759490967,1.0,2.560403347015381,72.70962524414062,-1969.5965576171875,1.0,0.6072720642300445,0.005600845689599093,0.0,1.0,1.0,-0.20007796585559845,-0.20483875274658203,0.08000066131353378,100000
1107,-4.291192054748535,4.291192054748535,1.0,2.631678819656372,341.09039306640625,-3984.46728515625,1.0,0.6068978691914962,0.005594397966161373,0.0,1.0,1.0,-0.3624509572982788,-0.368608683347702,0.08395104855298996,100000
1108,-0.7730712294578552,0.7730712294578552,1.0,2.6878912448883057,69.65679931640625,-4618.0625,0.9998779296875,0.606523904728229,0.005587957665377274,0.0,1.0,1.0,-0.3815265893936157,-0.3869227170944214,0.08118043839931488,100000
1109,-0.6096578240394592,0.6096578240394592,1.0,2.711305618286133,56.88871383666992,-30543.470703125,1.0,0.6061501706981647,0.005581524778701795,0.0,1.0,1.0,-0.42489007115364075,-0.4300711750984192,0.08742813766002655,100000
1110,-0.46354785561561584,0.46354785561561584,1.0,2.6176772117614746,46.3550910949707,-3605.2587890625,1.0,0.6057766669593123,0.0055750992975997764,0.0,1.0,1.0,-0.07661181688308716,-0.0820503979921341,0.09150329232215881,100000
1111,-0.5875130295753479,0.5875130295753479,1.0,2.684335470199585,55.39065170288086,-7310.57275390625,1.0,0.6054033933697691,0.0055686812135458804,0.0,1.0,1.0,-0.05949025601148605,-0.0660238265991211,0.08656914532184601,100000
1112,-0.6700507998466492,0.6700507998466492,1.0,2.77620005607605,61.04090118408203,-3552.59326171875,0.999755859375,0.6050303497877192,0.005562270518024588,0.0,1.0,1.0,-0.18668681383132935,-0.1918264776468277,0.08491155505180359,100000
1113,-1.9868500232696533,1.9868500232696533,1.0,2.584367275238037,163.9515380859375,-1180.9227294921875,1.0,0.6046575360714342,0.00555586720253018,0.0,1.0,1.0,-0.1842186450958252,-0.18894371390342712,0.08759131282567978,100000
1114,-0.5168570876121521,0.5168570876121521,1.0,2.714047431945801,49.71916198730469,-111.57595825195312,1.0,0.6042849520792731,0.005549471258566728,0.0,1.0,1.0,-0.2013082653284073,-0.20657064020633698,0.08510353416204453,100000
1115,-1.0083616971969604,1.0083616971969604,1.0,2.7346816062927246,87.4207763671875,-5900.39111328125,1.0,0.6039125976696822,0.005543082677648092,0.0,1.0,1.0,-0.04920968785881996,-0.055407896637916565,0.08464761078357697,100000
1116,-3.4094178676605225,1027356.1875,0.96875,3.1482009887695312,79137192.0,-13806.052734375,0.989501953125,0.6035404727011949,0.0055367014512978895,0.0,1.0,1.0,-0.5633635520935059,-0.5685707926750183,0.08302190899848938,100000
1117,-0.5544665455818176,0.5544665455818176,1.0,2.6566853523254395,53.058074951171875,-22760.3984375,0.999755859375,0.6031685770324321,0.0055303275710495035,0.0,1.0,1.0,-0.2106536626815796,-0.21590770781040192,0.08133481442928314,100000
1118,-1.3595895767211914,1.3595895767211914,1.0,2.4942703247070312,116.32774353027344,-126.67674255371094,0.9989013671875,0.6027969105221013,0.005523961028446065,0.0,1.0,1.0,0.005302071571350098,-0.00021585961803793907,0.08338750153779984,100000
1119,-2.0107853412628174,2.0107853412628174,1.0,2.613041877746582,165.57440185546875,-647.8246459960938,1.0,0.6024254730289974,0.005517601815040436,0.0,1.0,1.0,-0.1646081805229187,-0.16997042298316956,0.08746866136789322,100000
1120,-3.932804822921753,4802.65234375,0.96875,3.5801031589508057,369951.21875,-646.6680908203125,0.997802734375,0.6020542644120024,0.005511249922395205,0.0,1.0,1.0,-0.40262478590011597,-0.4082697033882141,0.07865984737873077,100000
1121,-1.2356353998184204,1.2356353998184204,1.0,2.6935057640075684,105.24483489990234,-200.43626403808594,0.99951171875,0.601683284530085,0.005504905342082675,0.0,1.0,1.0,-0.42727506160736084,-0.4322948157787323,0.07564398646354675,100000
1122,-0.4076424241065979,0.4076424241065979,1.0,2.548956871032715,42.57804870605469,-269.6650085449219,1.0,0.601312533242301,0.005498568065684847,0.0,1.0,1.0,-0.3463483452796936,-0.351627379655838,0.07970023155212402,100000
1123,-3.6956348419189453,3.6956348419189453,1.0,2.880195140838623,293.3004150390625,-29569.02734375,0.99951171875,0.6009420104077928,0.005492238084793416,0.0,1.0,1.0,-0.18939617276191711,-0.19413302838802338,0.08635760843753815,100000
1124,-1.7173188924789429,1.7173188924789429,1.0,2.596621036529541,143.09519958496094,-579.898681640625,0.9906005859375,0.6005717158857898,0.0054859153910097585,0.0,1.0,1.0,-0.33945348858833313,-0.34514883160591125,0.09417209029197693,100000
1125,-0.654701828956604,0.654701828956604,1.0,2.7593798637390137,59.988136291503906,-2246.310791015625,1.0,0.6002016495356082,0.005479599975944916,0.0,1.0,1.0,-0.6496667861938477,-0.6551110744476318,0.08672256022691727,100000
1126,-0.4861271381378174,0.4861271381378174,1.0,2.6288444995880127,48.00835037231445,-1290.544677734375,0.9986572265625,0.5998318112166506,0.005473291831219585,0.0,1.0,1.0,-0.3861580491065979,-0.3915410041809082,0.07399246096611023,100000
1127,-1.856576919555664,1.856576919555664,1.0,2.7459611892700195,152.671875,-1065393.375,1.0,0.5994622007884066,0.005466990948464119,0.0,1.0,1.0,-0.23371393978595734,-0.23885133862495422,0.07659807056188583,100000
1128,-0.8382258415222168,0.8382258415222168,1.0,2.747385263442993,74.21736907958984,-5116.4111328125,1.0,0.5990928181104522,0.005460697319318494,0.0,1.0,1.0,-0.2274119108915329,-0.23240061104297638,0.07873865216970444,100000
1129,-1.0373237133026123,1.0373237133026123,1.0,2.6333203315734863,90.43251037597656,-1271.637939453125,0.971435546875,0.5987236630424497,0.005454410935432316,0.0,1.0,1.0,-0.40852534770965576,-0.4137842357158661,0.07879984378814697,100000
1130,-0.4336920380592346,0.4336920380592346,1.0,2.5949385166168213,44.2304573059082,-4734.41357421875,0.9864501953125,0.5983547354441483,0.005448131788464807,0.0,1.0,1.0,-0.1296791434288025,-0.135085791349411,0.08536742627620697,100000
1131,-0.43075764179229736,0.43075764179229736,1.0,2.582042694091797,44.10375213623047,-23.213542938232422,0.9998779296875,0.5979860351753834,0.005441859870084784,0.0,1.0,1.0,-0.2902747094631195,-0.29573890566825867,0.09078620374202728,100000
1132,-2.061762809753418,2.061762809753418,1.0,2.6991069316864014,168.83827209472656,-118.1474380493164,0.995361328125,0.5976175620960766,0.00543559517197066,0.0,1.0,1.0,-0.16159898042678833,-0.1671200394630432,0.08960797637701035,100000
1133,-1.1410515308380127,1.1410515308380127,1.0,2.634303092956543,98.41509246826172,-896.0227661132812,0.9998779296875,0.5972493160662363,0.005429337685810427,0.0,1.0,1.0,-0.4745910167694092,-0.479514479637146,0.0940965861082077,100000
1134,-0.8506481647491455,0.8506481647491455,1.0,2.774071216583252,74.96869659423828,-641521.25,0.99853515625,0.5968812969459567,0.005423087403301646,0.0,1.0,1.0,-0.20910537242889404,-0.21422509849071503,0.08105172216892242,100000
1135,-0.8234507441520691,0.8234507441520691,1.0,2.7500643730163574,73.0586166381836,-511.287109375,0.9993896484375,0.5965135045954184,0.005416844316151431,0.0,1.0,1.0,-0.22712214291095734,-0.2314871996641159,0.083652563393116,100000
1136,-4.716700553894043,1066963.125,0.96875,3.819711208343506,82188120.0,-2747.4130859375,0.9998779296875,0.5961459388748881,0.00541060841607645,0.0,1.0,1.0,-0.31714844703674316,-0.3230135440826416,0.08250816911458969,100000
1137,-39.367332458496094,39.367332458496094,1.0,2.750319004058838,3042.08935546875,-59760.20703125,1.0,0.5957785996447187,0.005404379694802904,0.0,1.0,1.0,0.002464442513883114,-0.00321417348459363,0.08613632619380951,100000
1138,-0.41799360513687134,0.41799360513687134,1.0,2.5375847816467285,43.46299743652344,-12327.6611328125,1.0,0.5954114867653489,0.005398158144066518,0.0,1.0,1.0,-0.1910632699728012,-0.19601666927337646,0.0876600444316864,100000
1139,-3.585214376449585,7735.38134765625,0.96875,3.3224306106567383,595861.1875,-2632.540283203125,0.99951171875,0.5950446000973038,0.00539194375561253,0.0,1.0,1.0,-0.21135631203651428,-0.2161797732114792,0.09163245558738708,100000
1140,-5.835167407989502,5.835167407989502,1.0,2.6708226203918457,459.7212219238281,-1375.824951171875,1.0,0.5946779395011942,0.005385736521195683,0.0,1.0,1.0,-0.613198459148407,-0.6182843446731567,0.08966417610645294,100000
1141,-0.7640854120254517,0.7640854120254517,1.0,2.6532726287841797,69.23128509521484,-4119.94775390625,0.9991455078125,0.5943115048377167,0.005379536432580212,0.0,1.0,1.0,-0.2708648443222046,-0.2759777009487152,0.10008116066455841,100000
1142,-3.808058977127075,218058.5,0.96875,3.6278772354125977,16797034.0,-34201.84375,0.9991455078125,0.5939452959676538,0.0053733434815398315,0.0,1.0,1.0,-0.28680893778800964,-0.2914368510246277,0.09186111390590668,100000
1143,-3.5448737144470215,59736.0546875,0.96875,3.4676318168640137,4601468.5,-3052.94580078125,0.9951171875,0.5935793127518739,0.005367157659857728,0.0,1.0,1.0,-0.4018058776855469,-0.40671974420547485,0.0940219908952713,100000
1144,-34.380374908447266,34.380374908447266,1.0,2.885547161102295,2656.903076171875,-9594.4765625,0.993896484375,0.5932135550513312,0.005360978959326546,0.0,1.0,1.0,0.2777048349380493,0.27179303765296936,0.08451644331216812,100000
1145,-1.6929359436035156,1.6929359436035156,1.0,2.7954390048980713,139.68548583984375,-382.48199462890625,1.0,0.5928480227270652,0.005354807371748377,0.0,1.0,1.0,-0.24808372557163239,-0.25383174419403076,0.08681810647249222,100000
1146,-0.5719164609909058,0.5719164609909058,1.0,2.701105833053589,54.06006622314453,-606.5670776367188,0.99853515625,0.5924827156402015,0.005348642888934753,0.0,1.0,1.0,-0.25303569436073303,-0.25778090953826904,0.08941943943500519,100000
1147,-0.5536333322525024,0.5536333322525024,1.0,2.5330448150634766,53.9462890625,-7149.08642578125,1.0,0.5921176336519509,0.0053424855027066325,0.0,1.0,1.0,-0.4136449098587036,-0.4187934398651123,0.09943785518407822,100000
1148,-2.287594795227051,2.287594795227051,1.0,2.6807875633239746,186.3751983642578,-574785.625,1.0,0.5917527766236098,0.005336335204894384,0.0,1.0,1.0,-0.3125319480895996,-0.31697702407836914,0.08780168741941452,100000
1149,-0.3767983317375183,0.3767983317375183,1.0,2.5696682929992676,40.04259490966797,-934.7974243164062,0.9998779296875,0.5913881444165603,0.005330191987337789,0.0,1.0,1.0,-0.39032748341560364,-0.39506885409355164,0.09035041928291321,100000
1150,-0.46002197265625,0.46002197265625,1.0,2.5717272758483887,46.43744659423828,-198.57606506347656,0.9998779296875,0.5910237368922697,0.0053240558418860195,0.0,1.0,1.0,-0.6257863640785217,-0.6312323808670044,0.08160819858312607,100000
1151,-0.5201021432876587,0.5201021432876587,1.0,2.5669021606445312,51.10258483886719,-43.06913757324219,1.0,0.5906595539122905,0.005317926760397627,0.0,1.0,1.0,-0.4443668723106384,-0.44986802339553833,0.08794500678777695,100000
1152,-0.7460318207740784,0.7460318207740784,1.0,2.612408399581909,68.15540313720703,-1826.368408203125,0.9949951171875,0.5902955953382611,0.005311804734740545,0.0,1.0,1.0,-0.25663912296295166,-0.26223549246788025,0.09350453317165375,100000
1153,-1.5778433084487915,1.5778433084487915,1.0,2.6791772842407227,131.71548461914062,-300.1440734863281,0.9991455078125,0.5899318610319045,0.005305689756792059,0.0,1.0,1.0,-0.3958383798599243,-0.40153199434280396,0.09500809758901596,100000
1154,-1.1018638610839844,1.1018638610839844,1.0,2.6087231636047363,95.593505859375,-114.41630554199219,1.0,0.5895683508550292,0.005299581818438809,0.0,1.0,1.0,-0.5888378620147705,-0.594215452671051,0.09343066066503525,100000
1155,-0.37315380573272705,0.37315380573272705,1.0,2.6062278747558594,39.48023986816406,-392.501953125,0.98583984375,0.5892050646695289,0.0052934809115767765,0.0,1.0,1.0,-0.3499273359775543,-0.35610949993133545,0.09646881371736526,100000
1156,-0.877091109752655,0.877091109752655,1.0,2.771839141845703,77.02279663085938,-1436.197265625,1.0,0.5888420023373823,0.005287387028111274,0.0,1.0,1.0,-0.3634297847747803,-0.3685525357723236,0.09262064099311829,100000
1157,-0.9180311560630798,0.9180311560630798,1.0,2.8244869709014893,79.77085876464844,-3277.5986328125,0.99951171875,0.5884791637206531,0.005281300159956924,0.0,1.0,1.0,-0.38138630986213684,-0.3858148753643036,0.08825115859508514,100000
1158,-0.4870173931121826,0.4870173931121826,1.0,2.6563334465026855,47.865177154541016,-9.407578468322754,0.9998779296875,0.5881165486814903,0.005275220299037666,0.0,1.0,1.0,-0.4964976906776428,-0.501170814037323,0.0784389078617096,100000
1159,-0.4895502030849457,0.4895502030849457,1.0,2.599238157272339,48.50008773803711,-5772.37548828125,1.0,0.5877541570821274,0.0052691474372867355,0.0,1.0,1.0,-0.18482036888599396,-0.19033953547477722,0.08867774903774261,100000
1160,-1.00141179561615,1.00141179561615,1.0,2.6788477897644043,87.31552124023438,-2409.509765625,0.9990234375,0.5873919887848831,0.005263081566646649,0.0,1.0,1.0,-0.3261048495769501,-0.33248868584632874,0.089086152613163,100000
1161,-0.47029590606689453,0.47029590606689453,1.0,2.574692726135254,47.20600128173828,-952.7005615234375,1.0,0.5870300436521607,0.005257022679069205,0.0,1.0,1.0,-0.007442854344844818,-0.013491719029843807,0.08800006657838821,100000
1162,-0.5031152367591858,0.5031152367591858,1.0,2.584578514099121,49.657920837402344,-4828.50537109375,0.9984130859375,0.5866683215464487,0.005250970766515463,0.0,1.0,1.0,-0.31112557649612427,-0.31612756848335266,0.0826122909784317,100000
1163,-11.487800598144531,11.487800598144531,1.0,2.94620943069458,893.02197265625,-2864.5283203125,1.0,0.5863068223303198,0.005244925820955739,0.0,1.0,1.0,-0.18682797253131866,-0.19210809469223022,0.0852852612733841,100000
1164,-0.43653303384780884,0.43653303384780884,1.0,2.654083728790283,43.99369812011719,-1379.892822265625,0.9998779296875,0.5859455458664318,0.005238887834369592,0.0,1.0,1.0,-0.1298193335533142,-0.13487860560417175,0.0854724869132042,100000
1165,-1.8741507530212402,1.8741507530212402,1.0,2.5552873611450195,155.4943389892578,-44422.23828125,0.99853515625,0.5855844920175269,0.005232856798745816,0.0,1.0,1.0,-0.4108937978744507,-0.4165076017379761,0.07973494380712509,100000
1166,-0.6085395812988281,0.6085395812988281,1.0,2.6454415321350098,57.30992889404297,-92.19410705566406,1.0,0.585223660646432,0.005226832706082426,0.0,1.0,1.0,-0.11586099863052368,-0.12136964499950409,0.0825333446264267,100000
1167,-2.5996615886688232,2.5996615886688232,1.0,2.7838644981384277,209.61965942382812,-3171.328125,0.9749755859375,0.5848630516160584,0.005220815548386644,0.0,1.0,1.0,-0.31492844223976135,-0.32040154933929443,0.07895127683877945,100000
1168,-0.36386945843696594,0.36386945843696594,1.0,2.557865619659424,39.137596130371094,-55066.4609375,0.9998779296875,0.584502664789402,0.005214805317674907,0.0,1.0,1.0,-0.6422920227050781,-0.6473152041435242,0.07822857797145844,100000
1169,-5.080227375030518,5.080227375030518,1.0,2.7347021102905273,401.0761413574219,-240425.328125,0.9986572265625,0.5841425000295433,0.005208802005972827,0.0,1.0,1.0,-0.35811150074005127,-0.3634073734283447,0.08020469546318054,100000
1170,-0.6113042831420898,0.6113042831420898,1.0,2.737083911895752,56.81697463989258,-82.52760314941406,0.9998779296875,0.5837825571996464,0.005202805605315204,0.0,1.0,1.0,-0.07073570042848587,-0.0763569101691246,0.088935986161232,100000
1171,-0.463878870010376,0.463878870010376,1.0,2.5099849700927734,47.21014404296875,-534.5673217773438,0.9776611328125,0.5834228361629606,0.005196816107746011,0.0,1.0,1.0,-0.14513283967971802,-0.15061981976032257,0.08137674629688263,100000
1172,-0.45904648303985596,0.45904648303985596,1.0,2.6018242835998535,46.13046646118164,-324.3799133300781,1.0,0.5830633367828192,0.005190833505318371,0.0,1.0,1.0,-0.38176417350769043,-0.38667944073677063,0.086301788687706,100000
1173,-0.48544830083847046,0.48544830083847046,1.0,2.5164685249328613,48.821693420410156,-2628.442626953125,0.999267578125,0.5827040589226394,0.005184857790094563,0.0,1.0,1.0,-0.5449978709220886,-0.5494749546051025,0.08132652938365936,100000
1174,-1.1602883338928223,1.1602883338928223,1.0,2.6136209964752197,100.05622100830078,-311.1158447265625,1.0,0.5823450024459229,0.005178888954146,0.0,1.0,1.0,-0.4403023421764374,-0.4454349875450134,0.08141671121120453,100000
1175,-0.42166006565093994,0.42166006565093994,1.0,2.5788800716400146,43.427330017089844,-1232.57275390625,0.999755859375,0.5819861672162554,0.005172926989553224,0.0,1.0,1.0,-0.3604246973991394,-0.3653736710548401,0.08709270507097244,100000
1176,-0.48646217584609985,0.48646217584609985,1.0,2.723257303237915,47.3068962097168,-2272.050048828125,0.9993896484375,0.5816275530973066,0.0051669718884058925,0.0,1.0,1.0,-0.2129860818386078,-0.21774904429912567,0.08608801662921906,100000
1177,-0.8769773840904236,0.8769773840904236,1.0,2.6631431579589844,77.851318359375,-1021.403564453125,0.9990234375,0.5812691599528305,0.0051610236428027735,0.0,1.0,1.0,-0.1671651303768158,-0.17130254209041595,0.08342406898736954,100000
1178,-0.3318483531475067,0.3318483531475067,1.0,2.4978296756744385,37.13346862792969,-2501.038330078125,0.9991455078125,0.5809109876466645,0.005155082244851726,0.0,1.0,1.0,-0.2685982286930084,-0.27400556206703186,0.09279511868953705,100000
1179,-0.4471920430660248,0.4471920430660248,1.0,2.6220412254333496,45.06158447265625,-449.90936279296875,1.0,0.5805530360427302,0.005149147686669694,0.0,1.0,1.0,-0.32310736179351807,-0.3290064036846161,0.08539117872714996,100000
1180,-0.3770434260368347,0.3770434260368347,1.0,2.6459872722625732,39.47358703613281,-1766.3570556640625,0.98779296875,0.5801953050050335,0.005143219960382703,0.0,1.0,1.0,-0.09842244535684586,-0.10328437387943268,0.08154740929603577,100000
1181,-0.5186043977737427,0.5186043977737427,1.0,2.594292163848877,50.77622985839844,-1381.66015625,1.0,0.5798377943976633,0.005137299058125838,0.0,1.0,1.0,-0.11811370402574539,-0.12292052805423737,0.08781568706035614,100000
1182,-1.233884334564209,1.233884334564209,1.0,2.7225751876831055,104.88603210449219,-17344.771484375,0.9998779296875,0.5794805040847925,0.005131384972043237,0.0,1.0,1.0,-0.6384259462356567,-0.6429247260093689,0.08420474082231522,100000
1183,-0.41709357500076294,0.41709357500076294,1.0,2.4316306114196777,44.209835052490234,-736.1539916992188,1.0,0.5791234339306781,0.005125477694288087,0.0,1.0,1.0,-0.2615981698036194,-0.26656779646873474,0.08437441289424896,100000
1184,-2.6810319423675537,2.6810319423675537,1.0,2.6766443252563477,216.71351623535156,-20616.341796875,0.9979248046875,0.5787665837996604,0.0051195772170226014,0.0,1.0,1.0,-0.4422733783721924,-0.44767025113105774,0.0794205516576767,100000
1185,-3.6601572036743164,53546.33203125,0.96875,3.209031105041504,4124676.75,-128.5446014404297,0.999755859375,0.5784099535561634,0.0051136835324180245,0.0,1.0,1.0,-0.1563824713230133,-0.16083282232284546,0.0772714912891388,100000
1186,-0.7435286045074463,0.7435286045074463,1.0,2.5984044075012207,68.07044982910156,-37163.5546875,1.0,0.5780535430646943,0.0051077966326546044,0.0,1.0,1.0,-0.3756229877471924,-0.37984034419059753,0.08139917254447937,100000
1187,-0.7980104684829712,0.7980104684829712,1.0,2.713862895965576,71.3778076171875,-569.323486328125,0.9998779296875,0.5776973521898444,0.005101916509921598,0.0,1.0,1.0,-0.28334543108940125,-0.28808823227882385,0.08421799540519714,100000
1188,-0.7369731664657593,0.7369731664657593,1.0,2.672173023223877,66.99723815917969,-36748.5625,0.999755859375,0.5773413807962878,0.005096043156417253,0.0,1.0,1.0,-0.07053124904632568,-0.07583893835544586,0.08677638322114944,100000
1189,-1.1121307611465454,1.1121307611465454,1.0,2.452479124069214,97.58792114257812,-885.3975219726562,1.0,0.5769856287487826,0.005090176564348794,0.0,1.0,1.0,-0.48917752504348755,-0.49426257610321045,0.08097364008426666,100000
1190,-0.9181650280952454,0.9181650280952454,1.0,2.7506353855133057,80.35004425048828,-110157.390625,0.9998779296875,0.5766300959121697,0.005084316725932423,0.0,1.0,1.0,-0.3303634226322174,-0.3346095085144043,0.07775234431028366,100000
1191,-0.37218260765075684,0.37218260765075684,1.0,2.5769896507263184,39.630645751953125,-1532.1351318359375,0.9998779296875,0.5762747821513737,0.005078463633393299,0.0,1.0,1.0,-0.03558346629142761,-0.04083208367228508,0.07846377789974213,100000
1192,-0.5389559864997864,0.5389559864997864,1.0,2.6482954025268555,51.92792510986328,-22337.4140625,1.0,0.5759196873314022,0.00507261727896553,0.0,1.0,1.0,-0.6561421751976013,-0.6609183549880981,0.08727587759494781,100000
1193,-0.8621507883071899,0.8621507883071899,1.0,2.7984015941619873,75.66732788085938,-29249.587890625,0.999755859375,0.5755648113173459,0.00506677765489217,0.0,1.0,1.0,-0.2165876179933548,-0.22097095847129822,0.08075229078531265,100000
1194,-1.9420744180679321,1.9420744180679321,1.0,2.638021945953369,160.0891876220703,-3936.823974609375,0.9998779296875,0.5752101539743789,0.005060944753425195,0.0,1.0,1.0,-0.16686689853668213,-0.17190834879875183,0.08639199286699295,100000
1195,-3.5086991786956787,21378.51171875,0.96875,3.143895149230957,1646792.0,-40681.328125,0.9991455078125,0.5748557151677581,0.005055118566825507,0.0,1.0,1.0,-0.3640578091144562,-0.3694499731063843,0.08066308498382568,100000
1196,-0.7168532609939575,0.7168532609939575,1.0,2.5624358654022217,66.29271697998047,-26.056726455688477,1.0,0.5745014947628239,0.005049299087362915,0.0,1.0,1.0,-0.5102272033691406,-0.5150812268257141,0.08457045257091522,100000
1197,-0.6512923836708069,0.6512923836708069,1.0,2.5402464866638184,61.413490295410156,-141.22254943847656,0.9998779296875,0.574147492624999,0.005043486307316126,0.0,1.0,1.0,-0.3501967191696167,-0.3555881679058075,0.0833287239074707,100000
1198,-1.4228696823120117,1.4228696823120117,1.0,2.646108627319336,120.03257751464844,-2992.67578125,0.9996337890625,0.5737937086197893,0.005037680218972738,0.0,1.0,1.0,-0.3496585488319397,-0.35452646017074585,0.08301530033349991,100000
1199,-0.47946056723594666,0.47946056723594666,1.0,2.589395046234131,47.798702239990234,-3961.498291015625,1.0,0.5734401426127839,0.005031880814629226,0.0,1.0,1.0,-0.4785259962081909,-0.4836769998073578,0.08182808011770248,100000
1200,-0.9100203514099121,0.9100203514099121,1.0,2.641604423522949,80.5625228881836,-4670.4091796875,0.999755859375,0.5730867944696545,0.005026088086590933,0.0,1.0,1.0,-0.4119303524494171,-0.4168267846107483,0.08085397630929947,100000
1201,-0.7378126978874207,0.7378126978874207,1.0,2.927490234375,65.09520721435547,-66757.359375,1.0,0.5727336640561552,0.00502030202717206,0.0,1.0,1.0,-0.12965625524520874,-0.1346200704574585,0.07719302177429199,100000
1202,-2.552642345428467,2.552642345428467,1.0,2.6119792461395264,207.32180786132812,-173.02890014648438,1.0,0.5723807512381235,0.005014522628695659,0.0,1.0,1.0,-0.17525804042816162,-0.17997321486473083,0.08094601333141327,100000
1203,-0.49906423687934875,0.49906423687934875,1.0,2.7991204261779785,47.69325256347656,-1098.46435546875,0.998046875,0.572028055881479,0.0050087498834936175,0.0,1.0,1.0,-0.5755714178085327,-0.5802546739578247,0.07233239710330963,100000
1204,-1.3408887386322021,1.3408887386322021,1.0,2.642580509185791,113.7447738647461,-1073.32421875,0.9979248046875,0.5716755778522242,0.005002983783906647,0.0,1.0,1.0,-0.4332519769668579,-0.43869829177856445,0.08204808086156845,100000
1205,-272.2327575683594,272.2327575683594,1.0,2.707974433898926,20980.0234375,-3001.369384765625,1.0,0.5713233170164442,0.004997224322284285,0.0,1.0,1.0,-0.36977577209472656,-0.374611496925354,0.09017742425203323,100000
1206,-1.6201677322387695,1.6201677322387695,1.0,2.6665186882019043,135.07321166992188,-4375.1533203125,0.994140625,0.5709712732403066,0.004991471490984868,0.0,1.0,1.0,-0.18022200465202332,-0.18543624877929688,0.092200867831707,100000
1207,-1.066114902496338,1.066114902496338,1.0,2.6675992012023926,92.38624572753906,-220.85621643066406,1.0,0.5706194463900611,0.0049857252823755326,0.0,1.0,1.0,-0.09113378822803497,-0.09594698995351791,0.09097965061664581,100000
1208,-1.1482975482940674,1.1482975482940674,1.0,2.8329434394836426,97.44312286376953,-34166.5390625,1.0,0.5702678363320404,0.004979985688832205,0.0,1.0,1.0,-0.21536065638065338,-0.21976758539676666,0.0816446915268898,100000
1209,-0.5357630252838135,0.5357630252838135,1.0,2.6849193572998047,51.39985656738281,-31676.150390625,1.0,0.5699164429326591,0.004974252702739584,0.0,1.0,1.0,-0.46624326705932617,-0.4713842272758484,0.07742147892713547,100000
1210,-0.8914295434951782,0.8914295434951782,1.0,2.7892606258392334,77.99308776855469,-60680.1171875,1.0,0.5695652660584143,0.004968526316491138,0.0,1.0,1.0,-0.45790553092956543,-0.46268555521965027,0.0707830861210823,100000
1211,-0.6525347828865051,0.6525347828865051,1.0,2.622648239135742,60.87445068359375,-142.81813049316406,1.0,0.5692143055758854,0.004962806522489089,0.0,1.0,1.0,-0.30516111850738525,-0.3103315532207489,0.070246122777462,100000
1212,-102.98287963867188,102.98287963867188,1.0,2.788378953933716,7942.0986328125,-11943.6572265625,0.999755859375,0.5688635613517341,0.0049570933131444115,0.0,1.0,1.0,-0.4453794062137604,-0.4505730867385864,0.07923446595668793,100000
1213,-0.4130910038948059,0.4130910038948059,1.0,2.5030579566955566,43.351314544677734,-12939.521484375,0.9986572265625,0.5685130332527039,0.00495138668087681,0.0,1.0,1.0,-0.771767258644104,-0.7766075730323792,0.07098684459924698,100000
1214,-0.3908778429031372,0.3908778429031372,1.0,2.5461363792419434,41.30840301513672,-5061.9755859375,0.9998779296875,0.5681627211456206,0.0049456866181147195,0.0,1.0,1.0,-0.6810086965560913,-0.6854410171508789,0.08221250027418137,100000
1215,-0.3665114641189575,0.3665114641189575,1.0,2.4908900260925293,39.85702133178711,-61.87842559814453,1.0,0.5678126248973924,0.004939993117295289,0.0,1.0,1.0,-0.28558164834976196,-0.2898421287536621,0.07562027126550674,100000
1216,-0.8330872058868408,0.8330872058868408,1.0,2.869101047515869,72.88397216796875,-839.112548828125,1.0,0.567462744375009,0.004934306170864378,0.0,1.0,1.0,-0.3749219477176666,-0.37910598516464233,0.07621554285287857,100000
1217,-0.9671884179115295,0.9671884179115295,1.0,2.675320625305176,84.70646667480469,-1219.9410400390625,0.99951171875,0.5671130794455421,0.0049286257712765355,0.0,1.0,1.0,-0.413851797580719,-0.41810739040374756,0.08476392179727554,100000
1218,-1.1482665538787842,1.1482665538787842,1.0,2.7727270126342773,97.90458679199219,-29.21884536743164,0.9993896484375,0.5667636299761459,0.0049229519109950035,0.0,1.0,1.0,-0.21813085675239563,-0.22224655747413635,0.08685923367738724,100000
1219,-0.32993799448013306,0.32993799448013306,1.0,2.521604537963867,36.80317687988281,-103.97570037841797,0.9981689453125,0.566414395834056,0.004917284582491698,0.0,1.0,1.0,-0.27291131019592285,-0.27760303020477295,0.08614473044872284,100000
1220,-18.8514347076416,18.8514347076416,1.0,2.965826988220215,1460.09130859375,-583095.9375,0.9993896484375,0.5660653768865893,0.004911623778247198,0.0,1.0,1.0,-0.2710915803909302,-0.2757398188114166,0.07855755090713501,100000
1221,-0.4919494092464447,0.4919494092464447,1.0,2.5858583450317383,48.7879638671875,-12.922569274902344,1.0,0.5657165730011455,0.004905969490750745,0.0,1.0,1.0,-0.22642812132835388,-0.23087003827095032,0.08334948122501373,100000
1222,-0.5716251134872437,0.5716251134872437,1.0,2.5439834594726562,55.24794006347656,-718.1630249023438,1.0,0.5653679840452054,0.004900321712500224,0.0,1.0,1.0,-0.43806928396224976,-0.4423627257347107,0.0786186009645462,100000
1223,-15.249241828918457,15.249241828918457,1.0,2.5770678520202637,1185.609130859375,-1984.244140625,0.9998779296875,0.5650196098863315,0.004894680436002153,0.0,1.0,1.0,-0.7260054349899292,-0.7300496697425842,0.08247563242912292,100000
1224,-0.512691855430603,0.512691855430603,1.0,2.548574447631836,50.672950744628906,-2591.44580078125,0.9998779296875,0.564671450392168,0.004889045653771683,0.0,1.0,1.0,-0.5555146932601929,-0.5596856474876404,0.089929960668087,100000
1225,-2.6908035278320312,2.6908035278320312,1.0,2.84689998626709,216.15472412109375,-124.6923828125,1.0,0.5643235054304407,0.004883417358332579,0.0,1.0,1.0,-0.35801735520362854,-0.36155301332473755,0.08960487693548203,100000
1226,-164.83189392089844,164.83189392089844,1.0,2.790713310241699,12706.3076171875,-324266.84375,1.0,0.5639757748689567,0.0048777955422172085,0.0,1.0,1.0,-0.2614527940750122,-0.2657541334629059,0.08743916451931,100000
1227,-0.7403715252876282,0.7403715252876282,1.0,2.6366782188415527,67.53244018554688,-8.61938190460205,0.9990234375,0.563628258575605,0.004872180197966543,0.0,1.0,1.0,-0.6582231521606445,-0.662476122379303,0.08788999915122986,100000
1228,-0.55329430103302,0.55329430103302,1.0,2.6081724166870117,53.341468811035156,-309.94158935546875,1.0,0.5632809564183552,0.004866571318130137,0.0,1.0,1.0,0.007247887551784515,0.003763910150155425,0.08233946561813354,100000
1229,-0.35925722122192383,0.35925722122192383,1.0,2.5926451683044434,38.51441192626953,-515.2643432617188,0.9996337890625,0.562933868265259,0.004860968895266119,0.0,1.0,1.0,-0.28321170806884766,-0.28744199872016907,0.076836496591568,100000
1230,-3.605717420578003,182.58128356933594,0.96875,3.4220330715179443,14068.6787109375,-1031.6446533203125,0.9991455078125,0.5625869939844493,0.004855372921941193,0.0,1.0,1.0,-0.314338743686676,-0.3193110227584839,0.0837869867682457,100000
1231,-46.402488708496094,46.402488708496094,1.0,2.8777904510498047,3583.025390625,-6107.5009765625,1.0,0.5622403334441399,0.004849783390730611,0.0,1.0,1.0,-0.44323819875717163,-0.44793540239334106,0.08947423100471497,100000
1232,-0.4636192321777344,0.4636192321777344,1.0,2.7077958583831787,45.666404724121094,-695.3812255859375,1.0,0.5618938865126262,0.0048442002942181775,0.0,1.0,1.0,-0.48027318716049194,-0.4841800332069397,0.08006976544857025,100000
1233,-3.892498731613159,137261.78125,0.96875,3.2377536296844482,10573275.0,-68851.984375,0.95751953125,0.5615476530582845,0.004838623624996235,0.0,1.0,1.0,-0.12490478903055191,-0.12966009974479675,0.07879239320755005,100000
1234,-0.6935551762580872,0.6935551762580872,1.0,2.773301124572754,62.87377166748047,-215.35964965820312,1.0,0.5612016329495721,0.004833053375665653,0.0,1.0,1.0,-0.2638719975948334,-0.2681749165058136,0.07866477221250534,100000
1235,-0.5537128448486328,0.5537128448486328,1.0,2.741276741027832,52.3484001159668,-95748.859375,0.998779296875,0.5608558260550278,0.004827489538835816,0.0,1.0,1.0,-0.07573074102401733,-0.07996375113725662,0.08711814135313034,100000
1236,-0.7386079430580139,0.7386079430580139,1.0,2.6499991416931152,67.29397583007812,-35.668052673339844,0.9996337890625,0.560510232243271,0.004821932107124618,0.0,1.0,1.0,-0.25986194610595703,-0.26441317796707153,0.07676425576210022,100000
1237,-0.32291898131370544,0.32291898131370544,1.0,2.5311222076416016,36.189186096191406,-6.38991641998291,0.9969482421875,0.5601648513830023,0.0048163810731584565,0.0,1.0,1.0,-0.24519117176532745,-0.24989503622055054,0.07729343324899673,100000
1238,-0.41620758175849915,0.41620758175849915,1.0,2.588585615158081,42.93256378173828,-1088.675048828125,1.0,0.5598196833430029,0.004810836429572211,0.0,1.0,1.0,0.0041145142167806625,-0.0005293264985084534,0.08439211547374725,100000
1239,-0.4105651080608368,0.4105651080608368,1.0,2.505990982055664,43.13414764404297,-35.838775634765625,1.0,0.5594747279921353,0.004805298169009241,0.0,1.0,1.0,-0.43539440631866455,-0.43943068385124207,0.0805567055940628,100000
1240,-48.31959915161133,9068.3271484375,0.96875,3.974193572998047,698532.8125,-157.7736358642578,0.9986572265625,0.5591299851993423,0.004799766284121377,0.0,1.0,1.0,-0.2166258841753006,-0.22028198838233948,0.08012735843658447,100000
1241,-1.8891034126281738,1.8891034126281738,1.0,2.7762224674224854,154.9442901611328,-729.7256469726562,1.0,0.5587854548336479,0.004794240767568909,0.0,1.0,1.0,-0.09192083775997162,-0.09538021683692932,0.08612717688083649,100000
1242,-0.5039328336715698,0.5039328336715698,1.0,2.760801315307617,48.36345672607422,-798.1460571289062,0.9984130859375,0.5584411367641566,0.004788721612020572,0.0,1.0,1.0,-0.1876879632472992,-0.19245915114879608,0.0827423557639122,100000
1243,-16.75006103515625,16.75006103515625,1.0,2.7799501419067383,1299.654296875,-3667.82958984375,1.0,0.5580970308600536,0.004783208810153549,0.0,1.0,1.0,-0.1449178159236908,-0.14935259521007538,0.08669349551200867,100000
1244,-1.052224040031433,1.052224040031433,1.0,2.72890043258667,90.84403991699219,-163.7926025390625,0.9991455078125,0.5577531369906047,0.004777702354653445,0.0,1.0,1.0,-0.4803529679775238,-0.48440590500831604,0.08652893453836441,100000
1245,-3.3595998287200928,3.3595998287200928,1.0,2.692979335784912,268.8577575683594,-161.67762756347656,0.999755859375,0.5574094550251559,0.0047722022382142865,0.0,1.0,1.0,-0.44533997774124146,-0.4493527114391327,0.08859216421842575,100000
1246,-0.8232541680335999,0.8232541680335999,1.0,2.6334853172302246,73.94148254394531,-1064.244384765625,0.999755859375,0.5570659848331346,0.004766708453538517,0.0,1.0,1.0,-0.41782593727111816,-0.4215383529663086,0.09206036478281021,100000
1247,-0.49859118461608887,0.49859118461608887,1.0,2.620816707611084,49.03028869628906,-7684.3486328125,0.999755859375,0.5567227262840478,0.004761220993336975,0.0,1.0,1.0,-0.32785117626190186,-0.332144170999527,0.08894239366054535,100000
1248,-0.3398875892162323,0.3398875892162323,1.0,2.628875255584717,36.7432861328125,-152.39686584472656,1.0,0.5563796792474832,0.004755739850328892,0.0,1.0,1.0,-0.20351766049861908,-0.2078792303800583,0.08654609322547913,100000
1249,-7.552366733551025,7.552366733551025,1.0,2.7082934379577637,591.7083740234375,-545157.375,1.0,0.5560368435931091,0.004750265017241881,0.0,1.0,1.0,-0.579902708530426,-0.5837483406066895,0.09067091345787048,100000
1250,-0.40262240171432495,0.40262240171432495,1.0,2.5375397205352783,42.27930450439453,-139.62002563476562,1.0,0.5556942191906736,0.0047447964868119275,0.0,1.0,1.0,-0.3568161725997925,-0.36026397347450256,0.08906947076320648,100000
1251,-3.730801820755005,16925002.0,0.96875,4.05947208404541,1303731968.0,-12279.8994140625,0.99462890625,0.5553518059100055,0.004739334251783378,0.0,1.0,1.0,-0.22815315425395966,-0.232223778963089,0.09210972487926483,100000
1252,-1.1903038024902344,1.1903038024902344,1.0,2.859584331512451,100.4736557006836,-693.852294921875,1.0,0.5550096036210136,0.004733878304908935,0.0,1.0,1.0,-0.30840516090393066,-0.31284961104393005,0.080100879073143,100000
1253,-0.4347361922264099,0.4347361922264099,1.0,2.643603801727295,43.93601989746094,-2013.42919921875,0.998291015625,0.554667612193687,0.00472842863894964,0.0,1.0,1.0,-0.19038838148117065,-0.19466298818588257,0.07671874016523361,100000
1254,-0.7848395705223083,0.7848395705223083,1.0,2.70532488822937,70.42903137207031,-3508.079833984375,1.0,0.5543258314980947,0.0047229852466748705,0.0,1.0,1.0,-0.321600079536438,-0.32645124197006226,0.08134406059980392,100000
1255,-0.4193269610404968,0.4193269610404968,1.0,2.5354700088500977,43.582000732421875,-222.15402221679688,1.0,0.5539842614043861,0.004717548120862328,0.0,1.0,1.0,-0.1680455207824707,-0.172678142786026,0.07612385600805283,100000
1256,-0.4433421492576599,0.4433421492576599,1.0,2.5388855934143066,45.40557861328125,-25.30472183227539,0.999755859375,0.5536429017827902,0.004712117254298028,0.0,1.0,1.0,-0.4516611695289612,-0.4565575122833252,0.0760447308421135,100000
1257,-0.4623609781265259,0.4623609781265259,1.0,2.6376171112060547,46.110069274902344,-63.43830108642578,1.0,0.5533017525036162,0.004706692639776289,0.0,1.0,1.0,-0.45989957451820374,-0.46464961767196655,0.08055593073368073,100000
1258,-0.5116525888442993,0.5116525888442993,1.0,2.526811122894287,50.76054000854492,-60.743255615234375,1.0,0.5529608134372532,0.0047012742700997265,0.0,1.0,1.0,-0.40500110387802124,-0.4091565012931824,0.08803662657737732,100000
1259,-1.1467413902282715,1.1467413902282715,1.0,2.6494224071502686,98.73690795898438,-6409.916015625,1.0,0.5526200844541702,0.004695862138079244,0.0,1.0,1.0,-0.029980387538671494,-0.0346866175532341,0.08671550452709198,100000
1260,-1.2026246786117554,1.2026246786117554,1.0,2.6281981468200684,103.20509338378906,-821.2133178710938,0.969482421875,0.552279565424916,0.004690456236534015,0.0,1.0,1.0,-0.12643860280513763,-0.13062474131584167,0.08348320424556732,100000
1261,-0.8322671055793762,0.8322671055793762,1.0,2.446612596511841,76.07522583007812,-16.628246307373047,1.0,0.5519392562201187,0.004685056558291484,0.0,1.0,1.0,-0.43438053131103516,-0.4386715590953827,0.0903271958231926,100000
1262,-1.45516037940979,1.45516037940979,1.0,2.7160139083862305,121.9814453125,-259.7779846191406,1.0,0.5515991567104872,0.004679663096187355,0.0,1.0,1.0,-0.1416504830121994,-0.1461218148469925,0.08315780013799667,100000
1263,-6.742055416107178,265.7156677246094,0.96875,3.161043167114258,20474.5234375,-106778.7890625,0.9990234375,0.5512592667668091,0.0046742758430655725,0.0,1.0,1.0,-0.2397555708885193,-0.24353370070457458,0.08980797976255417,100000
1264,-0.740749716758728,0.740749716758728,1.0,2.5955452919006348,67.87841796875,-1924.8621826171875,1.0,0.5509195862599519,0.004668894791778322,0.0,1.0,1.0,-0.08176727592945099,-0.08625054359436035,0.09219828248023987,100000
1265,-0.4352930188179016,0.4352930188179016,1.0,2.5898449420928955,44.39301681518555,-29.065452575683594,0.9996337890625,0.5505801150608627,0.004663519935186024,0.0,1.0,1.0,-0.22798195481300354,-0.23153457045555115,0.08741189539432526,100000
1266,-0.7704549431800842,0.7704549431800842,1.0,2.623774766921997,69.94915771484375,-69900.3359375,0.9986572265625,0.5502408530405681,0.004658151266157308,0.0,1.0,1.0,-0.44382843375205994,-0.4480745792388916,0.07437550276517868,100000
1267,-0.46311095356941223,0.46311095356941223,1.0,2.7782840728759766,45.08428192138672,-8839.3564453125,1.0,0.5499018000701744,0.0046527887775690184,0.0,1.0,1.0,-0.12228923290967941,-0.12644146382808685,0.07842914015054703,100000
1268,-0.37787556648254395,0.37787556648254395,1.0,2.6546168327331543,39.471214294433594,-1536.336669921875,0.998779296875,0.5495629560208669,0.0046474324623062,0.0,1.0,1.0,-0.21098853647708893,-0.21495822072029114,0.0887809693813324,100000
1269,-0.4736356735229492,0.4736356735229492,1.0,2.5725340843200684,47.479888916015625,-152.172119140625,1.0,0.5492243207639106,0.004642082313262089,0.0,1.0,1.0,-0.22439005970954895,-0.22922347486019135,0.08680233359336853,100000
1270,-27.165117263793945,27.165117263793945,1.0,2.8484621047973633,2101.397216796875,-92787.5703125,1.0,0.5488858941706497,0.004636738323338098,0.0,1.0,1.0,-0.23130488395690918,-0.23605376482009888,0.0905173048377037,100000
1271,-3.6862175464630127,14803.9580078125,0.96875,5.595180511474609,1140336.0,-6129.1259765625,0.999267578125,0.5485476761125078,0.004631400485443818,0.0,1.0,1.0,-0.26829391717910767,-0.272399365901947,0.085688516497612,100000
1272,-0.6136839389801025,0.6136839389801025,1.0,2.69333553314209,57.3372688293457,-288.73870849609375,0.996337890625,0.5482096664609873,0.004626068792496999,0.0,1.0,1.0,0.1454976499080658,0.14144255220890045,0.08212265372276306,100000
1273,-4.4242262840271,4.4242262840271,1.0,2.844496726989746,349.69873046875,-22745.107421875,0.9998779296875,0.5478718650876704,0.004620743237423543,0.0,1.0,1.0,-0.475021630525589,-0.4791034460067749,0.08001642674207687,100000
1274,-0.4291357398033142,0.4291357398033142,1.0,2.561244010925293,44.13903045654297,-21.387367248535156,1.0,0.5475342718642181,0.0046154238131575,0.0,1.0,1.0,-0.5891542434692383,-0.5937306880950928,0.08265488594770432,100000
1275,-0.7980184555053711,0.7980184555053711,1.0,2.7142441272735596,71.37548828125,-588.4371948242188,0.999755859375,0.5471968866623703,0.004610110512641051,0.0,1.0,1.0,-0.31385573744773865,-0.3184668719768524,0.08499202132225037,100000
1276,-0.8916422724723816,0.8916422724723816,1.0,2.568162202835083,79.71259307861328,-191.79708862304688,1.0,0.5468597093539465,0.004604803328824501,0.0,1.0,1.0,-0.36022570729255676,-0.3642321825027466,0.08805236220359802,100000
1277,-0.8598608374595642,0.8598608374595642,1.0,2.9205470085144043,74.550048828125,-2595.83056640625,0.9967041015625,0.5465227398108444,0.004599502254666274,0.0,1.0,1.0,-0.2254766821861267,-0.229696124792099,0.0938764363527298,100000
1278,-3.623137950897217,12897.3994140625,0.96875,3.0502052307128906,993493.125,-2139.5712890625,0.99609375,0.5461859779050415,0.004594207283132899,0.0,1.0,1.0,-0.4275164306163788,-0.4311811625957489,0.094420425593853,100000
1279,-1.8471977710723877,1.8471977710723877,1.0,2.6102828979492188,152.99453735351562,-17448.900390625,1.0,0.5458494235085934,0.004588918407199001,0.0,1.0,1.0,-0.11405240744352341,-0.11783712357282639,0.08856752514839172,100000
1280,-3.410490036010742,3.410490036010742,1.0,2.95072603225708,270.7923889160156,-427.19561767578125,1.0,0.5455130764936351,0.004583635619847294,0.0,1.0,1.0,-0.3815160393714905,-0.38562285900115967,0.08876512944698334,100000
1281,-2.2218475341796875,2.2218475341796875,1.0,2.555911064147949,182.27261352539062,-874.0239868164062,1.0,0.5451769367323802,0.00457835891406857,0.0,1.0,1.0,-0.37348151206970215,-0.3771965205669403,0.081129290163517,100000
1282,-1.1781303882598877,1.1781303882598877,1.0,2.6259450912475586,101.33564758300781,-27.673542022705078,0.9998779296875,0.5448410040971209,0.004573088282861688,0.0,1.0,1.0,-0.34037989377975464,-0.3436180055141449,0.08283381164073944,100000
1283,-0.8877102136611938,0.8877102136611938,1.0,2.589132785797119,79.2481689453125,-78894.4296875,1.0,0.5445052784602281,0.00456782371923357,0.0,1.0,1.0,-0.2666644752025604,-0.27083632349967957,0.09151254594326019,100000
1284,-0.8900625705718994,0.8900625705718994,1.0,2.8784096240997314,77.20106506347656,-17065.857421875,0.997314453125,0.5441697596941516,0.004562565216199186,0.0,1.0,1.0,-0.2133367508649826,-0.2172275334596634,0.09653285890817642,100000
1285,-0.8399639129638672,0.8399639129638672,1.0,2.5758824348449707,75.6723403930664,-104.689697265625,0.9990234375,0.5438344476714198,0.00455731276678155,0.0,1.0,1.0,-0.22951939702033997,-0.23348987102508545,0.0894244983792305,100000
1286,-0.4754211902618408,0.4754211902618408,1.0,2.6495168209075928,47.02442932128906,-69391.359375,1.0,0.5434993422646391,0.004552066364011702,0.0,1.0,1.0,-0.24264611303806305,-0.24698619544506073,0.07886765897274017,100000
1287,-3.6386172771453857,150.59912109375,0.96875,3.2064085006713867,11606.7548828125,-950.7254638671875,0.99365234375,0.5431644433464953,0.004546826000928715,0.0,1.0,1.0,0.13708160817623138,0.13342243432998657,0.0820721685886383,100000
1288,-0.4460303783416748,0.4460303783416748,1.0,2.6696081161499023,44.60569763183594,-4958.9140625,0.9986572265625,0.5428297507897517,0.004541591670579665,0.0,1.0,1.0,-0.04074109345674515,-0.044414911419153214,0.08003078401088715,100000
1289,-0.7325717210769653,0.7325717210769653,1.0,2.7012484073638916,66.43423461914062,-574.067626953125,0.9986572265625,0.5424952644672506,0.0045363633660196355,0.0,1.0,1.0,-0.25261566042900085,-0.2564621865749359,0.07844815403223038,100000
1290,-0.5602226853370667,0.5602226853370667,1.0,2.609095573425293,53.86804962158203,-2266.47314453125,1.0,0.5421609842519126,0.004531141080311709,0.0,1.0,1.0,-0.5095362663269043,-0.5127972364425659,0.08769117295742035,100000
1291,-0.86799156665802,0.86799156665802,1.0,2.717285633087158,76.74208068847656,-21716.765625,1.0,0.5418269100167366,0.00452592480652695,0.0,1.0,1.0,-0.2652268409729004,-0.2686481773853302,0.08702990412712097,100000
1292,-0.5602315664291382,0.5602315664291382,1.0,2.584527015686035,54.057987213134766,-797.9638061523438,1.0,0.5414930416347992,0.0045207145377444,0.0,1.0,1.0,-0.1701766401529312,-0.17386595904827118,0.08243390917778015,100000
1293,-0.6460474729537964,0.6460474729537964,1.0,2.660997152328491,60.07933044433594,-37.853126525878906,1.0,0.5411593789792561,0.004515510267051068,0.0,1.0,1.0,-0.2979016900062561,-0.3020571172237396,0.08394911885261536,100000
1294,-1.025165319442749,1.025165319442749,1.0,2.657588481903076,89.30901336669922,-4234.63818359375,0.987060546875,0.5408259219233406,0.0045103119875419245,0.0,1.0,1.0,-0.14947596192359924,-0.154157817363739,0.08861071616411209,100000
1295,-0.4403681457042694,0.4403681457042694,1.0,2.5678043365478516,44.95372772216797,-405.4507141113281,0.994873046875,0.5404926703403642,0.004505119692319881,0.0,1.0,1.0,-0.12879204750061035,-0.13338702917099,0.09347475320100784,100000
1296,-0.45165637135505676,0.45165637135505676,1.0,2.629088878631592,45.3511848449707,-3041.106201171875,0.9930419921875,0.5401596241037165,0.004499933374495799,0.0,1.0,1.0,-0.292556494474411,-0.29627394676208496,0.08662145584821701,100000
1297,-1.0167773962020874,1.0167773962020874,1.0,2.7347328662872314,88.06865692138672,-402.0818786621094,0.97705078125,0.5398267830868653,0.004494753027188466,0.0,1.0,1.0,-0.008108250796794891,-0.012447119690477848,0.083600714802742,100000
1298,-0.3438863158226013,0.3438863158226013,1.0,2.33484148979187,39.316253662109375,-1631.4873046875,1.0,0.5394941471633559,0.004489578643524587,0.0,1.0,1.0,-0.4469926357269287,-0.45148661732673645,0.08474315702915192,100000
1299,-26.726211547851562,1849738.75,0.96875,3.4172139167785645,142485264.0,-4239.6806640625,0.9998779296875,0.5391617162068121,0.004484410216638788,0.0,1.0,1.0,-0.17063549160957336,-0.17427876591682434,0.08971142023801804,100000
1300,-0.6825992465019226,0.6825992465019226,1.0,2.535433769226074,63.86212921142578,-83.66070556640625,0.9835205078125,0.5388294900909351,0.004479247739673593,0.0,1.0,1.0,-0.040216680616140366,-0.04436992481350899,0.08343319594860077,100000
1301,-0.37414073944091797,0.37414073944091797,1.0,2.663381576538086,39.116004943847656,-3377.51611328125,1.0,0.5384974686895041,0.004474091205779421,0.0,1.0,1.0,-0.2319411337375641,-0.23693352937698364,0.08541937917470932,100000
1302,-0.34059369564056396,0.34059369564056396,1.0,2.577726364135742,37.191680908203125,-6783.3486328125,0.9998779296875,0.5381656518763762,0.004468940608114578,0.0,1.0,1.0,-0.28313422203063965,-0.2878251075744629,0.08587504923343658,100000
1303,-1.1782068014144897,1.1782068014144897,1.0,2.6054699420928955,101.49923706054688,-976.485595703125,1.0,0.5378340395254861,0.004463795939845245,0.0,1.0,1.0,-0.48862314224243164,-0.49289828538894653,0.09085468202829361,100000
1304,-3.597421646118164,1304.941162109375,0.96875,3.213155508041382,100525.609375,-125.91903686523438,0.999755859375,0.5375026315108461,0.0044586571941454675,0.0,1.0,1.0,-0.20185120403766632,-0.20625178515911102,0.08494222909212112,100000
1305,-0.3435377776622772,0.3435377776622772,1.0,2.4589741230010986,38.33320999145508,-133.3891143798828,1.0,0.5371714277065462,0.004453524364197156,0.0,1.0,1.0,-0.27150294184684753,-0.2754064202308655,0.08637817949056625,100000
1306,-5.330994606018066,5.330994606018066,1.0,2.8353447914123535,419.6175537109375,-6863.04052734375,1.0,0.5368404279867544,0.004448397443190065,0.0,1.0,1.0,-0.5188406705856323,-0.523040235042572,0.08139392733573914,100000
1307,-0.4312371015548706,0.4312371015548706,1.0,2.867096424102783,41.944923400878906,-90142.453125,0.99072265625,0.5365096322257152,0.004443276424321788,0.0,1.0,1.0,0.010064246132969856,0.005810473579913378,0.0938897356390953,100000
1308,-140.36643981933594,140.36643981933594,1.0,2.825789451599121,10821.46484375,-211665.875,1.0,0.5361790402977517,0.004438161300797751,0.0,1.0,1.0,-0.21956908702850342,-0.22378982603549957,0.08959075063467026,100000
1309,-0.8553255796432495,0.8553255796432495,1.0,2.771368980407715,75.34982299804688,-515.2100219726562,1.0,0.5358486520772637,0.004433052065831205,0.0,1.0,1.0,-0.3040896952152252,-0.3082447350025177,0.0913749486207962,100000
1310,-8.609074592590332,25396640.0,0.96875,3.376723527908325,1956301568.0,-14663.326171875,0.9959716796875,0.5355184674387289,0.004427948712643209,0.0,1.0,1.0,-0.2373368740081787,-0.24126878380775452,0.08996109664440155,100000
1311,-0.6518582105636597,0.6518582105636597,1.0,2.7509965896606445,59.83366775512695,-4904.10595703125,1.0,0.535188486256702,0.004422851234462628,0.0,1.0,1.0,-0.48628199100494385,-0.48982495069503784,0.09419680386781693,100000
1312,-1.5051257610321045,1.5051257610321045,1.0,2.808915853500366,125.11466979980469,-3509.36181640625,0.9940185546875,0.5348587084058152,0.004417759624526125,0.0,1.0,1.0,-0.22713541984558105,-0.2310754358768463,0.09544756263494492,100000
1313,-0.8652610182762146,0.8652610182762146,1.0,2.6726598739624023,76.87549591064453,-4153.6875,0.9998779296875,0.5345291337607777,0.004412673876078143,0.0,1.0,1.0,-0.4743316173553467,-0.47748348116874695,0.09973771870136261,100000
1314,-3.505767583847046,3.505767583847046,1.0,2.7131118774414062,279.9619445800781,-4095.191162109375,1.0,0.5341997621963762,0.004407593982370905,0.0,1.0,1.0,-0.4346357583999634,-0.4381360113620758,0.10409239679574966,100000
1315,-0.4836941957473755,0.4836941957473755,1.0,2.636497974395752,47.761985778808594,-175.08480834960938,0.9998779296875,0.5338705935874744,0.004402519936664405,0.0,1.0,1.0,-0.4196088910102844,-0.42359137535095215,0.10244501382112503,100000
1316,-0.3432338833808899,0.3432338833808899,1.0,2.556715726852417,37.55690002441406,-228.35336303710938,1.0,0.533541627809013,0.004397451732226392,0.0,1.0,1.0,-0.41126346588134766,-0.415150910615921,0.09468613564968109,100000
1317,-0.5971583724021912,0.5971583724021912,1.0,2.8798465728759766,54.62761688232422,-469.6705017089844,0.970458984375,0.53321286473601,0.004392389362332364,0.0,1.0,1.0,-0.2050257921218872,-0.20887501537799835,0.08604022115468979,100000
1318,-1.6670055389404297,1.6670055389404297,1.0,2.770720958709717,137.87847900390625,-3219.999755859375,0.9984130859375,0.5328843042435606,0.004387332820265567,0.0,1.0,1.0,-0.20073609054088593,-0.20486408472061157,0.0812670886516571,100000
1319,-0.45876002311706543,0.45876002311706543,1.0,2.816866636276245,44.451927185058594,-121.65153503417969,0.999755859375,0.5325559462068361,0.004382282099316973,0.0,1.0,1.0,-0.13500787317752838,-0.13918979465961456,0.08919826149940491,100000
1320,-0.3869968056678772,0.3869968056678772,1.0,2.6034960746765137,40.567604064941406,-974.5866088867188,0.999755859375,0.5322277905010856,0.00437723719278528,0.0,1.0,1.0,-0.29766860604286194,-0.3022727370262146,0.08988133072853088,100000
1321,-23.67209815979004,23.67209815979004,1.0,2.64447021484375,1833.9019775390625,-409.8379211425781,1.0,0.5318998370016347,0.004372198093976901,0.0,1.0,1.0,-0.1985144019126892,-0.202717587351799,0.08873352408409119,100000
1322,-0.563968300819397,0.563968300819397,1.0,2.5889205932617188,54.31198501586914,-142.8077850341797,1.0,0.5315720855838859,0.0043671647962059525,0.0,1.0,1.0,-0.20219959318637848,-0.2060295045375824,0.09117761999368668,100000
1323,-3.6834795475006104,47853048.0,0.96875,3.0566439628601074,3686117376.0,-30943.98828125,0.999755859375,0.5312445361233183,0.004362137292794249,0.0,1.0,1.0,0.08935944736003876,0.08516021072864532,0.07700099796056747,100000
1324,-0.5909563302993774,0.5909563302993774,1.0,2.6466739177703857,55.94599914550781,-922996.6875,1.0,0.5309171884954883,0.004357115577071295,0.0,1.0,1.0,-0.3922421932220459,-0.39629411697387695,0.08319900929927826,100000
1325,-39.34112548828125,2060502.125,0.96875,3.7233102321624756,158720352.0,-23960.322265625,0.99072265625,0.5305900425760282,0.0043520996423742735,0.0,1.0,1.0,-0.33474111557006836,-0.3381178379058838,0.08009270578622818,100000
1326,-0.3130607306957245,0.3130607306957245,1.0,2.499842643737793,35.670753479003906,-112.1440658569336,1.0,0.5302630982406472,0.004347089482048032,0.0,1.0,1.0,-0.34801703691482544,-0.35205304622650146,0.08785698562860489,100000
1327,-0.6190463304519653,0.6190463304519653,1.0,2.848015785217285,56.55883026123047,-17932.59765625,0.9990234375,0.5299363553651315,0.0043420850894450875,0.0,1.0,1.0,-0.027631718665361404,-0.03197159618139267,0.08513311296701431,100000
1328,-0.3944866955280304,0.3944866955280304,1.0,2.551352024078369,41.54621505737305,-54.95741271972656,1.0,0.5296098138253434,0.004337086457925606,0.0,1.0,1.0,-0.21088910102844238,-0.2149718850851059,0.08725828677415848,100000
1329,-0.7336934804916382,0.7336934804916382,1.0,2.6568491458892822,66.8626480102539,-574.5372314453125,0.9976806640625,0.5292834734972218,0.004332093580857396,0.0,1.0,1.0,-0.3244813084602356,-0.3289036154747009,0.08502659946680069,100000
1330,-0.5094752311706543,0.5094752311706543,1.0,2.6526002883911133,49.623863220214844,-1021.7713012695312,1.0,0.5289573342567822,0.004327106451615903,0.0,1.0,1.0,-0.1724279522895813,-0.17671069502830505,0.08002261072397232,100000
1331,-0.49977460503578186,0.49977460503578186,1.0,2.6483075618743896,48.909690856933594,-1210.7882080078125,1.0,0.5286313959801161,0.0043221250635842,0.0,1.0,1.0,-0.11872481554746628,-0.12272718548774719,0.07555578649044037,100000
1332,-0.4378279447555542,0.4378279447555542,1.0,2.6848320960998535,43.85659408569336,-350.828125,0.998779296875,0.5283056585433917,0.0043171494101529725,0.0,1.0,1.0,-0.4975447356700897,-0.5021334886550903,0.07504254579544067,100000
1333,-6.82886266708374,6.82886266708374,1.0,2.580568313598633,536.9607543945312,-727.27490234375,1.0,0.5279801218228535,0.00431217948472052,0.0,1.0,1.0,-0.22874736785888672,-0.2336191087961197,0.07489631325006485,100000
1334,-1.25355863571167,1.25355863571167,1.0,2.631592035293579,107.10238647460938,-266.9876708984375,1.0,0.5276547856948222,0.00430721528069274,0.0,1.0,1.0,-0.48279884457588196,-0.4868473410606384,0.08187900483608246,100000
1335,-3.3843994140625,3.3843994140625,1.0,2.8736424446105957,269.37640380859375,-10805.404296875,0.997802734375,0.5273296500356945,0.00430225679148312,0.0,1.0,1.0,0.06409923732280731,0.06046690791845322,0.07858562469482422,100000
1336,-1.0415194034576416,1.0415194034576416,1.0,2.6583893299102783,90.56260681152344,-1276.3897705078125,1.0,0.5270047147219435,0.0042973040105127305,0.0,1.0,1.0,-0.36517995595932007,-0.3690902590751648,0.08454299718141556,100000
1337,-685.5575561523438,69050.1484375,0.96875,3.343677282333374,5318933.5,-4711.92919921875,0.9981689453125,0.5266799796301186,0.004292356931210218,0.0,1.0,1.0,-0.18951253592967987,-0.19372080266475677,0.08847130089998245,100000
1338,-4.823805809020996,1823.5025634765625,0.96875,3.1928062438964844,140470.515625,-7890.177734375,0.999755859375,0.5263554446368448,0.00428741554701179,0.0,1.0,1.0,-0.4529472887516022,-0.45665696263313293,0.08019363880157471,100000
1339,-0.5556812286376953,0.5556812286376953,1.0,2.777639389038086,52.219932556152344,-9908.7890625,1.0,0.5260311096188233,0.004282479851361212,0.0,1.0,1.0,-0.6292253732681274,-0.6330040097236633,0.07794580608606339,100000
1340,-0.5095053315162659,0.5095053315162659,1.0,2.6070475578308105,49.977073669433594,-73.0984115600586,0.99951171875,0.5257069744528315,0.004277549837709799,0.0,1.0,1.0,-0.4724918007850647,-0.4760086238384247,0.07746454328298569,100000
1341,-1.5299816131591797,1.5299816131591797,1.0,2.7710070610046387,127.32131958007812,-839.5416259765625,1.0,0.5253830390157225,0.0042726254995164034,0.0,1.0,1.0,-0.6017058491706848,-0.604773759841919,0.08315565437078476,100000
1342,-9.44586181640625,9.44586181640625,1.0,3.0150856971740723,735.200927734375,-23997.43359375,1.0,0.5250593031844252,0.004267706830247405,0.0,1.0,1.0,-0.4688016176223755,-0.4727165102958679,0.08329248428344727,100000
1343,-0.6052225828170776,0.6052225828170776,1.0,2.4719996452331543,58.390438079833984,-402.02978515625,0.9998779296875,0.5247357668359447,0.0042627938233767105,0.0,1.0,1.0,-0.6637486219406128,-0.6673355102539062,0.08404619991779327,100000
1344,-0.5942151546478271,0.5942151546478271,1.0,2.7211551666259766,55.623294830322266,-650.854736328125,0.9998779296875,0.5244124298473616,0.004257886472385736,0.0,1.0,1.0,0.44667917490005493,0.44220125675201416,0.07947768270969391,100000
1345,-0.5365135073661804,0.5365135073661804,1.0,2.6791834831237793,51.50185012817383,-2215.84326171875,1.0,0.5240892920958321,0.004252984770763402,0.0,1.0,1.0,-0.41559258103370667,-0.4194759130477905,0.07901165634393692,100000
1346,-1.3376942873001099,1.3376942873001099,1.0,2.658608913421631,113.37525177001953,-45338.8046875,0.9991455078125,0.5237663534585886,0.0042480887120061265,0.0,1.0,1.0,-0.36009481549263,-0.36397647857666016,0.08386702090501785,100000
1347,-0.372911274433136,0.372911274433136,1.0,2.535874128341675,40.00348663330078,-295.7861022949219,0.9993896484375,0.5234436138129387,0.004243198289617812,0.0,1.0,1.0,-0.5575424432754517,-0.5618128776550293,0.07669982314109802,100000
1348,-0.6872249841690063,0.6872249841690063,1.0,2.8149547576904297,62.0652961730957,-14859.8291015625,0.998779296875,0.5231210730362656,0.00423831349710984,0.0,1.0,1.0,-0.18863314390182495,-0.19251905381679535,0.07597111910581589,100000
1349,-0.5446970462799072,0.5446970462799072,1.0,2.806319236755371,51.15290069580078,-13784.482421875,0.999755859375,0.5227987310060285,0.004233434328001063,0.0,1.0,1.0,-0.7001417279243469,-0.7033659219741821,0.07877316325902939,100000
1350,-3.561995029449463,2740519.75,0.96875,3.5104761123657227,211102096.0,-466.25347900390625,0.9991455078125,0.5224765875997616,0.0042285607758177956,0.0,1.0,1.0,-0.302925169467926,-0.3066711127758026,0.07969894260168076,100000
1351,-12.409902572631836,179.9747314453125,0.96875,4.492502212524414,13859.6484375,-4113.947265625,0.9705810546875,0.5221546426950748,0.004223692834093799,0.0,1.0,1.0,-0.4038066267967224,-0.4078541398048401,0.08301801979541779,100000
1352,-164.97703552246094,164.97703552246094,1.0,2.687105655670166,12718.2841796875,-246.89010620117188,1.0,0.5218328961696536,0.004218830496370286,0.0,1.0,1.0,-0.40620487928390503,-0.40944045782089233,0.08228413015604019,100000
1353,-1.4650132656097412,1.4650132656097412,1.0,2.6803765296936035,123.01494598388672,-21059.587890625,1.0,0.5215113479012584,0.0042139737561959,0.0,1.0,1.0,-0.4261874854564667,-0.42945462465286255,0.07363565266132355,100000
1354,-0.36579370498657227,0.36579370498657227,1.0,2.399923801422119,40.50244903564453,-4590.51513671875,1.0,0.5211899977677253,0.004209122607126714,0.0,1.0,1.0,-0.2691531777381897,-0.2727357745170593,0.07703342288732529,100000
1355,-0.39111173152923584,0.39111173152923584,1.0,2.6708498001098633,40.365753173828125,-201.16481018066406,0.9815673828125,0.5208688456469655,0.004204277042726216,0.0,1.0,1.0,-0.3960241377353668,-0.3998677134513855,0.07238858193159103,100000
1356,-12.607037544250488,12.607037544250488,1.0,2.7670750617980957,980.6166381835938,-1543.21435546875,1.0,0.5205478914169654,0.004199437056565307,0.0,1.0,1.0,-0.4777674078941345,-0.48126277327537537,0.07762584090232849,100000
1357,-30.346702575683594,30.346702575683594,1.0,2.7728939056396484,2347.057373046875,-24506.404296875,1.0,0.520227134955787,0.004194602642222287,0.0,1.0,1.0,-0.1610511988401413,-0.16496418416500092,0.07008582353591919,100000
1358,-0.5003104209899902,0.5003104209899902,1.0,2.4980287551879883,50.108551025390625,-1619.26611328125,0.9998779296875,0.5199065761415668,0.004189773793282848,0.0,1.0,1.0,-0.5599258542060852,-0.5631809234619141,0.07328462600708008,100000
1359,-0.7892910242080688,0.7892910242080688,1.0,2.769202470779419,70.27987670898438,-11891.654296875,0.999755859375,0.5195862148525168,0.004184950503340071,0.0,1.0,1.0,-0.20784114301204681,-0.21121791005134583,0.07893764972686768,100000
1360,-0.4646335244178772,0.4646335244178772,1.0,2.7543396949768066,45.38600540161133,-623.4298095703125,1.0,0.519266050966924,0.004180132765994408,0.0,1.0,1.0,-0.26000821590423584,-0.26273462176322937,0.08131267875432968,100000
1361,-0.3335135877132416,0.3335135877132416,1.0,2.6182994842529297,36.333763122558594,-8896.7421875,1.0,0.5189460843631502,0.004175320574853678,0.0,1.0,1.0,-0.3838793635368347,-0.38807016611099243,0.07563363015651703,100000
1362,-0.4747447073459625,0.4747447073459625,1.0,2.4832100868225098,48.253387451171875,-9.960179328918457,1.0,0.5186263149196324,0.004170513923533063,0.0,1.0,1.0,-0.41030699014663696,-0.4133874177932739,0.07411458343267441,100000
1363,-0.5776465535163879,0.5776465535163879,1.0,2.659595012664795,54.82121276855469,-243.52749633789062,0.998291015625,0.5183067425148824,0.004165712805655091,0.0,1.0,1.0,-0.23104462027549744,-0.2346768081188202,0.08075739443302155,100000
1364,-0.7678727507591248,0.7678727507591248,1.0,2.670914649963379,69.38713073730469,-41.52716827392578,1.0,0.5179873670274868,0.004160917214849633,0.0,1.0,1.0,-0.7052084803581238,-0.7084540128707886,0.08130620419979095,100000
1365,-0.4983939528465271,0.4983939528465271,1.0,2.612473487854004,49.079368591308594,-4815.3623046875,1.0,0.5176681883361072,0.0041561271447538945,0.0,1.0,1.0,-0.12864992022514343,-0.1327780783176422,0.07984931766986847,100000
1366,-0.5282918810844421,0.5282918810844421,1.0,2.779205799102783,50.098060607910156,-78.76388549804688,0.9990234375,0.5173492063194797,0.004151342589012405,0.0,1.0,1.0,-0.23147886991500854,-0.2347302883863449,0.07995867729187012,100000
1367,-0.47996610403060913,0.47996610403060913,1.0,2.770637035369873,46.44154357910156,-826.3186645507812,1.0,0.5170304208564153,0.004146563541277009,0.0,1.0,1.0,-0.204915389418602,-0.20838826894760132,0.08026497811079025,100000
1368,-0.6317856311798096,0.6317856311798096,1.0,2.5816147327423096,59.592227935791016,-91.38203430175781,1.0,0.5167118318257997,0.004141789995206863,0.0,1.0,1.0,-0.03868173062801361,-0.04233187437057495,0.08133372664451599,100000
1369,-1.1211169958114624,1.1211169958114624,1.0,2.7304153442382812,96.13917541503906,-14.821953773498535,1.0,0.5163934391065932,0.004137021944468419,0.0,1.0,1.0,-0.5818603038787842,-0.5854213237762451,0.09069354087114334,100000
1370,-0.4563807249069214,0.4563807249069214,1.0,2.6644158363342285,45.4429817199707,-56.73326873779297,0.994384765625,0.5160752425778304,0.004132259382735421,0.0,1.0,1.0,-0.24444282054901123,-0.24776232242584229,0.09072082489728928,100000
1371,-7.574048042297363,7.574048042297363,1.0,2.76475191116333,592.943603515625,-464.32000732421875,0.9971923828125,0.515757242118621,0.004127502303688899,0.0,1.0,1.0,-0.4327215850353241,-0.4366052746772766,0.09282145649194717,100000
1372,-500.5707702636719,500.5707702636719,1.0,2.765781879425049,38568.44921875,-16071.1181640625,1.0,0.5154394376081487,0.004122750701017154,0.0,1.0,1.0,-0.14461678266525269,-0.14812365174293518,0.08789627999067307,100000
1373,-0.4988337755203247,0.4988337755203247,1.0,2.479612350463867,50.13667297363281,-218.72352600097656,1.0,0.5151218289256719,0.004118004568415752,0.0,1.0,1.0,-0.2716299593448639,-0.27548912167549133,0.07750246673822403,100000
1374,-0.4593994617462158,0.4593994617462158,1.0,2.4848294258117676,47.058868408203125,-90.65535736083984,0.9998779296875,0.5148044159505233,0.004113263899587522,0.0,1.0,1.0,-0.0445249006152153,-0.04833504557609558,0.08030258864164352,100000
1375,-0.41165101528167725,0.41165101528167725,1.0,2.5119714736938477,43.171730041503906,-490.2021484375,1.0,0.51448719856211,0.004108528688242539,0.0,1.0,1.0,-0.1521495282649994,-0.15562254190444946,0.07884098589420319,100000
1376,-0.6675118207931519,0.6675118207931519,1.0,2.5530691146850586,62.5640983581543,-7711.62109375,1.0,0.5141701766399134,0.004103798928098116,0.0,1.0,1.0,-0.2582274079322815,-0.26178455352783203,0.0791495069861412,100000
1377,-1.746953010559082,1.746953010559082,1.0,2.9141182899475098,142.93223571777344,-27447.904296875,1.0,0.513853350063489,0.004099074612878806,0.0,1.0,1.0,-0.362676203250885,-0.3659060001373291,0.09840330481529236,100000
1378,-0.5057632327079773,0.5057632327079773,1.0,2.678844451904297,49.13576889038086,-4627.33349609375,0.9921875,0.5135367187124669,0.0040943557363163794,0.0,1.0,1.0,-0.2633463144302368,-0.2667345404624939,0.09517402946949005,100000
1379,-0.5857985019683838,0.5857985019683838,1.0,2.6872026920318604,55.23649215698242,-1777.34619140625,1.0,0.513220282466551,0.004089642292149826,0.0,1.0,1.0,-0.15088945627212524,-0.15395960211753845,0.09680608659982681,100000
1380,-0.5647351741790771,0.5647351741790771,1.0,2.5000433921813965,55.0556755065918,-2985.0693359375,1.0,0.5129040412055195,0.004084934274125342,0.0,1.0,1.0,-0.20675118267536163,-0.21034817397594452,0.0867420956492424,100000
1381,-3.531533718109131,163512.59375,0.96875,3.1852235794067383,12595374.0,-241.19644165039062,0.9788818359375,0.5125879948092246,0.004080231675996326,0.0,1.0,1.0,-0.22739633917808533,-0.2309194654226303,0.08593381196260452,100000
1382,-3.826024293899536,7303093.0,0.96875,3.270690441131592,562556736.0,-12.242525100708008,0.999755859375,0.5122721431575926,0.004075534491523363,0.0,1.0,1.0,-0.4988229274749756,-0.5015987753868103,0.08442561328411102,100000
1383,-0.496618390083313,0.496618390083313,1.0,2.6517295837402344,48.640201568603516,-13030.1689453125,1.0,0.5119564861306238,0.0040708427144742244,0.0,1.0,1.0,-0.36540424823760986,-0.36851966381073,0.07635776698589325,100000
1384,-1.797768473625183,1.797768473625183,1.0,2.747678756713867,148.12863159179688,-6431.765625,0.9998779296875,0.5116410236083925,0.004066156338623855,0.0,1.0,1.0,-0.543133556842804,-0.5465198159217834,0.07106181979179382,100000
1385,-387.5754089355469,387.5754089355469,1.0,2.791719675064087,29864.21875,-177516.75,0.9996337890625,0.5113257554710465,0.004061475357754366,0.0,1.0,1.0,-0.19178983569145203,-0.1953042894601822,0.08418118208646774,100000
1386,-4.442481994628906,203765.484375,0.96875,3.679453134536743,15696047.0,-8103.3515625,0.991943359375,0.511010681598808,0.004056799765655025,0.0,1.0,1.0,-0.2793010473251343,-0.2833925783634186,0.08030720055103302,100000
1387,-0.6381928324699402,0.6381928324699402,1.0,2.6230578422546387,59.766536712646484,-6240.48828125,0.9998779296875,0.5106958018719728,0.004052129556122254,0.0,1.0,1.0,-0.0709700733423233,-0.0746711790561676,0.07690174877643585,100000
1388,-3.5043599605560303,5181602.0,0.96875,3.1424503326416016,399138528.0,-11779.873046875,0.999755859375,0.5103811161709103,0.004047464722959613,0.0,1.0,1.0,-0.13930177688598633,-0.1425720900297165,0.07767441123723984,100000
1389,-0.3372349441051483,0.3372349441051483,1.0,2.5977225303649902,36.77892303466797,-90.77088928222656,1.0,0.5100666243760638,0.004042805259977793,0.0,1.0,1.0,-0.18502184748649597,-0.18854328989982605,0.0795356035232544,100000
1390,-1.0865137577056885,1.0865137577056885,1.0,2.6491265296936035,94.09986114501953,-41158.6328125,1.0,0.5097523263679501,0.004038151160994616,0.0,1.0,1.0,-0.054717082530260086,-0.058127205818891525,0.07486088573932648,100000
1391,-0.4315723478794098,0.4315723478794098,1.0,2.6045455932617188,43.99317169189453,-535.3150024414062,0.9998779296875,0.5094382220271598,0.004033502419835019,0.0,1.0,1.0,-0.354606032371521,-0.3583075702190399,0.07405977696180344,100000
1392,-0.3873555064201355,0.3873555064201355,1.0,2.678309202194214,40.018943786621094,-16472.07421875,1.0,0.5091243112343571,0.004028859030331043,0.0,1.0,1.0,-0.581187903881073,-0.5842143893241882,0.07403752207756042,100000
1393,-0.5335289239883423,0.5335289239883423,1.0,2.6268606185913086,51.67498779296875,-7916.90966796875,0.99951171875,0.5088105938702795,0.004024220986321838,0.0,1.0,1.0,-0.01970857009291649,-0.023704182356595993,0.07184948027133942,100000
1394,-6.687673568725586,6.687673568725586,1.0,2.6609435081481934,525.4658203125,-624.7870483398438,1.0,0.5084970698157383,0.004019588281653639,0.0,1.0,1.0,-0.13209456205368042,-0.1358620822429657,0.07483969628810883,100000
1395,-0.8933894038200378,0.8933894038200378,1.0,2.601006031036377,79.59416961669922,-11133.0791015625,0.997802734375,0.5081837389516178,0.004014960910179768,0.0,1.0,1.0,0.055669404566287994,0.05156228691339493,0.07337703555822372,100000
1396,-0.8674826622009277,0.8674826622009277,1.0,2.592632293701172,77.66307067871094,-144.31333923339844,0.990966796875,0.5078706011588763,0.004010338865760625,0.0,1.0,1.0,-0.1641424000263214,-0.16773691773414612,0.07554902136325836,100000
1397,-3.329824447631836,3.329824447631836,1.0,2.6748170852661133,266.70404052734375,-3242.229736328125,1.0,0.5075576563185449,0.004005722142263676,0.0,1.0,1.0,-0.42433831095695496,-0.42820098996162415,0.0767124593257904,100000
1398,-1.1772668361663818,1.1772668361663818,1.0,2.682551383972168,100.8331069946289,-3283578.0,1.0,0.5072449043117283,0.004001110733563446,0.0,1.0,1.0,-0.23325927555561066,-0.23729966580867767,0.08217726647853851,100000
1399,-0.61555016040802,0.61555016040802,1.0,2.768853187561035,56.899314880371094,-1258.04541015625,1.0,0.5069323450196045,0.003996504633541513,0.0,1.0,1.0,-0.14780092239379883,-0.15179681777954102,0.08030180633068085,100000
1400,-0.9321622252464294,0.9321622252464294,1.0,2.585693597793579,82.69879913330078,-880224.0,1.0,0.5066199783234244,0.003991903836086498,0.0,1.0,1.0,-0.4210650622844696,-0.4245525300502777,0.078079953789711,100000
1401,-0.39779919385910034,0.39779919385910034,1.0,2.566230058670044,41.68677520751953,-1261.9688720703125,0.999755859375,0.5063078041045125,0.003987308335094058,0.0,1.0,1.0,-0.3223596215248108,-0.3258955776691437,0.08658654987812042,100000
1402,-0.5832790732383728,0.5832790732383728,1.0,2.7936110496520996,54.22276306152344,-1372.5892333984375,0.9937744140625,0.5059958222442661,0.003982718124466877,0.0,1.0,1.0,-0.18988220393657684,-0.19308769702911377,0.08073592185974121,100000
1403,-0.5575838685035706,0.5575838685035706,1.0,2.532402515411377,54.25554656982422,-602.2446899414062,1.0,0.5056840326241557,0.003978133198114658,0.0,1.0,1.0,-0.3604089915752411,-0.36386939883232117,0.08040282130241394,100000
1404,-0.435030996799469,0.435030996799469,1.0,2.576263189315796,44.477447509765625,-346.193115234375,1.0,0.5053724351257248,0.003973553549954117,0.0,1.0,1.0,-0.5063400268554688,-0.5097057819366455,0.07759471982717514,100000
1405,-0.5458770990371704,0.5458770990371704,1.0,2.7915709018707275,51.35740661621094,-14534.1904296875,0.9991455078125,0.50506102963059,0.003968979173908969,0.0,1.0,1.0,-0.22003541886806488,-0.22326630353927612,0.08164486289024353,100000
1406,-3.4657883644104004,2118.150390625,0.96875,3.1420094966888428,163167.640625,-63073.7578125,0.999755859375,0.5047498160204407,0.0039644100639099275,0.0,1.0,1.0,0.035382967442274094,0.030893804505467415,0.07815714925527573,100000
1407,-3.039433717727661,3.039433717727661,1.0,2.763699769973755,243.65061950683594,-7461.11279296875,0.9998779296875,0.5044387941770394,0.003959846213894694,0.0,1.0,1.0,-0.2731570601463318,-0.27715080976486206,0.07744525372982025,100000
1408,-1.2261728048324585,1.2261728048324585,1.0,2.718836784362793,104.32080841064453,-9726.7490234375,0.9708251953125,0.504127963982221,0.003955287617807945,0.0,1.0,1.0,-0.31129536032676697,-0.3154125213623047,0.08010057359933853,100000
1409,-0.5551261901855469,0.5551261901855469,1.0,2.693272352218628,52.827056884765625,-608.6241455078125,0.999755859375,0.5038173253178939,0.00395073426960133,0.0,1.0,1.0,-0.30488961935043335,-0.30819132924079895,0.07930158823728561,100000
1410,-0.6380410194396973,0.6380410194396973,1.0,2.756256103515625,58.72881317138672,-612.1605834960938,0.9996337890625,0.5035068780660389,0.003946186163233463,0.0,1.0,1.0,-0.008274251595139503,-0.011673012748360634,0.08292915672063828,100000
1411,-0.6595853567123413,0.6595853567123413,1.0,2.7427566051483154,60.492366790771484,-5423.931640625,0.9742431640625,0.5031966221087092,0.003941643292669909,0.0,1.0,1.0,-0.435564786195755,-0.4385896325111389,0.08188377320766449,100000
1412,-3.6590774059295654,115.38204956054688,0.96875,3.3343563079833984,8893.0,-323.52801513671875,0.9962158203125,0.5028865573280312,0.003937105651883185,0.0,1.0,1.0,-0.237185537815094,-0.24092169106006622,0.07737351953983307,100000
1413,-1.4783234596252441,1.4783234596252441,1.0,2.809175491333008,123.04808044433594,-834.8775634765625,1.0,0.5025766836062039,0.003932573234852742,0.0,1.0,1.0,-0.37370529770851135,-0.3768523931503296,0.08044266700744629,100000
1414,-0.4985407590866089,0.4985407590866089,1.0,2.7401721477508545,48.10701370239258,-20605.44921875,0.99951171875,0.5022670008254984,0.0039280460355649634,0.0,1.0,1.0,-0.22851130366325378,-0.23209290206432343,0.08159057796001434,100000
1415,-3367.895263671875,3367.895263671875,1.0,2.6818785667419434,259438.953125,-6276.64501953125,1.0,0.501957508868259,0.003923524048013159,0.0,1.0,1.0,-0.4461831748485565,-0.44943591952323914,0.08022335916757584,100000
1416,-0.7667595148086548,0.7667595148086548,1.0,2.699930191040039,69.07787322998047,-78.65190124511719,1.0,0.5016482076169019,0.003919007266197547,0.0,1.0,1.0,-0.2322499305009842,-0.23586808145046234,0.07862062752246857,100000
1417,-0.5980561971664429,0.5980561971664429,1.0,2.7714486122131348,55.531761169433594,-3793.330810546875,0.9998779296875,0.5013390969539161,0.003914495684125257,0.0,1.0,1.0,-0.39220520853996277,-0.3954264223575592,0.08850447833538055,100000
1418,-0.6836895942687988,0.6836895942687988,1.0,2.65402889251709,63.03257751464844,-29582.638671875,0.99462890625,0.501030176761863,0.003909989295810318,0.0,1.0,1.0,-0.432312935590744,-0.4350963234901428,0.08321334421634674,100000
1419,-0.8560698628425598,0.8560698628425598,1.0,2.7793469429016113,75.34569549560547,-9839.7978515625,0.9945068359375,0.5007214469233764,0.003905488095273649,0.0,1.0,1.0,0.10974973440170288,0.10620269924402237,0.07948338985443115,100000
1420,-3.5442984104156494,2994.29052734375,0.96875,3.9671666622161865,230650.265625,-44.910865783691406,0.999267578125,0.500412907321162,0.00390099207654305,0.0,1.0,1.0,-0.15406742691993713,-0.15736892819404602,0.08148056268692017,100000
1421,-2.582061767578125,2.582061767578125,1.0,2.8786072731018066,207.53414916992188,-121.70360565185547,0.9991455078125,0.5001045578379982,0.0038965012336532007,0.0,1.0,1.0,-0.6067413091659546,-0.6097108125686646,0.07733551412820816,100000
1422,-3.710237979888916,29.760602951049805,0.96875,3.0396111011505127,2299.85546875,-39932.60546875,0.999755859375,0.4997963983567357,0.0038920155606456436,0.0,1.0,1.0,-0.2810657024383545,-0.28458070755004883,0.07961877435445786,100000
1423,-0.36537230014801025,0.36537230014801025,1.0,2.3908212184906006,40.540103912353516,-6475.06201171875,1.0,0.4994884287602971,0.003887535051568783,0.0,1.0,1.0,-0.34823858737945557,-0.35189083218574524,0.08718787133693695,100000
1424,-0.48006924986839294,0.48006924986839294,1.0,2.546010971069336,48.17977523803711,-2739.94970703125,1.0,0.49918064893167724,0.0038830597004778753,0.0,1.0,1.0,-0.05026238411664963,-0.05348004400730133,0.08638855814933777,100000
1425,-0.7481392025947571,0.7481392025947571,1.0,2.649507999420166,68.03195190429688,-41.88711929321289,1.0,0.49887305875394305,0.0038785895014350194,0.0,1.0,1.0,-0.48564398288726807,-0.4890293478965759,0.08946208655834198,100000
1426,-0.8675553202629089,0.8675553202629089,1.0,2.706240653991699,76.7935562133789,-1799.591552734375,1.0,0.4985656581102335,0.0038741244485091474,0.0,1.0,1.0,-0.24535071849822998,-0.2485043704509735,0.08109834045171738,100000
1427,-906.1024169921875,906.1024169921875,1.0,2.8322291374206543,69806.0078125,-333162.90625,1.0,0.4982584468837597,0.0038696645357760265,0.0,1.0,1.0,-0.3459489643573761,-0.3491082191467285,0.07706557214260101,100000
1428,-3.4537365436553955,32.88465118408203,0.96875,3.0121383666992188,2540.7119140625,-28.12149429321289,0.9853515625,0.4979514249578046,0.0038652097573182364,0.0,1.0,1.0,-0.3512319028377533,-0.3540111780166626,0.08087800443172455,100000
1429,-0.5494343042373657,0.5494343042373657,1.0,2.636302947998047,52.82744598388672,-6359.8564453125,0.9996337890625,0.497644592215723,0.003860760107225173,0.0,1.0,1.0,0.006732188165187836,0.003318315139040351,0.07791455835103989,100000
1430,-0.6572340726852417,0.6572340726852417,1.0,2.757709503173828,60.19606399536133,-107.37226867675781,1.0,0.4973379485409417,0.0038563155795930336,0.0,1.0,1.0,-0.13243944942951202,-0.1355741024017334,0.0779745951294899,100000
1431,-0.4571821987628937,0.4571821987628937,1.0,2.731531858444214,44.98772048950195,-8712.181640625,0.999755859375,0.4970314938169594,0.003851876168524817,0.0,1.0,1.0,-0.5391688346862793,-0.5426622629165649,0.07381682097911835,100000
1432,-0.5798747539520264,0.5798747539520264,1.0,2.6291825771331787,55.22711944580078,-519.312255859375,0.99951171875,0.49672522792734647,0.003847441868130305,0.0,1.0,1.0,-0.4008072018623352,-0.4044245183467865,0.07836148887872696,100000
1433,-0.5327572822570801,0.5327572822570801,1.0,2.6358792781829834,51.54608154296875,-3234.64990234375,1.0,0.49641915075574483,0.0038430126725260633,0.0,1.0,1.0,-0.5370527505874634,-0.540389895439148,0.0709761381149292,100000
1434,-0.41206926107406616,0.41206926107406616,1.0,2.47878360748291,43.4595947265625,-10.746097564697266,0.9996337890625,0.4961132621858686,0.003838588575835432,0.0,1.0,1.0,-0.3622359335422516,-0.364916056394577,0.07651534676551819,100000
1435,-0.5323992967605591,0.5323992967605591,1.0,2.7162070274353027,50.89973449707031,-476.85357666015625,0.9993896484375,0.4958075621015031,0.0038341695721885115,0.0,1.0,1.0,-0.6542565822601318,-0.6572102308273315,0.06914360821247101,100000
1436,-0.5759373903274536,0.5759373903274536,1.0,2.742690324783325,54.04948043823242,-5078.16455078125,0.99951171875,0.4955020503865054,0.0038297556557221643,0.0,1.0,1.0,-0.0825282484292984,-0.0857449620962143,0.07457275688648224,100000
1437,-0.2865257263183594,0.2865257263183594,1.0,2.5384392738342285,33.3294563293457,-29.933536529541016,1.0,0.49519672692480426,0.003825346820580002,0.0,1.0,1.0,-0.24553412199020386,-0.2486836016178131,0.07744625210762024,100000
1438,-0.7065837383270264,0.7065837383270264,1.0,2.7632641792297363,63.95466613769531,-498.87249755859375,1.0,0.49489159160039986,0.0038209430609123752,0.0,1.0,1.0,0.13344286382198334,0.13036422431468964,0.07872670888900757,100000
1439,-1.3251612186431885,1.3251612186431885,1.0,2.6548523902893066,112.43876647949219,-437.70379638671875,0.9979248046875,0.4945866442973637,0.0038165443708763707,0.0,1.0,1.0,0.1153142899274826,0.11193811893463135,0.07432213425636292,100000
1440,-2.9855895042419434,2.9855895042419434,1.0,2.758204936981201,239.5453338623047,-144.09561157226562,1.0,0.49428188489983904,0.003812150744635803,0.0,1.0,1.0,-0.7542139291763306,-0.7570934295654297,0.07406438887119293,100000
1441,-0.6190754175186157,0.6190754175186157,1.0,2.8463964462280273,56.57354736328125,-1057.67822265625,0.9927978515625,0.4939773132920403,0.003807762176361203,0.0,1.0,1.0,-0.16301214694976807,-0.16631722450256348,0.08077160269021988,100000
1442,-3.966439723968506,12542.77734375,0.96875,3.2302470207214355,966175.1875,-1985.36962890625,0.9996337890625,0.49367292935825324,0.003803378660229812,0.0,1.0,1.0,0.20671290159225464,0.20334762334823608,0.0817316472530365,100000
1443,-0.6225664615631104,0.6225664615631104,1.0,2.635834217071533,58.46441650390625,-103.30589294433594,0.999267578125,0.49336873298283523,0.0037990001904255784,0.0,1.0,1.0,0.09477405995130539,0.09178682416677475,0.08041121810674667,100000
1444,-9.913553237915039,9.913553237915039,1.0,2.753538131713867,773.2418212890625,-11545.4638671875,0.9986572265625,0.49306472405021445,0.0037946267611391423,0.0,1.0,1.0,-0.2905470132827759,-0.2933352291584015,0.08230029046535492,100000
1445,-0.7921581268310547,0.7921581268310547,1.0,2.5903730392456055,71.87824249267578,-11541.3857421875,0.99951171875,0.4927609024448904,0.0037902583665678307,0.0,1.0,1.0,-0.23404455184936523,-0.23712699115276337,0.08440645039081573,100000
1446,-4.0169830322265625,4.0169830322265625,1.0,2.8012642860412598,318.66180419921875,-44818.78125,1.0,0.4924572680514342,0.0037858950009156556,0.0,1.0,1.0,-0.10011254251003265,-0.10377764701843262,0.09348251670598984,100000
1447,-3.459137439727783,1962742.5,0.96875,3.572207450866699,151189936.0,-34640.1171875,0.9996337890625,0.49215382075448744,0.003781536658393298,0.0,1.0,1.0,-0.1919337511062622,-0.19472576677799225,0.08808483928442001,100000
1448,-56.58791732788086,56.58791732788086,1.0,2.569758415222168,4369.9814453125,-454.8013916015625,0.99951171875,0.4918505604387632,0.0037771833332181015,0.0,1.0,1.0,-0.2866441011428833,-0.28977730870246887,0.08828765898942947,100000
1449,-0.6119154691696167,0.6119154691696167,1.0,2.559704303741455,58.23040008544922,-1419.3214111328125,1.0,0.49154748698904555,0.0037728350196140725,0.0,1.0,1.0,-0.21108999848365784,-0.21428053081035614,0.0897248163819313,100000
1450,-0.7418280839920044,0.7418280839920044,1.0,2.693173885345459,67.2094497680664,-354.6181640625,1.0,0.49124460029018946,0.0037684917118118626,0.0,1.0,1.0,-0.24805492162704468,-0.25126346945762634,0.08467498421669006,100000
1451,-0.5228530168533325,0.5228530168533325,1.0,2.5621166229248047,51.351348876953125,-201.55784606933594,1.0,0.49094190022712086,0.0037641534040487646,0.0,1.0,1.0,-0.4347778558731079,-0.43805137276649475,0.08068761229515076,100000
1452,-2.775585651397705,2.775585651397705,1.0,2.7525792121887207,223.41207885742188,-206279.171875,1.0,0.4906393866848367,0.0037598200905687084,0.0,1.0,1.0,-0.35903435945510864,-0.36184898018836975,0.08339865505695343,100000
1453,-0.36680930852890015,0.36680930852890015,1.0,2.5590739250183105,39.35474395751953,-25.526491165161133,0.9998779296875,0.49033705954840473,0.003755491765622248,0.0,1.0,1.0,-0.36137843132019043,-0.3644643723964691,0.07004153728485107,100000
1454,-142.7788543701172,142.7788543701172,1.0,2.8770809173583984,11006.8974609375,-104107.015625,1.0,0.49003491870296345,0.003751168423466558,0.0,1.0,1.0,-0.642406702041626,-0.6457316875457764,0.0788351446390152,100000
1455,-0.4636935591697693,0.4636935591697693,1.0,2.5855612754821777,46.61370086669922,-3375.644775390625,1.0,0.48973296403372213,0.00374685005836542,0.0,1.0,1.0,-0.11401749402284622,-0.11723215132951736,0.07636938989162445,100000
1456,-1.594609260559082,1.594609260559082,1.0,2.795361280441284,132.11199951171875,-141.25401306152344,0.9998779296875,0.489431195425961,0.003742536664589226,0.0,1.0,1.0,-0.47677215933799744,-0.4794944226741791,0.08389051258563995,100000
1457,-0.4154171347618103,0.4154171347618103,1.0,2.5884182453155518,42.872962951660156,-365.21490478515625,1.0,0.4891296127650307,0.003738228236414959,0.0,1.0,1.0,-0.5062992572784424,-0.5096248984336853,0.08625246584415436,100000
1458,-0.8273433446884155,0.8273433446884155,1.0,2.762310028076172,73.26412963867188,-31239.4609375,1.0,0.4888282159363526,0.0037339247681261894,0.0,1.0,1.0,-0.21780580282211304,-0.22081464529037476,0.07837837934494019,100000
1459,-3.658935308456421,2390684.75,0.96875,4.43735933303833,184154304.0,-76635.609375,0.9793701171875,0.48852700482541883,0.003729626254013074,0.0,1.0,1.0,-0.47129857540130615,-0.47446462512016296,0.07681768387556076,100000
1460,-0.35201773047447205,0.35201773047447205,1.0,2.509411573410034,38.597900390625,-21.731996536254883,1.0,0.48822597931779194,0.003725332688372337,0.0,1.0,1.0,-0.377393513917923,-0.3806738555431366,0.07939144223928452,100000
1461,-0.5929361581802368,0.5929361581802368,1.0,2.5779366493225098,56.62798309326172,-34966.96875,1.0,0.4879251392991048,0.003721044065507271,0.0,1.0,1.0,-0.15060091018676758,-0.15394318103790283,0.08526671677827835,100000
1462,-1.9551069736480713,1.9551069736480713,1.0,2.7540597915649414,160.19924926757812,-238.1496124267578,1.0,0.48762448465506125,0.003716760379727727,0.0,1.0,1.0,-0.4743580222129822,-0.47724127769470215,0.0795828327536583,100000
1463,-0.6416610479354858,0.6416610479354858,1.0,2.6857218742370605,59.55099105834961,-156325.765625,0.9986572265625,0.48732401527143515,0.003712481625350105,0.0,1.0,1.0,-0.19398130476474762,-0.19723178446292877,0.07326996326446533,100000
1464,-0.7240954637527466,0.7240954637527466,1.0,2.6897008419036865,65.87025451660156,-913.172119140625,0.9998779296875,0.4870237310340707,0.0037082077966973494,0.0,1.0,1.0,-0.30577147006988525,-0.30853140354156494,0.07297490537166595,100000
1465,-0.316377729177475,0.316377729177475,1.0,2.46401047706604,36.20227813720703,-1249.7891845703125,1.0,0.48672363182888295,0.0037039388880989394,0.0,1.0,1.0,-0.40316805243492126,-0.4064636528491974,0.0713249146938324,100000
1466,-0.9310209155082703,0.9310209155082703,1.0,2.536497116088867,82.9898452758789,-46.46084213256836,1.0,0.48642371754185665,0.003699674893890882,0.0,1.0,1.0,-0.3182084560394287,-0.32124391198158264,0.07474181056022644,100000
1467,-1.3463084697723389,1.3463084697723389,1.0,2.711627960205078,113.63038635253906,-107.71822357177734,1.0,0.48612398805904705,0.0036954158084157042,0.0,1.0,1.0,-0.493982195854187,-0.49705544114112854,0.07515638321638107,100000
1468,-3.8659658432006836,2491960320.0,0.96875,2.981905937194824,191955566592.0,-86499.234375,0.9993896484375,0.48582444326657975,0.003691161626022448,0.0,1.0,1.0,-0.42709779739379883,-0.4304729700088501,0.0771985575556755,100000
1469,-0.7633216381072998,0.7633216381072998,1.0,2.855678081512451,67.61333465576172,-754.017578125,0.9990234375,0.48552508305065034,0.003686912341066658,0.0,1.0,1.0,-0.04373154044151306,-0.04675227776169777,0.0793742835521698,100000
1470,-1.9785135984420776,1.9785135984420776,1.0,2.953023910522461,160.46963500976562,-3498.609375,1.0,0.4852259072975245,0.003682667947910379,0.0,1.0,1.0,-0.29834890365600586,-0.3015132248401642,0.07738485932350159,100000
1471,-0.3393893837928772,0.3393893837928772,1.0,2.539616584777832,37.3924674987793,-259.6030578613281,1.0,0.4849269158935382,0.003678428440922144,0.0,1.0,1.0,-0.4475289583206177,-0.4498544931411743,0.07429637759923935,100000
1472,-0.5275866985321045,0.5275866985321045,1.0,2.6145477294921875,51.312103271484375,-339468.65625,1.0,0.48462810872509726,0.003674193814476972,0.0,1.0,1.0,-0.35470813512802124,-0.3579035699367523,0.08489076048135757,100000
1473,-1.2696802616119385,1.2696802616119385,1.0,2.6761178970336914,108.00125122070312,-193.86459350585938,1.0,0.4843294856786775,0.003669964062956354,0.0,1.0,1.0,-0.5000084638595581,-0.5030048489570618,0.08256490528583527,100000
1474,-0.6088509559631348,0.6088509559631348,1.0,2.5947554111480713,57.72434616088867,-53.069358825683594,0.9998779296875,0.4840310466408249,0.0036657391807482526,0.0,1.0,1.0,-0.16485759615898132,-0.16800165176391602,0.07842022180557251,100000
1475,-4.4082722663879395,19000.701171875,0.96875,2.875772476196289,1463631.5,-385.7082824707031,0.9998779296875,0.48373279149815507,0.0036615191622470884,0.0,1.0,1.0,-0.14100486040115356,-0.14368818700313568,0.07064953446388245,100000
1476,-0.6817362904548645,0.6817362904548645,1.0,2.586592197418213,63.401580810546875,-1037.5963134765625,1.0,0.4834347201373537,0.003657304001853736,0.0,1.0,1.0,-0.45945030450820923,-0.46249082684516907,0.07322804629802704,100000
1477,-3.771362066268921,3.771362066268921,1.0,2.65049409866333,300.90301513671875,-606.7117309570312,1.0,0.48313683244517625,0.003653093693975515,0.0,1.0,1.0,-0.49688172340393066,-0.49981310963630676,0.08398497849702835,100000
1478,-0.5261523723602295,0.5261523723602295,1.0,2.71000075340271,50.466346740722656,-38.803985595703125,1.0,0.4828391283084478,0.003648888233026186,0.0,1.0,1.0,-0.3134462535381317,-0.3158154785633087,0.08392980694770813,100000
1479,-0.4631822109222412,0.4631822109222412,1.0,2.5835752487182617,46.58961486816406,-48.71449661254883,0.9990234375,0.4825416076140634,0.003644687613425937,0.0,1.0,1.0,-0.41593414545059204,-0.418405145406723,0.07748973369598389,100000
1480,-0.9719381332397461,0.9719381332397461,1.0,2.499162435531616,86.42929077148438,-35.708213806152344,0.9998779296875,0.4822442702489876,0.003640491829601381,0.0,1.0,1.0,-0.26511380076408386,-0.2680712938308716,0.07861471176147461,100000
1481,-0.7319557666778564,0.7319557666778564,1.0,2.616971492767334,67.03598022460938,-589.4220581054688,1.0,0.48194711610025476,0.0036363008759855487,0.0,1.0,1.0,-0.35721349716186523,-0.3596436679363251,0.0743703618645668,100000
1482,-0.6215565204620361,0.6215565204620361,1.0,2.8490054607391357,56.74456787109375,-29818.0859375,0.9801025390625,0.48165014505496884,0.0036321147470178773,0.0,1.0,1.0,-0.37931346893310547,-0.38261789083480835,0.07778636366128922,100000
1483,-1.288748025894165,1.288748025894165,1.0,2.638416051864624,109.76046752929688,-6754.16259765625,0.999755859375,0.48135335700030313,0.003627933437144205,0.0,1.0,1.0,-0.37398815155029297,-0.3773825764656067,0.08450624346733093,100000
1484,-0.5449808239936829,0.5449808239936829,1.0,2.6110448837280273,52.678955078125,-32.0290641784668,1.0,0.4810567518235008,0.003623756940816767,0.0,1.0,1.0,-0.2894251346588135,-0.2924717962741852,0.0782657116651535,100000
1485,-0.7767353057861328,0.7767353057861328,1.0,2.710780620574951,69.76272583007812,-5.70489501953125,0.999755859375,0.48076032941187435,0.003619585252494182,0.0,1.0,1.0,-0.16035857796669006,-0.16389308869838715,0.07526788115501404,100000
1486,-0.4093758165836334,0.4093758165836334,1.0,2.552096366882324,42.68739318847656,-33.64434814453125,1.0,0.4804640896528054,0.0036154183666414486,0.0,1.0,1.0,-0.5767025947570801,-0.5789504051208496,0.07339909672737122,100000
1487,-4.728625297546387,4.728625297546387,1.0,2.8207292556762695,373.32965087890625,-2090.968017578125,0.99951171875,0.4801680324337456,0.00361125627772994,0.0,1.0,1.0,-0.3023318350315094,-0.3056730031967163,0.08257346600294113,100000
1488,-0.585070013999939,0.585070013999939,1.0,2.754214286804199,54.66419219970703,-1939.6163330078125,1.0,0.47987215764221547,0.0036070989802373904,0.0,1.0,1.0,-0.2520211935043335,-0.2553350031375885,0.0899093896150589,100000
1489,-0.6272444725036621,0.6272444725036621,1.0,2.7147111892700195,58.217185974121094,-5696.8740234375,0.9906005859375,0.47957646516580477,0.003602946468647892,0.0,1.0,1.0,-0.002538776956498623,-0.005843309685587883,0.08175498247146606,100000
1490,-4.3172197341918945,2596594.0,0.96875,3.1315903663635254,200015456.0,-173.30430603027344,0.9903564453125,0.47928095489217304,0.0035987987374518893,0.0,1.0,1.0,-0.05502494424581528,-0.057944510132074356,0.08599047362804413,100000
1491,-0.8094996213912964,0.8094996213912964,1.0,2.618112087249756,73.00038146972656,-26.7540283203125,1.0,0.47898562670904854,0.0035946557811461673,0.0,1.0,1.0,-0.5142821073532104,-0.5164655447006226,0.08699554949998856,100000
1492,-21.34786033630371,21.34786033630371,1.0,2.8923354148864746,1652.9569091796875,-11367.9384765625,0.998779296875,0.4786904805042289,0.003590517594233846,0.0,1.0,1.0,0.3057929277420044,0.3029421865940094,0.08753679692745209,100000
1493,-0.8894655108451843,0.8894655108451843,1.0,2.597081184387207,79.32215881347656,-56.80271530151367,1.0,0.478395516165581,0.0035863841712243756,0.0,1.0,1.0,-0.3435080647468567,-0.34626859426498413,0.08490986377000809,100000
1494,-0.5810266733169556,0.5810266733169556,1.0,2.6944074630737305,54.81342315673828,-18.911161422729492,0.9993896484375,0.47810073358104066,0.0035822555066335245,0.0,1.0,1.0,-0.06965959072113037,-0.07276319712400436,0.07971968501806259,100000
1495,-3.5241992473602295,1803.583740234375,0.96875,3.47631573677063,138934.0,-5056.2080078125,0.9593505859375,0.4778061326386127,0.003578131594983376,0.0,1.0,1.0,-0.24095578491687775,-0.2439889758825302,0.07258525490760803,100000
1496,-0.6616548895835876,0.6616548895835876,1.0,2.6704657077789307,61.20863342285156,-778441.1875,0.9998779296875,0.47751171322637126,0.00357401243080232,0.0,1.0,1.0,-0.5164912343025208,-0.519367516040802,0.07311400771141052,100000
1497,-1.0585424900054932,1.0585424900054932,1.0,2.660334587097168,91.85890197753906,-23436.48046875,0.9974365234375,0.477217475232459,0.0035698980086250453,0.0,1.0,1.0,0.15264563262462616,0.14925798773765564,0.08085960149765015,100000
1498,-0.35984426736831665,0.35984426736831665,1.0,2.4971513748168945,39.29521942138672,-158938.921875,1.0,0.4769234185450878,0.0035657883229925297,0.0,1.0,1.0,-0.32767152786254883,-0.33085814118385315,0.0784897431731224,100000
1499,-0.4277535378932953,0.4277535378932953,1.0,2.5702219009399414,43.963401794433594,-1457.447265625,0.976318359375,0.4766295430525386,0.00356168336845204,0.0,1.0,1.0,-0.3425620198249817,-0.34585142135620117,0.07290607690811157,100000
1500,-1.2391927242279053,1.2391927242279053,1.0,2.5809643268585205,106.3857650756836,-25.941246032714844,1.0,0.4763358486431606,0.0035575831395571167,0.0,1.0,1.0,-0.6661341190338135,-0.6693484783172607,0.07055798172950745,100000
1501,-0.4666425287723541,0.4666425287723541,1.0,2.524548053741455,47.31084442138672,-41.09305191040039,0.999267578125,0.4760423352053723,0.003553487630867572,0.0,1.0,1.0,-0.05423050373792648,-0.05776825547218323,0.0718720480799675,100000
1502,-1.4835920333862305,1.4835920333862305,1.0,2.8622424602508545,123.04515075683594,-214.55885314941406,1.0,0.47574900262766084,0.003549396836949478,0.0,1.0,1.0,-0.3140889108181,-0.31735342741012573,0.07033365219831467,100000
1503,-0.8570994138717651,0.8570994138717651,1.0,2.7027313709259033,76.01517486572266,-62.58815002441406,1.0,0.47545585079858194,0.0035453107523751677,0.0,1.0,1.0,-0.3871777057647705,-0.3904569745063782,0.07327637076377869,100000
1504,-0.3830660581588745,0.3830660581588745,1.0,2.5672013759613037,40.54439926147461,-92722.7890625,0.9993896484375,0.4751628796067601,0.003541229371723218,0.0,1.0,1.0,-0.3297528922557831,-0.3323926329612732,0.07787862420082092,100000
1505,-0.5205946564674377,0.5205946564674377,1.0,2.648987293243408,50.508216857910156,-164.48135375976562,1.0,0.47487008894088845,0.0035371526895784477,0.0,1.0,1.0,-0.5237666368484497,-0.526585042476654,0.07546339184045792,100000
1506,-6.129499435424805,6.129499435424805,1.0,2.6532669067382812,482.5288391113281,-1014.6958618164062,0.9998779296875,0.4745774786897287,0.003533080700531912,0.0,1.0,1.0,-0.32639577984809875,-0.3289208710193634,0.07223880290985107,100000
1507,-0.521034836769104,0.521034836769104,1.0,2.7541463375091553,49.732093811035156,-8621.73828125,1.0,0.47428504874211114,0.0035290133991808903,0.0,1.0,1.0,-0.47425270080566406,-0.47702544927597046,0.07805602997541428,100000
1508,-0.5758352875709534,0.5758352875709534,1.0,2.6489059925079346,54.76403045654297,-327.872314453125,1.0,0.4739927989869343,0.0035249507801288814,0.0,1.0,1.0,-0.608284592628479,-0.6109675765037537,0.07495534420013428,100000
1509,-0.6779477000236511,0.6779477000236511,1.0,2.685955762863159,62.34434509277344,-114052.2578125,0.999755859375,0.47370072931316565,0.0035208928379855996,0.0,1.0,1.0,-0.2210911512374878,-0.22408494353294373,0.07212387025356293,100000
1510,-0.7673320770263672,0.7673320770263672,1.0,2.576084613800049,70.07595825195312,-12943.3515625,0.999267578125,0.47340883960984065,0.0035168395673669623,0.0,1.0,1.0,-0.3415970802307129,-0.3447369635105133,0.07885615527629852,100000
1511,-0.570035457611084,0.570035457611084,1.0,2.714282989501953,53.81367111206055,-32630.46875,1.0,0.47311712976606324,0.003512790962895083,0.0,1.0,1.0,-0.44776490330696106,-0.45071205496788025,0.08081267774105072,100000
1512,-0.46902772784233093,0.46902772784233093,1.0,2.6259872913360596,46.71319580078125,-34.495338439941406,1.0,0.47282559967100596,0.0035087470191982723,0.0,1.0,1.0,-0.27989864349365234,-0.28280389308929443,0.07628455013036728,100000
1513,-2.180696964263916,2.180696964263916,1.0,2.7759804725646973,177.4075927734375,-157.00906372070312,1.0,0.47253424921390924,0.0035047077309110193,0.0,1.0,1.0,-0.4800616204738617,-0.4833008944988251,0.07611553370952606,100000
1514,-0.8263267278671265,0.8263267278671265,1.0,2.608638286590576,74.36955261230469,-14368.5859375,0.9942626953125,0.47224307828408196,0.003500673092673991,0.0,1.0,1.0,-0.04480428993701935,-0.04775623604655266,0.0673716813325882,100000
1515,-0.5117608904838562,0.5117608904838562,1.0,2.405791759490967,51.701087951660156,-251.92601013183594,0.9996337890625,0.4719520867709013,0.003496643099134026,0.0,1.0,1.0,-0.22619955241680145,-0.22933688759803772,0.07439106702804565,100000
1516,-2.0465731620788574,2.0465731620788574,1.0,2.723249912261963,167.48220825195312,-132227.125,1.0,0.4716612745638124,0.0034926177449441237,0.0,1.0,1.0,-0.16132226586341858,-0.1639261096715927,0.07645447552204132,100000
1517,-1.289074182510376,1.289074182510376,1.0,2.8794775009155273,107.9286880493164,-87379.546875,0.990966796875,0.4713706415523286,0.0034885970247634387,0.0,1.0,1.0,-0.15540650486946106,-0.15819990634918213,0.07872072607278824,100000
1518,-2.2522215843200684,2.2522215843200684,1.0,2.7685608863830566,182.97425842285156,-627.3924560546875,1.0,0.4710801876260315,0.003484580933257277,0.0,1.0,1.0,-0.07921028882265091,-0.0820111483335495,0.07955572009086609,100000
1519,-170.3974151611328,170.3974151611328,1.0,2.8174638748168945,13134.810546875,-290.5275573730469,1.0,0.4707899126745704,0.003480569465097082,0.0,1.0,1.0,-0.26356446743011475,-0.2662747800350189,0.08293971419334412,100000
1520,-0.9549232721328735,0.9549232721328735,1.0,2.626030445098877,84.14136505126953,-157.5709991455078,1.0,0.4704998165876629,0.0034765626149604336,0.0,1.0,1.0,-0.4565654993057251,-0.45965391397476196,0.0767744705080986,100000
1521,-0.6536374688148499,0.6536374688148499,1.0,2.524909496307373,61.71227264404297,-253.7506561279297,0.9984130859375,0.4702098992550943,0.003472560377531039,0.0,1.0,1.0,-0.6407216787338257,-0.6431077122688293,0.0724170058965683,100000
1522,-0.3402750790119171,0.3402750790119171,1.0,2.408801794052124,38.468360900878906,-7731.4521484375,1.0,0.4699201605667181,0.003468562747498724,0.0,1.0,1.0,-0.32038259506225586,-0.32318562269210815,0.0744929164648056,100000
1523,-1.5280323028564453,1.5280323028564453,1.0,2.803004741668701,126.9246826171875,-191941.71875,1.0,0.4696306004124554,0.0034645697195594296,0.0,1.0,1.0,-0.45439088344573975,-0.45763280987739563,0.07712431252002716,100000
1524,-613.0047607421875,613.0047607421875,1.0,2.666163444519043,47229.98828125,-5024.7041015625,0.9713134765625,0.46934121868229534,0.003460581288415201,0.0,1.0,1.0,-0.3063058853149414,-0.30851301550865173,0.08002933114767075,100000
1525,-0.40179598331451416,0.40179598331451416,1.0,2.644714117050171,41.39008331298828,-1377.036865234375,0.9998779296875,0.46905201526629464,0.0034565974487741837,0.0,1.0,1.0,-0.1798010915517807,-0.1821436733007431,0.08401163667440414,100000
1526,-0.5184900164604187,0.5184900164604187,1.0,2.6502530574798584,50.33634948730469,-1320.6385498046875,1.0,0.46876299005457805,0.0034526181953506148,0.0,1.0,1.0,-0.26090455055236816,-0.2635323107242584,0.07696802914142609,100000
1527,-4.928836345672607,4.928836345672607,1.0,2.7839109897613525,389.0355224609375,-23763.47265625,1.0,0.4684741429373376,0.0034486435228648143,0.0,1.0,1.0,-0.2096734344959259,-0.21196378767490387,0.07234512269496918,100000
1528,-1.0228021144866943,1.0228021144866943,1.0,2.8018085956573486,88.01605224609375,-594.2300415039062,0.9998779296875,0.46818547380483344,0.0034446734260431856,0.0,1.0,1.0,-0.3617987632751465,-0.36497026681900024,0.06956532597541809,100000
1529,-4.846147060394287,4.846147060394287,1.0,2.7351579666137695,383.04150390625,-34909.20703125,0.987548828125,0.4678969825473931,0.003440707899618198,0.0,1.0,1.0,-0.6450293064117432,-0.6475347280502319,0.06832093745470047,100000
1530,-2.0203042030334473,2.0203042030334473,1.0,2.7793641090393066,165.02645874023438,-323.14031982421875,0.9998779296875,0.46760866905541165,0.003436746938328385,0.0,1.0,1.0,0.09317228943109512,0.09031738340854645,0.0793774425983429,100000
1531,-1.066721796989441,1.066721796989441,1.0,2.8706302642822266,90.8690414428711,-5348.22802734375,0.998291015625,0.4673205332193518,0.003432790536918341,0.0,1.0,1.0,-0.2772026062011719,-0.28003478050231934,0.07392998784780502,100000
1532,-9.192130088806152,9.192130088806152,1.0,2.666198492050171,718.343505859375,-7254.47802734375,1.0,0.46703257492974387,0.0034288386901387075,0.0,1.0,1.0,-0.16956713795661926,-0.17222830653190613,0.07449983805418015,100000
1533,-3.6619069576263428,186.1980438232422,0.96875,3.007969617843628,14350.4658203125,-10459.8095703125,0.9991455078125,0.4667447940771852,0.0034248913927461683,0.0,1.0,1.0,-0.062174659222364426,-0.06522376835346222,0.07528876513242722,100000
1534,-0.8640327453613281,0.8640327453613281,1.0,2.665820598602295,76.83357238769531,-318.88629150390625,1.0,0.4664571905523412,0.0034209486395034468,0.0,1.0,1.0,-0.38768577575683594,-0.3904932141304016,0.07811994850635529,100000
1535,-0.5750395655632019,0.5750395655632019,1.0,2.763826370239258,53.8175048828125,-231838.765625,1.0,0.466169764245944,0.0034170104251792922,0.0,1.0,1.0,0.039256349205970764,0.036377839744091034,0.07833251357078552,100000
1536,-0.5620521903038025,0.5620521903038025,1.0,2.576931953430176,54.25672912597656,-2033.0506591796875,1.0,0.4658825150487934,0.003413076744548477,0.0,1.0,1.0,-0.017635006457567215,-0.02019323781132698,0.08113124221563339,100000
1537,-1.0410703420639038,1.0410703420639038,1.0,2.6418750286102295,90.65522003173828,-1708.697998046875,1.0,0.46559544285175647,0.00340914759239179,0.0,1.0,1.0,-0.3106551766395569,-0.3132077157497406,0.08110637962818146,100000
1538,-0.6591494679450989,0.6591494679450989,1.0,2.6378159523010254,61.26714324951172,-1973.4652099609375,1.0,0.4653085475457676,0.003405222963496028,0.0,1.0,1.0,-0.3701353073120117,-0.37302878499031067,0.08700365573167801,100000
1539,-1.0402631759643555,1.0402631759643555,1.0,2.7122044563293457,90.0512924194336,-17386.798828125,0.9881591796875,0.46502182902182804,0.003401302852653987,0.0,1.0,1.0,-0.36698824167251587,-0.36948519945144653,0.0784919410943985,100000
1540,-2.8952083587646484,2.8952083587646484,1.0,2.9132354259490967,231.38905334472656,-1293.58984375,1.0,0.4647352871710067,0.0033973872546644614,0.0,1.0,1.0,-0.2282525897026062,-0.23073045909404755,0.06820818036794662,100000
1541,-0.4591878354549408,0.4591878354549408,1.0,2.743173837661743,45.05253601074219,-163.0329132080078,0.9979248046875,0.46444892188443915,0.003393476164332231,0.0,1.0,1.0,-0.39993739128112793,-0.4026048183441162,0.07485251128673553,100000
1542,-3.7300844192504883,179260.625,0.96875,3.407472848892212,13808438.0,-68.9108657836914,0.99951171875,0.46416273305332834,0.003389569576468055,0.0,1.0,1.0,-0.18447354435920715,-0.18679066002368927,0.07184392213821411,100000
1543,-0.5567924976348877,0.5567924976348877,1.0,2.6407055854797363,53.36033248901367,-22003.978515625,0.975830078125,0.46387672056894413,0.0033856674858886706,0.0,1.0,1.0,-0.17998875677585602,-0.1825716346502304,0.07350000739097595,100000
1544,-0.46718350052833557,0.46718350052833557,1.0,2.740699052810669,45.68750762939453,-79.2000732421875,1.0,0.46359088432262346,0.0033817698874167787,0.0,1.0,1.0,-0.19511933624744415,-0.1981460303068161,0.07509133219718933,100000
1545,-7.847289085388184,7.847289085388184,1.0,2.7034389972686768,614.463623046875,-970.1536865234375,1.0,0.4633052242057701,0.0033778767758810392,0.0,1.0,1.0,-0.2732629179954529,-0.27600768208503723,0.07655742019414902,100000
1546,-1.7559881210327148,1.7559881210327148,1.0,2.793820381164551,144.5548553466797,-483.299560546875,1.0,0.46301974010985486,0.00337398814611607,0.0,1.0,1.0,-0.22105872631072998,-0.22343547642230988,0.08060537278652191,100000
1547,-0.661934494972229,0.661934494972229,1.0,2.713698387145996,60.89714813232422,-100.63473510742188,1.0,0.46273443192641545,0.0033701039929624316,0.0,1.0,1.0,-0.3970251977443695,-0.39954549074172974,0.07865254580974579,100000
1548,-0.46077072620391846,0.46077072620391846,1.0,2.4257938861846924,47.61924362182617,-895.3035888671875,1.0,0.46244929954705616,0.0033662243112666246,0.0,1.0,1.0,-0.36078083515167236,-0.3638922870159149,0.07082393765449524,100000
1549,-0.4908429980278015,0.4908429980278015,1.0,2.7983880043029785,47.06561279296875,-8402.20703125,1.0,0.46216434286344843,0.0033623490958810845,0.0,1.0,1.0,-0.2300652265548706,-0.23241032660007477,0.07273053377866745,100000
1550,-0.7297403812408447,0.7297403812408447,1.0,2.67738938331604,66.39991760253906,-2227.9658203125,1.0,0.4618795617673302,0.0033584783416641694,0.0,1.0,1.0,-0.5761159658432007,-0.5787691473960876,0.07996168732643127,100000
1551,-0.8592884540557861,0.8592884540557861,1.0,2.6685805320739746,76.44685363769531,-41.39700698852539,0.99951171875,0.4615949561505062,0.00335461204348016,0.0,1.0,1.0,-0.33580082654953003,-0.3380414843559265,0.07747431099414825,100000
1552,-0.6023106575012207,0.6023106575012207,1.0,2.756248950958252,55.9765625,-44014.2109375,0.9703369140625,0.4613105259048478,0.0033507501961992443,0.0,1.0,1.0,-0.029597392305731773,-0.032521288841962814,0.07062496989965439,100000
1553,-0.850566029548645,0.850566029548645,1.0,2.6740946769714355,75.73249816894531,-1540.578857421875,0.9998779296875,0.4610262709222931,0.003346892794697522,0.0,1.0,1.0,-0.18648159503936768,-0.1893199235200882,0.07131126523017883,100000
1554,-0.4026854634284973,0.4026854634284973,1.0,2.5172066688537598,42.4407844543457,-129.35108947753906,0.9979248046875,0.4607421910948466,0.0033430398338569873,0.0,1.0,1.0,-0.178712397813797,-0.18122614920139313,0.07859385013580322,100000
1555,-0.7516888976097107,0.7516888976097107,1.0,2.6319525241851807,68.44061279296875,-8.705839157104492,1.0,0.4604582863145796,0.003339191308565526,0.0,1.0,1.0,-0.09193839132785797,-0.09437265992164612,0.07215091586112976,100000
1556,-0.6365094780921936,0.6365094780921936,1.0,2.5888094902038574,59.90068054199219,-24.951894760131836,1.0,0.4601745564736296,0.0033353472137169133,0.0,1.0,1.0,-0.1568337231874466,-0.15925194323062897,0.07452436536550522,100000
1557,-0.9838413000106812,0.9838413000106812,1.0,2.711897373199463,85.70748901367188,-47374.26171875,0.999755859375,0.45989100146420087,0.003331507544210798,0.0,1.0,1.0,-0.32351571321487427,-0.32595211267471313,0.07689372450113297,100000
1558,-1.1974254846572876,1.1974254846572876,1.0,2.6889772415161133,102.33641052246094,-310765.84375,1.0,0.4596076211785638,0.003327672294952701,0.0,1.0,1.0,-0.15904253721237183,-0.16143988072872162,0.07697950303554535,100000
1559,-0.8726803064346313,0.8726803064346313,1.0,2.8041324615478516,76.43428039550781,-127.36040496826172,1.0,0.45932441550905545,0.0033238414608540118,0.0,1.0,1.0,-0.10854470729827881,-0.11132542788982391,0.07177883386611938,100000
1560,-4.289425849914551,143058.578125,0.96875,4.100614547729492,11019794.0,-46439.14453125,0.9942626953125,0.45904138434807906,0.0033200150368319736,0.0,1.0,1.0,-0.05361040309071541,-0.05670657381415367,0.07488451898097992,100000
1561,-1.3254458904266357,1.3254458904266357,1.0,3.0230727195739746,109.6242904663086,-4366.87939453125,1.0,0.45875852758810415,0.003316193017809683,0.0,1.0,1.0,-0.34281107783317566,-0.34586867690086365,0.07557392120361328,100000
1562,-0.5297843217849731,0.5297843217849731,1.0,2.7701797485351562,50.28255844116211,-34393.71484375,1.0,0.4584758451216666,0.0033123753987160808,0.0,1.0,1.0,-0.17264987528324127,-0.17581333220005035,0.07523059844970703,100000
1563,-0.8945157527923584,0.8945157527923584,1.0,2.681187152862549,79.06330871582031,-10075.3291015625,0.99951171875,0.4581933368413685,0.0033085621744859467,0.0,1.0,1.0,-0.43969208002090454,-0.44247347116470337,0.07384207844734192,100000
1564,-1.1299444437026978,1.1299444437026978,1.0,2.6525096893310547,97.41926574707031,-205.59678649902344,1.0,0.4579110026398779,0.003304753340059888,0.0,1.0,1.0,-0.10833726078271866,-0.11145757138729095,0.0730140432715416,100000
1565,-0.3430573642253876,0.3430573642253876,1.0,2.521528720855713,37.81434631347656,-5280.9501953125,0.999755859375,0.45762884240992935,0.003300948890384341,0.0,1.0,1.0,-0.07391776889562607,-0.07687483727931976,0.0702531635761261,100000
1566,-0.5890763401985168,0.5890763401985168,1.0,2.6108651161193848,56.07701873779297,-101.68977355957031,0.9996337890625,0.4573468560443232,0.0032971488204115574,0.0,1.0,1.0,0.1528351753950119,0.15026521682739258,0.0790850818157196,100000
1567,-101.90435028076172,3875.026611328125,0.96875,3.3577189445495605,298498.0,-604.606201171875,0.9932861328125,0.4570650434359259,0.003293353125099598,0.0,1.0,1.0,-0.263606458902359,-0.26589229702949524,0.07425424456596375,100000
1568,-2.1777844429016113,2.1777844429016113,1.0,2.744957685470581,177.42218017578125,-33650.6171875,1.0,0.4567834044776702,0.003289561799412332,0.0,1.0,1.0,-0.3583454489707947,-0.36100509762763977,0.07671182602643967,100000
1569,-8.087274551391602,4681.75146484375,0.9375,4.44089412689209,360631.65625,-8008.46630859375,0.9969482421875,0.45650193906255443,0.0032857748383194243,0.0,1.0,1.0,-0.24766650795936584,-0.25033047795295715,0.07312393188476562,100000
1570,-1.9779548645019531,1.9779548645019531,1.0,2.5278937816619873,163.7013702392578,-193.03729248046875,0.998779296875,0.456220647083643,0.003281992236796328,0.0,1.0,1.0,-0.39140474796295166,-0.39386171102523804,0.07152204215526581,100000
1571,-0.3918451964855194,0.3918451964855194,1.0,2.4704880714416504,41.96563720703125,-10603.259765625,1.0,0.4559395284340664,0.0032782139898242858,0.0,1.0,1.0,-0.21544450521469116,-0.2179879993200302,0.07370713353157043,100000
1572,-0.7428556680679321,0.7428556680679321,1.0,2.6997628211975098,67.23785400390625,-37289.4765625,1.0,0.45565858300702067,0.0032744400923903146,0.0,1.0,1.0,-0.09251458197832108,-0.0951773002743721,0.07096115499734879,100000
1573,-2.4607839584350586,2.4607839584350586,1.0,2.8005800247192383,198.79318237304688,-5745.517578125,1.0,0.45537781069576777,0.003270670539487202,0.0,1.0,1.0,-0.2734209895133972,-0.27653470635414124,0.07993059605360031,100000
1574,-1.0663046836853027,1.0663046836853027,1.0,2.7051310539245605,92.11176300048828,-24.603776931762695,1.0,0.45509721139363557,0.003266905326113502,0.0,1.0,1.0,-0.481184184551239,-0.48425811529159546,0.07125416398048401,100000
1575,-0.8092392683029175,0.8092392683029175,1.0,2.685767889022827,72.45918273925781,-89.43730163574219,0.9996337890625,0.45481678499401756,0.003263144447273525,0.0,1.0,1.0,-0.4573248028755188,-0.4593642055988312,0.07480514049530029,100000
1576,-1.167602300643921,1.167602300643921,1.0,2.602933406829834,100.70194244384766,-132.3035430908203,1.0,0.45453653139037287,0.003259387897977332,0.0,1.0,1.0,-0.2582390308380127,-0.26097938418388367,0.07820290327072144,100000
1577,-0.5487890243530273,0.5487890243530273,1.0,2.7075648307800293,52.22880554199219,-28573.255859375,1.0,0.45425645047622626,0.0032556356732407294,0.0,1.0,1.0,-0.4359988272190094,-0.4383317530155182,0.07291741669178009,100000
1578,-8.570371627807617,6365.06591796875,0.96875,3.6245601177215576,490303.59375,-26609.4296875,0.9951171875,0.45397654214516836,0.0032518877680852622,0.0,1.0,1.0,-0.07727614045143127,-0.07969845086336136,0.07678268849849701,100000
1579,-0.46343401074409485,0.46343401074409485,1.0,2.5496344566345215,46.870452880859375,-349.17572021484375,0.9954833984375,0.453696806290855,0.0032481441775382043,0.0,1.0,1.0,-0.46457409858703613,-0.46719130873680115,0.07881355285644531,100000
1580,-4.738112449645996,3110.515380859375,0.96875,3.2991278171539307,239608.25,-20593.83203125,0.967041015625,0.4534172428070078,0.0032444048966325544,0.0,1.0,1.0,-0.07788243889808655,-0.08027524501085281,0.07484190911054611,100000
1581,-10.982128143310547,10.982128143310547,1.0,2.8056352138519287,855.1527709960938,-5131.4375,0.9996337890625,0.4531378515874138,0.0032406699204070334,0.0,1.0,1.0,-0.39487317204475403,-0.39765551686286926,0.07526372373104095,100000
1582,-1.1560938358306885,1.1560938358306885,1.0,2.7765040397644043,98.4784164428711,-3887.70556640625,1.0,0.4528586325259254,0.003236939243906068,0.0,1.0,1.0,-0.5882711410522461,-0.5907887816429138,0.078868567943573,100000
1583,-0.5118228197097778,0.5118228197097778,1.0,2.740809440612793,49.125221252441406,-14053.3212890625,1.0,0.45257958551646055,0.003233212862179793,0.0,1.0,1.0,-0.2303532361984253,-0.23268987238407135,0.07901676744222641,100000
1584,-0.36855632066726685,0.36855632066726685,1.0,2.603623867034912,39.146148681640625,-15130.0341796875,0.998291015625,0.4523007104530024,0.003229490770284042,0.0,1.0,1.0,-0.42797619104385376,-0.4305586814880371,0.08008788526058197,100000
1585,-13.000937461853027,13.000937461853027,1.0,2.6917943954467773,1011.53857421875,-507.13592529296875,1.0,0.4520220072295997,0.003225772963280338,0.0,1.0,1.0,-0.11434520781040192,-0.11667675524950027,0.06982878595590591,100000
1586,-0.7824349403381348,0.7824349403381348,1.0,2.619807720184326,70.90253448486328,-33165.04296875,1.0,0.45174347574036605,0.00322205943623589,0.0,1.0,1.0,-0.15258562564849854,-0.1546563357114792,0.07324735075235367,100000
1587,-0.8893252611160278,0.8893252611160278,1.0,2.7918388843536377,77.8111343383789,-26.43564224243164,0.9998779296875,0.4514651158794808,0.0032183501842235874,0.0,1.0,1.0,-0.5624485015869141,-0.5646042823791504,0.0754990205168724,100000
1588,-0.2764684557914734,0.2764684557914734,1.0,2.323369264602661,34.21142578125,-3.0314278602600098,1.0,0.45118692754118817,0.0032146452023219902,0.0,1.0,1.0,0.008997756987810135,0.006009245291352272,0.0761832743883133,100000
1589,-4.758488178253174,326.8598937988281,0.96875,3.4403650760650635,25182.310546875,-1233.3660888671875,0.99658203125,0.4509089106197975,0.0032109444856153226,0.0,1.0,1.0,-0.3774957060813904,-0.3802850842475891,0.08292345702648163,100000
1590,-0.6147426962852478,0.6147426962852478,1.0,2.5925686359405518,58.19503402709961,-149.26844787597656,0.980712890625,0.45063106500968364,0.003207248029193472,0.0,1.0,1.0,-0.23220470547676086,-0.23464514315128326,0.08237799257040024,100000
1591,-3.686044692993164,776715.25,0.96875,3.853856086730957,59830332.0,-2436.351806640625,0.99951171875,0.4503533906052861,0.003203555828151974,0.0,1.0,1.0,-0.1831769347190857,-0.18613018095493317,0.07812711596488953,100000
1592,-11.284862518310547,11.284862518310547,1.0,2.82086181640625,878.355224609375,-325025.0625,0.97802734375,0.45007588730110965,0.0031998678775920116,0.0,1.0,1.0,-0.2821080684661865,-0.2847644090652466,0.07642099261283875,100000
1593,-1.8840502500534058,1.8840502500534058,1.0,2.5136213302612305,156.57785034179688,-400.9388122558594,0.9869384765625,0.44979855499172405,0.0031961841726204088,0.0,1.0,1.0,-0.44633546471595764,-0.44854435324668884,0.08137233555316925,100000
1594,-1.1210014820098877,1.1210014820098877,1.0,2.6920175552368164,96.42607116699219,-25.376453399658203,1.0,0.449521393571764,0.003192504708349622,0.0,1.0,1.0,-0.4785970449447632,-0.4811459481716156,0.08759797364473343,100000
1595,-0.6528792381286621,0.6528792381286621,1.0,2.7009010314941406,60.29820251464844,-1655.74462890625,0.999755859375,0.44924440293592904,0.003188829479897733,0.0,1.0,1.0,-0.30597180128097534,-0.30842965841293335,0.08655548840761185,100000
1596,-4.70324182510376,4.70324182510376,1.0,2.729304790496826,372.07855224609375,-841.2887573242188,1.0,0.4489675829789838,0.003185158482388445,0.0,1.0,1.0,-0.3246026635169983,-0.3268492817878723,0.08155631273984909,100000
1597,-3.685880661010742,4898.17919921875,0.96875,3.1609559059143066,377312.9375,-4143.89111328125,0.9847412109375,0.4486909335957577,0.003181491710951074,0.0,1.0,1.0,0.2439289689064026,0.24148105084896088,0.08015574514865875,100000
1598,-5.223464012145996,5.223464012145996,1.0,2.809512138366699,411.533447265625,-31472.400390625,1.0,0.4484144546811447,0.0031778291607205433,0.0,1.0,1.0,-0.03733336925506592,-0.039363499730825424,0.08378174155950546,100000
1599,-0.7611333131790161,0.7611333131790161,1.0,2.6174299716949463,69.27998352050781,-29.3354434967041,0.9989013671875,0.4481381461301038,0.003174170826837377,0.0,1.0,1.0,-0.16289089620113373,-0.16521643102169037,0.07391449064016342,100000
1600,-0.3760876953601837,0.3760876953601837,1.0,2.620805263519287,39.59394073486328,-17.79111671447754,1.0,0.44786200783765867,0.003170516704447694,0.0,1.0,1.0,-0.10863158851861954,-0.11082679778337479,0.07550954073667526,100000
1601,-0.6922812461853027,0.6922812461853027,1.0,2.714661121368408,63.22734451293945,-2151.604248046875,0.999755859375,0.4475860396988977,0.0031668667887032004,0.0,1.0,1.0,-0.5543633699417114,-0.5564223527908325,0.07373147457838058,100000
1602,-0.5874571800231934,0.5874571800231934,1.0,2.523345470428467,56.6264533996582,-57.055809020996094,1.0,0.44731024160897376,0.0031632210747611833,0.0,1.0,1.0,-0.26406005024909973,-0.26653188467025757,0.07705104351043701,100000
1603,-0.6846613883972168,0.6846613883972168,1.0,2.6345105171203613,63.257789611816406,-77.83599090576172,1.0,0.4470346134631046,0.0031595795577845066,0.0,1.0,1.0,-0.1307453066110611,-0.13336731493473053,0.07397021353244781,100000
1604,-3.378133773803711,3.378133773803711,1.0,2.638749599456787,270.7031555175781,-28.08336067199707,1.0,0.4467591551565722,0.0031559422329415997,0.0,1.0,1.0,-0.2930159866809845,-0.2951816916465759,0.08138921111822128,100000
1605,-0.668192982673645,0.668192982673645,1.0,2.789576530456543,60.79475021362305,-4735.705078125,1.0,0.44648386658472333,0.0031523090954064564,0.0,1.0,1.0,-0.3811640739440918,-0.3834678828716278,0.07868347316980362,100000
1606,-0.46998584270477295,0.46998584270477295,1.0,2.6602654457092285,46.522953033447266,-18073.041015625,0.9998779296875,0.44620874764296914,0.0031486801403586267,0.0,1.0,1.0,-0.34352684020996094,-0.3459921181201935,0.07653209567070007,100000
1607,-0.8477506637573242,0.8477506637573242,1.0,2.848445415496826,74.17259979248047,-10610.5791015625,0.9998779296875,0.44593379822678525,0.0031450553629832085,0.0,1.0,1.0,0.004730630666017532,0.0026949855964630842,0.07659664750099182,100000
1608,-3.456523895263672,3905.739013671875,0.96875,4.011129379272461,300858.75,-12977.71875,0.995361328125,0.44565901823171167,0.0031414347584708415,0.0,1.0,1.0,-0.46183979511260986,-0.4643842875957489,0.07229205965995789,100000
1609,-3.868055820465088,391388.90625,0.96875,3.29233980178833,30148670.0,-153.11346435546875,0.9996337890625,0.44538440755335285,0.003137818322017705,0.0,1.0,1.0,-0.5519442558288574,-0.5542442202568054,0.06990944594144821,100000
1610,-3.427393913269043,712764.5,0.96875,3.2699427604675293,54904220.0,-1440.0716552734375,0.967041015625,0.4451099660873774,0.0031342060488255075,0.0,1.0,1.0,-0.21413889527320862,-0.21641387045383453,0.07550127804279327,100000
1611,-0.5176982879638672,0.5176982879638672,1.0,2.7897372245788574,49.20092010498047,-12037.595703125,1.0,0.44483569372951837,0.0031305979341014786,0.0,1.0,1.0,-0.24511942267417908,-0.2468670904636383,0.07728378474712372,100000
1612,-0.6651097536087036,0.6651097536087036,1.0,2.654585838317871,61.59709167480469,-18.92632484436035,0.9998779296875,0.4445615903755731,0.0031269939730583698,0.0,1.0,1.0,0.07543572783470154,0.07280313223600388,0.07204025238752365,100000
1613,-3.734621286392212,43.63459396362305,0.96875,3.330289602279663,3366.329345703125,-1286.414306640625,0.99169921875,0.4442876559214029,0.00312339416091444,0.0,1.0,1.0,-0.21139904856681824,-0.21402619779109955,0.07512728869915009,100000
1614,-0.46110719442367554,0.46110719442367554,1.0,2.7348341941833496,45.264625549316406,-18648.197265625,1.0,0.4440138902629334,0.003119798492893455,0.0,1.0,1.0,0.2158241868019104,0.21361058950424194,0.07366785407066345,100000
1615,-604.4682006835938,5366.68359375,0.96875,3.306753158569336,413400.71875,-648.3326416015625,0.98779296875,0.44374029329615455,0.0031162069642246782,0.0,1.0,1.0,-0.46871182322502136,-0.4711950719356537,0.07423970103263855,100000
1616,-0.630142331123352,0.630142331123352,1.0,2.6569180488586426,58.88557815551758,-108782.421875,0.9979248046875,0.44346686491712006,0.0031126195701428657,0.0,1.0,1.0,-0.12347432225942612,-0.12566843628883362,0.07016992568969727,100000
1617,-0.35873177647590637,0.35873177647590637,1.0,2.4857659339904785,39.29722595214844,-4.560227394104004,0.999755859375,0.44319360502194777,0.003109036305888258,0.0,1.0,1.0,-0.22555989027023315,-0.22783665359020233,0.07780256122350693,100000
1618,-0.48736539483070374,0.48736539483070374,1.0,2.761293411254883,47.08347702026367,-1457.2078857421875,0.9998779296875,0.4429205135068197,0.0031054571667065768,0.0,1.0,1.0,0.08664046227931976,0.08406641334295273,0.07468168437480927,100000
1619,-1.3723928928375244,1.3723928928375244,1.0,2.8792805671691895,114.34823608398438,-792.1222534179688,1.0,0.4426475902679817,0.0031018821478490154,0.0,1.0,1.0,-0.2146887481212616,-0.2170117348432541,0.08528606593608856,100000
1620,-6.249444484710693,6.249444484710693,1.0,2.9625678062438965,489.3856506347656,-2275.635498046875,0.988037109375,0.44237483520174353,0.003098311244572235,0.0,1.0,1.0,-0.06868129968643188,-0.07079904526472092,0.08480171114206314,100000
1621,-0.5933866500854492,0.5933866500854492,1.0,2.515019655227661,57.14733123779297,-89.39546966552734,1.0,0.44210224820447913,0.003094744452138358,0.0,1.0,1.0,-0.3970370888710022,-0.39935678243637085,0.07532146573066711,100000
1622,-3.788888692855835,3.788888692855835,1.0,2.707143783569336,301.8167419433594,-154.2213134765625,1.0,0.4418298291726257,0.0030911817658149593,0.0,1.0,1.0,-0.10809972137212753,-0.11030319333076477,0.08052743971347809,100000
1623,-1.1435832977294922,1.1435832977294922,1.0,2.6763601303100586,98.28614807128906,-610.4736328125,0.9986572265625,0.44155757800268486,0.003087623180875062,0.0,1.0,1.0,-0.40671199560165405,-0.4094499349594116,0.07539606094360352,100000
1624,-3.397752523422241,3.397752523422241,1.0,2.7136828899383545,271.63714599609375,-257.8826904296875,1.0,0.4412854945912217,0.003084068692597132,0.0,1.0,1.0,-0.37704604864120483,-0.3792375922203064,0.07737378031015396,100000
1625,-0.9112064838409424,0.9112064838409424,1.0,2.751457691192627,79.80770111083984,-43.149070739746094,1.0,0.4410135788348651,0.0030805182962650715,0.0,1.0,1.0,-0.3865605592727661,-0.38893526792526245,0.07709530740976334,100000
1626,-1.983822226524353,1.983822226524353,1.0,2.650390863418579,163.2097625732422,-2368.595947265625,0.9998779296875,0.4407418306303077,0.0030769719871682082,0.0,1.0,1.0,-0.5368204116821289,-0.5389208793640137,0.07711181789636612,100000
1627,-2.1634087562561035,2.1634087562561035,1.0,2.74306058883667,176.32943725585938,-374.77398681640625,1.0,0.44047024987430555,0.0030734297606012963,0.0,1.0,1.0,-0.31003057956695557,-0.3123542070388794,0.07812050729990005,100000
1628,-0.6043586134910583,0.6043586134910583,1.0,2.586336135864258,57.443153381347656,-76.1240234375,1.0,0.4401988364636787,0.0030698916118645065,0.0,1.0,1.0,0.012781880795955658,0.010388074442744255,0.08230957388877869,100000
1629,-0.44557440280914307,0.44557440280914307,1.0,2.6740033626556396,44.53671646118164,-56.992218017578125,1.0,0.4399275902953106,0.003066357536263418,0.0,1.0,1.0,-0.2993634343147278,-0.30171123147010803,0.08632389456033707,100000
1630,-0.6021742820739746,0.6021742820739746,1.0,2.642408847808838,56.84297180175781,-1634.35498046875,1.0,0.4396565112661481,0.003062827529109014,0.0,1.0,1.0,-0.2924426794052124,-0.2949712574481964,0.08403827250003815,100000
1631,-0.7279079556465149,0.7279079556465149,1.0,2.779186248779297,65.47462463378906,-657.3276977539062,0.9989013671875,0.43938559927320164,0.0030593015857176796,0.0,1.0,1.0,-0.5303964018821716,-0.532836377620697,0.07496702671051025,100000
1632,-0.46672993898391724,0.46672993898391724,1.0,2.522799015045166,47.3310546875,-1699.5396728515625,1.0,0.4391148542135453,0.0030557797014111876,0.0,1.0,1.0,0.09774478524923325,0.09476763755083084,0.0738413855433464,100000
1633,-0.49492743611335754,0.49492743611335754,1.0,2.660189151763916,48.444786071777344,-4886.6142578125,1.0,0.43884427598431636,0.003052261871516698,0.0,1.0,1.0,-0.35234081745147705,-0.3550415635108948,0.0734553337097168,100000
1634,-3.5214624404907227,28.878801345825195,0.96875,3.400599479675293,2229.149169921875,-3190.648193359375,0.9764404296875,0.4385738644827157,0.0030487480913667505,0.0,1.0,1.0,-0.18139079213142395,-0.1835617870092392,0.07567577064037323,100000
1635,-1.0459258556365967,1.0459258556365967,1.0,2.726972818374634,90.37373352050781,-14333.763671875,1.0,0.4383036196060072,0.003045238356299257,0.0,1.0,1.0,-0.22123707830905914,-0.22356587648391724,0.08262697607278824,100000
1636,-255.90284729003906,255.90284729003906,1.0,2.721658706665039,19722.025390625,-69681.140625,0.9998779296875,0.4380335412515183,0.0030417326616574963,0.0,1.0,1.0,-0.23569168150424957,-0.23798786103725433,0.08334742486476898,100000
1637,-0.4687226712703705,0.4687226712703705,1.0,2.628896713256836,46.66728591918945,-54.61668395996094,0.9993896484375,0.4377636293166397,0.0030382310027901108,0.0,1.0,1.0,-0.14663535356521606,-0.1485660970211029,0.08176590502262115,100000
1638,-0.8471639752388,0.8471639752388,1.0,2.8571176528930664,74.06059265136719,-79308.0546875,0.9993896484375,0.4374938836988253,0.0030347333750510943,0.0,1.0,1.0,-0.13885635137557983,-0.1414175182580948,0.08139915764331818,100000
1639,-1.035907506942749,1.035907506942749,1.0,2.654327392578125,90.1615982055664,-968224.375,0.9998779296875,0.43722430429559206,0.0030312397737997892,0.0,1.0,1.0,-0.24720028042793274,-0.24943524599075317,0.07308486104011536,100000
1640,-0.893143892288208,0.893143892288208,1.0,2.5970311164855957,79.60588073730469,-39383.66796875,0.999755859375,0.4369548910045204,0.003027750194400884,0.0,1.0,1.0,-0.16235080361366272,-0.16457755863666534,0.07768464088439941,100000
1641,-0.37585678696632385,0.37585678696632385,1.0,2.7152152061462402,38.84891891479492,-451.6995544433594,0.9990234375,0.4366856437232535,0.0030242646322243987,0.0,1.0,1.0,-0.1536731719970703,-0.1558787226676941,0.0778961181640625,100000
1642,-0.752892255783081,0.752892255783081,1.0,2.5140275955200195,69.44168090820312,-39.89632797241211,0.9979248046875,0.43641656234949777,0.0030207830826456854,0.0,1.0,1.0,-0.22562098503112793,-0.2279939204454422,0.07685409486293793,100000
1643,-0.33245420455932617,0.33245420455932617,1.0,2.427304267883301,37.72339630126953,-2204.872314453125,1.0,0.43614764678102264,0.003017305541045422,0.0,1.0,1.0,-0.117757648229599,-0.1199246197938919,0.07830881327390671,100000
1644,-29.630962371826172,29.630962371826172,1.0,2.8185243606567383,2291.57177734375,-70146.0703125,1.0,0.4358788969156606,0.003013832002809601,0.0,1.0,1.0,-0.08729752153158188,-0.08981897681951523,0.07925919443368912,100000
1645,-0.7848225831985474,0.7848225831985474,1.0,2.6403095722198486,70.92852783203125,-82382.0,0.9901123046875,0.43561031265130695,0.0030103624633295266,0.0,1.0,1.0,-0.2844281494617462,-0.28645750880241394,0.08053886890411377,100000
1646,-16.480709075927734,368627.9375,0.96875,3.046955108642578,28395400.0,-167215.5625,0.9979248046875,0.4353418938859201,0.0030068969180018124,0.0,1.0,1.0,-0.18124058842658997,-0.18356359004974365,0.07150454819202423,100000
1647,-0.5695546269416809,0.5695546269416809,1.0,2.6751742362976074,54.07788848876953,-96.41769409179688,1.0,0.4350736405175211,0.0030034353622283684,0.0,1.0,1.0,-0.09301705658435822,-0.09493532031774521,0.07282793521881104,100000
1648,-1679.2838134765625,1999.1942138671875,0.96875,3.820319652557373,153999.203125,-1764.90185546875,0.9967041015625,0.4348055524441941,0.002999977791416397,0.0,1.0,1.0,-0.02177904173731804,-0.02407820150256157,0.06920958310365677,100000
1649,-197.8804473876953,197.8804473876953,1.0,2.6835107803344727,15252.8603515625,-3962.583984375,0.993408203125,0.43453762956408576,0.0029965242009783893,0.0,1.0,1.0,-0.3929325044155121,-0.39505234360694885,0.07822978496551514,100000
1650,-0.7386612296104431,0.7386612296104431,1.0,2.698765754699707,66.92243194580078,-8476.6513671875,1.0,0.4342698717754057,0.0029930745863321192,0.0,1.0,1.0,-0.1602073460817337,-0.16245080530643463,0.07585850358009338,100000
1651,-7.550198078155518,3951.063720703125,0.96875,4.0365447998046875,304349.90625,-20305.75,0.982421875,0.43400227897642624,0.0029896289429006337,0.0,1.0,1.0,-0.31851381063461304,-0.32019588351249695,0.07496027648448944,100000
1652,-0.46064555644989014,0.46064555644989014,1.0,2.621493339538574,46.10213088989258,-39246.640625,1.0,0.4337348510654824,0.0029861872661122468,0.0,1.0,1.0,-0.2855725586414337,-0.2878725528717041,0.0774226188659668,100000
1653,-0.4785677194595337,0.4785677194595337,1.0,2.828207492828369,45.890357971191406,-2350.8916015625,0.993896484375,0.4334675879409717,0.0029827495514005414,0.0,1.0,1.0,-0.3051135838031769,-0.3076689541339874,0.07260251045227051,100000
1654,-3.4509129524230957,30933578.0,0.96875,3.327256441116333,2382811648.0,-1205.0948486328125,0.9996337890625,0.4332004895013544,0.0029793157942043513,0.0,1.0,1.0,-0.014731179922819138,-0.017042797058820724,0.07341937720775604,100000
1655,-1.2546724081039429,1.2546724081039429,1.0,2.7428150177001953,106.33143615722656,-324.7828063964844,0.9862060546875,0.4329335556451534,0.0029758859899677637,0.0,1.0,1.0,-0.19876030087471008,-0.2010919153690338,0.07220505177974701,100000
1656,-0.5026329755783081,0.5026329755783081,1.0,2.6256439685821533,49.304443359375,-1740.3448486328125,0.9998779296875,0.43266678627095395,0.0029724601341401115,0.0,1.0,1.0,-0.33140283823013306,-0.33378636837005615,0.07518329471349716,100000
1657,-1.5604398250579834,1.5604398250579834,1.0,2.632444381713867,130.73486328125,-109.02334594726562,1.0,0.4324001812774038,0.002969038222175965,0.0,1.0,1.0,0.08428263664245605,0.08181437104940414,0.07433425635099411,100000
1658,-4.2243499755859375,183.17520141601562,0.96875,3.1089420318603516,14116.837890625,-300.4835510253906,0.9989013671875,0.43213374056321335,0.002965620249535126,0.0,1.0,1.0,-0.33203810453414917,-0.33435019850730896,0.07242266833782196,100000
1659,-0.6168712377548218,0.6168712377548218,1.0,2.4759910106658936,59.256996154785156,-5074.6884765625,0.99365234375,0.4318674640271552,0.002962206211682626,0.0,1.0,1.0,-0.3881465196609497,-0.3908190131187439,0.07284192740917206,100000
1660,-0.632300615310669,0.632300615310669,1.0,2.6832284927368164,58.84916687011719,-43254.6484375,0.9991455078125,0.4316013515680645,0.0029587961040887156,0.0,1.0,1.0,-0.6034159660339355,-0.6056006550788879,0.07418879121541977,100000
1661,-3.6744539737701416,445.16058349609375,0.96875,3.413133144378662,34295.2109375,-2415.64794921875,0.9991455078125,0.4313354030848385,0.0029553899222288594,0.0,1.0,1.0,-0.04726143926382065,-0.04918140172958374,0.07979700714349747,100000
1662,-7.029987812042236,7.029987812042236,1.0,2.612107276916504,552.2105102539062,-4483.142578125,1.0,0.43106961847643693,0.002951987661583732,0.0,1.0,1.0,0.08534391224384308,0.08343211561441422,0.08087329566478729,100000
1663,-0.8365548849105835,0.8365548849105835,1.0,2.5319595336914062,75.74807739257812,-2987.695556640625,0.9765625,0.4308039976418819,0.002948589317639211,0.0,1.0,1.0,-0.16147178411483765,-0.1640411615371704,0.07665371149778366,100000
1664,-0.6558664441108704,0.6558664441108704,1.0,2.7339165210723877,60.273990631103516,-1976.4046630859375,0.9998779296875,0.43053854048025736,0.002945194885886367,0.0,1.0,1.0,-0.37406349182128906,-0.37634971737861633,0.07059895247220993,100000
1665,-0.4314342737197876,0.4314342737197876,1.0,2.604971408843994,43.97925567626953,-43.227386474609375,1.0,0.43027324689070984,0.002941804361821467,0.0,1.0,1.0,-0.13283821940422058,-0.13511376082897186,0.0772104561328888,100000
1666,-0.459497332572937,0.459497332572937,1.0,2.730872392654419,45.17113494873047,-34.75612258911133,0.9996337890625,0.4300081167724478,0.002938417740945958,0.0,1.0,1.0,0.0024729082360863686,0.0004244281444698572,0.07992925494909286,100000
1667,-0.49659276008605957,0.49659276008605957,1.0,2.7992658615112305,47.50176239013672,-322.7610168457031,1.0,0.4297431500247418,0.0029350350187664674,0.0,1.0,1.0,-0.042639829218387604,-0.04493074119091034,0.07613930106163025,100000
1668,-418.71728515625,418.71728515625,1.0,2.968388557434082,32261.71875,-8171.30517578125,0.99951171875,0.42947834654692457,0.0029316561907947974,0.0,1.0,1.0,-0.2994440197944641,-0.30177703499794006,0.07702526450157166,100000
1669,-1.5387189388275146,1.5387189388275146,1.0,2.706188440322876,128.49363708496094,-1600.42431640625,1.0,0.4292137062383909,0.002928281252547914,0.0,1.0,1.0,-0.35117673873901367,-0.3533053398132324,0.06994063407182693,100000
1670,-1510.8033447265625,1510.8033447265625,1.0,2.877434730529785,116385.734375,-91526.5859375,1.0,0.4289492289985973,0.0029249101995479443,0.0,1.0,1.0,-0.30729949474334717,-0.3094359338283539,0.07220456004142761,100000
1671,-0.48244473338127136,0.48244473338127136,1.0,2.658292770385742,47.49785614013672,-18806.11328125,1.0,0.42868491472706244,0.002921543027322173,0.0,1.0,1.0,-0.38370099663734436,-0.3855290114879608,0.07381480187177658,100000
1672,-0.4549747407436371,0.4549747407436371,1.0,2.6871557235717773,45.159515380859375,-55329.0859375,1.0,0.42842076332336715,0.0029181797314030322,0.0,1.0,1.0,-0.3968033492565155,-0.39897972345352173,0.06849484145641327,100000
1673,-0.4901447892189026,0.4901447892189026,1.0,2.617543935775757,48.404876708984375,-20.58519744873047,0.9996337890625,0.4281567746871536,0.002914820307328096,0.0,1.0,1.0,-0.2897331118583679,-0.2917535603046417,0.07088442146778107,100000
1674,-0.734886646270752,0.734886646270752,1.0,2.769576072692871,66.08622741699219,-349.84637451171875,1.0,0.42789294871812616,0.002911464750640076,0.0,1.0,1.0,-0.2549498677253723,-0.2570111155509949,0.07096616178750992,100000
1675,-3.7422261238098145,366905.90625,0.96875,3.1334681510925293,28262744.0,-172278.34375,0.999755859375,0.42762928531605104,0.0029081130568868177,0.0,1.0,1.0,-0.16286545991897583,-0.165513813495636,0.06950735300779343,100000
1676,-0.7286179065704346,0.7286179065704346,1.0,2.7817673683166504,65.50944519042969,-96.65155029296875,1.0,0.42736578438075595,0.0029047652216212887,0.0,1.0,1.0,-0.32019418478012085,-0.32232406735420227,0.0767655298113823,100000
1677,-1.0416436195373535,1.0416436195373535,1.0,2.7181396484375,90.11190795898438,-10.982864379882812,1.0,0.42710244581213047,0.002901421240401577,0.0,1.0,1.0,-0.5031745433807373,-0.5052064657211304,0.06623032689094543,100000
1678,-0.886493980884552,0.886493980884552,1.0,2.767077684402466,77.78376770019531,-25.521352767944336,0.9993896484375,0.42683926951012596,0.0028980811087908863,0.0,1.0,1.0,-0.3280222415924072,-0.3300020098686218,0.07456962019205093,100000
1679,-185.64427185058594,185.64427185058594,1.0,2.743305206298828,14309.8486328125,-36552.21484375,0.9974365234375,0.42657625537475524,0.0028947448223575253,0.0,1.0,1.0,-0.2237304449081421,-0.22578589618206024,0.0763344019651413,100000
1680,-0.6011790037155151,0.6011790037155151,1.0,2.6025893688201904,57.073036193847656,-13892.01953125,0.969482421875,0.42631340330609285,0.0028914123766749034,0.0,1.0,1.0,-0.12635621428489685,-0.12869024276733398,0.07033480703830719,100000
1681,-3.903759241104126,344.5284423828125,0.96875,3.6051034927368164,26542.046875,-197.4212188720703,0.9893798828125,0.42605071320427496,0.002888083767321531,0.0,1.0,1.0,-0.039136044681072235,-0.0410180501639843,0.07072656601667404,100000
1682,-0.49756917357444763,0.49756917357444763,1.0,2.6168723106384277,48.98195266723633,-5405.9560546875,0.9986572265625,0.42578818496949916,0.0028847589898810034,0.0,1.0,1.0,-0.42163845896720886,-0.4233487844467163,0.07387494295835495,100000
1683,-1.0093333721160889,1.0093333721160889,1.0,2.587188482284546,88.63177490234375,-56.119972229003906,1.0,0.4255258185020245,0.0028814380399420025,0.0,1.0,1.0,0.03205350041389465,0.03059256635606289,0.07981983572244644,100000
1684,-0.44300568103790283,0.44300568103790283,1.0,2.7532248497009277,43.728607177734375,-1214.926513671875,1.0,0.4252636137021717,0.0028781209130982885,0.0,1.0,1.0,-0.12119653820991516,-0.12327663600444794,0.07673447579145432,100000
1685,-4.001091003417969,29.733861923217773,0.96875,3.4817378520965576,2294.3896484375,-1740.3055419921875,0.970947265625,0.4250015704703227,0.0028748076049486936,0.0,1.0,1.0,-0.15322619676589966,-0.15522614121437073,0.08505233377218246,100000
1686,-7.449357032775879,140831.53125,0.96875,4.710245132446289,10848239.0,-1696.87841796875,0.996826171875,0.42473968870692086,0.002871498111097116,0.0,1.0,1.0,-0.10574093461036682,-0.10764098167419434,0.08747269958257675,100000
1687,-24.44208335876465,2038.6041259765625,0.96875,3.786552906036377,157035.21875,-71862.46875,0.9940185546875,0.42447796831247103,0.002868192427152517,0.0,1.0,1.0,0.08010071516036987,0.07798324525356293,0.08089890331029892,100000
1688,-2.6466832160949707,2.6466832160949707,1.0,2.6638450622558594,214.16629028320312,-47.6707763671875,1.0,0.42421640918753917,0.00286489054872891,0.0,1.0,1.0,0.03517191484570503,0.03280067816376686,0.08531760424375534,100000
1689,-0.8634282350540161,0.8634282350540161,1.0,2.6076900959014893,77.23478698730469,-2635.04052734375,1.0,0.42395501123275264,0.002861592471445359,0.0,1.0,1.0,-0.2776743471622467,-0.2799200415611267,0.07932884991168976,100000
1690,-2.902475357055664,2.902475357055664,1.0,2.802271842956543,232.8035888671875,-1075.230224609375,0.999267578125,0.4236937743488,0.002858298190925972,0.0,1.0,1.0,-0.20198698341846466,-0.2038448303937912,0.08030936121940613,100000
1691,-1.4938371181488037,1.4938371181488037,1.0,2.7366557121276855,124.80172729492188,-12081.3779296875,0.9998779296875,0.4234326984364309,0.002855007702799894,0.0,1.0,1.0,-0.3039572536945343,-0.30586469173431396,0.08076469600200653,100000
1692,-280.8084716796875,280.8084716796875,1.0,2.9612436294555664,21638.658203125,-346.0792541503906,0.9998779296875,0.42317178339645634,0.0028517210027013003,0.0,1.0,1.0,-0.35444706678390503,-0.3562295436859131,0.08619852364063263,100000
1693,-0.9224488735198975,0.9224488735198975,1.0,2.9346203804016113,79.26280212402344,-3316.9892578125,1.0,0.4229110291297483,0.002848438086269395,0.0,1.0,1.0,-0.33734285831451416,-0.33930888772010803,0.08420363068580627,100000
1694,-10.151500701904297,10.151500701904297,1.0,2.8941707611083984,790.4876708984375,-62.31681823730469,1.0,0.42265043553723997,0.0028451589491483996,0.0,1.0,1.0,-0.3530852794647217,-0.3553906977176666,0.08200034499168396,100000
1695,-6.952255725860596,6.952255725860596,1.0,2.6964528560638428,545.5730590820312,-5099.46728515625,0.9979248046875,0.4223900025199253,0.0028418835869875514,0.0,1.0,1.0,-0.13206788897514343,-0.13481327891349792,0.08040013909339905,100000
1696,-3.5335755348205566,28123254.0,0.96875,3.137976884841919,2166332672.0,-326.9442138671875,0.999755859375,0.42212972997885967,0.002838611995441097,0.0,1.0,1.0,-0.1643887162208557,-0.16665713489055634,0.08344660699367523,100000
1697,-3.8462657928466797,328.14569091796875,0.96875,3.671055793762207,25279.572265625,-751.5401611328125,0.996337890625,0.42186961781515914,0.002835344170168285,0.0,1.0,1.0,-0.41624802350997925,-0.41801193356513977,0.07382418215274811,100000
1698,-0.5367239713668823,0.5367239713668823,1.0,2.7773377895355225,50.76197814941406,-604173.9375,1.0,0.4216096659300006,0.0028320801068333597,0.0,1.0,1.0,-0.32374560832977295,-0.3259730041027069,0.08410544693470001,100000
1699,-0.5014712810516357,0.5014712810516357,1.0,2.7950491905212402,47.9100341796875,-4132.87255859375,0.999755859375,0.42134987422462217,0.002828819801105559,0.0,1.0,1.0,-0.37117671966552734,-0.37287041544914246,0.07349203526973724,100000
1700,-3.578176259994507,49.970237731933594,0.96875,3.2688286304473877,3854.8369140625,-28.941211700439453,0.9951171875,0.42109024260032263,0.0028255632486591056,0.0,1.0,1.0,0.15812304615974426,0.15595220029354095,0.07854216545820236,100000
1701,-0.9291635751724243,0.9291635751724243,1.0,2.766350269317627,81.07621002197266,-422.07904052734375,1.0,0.4208307709584616,0.002822310445173202,0.0,1.0,1.0,-0.28304293751716614,-0.28533899784088135,0.08150647580623627,100000
1702,-0.5411459803581238,0.5411459803581238,1.0,2.755133867263794,51.273643493652344,-825.0233154296875,0.9981689453125,0.42057145920045935,0.002819061386332024,0.0,1.0,1.0,-0.1475902646780014,-0.1492617279291153,0.07217158377170563,100000
1703,-0.7709324955940247,0.7709324955940247,1.0,2.6971232891082764,69.42093658447266,-581.587890625,0.999755859375,0.4203123072277973,0.002815816067824718,0.0,1.0,1.0,-0.27071613073349,-0.27249759435653687,0.07684922218322754,100000
1704,-15098.767578125,15098.767578125,1.0,2.979349136352539,1163065.125,-2130930.5,1.0,0.4200533149420171,0.002812574485345391,0.0,1.0,1.0,-0.3618251085281372,-0.36378970742225647,0.07757128775119781,100000
1705,-0.5364133715629578,0.5364133715629578,1.0,2.564211368560791,52.379764556884766,-69.7225341796875,0.9998779296875,0.4197944822447212,0.002809336634593107,0.0,1.0,1.0,-0.222023606300354,-0.22439388930797577,0.07641235738992691,100000
1706,-0.4626028537750244,0.4626028537750244,1.0,2.492403984069824,47.247276306152344,-976.0149536132812,0.9998779296875,0.41953580903757304,0.0028061025112718833,0.0,1.0,1.0,-0.1348997950553894,-0.13707011938095093,0.07296028733253479,100000
1707,-0.46577149629592896,0.46577149629592896,1.0,2.6956818103790283,45.925506591796875,-4205.2705078125,0.9998779296875,0.4192772952222962,0.0028028721110906806,0.0,1.0,1.0,-0.15622785687446594,-0.15837067365646362,0.07708201557397842,100000
1708,-0.5662911534309387,0.5662911534309387,1.0,2.813890218734741,52.75797653198242,-177392.796875,1.0,0.4190189407006748,0.0027996454297634,0.0,1.0,1.0,-0.33734968304634094,-0.33929985761642456,0.07264475524425507,100000
1709,-11.5601806640625,11.5601806640625,1.0,2.7091710567474365,900.4232788085938,-13744.7490234375,0.9998779296875,0.41876074537455404,0.0027964224630088776,0.0,1.0,1.0,-0.17792309820652008,-0.17980678379535675,0.07833808660507202,100000
1710,-0.44376370310783386,0.44376370310783386,1.0,2.6991143226623535,44.20381164550781,-657.6727905273438,1.0,0.418502709145839,0.0027932032065508773,0.0,1.0,1.0,0.09734317660331726,0.09533559530973434,0.07721880078315735,100000
1711,-41.05808639526367,41.05808639526367,1.0,2.6586148738861084,3173.034912109375,-892.7398071289062,0.9967041015625,0.4182448319164954,0.0027899876561180855,0.0,1.0,1.0,-0.45428070425987244,-0.45592090487480164,0.0772169679403305,100000
1712,-4.221704006195068,4.221704006195068,1.0,2.7348670959472656,334.9429016113281,-213958.0,1.0,0.4179871135885495,0.0027867758074441064,0.0,1.0,1.0,-0.03742266073822975,-0.039883457124233246,0.07877721637487411,100000
1713,-1.5926513671875,1.5926513671875,1.0,2.690474271774292,132.7691192626953,-17.326234817504883,1.0,0.41772955406408796,0.002783567656267456,0.0,1.0,1.0,-0.4173664152622223,-0.4193239212036133,0.07879932224750519,100000
1714,-5.341091156005859,25739.173828125,0.96875,3.200791835784912,1982693.25,-7324.79296875,0.9896240234375,0.41747215324525727,0.002780363198331555,0.0,1.0,1.0,0.0033698193728923798,0.0017120500560849905,0.07798883318901062,100000
1715,-0.869215190410614,0.869215190410614,1.0,2.7993314266204834,76.20433807373047,-3531.5205078125,0.996337890625,0.41721491103426495,0.0027771624293847254,0.0,1.0,1.0,-0.3623045086860657,-0.364260733127594,0.0755971223115921,100000
1716,-1.5967062711715698,1.5967062711715698,1.0,2.7082319259643555,132.94467163085938,-891.545654296875,1.0,0.4169578273333782,0.002773965345180183,0.0,1.0,1.0,-0.43698298931121826,-0.4390588700771332,0.0711466372013092,100000
1717,-0.7102994322776794,0.7102994322776794,1.0,2.624039649963379,65.31333923339844,-555.56640625,1.0,0.41670090204492477,0.0027707719414760325,0.0,1.0,1.0,-0.23582640290260315,-0.23771563172340393,0.07487274706363678,100000
1718,-0.5722916126251221,0.5722916126251221,1.0,2.6945815086364746,54.139225006103516,-2371.923095703125,0.999755859375,0.41644413507129246,0.002767582214035263,0.0,1.0,1.0,-0.44498324394226074,-0.4470910429954529,0.07594632357358932,100000
1719,-0.4404783546924591,0.4404783546924591,1.0,2.5730268955230713,44.92198944091797,-108.81132507324219,0.999755859375,0.4161875263149293,0.0027643961586257403,0.0,1.0,1.0,-0.10567018389701843,-0.1077885627746582,0.07768620550632477,100000
1720,-3.712846279144287,34416476.0,0.96875,3.012450695037842,2651099136.0,-326291.53125,0.96923828125,0.41593107567834325,0.0027612137710202028,0.0,1.0,1.0,-0.3207284212112427,-0.3227986991405487,0.08124314248561859,100000
1721,-0.4178405702114105,0.4178405702114105,1.0,2.460784673690796,44.04280090332031,-37431.79296875,1.0,0.4156747830641025,0.0027580350469962535,0.0,1.0,1.0,-0.2855845093727112,-0.2875674366950989,0.08764912933111191,100000
1722,-3.4304401874542236,3.4304401874542236,1.0,2.6405367851257324,274.71856689453125,-323912.5625,1.0,0.4154186483748353,0.002754859982336359,0.0,1.0,1.0,-0.25278738141059875,-0.2548670470714569,0.08295632898807526,100000
1723,-0.4821515679359436,0.4821515679359436,1.0,2.582286834716797,48.06074905395508,-867.7709350585938,1.0,0.4151626715132299,0.0027516885728278402,0.0,1.0,1.0,-0.31744131445884705,-0.319082111120224,0.08257202059030533,100000
1724,-3325.995849609375,19474.951171875,0.96875,3.1465976238250732,1500161.125,-5421.70947265625,0.9906005859375,0.4149068523820342,0.0027485208142628654,0.0,1.0,1.0,-0.3700072467327118,-0.371645450592041,0.0809229239821434,100000
1725,-4.730090141296387,1811005.0,0.96875,3.2632031440734863,139501616.0,-532225.0,0.987548828125,0.4146511908840566,0.002745356702438451,0.0,1.0,1.0,-0.03835976496338844,-0.04073014110326767,0.07696160674095154,100000
1726,-3.149787664413452,3.149787664413452,1.0,2.650953769683838,253.0196533203125,-59.602272033691406,1.0,0.4143956869221649,0.002742196233156449,0.0,1.0,1.0,-0.28047680854797363,-0.28252166509628296,0.07571958005428314,100000
1727,-0.32562291622161865,0.32562291622161865,1.0,2.628354549407959,35.64849090576172,-107.24312591552734,1.0,0.4141403403992868,0.002739039402223545,0.0,1.0,1.0,-0.12839335203170776,-0.13036486506462097,0.07867448776960373,100000
1728,-3.791363477706909,24724.009765625,0.96875,3.248561382293701,1904494.875,-474.9696044921875,0.9984130859375,0.41388515121841024,0.0027358862054512522,0.0,1.0,1.0,0.009704887866973877,0.007693459279835224,0.08286130428314209,100000
1729,-3.720599889755249,11463109.0,0.96875,2.9833908081054688,883002624.0,-3671315.75,0.9951171875,0.41363011928258253,0.0027327366386559067,0.0,1.0,1.0,0.07089241594076157,0.06848874688148499,0.07876018434762955,100000
1730,-1.6628880500793457,1.6628880500793457,1.0,2.7885677814483643,137.423828125,-108.86811828613281,0.9996337890625,0.41337524449491064,0.002729590697658657,0.0,1.0,1.0,-0.4892479181289673,-0.4914816915988922,0.08151748776435852,100000
1731,-0.35966798663139343,0.35966798663139343,1.0,2.585099220275879,38.60417556762695,-2617331.5,1.0,0.41312052675856165,0.002726448378285467,0.0,1.0,1.0,-0.13014450669288635,-0.1318076103925705,0.07731804996728897,100000
1732,-2.796586275100708,2.796586275100708,1.0,2.8274431228637695,224.45306396484375,-19446.3984375,1.0,0.412865965976762,0.002723309676367104,0.0,1.0,1.0,-0.2920653223991394,-0.2941198945045471,0.07800989598035812,100000
1733,-0.3812764883041382,0.3812764883041382,1.0,2.63130521774292,39.91275405883789,-582.34521484375,0.98095703125,0.4126115620527978,0.002720174587739133,0.0,1.0,1.0,-0.1542816162109375,-0.15606659650802612,0.07206860184669495,100000
1734,-4.052577018737793,509214.71875,0.96875,3.3190150260925293,39224788.0,-63335.8046875,0.9998779296875,0.4123573148900149,0.002717043108241917,0.0,1.0,1.0,-0.12295003980398178,-0.1252703070640564,0.07526975125074387,100000
1735,-5.729183673858643,5.729183673858643,1.0,2.7945075035095215,450.6045837402344,-7653.57763671875,1.0,0.41210322439181857,0.0027139152337206035,0.0,1.0,1.0,-0.3120402693748474,-0.313925564289093,0.07049243897199631,100000
1736,-1.0771491527557373,1.0771491527557373,1.0,2.7724051475524902,92.42889404296875,-2676.369873046875,1.0,0.4118492904616736,0.0027107909600251256,0.0,1.0,1.0,-0.22015072405338287,-0.2220972180366516,0.06789597123861313,100000
1737,-5.540721893310547,5.540721893310547,1.0,2.7889866828918457,436.1299133300781,-419.3950500488281,0.9759521484375,0.41159551300310443,0.0027076702830101944,0.0,1.0,1.0,-0.32166898250579834,-0.3236711621284485,0.07173647731542587,100000
1738,-0.5694770812988281,0.5694770812988281,1.0,2.668456554412842,54.1236572265625,-2081.818115234375,0.998779296875,0.4113418919196948,0.0027045531985352912,0.0,1.0,1.0,-0.4049082398414612,-0.4066987633705139,0.08052324503660202,100000
1739,-6.158987045288086,6.158987045288086,1.0,2.891991138458252,482.96142578125,-4102.5244140625,1.0,0.41108842711508764,0.0027014397024646636,0.0,1.0,1.0,-0.1362074911594391,-0.13830611109733582,0.07124922424554825,100000
1740,-7.157415390014648,374.6675720214844,0.9375,4.196693420410156,28859.107421875,-1540.3720703125,0.9876708984375,0.41083511849298576,0.002698329790667324,0.0,1.0,1.0,-0.30525362491607666,-0.30710840225219727,0.07359693944454193,100000
1741,-2.0956194400787354,2.0956194400787354,1.0,2.9513747692108154,169.50302124023438,-3484.475830078125,0.998046875,0.410581965957151,0.002695223459017036,0.0,1.0,1.0,-0.2616204619407654,-0.26383697986602783,0.073797807097435,100000
1742,-0.6605643033981323,0.6605643033981323,1.0,2.624656915664673,61.47748565673828,-195.39846801757812,0.995849609375,0.41032896941140445,0.002692120703392315,0.0,1.0,1.0,-0.23440465331077576,-0.2366621196269989,0.0684724971652031,100000
1743,-0.65843665599823,0.65843665599823,1.0,2.827235460281372,59.753135681152344,-29443.115234375,0.9984130859375,0.4100761287596267,0.0026890215196764228,0.0,1.0,1.0,-0.3049340844154358,-0.3068775534629822,0.07661385834217072,100000
1744,-0.8364783525466919,0.8364783525466919,1.0,2.6805810928344727,74.59735870361328,-87.6688232421875,1.0,0.4098234439057573,0.002685925903757358,0.0,1.0,1.0,-0.15602083504199982,-0.15809522569179535,0.07122631371021271,100000
1745,-3.9075708389282227,100.59785461425781,0.96875,3.509678363800049,7752.82421875,-1650.7625732421875,0.999267578125,0.4095709147537952,0.0026828338515278542,0.0,1.0,1.0,-0.045080289244651794,-0.046605177223682404,0.07370790094137192,100000
1746,-1.169929027557373,1.169929027557373,1.0,2.919529438018799,98.44242858886719,-17628.35546875,1.0,0.40931854120779837,0.0026797453588853722,0.0,1.0,1.0,-0.2658553421497345,-0.26814982295036316,0.07672625035047531,100000
1747,-0.48275893926620483,0.48275893926620483,1.0,2.5474820137023926,48.37562942504883,-8117.6064453125,1.0,0.409066323171884,0.002676660421732097,0.0,1.0,1.0,-0.3389049768447876,-0.3408724367618561,0.07458063960075378,100000
1748,-0.7405495643615723,0.7405495643615723,1.0,2.8185946941375732,66.14485168457031,-482.822509765625,0.9998779296875,0.4088142605502283,0.002673579035974931,0.0,1.0,1.0,-0.3564121425151825,-0.35835933685302734,0.0751589760184288,100000
1749,-1.853273630142212,1.853273630142212,1.0,2.8240807056427,151.81564331054688,-152.09967041015625,1.0,0.4085623532470665,0.0026705011975254873,0.0,1.0,1.0,-0.16884751617908478,-0.17053745687007904,0.08479499071836472,100000
1750,-3.9775614738464355,3.9775614738464355,1.0,2.7244863510131836,316.216552734375,-91505.7265625,0.999755859375,0.40831060116669293,0.0026674269023000863,0.0,1.0,1.0,-0.16887827217578888,-0.1706048995256424,0.079225093126297,100000
1751,-64.46572875976562,64.46572875976562,1.0,2.923553705215454,4974.0830078125,-860.7587890625,0.999755859375,0.4080590042134609,0.0026643561462197504,0.0,1.0,1.0,-0.10861767828464508,-0.11063630878925323,0.08371465653181076,100000
1752,-0.9065863490104675,0.9065863490104675,1.0,2.669328212738037,80.0844497680664,-427228.8125,1.0,0.4078075622917825,0.0026612889252101953,0.0,1.0,1.0,-0.2467479109764099,-0.24875043332576752,0.08041282743215561,100000
1753,-8.467781066894531,8.467781066894531,1.0,2.700695037841797,662.2813110351562,-3350.984619140625,1.0,0.4075562753061288,0.00265822523520183,0.0,1.0,1.0,0.02668537199497223,0.024771926924586296,0.07785418629646301,100000
1754,-0.3853358030319214,0.3853358030319214,1.0,2.5476648807525635,40.869728088378906,-373.78485107421875,1.0,0.4073051431610299,0.002655165072129747,0.0,1.0,1.0,-0.4158984422683716,-0.4178720712661743,0.07677999138832092,100000
1755,-1.2169790267944336,1.2169790267944336,1.0,2.9029366970062256,102.19450378417969,-4430.23583984375,1.0,0.40705416576107434,0.0026521084319337178,0.0,1.0,1.0,0.12857434153556824,0.12680143117904663,0.07353632152080536,100000
1756,-0.5939764976501465,0.5939764976501465,1.0,2.6540136337280273,56.122100830078125,-52.740821838378906,1.0,0.40680334301091,0.0026490553105581894,0.0,1.0,1.0,-0.044645559042692184,-0.046779926866292953,0.07385905832052231,100000
1757,-1.7342009544372559,1.7342009544372559,1.0,2.8010261058807373,142.8210906982422,-145.067626953125,1.0,0.406552674815243,0.0026460057039522766,0.0,1.0,1.0,-0.32775577902793884,-0.3296712338924408,0.07417365163564682,100000
1758,-3.7650463581085205,11774.38671875,0.96875,3.832974672317505,906981.625,-2234.799072265625,0.9993896484375,0.4063021610788384,0.0026429596080697576,0.0,1.0,1.0,-0.25374835729599,-0.25528332591056824,0.07848747074604034,100000
1759,-2289.177734375,2289.177734375,1.0,2.6640264987945557,176345.515625,-2320.253173828125,0.999267578125,0.40605180170652,0.002639917018869069,0.0,1.0,1.0,-0.17927885055541992,-0.18127109110355377,0.07825028896331787,100000
1760,-307.66845703125,307.66845703125,1.0,2.9373464584350586,23707.873046875,-2465277.25,1.0,0.4058015966031701,0.002636877932313301,0.0,1.0,1.0,-0.1746460348367691,-0.1762572079896927,0.07137598842382431,100000
1761,-36.054595947265625,36.054595947265625,1.0,2.6798882484436035,2787.451904296875,-1351.216552734375,1.0,0.40555154567372975,0.002633842344370188,0.0,1.0,1.0,-0.05028444156050682,-0.05211168900132179,0.07214561104774475,100000
1762,-0.35462328791618347,0.35462328791618347,1.0,2.6513447761535645,37.70529556274414,-2561.945556640625,1.0,0.4053016488231986,0.0026308102510121103,0.0,1.0,1.0,-0.041200947016477585,-0.04295407235622406,0.06679899990558624,100000
1763,-3.06935977935791,3.06935977935791,1.0,2.8403372764587402,245.36546325683594,-1460.5811767578125,0.997802734375,0.40505190595663454,0.002627781648216082,0.0,1.0,1.0,-0.5678057670593262,-0.5697067975997925,0.07077673077583313,100000
1764,-0.5130690336227417,0.5130690336227417,1.0,2.690713405609131,49.60710144042969,-3776.721923828125,1.0,0.4048023169791543,0.0026247565319637493,0.0,1.0,1.0,-0.2980230152606964,-0.2998039126396179,0.07349789142608643,100000
1765,-3.7756993770599365,6292.61376953125,0.96875,3.0509140491485596,484726.96875,-133.80430603027344,0.9998779296875,0.40455288179593296,0.002621734898241386,0.0,1.0,1.0,-0.2980772852897644,-0.2998886704444885,0.077622190117836,100000
1766,-0.7950157523155212,0.7950157523155212,1.0,2.677164077758789,71.4298095703125,-14634.955078125,1.0,0.4043036003122039,0.002618716743039883,0.0,1.0,1.0,-0.4604114592075348,-0.46208617091178894,0.07361232489347458,100000
1767,-2.4325101375579834,2.4325101375579834,1.0,2.752152919769287,196.98829650878906,-4645.59130859375,1.0,0.4040544724332592,0.00261570206235475,0.0,1.0,1.0,-0.21714943647384644,-0.21903203427791595,0.06973186135292053,100000
1768,-0.5574628114700317,0.5574628114700317,1.0,2.3835949897766113,55.392486572265625,-2564.470703125,1.0,0.40380549806444893,0.0026126908521861046,0.0,1.0,1.0,-0.13937817513942719,-0.14123262465000153,0.07115720212459564,100000
1769,-0.9138484597206116,0.9138484597206116,1.0,2.662235736846924,80.698486328125,-61.35984802246094,0.999755859375,0.4035566771111818,0.00260968310853867,0.0,1.0,1.0,-0.33204662799835205,-0.3336199223995209,0.07030884921550751,100000
1770,-39.231971740722656,39.231971740722656,1.0,2.6433463096618652,3032.486572265625,-1658.173828125,0.98876953125,0.40330800947892465,0.0026066788274217685,0.0,1.0,1.0,-0.36260199546813965,-0.3644055128097534,0.07321062684059143,100000
1771,-4182.771484375,4182.771484375,1.0,2.8967108726501465,322207.125,-5314.1767578125,1.0,0.40305949507320243,0.0026036780048493153,0.0,1.0,1.0,-0.17460864782333374,-0.17638887465000153,0.08216951787471771,100000
1772,-0.7138992547988892,0.7138992547988892,1.0,2.7351582050323486,64.73468780517578,-84.0312728881836,1.0,0.4028111337995987,0.002600680636839817,0.0,1.0,1.0,-0.5336078405380249,-0.5355653166770935,0.08083745837211609,100000
1773,-0.4664999842643738,0.4664999842643738,1.0,2.767674446105957,45.42706298828125,-75784.28125,0.9954833984375,0.4025629255637549,0.002597686719416362,0.0,1.0,1.0,0.17249056696891785,0.17037716507911682,0.08371333032846451,100000
1774,-36.61143493652344,36.61143493652344,1.0,2.736870527267456,2829.906494140625,-77552.7265625,0.99658203125,0.40231487027137053,0.0025946962486066167,0.0,1.0,1.0,-0.20429618656635284,-0.20588278770446777,0.08345289528369904,100000
1775,-5.138499736785889,5.138499736785889,1.0,2.8071279525756836,405.00701904296875,-2010529.625,0.9998779296875,0.40206696782820345,0.002591709220442822,0.0,1.0,1.0,-0.1924741417169571,-0.19416944682598114,0.08424916118383408,100000
1776,-6.665591239929199,5228787.0,0.9375,3.5431108474731445,402773152.0,-3407.8857421875,0.999755859375,0.4018192181400695,0.0025887256309617846,0.0,1.0,1.0,-0.08389712870121002,-0.08543454110622406,0.08311925828456879,100000
1777,-0.780096173286438,0.780096173286438,1.0,2.7710297107696533,69.55751037597656,-12310.8583984375,0.999267578125,0.4015716211128425,0.002585745476204874,0.0,1.0,1.0,-0.25163930654525757,-0.2535710632801056,0.0768304094672203,100000
1778,-6.306850433349609,6.306850433349609,1.0,2.7950329780578613,495.0982360839844,-1331.9510498046875,1.0,0.4013241766524543,0.0025827687522180197,0.0,1.0,1.0,-0.36597245931625366,-0.3678820729255676,0.08277173340320587,100000
1779,-0.5177162885665894,0.5177162885665894,1.0,2.6507368087768555,50.27302551269531,-20.659290313720703,1.0,0.40107688466489483,0.0025797954550516996,0.0,1.0,1.0,-0.32687604427337646,-0.328559011220932,0.08145773410797119,100000
1780,-1.6571967601776123,1.6571967601776123,1.0,2.725205421447754,137.4735107421875,-2155.084228515625,1.0,0.4008297450562117,0.002576825580760938,0.0,1.0,1.0,-0.05153587460517883,-0.05317089334130287,0.0773334726691246,100000
1781,-2.271062135696411,2.271062135696411,1.0,2.67971134185791,185.10995483398438,-72.91586303710938,0.9996337890625,0.4005827577325107,0.002573859125405305,0.0,1.0,1.0,-0.18676671385765076,-0.18854661285877228,0.0760166272521019,100000
1782,-1.76954984664917,1.76954984664917,1.0,2.615999937057495,146.9692840576172,-900.7020874023438,0.973388671875,0.40033592259995515,0.0025708960850489033,0.0,1.0,1.0,-0.375715970993042,-0.37769457697868347,0.07645563036203384,100000
1783,-2.205399513244629,2.205399513244629,1.0,2.8327932357788086,178.872802734375,-2557.343994140625,1.0,0.40008923956476644,0.0025679364557603668,0.0,1.0,1.0,-0.23666751384735107,-0.23838172852993011,0.0796143189072609,100000
1784,-0.3303409814834595,0.3303409814834595,1.0,2.5520710945129395,36.59953308105469,-55.686485290527344,1.0,0.39984270853322385,0.002564980233612857,0.0,1.0,1.0,-0.09894368797540665,-0.10096602141857147,0.0812961757183075,100000
1785,-57.630287170410156,57.630287170410156,1.0,2.6543989181518555,4449.623046875,-14752.92578125,1.0,0.399596329411664,0.0025620274146840537,0.0,1.0,1.0,-0.25377410650253296,-0.2554977834224701,0.07345186173915863,100000
1786,-0.47176510095596313,0.47176510095596313,1.0,2.535118341445923,47.62401580810547,-58.02190399169922,1.0,0.39935010210648153,0.002559077995056155,0.0,1.0,1.0,-0.20503544807434082,-0.2071467787027359,0.07392480224370956,100000
1787,-2.211416482925415,2.211416482925415,1.0,2.869938850402832,179.05015563964844,-7612.09130859375,1.0,0.39910402652412874,0.0025561319708158666,0.0,1.0,1.0,-0.20186910033226013,-0.2038239985704422,0.07667429745197296,100000
1788,-0.42669549584388733,0.42669549584388733,1.0,2.6364705562591553,43.3715934753418,-1046.59912109375,0.9998779296875,0.39885810257111554,0.0025531893380544004,0.0,1.0,1.0,-0.09350055456161499,-0.09552692621946335,0.07882695645093918,100000
1789,-0.7623122930526733,0.7623122930526733,1.0,2.6349053382873535,69.23619079589844,-184.95333862304688,1.0,0.39861233015400926,0.0025502500928674668,0.0,1.0,1.0,-0.23996412754058838,-0.24168060719966888,0.08327596634626389,100000
1790,-0.5500785708427429,0.5500785708427429,1.0,2.7047786712646484,52.34960174560547,-114.5412368774414,1.0,0.39836670917943523,0.0025473142313552737,0.0,1.0,1.0,-0.33169928193092346,-0.33318930864334106,0.08473171293735504,100000
1791,-0.49476075172424316,0.49476075172424316,1.0,2.6396913528442383,48.58984375,-39000.42578125,1.0,0.3981212395540759,0.0025443817496225165,0.0,1.0,1.0,-0.551437497138977,-0.5530356764793396,0.08821480721235275,100000
1792,-3.5590744018554688,3222593.75,0.96875,3.1114611625671387,248236208.0,-2285.957275390625,0.9998779296875,0.39787592118467136,0.002541452643778373,0.0,1.0,1.0,-0.08752401173114777,-0.08919283002614975,0.08303511142730713,100000
1793,-0.7038352489471436,0.7038352489471436,1.0,2.542214870452881,65.4457015991211,-14588.80859375,0.9989013671875,0.39763075397801934,0.0025385269099365048,0.0,1.0,1.0,-0.07748693972826004,-0.07920673489570618,0.07623495906591415,100000
1794,-0.35416746139526367,0.35416746139526367,1.0,2.6789731979370117,37.457359313964844,-46.722923278808594,1.0,0.3973857378409747,0.002535604544215044,0.0,1.0,1.0,-0.30974698066711426,-0.31162551045417786,0.07631328701972961,100000
1795,-0.36819934844970703,0.36819934844970703,1.0,2.5747008323669434,39.34144592285156,-124.4805908203125,1.0,0.39714087268044984,0.002532685542736592,0.0,1.0,1.0,-0.1287662386894226,-0.13068728148937225,0.07424195110797882,100000
1796,-8.425725936889648,12862344.0,0.96875,3.1932950019836426,990785600.0,-5856941.0,0.9901123046875,0.3968961584034146,0.002529769901628214,0.0,1.0,1.0,-0.8609440922737122,-0.8627829551696777,0.06888245046138763,100000
1797,-1.0855528116226196,1.0855528116226196,1.0,2.6287460327148438,94.1828384399414,-19872.453125,1.0,0.3966515949168961,0.0025268576170214352,0.0,1.0,1.0,-0.10955248028039932,-0.1112726628780365,0.07585319131612778,100000
1798,-0.7859410643577576,0.7859410643577576,1.0,2.8036301136016846,69.75662231445312,-1325.3236083984375,0.998779296875,0.3964071821279786,0.0025239486850522318,0.0,1.0,1.0,-0.28737905621528625,-0.2892392873764038,0.07625710219144821,100000
1799,-355.31768798828125,355.31768798828125,1.0,2.7922754287719727,27379.404296875,-1128.5242919921875,1.0,0.39616291994380376,0.00252104310186103,0.0,1.0,1.0,-0.05215819925069809,-0.054170578718185425,0.0762583538889885,100000
1800,-2.2570338249206543,2.2570338249206543,1.0,3.028593063354492,181.3419189453125,-1665.003662109375,0.9996337890625,0.3959188082715704,0.0025181408635927,0.0,1.0,1.0,-0.21352523565292358,-0.21529893577098846,0.07786259055137634,100000
1801,-4.973360538482666,4.973360538482666,1.0,2.6521191596984863,393.4803466796875,-877.7620849609375,0.9798583984375,0.3956748470185347,0.002515241966396547,0.0,1.0,1.0,-0.1326068639755249,-0.13460038602352142,0.07639043778181076,100000
1802,-5.518811225891113,40.413352966308594,0.96875,3.245929718017578,3118.846923828125,-287.2585754394531,0.9847412109375,0.39543103609200964,0.0025123464064263114,0.0,1.0,1.0,-0.04505593329668045,-0.04674602299928665,0.07214831560850143,100000
1803,-0.46834415197372437,0.46834415197372437,1.0,2.6441166400909424,46.5208854675293,-7.111681938171387,1.0,0.3951873753993657,0.002509454179840161,0.0,1.0,1.0,-0.20479103922843933,-0.2065136879682541,0.07518356293439865,100000
1804,-0.8612648248672485,0.8612648248672485,1.0,2.5623393058776855,77.41747283935547,-278.9483947753906,0.998291015625,0.3949438648480301,0.002506565282800686,0.0,1.0,1.0,-0.08293516933917999,-0.08476478606462479,0.0732441395521164,100000
1805,-44.0921745300293,44.0921745300293,1.0,2.602639675140381,3407.18115234375,-1530.87255859375,1.0,0.39470050434548737,0.002503679711474895,0.0,1.0,1.0,-0.25275474786758423,-0.2545333802700043,0.07256444543600082,100000
1806,-0.5938429832458496,0.5938429832458496,1.0,2.6786446571350098,55.922080993652344,-86.22981262207031,1.0,0.39445729379927885,0.002500797462034209,0.0,1.0,1.0,-0.27034837007522583,-0.27203938364982605,0.07976129651069641,100000
1807,-1.4529157876968384,1.4529157876968384,1.0,2.5229368209838867,123.29581451416016,-16283.4296875,1.0,0.39421423311700293,0.002497918530654455,0.0,1.0,1.0,-0.22819726169109344,-0.22966830432415009,0.0797496885061264,100000
1808,-0.6273050308227539,0.6273050308227539,1.0,2.6097559928894043,59.030311584472656,-2404.218017578125,1.0,0.3939713222063149,0.002495042913515864,0.0,1.0,1.0,-0.1377340406179428,-0.13937555253505707,0.07402214407920837,100000
1809,-1.2724167108535767,1.2724167108535767,1.0,2.751220226287842,107.63352966308594,-47434.38671875,1.0,0.39372856097492714,0.002492170606803064,0.0,1.0,1.0,0.12837517261505127,0.1264801323413849,0.08137305825948715,100000
1810,-0.5974439978599548,0.5974439978599548,1.0,2.6570496559143066,56.365821838378906,-784.3767700195312,1.0,0.3934859493306086,0.0024893016067050757,0.0,1.0,1.0,-0.020109286531805992,-0.021659431979060173,0.07968446612358093,100000
1811,-0.4203198552131653,0.4203198552131653,1.0,2.595381259918213,43.196983337402344,-23.42184066772461,1.0,0.3932434871811852,0.0024864359094153056,0.0,1.0,1.0,-0.14740365743637085,-0.14941459894180298,0.08230288326740265,100000
1812,-1.0576353073120117,1.0576353073120117,1.0,2.660151720046997,91.79042053222656,-941.0740966796875,1.0,0.3930011744345398,0.002483573511131544,0.0,1.0,1.0,-0.6079070568084717,-0.6094467639923096,0.07434969395399094,100000
1813,-0.6537082195281982,0.6537082195281982,1.0,2.6359543800354004,60.862342834472656,-8082.65283203125,1.0,0.3927590109986118,0.0024807144080559573,0.0,1.0,1.0,-0.5779469013214111,-0.5795604586601257,0.07059532403945923,100000
1814,-0.44620925188064575,0.44620925188064575,1.0,2.6778876781463623,44.55569839477539,-852.6591186523438,1.0,0.3925169967813974,0.002477858596395083,0.0,1.0,1.0,-0.3225018382072449,-0.3243168890476227,0.07455530017614365,100000
1815,-1.9976269006729126,1.9976269006729126,1.0,2.819692373275757,162.96900939941406,-2591.817626953125,1.0,0.3922751316909495,0.0024750060723598296,0.0,1.0,1.0,-0.43068695068359375,-0.4324159026145935,0.07321999222040176,100000
1816,-3.944368362426758,51002.20703125,0.96875,3.181851625442505,3928703.25,-301.62347412109375,0.9991455078125,0.3920334156353778,0.002472156832165463,0.0,1.0,1.0,-0.25766754150390625,-0.2590941786766052,0.07661475986242294,100000
1817,-3.462528705596924,3.462528705596924,1.0,2.764690399169922,276.23394775390625,-512.6975708007812,0.9932861328125,0.39179184852284826,0.0024693108720316077,0.0,1.0,1.0,-0.35391488671302795,-0.35554179549217224,0.08255600929260254,100000
1818,-5.053471565246582,5.053471565246582,1.0,2.8486733436584473,398.13726806640625,-28605.953125,1.0,0.3915504302615838,0.0024664681881822422,0.0,1.0,1.0,-0.12372313439846039,-0.1253175437450409,0.08214722573757172,100000
1819,-0.6759697198867798,0.6759697198867798,1.0,2.6919472217559814,62.145835876464844,-21119.3515625,0.9998779296875,0.3913091607598637,0.0024636287768456896,0.0,1.0,1.0,-0.06656435132026672,-0.06819267570972443,0.07326724380254745,100000
1820,-0.6991136074066162,0.6991136074066162,1.0,2.6453919410705566,64.28722381591797,-2562.59912109375,0.9998779296875,0.39106803992602385,0.0024607926342546157,0.0,1.0,1.0,-0.11223510652780533,-0.11404232680797577,0.07531674206256866,100000
1821,-0.9926829934120178,0.9926829934120178,1.0,2.6085004806518555,87.18502807617188,-14.222460746765137,0.9989013671875,0.3908270676684564,0.0024579597566460223,0.0,1.0,1.0,-0.24946898221969604,-0.2511734068393707,0.07734726369380951,100000
1822,-3.658137559890747,2279837.0,0.96875,3.2495968341827393,175615712.0,-50516.8984375,0.999755859375,0.39058624389561036,0.002455130140261245,0.0,1.0,1.0,-0.44003868103027344,-0.4417293965816498,0.07504550367593765,100000
1823,-2.8995120525360107,2.8995120525360107,1.0,2.596562385559082,234.15988159179688,-575.4213256835938,1.0,0.39034556851599084,0.0024523037813459466,0.0,1.0,1.0,-0.20252928137779236,-0.2043231725692749,0.08179356157779694,100000
1824,-1.2152374982833862,1.2152374982833862,1.0,2.767207384109497,103.10588073730469,-82.49075317382812,1.0,0.3901050414381592,0.0024494806761501085,0.0,1.0,1.0,-0.6385286450386047,-0.640191376209259,0.07860362529754639,100000
1825,-0.4007183611392975,0.4007183611392975,1.0,2.6663222312927246,41.140625,-107.73688507080078,1.0,0.38986466257073366,0.0024466608209280337,0.0,1.0,1.0,-0.2403222918510437,-0.24177108705043793,0.07998350262641907,100000
1826,-1.170768141746521,1.170768141746521,1.0,2.6354427337646484,100.69538116455078,-54604.078125,0.99951171875,0.38962443182238826,0.0024438442119383338,0.0,1.0,1.0,-0.18117710947990417,-0.1827453225851059,0.07183840125799179,100000
1827,-0.5625495910644531,0.5625495910644531,1.0,2.651320219039917,53.72203826904297,-575.185791015625,0.9998779296875,0.3893843491018534,0.0024410308454439287,0.0,1.0,1.0,-0.0688629001379013,-0.07068341225385666,0.07664614170789719,100000
1828,-0.5208191275596619,0.5208191275596619,1.0,2.6784024238586426,50.298927307128906,-220.87030029296875,0.99951171875,0.389144414317916,0.0024382207177120418,0.0,1.0,1.0,-0.23249955475330353,-0.23401986062526703,0.07512667030096054,100000
1829,-1.0235594511032104,1.0235594511032104,1.0,2.754281997680664,88.44049072265625,-99.56354522705078,1.0,0.38890462737941894,0.002435413825014191,0.0,1.0,1.0,-0.13040010631084442,-0.13236156105995178,0.07152561098337173,100000
1830,-0.4150082767009735,0.4150082767009735,1.0,2.6104063987731934,42.672096252441406,-684.2236328125,0.9998779296875,0.3886649881952612,0.002432610163626188,0.0,1.0,1.0,-0.15881890058517456,-0.16044971346855164,0.07032416015863419,100000
1831,-0.7763751745223999,0.7763751745223999,1.0,2.670085906982422,70.0484619140625,-4007.768310546875,0.9990234375,0.38842549667439824,0.002429809729828133,0.0,1.0,1.0,-0.15514831244945526,-0.15678836405277252,0.06999411433935165,100000
1832,-0.6945532560348511,0.6945532560348511,1.0,2.776799440383911,62.9237060546875,-629.947021484375,1.0,0.3881861527258412,0.0024270125199044065,0.0,1.0,1.0,-0.32478320598602295,-0.3262976109981537,0.0714874416589737,100000
1833,-0.4829646944999695,0.4829646944999695,1.0,2.614783525466919,47.8730583190918,-162.37091064453125,0.99951171875,0.38794695625865755,0.0024242185301436656,0.0,1.0,1.0,-0.27252843976020813,-0.2742871344089508,0.07460861653089523,100000
1834,-0.5642497539520264,0.5642497539520264,1.0,2.7716214656829834,52.92631530761719,-2038.1351318359375,0.9840087890625,0.38770790718197073,0.002421427756838844,0.0,1.0,1.0,-0.07870743423700333,-0.08013949543237686,0.07280893623828888,100000
1835,-3.294884204864502,3.294884204864502,1.0,2.615168571472168,264.47210693359375,-79330.4765625,1.0,0.38746900540496015,0.002418640196287139,0.0,1.0,1.0,-0.08113428950309753,-0.0825515016913414,0.07275644689798355,100000
1836,-0.8686130046844482,0.8686130046844482,1.0,2.5257928371429443,78.2650146484375,-329830.03125,0.9998779296875,0.38723025083686125,0.0024158558447900124,0.0,1.0,1.0,-0.2946084439754486,-0.2966310977935791,0.071805439889431,100000
1837,-4.0281171798706055,4.0281171798706055,1.0,2.861293077468872,319.05706787109375,-488.1663818359375,0.9998779296875,0.3869916433869654,0.0024130746986531833,0.0,1.0,1.0,-0.2251223921775818,-0.22689369320869446,0.07056622952222824,100000
1838,-0.4369238615036011,0.4369238615036011,1.0,2.6480629444122314,44.07018280029297,-2601.628662109375,0.999755859375,0.3867531829646197,0.0024102967541866248,0.0,1.0,1.0,-0.47068798542022705,-0.4720589518547058,0.0726458728313446,100000
1839,-0.5879574418067932,0.5879574418067932,1.0,2.569600820541382,56.308685302734375,-38792.70703125,0.99951171875,0.38651486947922725,0.002407522007704555,0.0,1.0,1.0,-0.12130799889564514,-0.12287677079439163,0.06880919635295868,100000
1840,-0.5750840902328491,0.5750840902328491,1.0,2.6716816425323486,54.53072738647461,-25399.48828125,1.0,0.386276702840247,0.002404750455525439,0.0,1.0,1.0,-0.2636234164237976,-0.2650994062423706,0.07387737184762955,100000
1841,-0.5141949653625488,0.5141949653625488,1.0,2.55263090133667,50.75748825073242,-75.072265625,0.99609375,0.3860386829571937,0.0024019820939719778,0.0,1.0,1.0,-0.31581008434295654,-0.3171292245388031,0.07107624411582947,100000
1842,-4.2812604904174805,5429268.5,0.96875,3.5797877311706543,418216224.0,-5365.70166015625,0.999755859375,0.38580080973963765,0.0023992169193711057,0.0,1.0,1.0,-0.36574479937553406,-0.3675072193145752,0.07846299558877945,100000
1843,-10.693266868591309,10.693266868591309,1.0,2.8049957752227783,832.9068603515625,-196.25106811523438,1.0,0.38556308309720516,0.0023964549280539853,0.0,1.0,1.0,-0.4812646508216858,-0.4828415513038635,0.07337019592523575,100000
1844,-13.22235107421875,13.22235107421875,1.0,2.8164165019989014,1027.6341552734375,-305.15020751953125,1.0,0.385325502939578,0.002393696116356005,0.0,1.0,1.0,-0.12136892974376678,-0.12288223952054977,0.06954745948314667,100000
1845,-0.5018075704574585,0.5018075704574585,1.0,2.5877466201782227,49.53279495239258,-158.94879150390625,1.0,0.38508806917649374,0.002390940480616769,0.0,1.0,1.0,-0.3161001205444336,-0.31759804487228394,0.07326322793960571,100000
1846,-55.25819778442383,55.25819778442383,1.0,2.828352451324463,4265.5615234375,-1291.1121826171875,1.0,0.3848507817177454,0.0023881880171800966,0.0,1.0,1.0,0.03965378552675247,0.03786637634038925,0.07236912101507187,100000
1847,-0.48045551776885986,0.48045551776885986,1.0,2.6086044311523438,47.727378845214844,-2337694.5,1.0,0.38461364047318186,0.0023854387223940167,0.0,1.0,1.0,-0.36677831411361694,-0.3680940568447113,0.08129021525382996,100000
1848,-7.00477933883667,7.00477933883667,1.0,2.8059256076812744,548.7757568359375,-55699.1796875,1.0,0.38437664535270727,0.002382692592610762,0.0,1.0,1.0,-0.13062235713005066,-0.1319715529680252,0.07758715003728867,100000
1849,-1.9286165237426758,1.9286165237426758,1.0,2.872821092605591,157.24386596679688,-3452.496826171875,0.9998779296875,0.3841397962662814,0.0023799496241867636,0.0,1.0,1.0,-0.4511699974536896,-0.45286014676094055,0.07646701484918594,100000
1850,-0.9291902780532837,0.9291902780532837,1.0,2.732820987701416,81.3365478515625,-25081.3125,1.0,0.3839030931239197,0.0023772098134826492,0.0,1.0,1.0,-0.20336803793907166,-0.2048940658569336,0.07456138730049133,100000
1851,-0.38067156076431274,0.38067156076431274,1.0,2.5813212394714355,40.251182556152344,-335.56463623046875,1.0,0.3836665358356926,0.0023744731568632335,0.0,1.0,1.0,-0.26738792657852173,-0.2685054540634155,0.06760942935943604,100000
1852,-0.5343290567398071,0.5343290567398071,1.0,2.5946407318115234,51.98480987548828,-8951.900390625,1.0,0.38343012431172635,0.0023717396506975174,0.0,1.0,1.0,-0.22381702065467834,-0.22528408467769623,0.07184725999832153,100000
1853,-3.552070140838623,48.2730598449707,0.96875,3.043267250061035,3725.84033203125,-631.7904663085938,0.99658203125,0.3831938584622026,0.0023690092913586825,0.0,1.0,1.0,0.14333641529083252,0.14179562032222748,0.07353686541318893,100000
1854,-0.9277049899101257,0.9277049899101257,1.0,2.7542524337768555,81.05705261230469,-134.92884826660156,1.0,0.38295773819735807,0.0023662820752240847,0.0,1.0,1.0,-0.28887873888015747,-0.29032275080680847,0.08082211017608643,100000
1855,-5.2994585037231445,5.2994585037231445,1.0,2.7380716800689697,417.9375915527344,-1247.511962890625,1.0,0.38272176342748476,0.00236355799867525,0.0,1.0,1.0,-0.024737859144806862,-0.02640973962843418,0.08419099450111389,100000
1856,-4.232392311096191,4.232392311096191,1.0,2.6751132011413574,336.22650146484375,-4136.931640625,0.9998779296875,0.3824859340629304,0.0023608370580978717,0.0,1.0,1.0,-0.1441393792629242,-0.14571981132030487,0.08931104093790054,100000
1857,-3.9372427463531494,3.9372427463531494,1.0,2.8922619819641113,311.8184814453125,-4141.0771484375,0.999755859375,0.38225025001409757,0.0023581192498818015,0.0,1.0,1.0,0.14101536571979523,0.13934673368930817,0.08430372923612595,100000
1858,-0.5723004341125488,0.5723004341125488,1.0,2.6761372089385986,54.28197479248047,-50.987030029296875,1.0,0.382014711191444,0.0023554045704210487,0.0,1.0,1.0,-0.4305466413497925,-0.4321247935295105,0.08127192407846451,100000
1859,-0.46706515550613403,0.46706515550613403,1.0,2.6222758293151855,46.590599060058594,-48756.6015625,1.0,0.38177931750548294,0.0023526930161137743,0.0,1.0,1.0,0.14932957291603088,0.14784754812717438,0.07770965993404388,100000
1860,-29.78057098388672,29.78057098388672,1.0,2.9603254795074463,2302.00439453125,-165.59829711914062,1.0,0.38154406886678255,0.0023499845833622837,0.0,1.0,1.0,-0.16018369793891907,-0.1615382730960846,0.08514560759067535,100000
1861,-0.3895898461341858,0.3895898461341858,1.0,2.536407709121704,41.28412628173828,-13.855941772460938,0.9998779296875,0.3813089651859662,0.0023472792685730252,0.0,1.0,1.0,-0.5955220460891724,-0.5969298481941223,0.08401473611593246,100000
1862,-0.7331442832946777,0.7331442832946777,1.0,2.74636173248291,66.13082885742188,-386.90277099609375,0.99951171875,0.3810740063737121,0.0023445770681565854,0.0,1.0,1.0,-0.5800797939300537,-0.5818088054656982,0.08184336125850677,100000
1863,-3.6084325313568115,194.67222595214844,0.96875,3.059149980545044,15002.8369140625,-54.59666442871094,0.99365234375,0.38083919234075386,0.002341877978527681,0.0,1.0,1.0,-0.2899494767189026,-0.29152074456214905,0.08164988458156586,100000
1864,-4.131339073181152,112.11935424804688,0.96875,3.419219493865967,8641.0205078125,-18540.25,0.9986572265625,0.3806045229978797,0.0023391819961051563,0.0,1.0,1.0,-0.10047344863414764,-0.10220123082399368,0.08495639264583588,100000
1865,-2.2317099571228027,2.2317099571228027,1.0,2.695073127746582,181.96031188964844,-2602.5576171875,1.0,0.3803699982559333,0.0023364891173119798,0.0,1.0,1.0,-0.2512131929397583,-0.25258439779281616,0.0881139412522316,100000
1866,-3.600893497467041,141692.703125,0.96875,3.066570281982422,10914588.0,-818.3887329101562,0.9998779296875,0.38013561802581286,0.002333799338575236,0.0,1.0,1.0,-0.11044549942016602,-0.11178264021873474,0.08260492235422134,100000
1867,-0.7842528820037842,0.7842528820037842,1.0,2.566084861755371,71.4563980102539,-620.0650024414062,1.0,0.3799013822184716,0.0023311126563261234,0.0,1.0,1.0,0.030639320611953735,0.028994770720601082,0.08069512248039246,100000
1868,-2.4688873291015625,2.4688873291015625,1.0,2.895047664642334,198.68968200683594,-460.8809814453125,1.0,0.3796672907449176,0.002328429066999949,0.0,1.0,1.0,-0.14150476455688477,-0.14301399886608124,0.08311158418655396,100000
1869,-0.4915809631347656,0.4915809631347656,1.0,2.783296823501587,47.238712310791016,-2822.892822265625,1.0,0.3794333435162139,0.0023257485670361237,0.0,1.0,1.0,-0.5354686975479126,-0.5369609594345093,0.08111729472875595,100000
1870,-0.31355324387550354,0.31355324387550354,1.0,2.5784695148468018,35.103031158447266,-4577.1923828125,1.0,0.37919954044347814,0.002323071152878157,0.0,1.0,1.0,-0.26446524262428284,-0.2662333548069,0.07804013788700104,100000
1871,-0.6806328296661377,0.6806328296661377,1.0,2.7810323238372803,61.818809509277344,-821.73046875,0.9991455078125,0.37896588143788296,0.002320396820973652,0.0,1.0,1.0,-0.39570990204811096,-0.39739370346069336,0.07679014652967453,100000
1872,-2.606204032897949,2.606204032897949,1.0,2.776179313659668,210.18283081054688,-26.66033935546875,0.9996337890625,0.37873236641065555,0.0023177255677743033,0.0,1.0,1.0,-0.2885115444660187,-0.28990405797958374,0.08215192705392838,100000
1873,-0.6117229461669922,0.6117229461669922,1.0,2.622699737548828,57.73031997680664,-171.33609008789062,1.0,0.3784989952730779,0.0023150573897358887,0.0,1.0,1.0,-0.06534785032272339,-0.06657098233699799,0.08542851358652115,100000
1874,-2.976573944091797,2.976573944091797,1.0,2.765857696533203,238.79190063476562,-34.3227424621582,0.99853515625,0.37826576793648653,0.0023123922833182655,0.0,1.0,1.0,-0.3224378824234009,-0.32384878396987915,0.08604690432548523,100000
1875,-3.6766538619995117,2103.133056640625,0.96875,3.522404193878174,162007.90625,-3717.616455078125,0.976806640625,0.3780326843122728,0.002309730244985369,0.0,1.0,1.0,-0.2614269256591797,-0.2626524567604065,0.08606718480587006,100000
1876,-0.7610803842544556,0.7610803842544556,1.0,2.602098226547241,69.39400482177734,-2270.47705078125,0.9998779296875,0.3777997443118826,0.002307071271205203,0.0,1.0,1.0,-0.29883283376693726,-0.30041271448135376,0.08463670313358307,100000
1877,-0.5072475671768188,0.5072475671768188,1.0,2.7168736457824707,48.95716857910156,-111460.3046875,0.999755859375,0.37756694784681627,0.0023044153584498377,0.0,1.0,1.0,-0.09027159959077835,-0.09177722781896591,0.0846112072467804,100000
1878,-0.4407433271408081,0.4407433271408081,1.0,2.5200467109680176,45.35050964355469,-193.98550415039062,1.0,0.37733429482862874,0.0023017625031954056,0.0,1.0,1.0,-0.4080321788787842,-0.40952590107917786,0.0878957062959671,100000
1879,-5.410595417022705,5.410595417022705,1.0,2.800793170928955,426.01531982421875,-874908.9375,0.9989013671875,0.3771017851689295,0.002299112701922095,0.0,1.0,1.0,-0.17579397559165955,-0.17765453457832336,0.0800929069519043,100000
1880,-0.8194602727890015,0.8194602727890015,1.0,2.7191426753997803,72.98941802978516,-6844.80712890625,1.0,0.3768694187793824,0.0022964659511141463,0.0,1.0,1.0,0.08991019427776337,0.08836051821708679,0.07154076546430588,100000
1881,-5.2748799324035645,5.2748799324035645,1.0,2.6749415397644043,416.5306396484375,-25219.396484375,1.0,0.376637195571706,0.0022938222472598485,0.0,1.0,1.0,-0.20940342545509338,-0.2107071578502655,0.07107056677341461,100000
1882,-33.304718017578125,33.304718017578125,1.0,2.8182168006896973,2574.563720703125,-122.5877914428711,1.0,0.3764051154576728,0.002291181586851531,0.0,1.0,1.0,-0.048306792974472046,-0.050137173384428024,0.07968389242887497,100000
1883,-26.110761642456055,26.110761642456055,1.0,2.794956922531128,2020.5928955078125,-2300.81591796875,1.0,0.37617317834911007,0.0022885439663855632,0.0,1.0,1.0,-0.27456456422805786,-0.2761951982975006,0.07099346071481705,100000
1884,-61.661720275878906,61.661720275878906,1.0,2.865696430206299,4758.5361328125,-849.965087890625,0.9971923828125,0.3759413841578992,0.002285909382362348,0.0,1.0,1.0,-0.3631346523761749,-0.3647170066833496,0.07813580334186554,100000
1885,-0.397525817155838,0.397525817155838,1.0,2.483790874481201,42.30073928833008,-3654.98828125,1.0,0.3757097327959759,0.0022832778312863147,0.0,1.0,1.0,0.14659848809242249,0.14501126110553741,0.0793609768152237,100000
1886,-7806.57666015625,7892.21142578125,0.96875,3.6144509315490723,607939.5625,-9083.26953125,0.9736328125,0.3754782241753302,0.0022806493096659193,0.0,1.0,1.0,-0.21494150161743164,-0.21655942499637604,0.08514358848333359,100000
1887,-1.4547288417816162,1.4547288417816162,1.0,2.7344400882720947,121.8062744140625,-2967.439453125,1.0,0.3752468582080064,0.002278023814013636,0.0,1.0,1.0,0.12338662892580032,0.12213322520256042,0.08859942853450775,100000
1888,-0.37639304995536804,0.37639304995536804,1.0,2.5781478881835938,39.94605255126953,-18.19076919555664,1.0,0.3750156348061029,0.002275401340845955,0.0,1.0,1.0,-0.2503237724304199,-0.2517540752887726,0.08132318407297134,100000
1889,-0.6304575204849243,0.6304575204849243,1.0,2.5579628944396973,59.6721076965332,-131.6250457763672,1.0,0.37478455388177223,0.0022727818866833745,0.0,1.0,1.0,-0.315895676612854,-0.3172352910041809,0.07459251582622528,100000
1890,-24.79850959777832,24.79850959777832,1.0,2.896559953689575,1918.7276611328125,-249.2910919189453,0.9996337890625,0.37455361534722115,0.002270165448050401,0.0,1.0,1.0,-0.11468171328306198,-0.11606575548648834,0.07953856140375137,100000
1891,-2.8027920722961426,2.8027920722961426,1.0,2.91145920753479,224.283935546875,-2984.076171875,0.9962158203125,0.37432281911471055,0.00226755202147554,0.0,1.0,1.0,-0.039500653743743896,-0.04087084159255028,0.0761263370513916,100000
1892,-0.8158832788467407,0.8158832788467407,1.0,2.746499538421631,72.50314331054688,-33825.3203125,0.9996337890625,0.37409216509655524,0.002264941603491294,0.0,1.0,1.0,-0.07695979624986649,-0.0783127099275589,0.07448071241378784,100000
1893,-0.8030072450637817,0.8030072450637817,1.0,2.6749730110168457,72.0622787475586,-18.95276641845703,1.0,0.37386165320512416,0.0022623341906341577,0.0,1.0,1.0,-0.3243831992149353,-0.3263738751411438,0.07037422806024551,100000
1894,-1.1328492164611816,1.1328492164611816,1.0,2.73335337638855,97.02027130126953,-151.33494567871094,1.0,0.3736312833528403,0.0022597297794446133,0.0,1.0,1.0,-0.1456914246082306,-0.14689268171787262,0.07875604927539825,100000
1895,-0.4968384802341461,0.4968384802341461,1.0,2.7345237731933594,48.0193977355957,-342.52197265625,0.999755859375,0.3734010554521805,0.002257128366467124,0.0,1.0,1.0,-0.005997147411108017,-0.007310651708394289,0.07363665103912354,100000
1896,-2.215101957321167,2.215101957321167,1.0,2.862154006958008,179.3939971923828,-1808.7449951171875,1.0,0.37317096941567546,0.002254529948250133,0.0,1.0,1.0,0.1785048544406891,0.17742221057415009,0.07989971339702606,100000
1897,-4.137426853179932,4.137426853179932,1.0,2.8548121452331543,327.5271301269531,-64359.86328125,1.0,0.37294102515591004,0.0022519345213460554,0.0,1.0,1.0,-0.32035231590270996,-0.3219888210296631,0.0771920382976532,100000
1898,-3.6314308643341064,1072.42724609375,0.96875,4.201374053955078,82607.4453125,-883.3613891601562,0.9752197265625,0.3727112225855228,0.0022493420823112764,0.0,1.0,1.0,0.0003037606365978718,-0.0014937911182641983,0.08259090781211853,100000
1899,-0.8792409300804138,0.8792409300804138,1.0,2.5295519828796387,79.05474090576172,-1960884.875,0.9998779296875,0.3724815616172061,0.002246752627706144,0.0,1.0,1.0,-0.34157946705818176,-0.34313830733299255,0.08009934425354004,100000
1900,-1.0609551668167114,1.0609551668167114,1.0,2.6813526153564453,91.88284301757812,-87.96485900878906,1.0,0.37225204216370616,0.0022441661540949683,0.0,1.0,1.0,-0.24393263459205627,-0.24532662332057953,0.07972954958677292,100000
1901,-0.5291823148727417,0.5291823148727417,1.0,2.598680019378662,51.55723571777344,-2397.698486328125,1.0,0.3720226641378229,0.002241582658046012,0.0,1.0,1.0,-0.3163350224494934,-0.3175516426563263,0.08193118870258331,100000
1902,-0.6757841110229492,0.6757841110229492,1.0,2.8223013877868652,61.12741470336914,-226.71725463867188,0.9998779296875,0.3717934274524101,0.0022390021361314892,0.0,1.0,1.0,-0.17853522300720215,-0.1800670027732849,0.08250289410352707,100000
1903,-1.070422649383545,1.070422649383545,1.0,2.7377877235412598,92.17741394042969,-224039.71875,0.9998779296875,0.3715643320203752,0.002236424584927562,0.0,1.0,1.0,-0.3792160153388977,-0.38068386912345886,0.08695776760578156,100000
1904,-14.42207145690918,22164536.0,0.96875,3.2857446670532227,1707332864.0,-757.5651245117188,0.9990234375,0.3713353777546791,0.0022338500010143317,0.0,1.0,1.0,0.03876633197069168,0.037369128316640854,0.08386138826608658,100000
1905,-0.5455353856086731,0.5455353856086731,1.0,2.686594009399414,52.13972473144531,-2104.03857421875,1.0,0.3711065645683366,0.0022312783809758365,0.0,1.0,1.0,-0.6458429098129272,-0.6472398042678833,0.07962088286876678,100000
1906,-1.3018430471420288,1.3018430471420288,1.0,2.804678201675415,109.48844909667969,-405.5484619140625,0.9957275390625,0.37087789237441604,0.0022287097214000497,0.0,1.0,1.0,-0.5580997467041016,-0.5594989657402039,0.08186390995979309,100000
1907,-0.7095781564712524,0.7095781564712524,1.0,2.781930446624756,64.04153442382812,-348.4458923339844,1.0,0.37064936108603924,0.0022261440188788705,0.0,1.0,1.0,-0.1693052351474762,-0.17038188874721527,0.07608327269554138,100000
1908,-0.9476132392883301,0.9476132392883301,1.0,2.7794296741485596,82.3966293334961,-510.5322265625,1.0,0.3704209706163816,0.00222358127000812,0.0,1.0,1.0,-0.23650383949279785,-0.23804885149002075,0.07249651104211807,100000
1909,-0.5025635957717896,0.5025635957717896,1.0,2.5946502685546875,49.53784942626953,-600.1402587890625,0.999267578125,0.37019272087867194,0.002221021471387543,0.0,1.0,1.0,-0.08363024145364761,-0.08502937108278275,0.07920204848051071,100000
1910,-0.6119176149368286,0.6119176149368286,1.0,2.575913429260254,58.10570526123047,-26.705202102661133,1.0,0.36996461178619283,0.0022184646196207933,0.0,1.0,1.0,-0.07576979696750641,-0.07747305184602737,0.0701851099729538,100000
1911,-66.17263793945312,66.17263793945312,1.0,2.842985153198242,5106.18701171875,-14416.8896484375,1.0,0.3697366432522798,0.0022159107113154377,0.0,1.0,1.0,-0.018511759117245674,-0.019852017983794212,0.0747571587562561,100000
1912,-3.712765693664551,166697.5,0.96875,4.189060211181641,12840697.0,-51.49368667602539,0.9984130859375,0.36950881519032225,0.0022133597430829487,0.0,1.0,1.0,0.1909446120262146,0.1893821507692337,0.07546205818653107,100000
1913,-5.801990509033203,37793412.0,0.96875,3.28615665435791,2911224320.0,-26890.666015625,0.9952392578125,0.3692811275137627,0.002210811711538698,0.0,1.0,1.0,-0.33654287457466125,-0.3379806876182556,0.07399199903011322,100000
1914,-1.5986437797546387,1.5986437797546387,1.0,2.54290771484375,134.36740112304688,-55.431297302246094,1.0,0.369053580136097,0.0022082666133019543,0.0,1.0,1.0,-0.44179481267929077,-0.4433120787143707,0.07856471836566925,100000
1915,-0.5328099131584167,0.5328099131584167,1.0,2.667741537094116,51.30469512939453,-99.48973846435547,0.999755859375,0.36882617297087444,0.0022057244449958787,0.0,1.0,1.0,-0.1923537254333496,-0.19384188950061798,0.07335852086544037,100000
1916,-1.5809708833694458,1.5809708833694458,1.0,2.6968798637390137,131.8200225830078,-6074.68017578125,1.0,0.36859890593169753,0.002203185203247519,0.0,1.0,1.0,-0.15638406574726105,-0.15805678069591522,0.07409431040287018,100000
1917,-4.959158897399902,4.959158897399902,1.0,2.82545804977417,391.0511779785156,-367.9106750488281,0.9996337890625,0.3683717789322219,0.0022006488846878073,0.0,1.0,1.0,-0.1275913566350937,-0.12915797531604767,0.08343514055013657,100000
1918,-0.8237764835357666,0.8237764835357666,1.0,2.8515305519104004,72.30211639404297,-11933.6181640625,1.0,0.3681447918861564,0.0021981154859515516,0.0,1.0,1.0,-0.22134798765182495,-0.22281640768051147,0.07806408405303955,100000
1919,-0.41767534613609314,0.41767534613609314,1.0,2.603572368621826,42.93018341064453,-12833.908203125,0.9991455078125,0.36791794470726336,0.0021955850036774367,0.0,1.0,1.0,-0.08912333101034164,-0.09081791341304779,0.08053852617740631,100000
1920,-2.4058892726898193,2.4058892726898193,1.0,2.763364315032959,194.85130310058594,-5489.95068359375,1.0,0.3676912373093578,0.002193057434508016,0.0,1.0,1.0,-0.35618025064468384,-0.3576596975326538,0.08076947182416916,100000
1921,-8.798916816711426,8.798916816711426,1.0,2.85217547416687,686.621826171875,-599.8609008789062,0.9984130859375,0.36746466960630814,0.002190532775089706,0.0,1.0,1.0,0.13210785388946533,0.13051185011863708,0.08200114220380783,100000
1922,-0.7587826251983643,0.7587826251983643,1.0,2.7731857299804688,67.89912414550781,-2567.83935546875,0.9984130859375,0.3672382415120357,0.002188011022072789,0.0,1.0,1.0,-0.41641032695770264,-0.41800808906555176,0.07269731163978577,100000
1923,-0.7168780565261841,0.7168780565261841,1.0,2.678488254547119,65.40067291259766,-58.83203125,0.999755859375,0.3670119529405152,0.002185492172111398,0.0,1.0,1.0,-0.5643644332885742,-0.5657544136047363,0.07520680874586105,100000
1924,-2274.91015625,2274.91015625,1.0,2.9680378437042236,175244.109375,-51326.34765625,1.0,0.36678580380577375,0.002182976221863519,0.0,1.0,1.0,-0.1786094605922699,-0.17991694808006287,0.07655566185712814,100000
1925,-0.937552809715271,0.937552809715271,1.0,2.6227145195007324,82.82886505126953,-1081.8477783203125,1.0,0.36655979402189204,0.002180463167990989,0.0,1.0,1.0,-0.2281438112258911,-0.2297973334789276,0.08298336714506149,100000
1926,-0.8544744253158569,0.8544744253158569,1.0,2.666529655456543,76.09182739257812,-1240.490478515625,1.0,0.3663339235030033,0.0021779530071594833,0.0,1.0,1.0,-0.11719813942909241,-0.11875695735216141,0.0839865580201149,100000
1927,-0.4324904978275299,0.4324904978275299,1.0,2.613708019256592,43.99332046508789,-29761.29296875,0.9971923828125,0.3661081921632938,0.002175445736038518,0.0,1.0,1.0,-0.2671007812023163,-0.2685096263885498,0.08138195425271988,100000
1928,-1.2409242391586304,1.2409242391586304,1.0,2.764514923095703,105.10525512695312,-63612.3125,1.0,0.36588259991700295,0.0021729413513014435,0.0,1.0,1.0,-0.34352049231529236,-0.3450556695461273,0.0791507288813591,100000
1929,-0.4512675106525421,0.4512675106525421,1.0,2.59763503074646,45.56352233886719,-677858.625,0.998779296875,0.36565714667842253,0.002170439849625439,0.0,1.0,1.0,-0.17819532752037048,-0.17946180701255798,0.07312367856502533,100000
1930,-4.1159162521362305,809.5014038085938,0.96875,3.5682713985443115,62359.1640625,-486.54864501953125,0.9990234375,0.3654318323618974,0.002167941227691509,0.0,1.0,1.0,-0.11921293288469315,-0.12060131132602692,0.07320941984653473,100000
1931,-1.25265371799469,1.25265371799469,1.0,2.71482253074646,106.39155578613281,-183.13323974609375,1.0,0.36520665688182524,0.002165445482184479,0.0,1.0,1.0,-0.2379683554172516,-0.23935802280902863,0.08017478883266449,100000
1932,-0.7034654021263123,0.7034654021263123,1.0,2.6511080265045166,64.57840728759766,-18206.76953125,1.0,0.3649816201526564,0.002162952609792992,0.0,1.0,1.0,-0.355110228061676,-0.35673680901527405,0.08052968233823776,100000
1933,-6.196112632751465,347399.25,0.96875,3.1019444465637207,26760146.0,-1554.080810546875,0.9998779296875,0.36475672208889376,0.0021604626072095003,0.0,1.0,1.0,-0.3667566478252411,-0.36824271082878113,0.08088638633489609,100000
1934,-0.4009447693824768,0.4009447693824768,1.0,2.556368350982666,42.005043029785156,-34.109161376953125,1.0,0.3645319626050933,0.002157975471130267,0.0,1.0,1.0,-0.28799402713775635,-0.28937533497810364,0.07239490002393723,100000
1935,-0.9519364833831787,0.9519364833831787,1.0,2.7279462814331055,83.12623596191406,-39340.70703125,1.0,0.36430734161586337,0.002155491198255357,0.0,1.0,1.0,-0.43648576736450195,-0.4381663203239441,0.0758143812417984,100000
1936,-1.2972135543823242,1.2972135543823242,1.0,2.637054443359375,110.42304992675781,-174.2331085205078,1.0,0.36408285903586485,0.002153009785288633,0.0,1.0,1.0,-0.3183826804161072,-0.3200514018535614,0.0766538754105568,100000
1937,-0.9890419244766235,0.9890419244766235,1.0,2.740466594696045,85.88803100585938,-1398.93212890625,0.999755859375,0.3638585147798115,0.0021505312289377553,0.0,1.0,1.0,-0.1954883486032486,-0.19694842398166656,0.0811176598072052,100000
1938,-0.4937050938606262,0.4937050938606262,1.0,2.7028090953826904,48.02233123779297,-2853.23681640625,0.9976806640625,0.3636343087624694,0.0021480555259141714,0.0,1.0,1.0,-0.040718868374824524,-0.04230036959052086,0.07550306618213654,100000
1939,-4.025503635406494,4.025503635406494,1.0,2.7664618492126465,319.5862121582031,-4966.53564453125,1.0,0.36341024089865714,0.002145582672933115,0.0,1.0,1.0,-0.20713429152965546,-0.20871376991271973,0.07329565286636353,100000
1940,-5.206661224365234,1515205.875,0.96875,7.7317094802856445,116716184.0,-4616.57470703125,0.999755859375,0.3631863111032461,0.0021431126667136036,0.0,1.0,1.0,-0.30222001671791077,-0.30368879437446594,0.07184360176324844,100000
1941,-0.6749542951583862,0.6749542951583862,1.0,2.714886426925659,61.89091110229492,-339.43316650390625,0.997802734375,0.36296251929115975,0.0021406455039784293,0.0,1.0,1.0,-0.09092310816049576,-0.0925944447517395,0.07561717927455902,100000
1942,-0.73401939868927,0.73401939868927,1.0,2.705291509628296,66.51460266113281,-1940.5977783203125,1.0,0.3627388653773741,0.0021381811814541575,0.0,1.0,1.0,-0.1719653606414795,-0.17314505577087402,0.08765152841806412,100000
1943,-0.28468090295791626,0.28468090295791626,1.0,2.508143901824951,33.42071533203125,-3.9008116722106934,1.0,0.36251534927691764,0.0021357196958711223,0.0,1.0,1.0,-0.17913022637367249,-0.1800989955663681,0.08477827906608582,100000
1944,-2.009514093399048,2.009514093399048,1.0,2.756894588470459,164.368408203125,-21.3457088470459,1.0,0.36229197090487114,0.0021332610439634223,0.0,1.0,1.0,-0.272357702255249,-0.27369025349617004,0.0834750309586525,100000
1945,-6.6188859939575195,8678546.0,0.96875,3.5921013355255127,668507904.0,-5834.7822265625,0.9998779296875,0.36206873017636776,0.002130805222468915,0.0,1.0,1.0,0.2217680662870407,0.22058184444904327,0.09210827201604843,100000
1946,-1.5232994556427002,1.5232994556427002,1.0,2.8236544132232666,126.40104675292969,-1445.5191650390625,0.998779296875,0.36184562700659284,0.0021283522281292135,0.0,1.0,1.0,0.010887928307056427,0.009314409457147121,0.0834505707025528,100000
1947,-0.5494765639305115,0.5494765639305115,1.0,2.725557327270508,52.14316940307617,-54.94314956665039,0.9730224609375,0.36162266131078413,0.0021259020576896827,0.0,1.0,1.0,0.0642385482788086,0.06291496008634567,0.08528446406126022,100000
1948,-1.9212677478790283,1.9212677478790283,1.0,2.765134334564209,157.50730895996094,-49.49956130981445,1.0,0.36139983300423156,0.0021234547078994334,0.0,1.0,1.0,-0.2867928445339203,-0.2882641553878784,0.08389558643102646,100000
1949,-0.5530638694763184,0.5530638694763184,1.0,2.633002519607544,53.13245391845703,-4808.98388671875,1.0,0.361177142002277,0.002121010175511318,0.0,1.0,1.0,-0.2604448199272156,-0.26185983419418335,0.08510543406009674,100000
1950,-0.40565645694732666,0.40565645694732666,1.0,2.5612754821777344,42.330177307128906,-7.830494403839111,1.0,0.36095458822031495,0.00211856845728193,0.0,1.0,1.0,-0.11120016872882843,-0.11249461770057678,0.07977689802646637,100000
1951,-3.8320865631103516,4257.5888671875,0.96875,3.678009510040283,327964.21875,-1298.8380126953125,0.9688720703125,0.36073217157379184,0.002116129549971594,0.0,1.0,1.0,-0.08977216482162476,-0.09105250984430313,0.0799730122089386,100000
1952,-50.97270965576172,1722.374755859375,0.96875,3.6015138626098633,132677.484375,-181.25704956054688,0.9725341796875,0.3605098919782059,0.002113693450344364,0.0,1.0,1.0,-0.0008307155221700668,-0.002178184688091278,0.07726119458675385,100000
1953,-2.4403295516967773,2.4403295516967773,1.0,2.741332530975342,197.67393493652344,-260.99005126953125,1.0,0.36028774934910796,0.002111260155168022,0.0,1.0,1.0,-0.3872411847114563,-0.38860321044921875,0.07086717337369919,100000
1954,-44.90065002441406,44.90065002441406,1.0,2.6318953037261963,3469.2333984375,-4490.19482421875,1.0,0.3600657436021005,0.0021088296612140683,0.0,1.0,1.0,-0.053987786173820496,-0.055545881390571594,0.0721375122666359,100000
1955,-13.765324592590332,13.765324592590332,1.0,2.8132801055908203,1069.4835205078125,-3937.57470703125,1.0,0.3598438746528381,0.00210640196525772,0.0,1.0,1.0,-0.19115135073661804,-0.19272151589393616,0.07423911988735199,100000
1956,-0.7512454986572266,0.7512454986572266,1.0,2.7305805683135986,67.646728515625,-525.4949340820312,1.0,0.35962214241702745,0.002103977064077909,0.0,1.0,1.0,-0.06938040256500244,-0.07065209746360779,0.07834693789482117,100000
1957,-0.39479541778564453,0.39479541778564453,1.0,2.4909982681274414,42.0349006652832,-194.60047912597656,1.0,0.35940054681042705,0.002101554954457273,0.0,1.0,1.0,-0.21546092629432678,-0.21668148040771484,0.07927194982767105,100000
1958,-0.45335328578948975,0.45335328578948975,1.0,2.5953969955444336,45.74142837524414,-453.3729248046875,1.0,0.35917908774884727,0.0020991356331821528,0.0,1.0,1.0,-0.16912707686424255,-0.1703874170780182,0.07672380656003952,100000
1959,-0.5926973223686218,0.5926973223686218,1.0,2.632619857788086,56.18836212158203,-181.9967041015625,0.9996337890625,0.35895776514815053,0.002096719097042592,0.0,1.0,1.0,-0.2946075201034546,-0.2957627475261688,0.08462528884410858,100000
1960,-4.581645965576172,118.27133178710938,0.96875,3.4195058345794678,9114.9052734375,-7270.7607421875,0.9986572265625,0.3587365789242508,0.002094305342832327,0.0,1.0,1.0,-0.39454522728919983,-0.39580196142196655,0.08117938041687012,100000
1961,-1.8682669401168823,1.8682669401168823,1.0,2.7398290634155273,153.6195831298828,-59658.97265625,1.0,0.35851552899311423,0.002091894367348786,0.0,1.0,1.0,-0.37729066610336304,-0.3786036968231201,0.08463159203529358,100000
1962,-1.0901046991348267,1.0901046991348267,1.0,2.8335695266723633,92.9557113647461,-2590506.5,1.0,0.35829461527075845,0.0020894861673930835,0.0,1.0,1.0,-0.20542073249816895,-0.20667199790477753,0.07552321255207062,100000
1963,-0.617829442024231,0.617829442024231,1.0,2.598639965057373,58.38603210449219,-267.2245178222656,1.0,0.358073837673253,0.0020870807397700185,0.0,1.0,1.0,-0.15709328651428223,-0.15890076756477356,0.07825873047113419,100000
1964,-0.9778549075126648,0.9778549075126648,1.0,2.8398594856262207,84.26066589355469,-25338.47265625,0.999755859375,0.3578531961167192,0.0020846780812880652,0.0,1.0,1.0,-0.16950568556785583,-0.17076852917671204,0.08661000430583954,100000
1965,-0.3887471556663513,0.3887471556663513,1.0,2.651043176651001,40.336181640625,-38.20328903198242,1.0,0.35763269051732965,0.0020822781887593735,0.0,1.0,1.0,-0.10546138137578964,-0.10700371861457825,0.08900187909603119,100000
1966,-0.6185322403907776,0.6185322403907776,1.0,2.5383808612823486,58.90434646606445,-473.03204345703125,1.0,0.35741232079130925,0.0020798810589997647,0.0,1.0,1.0,-0.3039337992668152,-0.3050641417503357,0.08303774893283844,100000
1967,-0.7896309494972229,0.7896309494972229,1.0,2.752394199371338,70.43553161621094,-151.98016357421875,1.0,0.3571920868549339,0.002077486688828724,0.0,1.0,1.0,-0.22516971826553345,-0.22646485269069672,0.08246718347072601,100000
1968,-1.240617275238037,1.240617275238037,1.0,2.6320300102233887,106.10214233398438,-73182.625,0.9947509765625,0.35697198862453156,0.0020750950750693968,0.0,1.0,1.0,-0.3220742642879486,-0.3234960436820984,0.09360012412071228,100000
1969,-88.39370727539062,88.39370727539062,1.0,2.648259162902832,6819.37451171875,-590.3672485351562,0.9925537109375,0.35675202601648154,0.002072706214548589,0.0,1.0,1.0,-0.339114248752594,-0.3402750790119171,0.08520324528217316,100000
1970,-1983.338134765625,1983.338134765625,1.0,2.868529796600342,152785.140625,-125547.6328125,0.9996337890625,0.35653219894721455,0.0020703201040967573,0.0,1.0,1.0,-0.14767497777938843,-0.14909695088863373,0.08016859740018845,100000
1971,-3.542233943939209,3.542233943939209,1.0,2.939272403717041,281.02886962890625,-155.95225524902344,1.0,0.35631250733321296,0.002067936740548007,0.0,1.0,1.0,-0.19231480360031128,-0.19381633400917053,0.07921072840690613,100000
1972,-1.169559121131897,1.169559121131897,1.0,2.7945785522460938,99.37642669677734,-610.88671875,1.0,0.35609295109101063,0.002065556120740089,0.0,1.0,1.0,-0.39490580558776855,-0.3959992229938507,0.07527600973844528,100000
1973,-3.8708066940307617,87.56427764892578,0.96875,3.424821615219116,6749.501953125,-127.64936828613281,0.970947265625,0.35587353013719286,0.002063178241514394,0.0,1.0,1.0,-0.45333823561668396,-0.4546109735965729,0.08178231120109558,100000
1974,-3.583125352859497,150.61590576171875,0.96875,2.977792739868164,11609.8095703125,-3861.107666015625,0.9971923828125,0.35565424438839616,0.0020608030997159494,0.0,1.0,1.0,-0.057066433131694794,-0.05859501659870148,0.08292084187269211,100000
1975,-4.1457600593566895,2129.576171875,0.96875,3.253831386566162,164046.921875,-10461.4736328125,0.9996337890625,0.3554350937613086,0.0020584306921934145,0.0,1.0,1.0,-0.42063891887664795,-0.4218166768550873,0.09083716571331024,100000
1976,-13.484578132629395,406.0349426269531,0.96875,3.2460172176361084,31282.65625,-531.849365234375,0.98681640625,0.35521607817266954,0.0020560610157990765,0.0,1.0,1.0,-0.1585073173046112,-0.1599409282207489,0.08712015300989151,100000
1977,-1.7579714059829712,1.7579714059829712,1.0,2.6600847244262695,145.73779296875,-1108.09228515625,1.0,0.3549971975392695,0.0020536940673888445,0.0,1.0,1.0,-0.16144751012325287,-0.16268546879291534,0.08361106365919113,100000
1978,-0.8289527893066406,0.8289527893066406,1.0,2.679185390472412,74.02841186523438,-3812.405517578125,1.0,0.3547784517779506,0.0020513298438222505,0.0,1.0,1.0,-0.4871353507041931,-0.4883780777454376,0.07629203796386719,100000
1979,-0.6890997290611267,0.6890997290611267,1.0,2.727832794189453,62.88081359863281,-16.811189651489258,1.0,0.3545598408056058,0.0020489683419624392,0.0,1.0,1.0,-0.11877089738845825,-0.12019400298595428,0.07581472396850586,100000
1980,-2.2120532989501953,2.2120532989501953,1.0,2.8971107006073,178.889892578125,-222.9808349609375,1.0,0.3543413645391796,0.002046609558676167,0.0,1.0,1.0,-0.29084229469299316,-0.292265385389328,0.07491205632686615,100000
1981,-1.1980520486831665,1.1980520486831665,1.0,2.7435717582702637,101.96414184570312,-919.3138427734375,0.999267578125,0.35412302289566755,0.002044253490833798,0.0,1.0,1.0,-0.1189248114824295,-0.12032812833786011,0.07496865093708038,100000
1982,-1.19281005859375,1.19281005859375,1.0,2.799406051635742,101.1302490234375,-604.615966796875,1.0,0.3539048157921162,0.002041900135309298,0.0,1.0,1.0,-0.49464067816734314,-0.49587661027908325,0.07589815557003021,100000
1983,-0.45511528849601746,0.45511528849601746,1.0,2.4747536182403564,46.80646896362305,-1.5584464073181152,1.0,0.35368674314562343,0.002039549488980233,0.0,1.0,1.0,-0.13306072354316711,-0.13437364995479584,0.07750741392374039,100000
1984,-0.3663614094257355,0.3663614094257355,1.0,2.4453530311584473,40.19623565673828,-84.1613540649414,1.0,0.35346880487333826,0.0020372015487277626,0.0,1.0,1.0,-0.08992810547351837,-0.09135079383850098,0.06841091811656952,100000
1985,-1.037723183631897,1.037723183631897,1.0,2.831385612487793,88.93758392333984,-434.6321105957031,1.0,0.3532510008924604,0.002034856311436637,0.0,1.0,1.0,-0.046809542924165726,-0.04822968691587448,0.07167568802833557,100000
1986,-0.7138866186141968,0.7138866186141968,1.0,2.683851718902588,65.1289291381836,-112.18277740478516,1.0,0.353033331120241,0.0020325137739951914,0.0,1.0,1.0,-0.37877321243286133,-0.3798665702342987,0.07389815896749496,100000
1987,-3.508568286895752,1811314.75,0.96875,2.8644967079162598,139525456.0,-401745.90625,0.994873046875,0.35281579547398195,0.0020301739332953465,0.0,1.0,1.0,-0.20882613956928253,-0.2102019488811493,0.07304172962903976,100000
1988,-0.3760095238685608,0.3760095238685608,1.0,2.5836000442504883,39.87451171875,-77.28302001953125,1.0,0.35259839387103614,0.0020278367862325984,0.0,1.0,1.0,-0.3844571113586426,-0.38558852672576904,0.07256510853767395,100000
1989,-0.4424687623977661,0.4424687623977661,1.0,2.6195125579833984,44.71723175048828,-689.3861083984375,0.9996337890625,0.3523811262288074,0.002025502329706017,0.0,1.0,1.0,-0.5611485838890076,-0.5623984932899475,0.07015486806631088,100000
1990,-3.722292900085449,3.722292900085449,1.0,2.8869190216064453,295.30206298828125,-1092827.5,0.999755859375,0.3521639924647505,0.0020231705606182423,0.0,1.0,1.0,-0.11279851198196411,-0.1142929345369339,0.06730885803699493,100000
1991,-3.9959659576416016,23800.11328125,0.96875,4.47302770614624,1833317.875,-13142.236328125,0.99462890625,0.35194699249637107,0.002020841475875482,0.0,1.0,1.0,-0.3294450044631958,-0.33071988821029663,0.06815190613269806,100000
1992,-13.590018272399902,1881.1094970703125,0.96875,3.354491710662842,144906.734375,-8547.58203125,0.9998779296875,0.3517301262412255,0.002018515072387503,0.0,1.0,1.0,-0.1674598604440689,-0.16876842081546783,0.07384881377220154,100000
1993,-3.524369478225708,3.524369478225708,1.0,2.6726319789886475,281.7066955566406,-32.694786071777344,0.99267578125,0.35151339361692086,0.00201619134706763,0.0,1.0,1.0,-0.4416825771331787,-0.44299396872520447,0.07032357901334763,100000
1994,-0.8445642590522766,0.8445642590522766,1.0,2.6914258003234863,75.13667297363281,-67.90953063964844,0.982666015625,0.3512967945411154,0.002013870296832742,0.0,1.0,1.0,-0.2390289306640625,-0.2401706576347351,0.0688529834151268,100000
1995,-0.5074160099029541,0.5074160099029541,1.0,2.600706100463867,49.86498260498047,-132.29295349121094,1.0,0.3510803289315178,0.0020115519186032675,0.0,1.0,1.0,-0.2386738508939743,-0.23966002464294434,0.0724310427904129,100000
1996,-1.3577306270599365,1.3577306270599365,1.0,2.8032279014587402,113.80463409423828,-2711.985107421875,0.9998779296875,0.3508639967058873,0.0020092362093031783,0.0,1.0,1.0,-0.10397709161043167,-0.10538226366043091,0.07039248198270798,100000
1997,-3.9059109687805176,1675.31982421875,0.96875,3.625556468963623,129052.6875,-396.5948791503906,0.9998779296875,0.3506477977820343,0.0020069231658599897,0.0,1.0,1.0,-0.4092828929424286,-0.4104915261268616,0.07346682995557785,100000
1998,-0.4778110682964325,0.4778110682964325,1.0,2.573857307434082,47.79132843017578,-133.25563049316406,0.997802734375,0.3504317320778194,0.0020046127852047534,0.0,1.0,1.0,-0.5082984566688538,-0.5097197890281677,0.07096192240715027,100000
1999,-0.9861125946044922,0.9861125946044922,1.0,2.620635986328125,86.58543395996094,-4.263052940368652,0.9991455078125,0.3502157995111539,0.002002305064272052,0.0,1.0,1.0,-0.30810102820396423,-0.30929937958717346,0.08114011585712433,100000
2000,-0.8381075859069824,0.8381075859069824,1.0,2.629551410675049,75.11593627929688,-16.83907127380371,1.0,0.35000000000000003,0.002,0.0,1.0,1.0,-0.3121618330478668,-0.31342756748199463,0.07793678343296051,100000
