episode,reward,cost,feasible,latency_s,ppl_hat,candidate_reward,candidate_feasible,temperature,entropy_coef,hard_batch_fraction,state_weight_mean,state_weight_max,policy_loss,loss,replay_loss,buffer
1,-0.1387024223804474,0.1387024223804474,1.0,4.431419372558594,12.567131042480469,-268.5132751464844,0.983642578125,1.2,0.02,0.0,1.0,1.0,0.3215341866016388,0.24017983675003052,0.12605828046798706,558
2,-0.1753142774105072,0.1753142774105072,1.0,4.722282409667969,13.430811882019043,-476.337158203125,1.0,1.1970405842594627,0.019907924619968473,0.0,1.0,1.0,0.3413325846195221,0.2691146731376648,0.1414388120174408,878
3,-0.2519823908805847,0.2519823908805847,1.0,4.48758602142334,16.023435592651367,-99.96022033691406,0.99853515625,1.1940884669701965,0.01981627313371734,0.0,1.0,1.0,0.25558215379714966,0.18893826007843018,0.13439838588237762,1198
4,-0.22289155423641205,0.22289155423641205,1.0,4.662809371948242,14.95962905883789,-223.8644256591797,0.99169921875,1.1911436301329086,0.019725043589737562,0.0,1.0,1.0,-0.4752732515335083,-0.5393491983413696,0.14638841152191162,1518
5,-0.780666172504425,0.780666172504425,1.0,4.635067939758301,32.260719299316406,-34264.07421875,0.993408203125,1.1882060557926954,0.019634234045504385,0.0,1.0,1.0,0.06056657433509827,-0.004144914448261261,0.14328615367412567,1838
6,-0.9204254150390625,0.9204254150390625,1.0,4.686684608459473,36.541358947753906,-433.12677001953125,1.0,1.1852757260389333,0.019543842567436,0.0,1.0,1.0,-0.07195830345153809,-0.12495238333940506,0.14932504296302795,2158
7,-0.15238648653030396,0.15238648653030396,1.0,4.7039384841918945,12.737739562988281,-743.9505004882812,0.99169921875,1.1823526230051695,0.019453867230852347,0.0,1.0,1.0,-0.015574246644973755,-0.08275920152664185,0.13823682069778442,2478
8,-0.15583950281143188,0.15583950281143188,1.0,4.582414627075195,12.957600593566895,-346.9089660644531,1.0,1.1794367288690137,0.019364306119934168,0.0,1.0,1.0,0.25082147121429443,0.18163585662841797,0.14657431840896606,2798
9,-0.29921600222587585,0.29921600222587585,1.0,4.856918811798096,17.14318084716797,-454.1653747558594,0.991943359375,1.176528025852028,0.01927515732768218,0.0,1.0,1.0,0.09941429644823074,0.046003296971321106,0.1524403691291809,3118
10,-0.3702700734138489,0.3702700734138489,1.0,4.787518501281738,19.408340454101562,-2837.768798828125,0.999267578125,1.1736264962196201,0.01918641895587649,0.0,1.0,1.0,0.26983898878097534,0.2062251716852188,0.13675260543823242,3438
11,-0.1532232165336609,0.1532232165336609,1.0,4.845124244689941,12.632472038269043,-119.1079330444336,0.988037109375,1.1707321222809335,0.019098089115036167,0.0,1.0,1.0,0.17156824469566345,0.11569934338331223,0.1402541995048523,3758
12,-0.23584741353988647,0.23584741353988647,1.0,4.71303653717041,15.314227104187012,-1994.6021728515625,1.0,1.1678448863887412,0.01901016592437902,0.0,1.0,1.0,0.7615096569061279,0.7046317458152771,0.1368924379348755,4078
13,-0.16864259541034698,0.16864259541034698,1.0,4.76718807220459,13.182453155517578,-673.8583984375,1.0,1.1649647709393374,0.01892264751178154,0.0,1.0,1.0,0.3558748662471771,0.2910071909427643,0.13863974809646606,4398
14,-0.21589073538780212,0.21589073538780212,1.0,5.043487548828125,14.389090538024902,-328.8858642578125,0.998779296875,1.1620917583724295,0.018835532013739047,0.0,1.0,1.0,0.07552573084831238,0.02176690474152565,0.13666778802871704,4718
15,-0.18916921317577362,0.18916921317577362,1.0,4.780068397521973,13.806232452392578,-118.12793731689453,0.988037109375,1.1592258311710328,0.018748817575325993,0.0,1.0,1.0,0.06123611703515053,0.010660391300916672,0.13740697503089905,5038
16,-0.23408962786197662,0.23408962786197662,1.0,4.866568565368652,15.1171293258667,-191.93577575683594,0.9970703125,1.1563669718613623,0.018662502350156495,0.0,1.0,1.0,0.23799951374530792,0.185264453291893,0.13950896263122559,5358
17,-0.21217946708202362,0.21217946708202362,1.0,4.647038459777832,14.642508506774902,-1988.503173828125,0.994873046875,1.1535151630127256,0.018576584500344998,0.0,1.0,1.0,0.1506786346435547,0.10340439528226852,0.12777039408683777,5678
18,-0.14699649810791016,0.14699649810791016,1.0,4.593003749847412,12.673877716064453,-8584.1328125,1.0,1.1506703872374187,0.018491062196467147,0.0,1.0,1.0,0.3801494240760803,0.32155221700668335,0.14331091940402985,5998
19,-0.3661711812019348,0.3661711812019348,1.0,4.6854095458984375,19.376264572143555,-55.270626068115234,0.9970703125,1.1478326271906183,0.018405933617520832,0.0,1.0,1.0,0.06563139706850052,0.01056649535894394,0.151890367269516,6318
20,-0.1826772689819336,0.1826772689819336,1.0,4.571194171905518,13.79924201965332,-3394.178955078125,1.0,1.1450018655702765,0.018321196950887415,0.0,1.0,1.0,0.2053614854812622,0.15654632449150085,0.14212949573993683,6638
21,-0.1867775022983551,0.1867775022983551,1.0,4.68150520324707,13.823738098144531,-343.4145812988281,0.982421875,1.1421780851170156,0.018236850392293145,0.0,1.0,1.0,0.30848991870880127,0.25384092330932617,0.14173740148544312,6958
22,-0.17243076860904694,0.17243076860904694,1.0,4.557145118713379,13.494942665100098,-135.0948028564453,0.96337890625,1.1393612686140222,0.018152892145770722,0.0,1.0,1.0,0.39594072103500366,0.33687448501586914,0.12049144506454468,7278
23,-0.14859896898269653,0.14859896898269653,1.0,4.678513526916504,12.644058227539062,-184.1049041748047,1.0,1.1365513988869433,0.01806932042362106,0.0,1.0,1.0,0.37097808718681335,0.3099175989627838,0.12850290536880493,7598
24,-0.23633483052253723,0.23633483052253723,1.0,4.696372985839844,15.344804763793945,-28.03359031677246,0.998291015625,1.1337484588037803,0.017986133446375244,0.0,1.0,1.0,0.46238622069358826,0.40310463309288025,0.1429450809955597,7918
25,-0.29639291763305664,0.29639291763305664,1.0,5.173334121704102,16.76174545288086,-988.5718994140625,1.0,1.1309524312747854,0.017903329442756605,0.0,1.0,1.0,0.4573432207107544,0.3986700475215912,0.1316780149936676,8238
26,-0.15444621443748474,0.15444621443748474,1.0,4.68931245803833,12.81512451171875,-82.7867431640625,0.99609375,1.1281632992523576,0.017820906649643035,0.0,1.0,1.0,0.08783926069736481,0.04158686101436615,0.13433097302913666,8558
27,-0.21493372321128845,0.21493372321128845,1.0,4.658768653869629,14.716914176940918,-412.9099426269531,0.996826171875,1.1253810457309377,0.01773886331202942,0.0,1.0,1.0,0.10850520431995392,0.05761270597577095,0.15557602047920227,8878
28,-0.2602319121360779,0.2602319121360779,1.0,4.9370880126953125,15.86128044128418,-10103.89453125,0.994873046875,1.1226056537469056,0.0176571976829903,0.0,1.0,1.0,-0.17801544070243835,-0.22337158024311066,0.14683575928211212,9198
29,-0.19045956432819366,0.19045956432819366,1.0,4.553442001342773,14.056768417358398,-188.11929321289062,1.0,1.1198371063784769,0.01757590802364264,0.0,1.0,1.0,0.2720022201538086,0.22380979359149933,0.1245032325387001,9518
30,-0.17078766226768494,0.17078766226768494,1.0,4.928518295288086,13.098989486694336,-148.61566162109375,0.994873046875,1.1170753867455983,0.017494992603108838,0.0,1.0,1.0,0.06866434961557388,0.028410345315933228,0.14398929476737976,9838
31,-0.1636679619550705,0.1636679619550705,1.0,4.590911865234375,13.192167282104492,-260.13177490234375,0.99951171875,1.114320478009847,0.01741444969847984,0.0,1.0,1.0,-0.11318834125995636,-0.15931813418865204,0.14424508810043335,10158
32,-0.20664873719215393,0.20664873719215393,1.0,4.90857458114624,14.228203773498535,-8232.2646484375,0.986083984375,1.111572363374326,0.017334277594778465,0.0,1.0,1.0,-0.3380672037601471,-0.38390177488327026,0.1411460041999817,10478
33,-0.4653429090976715,0.4653429090976715,1.0,4.9652605056762695,22.187772750854492,-295.9768981933594,1.0,1.1088310260835625,0.017254474584922904,0.0,1.0,1.0,0.23969346284866333,0.201827734708786,0.15031346678733826,10798
34,-0.21941736340522766,0.21941736340522766,1.0,4.692056179046631,14.824851989746094,-192.52676391601562,1.0,1.106096449423406,0.01717503896969035,0.0,1.0,1.0,0.15922346711158752,0.11747720092535019,0.142614483833313,11118
35,-0.22102418541908264,0.22102418541908264,1.0,4.75669527053833,14.814558029174805,-169.93345642089844,0.994140625,1.103368616720926,0.01709596905768082,0.0,1.0,1.0,-0.5056421160697937,-0.54268878698349,0.1261415183544159,11438
36,-0.15408581495285034,0.15408581495285034,1.0,4.493992805480957,12.985444068908691,-122.73516845703125,1.0,1.1006475113443104,0.01701726316528116,0.0,1.0,1.0,0.1947777271270752,0.15033116936683655,0.12495550513267517,11758
37,-0.1580618917942047,0.1580618917942047,1.0,4.811336517333984,12.813728332519531,-327.6978454589844,0.998291015625,1.0979331167027642,0.016938919616629175,0.0,1.0,1.0,0.24359586834907532,0.189660906791687,0.13530558347702026,12078
38,-0.18606670200824738,0.18606670200824738,1.0,4.903111457824707,13.595817565917969,-125.1489028930664,0.99755859375,1.0952254162464081,0.016860936743577942,0.0,1.0,1.0,0.10178304463624954,0.053107813000679016,0.1248248964548111,12398
39,-0.17744258046150208,0.17744258046150208,1.0,4.636631011962891,13.576313018798828,-248.92779541015625,0.9990234375,1.092524393466178,0.016783312885660318,0.0,1.0,1.0,0.0303493645042181,-0.010167842730879784,0.1324511170387268,12718
40,-0.14461824297904968,0.14461824297904968,1.0,4.519878387451172,12.668163299560547,-63.64091110229492,0.99951171875,1.0898300318937242,0.016706046390053558,0.0,1.0,1.0,-0.3658546209335327,-0.4102150797843933,0.1339026391506195,13038
41,-0.17734496295452118,0.17734496295452118,1.0,5.007038116455078,13.22912311553955,-64.31288146972656,0.993896484375,1.0871423151013104,0.01662913561154413,0.0,1.0,1.0,0.11279727518558502,0.06547999382019043,0.13075879216194153,13358
42,-0.22251757979393005,0.22251757979393005,1.0,4.686642646789551,14.925901412963867,-1673.68310546875,1.0,1.0844612267017146,0.016552578912492694,0.0,1.0,1.0,0.26439160108566284,0.2202380895614624,0.13206100463867188,13678
43,-0.15632155537605286,0.15632155537605286,1.0,4.634018421173096,12.924583435058594,-105.48773193359375,1.0,1.0817867503481284,0.016476374662799213,0.0,1.0,1.0,-0.2967161238193512,-0.34364569187164307,0.11954843252897263,13998
44,-0.21777355670928955,0.21777355670928955,1.0,4.945549488067627,14.538403511047363,-1334.455810546875,1.0,1.0791188697340577,0.01640052123986826,0.0,1.0,1.0,0.15866157412528992,0.10696431994438171,0.12165682762861252,14318
45,-0.14602136611938477,0.14602136611938477,1.0,4.508445739746094,12.722244262695312,-14.021835327148438,0.99951171875,1.076457568593223,0.01632501702857446,0.0,1.0,1.0,-0.20627284049987793,-0.24848738312721252,0.12151632457971573,14638
46,-0.24672982096672058,0.24672982096672058,1.0,4.600647926330566,15.755701065063477,-2154.24658203125,0.999755859375,1.0738028306994603,0.016249860421228102,0.0,1.0,1.0,-0.00832432135939598,-0.049977194517850876,0.14158304035663605,14958
47,-0.23341289162635803,0.23341289162635803,1.0,5.030780792236328,14.943591117858887,-43.08068084716797,0.999755859375,1.0711546398666225,0.01617504981754091,0.0,1.0,1.0,-0.2901546359062195,-0.3291054368019104,0.14242786169052124,15278
48,-0.17156830430030823,0.17156830430030823,1.0,4.684815406799316,13.349605560302734,-1558.5908203125,1.0,1.0685129799484803,0.016100583624591963,0.0,1.0,1.0,-0.09368857741355896,-0.12707380950450897,0.13228744268417358,15598
49,-0.18647494912147522,0.18647494912147522,1.0,4.5186967849731445,13.965641021728516,-29.8132381439209,0.994873046875,1.0658778348386235,0.016026460256793777,0.0,1.0,1.0,-0.3683396577835083,-0.4022560715675354,0.13009648025035858,15918
50,-0.20634926855564117,0.20634926855564117,1.0,4.597190856933594,14.50825309753418,-44.08857345581055,1.0,1.0632491884703643,0.015952678135858555,0.0,1.0,1.0,-0.27427881956100464,-0.31048911809921265,0.131263867020607,16238
51,-0.3152977228164673,0.3152977228164673,1.0,4.601008415222168,17.87904167175293,-187.17501831054688,0.999755859375,1.060627024816637,0.015879235690764566,0.0,1.0,1.0,-0.18477076292037964,-0.21898649632930756,0.12849244475364685,16558
52,-0.17736020684242249,0.17736020684242249,1.0,4.858059406280518,13.368021011352539,-352.6421813964844,0.99609375,1.0580113278899026,0.015806131357722696,0.0,1.0,1.0,-0.0781940221786499,-0.1122465431690216,0.1360199749469757,16878
53,-0.18400946259498596,0.18400946259498596,1.0,4.606997489929199,13.807235717773438,-1162.887451171875,1.0,1.055402081742049,0.015733363580143166,0.0,1.0,1.0,-0.8422145247459412,-0.8750307559967041,0.14612312614917755,17198
54,-0.173749640583992,0.173749640583992,1.0,4.841621398925781,13.271467208862305,-26596.080078125,0.986083984375,1.0527992704642966,0.015660930808602373,0.0,1.0,1.0,0.09861971437931061,0.07264594733715057,0.1392090618610382,17518
55,-0.18088337779045105,0.18088337779045105,1.0,4.662703990936279,13.658655166625977,-95.61332702636719,1.0,1.050202878187098,0.0155888315008099,0.0,1.0,1.0,-0.28310710191726685,-0.31195229291915894,0.12338815629482269,17838
56,-0.26139143109321594,0.26139143109321594,1.0,4.788393974304199,16.03535270690918,-75.72437286376953,0.9990234375,1.0476128890800442,0.015517064121575672,0.0,1.0,1.0,-0.11842302978038788,-0.1511002629995346,0.11830021440982819,18158
57,-0.2240205705165863,0.2240205705165863,1.0,4.746757507324219,14.916595458984375,-383.72332763671875,1.0,1.0450292873517666,0.01544562714277729,0.0,1.0,1.0,0.295449823141098,0.2597638666629791,0.11168478429317474,18478
58,-0.20239701867103577,0.20239701867103577,1.0,4.723204612731934,14.268758773803711,-43.18085479736328,0.997314453125,1.0424520572498406,0.015374519043327465,0.0,1.0,1.0,-0.35460999608039856,-0.3881361782550812,0.11807045340538025,18798
59,-0.23153439164161682,0.23153439164161682,1.0,4.9234089851379395,14.985176086425781,-223.1435089111328,0.99951171875,1.03988118306069,0.015303738309141649,0.0,1.0,1.0,0.4799697995185852,0.44221633672714233,0.1161125898361206,19118
60,-0.2855427861213684,0.2855427861213684,1.0,4.972596168518066,16.612213134765625,-528.79248046875,1.0,1.0373166491094916,0.015233283433105784,0.0,1.0,1.0,-0.02069125324487686,-0.061756279319524765,0.125769704580307,19438
61,-0.18454651534557343,0.18454651534557343,1.0,4.606520652770996,13.824312210083008,-111.53607940673828,0.966796875,1.0347584397600782,0.015163152915044225,0.0,1.0,1.0,-0.15723922848701477,-0.19212400913238525,0.12666267156600952,19758
62,-0.3358533978462219,0.3358533978462219,1.0,4.636643409729004,18.482576370239258,-384.4436950683594,0.998779296875,1.0322065394148452,0.015093345261687784,0.0,1.0,1.0,-0.4312686324119568,-0.4669240415096283,0.14091944694519043,20078
63,-0.18524274230003357,0.18524274230003357,1.0,4.95169734954834,13.525152206420898,-2265.423583984375,1.0,1.0296609325146537,0.015023858986641934,0.0,1.0,1.0,-0.4602798819541931,-0.49222347140312195,0.1287844032049179,20398
64,-0.32622286677360535,0.32622286677360535,1.0,4.979917526245117,17.865346908569336,-1305.173095703125,0.995849609375,1.027121603538737,0.014954692610355178,0.0,1.0,1.0,0.09924063086509705,0.06852015852928162,0.12449704110622406,20718
65,-0.34135138988494873,0.34135138988494873,1.0,5.029894828796387,18.28746795654297,-31.953798294067383,1.0,1.0245885370046048,0.014885844660087522,0.0,1.0,1.0,-0.01866929978132248,-0.04712052643299103,0.1298629641532898,21038
66,-0.16095802187919617,0.16095802187919617,1.0,4.626715660095215,13.074969291687012,-43.30463409423828,0.99951171875,1.0220617174679503,0.014817313669879128,0.0,1.0,1.0,-0.3501874804496765,-0.3821430802345276,0.12915240228176117,21358
67,-0.1942157745361328,0.1942157745361328,1.0,4.75078010559082,13.989748001098633,-118.1857681274414,0.994384765625,1.0195411295225545,0.014749098180519105,0.0,1.0,1.0,-0.11914877593517303,-0.1494203358888626,0.13665077090263367,21678
68,-0.22071561217308044,0.22071561217308044,1.0,4.734210968017578,14.825892448425293,-188.7119598388672,0.997802734375,1.0170267578001926,0.014681196739514424,0.0,1.0,1.0,-0.16374048590660095,-0.18937596678733826,0.14467695355415344,21998
69,-0.22878003120422363,0.22878003120422363,1.0,4.632765293121338,15.169919967651367,-329.08477783203125,0.999755859375,1.0145185869705415,0.014613607901059006,0.0,1.0,1.0,0.09248730540275574,0.06649227440357208,0.13283251225948334,22318
70,-0.16926349699497223,0.16926349699497223,1.0,4.789773464202881,13.18069839477539,-203.56805419921875,1.0,1.0120166017410845,0.014546330226002917,0.0,1.0,1.0,0.025213070213794708,-0.005383975803852081,0.14312991499900818,22638
71,-0.17680777609348297,0.17680777609348297,1.0,4.344632148742676,13.827964782714844,-8136.8486328125,1.0,1.00952078685702,0.01447936228182175,0.0,1.0,1.0,0.023505568504333496,-0.005479862913489342,0.13420099020004272,22958
72,-0.14168155193328857,0.14168155193328857,1.0,4.5750579833984375,12.525938034057617,-37.8392448425293,1.0,1.0070311271011665,0.014412702642586107,0.0,1.0,1.0,-0.012000583112239838,-0.04101426899433136,0.13680261373519897,23278
73,-0.17676982283592224,0.17676982283592224,1.0,4.481474876403809,13.699640274047852,-29.706436157226562,1.0,1.0045476072938713,0.014346349888931229,0.0,1.0,1.0,0.1711023449897766,0.14177446067333221,0.1334100365638733,23598
74,-0.31927263736724854,0.31927263736724854,1.0,4.748688697814941,17.864933013916016,-111.67610931396484,0.997802734375,1.0020702122929177,0.0142803026080268,0.0,1.0,1.0,-0.29030898213386536,-0.3190233111381531,0.12523849308490753,23918
75,-0.23483574390411377,0.23483574390411377,1.0,4.620408058166504,15.368959426879883,-15267.365234375,1.0,0.9995989269934317,0.014214559393546836,0.0,1.0,1.0,0.41097307205200195,0.3775331377983093,0.1201111376285553,24238
76,-0.31949108839035034,0.31949108839035034,1.0,4.682391166687012,17.933300018310547,-477.6014404296875,0.999267578125,0.9971337363277911,0.014149118845639758,0.0,1.0,1.0,-0.09468063712120056,-0.1281052976846695,0.10915200412273407,24558
77,-0.17984610795974731,0.17984610795974731,1.0,4.7349090576171875,13.559438705444336,-66.97273254394531,1.0,0.9946746252655335,0.014083979570898582,0.0,1.0,1.0,-0.13131418824195862,-0.16582976281642914,0.1130688339471817,24878
78,-0.24241283535957336,0.24241283535957336,1.0,4.540997505187988,15.677419662475586,-453.2572937011719,0.998046875,0.9922215788132638,0.014019140182331245,0.0,1.0,1.0,0.17537489533424377,0.13431622087955475,0.11580263078212738,25198
79,-0.19091707468032837,0.19091707468032837,1.0,4.810869216918945,13.831748962402344,-718.4883422851562,0.999755859375,0.9897745820145633,0.013954599299331074,0.0,1.0,1.0,0.22978775203227997,0.19521552324295044,0.11939994245767593,25518
80,-0.1349664032459259,0.1349664032459259,1.0,4.246209144592285,12.623510360717773,-32.0593147277832,1.0,0.9873336199498985,0.013890355547647395,0.0,1.0,1.0,-0.6862845420837402,-0.7163814902305603,0.1285601258277893,25838
81,-6.404040336608887,2.700187921524048,0.9375,7.328004360198975,89.20970153808594,-39650.6484375,0.9951171875,0.9848986777365308,0.013826407559356262,0.0,1.0,1.0,0.3720206916332245,0.3443009555339813,0.13014733791351318,26158
82,-0.35201001167297363,0.35201001167297363,1.0,4.838179588317871,18.795719146728516,-606.3325805664062,1.0,0.9824697405284243,0.013762753972831334,0.0,1.0,1.0,-0.19172737002372742,-0.2207099348306656,0.12178300321102142,26478
83,-0.15857110917568207,0.15857110917568207,1.0,4.568349838256836,13.055273056030273,-75.84146881103516,1.0,0.9800467935161565,0.013699393432714892,0.0,1.0,1.0,-0.13788121938705444,-0.16736061871051788,0.12609660625457764,26798
84,-0.15725846588611603,0.15725846588611603,1.0,4.598221778869629,12.986862182617188,-279.9861755371094,0.9951171875,0.9776298219268276,0.01363632458988896,0.0,1.0,1.0,-0.06205740571022034,-0.08685767650604248,0.12687915563583374,27118
85,-0.1603337526321411,0.1603337526321411,1.0,4.781680583953857,12.911646842956543,-151.60006713867188,0.999755859375,0.9752188110239701,0.013573546101446596,0.0,1.0,1.0,-0.15409187972545624,-0.17588013410568237,0.13285745680332184,27438
86,-0.49443045258522034,0.49443045258522034,1.0,4.7900390625,23.25147247314453,-196.48822021484375,1.0,0.9728137461074599,0.013511056630663288,0.0,1.0,1.0,-0.015252601355314255,-0.04165077209472656,0.1278129369020462,27758
87,-0.2595420181751251,0.2595420181751251,1.0,4.706524848937988,16.054141998291016,-6144.8671875,1.0,0.9704146125134253,0.013448854846968497,0.0,1.0,1.0,-0.16223040223121643,-0.1928911954164505,0.11718515306711197,28078
88,-0.19223184883594513,0.19223184883594513,1.0,4.681602478027344,13.992578506469727,-16.52698516845703,1.0,0.968021395614159,0.013386939425917324,0.0,1.0,1.0,-0.3320940434932709,-0.35899925231933594,0.12153502553701401,28398
89,-0.15562307834625244,0.15562307834625244,1.0,4.600220680236816,12.934353828430176,-108.41673278808594,0.996337890625,0.9656340808180279,0.013325309049162305,0.0,1.0,1.0,0.5372625589370728,0.5113726854324341,0.12526340782642365,28718
90,-0.28175681829452515,0.28175681829452515,1.0,4.8889570236206055,16.572669982910156,-155.49090576171875,0.98828125,0.9632526535693845,0.013263962404425346,0.0,1.0,1.0,-0.48246508836746216,-0.5076039433479309,0.12799590826034546,29038
91,-0.31236058473587036,0.31236058473587036,1.0,4.832309722900391,17.573158264160156,-314.7047424316406,0.997802734375,0.9608770993484783,0.013202898185469778,0.0,1.0,1.0,0.012473423033952713,-0.012846458703279495,0.1204468160867691,29358
92,-0.16761130094528198,0.16761130094528198,1.0,4.392122268676758,13.499006271362305,-42.592071533203125,1.0,0.958507403671367,0.013142115092072543,0.0,1.0,1.0,0.0775078535079956,0.053289055824279785,0.11205115914344788,29678
93,-0.22569122910499573,0.22569122910499573,1.0,4.682243347167969,15.028282165527344,-220.04434204101562,0.990234375,0.9561435520898282,0.01308161182999651,0.0,1.0,1.0,0.05396302789449692,0.02725263684988022,0.113897405564785,29998
94,-0.15454740822315216,0.15454740822315216,1.0,4.485726356506348,13.007421493530273,-118.31387329101562,0.999755859375,0.9537855301912717,0.013021387110962918,0.0,1.0,1.0,-0.13914407789707184,-0.1664874106645584,0.11158128827810287,30318
95,-0.23676449060440063,0.23676449060440063,1.0,4.633220195770264,15.416791915893555,-1511.34130859375,1.0,0.9514333235986511,0.012961439652623941,0.0,1.0,1.0,0.02188403159379959,-0.005502624437212944,0.1193818747997284,30638
96,-0.14806850254535675,0.14806850254535675,1.0,4.565616607666016,12.732526779174805,-22.430818557739258,0.999755859375,0.9490869179703765,0.012901768178535389,0.0,1.0,1.0,-0.4787585735321045,-0.5046401023864746,0.1210213303565979,30958
97,-0.17952367663383484,0.17952367663383484,1.0,4.781281471252441,13.506365776062012,-64.10931396484375,1.0,0.9467462990002269,0.012842371418129522,0.0,1.0,1.0,-0.12798812985420227,-0.15531069040298462,0.12158526480197906,31278
98,-0.19629108905792236,0.19629108905792236,1.0,4.722197532653809,14.080581665039062,-66.78811645507812,0.99951171875,0.9444114524172629,0.012783248106688008,0.0,1.0,1.0,0.38843464851379395,0.36140716075897217,0.11831241846084595,31598
99,-0.17249168455600739,0.17249168455600739,1.0,4.670682430267334,13.391336441040039,-88.47917175292969,1.0,0.9420823639857402,0.012724396985314976,0.0,1.0,1.0,-0.03391572833061218,-0.061168935149908066,0.11379086971282959,31918
100,-0.27323389053344727,0.27323389053344727,1.0,4.937824249267578,16.263290405273438,-1050.239501953125,0.99853515625,0.9397590195050219,0.012665816800910232,0.0,1.0,1.0,-0.11699564754962921,-0.1439841389656067,0.11287254095077515,32238
101,-0.22167807817459106,0.22167807817459106,1.0,4.624808311462402,14.957353591918945,-16.58026123046875,0.99609375,0.9374414048094928,0.012607506306142555,0.0,1.0,1.0,-0.5038661360740662,-0.5295535922050476,0.11400385200977325,32558
102,-0.15849748253822327,0.15849748253822327,1.0,4.723999500274658,12.908369064331055,-25.556055068969727,1.0,0.9351295057684723,0.012549464259423158,0.0,1.0,1.0,0.20048953592777252,0.17656414210796356,0.11733520776033401,32878
103,-0.20010387897491455,0.20010387897491455,1.0,4.734232425689697,14.187488555908203,-22.644393920898438,0.998291015625,0.932823308286129,0.012491689424879236,0.0,1.0,1.0,-0.001110302284359932,-0.025858603417873383,0.1160074770450592,33198
104,-0.14724452793598175,0.14724452793598175,1.0,4.523499488830566,12.746140480041504,-80.13265228271484,0.9970703125,0.930522798301394,0.012434180572327659,0.0,1.0,1.0,-0.195110023021698,-0.2162807285785675,0.12474522739648819,33518
105,-0.14454597234725952,0.14454597234725952,1.0,4.536116600036621,12.650836944580078,-216.06996154785156,0.99658203125,0.9282279617878758,0.012376936477248773,0.0,1.0,1.0,-0.40107810497283936,-0.4242774546146393,0.13052639365196228,33838
106,-0.1598028838634491,0.1598028838634491,1.0,4.668264389038086,13.00058650970459,-56.14836883544922,0.998779296875,0.9259387847537742,0.012319955920760335,0.0,1.0,1.0,-0.18876415491104126,-0.2113121896982193,0.1178404837846756,34158
107,-0.17307588458061218,0.17307588458061218,1.0,4.783984661102295,13.304153442382812,-200.53909301757812,0.999755859375,0.9236552532417956,0.01226323768959155,0.0,1.0,1.0,-0.1130523607134819,-0.13623665273189545,0.11195427924394608,34478
108,-0.23669177293777466,0.23669177293777466,1.0,4.589168071746826,15.455470085144043,-16.52967071533203,1.0,0.9213773533290676,0.012206780576057246,0.0,1.0,1.0,-0.1769765466451645,-0.2015819102525711,0.11775092035531998,34798
109,-0.21825608611106873,0.21825608611106873,1.0,4.470945835113525,14.994329452514648,-130.31509399414062,1.0,0.9191050711270539,0.01215058337803215,0.0,1.0,1.0,-0.23426371812820435,-0.2568955719470978,0.11728669703006744,35118
110,-0.2071692943572998,0.2071692943572998,1.0,4.752010345458984,14.389799118041992,-10.832281112670898,0.984619140625,0.9168383927814697,0.012094644898925295,0.0,1.0,1.0,-0.3656836152076721,-0.3853336274623871,0.11569838225841522,35438
111,-0.1895538866519928,0.1895538866519928,1.0,4.810276031494141,13.790079116821289,-68.0589828491211,1.0,0.9145773044721976,0.012038963947654548,0.0,1.0,1.0,-0.5301756262779236,-0.5506349205970764,0.11829717457294464,35758
112,-0.17493057250976562,0.17493057250976562,1.0,4.590630054473877,13.541254043579102,-79.61473846435547,0.97802734375,0.9123217924132034,0.011983539338621242,0.0,1.0,1.0,-0.06429821997880936,-0.08532257378101349,0.1068318709731102,36078
113,-0.5964740514755249,0.5964740514755249,1.0,5.03023099899292,26.18877601623535,-97.29318237304688,1.0,0.9100718428524511,0.011928369891684925,0.0,1.0,1.0,-0.2324523627758026,-0.25387024879455566,0.11223109066486359,36398
114,-0.27000999450683594,0.27000999450683594,1.0,4.629560470581055,16.449865341186523,-169.9956512451172,0.998779296875,0.90782744207182,0.011873454432138249,0.0,1.0,1.0,-0.20189663767814636,-0.22273999452590942,0.12677964568138123,36718
115,-0.14033690094947815,0.14033690094947815,1.0,4.376320838928223,12.668950080871582,-54.87581253051758,1.0,0.9055885763870208,0.011818791790681942,0.0,1.0,1.0,-0.4604281783103943,-0.47912102937698364,0.13625967502593994,37038
116,-0.14464733004570007,0.14464733004570007,1.0,4.485743522644043,12.700780868530273,-153.5666961669922,1.0,0.9033552321475121,0.011764380803399914,0.0,1.0,1.0,-0.017292160540819168,-0.03859248012304306,0.13256990909576416,37358
117,-0.2266574501991272,0.2266574501991272,1.0,5.220611095428467,14.55798053741455,-310.16229248046875,0.995849609375,0.9011273957364171,0.011710220311734482,0.0,1.0,1.0,-0.15880365669727325,-0.18098406493663788,0.11563265323638916,37678
118,-0.2694849967956543,0.2694849967956543,1.0,4.913405895233154,16.169872283935547,-204.0511474609375,0.998291015625,0.8989050535704407,0.011656309162461688,0.0,1.0,1.0,-0.33831626176834106,-0.35883331298828125,0.1146979033946991,37998
119,-0.15731164813041687,0.15731164813041687,1.0,4.620386123657227,12.967914581298828,-8.561279296875,1.0,0.8966881920997868,0.011602646207666758,0.0,1.0,1.0,0.12837015092372894,0.10607290267944336,0.1067352294921875,38318
120,-0.2801995277404785,0.2801995277404785,1.0,4.85977840423584,16.55154800415039,-602.8272705078125,0.999267578125,0.8944767978080751,0.011549230304719644,0.0,1.0,1.0,-0.2925722002983093,-0.31522709131240845,0.1047506183385849,38638
121,-0.13431908190250397,0.13431908190250397,1.0,4.2907233238220215,12.562101364135742,-17.980342864990234,1.0,0.8922708572122596,0.011496060316250709,0.0,1.0,1.0,-0.19846126437187195,-0.21966390311717987,0.1118721142411232,38958
122,-0.16009441018104553,0.16009441018104553,1.0,4.740159511566162,12.942813873291016,-25.156238555908203,0.999755859375,0.8900703568625459,0.011443135110126502,0.0,1.0,1.0,-0.6286715269088745,-0.6450024843215942,0.11841173470020294,39278
123,-0.15352042019367218,0.15352042019367218,1.0,4.414742469787598,13.041568756103516,-211.5245361328125,0.995361328125,0.8878752833423086,0.011390453559425652,0.0,1.0,1.0,-0.5833531022071838,-0.6033710837364197,0.10999089479446411,39598
124,-0.1513889580965042,0.1513889580965042,1.0,4.460082054138184,12.933425903320312,-9.952312469482422,1.0,0.8856856232680109,0.011338014542414872,0.0,1.0,1.0,-0.178277388215065,-0.19700925052165985,0.1113448217511177,39918
125,-0.16535630822181702,0.16535630822181702,1.0,4.722772598266602,13.121940612792969,-30.380878448486328,1.0,0.8835013632891219,0.01128581694252508,0.0,1.0,1.0,-0.877780556678772,-0.89433753490448,0.11257953941822052,40238
126,-0.2265203446149826,0.2265203446149826,1.0,4.610475540161133,15.120645523071289,-29.950313568115234,1.0,0.8813224900880353,0.011233859648327618,0.0,1.0,1.0,-0.07249810546636581,-0.09105131775140762,0.1111280620098114,40558
127,-0.4886567294597626,0.4886567294597626,1.0,4.9234299659729,22.948711395263672,-153.16015625,0.999755859375,0.8791489903799886,0.011182141553510588,0.0,1.0,1.0,-0.06047850847244263,-0.07842153310775757,0.10483956336975098,40878
128,-0.23815232515335083,0.23815232515335083,1.0,4.736467361450195,15.363842964172363,-227.14129638671875,1.0,0.8769808509129821,0.011130661556855296,0.0,1.0,1.0,-0.24418766796588898,-0.26426512002944946,0.10718836635351181,41198
129,-0.1724928915500641,0.1724928915500641,1.0,4.396772861480713,13.645877838134766,-347.126220703125,0.99951171875,0.8748180584676973,0.011079418562212808,0.0,1.0,1.0,-0.24333533644676208,-0.2608713209629059,0.10011661052703857,41518
130,-0.20682571828365326,0.20682571828365326,1.0,4.723639488220215,14.405519485473633,-37.0871696472168,0.998046875,0.8726605998574178,0.011028411478480602,0.0,1.0,1.0,-0.4779333472251892,-0.4949468970298767,0.11247748136520386,41838
131,-0.14818033576011658,0.14818033576011658,1.0,4.742462158203125,12.571674346923828,-225891.015625,0.9990234375,0.8705084619279472,0.010977639219579345,0.0,1.0,1.0,-0.5166958570480347,-0.5335090160369873,0.10693643242120743,42158
132,-0.27105358242988586,0.27105358242988586,1.0,4.782487869262695,16.34009552001953,-27.837017059326172,1.0,0.8683616315575301,0.010927100704429756,0.0,1.0,1.0,-0.45857474207878113,-0.4763486981391907,0.10476329922676086,42478
133,-0.5725054740905762,0.5725054740905762,1.0,4.632436752319336,25.816036224365234,-48.67490768432617,0.99755859375,0.8662200956567718,0.010876794856929599,0.0,1.0,1.0,-0.21211650967597961,-0.22950562834739685,0.10811849683523178,42798
134,-0.15404413640499115,0.15404413640499115,1.0,4.422051906585693,13.050996780395508,-24.297870635986328,0.99755859375,0.8640838411685582,0.010826720605930762,0.0,1.0,1.0,-0.5289273262023926,-0.5490598082542419,0.10563473403453827,43118
135,-6.414284706115723,49.623165130615234,0.9375,7.157168388366699,1542.659912109375,-257.14996337890625,0.990966796875,0.8619528550679764,0.010776876885216448,0.0,1.0,1.0,0.020731741562485695,0.00027414970099925995,0.10837802290916443,43438
136,-0.4551977515220642,0.4551977515220642,1.0,4.931026458740234,21.905364990234375,-1010.8255004882812,1.0,0.8598271243622355,0.010727262633478485,0.0,1.0,1.0,-0.03568464517593384,-0.05385606363415718,0.10718772560358047,43758
137,-0.16236771643161774,0.16236771643161774,1.0,4.480635643005371,13.254361152648926,-40.119598388671875,1.0,0.8577066360905867,0.010677876794294707,0.0,1.0,1.0,-0.27934056520462036,-0.2954469621181488,0.10068545490503311,44078
138,-0.16875141859054565,0.16875141859054565,1.0,4.577898025512695,13.361703872680664,-185.48492431640625,0.9990234375,0.8555913773242453,0.010628718316106482,0.0,1.0,1.0,-0.1498037427663803,-0.16724494099617004,0.10626119375228882,44398
139,-0.19215533137321472,0.19215533137321472,1.0,4.828289985656738,13.853913307189941,-278.6969909667969,1.0,0.8534813351663109,0.010579786152196305,0.0,1.0,1.0,0.2668827772140503,0.24777638912200928,0.10381865501403809,44718
140,-0.18982967734336853,0.18982967734336853,1.0,4.502460479736328,14.08462905883789,-11.526712417602539,1.0,0.8513764967516894,0.010531079260665514,0.0,1.0,1.0,-0.24324263632297516,-0.2629016637802124,0.10855159163475037,45038
141,-0.16738682985305786,0.16738682985305786,1.0,4.678697109222412,13.22578239440918,-10.613252639770508,1.0,0.849276849247014,0.01048259660441212,0.0,1.0,1.0,-0.5476067066192627,-0.5648095011711121,0.10873919725418091,45358
142,-0.1933346390724182,0.1933346390724182,1.0,4.4535956382751465,14.238588333129883,-172.40203857421875,1.0,0.8471823798505678,0.010434337151108697,0.0,1.0,1.0,-0.2284882515668869,-0.24733874201774597,0.11049498617649078,45678
143,-0.4847351908683777,0.4847351908683777,1.0,4.63057804107666,23.09935760498047,-1050.3701171875,1.0,0.8450930757922047,0.010386299873180427,0.0,1.0,1.0,0.14874732494354248,0.13054224848747253,0.11993139982223511,45998
144,-0.1843218356370926,0.1843218356370926,1.0,4.831621170043945,13.608201026916504,-90.06916809082031,0.999267578125,0.8430089243332727,0.0103384837477832,0.0,1.0,1.0,0.1995447278022766,0.1833450347185135,0.10619053244590759,46318
145,-0.2551059126853943,0.2551059126853943,1.0,5.125580310821533,15.527379035949707,-199.93832397460938,1.0,0.8409299127665351,0.010290887756781854,0.0,1.0,1.0,0.05909497290849686,0.04348016157746315,0.11570607125759125,46638
146,-0.15368933975696564,0.15368933975696564,1.0,4.492182731628418,12.974846839904785,-71.8609390258789,1.0,0.8388560284160934,0.010243510886728481,0.0,1.0,1.0,-0.2915719449520111,-0.30771657824516296,0.12529215216636658,46958
147,-0.14062166213989258,0.14062166213989258,1.0,4.409992694854736,12.646482467651367,-47.840885162353516,0.999755859375,0.8367872586373108,0.010196352128840852,0.0,1.0,1.0,-0.2643525004386902,-0.280868798494339,0.11512306332588196,47278
148,-0.2431015968322754,0.2431015968322754,1.0,4.711758613586426,15.540088653564453,-83.41201782226562,0.97900390625,0.834723590816734,0.010149410478980936,0.0,1.0,1.0,-0.21214354038238525,-0.22898758947849274,0.11158663779497147,47598
149,-0.17485783994197845,0.17485783994197845,1.0,4.530832290649414,13.594562530517578,-49.332069396972656,1.0,0.8326650123720166,0.010102684937633529,0.0,1.0,1.0,0.15398213267326355,0.13803750276565552,0.1125493198633194,47918
150,-0.16056913137435913,0.16056913137435913,1.0,4.597733974456787,13.089851379394531,-35.41035079956055,0.997314453125,0.8306115107518429,0.010056174509884958,0.0,1.0,1.0,0.00334051251411438,-0.015184376388788223,0.11918905377388,48238
151,-0.23651748895645142,0.23651748895645142,1.0,4.521113872528076,15.5133056640625,-130.24241638183594,1.0,0.8285630734358509,0.010009878205401907,0.0,1.0,1.0,-0.41382551193237305,-0.4316251277923584,0.11456789076328278,48558
152,-0.16377383470535278,0.16377383470535278,1.0,4.5017313957214355,13.278308868408203,-67.75546264648438,1.0,0.8265196879345559,0.009963795038410325,0.0,1.0,1.0,0.04097018390893936,0.022145666182041168,0.11096986383199692,48878
153,-0.19814705848693848,0.19814705848693848,1.0,4.683469295501709,14.174049377441406,-22.23259735107422,1.0,0.8244813417892748,0.00991792402767443,0.0,1.0,1.0,-0.39639508724212646,-0.4132210910320282,0.11031389236450195,49198
154,-0.18588489294052124,0.18588489294052124,1.0,4.737213134765625,13.744331359863281,-43.65143966674805,1.0,0.8224480225720495,0.009872264196475834,0.0,1.0,1.0,-0.3071219027042389,-0.3240426480770111,0.10969644784927368,49518
155,-0.1622638702392578,0.1622638702392578,1.0,4.516977310180664,13.217376708984375,-4.588745594024658,0.9990234375,0.8204197178855716,0.009826814572592726,0.0,1.0,1.0,-0.665519118309021,-0.6798219680786133,0.11278074979782104,49838
156,-0.17802682518959045,0.17802682518959045,1.0,4.655271530151367,13.57708740234375,-20.83544158935547,1.0,0.8183964153631068,0.009781574188279185,0.0,1.0,1.0,-0.01597777009010315,-0.031180735677480698,0.11643783003091812,50158
157,-0.2131119966506958,0.2131119966506958,1.0,4.526365280151367,14.783515930175781,-44.10078811645508,1.0,0.8163781026684195,0.009736542080244565,0.0,1.0,1.0,-0.32461512088775635,-0.33641985058784485,0.10902176797389984,50478
158,-0.1661941260099411,0.1661941260099411,1.0,4.594457149505615,13.267114639282227,-14.539275169372559,1.0,0.8143647674956971,0.009691717289632992,0.0,1.0,1.0,-0.0803760290145874,-0.095016710460186,0.09509262442588806,50798
159,-0.15722869336605072,0.15722869336605072,1.0,4.680703639984131,12.9093017578125,-23.251340866088867,1.0,0.8123563975694756,0.009647098862002938,0.0,1.0,1.0,-0.307250440120697,-0.3213687539100647,0.10779763013124466,51118
160,-0.15229442715644836,0.15229442715644836,1.0,4.403777122497559,13.013786315917969,-98.44949340820312,0.999267578125,0.8103529806445647,0.009602685847306905,0.0,1.0,1.0,-0.561917781829834,-0.5753642320632935,0.12827791273593903,51438
161,-0.2167597860097885,0.2167597860097885,1.0,4.974454879760742,14.480149269104004,-1497.712646484375,1.0,0.8083545045059723,0.009558477299871198,0.0,1.0,1.0,-0.17201077938079834,-0.1897325962781906,0.11951030045747757,51758
162,-0.1697930097579956,0.1697930097579956,1.0,4.627566337585449,13.347813606262207,-263.6168518066406,1.0,0.8063609569688314,0.00951447227837578,0.0,1.0,1.0,-0.08356998860836029,-0.09981439262628555,0.10297386348247528,52078
163,-0.1509745717048645,0.1509745717048645,1.0,4.618834972381592,12.773085594177246,-94.58739471435547,1.0,0.8043723258783245,0.009470669845834235,0.0,1.0,1.0,-0.20378409326076508,-0.21971078217029572,0.10862278193235397,52398
164,-1.0819437503814697,1.0819437503814697,1.0,4.743959426879883,41.490657806396484,-14467.072265625,1.0,0.8023885991096105,0.009427069069573819,0.0,1.0,1.0,-0.0027225762605667114,-0.01571671850979328,0.10737963765859604,52718
165,-0.18861882388591766,0.18861882388591766,1.0,4.824474334716797,13.747926712036133,-603.491455078125,0.99951171875,0.80040976456775,0.009383669021215596,0.0,1.0,1.0,-0.2319343388080597,-0.2456420212984085,0.1220904290676117,53038
166,-0.1807471215724945,0.1807471215724945,1.0,4.690285682678223,13.628807067871094,-121.4970474243164,0.999755859375,0.798435810187632,0.009340468776654672,0.0,1.0,1.0,-0.24424263834953308,-0.259655237197876,0.10874612629413605,53358
167,-0.40015435218811035,0.40015435218811035,1.0,4.32374382019043,20.764829635620117,-69.40879821777344,1.0,0.7964667239339004,0.009297467416040517,0.0,1.0,1.0,-0.2840331494808197,-0.29796674847602844,0.09707356989383698,53678
168,-0.17110319435596466,0.17110319435596466,1.0,4.460376739501953,13.54373836517334,-23.423608779907227,0.998291015625,0.7945024938008803,0.009254664023757382,0.0,1.0,1.0,-0.4186781048774719,-0.4322899580001831,0.10387998819351196,53998
169,-0.18793514370918274,0.18793514370918274,1.0,4.637782096862793,13.900217056274414,-165.02767944335938,1.0,0.792543107812505,0.009212057688404803,0.0,1.0,1.0,0.4424517750740051,0.42650824785232544,0.1055615171790123,54318
170,-0.1891770362854004,0.1891770362854004,1.0,4.372380256652832,14.185280799865723,-16.687030792236328,1.0,0.7905885540222428,0.009169647502778192,0.0,1.0,1.0,-0.21016240119934082,-0.2231360822916031,0.10700678080320358,54638
171,-0.1431187093257904,0.1431187093257904,1.0,4.5460638999938965,12.597391128540039,-33.99195098876953,1.0,0.7886388205130245,0.00912743256384952,0.0,1.0,1.0,-0.4516713619232178,-0.46536505222320557,0.11380849033594131,54958
172,-0.20337623357772827,0.20337623357772827,1.0,4.499124050140381,14.507291793823242,-6.740602493286133,0.995849609375,0.7866938953971703,0.00908541197274809,0.0,1.0,1.0,-0.5802552700042725,-0.593291163444519,0.11117897927761078,55278
173,-0.19642683863639832,0.19642683863639832,1.0,4.603553295135498,14.195025444030762,-166.0677947998047,0.99951171875,0.7847537668163179,0.009043584834741401,0.0,1.0,1.0,-0.07378512620925903,-0.08813486993312836,0.10465610772371292,55598
174,-0.16338682174682617,0.16338682174682617,1.0,4.794368267059326,12.994418144226074,-33.098876953125,0.98681640625,0.7828184229413495,0.009001950259216093,0.0,1.0,1.0,-0.46563395857810974,-0.47903528809547424,0.09727190434932709,55918
175,-0.17393089830875397,0.17393089830875397,1.0,4.585967063903809,13.514623641967773,-133.51901245117188,1.0,0.7808878519723202,0.008960507359658981,0.0,1.0,1.0,-0.415822297334671,-0.42965617775917053,0.10281537473201752,56238
176,-0.1593715250492096,0.1593715250492096,1.0,4.653264999389648,13.001164436340332,-26.615711212158203,1.0,0.7789620421383858,0.008919255253638186,0.0,1.0,1.0,-0.2784598469734192,-0.2907671630382538,0.11183317750692368,56558
177,-0.17002204060554504,0.17002204060554504,1.0,4.597894668579102,13.382477760314941,-13.949134826660156,1.0,0.7770409816977314,0.00887819306278434,0.0,1.0,1.0,-0.11346878856420517,-0.12700025737285614,0.1185324415564537,56878
178,-0.14828072488307953,0.14828072488307953,1.0,4.568361282348633,12.736549377441406,-336.4281921386719,1.0,0.7751246589374992,0.008837319912771882,0.0,1.0,1.0,0.07586249709129333,0.061593975871801376,0.10661537945270538,57198
179,-0.6810753345489502,0.6810753345489502,1.0,5.028014183044434,28.811092376708984,-68.71513366699219,0.998779296875,0.7732130621737173,0.00879663493330045,0.0,1.0,1.0,-0.11115255951881409,-0.12488485127687454,0.11126270890235901,57518
180,-0.1330820918083191,0.1330820918083191,1.0,4.323716163635254,12.493132591247559,-27.331457138061523,1.0,0.7713061797512291,0.008756137258076337,0.0,1.0,1.0,-0.25885289907455444,-0.27196604013442993,0.11247916519641876,57838
181,-0.1490083634853363,0.1490083634853363,1.0,4.561380386352539,12.765572547912598,-25.35931396484375,0.9921875,0.7694040000436211,0.008715826024794059,0.0,1.0,1.0,-0.26010575890541077,-0.2734997570514679,0.10689586400985718,58158
182,-0.19555506110191345,0.19555506110191345,1.0,4.995393753051758,13.803943634033203,-175.45193481445312,0.9990234375,0.7675065114531534,0.00867570037511798,0.0,1.0,1.0,-0.5961512327194214,-0.6085177659988403,0.10523062199354172,58478
183,-0.16663198173046112,0.16663198173046112,1.0,4.775359630584717,13.112588882446289,-170.42056274414062,1.0,0.7656137024106873,0.008635759454664046,0.0,1.0,1.0,-0.34353742003440857,-0.3547305762767792,0.10231517255306244,58798
184,-0.1422446370124817,0.1422446370124817,1.0,4.440701484680176,12.668216705322266,-2.3087973594665527,1.0,0.7637255613756163,0.008596002412981594,0.0,1.0,1.0,0.10361276566982269,0.09257255494594574,0.09132960438728333,59118
185,-0.15356066823005676,0.15356066823005676,1.0,4.453465938568115,13.006834030151367,-19.776214599609375,0.999755859375,0.761842076835795,0.008556428403535234,0.0,1.0,1.0,-0.3763743042945862,-0.38892990350723267,0.10050059854984283,59438
186,-0.14545264840126038,0.14545264840126038,1.0,4.517960548400879,12.695789337158203,-16.20184326171875,0.999755859375,0.7599632373074687,0.00851703658368683,0.0,1.0,1.0,-0.030643317848443985,-0.04257282614707947,0.10062757134437561,59758
187,-0.14701758325099945,0.14701758325099945,1.0,4.567349910736084,12.698368072509766,-7.095060348510742,1.0,0.7580890313352042,0.008477826114677562,0.0,1.0,1.0,-0.31759321689605713,-0.3296588361263275,0.10441966354846954,60078
188,-0.16240403056144714,0.16240403056144714,1.0,4.600722789764404,13.143905639648438,-7.252284049987793,1.0,0.7562194474918192,0.008438796161610054,0.0,1.0,1.0,-0.3374638557434082,-0.34823423624038696,0.10091672092676163,60398
189,-0.17298826575279236,0.17298826575279236,1.0,4.527813911437988,13.53946304321289,-1233.362548828125,0.98583984375,0.7543544743783129,0.008399945893430611,0.0,1.0,1.0,-0.2800213396549225,-0.2931451201438904,0.1012183427810669,60718
190,-0.20693188905715942,0.20693188905715942,1.0,4.89805793762207,14.246745109558105,-46.169227600097656,1.0,0.7524941006237963,0.008361274482911516,0.0,1.0,1.0,-0.11648379266262054,-0.12704376876354218,0.10518678277730942,61038
191,-0.16118204593658447,0.16118204593658447,1.0,4.702895164489746,13.011123657226562,-34.116554260253906,0.99951171875,0.7506383148854233,0.008322781106633417,0.0,1.0,1.0,-0.11160348355770111,-0.12585026025772095,0.09615254402160645,61358
192,-0.21233144402503967,0.21233144402503967,1.0,4.660994529724121,14.634248733520508,-14.23338794708252,1.0,0.7487871058483214,0.008284464944967793,0.0,1.0,1.0,-0.27706432342529297,-0.2905239462852478,0.09318658709526062,61678
193,-0.2545347213745117,0.2545347213745117,1.0,4.40753698348999,16.176864624023438,-162.5581512451172,1.0,0.7469404622255225,0.008246325182059503,0.0,1.0,1.0,0.38195762038230896,0.36741793155670166,0.09640868753194809,61998
194,-0.2641109526157379,0.2641109526157379,1.0,4.550251007080078,16.340852737426758,-782.106201171875,1.0,0.7450983727578938,0.00820836100580942,0.0,1.0,1.0,-0.32183951139450073,-0.33217889070510864,0.09859348833560944,62318
195,-0.16194632649421692,0.16194632649421692,1.0,4.75229549407959,12.98889446258545,-7.46359920501709,1.0,0.7432608262140702,0.008170571607857125,0.0,1.0,1.0,-0.19653896987438202,-0.20909258723258972,0.09615830332040787,62638
196,-0.16755437850952148,0.16755437850952148,1.0,4.796173095703125,13.121818542480469,-10.16288948059082,1.0,0.7414278113903846,0.008132956183563713,0.0,1.0,1.0,0.02872573956847191,0.017097529023885727,0.09866154193878174,62958
197,-0.20364393293857574,0.20364393293857574,1.0,4.917611598968506,14.12674331665039,-21.547590255737305,1.0,0.7395993171108007,0.008095513931994643,0.0,1.0,1.0,-0.10152959078550339,-0.1136488988995552,0.10535924136638641,63278
198,-0.1672571301460266,0.1672571301460266,1.0,4.644165992736816,13.253849029541016,-82.78472900390625,0.9970703125,0.7377753322268438,0.008058244055902697,0.0,1.0,1.0,0.032929811626672745,0.02137952297925949,0.09911209344863892,63598
199,-0.13585186004638672,0.13585186004638672,1.0,4.447728633880615,12.463691711425781,-4.176495552062988,1.0,0.7359558456175336,0.008021145761710995,0.0,1.0,1.0,-0.16185420751571655,-0.1754562258720398,0.10455656796693802,63918
200,-0.18475192785263062,0.18475192785263062,1.0,4.514934539794922,13.915772438049316,-10.1195068359375,1.0,0.7341408461893162,0.007984218259496105,0.0,1.0,1.0,-0.304152250289917,-0.31593483686447144,0.10302875936031342,64238
201,-0.16679184138774872,0.16679184138774872,1.0,4.368868827819824,13.495232582092285,-165.8357696533203,0.9990234375,0.7323303228759962,0.007947460762971216,0.0,1.0,1.0,0.08438640087842941,0.07338392734527588,0.10428444296121597,64558
202,-0.15822559595108032,0.15822559595108032,1.0,4.741071701049805,12.884085655212402,-365.6459655761719,1.0,0.7305242646386695,0.007910872489469405,0.0,1.0,1.0,-0.06460429728031158,-0.07608268409967422,0.1065799668431282,64878
203,-0.14011426270008087,0.14011426270008087,1.0,4.578985691070557,12.473747253417969,-53.322120666503906,1.0,0.7287226604656561,0.00787445265992696,0.0,1.0,1.0,-0.5512889623641968,-0.5619633793830872,0.10876862704753876,65198
204,-0.22547069191932678,0.22547069191932678,1.0,4.884432792663574,14.833585739135742,-8156.9609375,1.0,0.7269254993724327,0.007838200498866809,0.0,1.0,1.0,-0.05536111816763878,-0.06547535955905914,0.11168403923511505,65518
205,-0.14498913288116455,0.14498913288116455,1.0,4.676050662994385,12.53454303741455,-15.271505355834961,1.0,0.7251327704015653,0.007802115234381985,0.0,1.0,1.0,-0.5524170398712158,-0.5641247034072876,0.10326593369245529,65838
206,-0.16538728773593903,0.16538728773593903,1.0,4.492856025695801,13.336527824401855,-713.4795532226562,0.995849609375,0.723344462622644,0.007766196098119211,0.0,1.0,1.0,-0.13527941703796387,-0.14572717249393463,0.10560871660709381,66158
207,-0.18861430883407593,0.18861430883407593,1.0,4.6412787437438965,13.91800308227539,-39.0410041809082,1.0,0.721560565132214,0.007730442325262527,0.0,1.0,1.0,-0.10092156380414963,-0.1129494160413742,0.10118602216243744,66478
208,-0.15616992115974426,0.15616992115974426,1.0,4.446071624755859,13.09451961517334,-21.287033081054688,1.0,0.7197810670537114,0.007694853154517008,0.0,1.0,1.0,-0.6066417694091797,-0.6165924668312073,0.10540355741977692,66798
209,-0.17623329162597656,0.17623329162597656,1.0,4.911564826965332,13.283403396606445,-18.550006866455078,0.999267578125,0.7180059575373952,0.007659427828092562,0.0,1.0,1.0,-0.6144532561302185,-0.6252821087837219,0.09886279702186584,67118
210,-0.19204917550086975,0.19204917550086975,1.0,4.781339645385742,13.89424991607666,-96.89109802246094,0.999755859375,0.7162352257602821,0.007624165591687778,0.0,1.0,1.0,-0.34034669399261475,-0.3495369851589203,0.09710144996643066,67438
211,-0.20147785544395447,0.20147785544395447,1.0,4.628691673278809,14.328106880187988,-79.52130889892578,1.0,0.7144688609260802,0.007589065694473881,0.0,1.0,1.0,-0.5735105276107788,-0.5843013525009155,0.10674899816513062,67758
212,-0.14515402913093567,0.14515402913093567,1.0,4.347295761108398,12.845113754272461,-3.9105567932128906,1.0,0.7127068522651233,0.007554127389078735,0.0,1.0,1.0,0.23730973899364471,0.22829404473304749,0.1119019091129303,68078
213,-0.18048369884490967,0.18048369884490967,1.0,4.555347442626953,13.746026992797852,-239.58621215820312,1.0,0.7109491890343048,0.007519349931570936,0.0,1.0,1.0,-0.31343406438827515,-0.32314375042915344,0.10163424164056778,68398
214,-0.17469681799411774,0.17469681799411774,1.0,4.447315692901611,13.667174339294434,-72.12716674804688,1.0,0.7091958605170129,0.007484732581443963,0.0,1.0,1.0,-0.09459758549928665,-0.10466820001602173,0.10177958756685257,68718
215,-0.16880586743354797,0.16880586743354797,1.0,4.627387046813965,13.31740665435791,-1201.118896484375,0.9990234375,0.7074468560230648,0.007450274601600423,0.0,1.0,1.0,-0.5804939866065979,-0.5891630053520203,0.09358145296573639,69038
216,-0.16929218173027039,0.16929218173027039,1.0,4.701503276824951,13.263604164123535,-2.1681227684020996,1.0,0.7057021648886411,0.007415975258336344,0.0,1.0,1.0,-0.29103028774261475,-0.3006521463394165,0.10070671141147614,69358
217,-0.18449684977531433,0.18449684977531433,1.0,4.412988662719727,14.002595901489258,-41127.30859375,1.0,0.7039617764762223,0.007381833821325558,0.0,1.0,1.0,-0.8036667108535767,-0.8116968274116516,0.1006874144077301,69678
218,-0.1447499841451645,0.1447499841451645,1.0,4.388998031616211,12.793851852416992,-12.19013500213623,1.0,0.702225680174522,0.007347849563604151,0.0,1.0,1.0,-0.2713603973388672,-0.279459685087204,0.1119026318192482,69998
219,-0.2501698136329651,0.2501698136329651,1.0,4.587855339050293,15.874128341674805,-90.15121459960938,1.0,0.7004938653984237,0.007314021761554983,0.0,1.0,1.0,0.3107798397541046,0.3013814389705658,0.12176115065813065,70318
220,-0.24626374244689941,0.24626374244689941,1.0,4.533786296844482,15.803390502929688,-7.226247787475586,0.99951171875,0.6987663215889156,0.007280349694892281,0.0,1.0,1.0,-0.2765190303325653,-0.2876482903957367,0.12069906294345856,70638
221,-0.1439756453037262,0.1439756453037262,1.0,4.462688446044922,12.701398849487305,-275.1773376464844,1.0,0.6970430382130259,0.0072468326466463,0.0,1.0,1.0,-0.01600455306470394,-0.024698954075574875,0.12324339151382446,70958
222,-0.1720169335603714,0.1720169335603714,1.0,4.950030326843262,13.117073059082031,-91.18551635742188,1.0,0.6953240047637597,0.007213469903148057,0.0,1.0,1.0,0.11343714594841003,0.10323373228311539,0.0998566597700119,71278
223,-0.2583853602409363,0.2583853602409363,1.0,4.369146823883057,16.33179473876953,-31.498729705810547,1.0,0.6936092107600336,0.007180260754014141,0.0,1.0,1.0,0.06064082682132721,0.05046785995364189,0.09586524963378906,71598
224,-0.1673247367143631,0.1673247367143631,1.0,4.768195629119873,13.140700340270996,-31.477806091308594,1.0,0.6918986457466129,0.007147204492131575,0.0,1.0,1.0,-0.20657508075237274,-0.2158038318157196,0.09529833495616913,71918
225,-0.22326941788196564,0.22326941788196564,1.0,4.5791425704956055,15.049070358276367,-4.4676408767700195,1.0,0.6901922992940471,0.007114300413642772,0.0,1.0,1.0,-0.3779664635658264,-0.3847598731517792,0.09653528034687042,72238
226,-0.21526660025119781,0.21526660025119781,1.0,4.871959686279297,14.529135704040527,-149.72227478027344,0.9970703125,0.6884901609986067,0.0070815478179305415,0.0,1.0,1.0,-0.4884432554244995,-0.49565696716308594,0.10934636741876602,72558
227,-0.8902730345726013,0.8902730345726013,1.0,4.935957431793213,35.37586975097656,-65.3336181640625,1.0,0.6867922204822199,0.007048946007603172,0.0,1.0,1.0,-0.1745903193950653,-0.18182559311389923,0.11091020703315735,72878
228,-0.21091142296791077,0.21091142296791077,1.0,4.785721778869629,14.474376678466797,-148.04086303710938,1.0,0.6850984673924085,0.007016494288479584,0.0,1.0,1.0,-0.4238714575767517,-0.43339771032333374,0.10598045587539673,73198
229,-0.3508930206298828,0.3508930206298828,1.0,4.913601875305176,18.691043853759766,-78.01654815673828,1.0,0.6834088914022259,0.006984191969574543,0.0,1.0,1.0,-0.24736982583999634,-0.25713050365448,0.10382966697216034,73518
230,-0.2218458652496338,0.2218458652496338,1.0,4.987000465393066,14.626017570495605,-947.4829711914062,1.0,0.6817234822101935,0.006952038363083957,0.0,1.0,1.0,-0.6560245156288147,-0.6650035381317139,0.10514137148857117,73838
231,-0.1329229772090912,0.1329229772090912,1.0,4.372939109802246,12.44247055053711,-23.6495361328125,1.0,0.680042229540238,0.006920032784370221,0.0,1.0,1.0,-0.26284199953079224,-0.27272462844848633,0.0966760441660881,74158
232,-0.2598424553871155,0.2598424553871155,1.0,5.062002182006836,15.733154296875,-2212.389892578125,1.0,0.6783651231416286,0.006888174551947646,0.0,1.0,1.0,-0.14116397500038147,-0.15221881866455078,0.09973066300153732,74478
233,-0.17316170036792755,0.17316170036792755,1.0,4.839752197265625,13.254995346069336,-82.33735656738281,0.999755859375,0.6766921527889145,0.006856462987467941,0.0,1.0,1.0,-0.34314680099487305,-0.3522380292415619,0.10458005964756012,74798
234,-0.767095685005188,0.767095685005188,1.0,4.893918991088867,31.599899291992188,-92.32634735107422,1.0,0.6750233082818632,0.0068248974157057805,0.0,1.0,1.0,-0.4865138530731201,-0.49346065521240234,0.10418587923049927,75118
235,-0.8842618465423584,0.8842618465423584,1.0,5.375397682189941,34.78138732910156,-2589.57470703125,1.0,0.6733585794453976,0.006793477164544416,0.0,1.0,1.0,-0.35542207956314087,-0.36181482672691345,0.10178543627262115,75438
236,-0.3037263751029968,0.3037263751029968,1.0,4.704616546630859,17.424386978149414,-232.88307189941406,0.998291015625,0.6716979561295338,0.006762201564961369,0.0,1.0,1.0,-0.37414970993995667,-0.38066810369491577,0.10494949668645859,75758
237,-0.18121592700481415,0.18121592700481415,1.0,4.549386024475098,13.77424430847168,-21.977598190307617,1.0,0.6700414282093201,0.006731069951014189,0.0,1.0,1.0,-0.6729035973548889,-0.6799811720848083,0.09990733861923218,76078
238,-0.2878004312515259,0.2878004312515259,1.0,4.512866020202637,17.109298706054688,-101.21844482421875,1.0,0.6683889855847746,0.006700081659826268,0.0,1.0,1.0,-0.1018185019493103,-0.10874380171298981,0.10647279024124146,76398
239,-0.5863880515098572,0.5863880515098572,1.0,5.32082462310791,25.60638999938965,-3210.9013671875,1.0,0.6667406181808234,0.00666923603157273,0.0,1.0,1.0,-0.31721311807632446,-0.3247288763523102,0.10177271068096161,76718
240,-0.21010971069335938,0.21010971069335938,1.0,4.987252235412598,14.262292861938477,-2480.77392578125,0.997314453125,0.6650963159472402,0.006638532409466379,0.0,1.0,1.0,-0.1079622358083725,-0.11602573841810226,0.10245062410831451,77038
241,-0.1557028591632843,0.1557028591632843,1.0,4.684406757354736,12.858602523803711,-59.346458435058594,1.0,0.6634560688585839,0.006607970139743718,0.0,1.0,1.0,-0.34139642119407654,-0.3473518490791321,0.10385937243700027,77358
242,-0.22964833676815033,0.22964833676815033,1.0,4.561419486999512,15.263105392456055,-1186.77978515625,1.0,0.6618198669141381,0.006577548571651023,0.0,1.0,1.0,0.066706083714962,0.05830981209874153,0.10354394465684891,77678
243,-0.1896706521511078,0.1896706521511078,1.0,4.618505954742432,13.971880912780762,-113.8031005859375,1.0,0.6601877001378498,0.0065472670574304925,0.0,1.0,1.0,-0.6195733547210693,-0.6277149319648743,0.11040043085813522,77998
244,-0.2895027995109558,0.2895027995109558,1.0,4.775961875915527,16.917564392089844,-289.4927062988281,1.0,0.6585595585782689,0.0065171249523064525,0.0,1.0,1.0,0.09812581539154053,0.09171175211668015,0.10525846481323242,78318
245,-0.4732477068901062,0.4732477068901062,1.0,4.915024757385254,22.47927474975586,-6.364791393280029,1.0,0.6569354323084874,0.006487121614471624,0.0,1.0,1.0,-0.6911453604698181,-0.6961972117424011,0.09845305979251862,78638
246,-0.743704617023468,0.743704617023468,1.0,4.86177396774292,30.905302047729492,-2360.9365234375,1.0,0.6553153114260788,0.006457256405073464,0.0,1.0,1.0,-0.37771475315093994,-0.38589587807655334,0.09625306725502014,78958
247,-0.16572347283363342,0.16572347283363342,1.0,4.9433488845825195,12.928361892700195,-41.01969909667969,0.999755859375,0.6536991860530376,0.006427528688200556,0.0,1.0,1.0,-0.49193713068962097,-0.5003053545951843,0.09774628281593323,79278
248,-0.19397801160812378,0.19397801160812378,1.0,5.015277862548828,13.736623764038086,-77.18732452392578,1.0,0.6520870463357195,0.006397937830869075,0.0,1.0,1.0,-0.2915772795677185,-0.29980120062828064,0.103090800344944,79598
249,-0.1622571498155594,0.1622571498155594,1.0,4.770394325256348,12.981705665588379,-335.5776672363281,0.99658203125,0.6504788824447808,0.006368483203009308,0.0,1.0,1.0,-0.3545137047767639,-0.363334059715271,0.10248449444770813,79918
250,-0.16868595778942108,0.16868595778942108,1.0,4.628481864929199,13.312675476074219,-29.931596755981445,1.0,0.648874684575119,0.006339164177452234,0.0,1.0,1.0,-0.49639126658439636,-0.5045917630195618,0.09774120151996613,80238
251,-0.1677725911140442,0.1677725911140442,1.0,4.468246936798096,13.433271408081055,-78.1115493774414,0.99951171875,0.6472744429458126,0.0063099801299161765,0.0,1.0,1.0,-0.06460145115852356,-0.0728122815489769,0.09874002635478973,80558
252,-0.40100008249282837,0.40100008249282837,1.0,4.802231788635254,20.346433639526367,-848.3591918945312,0.99951171875,0.6456781478000615,0.006280930438993505,0.0,1.0,1.0,-0.4414031505584717,-0.4484367370605469,0.09829270839691162,80878
253,-0.1840088963508606,0.1840088963508606,1.0,4.604921340942383,13.809148788452148,-34.934139251708984,1.0,0.6440857894051278,0.006252014486137409,0.0,1.0,1.0,0.2678842544555664,0.2603568434715271,0.091395303606987,81198
254,-0.1355595886707306,0.1355595886707306,1.0,4.307385444641113,12.585039138793945,-4.822076797485352,1.0,0.6424973580522763,0.006223231655648724,0.0,1.0,1.0,0.08281341195106506,0.07432171702384949,0.09429697692394257,81518
255,-0.15493237972259521,0.15493237972259521,1.0,4.582365989685059,12.929551124572754,-1.8923020362854004,0.99951171875,0.640912844056715,0.0061945813346628185,0.0,1.0,1.0,-0.24508407711982727,-0.2517049312591553,0.09649884700775146,81838
256,-0.15556979179382324,0.15556979179382324,1.0,4.636936664581299,12.898588180541992,-53.23736572265625,1.0,0.6393322377575367,0.006166062913136554,0.0,1.0,1.0,0.23432648181915283,0.2268860936164856,0.09336937963962555,82158
257,-0.16635020077228546,0.16635020077228546,1.0,4.634954929351807,13.234318733215332,-44.62554168701172,1.0,0.6377555295176597,0.006137675783835287,0.0,1.0,1.0,-0.341076523065567,-0.348708838224411,0.09727981686592102,82478
258,-0.20490136742591858,0.20490136742591858,1.0,4.774825096130371,14.298358917236328,-23.00363540649414,1.0,0.6361827097237686,0.006109419342319939,0.0,1.0,1.0,-0.38133111596107483,-0.38655415177345276,0.10266284644603729,82798
259,-0.21009698510169983,0.21009698510169983,1.0,5.040971755981445,14.211984634399414,-64.27096557617188,1.0,0.6346137687862567,0.006081292986934136,0.0,1.0,1.0,-0.2424476146697998,-0.24884729087352753,0.10648664087057114,83118
260,-0.21077412366867065,0.21077412366867065,1.0,4.667737007141113,14.579750061035156,-31.693798065185547,1.0,0.633048697139167,0.006053296118791385,0.0,1.0,1.0,-0.4697328507900238,-0.47556185722351074,0.0937601774930954,83438
261,-0.2554396688938141,0.2554396688938141,1.0,4.855889320373535,15.788301467895508,-36.40571212768555,1.0,0.6314874852401335,0.00602542814176233,0.0,1.0,1.0,-0.23401619493961334,-0.23980256915092468,0.09614928066730499,83758
262,-0.15615513920783997,0.15615513920783997,1.0,4.683691501617432,12.873275756835938,-2.1275784969329834,1.0,0.6299301235703235,0.005997688462462058,0.0,1.0,1.0,-0.3026238679885864,-0.30791839957237244,0.10527259111404419,84078
263,-0.2476145327091217,0.2476145327091217,1.0,4.81329345703125,15.585521697998047,-27.124011993408203,0.996337890625,0.6283766026343798,0.005970076490237464,0.0,1.0,1.0,-0.4044573903083801,-0.4110665023326874,0.10217968374490738,84398
264,-0.225270077586174,0.225270077586174,1.0,4.589775562286377,15.101155281066895,-124.8376235961914,1.0,0.6268269129603619,0.005942591637154668,0.0,1.0,1.0,-0.6371108293533325,-0.6425101161003113,0.09931880235671997,84718
265,-0.3092511296272278,0.3092511296272278,1.0,4.978565216064453,17.340957641601562,-1232.3138427734375,1.0,0.6252810450996892,0.005915233317986509,0.0,1.0,1.0,0.17018796503543854,0.16326464712619781,0.10442295670509338,85038
266,-0.24145761132240295,0.24145761132240295,1.0,4.713387489318848,15.48765754699707,-617.6987915039062,1.0,0.6237389896270829,0.0058880009502000705,0.0,1.0,1.0,-0.28427523374557495,-0.2914354205131531,0.0987837165594101,85358
267,-0.18897798657417297,0.18897798657417297,1.0,4.7293291091918945,13.847455024719238,-3.1606862545013428,0.999755859375,0.6222007371405084,0.005860893953944287,0.0,1.0,1.0,-0.43513554334640503,-0.44159647822380066,0.09416554868221283,85678
268,-0.16815274953842163,0.16815274953842163,1.0,4.639771461486816,13.285673141479492,-35.95929718017578,1.0,0.620666278261119,0.005833911752037593,0.0,1.0,1.0,-0.08757816255092621,-0.09434334188699722,0.10483921319246292,85998
269,-0.21852615475654602,0.21852615475654602,1.0,4.555935859680176,14.923726081848145,-7.295132160186768,1.0,0.6191356036331968,0.005807053769955629,0.0,1.0,1.0,-0.7316310405731201,-0.7376362085342407,0.10570013523101807,86318
270,-0.16841846704483032,0.16841846704483032,1.0,4.696667671203613,13.241035461425781,-5.917912006378174,1.0,0.6176087039240975,0.0057803194358190205,0.0,1.0,1.0,-0.2440168261528015,-0.2509860396385193,0.09354639053344727,86638
271,-0.14487111568450928,0.14487111568450928,1.0,4.374694347381592,12.810894966125488,-37.938812255859375,1.0,0.6160855698241926,0.005753708180381187,0.0,1.0,1.0,-0.05520041286945343,-0.06253297626972198,0.09875565767288208,86958
272,-0.1534263789653778,0.1534263789653778,1.0,4.601618766784668,12.865018844604492,-21.746742248535156,1.0,0.614566192046813,0.005727219437016233,0.0,1.0,1.0,-0.5242490768432617,-0.5308706760406494,0.09669668227434158,87278
273,-0.17896106839179993,0.17896106839179993,1.0,4.648342132568359,13.61246109008789,-73.25714111328125,1.0,0.6130505613281919,0.005700852641706871,0.0,1.0,1.0,-0.14355194568634033,-0.15137764811515808,0.09492497146129608,87598
274,-0.2102588713169098,0.2102588713169098,1.0,4.614678382873535,14.613091468811035,-164.36111450195312,0.99853515625,0.6115386684274087,0.005674607233032426,0.0,1.0,1.0,-0.1486053168773651,-0.15680822730064392,0.09572237730026245,87918
275,-11.209385871887207,11.209385871887207,1.0,4.822871208190918,355.0828857421875,-161.80738830566406,1.0,0.6100305041263326,0.00564848265215687,0.0,1.0,1.0,-0.3455132842063904,-0.35098543763160706,0.08708804845809937,88238
276,-0.15177586674690247,0.15177586674690247,1.0,4.550453186035156,12.86143970489502,-5.595446586608887,0.999755859375,0.6085260592295665,0.005622478342816929,0.0,1.0,1.0,-0.31623125076293945,-0.3225303292274475,0.09303627163171768,88558
277,-0.1730109006166458,0.1730109006166458,1.0,4.690077781677246,13.389396667480469,-48.02805709838867,1.0,0.6070253245643906,0.005596593751310234,0.0,1.0,1.0,-0.6504743099212646,-0.6568265557289124,0.09577787667512894,88878
278,-0.2608132064342499,0.2608132064342499,1.0,4.902284145355225,15.911623001098633,-66.82266998291016,1.0,0.6055282909807068,0.005570828326483535,0.0,1.0,1.0,-0.2869488298892975,-0.2935662567615509,0.0951010212302208,89198
279,-0.18921524286270142,0.18921524286270142,1.0,4.581783294677734,13.99189567565918,-114.31073760986328,1.0,0.6040349493509827,0.0055451815197209665,0.0,1.0,1.0,-0.434276282787323,-0.43999767303466797,0.0956217497587204,89518
280,-0.1472366899251938,0.1472366899251938,1.0,4.635862350463867,12.641494750976562,-15.720378875732422,1.0,0.6025452905701961,0.005519652784932361,0.0,1.0,1.0,-0.40862131118774414,-0.4147098958492279,0.09179423749446869,89838
281,-0.18336407840251923,0.18336407840251923,1.0,4.726093292236328,13.67658805847168,-236.0521240234375,0.999755859375,0.6010593055557795,0.005494241578541625,0.0,1.0,1.0,0.02732776664197445,0.02112325094640255,0.0991649478673935,90158
282,-0.13834640383720398,0.13834640383720398,1.0,4.468504905700684,12.521648406982422,-9.288053512573242,1.0,0.5995769852475643,0.005468947359475162,0.0,1.0,1.0,0.31637218594551086,0.31000879406929016,0.09594383835792542,90478
283,-0.22634610533714294,0.22634610533714294,1.0,4.74028205871582,14.994636535644531,-373.8257141113281,1.0,0.5980983206077264,0.005443769589150358,0.0,1.0,1.0,0.7834252715110779,0.776300311088562,0.10819736123085022,90798
284,-0.18010149896144867,0.18010149896144867,1.0,4.653719902038574,13.642786026000977,-172.41876220703125,0.99755859375,0.5966233026207303,0.005418707731464103,0.0,1.0,1.0,-0.0366811566054821,-0.0440150648355484,0.10292235016822815,91118
285,-0.22040511667728424,0.22040511667728424,1.0,4.922266006469727,14.641542434692383,-9.180757522583008,1.0,0.5951519222932743,0.005393761252781387,0.0,1.0,1.0,-0.051461361348629,-0.05737951025366783,0.09388934075832367,91438
286,-0.48582082986831665,0.48582082986831665,1.0,5.130620002746582,22.668365478515625,-67.0241928100586,0.999755859375,0.5936841706542362,0.005368929621923928,0.0,1.0,1.0,-0.4882444739341736,-0.49332955479621887,0.08834000676870346,91758
287,-4.619301795959473,4.619301795959473,1.0,4.9092793464660645,150.8955841064453,-179.54190063476562,0.986083984375,0.5922200387546179,0.005344212310158869,0.0,1.0,1.0,-0.09070608019828796,-0.09730665385723114,0.09468835592269897,92078
288,-0.16074860095977783,0.16074860095977783,1.0,4.742295742034912,12.961090087890625,-2.2052133083343506,0.9990234375,0.5907595176674912,0.0053196087911875165,0.0,1.0,1.0,-0.33358633518218994,-0.3406488299369812,0.09405308961868286,92398
289,-0.20384377241134644,0.20384377241134644,1.0,4.74432373046875,14.293943405151367,-55.98259735107422,1.0,0.5893025984879434,0.0052951185411341355,0.0,1.0,1.0,-0.5096204280853271,-0.5145184397697449,0.10426074266433716,92718
290,-0.14884963631629944,0.14884963631629944,1.0,4.639422416687012,12.688142776489258,-2.6230416297912598,1.0,0.5878492723330229,0.005270741038534789,0.0,1.0,1.0,-0.13761639595031738,-0.1428062915802002,0.09872457385063171,93038
291,-0.26041001081466675,0.26041001081466675,1.0,4.827064514160156,15.969026565551758,-62.95627212524414,1.0,0.5863995303416848,0.005246475764326246,0.0,1.0,1.0,-0.21402165293693542,-0.22088192403316498,0.10414156317710876,93358
292,-0.15209972858428955,0.15209972858428955,1.0,4.766541481018066,12.670690536499023,-6.117201805114746,1.0,0.5849533636747375,0.005222322201834919,0.0,1.0,1.0,-0.3463146686553955,-0.3515273630619049,0.09199562668800354,93678
293,-6.395829200744629,70.8267822265625,0.9375,6.865094184875488,2199.646484375,-61.42947006225586,0.996337890625,0.583510763514788,0.005198279836765868,0.0,1.0,1.0,-0.501164436340332,-0.5083367824554443,0.09128761291503906,93998
294,-0.14966192841529846,0.14966192841529846,1.0,4.511563777923584,12.832101821899414,-3.2308762073516846,1.0,0.5820717210661892,0.005174348157191845,0.0,1.0,1.0,-0.15079031884670258,-0.15691903233528137,0.10527461022138596,94318
295,-0.1532144844532013,0.1532144844532013,1.0,4.409003257751465,13.037425994873047,-216.4007568359375,1.0,0.5806362275549852,0.0051505266535424015,0.0,1.0,1.0,-0.2818950116634369,-0.2876937687397003,0.10117170959711075,94638
296,-0.23367267847061157,0.23367267847061157,1.0,4.839867115020752,15.129026412963867,-129.562744140625,1.0,0.5792042742288582,0.00512681481859303,0.0,1.0,1.0,0.04562411457300186,0.04131874442100525,0.09674889594316483,94958
297,-0.5473662614822388,0.5473662614822388,1.0,4.795429229736328,24.885984420776367,-514.6178588867188,0.999755859375,0.5777758523570754,0.005103212147454369,0.0,1.0,1.0,-0.5996947288513184,-0.6043419241905212,0.09169163554906845,95278
298,-0.16782543063163757,0.16782543063163757,1.0,5.035624027252197,12.90772533416748,-25.630252838134766,1.0,0.5763509532304356,0.005079718137561451,0.0,1.0,1.0,-0.3529767394065857,-0.3573553264141083,0.10215865820646286,95598
299,-0.20905527472496033,0.20905527472496033,1.0,4.5067644119262695,14.676082611083984,-2.541628360748291,1.0,0.5749295681612158,0.005056332288663,0.0,1.0,1.0,-0.4108433723449707,-0.4156508147716522,0.08982320129871368,95918
300,-0.26990437507629395,0.26990437507629395,1.0,5.056392192840576,16.050003051757812,-26.248180389404297,0.999755859375,0.5735116884831186,0.005033054102810784,0.0,1.0,1.0,-0.028162598609924316,-0.03299158439040184,0.093189537525177,96238
301,-0.2836577892303467,0.2836577892303467,1.0,4.699933052062988,16.807178497314453,-384.58135986328125,0.99365234375,0.5720973055512194,0.005009883084349006,0.0,1.0,1.0,-0.024941787123680115,-0.029668018221855164,0.09776370972394943,96558
302,-0.1583920568227768,0.1583920568227768,1.0,4.45668888092041,13.15347671508789,-3.6352105140686035,1.0,0.5706864107419134,0.0049868187399037586,0.0,1.0,1.0,-0.39059898257255554,-0.3963269591331482,0.09016639739274979,96878
303,-0.25458768010139465,0.25458768010139465,1.0,4.694866180419922,15.911529541015625,-37.23260498046875,1.0,0.5692789954528631,0.004963860578372509,0.0,1.0,1.0,-0.4479028284549713,-0.45309144258499146,0.09900777786970139,97198
304,-0.16320732235908508,0.16320732235908508,1.0,4.458983421325684,13.300481796264648,-60.09267044067383,1.0,0.5678750511029461,0.004941008110913651,0.0,1.0,1.0,-0.25479811429977417,-0.25926151871681213,0.08676798641681671,97518
305,-0.16599443554878235,0.16599443554878235,1.0,4.516286849975586,13.333560943603516,-3.4631481170654297,1.0,0.5664745691322024,0.00491826085093609,0.0,1.0,1.0,-0.012520147487521172,-0.016709113493561745,0.08958820253610611,97838
306,-0.16448397934436798,0.16448397934436798,1.0,4.572519779205322,13.234530448913574,-38.94398880004883,1.0,0.5650775410017825,0.004895618314088884,0.0,1.0,1.0,0.26492106914520264,0.2610021233558655,0.09319358319044113,98158
307,-0.22113201022148132,0.22113201022148132,1.0,4.4622087478637695,15.091520309448242,-3.3589000701904297,1.0,0.5636839581938953,0.004873080018250932,0.0,1.0,1.0,-0.2725725769996643,-0.278518944978714,0.08837245404720306,98478
308,-0.21739977598190308,0.21739977598190308,1.0,4.798976898193359,14.663017272949219,-6.847676753997803,1.0,0.5622938122117558,0.004850645483520708,0.0,1.0,1.0,-0.46069055795669556,-0.4658767580986023,0.088948555290699,98798
309,-0.21161803603172302,0.21161803603172302,1.0,4.860058307647705,14.427192687988281,-66.95323944091797,0.99853515625,0.560907094579534,0.0048283142322060385,0.0,1.0,1.0,0.11005144566297531,0.10419555753469467,0.09261895716190338,99118
310,-0.16528409719467163,0.16528409719467163,1.0,4.9825849533081055,12.878296852111816,-7.566596984863281,1.0,0.5595237968423026,0.0048060857888139385,0.0,1.0,1.0,-0.6551387310028076,-0.658688485622406,0.09482043236494064,99438
311,-0.16661565005779266,0.16661565005779266,1.0,4.587577819824219,13.286561012268066,-283.4828796386719,0.9990234375,0.5581439105659857,0.00478395968004048,0.0,1.0,1.0,0.398338258266449,0.3931428790092468,0.09029251337051392,99758
312,-0.4770936667919159,0.4770936667919159,1.0,4.734828948974609,22.765819549560547,-27.412670135498047,1.0,0.5567674273373074,0.004761935434760718,0.0,1.0,1.0,-0.6189007759094238,-0.623836874961853,0.09386526048183441,100000
313,-0.20940938591957092,0.20940938591957092,1.0,5.031326770782471,14.199649810791016,-15.071817398071289,0.999755859375,0.5553943387637403,0.004740012584018659,0.0,1.0,1.0,-0.5696586966514587,-0.573539137840271,0.08427142351865768,100000
314,-0.20719486474990845,0.20719486474990845,1.0,4.7905120849609375,14.354816436767578,-11.124802589416504,1.0,0.5540246364734548,0.004718190661017272,0.0,1.0,1.0,-0.31728440523147583,-0.3223020136356354,0.08308751881122589,100000
315,-0.19913999736309052,0.19913999736309052,1.0,4.368839263916016,14.497142791748047,-4.705872058868408,1.0,0.5526583121152674,0.004696469201108553,0.0,1.0,1.0,-0.140874981880188,-0.14540718495845795,0.08762476593255997,100000
316,-0.1588781177997589,0.1588781177997589,1.0,4.469620704650879,13.156516075134277,-27.134336471557617,1.0,0.5512953573585901,0.004674847741783631,0.0,1.0,1.0,0.21573488414287567,0.21103902161121368,0.08547769486904144,100000
317,-0.19780929386615753,0.19780929386615753,1.0,4.438686370849609,14.391029357910156,-1.318307876586914,1.0,0.5499357638933801,0.0046533258226629185,0.0,1.0,1.0,-0.09472938627004623,-0.09906018525362015,0.08587425947189331,100000
318,-1.2798924446105957,1.2798924446105957,1.0,4.715450286865234,47.647987365722656,-18.40049934387207,1.0,0.548579523430088,0.004631902985486308,0.0,1.0,1.0,0.245123028755188,0.2405790537595749,0.0861474946141243,100000
319,-0.1585795134305954,0.1585795134305954,1.0,4.331677436828613,13.27543830871582,-25.77397346496582,1.0,0.5472266276996085,0.004610578774103417,0.0,1.0,1.0,-0.2486751228570938,-0.25340506434440613,0.09067034721374512,100000
320,-0.18392233550548553,0.18392233550548553,1.0,4.781767845153809,13.642148971557617,-19.327451705932617,1.0,0.545877068453229,0.004589352734463874,0.0,1.0,1.0,-0.5881720781326294,-0.592555820941925,0.07806725800037384,100000
321,-0.3474189341068268,0.3474189341068268,1.0,4.608767509460449,18.866683959960938,-147.05747985839844,0.999755859375,0.54453083746258,0.004568224414607649,0.0,1.0,1.0,-0.15768852829933167,-0.16186928749084473,0.08976830542087555,100000
322,-0.1428373157978058,0.1428373157978058,1.0,4.616152286529541,12.523551940917969,-1.229651927947998,0.999755859375,0.5431879265195845,0.004547193364655434,0.0,1.0,1.0,-0.2827509045600891,-0.28759536147117615,0.07969261705875397,100000
323,-0.15451526641845703,0.15451526641845703,1.0,4.743394374847412,12.767011642456055,-42.7220344543457,1.0,0.5418483274364079,0.004526259136799059,0.0,1.0,1.0,-0.10731181502342224,-0.11210216581821442,0.08482467383146286,100000
324,-0.30670660734176636,0.30670660734176636,1.0,4.656495094299316,17.5614013671875,-54.50967788696289,1.0,0.5405120320454087,0.004505421285291963,0.0,1.0,1.0,-0.06952521950006485,-0.07392317801713943,0.08374875783920288,100000
325,-0.16373032331466675,0.16373032331466675,1.0,4.646295547485352,13.14263916015625,-3.5596134662628174,1.0,0.5391790321990879,0.004484679366439693,0.0,1.0,1.0,0.10132094472646713,0.09786630421876907,0.08217999339103699,100000
326,-0.3590141534805298,0.3590141534805298,1.0,4.8651957511901855,18.987548828125,-21.307729721069336,1.0,0.5378493197700399,0.004464032938590468,0.0,1.0,1.0,-0.3239128291606903,-0.3271506130695343,0.08295700699090958,100000
327,-0.1804026961326599,0.1804026961326599,1.0,4.696793079376221,13.612092971801758,-2.686537265777588,1.0,0.5365228866509026,0.0044434815621257695,0.0,1.0,1.0,-0.08664239943027496,-0.09041748940944672,0.08520334959030151,100000
328,-0.22546377778053284,0.22546377778053284,1.0,4.6105499267578125,15.087851524353027,-4.132275581359863,1.0,0.5351997247543083,0.004423024799450979,0.0,1.0,1.0,0.003786228597164154,-0.0007722210139036179,0.09043814241886139,100000
329,-0.22368545830249786,0.22368545830249786,1.0,4.789490699768066,14.866510391235352,-8.554913520812988,1.0,0.533879826012834,0.004402662214986063,0.0,1.0,1.0,-0.3657964766025543,-0.36988478899002075,0.08885258436203003,100000
330,-0.20694640278816223,0.20694640278816223,1.0,4.950723171234131,14.198260307312012,-11.74625301361084,1.0,0.5325631823789527,0.0043823933751562984,0.0,1.0,1.0,-0.16100770235061646,-0.16492097079753876,0.08183400332927704,100000
331,-0.22562742233276367,0.22562742233276367,1.0,4.735156059265137,14.977142333984375,-12.703018188476562,1.0,0.5312497858249836,0.00436221784838304,0.0,1.0,1.0,0.02361658215522766,0.01970045082271099,0.08640213310718536,100000
332,-3.375633716583252,3.375633716583252,1.0,5.02736759185791,112.26716613769531,-340.3415222167969,1.0,0.529939628343044,0.004342135205074531,0.0,1.0,1.0,-0.1372743844985962,-0.1400512009859085,0.09119126945734024,100000
333,-0.25943946838378906,0.25943946838378906,1.0,4.580859184265137,16.167728424072266,-9.509713172912598,1.0,0.528632701945,0.004322145017616756,0.0,1.0,1.0,-0.14036904275417328,-0.14254099130630493,0.08540483564138412,100000
334,-0.195017471909523,0.195017471909523,1.0,4.908538818359375,13.867996215820312,-9.88900089263916,1.0,0.5273289986624177,0.004302246860364334,0.0,1.0,1.0,-0.21044206619262695,-0.21428069472312927,0.08282540738582611,100000
335,-0.31584805250167847,0.31584805250167847,1.0,4.920010566711426,17.59968376159668,-6.436207294464111,0.9990234375,0.526028510546515,0.004282440309631459,0.0,1.0,1.0,-0.5530534982681274,-0.5561614632606506,0.08203621208667755,100000
336,-0.15139463543891907,0.15139463543891907,1.0,4.7939558029174805,12.623380661010742,-19.72576141357422,0.999267578125,0.5247312296681127,0.0042627249436828765,0.0,1.0,1.0,0.17890363931655884,0.17462407052516937,0.08562767505645752,100000
337,-0.16957449913024902,0.16957449913024902,1.0,4.490777015686035,13.468145370483398,-9.285276412963867,1.0,0.5234371481175867,0.004243100342724903,0.0,1.0,1.0,-0.07379455864429474,-0.07763335108757019,0.0900002270936966,100000
338,-0.20001909136772156,0.20001909136772156,1.0,5.043586730957031,13.897424697875977,-31.230093002319336,1.0,0.5221462580048191,0.004223566088896488,0.0,1.0,1.0,-0.27527233958244324,-0.2789154648780823,0.09307970106601715,100000
339,-0.19978129863739014,0.19978129863739014,1.0,4.8001708984375,14.116231918334961,-16.268840789794922,0.999267578125,0.5208585514591506,0.004204121766260317,0.0,1.0,1.0,-0.14300113916397095,-0.14783209562301636,0.08336523175239563,100000
340,-0.14819128811359406,0.14819128811359406,1.0,4.502134323120117,12.79531478881836,-15.786492347717285,1.0,0.5195740206293327,0.004184766960793955,0.0,1.0,1.0,0.0265490785241127,0.021099720150232315,0.08750554919242859,100000
341,-0.16932299733161926,0.16932299733161926,1.0,4.674296855926514,13.289837837219238,-124.8603515625,1.0,0.5182926576834788,0.004165501260381031,0.0,1.0,1.0,-0.18105944991111755,-0.1868121474981308,0.08608044683933258,100000
342,-0.20851796865463257,0.20851796865463257,1.0,4.737942218780518,14.444643020629883,-9265.9365234375,1.0,0.5170144548090176,0.004146324254802462,0.0,1.0,1.0,0.0281838346272707,0.022510165348649025,0.08058207482099533,100000
343,-0.20030662417411804,0.20030662417411804,1.0,4.631953239440918,14.288801193237305,-212.27908325195312,0.995849609375,0.515739404212645,0.004127235535727717,0.0,1.0,1.0,0.22094807028770447,0.21539367735385895,0.08313550055027008,100000
344,-0.1511428952217102,0.1511428952217102,1.0,4.319670677185059,13.056268692016602,-61.96564483642578,0.999755859375,0.5144674981202766,0.00410823469670613,0.0,1.0,1.0,-0.5039803981781006,-0.5089576244354248,0.08471233397722244,100000
345,-0.17147387564182281,0.17147387564182281,1.0,4.844311237335205,13.198484420776367,-7.126708984375,0.985595703125,0.5131987287769999,0.004089321333158234,0.0,1.0,1.0,0.12909354269504547,0.12399942427873611,0.08659057319164276,100000
346,-0.14959649741649628,0.14959649741649628,1.0,4.519537448883057,12.82266616821289,-2.9075474739074707,1.0,0.5119330884470279,0.004070495042367155,0.0,1.0,1.0,-0.10822559893131256,-0.11254457384347916,0.08373257517814636,100000
347,-0.21347123384475708,0.21347123384475708,1.0,4.488273620605469,14.830034255981445,-20.843210220336914,1.0,0.5106705694136513,0.004051755423470034,0.0,1.0,1.0,0.2014869749546051,0.19749289751052856,0.08407635241746902,100000
348,-0.2026873677968979,0.2026873677968979,1.0,4.852512836456299,14.15760326385498,-51.83740997314453,1.0,0.5094111639791914,0.004033102077449494,0.0,1.0,1.0,-0.27413210272789,-0.2780364155769348,0.0898679718375206,100000
349,-0.15302371978759766,0.15302371978759766,1.0,4.466519832611084,12.97807502746582,-25.571020126342773,1.0,0.5081548644649535,0.0040145346071251385,0.0,1.0,1.0,-0.4957752823829651,-0.4995209872722626,0.08771146833896637,100000
350,-2.1100354194641113,2.1100354194641113,1.0,5.036856651306152,73.06041717529297,-261.4328308105469,1.0,0.5069016632111801,0.003996052617145101,0.0,1.0,1.0,-0.1429709643125534,-0.14710211753845215,0.09653395414352417,100000
351,-0.17990711331367493,0.17990711331367493,1.0,4.802802562713623,13.498245239257812,-11.484588623046875,0.998779296875,0.5056515525770037,0.00397765571397762,0.0,1.0,1.0,-0.42327970266342163,-0.4269290864467621,0.09126099944114685,100000
352,-0.13990747928619385,0.13990747928619385,1.0,4.399395942687988,12.634210586547852,-8.99344539642334,1.0,0.5044045249404008,0.003959343505902667,0.0,1.0,1.0,-0.054411955177783966,-0.058163776993751526,0.08452660590410233,100000
353,-0.2283104807138443,0.2283104807138443,1.0,4.42552375793457,15.347936630249023,-6.359005451202393,1.0,0.5031605726981451,0.003941115603003599,0.0,1.0,1.0,0.16554757952690125,0.16106829047203064,0.07855942100286484,100000
354,-0.2620455324649811,0.2620455324649811,1.0,4.797945499420166,16.046737670898438,-32.232791900634766,1.0,0.5019196882657613,0.003922971617158862,0.0,1.0,1.0,0.3481022119522095,0.3441678583621979,0.07683323323726654,100000
355,-0.15480691194534302,0.15480691194534302,1.0,4.709697246551514,12.807353973388672,-733.6724243164062,1.0,0.5006818640774786,0.003904911162033722,0.0,1.0,1.0,-0.2248273491859436,-0.22928693890571594,0.07261763513088226,100000
356,-0.1691642850637436,0.1691642850637436,1.0,4.621480941772461,13.333995819091797,-0.755544900894165,0.999755859375,0.4994470925861849,0.003886933853072042,0.0,1.0,1.0,0.028445608913898468,0.023871535435318947,0.07883628457784653,100000
357,-0.22668007016181946,0.22668007016181946,1.0,4.466760635375977,15.259126663208008,-7.48532772064209,1.0,0.4982153662633806,0.003869039307488091,0.0,1.0,1.0,0.15979121625423431,0.1557256579399109,0.0827491357922554,100000
358,-0.14438703656196594,0.14438703656196594,1.0,4.579015731811523,12.606054306030273,-1316.6737060546875,1.0,0.4969866775991328,0.003851227144258396,0.0,1.0,1.0,-0.26080894470214844,-0.26464682817459106,0.083284392952919,100000
359,-0.1969917118549347,0.1969917118549347,1.0,4.500693321228027,14.308093070983887,-6.513899803161621,0.999755859375,0.4957610191020293,0.00383349698411363,0.0,1.0,1.0,-0.29123592376708984,-0.2950882613658905,0.07775966823101044,100000
360,-0.19839417934417725,0.19839417934417725,1.0,4.848341941833496,14.028511047363281,-42.98468017578125,1.0,0.49453838329913324,0.0038158484495305314,0.0,1.0,1.0,-0.4771360158920288,-0.48132383823394775,0.07884965091943741,100000
361,-0.1708797663450241,0.1708797663450241,1.0,4.714193820953369,13.300982475280762,-13.148558616638184,0.998779296875,0.4933187627359371,0.0037982811647238692,0.0,1.0,1.0,0.026499643921852112,0.022476494312286377,0.07474662363529205,100000
362,-0.16095471382141113,0.16095471382141113,1.0,4.614845275878906,13.085895538330078,-44.924278259277344,1.0,0.49210214997631796,0.003780794755638443,0.0,1.0,1.0,-0.1879805326461792,-0.19107919931411743,0.07890212535858154,100000
363,-0.19143366813659668,0.19143366813659668,1.0,4.718290328979492,13.933768272399902,-11.617606163024902,1.0,0.4908885376024912,0.003763388849941112,0.0,1.0,1.0,-0.04931879788637161,-0.05231794714927673,0.0797690823674202,100000
364,-0.25622066855430603,0.25622066855430603,1.0,4.8044915199279785,15.860248565673828,-115.80955505371094,1.0,0.4896779182149661,0.0037460630770128752,0.0,1.0,1.0,0.0032262131571769714,0.00013254978694021702,0.07758945226669312,100000
365,-0.3228892982006073,0.3228892982006073,1.0,5.066059112548828,17.68206214904785,-28.047155380249023,0.999755859375,0.48847028443250035,0.0037288170679409733,0.0,1.0,1.0,-0.33078238368034363,-0.3346533179283142,0.07848617434501648,100000
366,-0.23691019415855408,0.23691019415855408,1.0,4.653139591217041,15.402795791625977,-411.94915771484375,1.0,0.48726562889205516,0.003711650455511038,0.0,1.0,1.0,0.2655773162841797,0.26166048645973206,0.08067011088132858,100000
367,-0.1503799557685852,0.1503799557685852,1.0,4.582035541534424,12.788861274719238,-7.145490646362305,1.0,0.4860639442487502,0.003694562874199269,0.0,1.0,1.0,0.03941013291478157,0.03556616231799126,0.08504050970077515,100000
368,-0.16406646370887756,0.16406646370887756,1.0,4.52610969543457,13.264720916748047,-82.71497344970703,1.0,0.48486522317581904,0.0036775539601646558,0.0,1.0,1.0,-0.06486126780509949,-0.06898767501115799,0.08041266351938248,100000
369,-0.14652904868125916,0.14652904868125916,1.0,4.332021236419678,12.901893615722656,-18.534088134765625,1.0,0.48366945836456443,0.0036606233512412253,0.0,1.0,1.0,-0.13772965967655182,-0.14128687977790833,0.08840866386890411,100000
370,-0.15021854639053345,0.15021854639053345,1.0,4.61948299407959,12.749067306518555,-19.30474853515625,1.0,0.4824766425243134,0.0036437706869303344,0.0,1.0,1.0,0.3009188175201416,0.2985190153121948,0.07676561921834946,100000
371,-0.17185437679290771,0.17185437679290771,1.0,4.808815956115723,13.243249893188477,-5.113644123077393,1.0,0.4812867683823734,0.003626995608392992,0.0,1.0,1.0,0.01269453763961792,0.009119482710957527,0.07519508898258209,100000
372,-0.22065767645835876,0.22065767645835876,1.0,4.761330604553223,14.79889965057373,-73.7495346069336,1.0,0.4800998286839875,0.0036102977584422185,0.0,1.0,1.0,-0.4001520872116089,-0.40361645817756653,0.07985404133796692,100000
373,-0.15773698687553406,0.15773698687553406,1.0,4.749778747558594,12.860862731933594,-8.56947135925293,1.0,0.4789158161922903,0.0035936767815354415,0.0,1.0,1.0,-0.5979334115982056,-0.60137540102005,0.07511479407548904,100000
374,-0.24715474247932434,0.24715474247932434,1.0,4.81313419342041,15.571428298950195,-87.41805267333984,1.0,0.47773472368826386,0.003577132323766924,0.0,1.0,1.0,-0.0987951010465622,-0.10228533297777176,0.07855220139026642,100000
375,-0.1960361897945404,0.1960361897945404,1.0,4.799499034881592,14.000862121582031,-11.610647201538086,1.0,0.47655654397069364,0.0035606640328602287,0.0,1.0,1.0,-0.4394840598106384,-0.4431283175945282,0.07720790803432465,100000
376,-0.23115268349647522,0.23115268349647522,1.0,4.839418411254883,15.051393508911133,-20.553298950195312,1.0,0.47538126985612456,0.003544271558160719,0.0,1.0,1.0,-0.3208988308906555,-0.3236705958843231,0.08415475487709045,100000
377,-0.16205540299415588,0.16205540299415588,1.0,4.381983757019043,13.336350440979004,-5.082184791564941,1.0,0.47420889417881723,0.00352795455062809,0.0,1.0,1.0,0.4945574998855591,0.4927130937576294,0.08288242667913437,100000
378,-0.1571086347103119,0.1571086347103119,1.0,4.73789119720459,12.852446556091309,-45.461631774902344,1.0,0.47303940979070425,0.003511712662828938,0.0,1.0,1.0,-0.010751763358712196,-0.014085011556744576,0.07777896523475647,100000
379,-0.24667510390281677,0.24667510390281677,1.0,5.014923095703125,15.36907958984375,-32.54637145996094,1.0,0.47187280956134675,0.0034955455489293625,0.0,1.0,1.0,-0.7460775375366211,-0.7484117150306702,0.0796811506152153,100000
380,-0.21660397946834564,0.21660397946834564,1.0,4.618399620056152,14.806153297424316,-92.05292510986328,1.0,0.4707090863778906,0.0034794528646876033,0.0,1.0,1.0,-0.21144980192184448,-0.21444940567016602,0.08396022766828537,100000
381,-0.17945057153701782,0.17945057153701782,1.0,4.496644020080566,13.768573760986328,-0.7489092350006104,1.0,0.4695482331450234,0.0034634342674467085,0.0,1.0,1.0,-0.21538972854614258,-0.21823231875896454,0.08532675355672836,100000
382,-0.7213190793991089,0.7213190793991089,1.0,4.940818786621094,30.138538360595703,-1658.8155517578125,1.0,0.468390242784931,0.00344748941612724,0.0,1.0,1.0,0.08878505229949951,0.08610889315605164,0.0882737934589386,100000
383,-0.1534481644630432,0.1534481644630432,1.0,4.566337585449219,12.898475646972656,-6.424341201782227,1.0,0.46723510823725456,0.0034316179712200108,0.0,1.0,1.0,-0.4583810567855835,-0.4612858295440674,0.0891840010881424,100000
384,-0.1575552225112915,0.1575552225112915,1.0,4.539755821228027,13.050376892089844,-26.711807250976562,0.999267578125,0.4660828224590471,0.0034158195947788556,0.0,1.0,1.0,0.23850798606872559,0.23433589935302734,0.08221728354692459,100000
385,-0.16612845659255981,0.16612845659255981,1.0,4.905291557312012,12.976266860961914,-100.763427734375,1.0,0.464933378424731,0.0034000939504134353,0.0,1.0,1.0,-0.3419719636440277,-0.3452962636947632,0.08243772387504578,100000
386,-0.14606323838233948,0.14606323838233948,1.0,4.755115985870361,12.494346618652344,-6.644662857055664,1.0,0.4637867691260549,0.0033844407032820743,0.0,1.0,1.0,-0.2342049479484558,-0.23726290464401245,0.08413812518119812,100000
387,-0.1455802470445633,0.1455802470445633,1.0,4.611957550048828,12.612403869628906,-32.27463912963867,0.999755859375,0.46264298757205113,0.0033688595200846313,0.0,1.0,1.0,-0.23786452412605286,-0.2404511570930481,0.08513152599334717,100000
388,-0.37212297320365906,0.37212297320365906,1.0,5.057662010192871,19.2147216796875,-70.99896240234375,0.999755859375,0.4615020267889929,0.0033533500690554005,0.0,1.0,1.0,-0.3140861988067627,-0.31757381558418274,0.08525589108467102,100000
389,-0.43805810809135437,0.43805810809135437,1.0,4.60852575302124,21.674171447753906,-733.8379516601562,0.99755859375,0.4603638798203519,0.003337912019956049,0.0,1.0,1.0,-0.31359586119651794,-0.31576576828956604,0.08439444750547409,100000
390,-0.15794406831264496,0.15794406831264496,1.0,4.444536209106445,13.150894165039062,-44.49095916748047,1.0,0.4592285397267559,0.003322545044068586,0.0,1.0,1.0,-0.12832416594028473,-0.13183824717998505,0.08022347092628479,100000
391,-0.1683155596256256,0.1683155596256256,1.0,4.585022926330566,13.341585159301758,-12.199845314025879,1.0,0.45809599958594655,0.003307248814188362,0.0,1.0,1.0,-0.0031881816685199738,-0.006072069052606821,0.08346402645111084,100000
392,-0.3484881818294525,0.3484881818294525,1.0,4.828493118286133,18.695642471313477,-31.865673065185547,1.0,0.4569662524927367,0.0032920230046171012,0.0,1.0,1.0,-0.3783474862575531,-0.3817126452922821,0.08360196650028229,100000
393,-0.7894334197044373,0.7894334197044373,1.0,5.198915481567383,32.00835418701172,-71.16159057617188,1.0,0.4558392915589689,0.003276867291155969,0.0,1.0,1.0,-0.000347379595041275,-0.0036896569654345512,0.08435560762882233,100000
394,-0.2560270428657532,0.2560270428657532,1.0,5.031022071838379,15.643768310546875,-79.69742584228516,1.0,0.45471510991347314,0.0032617813510986654,0.0,1.0,1.0,-0.7402960062026978,-0.742969274520874,0.07824822515249252,100000
395,-0.16063560545444489,0.16063560545444489,1.0,4.831157684326172,12.875024795532227,-18.52591323852539,1.0,0.45359370070202476,0.003246764863224557,0.0,1.0,1.0,-0.27598071098327637,-0.2791363298892975,0.08239997923374176,100000
396,-0.1981527954339981,0.1981527954339981,1.0,5.010408878326416,13.87044906616211,-8.364577293395996,1.0,0.45247505708730296,0.0032318175077918365,0.0,1.0,1.0,-0.1905878484249115,-0.19335894286632538,0.07937126606702805,100000
397,-0.2041224241256714,0.2041224241256714,1.0,4.855226993560791,14.199528694152832,-132.2270965576172,1.0,0.45135917224884914,0.003216938966530713,0.0,1.0,1.0,-0.012920957058668137,-0.016020972281694412,0.07397717237472534,100000
398,-0.16044077277183533,0.16044077277183533,1.0,4.686282157897949,13.003602027893066,-126.53431701660156,0.999755859375,0.4502460393830248,0.0032021289226366358,0.0,1.0,1.0,0.0051155537366867065,0.0029143651481717825,0.07975154370069504,100000
399,-0.2912363111972809,0.2912363111972809,1.0,5.044018745422363,16.722190856933594,-171.2734375,0.999267578125,0.449135651702971,0.0031873870607635503,0.0,1.0,1.0,-0.42705070972442627,-0.4300287961959839,0.0804309993982315,100000
400,-0.1486606001853943,0.1486606001853943,1.0,4.501084327697754,12.810827255249023,-3.991851568222046,1.0,0.44802800243856583,0.003172713067017181,0.0,1.0,1.0,-0.2935667335987091,-0.296373188495636,0.0834311693906784,100000
401,-0.19876167178153992,0.19876167178153992,1.0,4.966856956481934,13.929773330688477,-6.976466178894043,0.9990234375,0.446923084836384,0.0031581066289483512,0.0,1.0,1.0,-0.2014339417219162,-0.20374436676502228,0.07944845408201218,100000
402,-0.29999634623527527,0.29999634623527527,1.0,4.990752220153809,17.04299545288086,-953.126953125,0.991455078125,0.4458208921596555,0.0031435674355463255,0.0,1.0,1.0,-0.12167485803365707,-0.12504532933235168,0.07711648941040039,100000
403,-0.2218412458896637,0.2218412458896637,1.0,4.888323783874512,14.717558860778809,-21.905113220214844,1.0,0.4447214176882241,0.0031290951772321926,0.0,1.0,1.0,-0.2681984305381775,-0.2713117003440857,0.08006037771701813,100000
404,-0.21236389875411987,0.21236389875411987,1.0,4.756665229797363,14.54636001586914,-17.58686065673828,0.999755859375,0.44362465471850693,0.003114689545852269,0.0,1.0,1.0,-0.6769601702690125,-0.6797763705253601,0.0799422562122345,100000
405,-0.19617025554180145,0.19617025554180145,1.0,4.9972429275512695,13.821279525756836,-17.370756149291992,1.0,0.44253059656345334,0.00310035023467154,0.0,1.0,1.0,-0.41101574897766113,-0.41340452432632446,0.07975047826766968,100000
406,-0.3438664674758911,0.3438664674758911,1.0,4.931327819824219,18.45694923400879,-42.27510452270508,1.0,0.441439236552504,0.0030860769383671293,0.0,1.0,1.0,-0.46123501658439636,-0.4638046622276306,0.08180079609155655,100000
407,-0.6181483268737793,0.6181483268737793,1.0,5.040765285491943,26.850282669067383,-8.842022895812988,1.0,0.4403505680315504,0.003071869353021795,0.0,1.0,1.0,-0.5692217946052551,-0.5712393522262573,0.08868291974067688,100000
408,-0.166306734085083,0.166306734085083,1.0,4.844898223876953,13.03790283203125,-182.7840576171875,1.0,0.43926458436289456,0.0030577271761174606,0.0,1.0,1.0,-0.5231908559799194,-0.5249779224395752,0.09038201719522476,100000
409,-0.5080767273902893,0.5080767273902893,1.0,5.0099287033081055,23.469812393188477,-218.88934326171875,0.999755859375,0.4381812789252078,0.003043650106528774,0.0,1.0,1.0,-0.42123377323150635,-0.4230985641479492,0.08715419471263885,100000
410,-5.003915309906006,5.003915309906006,1.0,4.8746337890625,162.8399658203125,-6.658905506134033,1.0,0.43710064511349117,0.0030296378445166918,0.0,1.0,1.0,-0.0661952793598175,-0.06787948310375214,0.09271437674760818,100000
411,-0.20474988222122192,0.20474988222122192,1.0,4.706393241882324,14.357250213623047,-18.48013687133789,1.0,0.4360226763390346,0.003015690091722103,0.0,1.0,1.0,0.07532517611980438,0.0733056589961052,0.08657871931791306,100000
412,-0.16412553191184998,0.16412553191184998,1.0,4.830300331115723,12.98391056060791,-2.9011800289154053,1.0,0.43494736602937717,0.0030018065511594715,0.0,1.0,1.0,-0.5824828147888184,-0.584256649017334,0.08158914744853973,100000
413,-0.19311915338039398,0.19311915338039398,1.0,4.4269866943359375,14.256637573242188,-28.226276397705078,1.0,0.4338747076282667,0.0029879869272105147,0.0,1.0,1.0,0.2296375036239624,0.22758673131465912,0.0793348178267479,100000
414,-1.0678244829177856,1.0678244829177856,1.0,4.737321376800537,41.059532165527344,-3.6821603775024414,1.0,0.43280469459562,0.002974230925617908,0.0,1.0,1.0,-0.10998973995447159,-0.11205513775348663,0.08012840151786804,100000
415,-0.21848438680171967,0.21848438680171967,1.0,4.81470251083374,14.681997299194336,-4.647875785827637,1.0,0.43173732040748275,0.002960538253479018,0.0,1.0,1.0,0.19715484976768494,0.19497141242027283,0.07562829554080963,100000
416,-0.2591996192932129,0.2591996192932129,1.0,4.949583053588867,15.817699432373047,-79.77982330322266,1.0,0.43067257855599006,0.0029469086192396706,0.0,1.0,1.0,-0.45525747537612915,-0.45824912190437317,0.08479344844818115,100000
417,-0.2502182722091675,0.2502182722091675,1.0,4.745932579040527,15.728752136230469,-319.1853942871094,1.0,0.4296104625493265,0.0029333417326879376,0.0,1.0,1.0,-0.3536813259124756,-0.35595694184303284,0.08290450274944305,100000
418,-0.16989314556121826,0.16989314556121826,1.0,4.652712345123291,13.32755184173584,-4486.6865234375,0.999755859375,0.4285509659116865,0.002919837304947958,0.0,1.0,1.0,-0.043061647564172745,-0.045751240104436874,0.08446697890758514,100000
419,-0.22314275801181793,0.22314275801181793,1.0,4.807584762573242,14.832889556884766,-93.07522583007812,1.0,0.42749408218323526,0.0029063950484737922,0.0,1.0,1.0,-0.5528388023376465,-0.5558943152427673,0.09012116491794586,100000
420,-0.20603010058403015,0.20603010058403015,1.0,4.833864212036133,14.278461456298828,-4.2121148109436035,1.0,0.4264398049200689,0.0028930146770432936,0.0,1.0,1.0,-0.24926117062568665,-0.2511831223964691,0.0925641804933548,100000
421,-0.18154975771903992,0.18154975771903992,1.0,4.598156929016113,13.73926830291748,-11.286090850830078,1.0,0.4253881276941755,0.002879695905752016,0.0,1.0,1.0,-0.3104376196861267,-0.3132403790950775,0.09181621670722961,100000
422,-0.19892001152038574,0.19892001152038574,1.0,4.641801834106445,14.236705780029297,-86.08221435546875,1.0,0.4243390440933957,0.002866438451007149,0.0,1.0,1.0,-0.18374572694301605,-0.18623270094394684,0.09253479540348053,100000
423,-0.15412637591362,0.15412637591362,1.0,4.301308631896973,13.165733337402344,-18.515869140625,1.0,0.4232925477213836,0.0028532420305214757,0.0,1.0,1.0,-0.30921000242233276,-0.311489999294281,0.08713765442371368,100000
424,-0.23072543740272522,0.23072543740272522,1.0,4.895724296569824,14.985843658447266,-10.36185359954834,1.0,0.4222486321975679,0.0028401063633073658,0.0,1.0,1.0,-0.19586703181266785,-0.19852764904499054,0.08611337840557098,100000
425,-1.3762012720108032,1.3762012720108032,1.0,5.059772491455078,50.31092071533203,-65.57565307617188,0.997802734375,0.4212072911571131,0.0028270311696707916,0.0,1.0,1.0,-0.16343432664871216,-0.1658674031496048,0.08373156189918518,100000
426,-0.20510023832321167,0.20510023832321167,1.0,4.620912551879883,14.447526931762695,-24.86287498474121,0.999755859375,0.42016851825088025,0.002814016171205371,0.0,1.0,1.0,0.17202714085578918,0.16975201666355133,0.07456141710281372,100000
427,-0.27343469858169556,0.27343469858169556,1.0,4.647389888763428,16.539369583129883,-8.927618026733398,1.0,0.41913230714538874,0.002801061090786441,0.0,1.0,1.0,-0.5898329019546509,-0.5921077728271484,0.08363513648509979,100000
428,-0.39550501108169556,0.39550501108169556,1.0,4.9351396560668945,20.052749633789062,-990.69482421875,1.0,0.4180986515227773,0.0027881656525651564,0.0,1.0,1.0,0.258932888507843,0.25693976879119873,0.07658199220895767,100000
429,-0.24816715717315674,0.24816715717315674,1.0,4.866390705108643,15.553302764892578,-250.06845092773438,1.0,0.41706754508076566,0.0027753295819626174,0.0,1.0,1.0,-0.5465690493583679,-0.549349844455719,0.08622996509075165,100000
430,-0.35862410068511963,0.35862410068511963,1.0,4.691027641296387,19.137298583984375,-8.613689422607422,0.999755859375,0.4160389815326163,0.00276255260566402,0.0,1.0,1.0,0.05130525678396225,0.048578307032585144,0.0798223614692688,100000
431,-0.5084296464920044,0.5084296464920044,1.0,4.77116584777832,23.702590942382812,-174869.640625,1.0,0.4150129546070957,0.00274983445161284,0.0,1.0,1.0,0.0029122084379196167,0.0005804633256047964,0.08223965018987656,100000
432,-0.23316413164138794,0.23316413164138794,1.0,4.53398323059082,15.397488594055176,-3.913083076477051,0.9990234375,0.41398945804843645,0.002737174849005038,0.0,1.0,1.0,0.21820226311683655,0.21583889424800873,0.07679061591625214,100000
433,-13.088058471679688,496.7355041503906,0.875,13.408661842346191,15384.7490234375,-574.6658935546875,0.97705078125,0.41296848561629895,0.002724573528283294,0.0,1.0,1.0,-0.189132958650589,-0.1918637901544571,0.0762084424495697,100000
434,-0.18178647756576538,0.18178647756576538,1.0,4.715913772583008,13.637186050415039,-12.325992584228516,1.0,0.41195003108573336,0.0027120302211312676,0.0,1.0,1.0,0.05865985155105591,0.05623941123485565,0.07398393750190735,100000
435,-0.25204789638519287,0.25204789638519287,1.0,4.912245750427246,15.630888938903809,-34.328369140625,1.0,0.4109340882471418,0.002699544660467885,0.0,1.0,1.0,-0.12204677611589432,-0.1252351850271225,0.07487709075212479,100000
436,-0.20848014950752258,0.20848014950752258,1.0,4.5836381912231445,14.586843490600586,-19.347782135009766,1.0,0.4099206509062402,0.002687116580441652,0.0,1.0,1.0,-0.062133342027664185,-0.06436114758253098,0.0768827348947525,100000
437,-2.1980838775634766,2.1980838775634766,1.0,4.842245578765869,75.96826171875,-7.055225372314453,1.0,0.40890971288402084,0.0026747457164249928,0.0,1.0,1.0,-0.36324867606163025,-0.36541008949279785,0.0781278908252716,100000
438,-0.8496377468109131,0.8496377468109131,1.0,4.841342926025391,34.20523452758789,-2.9872384071350098,1.0,0.4079012680167146,0.002662431805008616,0.0,1.0,1.0,-0.12334951013326645,-0.12531787157058716,0.08249509334564209,100000
439,-0.14486651122570038,0.14486651122570038,1.0,4.584479808807373,12.615829467773438,-7.838072299957275,0.9990234375,0.40689531015575314,0.0026501745839959063,0.0,1.0,1.0,0.1881805956363678,0.18651582300662994,0.08571472018957138,100000
440,-0.273630291223526,0.273630291223526,1.0,4.729670524597168,16.468975067138672,-3.681352138519287,1.0,0.40589183316773164,0.0026379737923973405,0.0,1.0,1.0,-0.5795328617095947,-0.5809669494628906,0.07934919744729996,100000
441,-0.32349756360054016,0.32349756360054016,1.0,4.741534233093262,18.0024356842041,-18.25218963623047,1.0,0.4048908309343716,0.0026258291704249308,0.0,1.0,1.0,-0.3244348168373108,-0.3260878622531891,0.07857462018728256,100000
442,-0.8176902532577515,0.8176902532577515,1.0,4.851377010345459,33.20643615722656,-21.402355194091797,1.0,0.40389229735248294,0.0026137404594866937,0.0,1.0,1.0,0.07190586626529694,0.0702434778213501,0.0790136307477951,100000
443,-0.1802874058485031,0.1802874058485031,1.0,4.929615020751953,13.392194747924805,-8.70095157623291,1.0,0.40289622633392735,0.0026017074021811425,0.0,1.0,1.0,-0.30792075395584106,-0.30975398421287537,0.0732826367020607,100000
444,-9.745771408081055,9.745771408081055,1.0,5.156309127807617,309.4423522949219,-39.65918731689453,1.0,0.40190261180558096,0.0025897297422918094,0.0,1.0,1.0,0.06597113609313965,0.06439168006181717,0.07891055196523666,100000
445,-10.097970962524414,10.097970962524414,1.0,4.794580459594727,320.68670654296875,-50.99269104003906,1.0,0.40091144770929726,0.0025778072247817857,0.0,1.0,1.0,0.39382246136665344,0.39242520928382874,0.07328920066356659,100000
446,-0.3318687975406647,0.3318687975406647,1.0,4.714067459106445,18.287227630615234,-6346.8994140625,1.0,0.3999227280018702,0.002565939595788296,0.0,1.0,1.0,-0.26968690752983093,-0.27163800597190857,0.07678648084402084,100000
447,-0.202854186296463,0.202854186296463,1.0,4.8707990646362305,14.14577865600586,-1047.3455810546875,1.0,0.39893644665499745,0.0025541266026172884,0.0,1.0,1.0,0.00980299711227417,0.008244995027780533,0.08073784410953522,100000
448,-0.1664772629737854,0.1664772629737854,1.0,4.679224967956543,13.197120666503906,-40.25872039794922,1.0,0.39795259765524343,0.0025423679937380574,0.0,1.0,1.0,-0.07697507739067078,-0.0792284607887268,0.08540063351392746,100000
449,-0.14041346311569214,0.14041346311569214,1.0,4.2183003425598145,12.818146705627441,-114.73685455322266,1.0,0.3969711750040029,0.002530663518777886,0.0,1.0,1.0,-0.03049398586153984,-0.03274652734398842,0.0836358368396759,100000
450,-0.2718861699104309,0.2718861699104309,1.0,4.649811744689941,16.489158630371094,-2.6182875633239746,1.0,0.39599217271746423,0.0025190129285167164,0.0,1.0,1.0,-0.6544404029846191,-0.6560363173484802,0.08759206533432007,100000
451,-0.1983281373977661,0.1983281373977661,1.0,4.564891338348389,14.289834976196289,-2.261909008026123,1.0,0.3950155848265729,0.002507415974881841,0.0,1.0,1.0,-0.0037514250725507736,-0.00557401729747653,0.08500383049249649,100000
452,-0.20670154690742493,0.20670154690742493,1.0,4.559990882873535,14.553727149963379,-28.361953735351562,0.9990234375,0.3940414053769952,0.0024958724109426225,0.0,1.0,1.0,-0.0705089122056961,-0.07203332334756851,0.0801975280046463,100000
453,-0.23957765102386475,0.23957765102386475,1.0,4.839395046234131,15.31235122680664,-356.8425598144531,1.0,0.3930696284290818,0.002484381990905235,0.0,1.0,1.0,-0.5123754739761353,-0.5143717527389526,0.08358323574066162,100000
454,-0.18107546865940094,0.18107546865940094,1.0,4.558687686920166,13.761251449584961,-170.93556213378906,0.97900390625,0.39210024805783167,0.0024729444701074308,0.0,1.0,1.0,-0.46039879322052,-0.4624216556549072,0.07827354222536087,100000
455,-0.3925750255584717,0.3925750255584717,1.0,4.572653770446777,20.298805236816406,-3.545252799987793,1.0,0.3911332583528559,0.0024615596050133305,0.0,1.0,1.0,0.18043696880340576,0.1787419319152832,0.08042727410793304,100000
456,-0.40490707755088806,0.40490707755088806,1.0,4.996013641357422,20.28738784790039,-4.420389652252197,1.0,0.39016865341834167,0.0024502271532082375,0.0,1.0,1.0,-0.234634667634964,-0.2360556721687317,0.07442152500152588,100000
457,-0.1613267958164215,0.1613267958164215,1.0,4.630592346191406,13.082788467407227,-2.9866745471954346,1.0,0.3892064273730163,0.0024389468733934765,0.0,1.0,1.0,-0.5050784349441528,-0.5070783495903015,0.06971491128206253,100000
458,-0.7297905683517456,0.7297905683517456,1.0,4.700125694274902,30.624553680419922,-11.076501846313477,1.0,0.3882465743501113,0.002427718525381256,0.0,1.0,1.0,-0.1354982554912567,-0.1376461684703827,0.0801050215959549,100000
459,-0.23410668969154358,0.23410668969154358,1.0,4.5941877365112305,15.370742797851562,-248.6199951171875,1.0,0.38728908849732685,0.0024165418700895533,0.0,1.0,1.0,0.19083155691623688,0.18862326443195343,0.07797122746706009,100000
460,-0.3969331383705139,0.3969331383705139,1.0,4.94902229309082,20.084081649780273,-222.34620666503906,1.0,0.38633396397679576,0.0024054166695370235,0.0,1.0,1.0,-0.051614031195640564,-0.05355469137430191,0.07483609765768051,100000
461,-0.38604646921157837,0.38604646921157837,1.0,4.996429920196533,19.702852249145508,-26.69675636291504,1.0,0.38538119496504813,0.002394342686837934,0.0,1.0,1.0,0.014807088300585747,0.012874293141067028,0.07489462196826935,100000
462,-0.2807263731956482,0.2807263731956482,1.0,4.629914283752441,16.781444549560547,-3.8398518562316895,1.0,0.384430775652976,0.0023833196861971183,0.0,1.0,1.0,-0.14880995452404022,-0.15040145814418793,0.07219691574573517,100000
463,-0.27396130561828613,0.27396130561828613,1.0,4.760368347167969,16.45070457458496,-39.72105026245117,1.0,0.38348270024579734,0.0023723474329049575,0.0,1.0,1.0,0.01504983939230442,0.013195517472922802,0.07234909385442734,100000
464,-0.18540959060192108,0.18540959060192108,1.0,4.807382583618164,13.664411544799805,-2.6489014625549316,1.0,0.3825369629630215,0.00236142569333238,0.0,1.0,1.0,0.05392133444547653,0.05274641141295433,0.0817536935210228,100000
465,-3.326822519302368,3.326822519302368,1.0,4.883903503417969,110.88868713378906,-329.0291748046875,1.0,0.38159355803841305,0.0023505542349258903,0.0,1.0,1.0,0.23765751719474792,0.2355884313583374,0.07797165215015411,100000
466,-0.3364289402961731,0.3364289402961731,1.0,4.6567535400390625,18.481718063354492,-323.0218811035156,1.0,0.3806524797199576,0.0023397328262026148,0.0,1.0,1.0,-0.2516009211540222,-0.25352561473846436,0.07719286531209946,100000
467,-0.21860834956169128,0.21860834956169128,1.0,4.741740703582764,14.753629684448242,-53.99394226074219,1.0,0.3797137222698262,0.0023289612367453725,0.0,1.0,1.0,-0.12737807631492615,-0.1295856088399887,0.08092911541461945,100000
468,-0.1787780225276947,0.1787780225276947,1.0,4.594058513641357,13.657230377197266,-20.814369201660156,1.0,0.3787772799643401,0.002318239237197771,0.0,1.0,1.0,-0.2921505570411682,-0.2943558990955353,0.07442787289619446,100000
469,-0.40762877464294434,0.40762877464294434,1.0,5.053014278411865,20.3187198638916,-577.1085205078125,0.999755859375,0.37784314709393646,0.002307566599259322,0.0,1.0,1.0,-0.00831063836812973,-0.010071194730699062,0.07695011049509048,100000
470,-0.2024541050195694,0.2024541050195694,1.0,4.838927268981934,14.163002014160156,-17.714534759521484,1.0,0.37691131796313315,0.0022969430956805786,0.0,1.0,1.0,-0.24759458005428314,-0.24929854273796082,0.07399656623601913,100000
471,-0.3180508017539978,0.3180508017539978,1.0,4.908459663391113,17.678638458251953,-522.608154296875,1.0,0.3759817868904943,0.0022863685002582996,0.0,1.0,1.0,-0.05866645276546478,-0.060008518397808075,0.0747322142124176,100000
472,-0.1564771831035614,0.1564771831035614,1.0,4.734961032867432,12.835612297058105,-0.2759173512458801,1.0,0.375054548208595,0.00227584258783063,0.0,1.0,1.0,-0.451917827129364,-0.45323503017425537,0.0791424959897995,100000
473,-0.24911293387413025,0.24911293387413025,1.0,4.817106246948242,15.628385543823242,-45.67344284057617,0.99951171875,0.37412959626398795,0.002265365134272308,0.0,1.0,1.0,-0.1642165333032608,-0.16549694538116455,0.08036679029464722,100000
474,-0.21397557854652405,0.21397557854652405,1.0,4.7912373542785645,14.564154624938965,-105.70589447021484,1.0,0.37320692541716755,0.0022549359164898935,0.0,1.0,1.0,-0.04978945851325989,-0.05170915648341179,0.08076967298984528,100000
475,-0.19446241855621338,0.19446241855621338,1.0,4.860211372375488,13.895708084106445,-13.894185066223145,1.0,0.3722865300425366,0.002244554712417016,0.0,1.0,1.0,0.033872347325086594,0.03246079012751579,0.08178786188364029,100000
476,-0.2044503390789032,0.2044503390789032,1.0,4.696046829223633,14.357586860656738,-2.254749298095703,1.0,0.3713684045283717,0.0022342213010096484,0.0,1.0,1.0,-0.5022578239440918,-0.5033527612686157,0.07662588357925415,100000
477,-0.2823072671890259,0.2823072671890259,1.0,4.895853519439697,16.583309173583984,-59.405399322509766,1.0,0.3704525432767888,0.0022239354622413986,0.0,1.0,1.0,0.06645260751247406,0.06466839462518692,0.07866311818361282,100000
478,-0.1631949096918106,0.1631949096918106,1.0,4.620410919189453,13.150108337402344,-96.55357360839844,1.0,0.36953894070370935,0.0022136969770988253,0.0,1.0,1.0,-0.46440646052360535,-0.46568605303764343,0.07059003412723541,100000
479,-0.19732606410980225,0.19732606410980225,1.0,4.2668561935424805,14.535719871520996,-1.3633654117584229,1.0,0.368627591238826,0.002203505627576774,0.0,1.0,1.0,-0.6761122941970825,-0.6771661043167114,0.071677565574646,100000
480,-0.28812098503112793,0.28812098503112793,1.0,5.008500099182129,16.658702850341797,-26.786054611206055,1.0,0.3677184893255689,0.002193361196673737,0.0,1.0,1.0,0.22884723544120789,0.22751614451408386,0.07782338559627533,100000
481,-0.19385159015655518,0.19385159015655518,1.0,4.682558059692383,14.04185676574707,-334.356201171875,1.0,0.3668116294210717,0.00218326346838723,0.0,1.0,1.0,0.4784371256828308,0.4767976999282837,0.07806402444839478,100000
482,-0.3528558611869812,0.3528558611869812,1.0,4.7359514236450195,18.91690444946289,-90.76886749267578,1.0,0.3659070059961377,0.002173212227709195,0.0,1.0,1.0,-0.31999361515045166,-0.3213411271572113,0.0695624127984047,100000
483,-0.3975124955177307,0.3975124955177307,1.0,4.864043235778809,20.18098258972168,-32.311038970947266,1.0,0.36500461353520613,0.0021632072606214206,0.0,1.0,1.0,-0.012104889377951622,-0.013492438942193985,0.07132501155138016,100000
484,-0.20469839870929718,0.20469839870929718,1.0,5.022221088409424,14.062203407287598,-116.27936553955078,1.0,0.3641044465363188,0.0021532483540909865,0.0,1.0,1.0,0.5226396918296814,0.520819902420044,0.06892374157905579,100000
485,-0.16984355449676514,0.16984355449676514,1.0,4.772042274475098,13.215139389038086,-9993.28125,1.0,0.36320649951108613,0.002143335296065727,0.0,1.0,1.0,0.18517135083675385,0.18398629128932953,0.07083314657211304,100000
486,-0.2440759837627411,0.2440759837627411,1.0,4.507877826690674,15.75970458984375,-118.14862823486328,1.0,0.36231076698465403,0.0021334678754697154,0.0,1.0,1.0,-0.5537322759628296,-0.5554521679878235,0.0721258670091629,100000
487,-0.15381836891174316,0.15381836891174316,1.0,4.294791221618652,13.162250518798828,-2.2168004512786865,1.0,0.3614172434956703,0.002123645882198769,0.0,1.0,1.0,0.10062721371650696,0.09943848103284836,0.06894338130950928,100000
488,-0.16774994134902954,0.16774994134902954,1.0,5.082908630371094,12.86145305633545,-16.268802642822266,1.0,0.3605259235962514,0.0021138691071159767,0.0,1.0,1.0,0.15230143070220947,0.15081395208835602,0.0734679102897644,100000
489,-0.18022237718105316,0.18022237718105316,1.0,4.715022087097168,13.589570999145508,-124.124755859375,1.0,0.35963680185194935,0.0021041373420472467,0.0,1.0,1.0,-0.2532750964164734,-0.2545572519302368,0.07424543797969818,100000
490,-0.6509257555007935,0.6509257555007935,1.0,4.520732402801514,28.348649978637695,-16.28192710876465,1.0,0.3587498728417184,0.00209445037977687,0.0,1.0,1.0,-0.20417466759681702,-0.20585988461971283,0.07130346447229385,100000
491,-0.3317226767539978,0.3317226767539978,1.0,4.79779052734375,18.204910278320312,-21.62820816040039,1.0,0.35786513115788215,0.0020848080140431135,0.0,1.0,1.0,-0.18583492934703827,-0.18736331164836884,0.07276183366775513,100000
492,-0.23922275006771088,0.23922275006771088,1.0,4.782471656799316,15.35425090789795,-4087.286865234375,1.0,0.3569825714061004,0.0020752100395338238,0.0,1.0,1.0,0.4316289722919464,0.429564893245697,0.07128136605024338,100000
493,-0.18455570936203003,0.18455570936203003,1.0,4.815559387207031,13.630367279052734,-9.015665054321289,1.0,0.3561021882053365,0.0020656562518820577,0.0,1.0,1.0,-0.374418169260025,-0.3758012056350708,0.06493012607097626,100000
494,-0.37087732553482056,0.37087732553482056,1.0,4.859439373016357,19.360321044921875,-24.854938507080078,0.999755859375,0.35522397618782436,0.0020561464476617306,0.0,1.0,1.0,-0.22089482843875885,-0.22209259867668152,0.07469554245471954,100000
495,-0.7725716829299927,0.7725716829299927,1.0,4.663952827453613,31.983177185058594,-379.4548034667969,1.0,0.35434792999903564,0.002046680424383284,0.0,1.0,1.0,-0.37310731410980225,-0.37438449263572693,0.07387059926986694,100000
496,-0.21920111775398254,0.21920111775398254,1.0,4.750550270080566,14.763803482055664,-1.3563400506973267,1.0,0.35347404429764734,0.0020372579804893752,0.0,1.0,1.0,-0.39062559604644775,-0.39181098341941833,0.0722959041595459,100000
497,-0.2358255684375763,0.2358255684375763,1.0,5.000606060028076,15.046353340148926,-6.434941291809082,1.0,0.35260231375550916,0.0020278789153505843,0.0,1.0,1.0,-0.21489940583705902,-0.21562011539936066,0.07840558886528015,100000
498,-0.16795119643211365,0.16795119643211365,1.0,4.602908611297607,13.313680648803711,-24.718013763427734,1.0,0.35173273305761094,0.002018543029261143,0.0,1.0,1.0,-0.0862712562084198,-0.08728527277708054,0.07080093026161194,100000
499,-0.4109804928302765,0.4109804928302765,1.0,4.959420204162598,20.509492874145508,-7.092047691345215,1.0,0.35086529690205015,0.0020092501234346824,0.0,1.0,1.0,-0.5040070414543152,-0.5051630139350891,0.07302261888980865,100000
500,-4.536838531494141,4.536838531494141,1.0,4.724246025085449,148.51345825195312,-23.252981185913086,1.0,0.35000000000000003,0.002,0.0,1.0,1.0,-0.3571162223815918,-0.35838574171066284,0.06778654456138611,100000
