episode,reward,cost,feasible,latency_s,ppl_hat,candidate_reward,candidate_feasible,temperature,entropy_coef,hard_batch_fraction,state_weight_mean,state_weight_max,policy_loss,loss,replay_loss,buffer
1,-0.27909424901008606,0.27909424901008606,1.0,9.16998291015625,10.851957321166992,-0.384634405374527,0.9973958134651184,1.2,0.02,0.0,1.0,1.0,-1.8842920064926147,-1.9751086235046387,0.06264644116163254,2761
2,-0.27685678005218506,0.27685678005218506,1.0,9.095776557922363,10.851654052734375,-0.339118629693985,1.0,1.1981508974408706,0.01994244629676505,0.0,1.0,1.0,-2.474165916442871,-2.5494515895843506,0.07280800491571426,2825
3,-0.24876663088798523,0.24876663088798523,1.0,8.269393920898438,10.763046264648438,-0.340533584356308,0.9947916865348816,1.1963046441986362,0.0198850582149679,0.0,1.0,1.0,-1.3856821060180664,-1.4549331665039062,0.07851414382457733,2889
4,-0.2618831694126129,0.2618831694126129,1.0,8.668285369873047,10.793932914733887,-0.31939706206321716,1.0,1.1944612358827313,0.019827835278002203,0.0,1.0,1.0,-3.3691959381103516,-3.4299488067626953,0.09295215457677841,2953
5,-0.2942793369293213,0.2942793369293213,1.0,9.71245002746582,10.82270622253418,-0.37694278359413147,0.9934895634651184,1.192620668109355,0.01977077701063312,0.0,1.0,1.0,-1.123004674911499,-1.195359230041504,0.09355351328849792,3017
6,-0.3003314733505249,0.3003314733505249,1.0,9.84688949584961,10.876938819885254,-0.3778797686100006,0.9934895634651184,1.1907829365014617,0.019713882938993402,0.0,1.0,1.0,-2.5501415729522705,-2.6336443424224854,0.1021558940410614,3081
7,-0.28548771142959595,0.28548771142959595,1.0,9.426485061645508,10.816994667053223,-0.3574444353580475,1.0,1.1889480366887515,0.019657152590579433,0.0,1.0,1.0,-3.042056083679199,-3.101364850997925,0.12972211837768555,3145
8,-0.28987061977386475,0.28987061977386475,1.0,9.579243659973145,10.811625480651855,-0.3812030851840973,1.0,1.1871159643076572,0.019600585494247317,0.0,1.0,1.0,-1.1855411529541016,-1.2470588684082031,0.12955981492996216,3209
9,-0.2915726602077484,0.2915726602077484,1.0,9.607100486755371,10.834896087646484,-0.4177478849887848,0.98828125,1.1852867150013366,0.019544181180208956,0.0,1.0,1.0,-2.0476605892181396,-2.1173698902130127,0.12106535583734512,3273
10,-0.2950388193130493,0.2950388193130493,1.0,9.795686721801758,10.776032447814941,-0.3785218298435211,0.9973958134651184,1.183460284419661,0.019487939180028162,0.0,1.0,1.0,-2.3851444721221924,-2.470527410507202,0.13049954175949097,3337
11,-0.2868751883506775,0.2868751883506775,1.0,9.390213966369629,10.883491516113281,-0.5831114649772644,0.9296875,1.1816366682192039,0.019431859026616757,0.0,1.0,1.0,-0.019723594188690186,-0.08699599653482437,0.12844640016555786,3401
12,-0.27019327878952026,0.27019327878952026,1.0,8.963741302490234,10.779062271118164,-0.372825026512146,0.9921875,1.1798158620632326,0.01937594025423069,0.0,1.0,1.0,-2.2483105659484863,-2.31811785697937,0.12149390578269958,3465
13,-0.2593565285205841,0.2593565285205841,1.0,8.510887145996094,10.852901458740234,-0.3393731117248535,1.0,1.177997861621697,0.019320182398466185,0.0,1.0,1.0,-1.4927771091461182,-1.568444848060608,0.12470152229070663,3529
14,-0.26786667108535767,0.26786667108535767,1.0,8.734127044677734,10.901599884033203,-0.34473666548728943,1.0,1.176182662571219,0.019264584996255864,0.0,1.0,1.0,-3.4405431747436523,-3.5212504863739014,0.11863772571086884,3593
15,-0.2734178304672241,0.2734178304672241,1.0,9.064397811889648,10.784564018249512,-0.3857975900173187,0.9921875,1.1743702605950823,0.01920914758586491,0.0,1.0,1.0,-2.878634452819824,-2.9349026679992676,0.14043880999088287,3657
16,-0.2725708484649658,0.2725708484649658,1.0,8.946329116821289,10.856958389282227,-0.3530881404876709,0.9986979365348816,1.1725606513832225,0.01915386970688725,0.0,1.0,1.0,-1.9373502731323242,-2.005925178527832,0.12388677150011063,3721
17,-0.27882665395736694,0.27882665395736694,1.0,9.236040115356445,10.79153823852539,-0.3384401500225067,1.0,1.1707538306322165,0.019098750900241695,0.0,1.0,1.0,-3.26060152053833,-3.337204933166504,0.132066547870636,3785
18,-0.2927303612232208,0.2927303612232208,1.0,9.624698638916016,10.851813316345215,-0.37359967827796936,1.0,1.1689497940452727,0.019043790708168157,0.0,1.0,1.0,-2.2006185054779053,-2.2623391151428223,0.13051672279834747,3849
19,-0.29820144176483154,0.29820144176483154,1.0,9.829530715942383,10.833711624145508,-0.41920289397239685,0.9947916865348816,1.1671485373322203,0.01898898867422384,0.0,1.0,1.0,-1.617224931716919,-1.6800487041473389,0.1367969661951065,3913
20,-0.28252822160720825,0.28252822160720825,1.0,9.348024368286133,10.800724029541016,-0.3706836402416229,0.9986979365348816,1.1653500562094994,0.01893434434327943,0.0,1.0,1.0,-2.9525866508483887,-3.016448497772217,0.11710827052593231,3977
21,-0.27486658096313477,0.27486658096313477,1.0,8.997237205505371,10.877603530883789,-0.36329594254493713,0.9908854365348816,1.1635543464001505,0.018879857261515358,0.0,1.0,1.0,-1.731864333152771,-1.801450490951538,0.13393840193748474,4041
22,-0.25474783778190613,0.25474783778190613,1.0,8.44775390625,10.779979705810547,-0.3274051249027252,1.0,1.1617614036338049,0.01882552697641798,0.0,1.0,1.0,-2.7621381282806396,-2.8162779808044434,0.13618631660938263,4105
23,-0.26794126629829407,0.26794126629829407,1.0,8.786813735961914,10.861146926879883,-0.35823047161102295,1.0,1.159971223646674,0.018771353036775868,0.0,1.0,1.0,-1.328639030456543,-1.3933665752410889,0.1411920040845871,4169
24,-0.2779524326324463,0.2779524326324463,1.0,9.155646324157715,10.832839012145996,-0.35102176666259766,1.0,1.1581838021815396,0.018717334992676013,0.0,1.0,1.0,-2.851733922958374,-2.9158852100372314,0.1299402415752411,4233
25,-0.2687862515449524,0.2687862515449524,1.0,8.81500244140625,10.861127853393555,-0.39054861664772034,0.9986979365348816,1.1563991349877427,0.01866347239550013,0.0,1.0,1.0,-2.399428367614746,-2.469183921813965,0.12822288274765015,4297
26,-0.2873999774456024,0.2873999774456024,1.0,9.380657196044922,10.905290603637695,-0.39304089546203613,0.9934895634651184,1.1546172178211753,0.018609764797920914,0.0,1.0,1.0,-1.7319600582122803,-1.7996771335601807,0.131718710064888,4361
27,-0.2706516981124878,0.2706516981124878,1.0,8.929222106933594,10.819192886352539,-0.3350159823894501,1.0,1.1528380464442687,0.018556211753898325,0.0,1.0,1.0,-2.919065475463867,-2.9769785404205322,0.11817377060651779,4425
28,-0.27617767453193665,0.27617767453193665,1.0,9.121843338012695,10.812407493591309,-0.3579029142856598,1.0,1.1510616166259837,0.018502812818675888,0.0,1.0,1.0,-4.0570149421691895,-4.133938312530518,0.11576712131500244,4489
29,-0.2850889563560486,0.2850889563560486,1.0,9.348116874694824,10.869436264038086,-0.3770255148410797,0.9908854365348816,1.1492879241418015,0.018449567548776993,0.0,1.0,1.0,-2.1413276195526123,-2.2286088466644287,0.1217394471168518,4553
30,-0.3196122348308563,0.3196122348308563,1.0,10.389883995056152,10.957281112670898,-0.5342525243759155,0.96484375,1.1475169647737122,0.018396475502001214,0.0,1.0,1.0,-1.3768333196640015,-1.4420440196990967,0.11578641831874847,4617
31,-0.27312296628952026,0.27312296628952026,1.0,9.057168006896973,10.782470703125,-0.42839643359184265,0.9895833134651184,1.145748734310206,0.018343536237420657,0.0,1.0,1.0,-2.683457851409912,-2.7484230995178223,0.11745409667491913,4681
32,-0.2670868933200836,0.2670868933200836,1.0,8.868732452392578,10.77218246459961,-0.330658495426178,1.0,1.1439832285462623,0.01829074931537625,0.0,1.0,1.0,-2.4704318046569824,-2.530278444290161,0.12389568984508514,4745
33,-0.35415083169937134,0.35415083169937134,1.0,11.324316024780273,11.132034301757812,-1.3792930841445923,0.9127604365348816,1.1422204432833407,0.01823811429747415,0.0,1.0,1.0,-2.1529195308685303,-2.2178428173065186,0.1276921182870865,4809
34,-0.24205736815929413,0.24205736815929413,1.0,8.021129608154297,10.782888412475586,-0.30981406569480896,1.0,1.1404603743293698,0.01818563074658205,0.0,1.0,1.0,-2.5522689819335938,-2.608248233795166,0.12979263067245483,4873
35,-0.26239216327667236,0.26239216327667236,1.0,8.689522743225098,10.79049015045166,-0.3162579834461212,0.9986979365348816,1.138703017498738,0.018133298226825592,0.0,1.0,1.0,-2.014105796813965,-2.0602071285247803,0.13402597606182098,4937
36,-0.28432291746139526,0.28432291746139526,1.0,9.375968933105469,10.82641315460205,-0.36649689078330994,0.9973958134651184,1.1369483686122834,0.018081116303584714,0.0,1.0,1.0,-2.0648417472839355,-2.1372756958007812,0.12623777985572815,5001
37,-0.288358598947525,0.288358598947525,1.0,9.521160125732422,10.817817687988281,-0.37248876690864563,1.0,1.1351964234972844,0.018029084543490056,0.0,1.0,1.0,-3.8390491008758545,-3.9273693561553955,0.12746727466583252,5065
38,-0.2686099112033844,0.2686099112033844,1.0,8.798434257507324,10.869743347167969,-0.34100234508514404,0.9973958134651184,1.1334471779874482,0.017977202514419362,0.0,1.0,1.0,-1.911991834640503,-1.9644626379013062,0.12711971998214722,5129
39,-0.25834745168685913,0.25834745168685913,1.0,8.48245906829834,10.848703384399414,-0.3618334233760834,1.0,1.1317006279229027,0.017925469785493888,0.0,1.0,1.0,-2.5504016876220703,-2.6189706325531006,0.12016532570123672,5193
40,-0.26625627279281616,0.26625627279281616,1.0,8.797910690307617,10.806941986083984,-0.3613089323043823,0.9986979365348816,1.1299567691501855,0.01787388592707482,0.0,1.0,1.0,-3.1930768489837646,-3.2701375484466553,0.11123169213533401,5257
41,-0.27114880084991455,0.27114880084991455,1.0,8.962705612182617,10.805562973022461,-0.3421872556209564,1.0,1.1282155975222345,0.017822450510759705,0.0,1.0,1.0,-1.452574610710144,-1.5232157707214355,0.11831238120794296,5321
42,-0.32816028594970703,0.32816028594970703,1.0,10.798398971557617,10.85769271850586,-0.5042277574539185,0.9661458134651184,1.1264771088983778,0.01777116310937891,0.0,1.0,1.0,-1.2900948524475098,-1.367842197418213,0.11605561524629593,5385
43,-0.28496116399765015,0.28496116399765015,1.0,9.410734176635742,10.815543174743652,-0.35032200813293457,1.0,1.124741299144324,0.017720023296992057,0.0,1.0,1.0,-2.1292662620544434,-2.1947343349456787,0.12412096560001373,5449
44,-0.2944352626800537,0.2944352626800537,1.0,9.701253890991211,10.835918426513672,-0.399215966463089,0.9934895634651184,1.1230081641321519,0.017669030648884483,0.0,1.0,1.0,-1.9867279529571533,-2.0393669605255127,0.11268853396177292,5513
45,-0.28013092279434204,0.28013092279434204,1.0,9.236342430114746,10.82632827758789,-0.4008723199367523,1.0,1.121277699740302,0.017618184741563726,0.0,1.0,1.0,-0.7202751636505127,-0.7792906165122986,0.12827692925930023,5577
46,-0.24153488874435425,0.24153488874435425,1.0,8.033242225646973,10.759092330932617,-0.29530227184295654,1.0,1.119549901853565,0.017567485152756,0.0,1.0,1.0,-2.8399806022644043,-2.9169793128967285,0.12899728119373322,5641
47,-0.290061354637146,0.290061354637146,1.0,9.59997844696045,10.800039291381836,-0.3727315664291382,1.0,1.117824766363073,0.017516931461402693,0.0,1.0,1.0,-1.8353198766708374,-1.8859508037567139,0.12505285441875458,5705
48,-0.27262306213378906,0.27262306213378906,1.0,9.017409324645996,10.801081657409668,-0.6354334950447083,0.9791666865348816,1.1161022891662893,0.01746652324765687,0.0,1.0,1.0,-2.771480083465576,-2.8335623741149902,0.11846236139535904,5769
49,-0.28977012634277344,0.28977012634277344,1.0,9.464227676391602,10.901611328125,-0.3574488162994385,1.0,1.1143824661669997,0.017416260092879766,0.0,1.0,1.0,-2.311974048614502,-2.3821892738342285,0.11133377999067307,5833
50,-0.26858431100845337,0.26858431100845337,1.0,8.797962188720703,10.869436264038086,-0.3732779920101166,0.9973958134651184,1.1126652932753012,0.01736614157963735,0.0,1.0,1.0,-1.2634118795394897,-1.3382014036178589,0.13277678191661835,5897
51,-0.3044934570789337,0.3044934570789337,1.0,10.099531173706055,10.785144805908203,-0.3692980706691742,1.0,1.1109507664075928,0.01731616729169682,0.0,1.0,1.0,-2.329679489135742,-2.398049831390381,0.11588113754987717,5961
52,-0.2787958085536957,0.2787958085536957,1.0,9.251758575439453,10.778042793273926,-0.3670245110988617,0.9973958134651184,1.109238881486567,0.01726633681402317,0.0,1.0,1.0,-2.2683463096618652,-2.3280162811279297,0.11708469688892365,6025
53,-0.2552933692932129,0.2552933692932129,1.0,8.463699340820312,10.781785011291504,-0.31442007422447205,1.0,1.107529634441198,0.017216649732775716,0.0,1.0,1.0,-2.22470760345459,-2.281336545944214,0.11439645290374756,6089
54,-0.26327353715896606,0.26327353715896606,1.0,8.64753532409668,10.847999572753906,-0.33046504855155945,0.9973958134651184,1.1058230212067341,0.017167105635304703,0.0,1.0,1.0,-3.5228259563446045,-3.586723566055298,0.12062165886163712,6153
55,-0.28546983003616333,0.28546983003616333,1.0,9.330429077148438,10.8939208984375,-0.6341109871864319,0.890625,1.1041190377246861,0.017117704110147833,0.0,1.0,1.0,-1.6051963567733765,-1.6747078895568848,0.11067912727594376,6217
56,-0.2600036561489105,0.2600036561489105,1.0,8.611351013183594,10.789325714111328,-0.3262753486633301,1.0,1.1024176799428191,0.017068444747026876,0.0,1.0,1.0,-2.7274246215820312,-2.794337272644043,0.11876580864191055,6281
57,-0.2912810444831848,0.2912810444831848,1.0,9.67375373840332,10.773350715637207,-0.3522932827472687,1.0,1.1007189438151426,0.01701932713684425,0.0,1.0,1.0,-2.811931610107422,-2.871600389480591,0.10992775857448578,6345
58,-0.28716588020324707,0.28716588020324707,1.0,9.372255325317383,10.905773162841797,-0.4058026373386383,0.9908854365348816,1.0990228253019003,0.016970350871679626,0.0,1.0,1.0,-2.921815872192383,-2.9909000396728516,0.11845879256725311,6409
59,-0.27332496643066406,0.27332496643066406,1.0,9.032146453857422,10.808060646057129,-0.3628632128238678,1.0,1.0973293203695609,0.016921515544786544,0.0,1.0,1.0,-2.477416515350342,-2.5330581665039062,0.11722743511199951,6473
60,-0.3034597635269165,0.3034597635269165,1.0,9.895594596862793,10.921722412109375,-0.4050137996673584,0.9973958134651184,1.0956384249908082,0.016872820750589032,0.0,1.0,1.0,-1.4921531677246094,-1.542664647102356,0.12567126750946045,6537
61,-0.2770482003688812,0.2770482003688812,1.0,9.104671478271484,10.849628448486328,-0.3395576477050781,1.0,1.0939501351445324,0.016824266084678234,0.0,1.0,1.0,-1.9694011211395264,-2.0173187255859375,0.11793147027492523,6601
62,-0.2811361253261566,0.2811361253261566,1.0,9.340751647949219,10.769192695617676,-0.366182416677475,0.9986979365348816,1.0922644468158194,0.016775851143809063,0.0,1.0,1.0,-2.2150015830993652,-2.2758312225341797,0.11127538233995438,6665
63,-0.29066383838653564,0.29066383838653564,1.0,9.520317077636719,10.880417823791504,-0.42087307572364807,1.0,1.0905813559959416,0.016727575525896838,0.0,1.0,1.0,-1.2930527925491333,-1.3455685377120972,0.12594780325889587,6729
64,-0.2946150004863739,0.2946150004863739,1.0,9.742558479309082,10.80746078491211,-0.9456917643547058,0.9192708134651184,1.0889008586823492,0.016679438830013955,0.0,1.0,1.0,-0.5533872246742249,-0.6097809672355652,0.11835074424743652,6793
65,-0.2700677514076233,0.2700677514076233,1.0,8.962875366210938,10.776389122009277,-0.37065091729164124,1.0,1.0872229508786595,0.016631440656386547,0.0,1.0,1.0,-1.9071447849273682,-1.9700559377670288,0.11946487426757812,6857
66,-0.2789045572280884,0.2789045572280884,1.0,9.190507888793945,10.830321311950684,-0.3568664491176605,1.0,1.085547628594648,0.01658358060639118,0.0,1.0,1.0,-3.5612874031066895,-3.631608486175537,0.11551961302757263,6921
67,-0.27345097064971924,0.27345097064971924,1.0,8.982393264770508,10.851537704467773,-0.356998085975647,0.9947916865348816,1.0838748878462385,0.01653585828255152,0.0,1.0,1.0,-1.4865726232528687,-1.5350995063781738,0.12137315422296524,6985
68,-0.2824006676673889,0.2824006676673889,1.0,9.136646270751953,10.967637062072754,-0.374063640832901,0.9986979365348816,1.0822047246554947,0.01648827328853506,0.0,1.0,1.0,-1.9749683141708374,-2.026520013809204,0.12321683764457703,7049
69,-0.3069130778312683,0.3069130778312683,1.0,10.18580150604248,10.780619621276855,-0.4253501892089844,0.9895833134651184,1.0805371350506094,0.016440825229149806,0.0,1.0,1.0,-2.7575316429138184,-2.8205671310424805,0.11959407478570938,7113
70,-0.30455970764160156,0.30455970764160156,1.0,9.966453552246094,10.894165992736816,-0.4152192175388336,1.0,1.0788721150658958,0.016393513710341,0.0,1.0,1.0,-0.6512346863746643,-0.709806501865387,0.12896627187728882,7177
71,-0.2515375018119812,0.2515375018119812,1.0,8.347089767456055,10.774866104125977,-0.29776543378829956,1.0,1.0772096607417776,0.016346338339187846,0.0,1.0,1.0,-2.9371585845947266,-2.9831087589263916,0.11302153766155243,7241
72,-0.3066484034061432,0.3066484034061432,1.0,10.004720687866211,10.91943359375,-0.5373542904853821,0.98046875,1.0755497681247805,0.01629929872390026,0.0,1.0,1.0,-1.2516403198242188,-1.307552456855774,0.14054207503795624,7305
73,-0.27807390689849854,0.27807390689849854,1.0,9.159363746643066,10.833106994628906,-0.3997133672237396,0.99609375,1.0738924332675217,0.0162523944738156,0.0,1.0,1.0,-0.5091755390167236,-0.5582110285758972,0.13625334203243256,7369
74,-0.2584106922149658,0.2584106922149658,1.0,8.573051452636719,10.777399063110352,-0.35935986042022705,1.0,1.0722376522287012,0.016205625199395435,0.0,1.0,1.0,-2.484384536743164,-2.5412850379943848,0.11827371269464493,7433
75,-0.2887917757034302,0.2887917757034302,1.0,9.440351486206055,10.894572257995605,-0.37290024757385254,0.9986979365348816,1.0705854210730918,0.01615899051222229,0.0,1.0,1.0,-1.8465356826782227,-1.901841640472412,0.11528787016868591,7497
76,-0.29863446950912476,0.29863446950912476,1.0,9.74612045288086,10.912559509277344,-0.375946044921875,1.0,1.0689357358715312,0.01611249002499645,0.0,1.0,1.0,-1.2226793766021729,-1.2735984325408936,0.1281987875699997,7561
77,-0.30780860781669617,0.30780860781669617,1.0,10.104639053344727,10.870080947875977,-0.410817950963974,0.99609375,1.0672885927009104,0.016066123351532714,0.0,1.0,1.0,-1.593066692352295,-1.655632495880127,0.12096952646970749,7625
78,-0.2733398675918579,0.2733398675918579,1.0,9.078287124633789,10.77127742767334,-0.4590487480163574,0.9973958134651184,1.0656439876441663,0.016019890106757202,0.0,1.0,1.0,-1.5942285060882568,-1.656975507736206,0.13257038593292236,7689
79,-0.30850449204444885,0.30850449204444885,1.0,10.189875602722168,10.820085525512695,-0.4002535343170166,1.0,1.0640019167902717,0.01597378990670416,0.0,1.0,1.0,-1.326141595840454,-1.3909639120101929,0.12149485945701599,7753
80,-0.2841828167438507,0.2841828167438507,1.0,9.306652069091797,10.878509521484375,-0.3765878677368164,1.0,1.0623623762342254,0.015927822368512767,0.0,1.0,1.0,-2.2019846439361572,-2.254089117050171,0.12555058300495148,7817
81,-0.28001368045806885,0.28001368045806885,1.0,9.234675407409668,10.824522972106934,-0.3704395592212677,0.9986979365348816,1.060725362077044,0.015881987110423944,0.0,1.0,1.0,-1.245774507522583,-1.3008573055267334,0.12877894937992096,7881
82,-0.2863960862159729,0.2863960862159729,1.0,9.51679801940918,10.76861572265625,-0.3546510934829712,0.9973958134651184,1.0590908704257522,0.015836283751777213,0.0,1.0,1.0,-2.946712017059326,-3.0104336738586426,0.11444351077079773,7945
83,-0.2866220474243164,0.2866220474243164,1.0,9.469533920288086,10.812772750854492,-0.3605863153934479,0.9986979365348816,1.0574588973933732,0.0157907119130075,0.0,1.0,1.0,-2.017416000366211,-2.0751547813415527,0.11167382448911667,8009
84,-0.278507798910141,0.278507798910141,1.0,9.163094520568848,10.841754913330078,-0.34334662556648254,1.0,1.0558294390989196,0.015745271215642006,0.0,1.0,1.0,-2.8029017448425293,-2.8538763523101807,0.12178371101617813,8073
85,-0.31241998076438904,0.31241998076438904,1.0,10.282917022705078,10.8502836227417,-0.3981155455112457,1.0,1.0542024916673847,0.015699961282297063,0.0,1.0,1.0,-2.823941707611084,-2.8821568489074707,0.13275735080242157,8137
86,-0.2613011598587036,0.2613011598587036,1.0,8.650483131408691,10.792644500732422,-0.333970308303833,0.9856770634651184,1.0525780512297325,0.015654781736674984,0.0,1.0,1.0,-2.4341864585876465,-2.488093137741089,0.12633350491523743,8201
87,-0.2839052677154541,0.2839052677154541,1.0,9.309043884277344,10.86912727355957,-0.3443663418292999,0.9986979365348816,1.050956113922889,0.015609732203560961,0.0,1.0,1.0,-2.605748414993286,-2.6455979347229004,0.11622247099876404,8265
88,-0.2856614887714386,0.2856614887714386,1.0,9.428962707519531,10.819665908813477,-0.35910701751708984,0.9986979365348816,1.0493366758897325,0.01556481230881992,0.0,1.0,1.0,-2.767223834991455,-2.831479072570801,0.11710047721862793,8329
89,-0.3019363284111023,0.3019363284111023,1.0,9.93515682220459,10.848917961120605,-0.3887695074081421,0.9947916865348816,1.0477197332790857,0.015520021679393443,0.0,1.0,1.0,-1.5917562246322632,-1.6395394802093506,0.11078736186027527,8393
90,-0.27575936913490295,0.27575936913490295,1.0,8.957311630249023,10.933757781982422,-0.35656383633613586,0.9856770634651184,1.0461052822457053,0.015475359943296652,0.0,1.0,1.0,-2.2135119438171387,-2.26134991645813,0.11042332649230957,8457
91,-0.2701375484466553,0.2701375484466553,1.0,8.873623847961426,10.85018539428711,-0.4209471642971039,0.9830729365348816,1.0444933189502725,0.015430826729615127,0.0,1.0,1.0,-2.190715789794922,-2.2386441230773926,0.11197050660848618,8521
92,-0.2932230234146118,0.2932230234146118,1.0,9.712696075439453,10.794134140014648,-0.34858155250549316,1.0,1.0428838395593854,0.015386421668501815,0.0,1.0,1.0,-2.2623848915100098,-2.306732654571533,0.12128902971744537,8585
93,-0.26264071464538574,0.26264071464538574,1.0,8.632508277893066,10.84311294555664,-0.31334197521209717,0.9986979365348816,1.0412768402455488,0.015342144391173975,0.0,1.0,1.0,-2.9396843910217285,-2.9890284538269043,0.11246570944786072,8649
94,-0.30194005370140076,0.30194005370140076,1.0,9.768301963806152,10.983478546142578,-0.4006819427013397,1.0,1.0396723171871651,0.015297994529910106,0.0,1.0,1.0,-2.2734060287475586,-2.3365395069122314,0.11155693233013153,8713
95,-0.2956109642982483,0.2956109642982483,1.0,9.760662078857422,10.819624900817871,-0.37136173248291016,1.0,1.0380702665685262,0.01525397171804689,0.0,1.0,1.0,-2.789616584777832,-2.8360910415649414,0.11709299683570862,8777
96,-0.27009671926498413,0.27009671926498413,1.0,8.941929817199707,10.794046401977539,-0.35010936856269836,0.99609375,1.0364706845798028,0.01521007558997615,0.0,1.0,1.0,-1.821303129196167,-1.8694010972976685,0.11015260219573975,8841
97,-0.28107789158821106,0.28107789158821106,1.0,9.229059219360352,10.857633590698242,-0.4056319296360016,0.9921875,1.0348735674170368,0.015166305781141816,0.0,1.0,1.0,-2.2359671592712402,-2.283747673034668,0.11982891708612442,8905
98,-0.26490160822868347,0.26490160822868347,1.0,8.728939056396484,10.826135635375977,-0.3968687057495117,0.98046875,1.0332789112821317,0.015122661928036898,0.0,1.0,1.0,-2.229428768157959,-2.283719301223755,0.12035471200942993,8969
99,-0.2797616720199585,0.2797616720199585,1.0,9.088624000549316,10.935447692871094,-0.36874890327453613,0.9986979365348816,1.031686712382843,0.015079143668200462,0.0,1.0,1.0,-0.8383843302726746,-0.8832089304924011,0.10185659676790237,9033
100,-0.27935129404067993,0.27935129404067993,1.0,9.10780143737793,10.908971786499023,-0.3633917272090912,1.0,1.0300969669327706,0.01503575064021462,0.0,1.0,1.0,-1.4977411031723022,-1.5442206859588623,0.1232854351401329,9097
101,-0.269829124212265,0.269829124212265,1.0,8.953715324401855,10.777359008789062,-0.3615817129611969,1.0,1.0285096711513484,0.014992482483701539,0.0,1.0,1.0,-2.009154796600342,-2.0682477951049805,0.11199764162302017,9161
102,-0.2659648656845093,0.2659648656845093,1.0,8.832763671875,10.771028518676758,-0.3234063684940338,1.0,1.0269248212638356,0.014949338839320432,0.0,1.0,1.0,-3.055147647857666,-3.10414981842041,0.1198807954788208,9225
103,-0.2842174768447876,0.2842174768447876,1.0,9.418149948120117,10.789588928222656,-0.3554061949253082,1.0,1.0253424135013085,0.014906319348764583,0.0,1.0,1.0,-1.8404080867767334,-1.8817788362503052,0.11681055277585983,9289
104,-0.29704272747039795,0.29704272747039795,1.0,9.642549514770508,10.953266143798828,-0.3933687210083008,1.0,1.0237624441006508,0.014863423654758373,0.0,1.0,1.0,-1.3049728870391846,-1.3462653160095215,0.12263447046279907,9353
105,-0.25513896346092224,0.25513896346092224,1.0,8.445940017700195,10.791948318481445,-0.30095821619033813,0.9986979365348816,1.022184909304545,0.014820651401054308,0.0,1.0,1.0,-2.9013328552246094,-2.948972463607788,0.11747674643993378,9417
106,-0.2996869683265686,0.2996869683265686,1.0,9.886367797851562,10.827812194824219,-0.37526965141296387,1.0,1.020609805361463,0.014778002232430061,0.0,1.0,1.0,-0.5167202353477478,-0.5578179359436035,0.12075870484113693,9481
107,-0.2941254675388336,0.2941254675388336,1.0,9.575909614562988,10.928604125976562,-0.40492209792137146,1.0,1.0190371285256574,0.014735475794685524,0.0,1.0,1.0,-1.1973060369491577,-1.2428916692733765,0.1157570332288742,9545
108,-0.2723205089569092,0.2723205089569092,1.0,8.982490539550781,10.821094512939453,-0.39084210991859436,0.9791666865348816,1.0174668750571536,0.014693071734639867,0.0,1.0,1.0,-0.7891860008239746,-0.8412509560585022,0.11388284713029861,9609
109,-0.2763972878456116,0.2763972878456116,1.0,9.170429229736328,10.779153823852539,-0.33307865262031555,1.0,1.015899041221739,0.014650789700128602,0.0,1.0,1.0,-3.441559314727783,-3.4951658248901367,0.11152201890945435,9673
110,-0.2750062346458435,0.2750062346458435,1.0,9.096571922302246,10.801305770874023,-0.3186124563217163,1.0,1.0143336232909554,0.01460862934000066,0.0,1.0,1.0,-2.250967025756836,-2.290515899658203,0.11016316711902618,9737
111,-0.2663714289665222,0.2663714289665222,1.0,8.735734939575195,10.860137939453125,-0.3286578357219696,1.0,1.01277061754209,0.014566590304115468,0.0,1.0,1.0,-2.0288095474243164,-2.0699503421783447,0.10769336670637131,9801
112,-0.2980811595916748,0.2980811595916748,1.0,9.637051582336426,10.985589981079102,-0.3889094591140747,0.9934895634651184,1.0112100202581666,0.01452467224334006,0.0,1.0,1.0,-1.4755182266235352,-1.5169841051101685,0.10378921777009964,9865
113,-0.27740296721458435,0.27740296721458435,1.0,9.21257209777832,10.772207260131836,-0.38548755645751953,0.9973958134651184,1.009651827727936,0.014482874809546154,0.0,1.0,1.0,-2.642763376235962,-2.6936566829681396,0.11210773140192032,9929
114,-0.24548885226249695,0.24548885226249695,1.0,8.074490547180176,10.832062721252441,-0.3049881160259247,1.0,1.0080960362458684,0.014441197655607274,0.0,1.0,1.0,-2.991652250289917,-3.0307610034942627,0.11280829459428787,9993
115,-0.2825450003147125,0.2825450003147125,1.0,9.31123161315918,10.83082389831543,-0.39726006984710693,1.0,1.0065426421121428,0.01439964043539587,0.0,1.0,1.0,-1.344570517539978,-1.385270595550537,0.10974151641130447,10057
116,-0.28250402212142944,0.28250402212142944,1.0,9.374593734741211,10.778663635253906,-0.3268979787826538,0.9986979365348816,1.0049916416326408,0.014358202803780433,0.0,1.0,1.0,-2.015378952026367,-2.0490832328796387,0.10358836501836777,10121
117,-0.2632960379123688,0.2632960379123688,1.0,8.674705505371094,10.82671070098877,-0.3139391243457794,1.0,1.0034430311189353,0.01431688441662263,0.0,1.0,1.0,-2.72165846824646,-2.770781993865967,0.10652348399162292,10185
118,-0.2779906988143921,0.2779906988143921,1.0,9.15214729309082,10.836687088012695,-0.3500490188598633,1.0,1.0018968068882832,0.014275684930774461,0.0,1.0,1.0,-1.3705562353134155,-1.410513997077942,0.10598182678222656,10249
119,-0.3280642032623291,0.3280642032623291,1.0,10.62592601776123,10.994100570678711,-0.4407680034637451,0.9947916865348816,1.000352965263616,0.014234604004075389,0.0,1.0,1.0,-1.3028717041015625,-1.348352313041687,0.10654717683792114,10313
120,-0.2836853265762329,0.2836853265762329,1.0,9.435500144958496,10.761314392089844,-0.3469543159008026,1.0,0.9988115025735312,0.014193641295349509,0.0,1.0,1.0,-1.9605821371078491,-2.0081570148468018,0.10860449075698853,10377
121,-0.2950541377067566,0.2950541377067566,1.0,9.646111488342285,10.896978378295898,-0.37939369678497314,0.9986979365348816,0.9972724151522842,0.014152796464402715,0.0,1.0,1.0,-1.5892579555511475,-1.632926106452942,0.11207465082406998,10441
122,-0.2705724239349365,0.2705724239349365,1.0,8.983430862426758,10.7733793258667,-0.3234904706478119,1.0,0.995735699339778,0.01411206917201987,0.0,1.0,1.0,-2.3430726528167725,-2.3841776847839355,0.12064316123723984,10505
123,-0.29290056228637695,0.29290056228637695,1.0,9.562679290771484,10.906363487243652,-0.3792334794998169,0.99609375,0.9942013514815566,0.014071459079961992,0.0,1.0,1.0,-1.0529779195785522,-1.086012601852417,0.11630181223154068,10569
124,-0.253910630941391,0.253910630941391,1.0,8.438021659851074,10.765334129333496,-0.29474058747291565,1.0,0.9926693679287946,0.014030965850963448,0.0,1.0,1.0,-2.1989216804504395,-2.2324202060699463,0.10878100246191025,10633
125,-0.2876148223876953,0.2876148223876953,1.0,9.573100090026855,10.7559814453125,-0.342841237783432,0.9986979365348816,0.991139745038289,0.013990589148729145,0.0,1.0,1.0,-1.3831857442855835,-1.419507622718811,0.10301390290260315,10697
126,-0.2526775598526001,0.2526775598526001,1.0,8.250946044921875,10.882966995239258,-0.3606698513031006,0.97265625,0.9896124791724514,0.013950328637931742,0.0,1.0,1.0,-1.7743017673492432,-1.81093430519104,0.1036904901266098,10761
127,-0.28396371006965637,0.28396371006965637,1.0,9.423587799072266,10.778390884399414,-0.3575376272201538,1.0,0.9880875666992981,0.013910183984208863,0.0,1.0,1.0,-2.321474313735962,-2.366886854171753,0.10876678675413132,10825
128,-0.23967546224594116,0.23967546224594116,1.0,7.92410135269165,10.797097206115723,-0.3091488182544708,1.0,0.9865650039924416,0.013870154854160327,0.0,1.0,1.0,-1.9460923671722412,-1.9839177131652832,0.10066892206668854,10889
129,-0.3123708665370941,0.3123708665370941,1.0,10.144230842590332,10.960724830627441,-0.42311549186706543,0.9986979365348816,0.9850447874310834,0.01383024091534537,0.0,1.0,1.0,-1.1755807399749756,-1.2120630741119385,0.10808230936527252,10953
130,-0.3034692406654358,0.3034692406654358,1.0,9.994220733642578,10.842497825622559,-0.3728543221950531,1.0,0.9835269134000035,0.013790441836279886,0.0,1.0,1.0,-1.4739940166473389,-1.5166823863983154,0.11483508348464966,11017
131,-0.311721533536911,0.311721533536911,1.0,10.238051414489746,10.867677688598633,-0.42959022521972656,0.99609375,0.982011378289553,0.013750757286433681,0.0,1.0,1.0,-1.4589393138885498,-1.5045198202133179,0.11092633754014969,11081
132,-0.2697058618068695,0.2697058618068695,1.0,8.957595825195312,10.770922660827637,-0.3334595859050751,1.0,0.980498178495645,0.013711186936227717,0.0,1.0,1.0,-1.040183424949646,-1.0715097188949585,0.10747405886650085,11145
133,-0.2834422290325165,0.2834422290325165,1.0,9.400086402893066,10.78332233428955,-0.4681847393512726,0.9466145634651184,0.9789873104197468,0.013671730457031388,0.0,1.0,1.0,-0.9843282699584961,-1.0261602401733398,0.09963063150644302,11209
134,-0.27871429920196533,0.27871429920196533,1.0,9.259137153625488,10.769906997680664,-0.36197006702423096,1.0,0.9774787704688699,0.013632387521159778,0.0,1.0,1.0,-2.918704032897949,-2.961582899093628,0.12472114711999893,11273
135,-0.3140799403190613,0.3140799403190613,1.0,10.303728103637695,10.878103256225586,-0.3706410825252533,0.9986979365348816,0.9759725550555625,0.013593157801870943,0.0,1.0,1.0,-3.042667865753174,-3.0732169151306152,0.12383393943309784,11337
136,-0.2456025779247284,0.2456025779247284,1.0,8.161828994750977,10.76473617553711,-0.28504571318626404,1.0,0.9744686605979015,0.013554040973363206,0.0,1.0,1.0,-1.602178931236267,-1.6359336376190186,0.11734212189912796,11401
137,-0.30568182468414307,0.30568182468414307,1.0,10.027509689331055,10.875104904174805,-0.3628068268299103,0.9973958134651184,0.9729670835194824,0.013515036710772442,0.0,1.0,1.0,-1.6570613384246826,-1.6944231986999512,0.13722994923591614,11465
138,-0.27127373218536377,0.27127373218536377,1.0,8.949956893920898,10.819192886352539,-0.34764933586120605,0.9895833134651184,0.9714678202494118,0.013476144690169379,0.0,1.0,1.0,-1.6319745779037476,-1.667094111442566,0.1197136864066124,11529
139,-0.2817125618457794,0.2817125618457794,1.0,9.29857349395752,10.81866455078125,-0.3689122200012207,0.9986979365348816,0.9699708672222993,0.013437364588556915,0.0,1.0,1.0,0.02295009419322014,-0.012675367295742035,0.11318941414356232,11593
140,-0.2692488729953766,0.2692488729953766,1.0,8.928247451782227,10.782297134399414,-0.33260875940322876,1.0,0.9684762208782479,0.013398696083867432,0.0,1.0,1.0,-2.3344411849975586,-2.3782153129577637,0.10741967707872391,11657
141,-0.30064454674720764,0.30064454674720764,1.0,9.88372802734375,10.85566234588623,-0.37663087248802185,0.99609375,0.9669838776628463,0.013360138854960122,0.0,1.0,1.0,-1.7536948919296265,-1.7996360063552856,0.12313638627529144,11721
142,-0.2672599256038666,0.2672599256038666,1.0,8.719339370727539,10.897218704223633,-0.3190343677997589,1.0,0.9654938340271602,0.013321692581618317,0.0,1.0,1.0,-2.115365982055664,-2.1512489318847656,0.10806971788406372,11785
143,-0.26761746406555176,0.26761746406555176,1.0,8.851859092712402,10.800032615661621,-0.33588847517967224,0.9973958134651184,0.9640060864277242,0.013283356944546831,0.0,1.0,1.0,-0.9855765700340271,-1.0219016075134277,0.10793332755565643,11849
144,-0.28665757179260254,0.28665757179260254,1.0,9.508241653442383,10.7825345993042,-0.40180182456970215,0.9791666865348816,0.9625206313265326,0.013245131625369314,0.0,1.0,1.0,-2.266111373901367,-2.31101393699646,0.12087320536375046,11913
145,-0.28093475103378296,0.28093475103378296,1.0,9.205259323120117,10.872968673706055,-0.3719141185283661,0.9947916865348816,0.961037465191032,0.013207016306625595,0.0,1.0,1.0,-1.7676866054534912,-1.8097442388534546,0.11233845353126526,11977
146,-0.2594359517097473,0.2594359517097473,1.0,8.399076461791992,10.945137023925781,-0.35036274790763855,0.99609375,0.959556584494112,0.013169010671769059,0.0,1.0,1.0,-1.140359878540039,-1.1823455095291138,0.1066632866859436,12041
147,-0.28543713688850403,0.28543713688850403,1.0,9.153523445129395,11.035600662231445,-0.39137282967567444,0.9830729365348816,0.9580779857140973,0.013131114405164014,0.0,1.0,1.0,-1.8495534658432007,-1.892341136932373,0.10949999839067459,12105
148,-0.25793421268463135,0.25793421268463135,1.0,8.529187202453613,10.799947738647461,-0.3323712646961212,0.9934895634651184,0.9566016653347394,0.013093327192083065,0.0,1.0,1.0,-1.1625258922576904,-1.2034367322921753,0.11112865060567856,12169
149,-0.2923004627227783,0.2923004627227783,1.0,9.637925148010254,10.829607009887695,-0.36643052101135254,1.0,0.9551276198452079,0.013055648718704502,0.0,1.0,1.0,-3.077045202255249,-3.1214911937713623,0.10842032730579376,12233
150,-0.2865443229675293,0.2865443229675293,1.0,9.53133773803711,10.760881423950195,-0.3305036127567291,0.9973958134651184,0.9536558457400821,0.013018078672109697,0.0,1.0,1.0,-2.4267382621765137,-2.4619507789611816,0.10949132591485977,12297
151,-0.2710033655166626,0.2710033655166626,1.0,8.922174453735352,10.834319114685059,-0.35594305396080017,0.9973958134651184,0.9521863395193432,0.012980616740280506,0.0,1.0,1.0,-1.5199259519577026,-1.5552265644073486,0.11382509768009186,12361
152,-0.2928333282470703,0.2928333282470703,1.0,9.598098754882812,10.876014709472656,-0.41161295771598816,0.9986979365348816,0.9507190976883655,0.012943262612096669,0.0,1.0,1.0,-0.667610764503479,-0.6999980211257935,0.11750778555870056,12425
153,-0.292754590511322,0.292754590511322,1.0,9.566757202148438,10.899154663085938,-0.3795297145843506,0.9921875,0.949254116757908,0.012906015977333237,0.0,1.0,1.0,-2.2830448150634766,-2.322448968887329,0.11706998199224472,12489
154,-0.2516235411167145,0.2516235411167145,1.0,8.324166297912598,10.795649528503418,-0.32428407669067383,1.0,0.9477913932441071,0.012868876526657986,0.0,1.0,1.0,-1.6377277374267578,-1.6747727394104004,0.1170308068394661,12553
155,-0.2648293375968933,0.2648293375968933,1.0,8.712850570678711,10.837158203125,-0.32584118843078613,1.0,0.9463309236684667,0.012831843951628863,0.0,1.0,1.0,-2.7421140670776367,-2.772242307662964,0.11451666057109833,12617
156,-0.28333383798599243,0.28333383798599243,1.0,9.341054916381836,10.827981948852539,-0.3767904043197632,0.9934895634651184,0.9448727045578511,0.0127949179446914,0.0,1.0,1.0,-2.1162586212158203,-2.1460256576538086,0.11056292057037354,12681
157,-0.27862614393234253,0.27862614393234253,1.0,9.115642547607422,10.883173942565918,-0.33848562836647034,0.9986979365348816,0.9434167324444767,0.012758098199176185,0.0,1.0,1.0,-2.308770179748535,-2.34344744682312,0.11669740080833435,12745
158,-0.25171810388565063,0.25171810388565063,1.0,8.321870803833008,10.800039291381836,-0.3075750768184662,1.0,0.9419630038659028,0.012721384409296297,0.0,1.0,1.0,-1.6872318983078003,-1.7199398279190063,0.11382409930229187,12809
159,-0.2579191029071808,0.2579191029071808,1.0,8.542675018310547,10.788673400878906,-0.2969936430454254,1.0,0.9405115153650248,0.012684776270144778,0.0,1.0,1.0,-3.678396224975586,-3.7161436080932617,0.10884618759155273,12873
160,-0.2868078649044037,0.2868078649044037,1.0,9.499662399291992,10.793485641479492,-0.34119275212287903,1.0,0.9390622634900646,0.012648273477692096,0.0,1.0,1.0,-2.7342777252197266,-2.7670907974243164,0.10160019248723984,12937
161,-0.2669525742530823,0.2669525742530823,1.0,8.698518753051758,10.905740737915039,-0.3184020519256592,1.0,0.9376152447945635,0.012611875728783615,0.0,1.0,1.0,-2.5614187717437744,-2.590744972229004,0.10967733711004257,13001
162,-0.2893145680427551,0.2893145680427551,1.0,9.47544002532959,10.880338668823242,-0.4177383482456207,0.98828125,0.9361704558373732,0.012575582721137091,0.0,1.0,1.0,-2.1098337173461914,-2.144031286239624,0.11067329347133636,13065
163,-0.2697306275367737,0.2697306275367737,1.0,8.925069808959961,10.797798156738281,-0.30956175923347473,1.0,0.934727893182648,0.012539394153340147,0.0,1.0,1.0,-2.568751096725464,-2.5980186462402344,0.10935857146978378,13129
164,-0.2790037989616394,0.2790037989616394,1.0,9.234440803527832,10.797584533691406,-0.35046014189720154,1.0,0.9332875533998366,0.012503309724847776,0.0,1.0,1.0,-1.8484505414962769,-1.8833868503570557,0.111690953373909,13193
165,-0.27564093470573425,0.27564093470573425,1.0,9.077430725097656,10.833779335021973,-0.3319176137447357,0.9986979365348816,0.9318494330636738,0.012467329135979848,0.0,1.0,1.0,-0.7873672246932983,-0.8180907964706421,0.10497608035802841,13257
166,-0.2610340416431427,0.2610340416431427,1.0,8.638839721679688,10.794851303100586,-0.30963316559791565,1.0,0.9304135287541727,0.012431452087918616,0.0,1.0,1.0,-2.969442367553711,-3.001779794692993,0.11173868179321289,13321
167,-0.30364492535591125,0.30364492535591125,1.0,10.06930923461914,10.786706924438477,-0.36927881836891174,1.0,0.9289798370566161,0.012395678282706235,0.0,1.0,1.0,-1.6805710792541504,-1.7161569595336914,0.10807543992996216,13385
168,-0.28751951456069946,0.28751951456069946,1.0,9.513689994812012,10.801298141479492,-0.36193379759788513,1.0,0.9275483545615487,0.012360007423242296,0.0,1.0,1.0,-1.0947260856628418,-1.127468228340149,0.10325895249843597,13449
169,-0.2864032983779907,0.2864032983779907,1.0,9.420731544494629,10.846223831176758,-0.3645733594894409,1.0,0.9261190778647687,0.012324439213281342,0.0,1.0,1.0,-1.4441688060760498,-1.4764564037322998,0.10822854936122894,13513
170,-0.2662206292152405,0.2662206292152405,1.0,8.788606643676758,10.813483238220215,-0.34700849652290344,0.9934895634651184,0.9246920035673201,0.012288973357430422,0.0,1.0,1.0,-1.8186378479003906,-1.8592736721038818,0.11737183481454849,13577
171,-0.2873988151550293,0.2873988151550293,1.0,9.473340034484863,10.830571174621582,-0.38488420844078064,0.984375,0.9232671282754843,0.012253609561146635,0.0,1.0,1.0,-1.5072097778320312,-1.5406129360198975,0.11081459373235703,13641
172,-0.29391181468963623,0.29391181468963623,1.0,9.65614128112793,10.858209609985352,-0.35071679949760437,0.9986979365348816,0.9218444486007724,0.012218347530734674,0.0,1.0,1.0,-2.9752111434936523,-3.0110185146331787,0.10475010424852371,13705
173,-0.30243343114852905,0.30243343114852905,1.0,9.970712661743164,10.8336181640625,-0.3961000442504883,0.9986979365348816,0.9204239611599165,0.012183186973344404,0.0,1.0,1.0,-1.2259602546691895,-1.2574928998947144,0.11999882012605667,13769
174,-0.3208779990673065,0.3208779990673065,1.0,10.663249015808105,10.770990371704102,-0.4154243469238281,1.0,0.9190056625748626,0.012148127596968414,0.0,1.0,1.0,-0.8726271390914917,-0.9098848700523376,0.120758555829525,13833
175,-0.27704620361328125,0.27704620361328125,1.0,9.170976638793945,10.796142578125,-0.3592554032802582,0.9986979365348816,0.9175895494727613,0.012113169110439604,0.0,1.0,1.0,-0.6040060520172119,-0.6376447677612305,0.10461253672838211,13897
176,-0.2767564654350281,0.2767564654350281,1.0,9.179283142089844,10.781665802001953,-0.3336575925350189,1.0,0.9161756184859609,0.012078311223428752,0.0,1.0,1.0,-1.2315409183502197,-1.2634226083755493,0.10659527778625488,13961
177,-0.2771570086479187,0.2771570086479187,1.0,9.154595375061035,10.812320709228516,-0.37882840633392334,0.9739583134651184,0.9147638662519989,0.012043553646442122,0.0,1.0,1.0,-1.522842288017273,-1.5578771829605103,0.10348440706729889,14025
178,-0.28511062264442444,0.28511062264442444,1.0,9.400897026062012,10.827485084533691,-0.460671067237854,0.9973958134651184,0.9133542894135942,0.012008896090819047,0.0,1.0,1.0,-1.6718907356262207,-1.705737829208374,0.10495933890342712,14089
179,-0.28077155351638794,0.28077155351638794,1.0,9.282307624816895,10.806495666503906,-0.4091947078704834,0.9856770634651184,0.9119468846186387,0.011974338268729528,0.0,1.0,1.0,-1.7969913482666016,-1.8300025463104248,0.09744737297296524,14153
180,-0.293371319770813,0.293371319770813,1.0,9.639043807983398,10.857470512390137,-0.39322879910469055,0.9986979365348816,0.91054164852019,0.011939879893171858,0.0,1.0,1.0,-1.0797818899154663,-1.110607385635376,0.09997458755970001,14217
181,-0.2724195420742035,0.2724195420742035,1.0,9.02034854888916,10.79324722290039,-0.40623125433921814,0.99609375,0.9091385777764629,0.011905520677970231,0.0,1.0,1.0,-0.819070041179657,-0.846625804901123,0.10579214990139008,14281
182,-0.26220521330833435,0.26220521330833435,1.0,8.611183166503906,10.848597526550293,-0.3237452507019043,1.0,0.9077376690508214,0.011871260337772358,0.0,1.0,1.0,-2.1486144065856934,-2.1740283966064453,0.10995689034461975,14345
183,-0.28081896901130676,0.28081896901130676,1.0,9.325791358947754,10.772727966308594,-0.35583066940307617,0.99609375,0.9063389190117714,0.011837098588047108,0.0,1.0,1.0,-1.6685302257537842,-1.6976972818374634,0.10362425446510315,14409
184,-0.2751251459121704,0.2751251459121704,1.0,9.118274688720703,10.78701114654541,-0.3247130513191223,1.0,0.9049423243329521,0.011803035145082142,0.0,1.0,1.0,-3.282374382019043,-3.3178985118865967,0.11049764603376389,14473
185,-0.29589489102363586,0.29589489102363586,1.0,9.78432559967041,10.808182716369629,-0.3603045642375946,1.0,0.9035478816931283,0.011769069725981554,0.0,1.0,1.0,-0.459792822599411,-0.49201005697250366,0.10733072459697723,14537
186,-0.27748793363571167,0.27748793363571167,1.0,9.118414878845215,10.850363731384277,-0.36848196387290955,0.99609375,0.9021555877761827,0.011735202048663525,0.0,1.0,1.0,-2.1265289783477783,-2.1574575901031494,0.11760425567626953,14601
187,-0.2995283007621765,0.2995283007621765,1.0,9.952678680419922,10.77011489868164,-0.3580336570739746,1.0,0.9007654392711077,0.011701431831857977,0.0,1.0,1.0,-1.524670958518982,-1.5511530637741089,0.12006434798240662,14665
188,-0.2850761413574219,0.2850761413574219,1.0,9.41043472290039,10.81887435913086,-0.3359149396419525,1.0,0.8993774328719981,0.011667758795104238,0.0,1.0,1.0,-2.221280574798584,-2.2457404136657715,0.11604069918394089,14729
189,-0.2797311544418335,0.2797311544418335,1.0,9.249739646911621,10.804794311523438,-0.402226060628891,0.98046875,0.8979915652780425,0.011634182658748717,0.0,1.0,1.0,-1.7756999731063843,-1.8026809692382812,0.12788799405097961,14793
190,-0.2853851020336151,0.2853851020336151,1.0,9.364972114562988,10.863807678222656,-0.341911643743515,1.0,0.8966078331935157,0.011600703143942575,0.0,1.0,1.0,-0.7705571055412292,-0.7997327446937561,0.118404321372509,14857
191,-0.2790784239768982,0.2790784239768982,1.0,9.254858016967773,10.783135414123535,-0.3416822850704193,1.0,0.895226233327771,0.011567319972639415,0.0,1.0,1.0,-1.3458614349365234,-1.3854436874389648,0.10679692775011063,14921
192,-0.29591184854507446,0.29591184854507446,1.0,9.758084297180176,10.829784393310547,-0.382090300321579,0.9973958134651184,0.8938467623952324,0.011534032867592962,0.0,1.0,1.0,-1.1622633934020996,-1.2055447101593018,0.10749582201242447,14985
193,-0.304074764251709,0.304074764251709,1.0,10.018911361694336,10.838866233825684,-0.40821221470832825,0.9895833134651184,0.892469417115387,0.011500841552354783,0.0,1.0,1.0,-2.328314781188965,-2.370756149291992,0.0965094268321991,15049
194,-0.28707364201545715,0.28707364201545715,1.0,9.40925407409668,10.873479843139648,-0.3420080244541168,1.0,0.8910941942127764,0.011467745751271961,0.0,1.0,1.0,-1.861698031425476,-1.8920700550079346,0.11023712158203125,15113
195,-0.28231796622276306,0.28231796622276306,1.0,9.322257041931152,10.815841674804688,-0.34800055623054504,0.9973958134651184,0.8897210904169895,0.011434745189484832,0.0,1.0,1.0,-2.8344550132751465,-2.86256742477417,0.1164647564291954,15177
196,-0.28634220361709595,0.28634220361709595,1.0,9.48399543762207,10.793601989746094,-0.3307669460773468,1.0,0.8883501024626549,0.011401839592924687,0.0,1.0,1.0,-1.8048055171966553,-1.8297004699707031,0.11357330530881882,15241
197,-0.30944621562957764,0.30944621562957764,1.0,10.262794494628906,10.786619186401367,-0.3529186248779297,1.0,0.8869812270894328,0.011369028688311503,0.0,1.0,1.0,-0.7639001607894897,-0.789000391960144,0.12187175452709198,15305
198,-0.28853607177734375,0.28853607177734375,1.0,9.544594764709473,10.803699493408203,-0.35014405846595764,0.9973958134651184,0.8856144610420071,0.011336312203151667,0.0,1.0,1.0,-1.808983325958252,-1.8383499383926392,0.10862323641777039,15369
199,-0.2750203609466553,0.2750203609466553,1.0,9.159177780151367,10.751232147216797,-0.3101745545864105,1.0,0.8842498010700782,0.01130368986573572,0.0,1.0,1.0,-2.6661813259124756,-2.6934151649475098,0.10347361862659454,15433
200,-0.25298067927360535,0.25298067927360535,1.0,8.407487869262695,10.764960289001465,-0.3161199390888214,1.0,0.8828872439283545,0.011271161405136097,0.0,1.0,1.0,-2.1172659397125244,-2.153693437576294,0.108829066157341,15497
201,-0.27690890431404114,0.27690890431404114,1.0,9.0269775390625,10.908495903015137,-0.3439980447292328,1.0,0.8815267863765457,0.011238726551204874,0.0,1.0,1.0,-2.133554458618164,-2.1617588996887207,0.10024570673704147,15561
202,-0.2776462137699127,0.2776462137699127,1.0,9.247459411621094,10.750627517700195,-0.31627121567726135,1.0,0.8801684251793539,0.011206385034571534,0.0,1.0,1.0,-2.1584174633026123,-2.185861825942993,0.11309675872325897,15625
203,-0.290652871131897,0.290652871131897,1.0,9.473796844482422,10.91761302947998,-0.3545246422290802,1.0,0.8788121571064673,0.011174136586640718,0.0,1.0,1.0,-1.5364645719528198,-1.5649629831314087,0.11206329613924026,15689
204,-0.29114311933517456,0.29114311933517456,1.0,9.6529541015625,10.786408424377441,-0.3553568422794342,1.0,0.877457978932551,0.011141980939590002,0.0,1.0,1.0,-2.8256258964538574,-2.8534505367279053,0.10930611193180084,15753
205,-0.2931321859359741,0.2931321859359741,1.0,9.60380744934082,10.879441261291504,-0.3477715253829956,0.9986979365348816,0.8761058874372404,0.011109917826367671,0.0,1.0,1.0,-1.0418344736099243,-1.065264105796814,0.11668974906206131,15817
206,-0.28539735078811646,0.28539735078811646,1.0,9.43301773071289,10.809301376342773,-0.3331623673439026,0.9986979365348816,0.8747558794051332,0.011077946980690496,0.0,1.0,1.0,-2.7037196159362793,-2.734466075897217,0.11193294078111649,15881
207,-0.2776329219341278,0.2776329219341278,1.0,9.184700012207031,10.80084228515625,-0.3096279203891754,1.0,0.8734079516257819,0.011046068137041535,0.0,1.0,1.0,-1.392064094543457,-1.4176456928253174,0.1105448305606842,15945
208,-0.2469443678855896,0.2469443678855896,1.0,8.185262680053711,10.78189468383789,-0.29206833243370056,1.0,0.872062100893686,0.01101428103066792,0.0,1.0,1.0,-2.996903896331787,-3.0216212272644043,0.10755185782909393,16009
209,-0.2463749200105667,0.2463749200105667,1.0,8.17741584777832,10.77292251586914,-0.2736409902572632,1.0,0.8707183240082841,0.01098258539757865,0.0,1.0,1.0,-2.526014804840088,-2.5474541187286377,0.10954377800226212,16073
210,-0.2738869786262512,0.2738869786262512,1.0,9.01083755493164,10.840328216552734,-0.363004207611084,1.0,0.8693766177739469,0.010950980974542413,0.0,1.0,1.0,-1.903668761253357,-1.9281967878341675,0.10929243266582489,16137
211,-0.2544681429862976,0.2544681429862976,1.0,8.417838096618652,10.796575546264648,-0.33264467120170593,1.0,0.8680369789999693,0.010919467499085391,0.0,1.0,1.0,-2.2073678970336914,-2.2400286197662354,0.11869941651821136,16201
212,-0.2700697183609009,0.2700697183609009,1.0,8.983776092529297,10.759599685668945,-0.322808176279068,0.9986979365348816,0.8666994045005628,0.01088804470948909,0.0,1.0,1.0,-1.1287564039230347,-1.1523923873901367,0.09886639565229416,16265
213,-0.3102041482925415,0.3102041482925415,1.0,10.26275634765625,10.80700969696045,-0.39939117431640625,0.9947916865348816,0.8653638910948479,0.010856712344788149,0.0,1.0,1.0,-1.3536261320114136,-1.381187915802002,0.10460855811834335,16329
214,-0.28464728593826294,0.28464728593826294,1.0,9.481056213378906,10.750442504882812,-0.3493819534778595,1.0,0.8640304356068464,0.01082547014476819,0.0,1.0,1.0,-2.0058248043060303,-2.0346944332122803,0.11359424889087677,16393
215,-0.3172057867050171,0.3172057867050171,1.0,10.486979484558105,10.8143949508667,-0.3987816572189331,1.0,0.8626990348654746,0.010794317849963651,0.0,1.0,1.0,-2.0969724655151367,-2.1242949962615967,0.10940863192081451,16457
216,-0.25979751348495483,0.25979751348495483,1.0,8.627737998962402,10.770583152770996,-0.3193061351776123,1.0,0.8613696857045344,0.010763255201655624,0.0,1.0,1.0,-2.4756057262420654,-2.505873203277588,0.11351508647203445,16521
217,-0.2679474353790283,0.2679474353790283,1.0,8.868143081665039,10.79577350616455,-0.32111427187919617,1.0,0.860042384962707,0.010732281941869717,0.0,1.0,1.0,-1.4558305740356445,-1.4762777090072632,0.10446818917989731,16585
218,-0.29180434346199036,0.29180434346199036,1.0,9.488826751708984,10.936431884765625,-0.3740746080875397,1.0,0.8587171294835452,0.010701397813373908,0.0,1.0,1.0,-2.2154312133789062,-2.2435731887817383,0.09829828143119812,16649
219,-0.2931532859802246,0.2931532859802246,1.0,9.7069091796875,10.796924591064453,-0.3431413471698761,0.9986979365348816,0.8573939161154649,0.010670602559676404,0.0,1.0,1.0,-1.0918946266174316,-1.1216473579406738,0.09907685965299606,16713
220,-0.2832645773887634,0.2832645773887634,1.0,9.334192276000977,10.83165168762207,-0.33000198006629944,0.9908854365348816,0.856072741711739,0.010639895925023518,0.0,1.0,1.0,-2.442472457885742,-2.463029384613037,0.10224418342113495,16777
221,-0.27095022797584534,0.27095022797584534,1.0,8.965360641479492,10.798089981079102,-0.32392096519470215,0.9973958134651184,0.8547536031304889,0.010609277654397538,0.0,1.0,1.0,-1.705094337463379,-1.7303516864776611,0.10052334517240524,16841
222,-0.27240633964538574,0.27240633964538574,1.0,9.008155822753906,10.802717208862305,-0.32801660895347595,1.0,0.8534364972346776,0.01057874749351462,0.0,1.0,1.0,-0.7392484545707703,-0.7616273760795593,0.10847742110490799,16905
223,-0.2719016671180725,0.2719016671180725,1.0,9.05223274230957,10.753641128540039,-0.3333832323551178,1.0,0.8521214208921016,0.010548305188822658,0.0,1.0,1.0,-1.691713571548462,-1.7179642915725708,0.11673645675182343,16969
224,-0.28072434663772583,0.28072434663772583,1.0,9.33873176574707,10.759757995605469,-0.3435605764389038,0.9973958134651184,0.8508083709753845,0.010517950487499199,0.0,1.0,1.0,-1.1928343772888184,-1.2193878889083862,0.11498331278562546,17033
225,-0.29434579610824585,0.29434579610824585,1.0,9.78132438659668,10.768990516662598,-0.3448868989944458,1.0,0.8494973443619684,0.010487683137449326,0.0,1.0,1.0,-1.9754809141159058,-1.9998563528060913,0.10394097864627838,17097
226,-0.25882428884506226,0.25882428884506226,1.0,8.52978229522705,10.823378562927246,-0.32516297698020935,1.0,0.8481883379341072,0.01045750288730358,0.0,1.0,1.0,-1.5744476318359375,-1.597893238067627,0.09622170031070709,17161
227,-0.25644850730895996,0.25644850730895996,1.0,8.428319931030273,10.841323852539062,-0.31148287653923035,1.0,0.8468813485788592,0.010427409486415852,0.0,1.0,1.0,-1.432570219039917,-1.458777904510498,0.09695373475551605,17225
228,-0.2879010736942291,0.2879010736942291,1.0,9.587364196777344,10.752176284790039,-0.33628249168395996,1.0,0.8455763731880791,0.010397402684861327,0.0,1.0,1.0,-2.6328933238983154,-2.6528098583221436,0.10678913444280624,17289
229,-0.2637450695037842,0.2637450695037842,1.0,8.76185417175293,10.768543243408203,-0.4002276360988617,0.9934895634651184,0.8442734086584112,0.010367482233434389,0.0,1.0,1.0,-0.6950480937957764,-0.7188922166824341,0.11199504137039185,17353
230,-0.281109094619751,0.281109094619751,1.0,9.245832443237305,10.844956398010254,-0.3994964063167572,0.9791666865348816,0.8429724518912819,0.010337647883646555,0.0,1.0,1.0,-2.9595649242401123,-2.985464572906494,0.11040309816598892,17417
231,-0.30318760871887207,0.30318760871887207,1.0,9.963959693908691,10.859318733215332,-0.3617343604564667,1.0,0.8416734997928921,0.010307899387724414,0.0,1.0,1.0,-1.470815896987915,-1.4979058504104614,0.12035723030567169,17481
232,-0.29072678089141846,0.29072678089141846,1.0,9.47923469543457,10.915215492248535,-0.35585251450538635,0.9973958134651184,0.8403765492742101,0.010278236498607572,0.0,1.0,1.0,-2.8133721351623535,-2.8364782333374023,0.10779792070388794,17545
233,-0.27441734075546265,0.27441734075546265,1.0,9.055930137634277,10.8182373046875,-0.33396783471107483,1.0,0.8390815972509641,0.010248658969946598,0.0,1.0,1.0,-2.3941264152526855,-2.4159390926361084,0.10318810492753983,17609
234,-0.2801527678966522,0.2801527678966522,1.0,9.138389587402344,10.90584945678711,-0.34404850006103516,0.9986979365348816,0.8377886406436347,0.010219166556100969,0.0,1.0,1.0,-1.2130184173583984,-1.2336097955703735,0.10696408152580261,17673
235,-0.279295951128006,0.279295951128006,1.0,9.174903869628906,10.853408813476562,-0.32312673330307007,1.0,0.8364976763774482,0.010189759012137051,0.0,1.0,1.0,-2.1123385429382324,-2.1358447074890137,0.10843390971422195,17737
236,-0.2744358777999878,0.2744358777999878,1.0,8.958718299865723,10.897071838378906,-0.7832151055335999,0.9765625,0.8352087013823688,0.010160436093826043,0.0,1.0,1.0,-2.292607307434082,-2.3189022541046143,0.1037781611084938,17801
237,-0.2894535958766937,0.2894535958766937,1.0,9.565836906433105,10.811227798461914,-0.35565075278282166,0.9947916865348816,0.8339217125930911,0.010131197557641955,0.0,1.0,1.0,-2.234799385070801,-2.2582297325134277,0.10728993266820908,17865
238,-0.30964693427085876,0.30964693427085876,1.0,10.185331344604492,10.8544340133667,-0.39434146881103516,0.9947916865348816,0.8326367069490332,0.010102043160759595,0.0,1.0,1.0,-0.42338868975639343,-0.44613146781921387,0.10588590800762177,17929
239,-0.29924845695495605,0.29924845695495605,1.0,9.805931091308594,10.880855560302734,-0.674752414226532,0.921875,0.8313536813943294,0.010072972661052544,0.0,1.0,1.0,-1.44903564453125,-1.4738394021987915,0.10248212516307831,17993
240,-0.28358545899391174,0.28358545899391174,1.0,9.333291053771973,10.840997695922852,-0.3401575982570648,1.0,0.8300726328778228,0.010043985817091147,0.0,1.0,1.0,-3.1576075553894043,-3.1804463863372803,0.10606436431407928,18057
241,-0.2874497175216675,0.2874497175216675,1.0,9.511344909667969,10.801313400268555,-0.39674460887908936,0.984375,0.8287935583530581,0.010015082388140497,0.0,1.0,1.0,-0.1239757388830185,-0.14423348009586334,0.1065773069858551,18121
242,-0.26487427949905396,0.26487427949905396,1.0,8.703352928161621,10.84601879119873,-0.31927546858787537,1.0,0.8275164547782742,0.009986262134158467,0.0,1.0,1.0,-1.497801661491394,-1.5194088220596313,0.09864094108343124,18185
243,-0.2895597219467163,0.2895597219467163,1.0,9.490690231323242,10.874635696411133,-0.3752010762691498,0.98828125,0.8262413191163974,0.009957524815793678,0.0,1.0,1.0,-2.0604255199432373,-2.0810043811798096,0.10519073158502579,18249
244,-0.2918620705604553,0.2918620705604553,1.0,9.554861068725586,10.88476848602295,-0.3370811641216278,1.0,0.8249681483350336,0.009928870194383536,0.0,1.0,1.0,-1.2218286991119385,-1.2474408149719238,0.100572869181633,18313
245,-0.26701605319976807,0.26701605319976807,1.0,8.833061218261719,10.799025535583496,-0.32996514439582825,0.9973958134651184,0.8236969394064615,0.009900298031952241,0.0,1.0,1.0,-0.8986214995384216,-0.9194350838661194,0.09627777338027954,18377
246,-0.2883177399635315,0.2883177399635315,1.0,9.433259010314941,10.887554168701172,-0.33251717686653137,1.0,0.8224276893076251,0.009871808091208814,0.0,1.0,1.0,-2.3150289058685303,-2.3350751399993896,0.09825801849365234,18441
247,-0.2885729670524597,0.2885729670524597,1.0,9.521374702453613,10.823402404785156,-0.397420734167099,0.9908854365348816,0.8211603950201272,0.009843400135545122,0.0,1.0,1.0,-1.3637593984603882,-1.3917560577392578,0.0924573615193367,18505
248,-0.2898310720920563,0.2898310720920563,1.0,9.584996223449707,10.805927276611328,-0.3271327018737793,1.0,0.8198950535302209,0.00981507392903392,0.0,1.0,1.0,-2.149986743927002,-2.1718969345092773,0.09890831261873245,18569
249,-0.2739759385585785,0.2739759385585785,1.0,9.049076080322266,10.811903953552246,-0.31433457136154175,1.0,0.818631661828804,0.009786829236426884,0.0,1.0,1.0,-2.0778138637542725,-2.0976922512054443,0.0968642607331276,18633
250,-0.2694796919822693,0.2694796919822693,1.0,8.903216361999512,10.80866813659668,-0.325309157371521,0.99609375,0.8173702169114107,0.009758665823152662,0.0,1.0,1.0,-0.8264932632446289,-0.8469222784042358,0.09726118296384811,18697
251,-0.2659931182861328,0.2659931182861328,1.0,8.837063789367676,10.768321990966797,-0.30459389090538025,1.0,0.8161107157782048,0.009730583455314924,0.0,1.0,1.0,-1.3009737730026245,-1.3196864128112793,0.09649404138326645,18761
252,-0.30907905101776123,0.30907905101776123,1.0,10.209779739379883,10.819478034973145,-0.3859059810638428,1.0,0.8148531554339729,0.009702581899690418,0.0,1.0,1.0,-1.7038630247116089,-1.7228449583053589,0.10076568275690079,18825
253,-0.29940468072891235,0.29940468072891235,1.0,9.874664306640625,10.82966136932373,-0.3904048502445221,1.0,0.8135975328881164,0.009674660923727037,0.0,1.0,1.0,-0.8269220590591431,-0.8479951024055481,0.10070861130952835,18889
254,-0.29499343037605286,0.29499343037605286,1.0,9.788512229919434,10.780593872070312,-0.35564908385276794,1.0,0.8123438451546457,0.00964682029554189,0.0,1.0,1.0,-1.5687475204467773,-1.5923036336898804,0.09643484652042389,18953
255,-0.3026648163795471,0.3026648163795471,1.0,9.96817398071289,10.841879844665527,-0.3770143687725067,0.9895833134651184,0.811092089252172,0.009619059783919363,0.0,1.0,1.0,-1.3834736347198486,-1.4059600830078125,0.09643804281949997,19017
256,-0.3033864200115204,0.3033864200115204,1.0,9.925268173217773,10.895837783813477,-0.3741885721683502,0.9986979365348816,0.8098422622039005,0.009591379158309215,0.0,1.0,1.0,-2.1124167442321777,-2.1393954753875732,0.09388148039579391,19081
257,-0.26085150241851807,0.26085150241851807,1.0,8.681487083435059,10.755582809448242,-0.3208920359611511,1.0,0.8085943610376235,0.009563778188824654,0.0,1.0,1.0,-2.165175199508667,-2.1876652240753174,0.09535785019397736,19145
258,-0.2630593180656433,0.2630593180656433,1.0,8.674198150634766,10.820760726928711,-0.29851022362709045,1.0,0.8073483827857134,0.009536256646240429,0.0,1.0,1.0,-2.5316622257232666,-2.546905279159546,0.09854389727115631,19209
259,-0.2719338834285736,0.2719338834285736,1.0,8.97061538696289,10.82027816772461,-0.30877259373664856,1.0,0.806104324485115,0.009508814301990926,0.0,1.0,1.0,-1.9246530532836914,-1.9419941902160645,0.0965900868177414,19273
260,-0.2887594997882843,0.2887594997882843,1.0,9.554927825927734,10.801374435424805,-0.32601577043533325,1.0,0.8048621831773394,0.009481450928168276,0.0,1.0,1.0,-1.314098596572876,-1.3317722082138062,0.09969449043273926,19337
261,-0.3041635751724243,0.3041635751724243,1.0,9.691226959228516,11.105316162109375,-0.42587199807167053,1.0,0.8036219559084563,0.009454166297520447,0.0,1.0,1.0,-1.1575021743774414,-1.1789817810058594,0.09837871789932251,19401
262,-0.28910160064697266,0.28910160064697266,1.0,9.592686653137207,10.780135154724121,-0.34140804409980774,1.0,0.8023836397290871,0.009426960183449379,0.0,1.0,1.0,-0.6345301866531372,-0.652868926525116,0.10556025058031082,19465
263,-0.28020352125167847,0.28020352125167847,1.0,9.173690795898438,10.878767013549805,-0.33376482129096985,0.9986979365348816,0.8011472316943983,0.009399832360009082,0.0,1.0,1.0,-1.4097288846969604,-1.4315972328186035,0.10054503381252289,19529
264,-0.2850574851036072,0.2850574851036072,1.0,9.409282684326172,10.819299697875977,-0.3456335961818695,1.0,0.7999127288640938,0.00937278260190377,0.0,1.0,1.0,-0.17537564039230347,-0.1939634084701538,0.10669449716806412,19593
265,-0.29042088985443115,0.29042088985443115,1.0,9.595561981201172,10.813257217407227,-0.33567652106285095,1.0,0.7986801283024081,0.009345810684485985,0.0,1.0,1.0,-2.5598995685577393,-2.585279703140259,0.10177452117204666,19657
266,-0.2921331822872162,0.2921331822872162,1.0,9.710105895996094,10.766945838928223,-0.3522765636444092,0.984375,0.7974494270781,0.009318916383754738,0.0,1.0,1.0,-2.9737863540649414,-2.994555711746216,0.10010933130979538,19721
267,-0.2723158299922943,0.2723158299922943,1.0,9.00992202758789,10.79886245727539,-0.36079612374305725,0.99609375,0.7962206222644446,0.009292099476353642,0.0,1.0,1.0,-1.0062384605407715,-1.028300404548645,0.10056640952825546,19785
268,-0.2952340245246887,0.2952340245246887,1.0,9.817646026611328,10.763578414916992,-0.353291392326355,1.0,0.7949937109392272,0.009265359739569058,0.0,1.0,1.0,-1.2980036735534668,-1.3203628063201904,0.08896546065807343,19849
269,-0.24388787150382996,0.24388787150382996,1.0,8.108758926391602,10.761442184448242,-0.27288827300071716,1.0,0.793768690184736,0.009238696951328245,0.0,1.0,1.0,-1.6519831418991089,-1.6721830368041992,0.09507213532924652,19913
270,-0.2798592746257782,0.2798592746257782,1.0,9.255931854248047,10.803245544433594,-0.32575908303260803,0.9986979365348816,0.7925455570877549,0.009212110890197524,0.0,1.0,1.0,-1.0167219638824463,-1.0344144105911255,0.09513497352600098,19977
271,-0.2687012553215027,0.2687012553215027,1.0,8.944868087768555,10.754193305969238,-0.30456098914146423,1.0,0.7913243087395568,0.009185601335380432,0.0,1.0,1.0,-0.9120680689811707,-0.9307988286018372,0.09673157334327698,20041
272,-0.2710682153701782,0.2710682153701782,1.0,9.013123512268066,10.76276969909668,-0.32193103432655334,1.0,0.7901049422358971,0.009159168066715878,0.0,1.0,1.0,-1.7312183380126953,-1.7491215467453003,0.10660203546285629,20105
273,-0.27467289566993713,0.27467289566993713,1.0,9.02855110168457,10.84716510772705,-0.3492642939090729,0.9934895634651184,0.7888874546770062,0.009132810864676339,0.0,1.0,1.0,-1.6930835247039795,-1.7160825729370117,0.10574318468570709,20169
274,-0.2649538815021515,0.2649538815021515,1.0,8.750114440917969,10.81047534942627,-0.3416520655155182,0.9986979365348816,0.7876718431675825,0.009106529510366014,0.0,1.0,1.0,-1.1686570644378662,-1.1947195529937744,0.10026595741510391,20233
275,-0.27722877264022827,0.27722877264022827,1.0,9.22518539428711,10.757363319396973,-0.3174729645252228,1.0,0.7864581048167864,0.009080323785519017,0.0,1.0,1.0,-1.6415232419967651,-1.664557933807373,0.09932007640600204,20297
276,-0.27977579832077026,0.27977579832077026,1.0,9.248604774475098,10.806907653808594,-0.33575382828712463,1.0,0.7852462367382324,0.009054193472497564,0.0,1.0,1.0,-1.7355716228485107,-1.7569767236709595,0.09361372888088226,20361
277,-0.2830132842063904,0.2830132842063904,1.0,9.305830001831055,10.847757339477539,-0.32373741269111633,1.0,0.7840362360499828,0.009028138354290166,0.0,1.0,1.0,-1.6265408992767334,-1.6462602615356445,0.09459121525287628,20425
278,-0.33468323945999146,0.33468323945999146,1.0,10.648275375366211,11.153886795043945,-0.41029247641563416,1.0,0.782828099874541,0.009002158214509823,0.0,1.0,1.0,-0.36457598209381104,-0.38301703333854675,0.09130056947469711,20489
279,-0.2542917728424072,0.2542917728424072,1.0,8.414124488830566,10.794830322265625,-0.4473268985748291,0.9778645634651184,0.7816218253388441,0.008976252837392224,0.0,1.0,1.0,-1.3799169063568115,-1.3989815711975098,0.10365425795316696,20553
280,-0.2879246473312378,0.2879246473312378,1.0,9.510599136352539,10.81467056274414,-0.3331017792224884,1.0,0.7804174095742562,0.008950422007793966,0.0,1.0,1.0,-1.5884971618652344,-1.6066213846206665,0.10534227639436722,20617
281,-0.2784215807914734,0.2784215807914734,1.0,9.169137001037598,10.834569931030273,-0.35533127188682556,1.0,0.7792148497165621,0.008924665511190758,0.0,1.0,1.0,-1.390382170677185,-1.4093873500823975,0.10522753745317459,20681
282,-0.26158177852630615,0.26158177852630615,1.0,8.625467300415039,10.820341110229492,-0.3030422627925873,1.0,0.7780141429059599,0.008898983133675646,0.0,1.0,1.0,-3.207707166671753,-3.2267065048217773,0.10113770514726639,20745
283,-0.28535836935043335,0.28535836935043335,1.0,9.26220703125,10.945901870727539,-0.3412117063999176,1.0,0.7768152862870547,0.008873374661957225,0.0,1.0,1.0,-1.5378148555755615,-1.554308295249939,0.10941639542579651,20809
284,-0.25745677947998047,0.25745677947998047,1.0,8.535405158996582,10.782114028930664,-0.28732800483703613,0.9973958134651184,0.7756182770088511,0.008847839883357883,0.0,1.0,1.0,-1.0472716093063354,-1.062422513961792,0.10572676360607147,20873
285,-0.26055288314819336,0.26055288314819336,1.0,8.669648170471191,10.757099151611328,-0.2963487207889557,1.0,0.7744231122247474,0.008822378585812026,0.0,1.0,1.0,-1.2082793712615967,-1.2227898836135864,0.10612677782773972,20937
286,-0.2739792466163635,0.2739792466163635,1.0,8.953804016113281,10.888768196105957,-0.32673367857933044,1.0,0.7732297890925276,0.008796990557864317,0.0,1.0,1.0,-1.011634111404419,-1.0324279069900513,0.10145410150289536,21001
287,-0.32634779810905457,0.32634779810905457,1.0,10.631500244140625,10.943502426147461,-0.4138500392436981,0.9973958134651184,0.7720383047743559,0.008771675588667916,0.0,1.0,1.0,-1.617201805114746,-1.6381490230560303,0.10818152129650116,21065
288,-0.2881487011909485,0.2881487011909485,1.0,9.497779846191406,10.83102035522461,-0.3279823958873749,1.0,0.7708486564367689,0.008746433467982744,0.0,1.0,1.0,-1.5335700511932373,-1.5514014959335327,0.09364218264818192,21129
289,-0.3015803098678589,0.3015803098678589,1.0,9.953922271728516,10.824234008789062,-0.3545357882976532,1.0,0.7696608412506701,0.008721263986173717,0.0,1.0,1.0,-1.094247817993164,-1.1121225357055664,0.09941889345645905,21193
290,-0.2862336337566376,0.2862336337566376,1.0,9.478902816772461,10.794790267944336,-0.3466455638408661,1.0,0.7684748563913215,0.008696166934209023,0.0,1.0,1.0,-2.007674217224121,-2.0219438076019287,0.107445128262043,21257
291,-0.2815878391265869,0.2815878391265869,1.0,9.321983337402344,10.796449661254883,-0.3093673288822174,1.0,0.7672906990383382,0.00867114210365837,0.0,1.0,1.0,-1.9048532247543335,-1.9248976707458496,0.10796324908733368,21321
292,-0.2450091391801834,0.2450091391801834,1.0,8.113384246826172,10.787834167480469,-0.28039345145225525,1.0,0.7661083663756817,0.008646189286691267,0.0,1.0,1.0,-1.5711358785629272,-1.5852237939834595,0.10391679406166077,21385
293,-0.26789766550064087,0.26789766550064087,1.0,8.886425018310547,10.779704093933105,-0.3134280741214752,1.0,0.7649278555916519,0.008621308276075294,0.0,1.0,1.0,-1.1778950691223145,-1.1935157775878906,0.09475738555192947,21449
294,-0.29527023434638977,0.29527023434638977,1.0,9.771509170532227,10.80173110961914,-0.35328125953674316,0.9986979365348816,0.7637491638788819,0.008596498865174383,0.0,1.0,1.0,-0.5924777388572693,-0.6051463484764099,0.09996271133422852,21513
295,-0.26435694098472595,0.26435694098472595,1.0,8.733211517333984,10.808059692382812,-0.3117642402648926,1.0,0.7625722884343308,0.00857176084794709,0.0,1.0,1.0,-1.7461990118026733,-1.7658743858337402,0.10168515890836716,21577
296,-0.27546119689941406,0.27546119689941406,1.0,9.119154930114746,10.795327186584473,-0.3288678824901581,0.9986979365348816,0.7613972264592765,0.008547094018944905,0.0,1.0,1.0,-2.001905679702759,-2.0216798782348633,0.09562671929597855,21641
297,-0.27758359909057617,0.27758359909057617,1.0,9.109735488891602,10.859928131103516,-0.3602713644504547,0.9934895634651184,0.7602239751593101,0.008522498173310524,0.0,1.0,1.0,-1.1493028402328491,-1.1668874025344849,0.0973116010427475,21705
298,-0.2531300485134125,0.2531300485134125,1.0,8.365022659301758,10.803193092346191,-0.337411493062973,0.9947916865348816,0.7590525317443277,0.008497973106776168,0.0,1.0,1.0,-2.0703608989715576,-2.090196371078491,0.10568031668663025,21769
299,-0.29183822870254517,0.29183822870254517,1.0,9.628222465515137,10.8250093460083,-0.326524555683136,1.0,0.757882893428526,0.00847351861566187,0.0,1.0,1.0,-1.7815097570419312,-1.795928955078125,0.10071470588445663,21833
300,-0.27455684542655945,0.27455684542655945,1.0,9.081068992614746,10.801727294921875,-0.3445129096508026,0.9986979365348816,0.7567150574303935,0.008449134496873787,0.0,1.0,1.0,-1.1282293796539307,-1.1441649198532104,0.1010766252875328,21897
301,-0.25399717688560486,0.25399717688560486,1.0,8.378154754638672,10.815902709960938,-0.2996788024902344,1.0,0.7555490209727048,0.008424820547902525,0.0,1.0,1.0,-1.2864909172058105,-1.2996264696121216,0.11889170855283737,21961
302,-0.28864097595214844,0.28864097595214844,1.0,9.514995574951172,10.83036994934082,-0.3811326026916504,1.0,0.7543847812825146,0.00840057656682144,0.0,1.0,1.0,-0.010637491941452026,-0.030107911676168442,0.1015753298997879,22025
303,-0.27295637130737305,0.27295637130737305,1.0,9.036893844604492,10.794332504272461,-0.33015280961990356,1.0,0.7532223355911498,0.008376402352284974,0.0,1.0,1.0,-1.7755870819091797,-1.7930175065994263,0.09859203547239304,22089
304,-0.2907554507255554,0.2907554507255554,1.0,9.613000869750977,10.808189392089844,-0.34498023986816406,1.0,0.752061681134204,0.008352297703526976,0.0,1.0,1.0,-1.4084008932113647,-1.4268923997879028,0.1028839647769928,22153
305,-0.29954051971435547,0.29954051971435547,1.0,9.895952224731445,10.816156387329102,-0.4129839241504669,0.9908854365348816,0.7509028151515303,0.008328262420359037,0.0,1.0,1.0,-1.2040596008300781,-1.2210805416107178,0.09676012396812439,22217
306,-0.28476041555404663,0.28476041555404663,1.0,9.398185729980469,10.820262908935547,-0.3485477864742279,0.99609375,0.7497457348872351,0.008304296303168831,0.0,1.0,1.0,-1.3556251525878906,-1.3755344152450562,0.09050431102514267,22281
307,-0.29303979873657227,0.29303979873657227,1.0,9.432355880737305,11.015125274658203,-0.39420798420906067,1.0,0.7485904375896715,0.008280399152918448,0.0,1.0,1.0,-1.2177428007125854,-1.234993577003479,0.09699051082134247,22345
308,-0.2866743803024292,0.2866743803024292,1.0,9.36601448059082,10.897600173950195,-0.36103153228759766,1.0,0.7474369205114325,0.008256570771142748,0.0,1.0,1.0,-1.1904476881027222,-1.2067285776138306,0.0914507508277893,22409
309,-0.25784188508987427,0.25784188508987427,1.0,8.53049373626709,10.796415328979492,-0.2952686846256256,1.0,0.7462851809093446,0.00823281095994771,0.0,1.0,1.0,-0.9958357810974121,-1.0099786520004272,0.09948927909135818,22473
310,-0.2781239151954651,0.2781239151954651,1.0,9.217548370361328,10.787561416625977,-0.380916029214859,0.9921875,0.7451352160444613,0.008209119522008798,0.0,1.0,1.0,-1.205154299736023,-1.2217180728912354,0.09427790343761444,22537
311,-0.26586443185806274,0.26586443185806274,1.0,8.848554611206055,10.755605697631836,-0.2998286187648773,1.0,0.743987023182057,0.0081854962605693,0.0,1.0,1.0,-2.5052576065063477,-2.5232787132263184,0.09456467628479004,22601
312,-0.2821695804595947,0.2821695804595947,1.0,9.325849533081055,10.8089599609375,-0.3281979262828827,1.0,0.7428405995916194,0.008161940979438719,0.0,1.0,1.0,-1.800680160522461,-1.817271113395691,0.09122171252965927,22665
313,-0.2861194610595703,0.2861194610595703,1.0,9.331550598144531,10.910467147827148,-0.34880349040031433,1.0,0.7416959425468443,0.00813845348299113,0.0,1.0,1.0,-0.4059227705001831,-0.4259311556816101,0.10400359332561493,22729
314,-0.26071566343307495,0.26071566343307495,1.0,8.557655334472656,10.851722717285156,-0.3164004981517792,1.0,0.7405530493256283,0.008115033576163553,0.0,1.0,1.0,-0.6167380213737488,-0.632331907749176,0.09563090652227402,22793
315,-0.2716168761253357,0.2716168761253357,1.0,8.942593574523926,10.834344863891602,-0.34054651856422424,1.0,0.7394119172100625,0.008091681064454345,0.0,1.0,1.0,-0.7844690680503845,-0.8008638024330139,0.09585490077733994,22857
316,-0.2577192485332489,0.2577192485332489,1.0,8.572866439819336,10.758976936340332,-0.3014066517353058,1.0,0.7382725434864259,0.008068395753921572,0.0,1.0,1.0,-1.4506216049194336,-1.4663312435150146,0.09466025233268738,22921
317,-0.2706094980239868,0.2706094980239868,1.0,8.961014747619629,10.792438507080078,-0.39597415924072266,0.984375,0.7371349254451794,0.008045177451181404,0.0,1.0,1.0,-1.793214201927185,-1.8087079524993896,0.09633509814739227,22985
318,-0.26715242862701416,0.26715242862701416,1.0,8.706764221191406,10.904464721679688,-0.3298923671245575,1.0,0.7359990603809591,0.008022025963406513,0.0,1.0,1.0,-0.26082101464271545,-0.2762826681137085,0.09910305589437485,23049
319,-0.2866448760032654,0.2866448760032654,1.0,9.331201553344727,10.924861907958984,-0.36802300810813904,1.0,0.7348649455925697,0.007998941098324464,0.0,1.0,1.0,-0.9222432971000671,-0.9368942379951477,0.09590248018503189,23113
320,-0.2712845802307129,0.2712845802307129,1.0,9.003713607788086,10.776165008544922,-0.3461225926876068,1.0,0.7337325783829783,0.007975922664216123,0.0,1.0,1.0,-0.24665537476539612,-0.2639412581920624,0.10161220282316208,23177
321,-0.26530349254608154,0.26530349254608154,1.0,8.76081371307373,10.811244010925293,-0.32976552844047546,1.0,0.7326019560593078,0.007952970469914063,0.0,1.0,1.0,-1.8470596075057983,-1.8607412576675415,0.10412269830703735,23241
322,-0.2544727921485901,0.2544727921485901,1.0,8.350052833557129,10.851325035095215,-0.31466615200042725,1.0,0.7314730759328306,0.007930084324800975,0.0,1.0,1.0,-0.9648475646972656,-0.9811047911643982,0.09654726833105087,23305
323,-0.29286420345306396,0.29286420345306396,1.0,9.679370880126953,10.81135082244873,-0.3666714131832123,1.0,0.7303459353189627,0.00790726403880809,0.0,1.0,1.0,-0.5490428805351257,-0.5672391653060913,0.09891685098409653,23369
324,-0.2650567293167114,0.2650567293167114,1.0,8.80610466003418,10.768117904663086,-0.31024158000946045,1.0,0.729220531537256,0.00788450942241359,0.0,1.0,1.0,-0.20022955536842346,-0.21414518356323242,0.09539119899272919,23433
325,-0.26125264167785645,0.26125264167785645,1.0,8.65939712524414,10.784156799316406,-0.31338435411453247,1.0,0.7280968619113931,0.007861820286641051,0.0,1.0,1.0,-1.276373267173767,-1.2878659963607788,0.10044983774423599,23497
326,-0.2467174530029297,0.2467174530029297,1.0,8.18838882446289,10.773280143737793,-0.29000768065452576,1.0,0.7269749237691813,0.00783919644305786,0.0,1.0,1.0,-2.0353152751922607,-2.0500383377075195,0.09884607046842575,23561
327,-0.27735841274261475,0.27735841274261475,1.0,9.097217559814453,10.863966941833496,-0.3381045162677765,1.0,0.7258547144425441,0.007816637703773647,0.0,1.0,1.0,-0.9639924764633179,-0.979099452495575,0.10171867907047272,23625
328,-0.27818426489830017,0.27818426489830017,1.0,9.161331176757812,10.83448600769043,-0.31925562024116516,1.0,0.7247362312675176,0.007794143881438741,0.0,1.0,1.0,-0.5856403112411499,-0.6009355187416077,0.1008792296051979,23689
329,-0.2773308753967285,0.2773308753967285,1.0,9.221138000488281,10.76336669921875,-0.33122360706329346,1.0,0.7236194715842421,0.0077717147892426,0.0,1.0,1.0,-1.3948726654052734,-1.4083232879638672,0.09671191871166229,23753
330,-0.28042182326316833,0.28042182326316833,1.0,9.200813293457031,10.862772941589355,-0.35397204756736755,0.9869791865348816,0.7225044327369569,0.007749350240912263,0.0,1.0,1.0,-1.2780249118804932,-1.2943530082702637,0.09844087809324265,23817
331,-0.29558634757995605,0.29558634757995605,1.0,9.82052230834961,10.77072525024414,-0.3579505980014801,1.0,0.7213911120739933,0.0077270500507108045,0.0,1.0,1.0,-0.6975396871566772,-0.712952196598053,0.09514123946428299,23881
332,-0.28090500831604004,0.28090500831604004,1.0,9.291813850402832,10.802419662475586,-0.31817108392715454,1.0,0.7202795069477689,0.007704814033435793,0.0,1.0,1.0,-2.198317527770996,-2.2110791206359863,0.10142248123884201,23945
333,-0.2971935272216797,0.2971935272216797,1.0,9.804559707641602,10.826761245727539,-0.3393644094467163,1.0,0.7191696147147809,0.00768264200441775,0.0,1.0,1.0,-1.761251449584961,-1.7764760255813599,0.10189823061227798,24009
334,-0.28020626306533813,0.28020626306533813,1.0,9.287757873535156,10.786918640136719,-0.362560898065567,0.9934895634651184,0.7180614327356,0.0076605337795186195,0.0,1.0,1.0,-1.0820283889770508,-1.097806453704834,0.10464493930339813,24073
335,-0.28948554396629333,0.28948554396629333,1.0,9.505496978759766,10.860710144042969,-0.33676600456237793,1.0,0.7169549583748637,0.007638489175130233,0.0,1.0,1.0,-1.3221189975738525,-1.3378137350082397,0.10624285042285919,24137
336,-0.2779649496078491,0.2779649496078491,1.0,9.127963066101074,10.855484962463379,-0.33297041058540344,0.9986979365348816,0.7158501890012707,0.007616508008172791,0.0,1.0,1.0,-1.3500932455062866,-1.362539529800415,0.10116292536258698,24201
337,-0.28509074449539185,0.28509074449539185,1.0,9.427331924438477,10.805648803710938,-0.31712281703948975,1.0,0.7147471219875745,0.007594590096093341,0.0,1.0,1.0,-1.910261869430542,-1.9223403930664062,0.11429586261510849,24265
338,-0.28651976585388184,0.28651976585388184,1.0,9.29018783569336,10.95455265045166,-0.36769115924835205,1.0,0.7136457547105765,0.007572735256864258,0.0,1.0,1.0,-0.3072862923145294,-0.31832319498062134,0.10635460168123245,24329
339,-0.2960703670978546,0.2960703670978546,1.0,9.781116485595703,10.815482139587402,-0.3399929106235504,0.9986979365348816,0.7125460845511206,0.007550943308981737,0.0,1.0,1.0,-1.4414515495300293,-1.4556678533554077,0.09509722888469696,24393
340,-0.3110649585723877,0.3110649585723877,1.0,10.257675170898438,10.834226608276367,-0.3372099697589874,1.0,0.7114481088940862,0.007529214071464284,0.0,1.0,1.0,-1.9213947057724,-1.9340770244598389,0.09878835082054138,24457
341,-0.2898968458175659,0.2898968458175659,1.0,9.588630676269531,10.804765701293945,-0.34321215748786926,1.0,0.710351825128383,0.00750754736385121,0.0,1.0,1.0,-0.44215917587280273,-0.4556942582130432,0.10225753486156464,24521
342,-0.29817092418670654,0.29817092418670654,1.0,9.895712852478027,10.779558181762695,-0.3593800365924835,1.0,0.7092572306469437,0.007485943006201139,0.0,1.0,1.0,-1.1616641283035278,-1.1739064455032349,0.10023202747106552,24585
343,-0.3038880228996277,0.3038880228996277,1.0,9.931745529174805,10.904091835021973,-0.39040181040763855,0.9986979365348816,0.7081643228467185,0.007464400819090507,0.0,1.0,1.0,0.1372177004814148,0.12037526816129684,0.0971735343337059,24649
344,-0.2715630531311035,0.2715630531311035,1.0,9.007186889648438,10.780845642089844,-0.3243483603000641,1.0,0.7070730991286684,0.007442920623612074,0.0,1.0,1.0,-0.6552086472511292,-0.6720224022865295,0.10312726348638535,24713
345,-0.26865890622138977,0.26865890622138977,1.0,8.880350112915039,10.805046081542969,-0.32058629393577576,1.0,0.7059835568977598,0.0074215022413734386,0.0,1.0,1.0,-1.4113006591796875,-1.4247136116027832,0.09971605241298676,24777
346,-0.27779412269592285,0.27779412269592285,1.0,9.090543746948242,10.881049156188965,-0.3309781551361084,0.99609375,0.7048956935629573,0.007400145494495563,0.0,1.0,1.0,-1.492433786392212,-1.5050121545791626,0.09503993391990662,24841
347,-0.2768072783946991,0.2768072783946991,1.0,9.156208038330078,10.801626205444336,-0.3504035472869873,1.0,0.7038095065372186,0.007378850205611281,0.0,1.0,1.0,-1.0328425168991089,-1.0465679168701172,0.10097739845514297,24905
348,-0.28442102670669556,0.28442102670669556,1.0,9.413291931152344,10.798972129821777,-0.3155854046344757,1.0,0.7027249932374874,0.0073576161978638355,0.0,1.0,1.0,-2.2018351554870605,-2.216024160385132,0.0923430398106575,24969
349,-0.25525256991386414,0.25525256991386414,1.0,8.448929786682129,10.792590141296387,-0.3012629747390747,1.0,0.7016421510846875,0.00733644329490541,0.0,1.0,1.0,-1.233855962753296,-1.247742772102356,0.10011997818946838,25033
350,-0.26949048042297363,0.26949048042297363,1.0,8.861349105834961,10.842696189880371,-0.32495465874671936,1.0,0.7005609775037178,0.007315331320895658,0.0,1.0,1.0,-0.5832914710044861,-0.5943795442581177,0.11164022982120514,25097
351,-0.2780730128288269,0.2780730128288269,1.0,9.260066986083984,10.751930236816406,-0.3326770067214966,1.0,0.6994814699234443,0.007294280100500249,0.0,1.0,1.0,-1.0337204933166504,-1.0476369857788086,0.10562007129192352,25161
352,-0.28671038150787354,0.28671038150787354,1.0,9.424448013305664,10.851478576660156,-0.3772076666355133,1.0,0.6984036257766949,0.007273289458889408,0.0,1.0,1.0,-0.9383749961853027,-0.9546387195587158,0.08997219055891037,25225
353,-0.26220446825027466,0.26220446825027466,1.0,8.684709548950195,10.789325714111328,-0.31340092420578003,1.0,0.6973274425002541,0.007252359221736468,0.0,1.0,1.0,-1.4265995025634766,-1.442423939704895,0.08761444687843323,25289
354,-0.2915760278701782,0.2915760278701782,1.0,9.694708824157715,10.764388084411621,-0.3423425257205963,1.0,0.6962529175348555,0.007231489215216414,0.0,1.0,1.0,-1.7604902982711792,-1.7747713327407837,0.09476157277822495,25353
355,-0.2686827480792999,0.2686827480792999,1.0,8.841329574584961,10.83713150024414,-0.31705164909362793,1.0,0.6951800483251763,0.007210679266004449,0.0,1.0,1.0,-1.3877533674240112,-1.399046778678894,0.09577815234661102,25417
356,-0.2599806487560272,0.2599806487560272,1.0,8.647478103637695,10.759594917297363,-0.313570111989975,0.9986979365348816,0.6941088323198316,0.007189929201274547,0.0,1.0,1.0,-1.7045226097106934,-1.717727541923523,0.09368602931499481,25481
357,-0.2369665652513504,0.2369665652513504,1.0,7.867482662200928,10.769957542419434,-0.27580830454826355,1.0,0.6930392669713674,0.007169238848698024,0.0,1.0,1.0,-1.697667121887207,-1.707720160484314,0.10561008751392365,25545
358,-0.27191147208213806,0.27191147208213806,1.0,9.039995193481445,10.763766288757324,-0.3131482005119324,1.0,0.6919713497362558,0.007148608036442101,0.0,1.0,1.0,-1.2570173740386963,-1.2679543495178223,0.10167979449033737,25609
359,-0.2810437083244324,0.2810437083244324,1.0,9.249818801879883,10.839986801147461,-0.3283308148384094,1.0,0.6909050780748879,0.007128036593168482,0.0,1.0,1.0,-1.3898522853851318,-1.4036363363265991,0.09482080489397049,25673
360,-0.30919820070266724,0.30919820070266724,1.0,10.168680191040039,10.855799674987793,-0.3435821533203125,1.0,0.6898404494515681,0.0071075243480319275,0.0,1.0,1.0,-2.0195846557617188,-2.032552480697632,0.09773329645395279,25737
361,-0.2722594141960144,0.2722594141960144,1.0,9.06299877166748,10.754575729370117,-0.5859456062316895,0.94140625,0.6887774613345081,0.007087071130678837,0.0,1.0,1.0,-0.1848982572555542,-0.19666209816932678,0.09796109050512314,25801
362,-0.28654971718788147,0.28654971718788147,1.0,9.49089527130127,10.793617248535156,-0.35528111457824707,1.0,0.6877161111958212,0.007066676771245834,0.0,1.0,1.0,-0.6306151151657104,-0.6459096074104309,0.09238361567258835,25865
363,-0.2988816797733307,0.2988816797733307,1.0,9.76867389678955,10.901025772094727,-0.33106181025505066,1.0,0.6866563965115157,0.007046341100358353,0.0,1.0,1.0,-1.9704312086105347,-1.9815753698349,0.10097332298755646,25929
364,-0.28082579374313354,0.28082579374313354,1.0,9.263264656066895,10.823298454284668,-0.5355277061462402,0.94140625,0.685598314761489,0.0070260639491292395,0.0,1.0,1.0,-1.1038626432418823,-1.11632239818573,0.09291262924671173,25993
365,-0.2641447186470032,0.2641447186470032,1.0,8.76948070526123,10.773133277893066,-0.3499142825603485,0.9973958134651184,0.6845418634295221,0.007005845149157342,0.0,1.0,1.0,-1.3382295370101929,-1.353895664215088,0.09079093486070633,26057
366,-0.28477323055267334,0.28477323055267334,1.0,9.34716796875,10.861719131469727,-0.3187800645828247,1.0,0.6834870400032731,0.00698568453252611,0.0,1.0,1.0,-1.1517767906188965,-1.1645900011062622,0.09588298201560974,26121
367,-0.2881615459918976,0.2881615459918976,1.0,9.549482345581055,10.789700508117676,-0.3439289629459381,0.9986979365348816,0.6824338419742716,0.00696558193180221,0.0,1.0,1.0,-1.4022738933563232,-1.4156461954116821,0.1001879870891571,26185
368,-0.2867963910102844,0.2867963910102844,1.0,9.520652770996094,10.776261329650879,-0.3350348472595215,0.9934895634651184,0.6813822668379123,0.006945537180034126,0.0,1.0,1.0,-1.3140250444412231,-1.3247202634811401,0.09714919328689575,26249
369,-0.2578171491622925,0.2578171491622925,1.0,8.506757736206055,10.81488037109375,-0.28883764147758484,1.0,0.6803323120934495,0.0069255501107507765,0.0,1.0,1.0,-2.0861222743988037,-2.0957891941070557,0.09529682993888855,26313
370,-0.2702462375164032,0.2702462375164032,1.0,8.944793701171875,10.795753479003906,-0.2975078821182251,1.0,0.6792839752439909,0.00690562055796013,0.0,1.0,1.0,-0.7634808421134949,-0.7734905481338501,0.09584806114435196,26377
371,-0.27927279472351074,0.27927279472351074,1.0,9.292784690856934,10.757793426513672,-0.3191888630390167,1.0,0.6782372537964915,0.00688574835614783,0.0,1.0,1.0,-2.3037638664245605,-2.3161141872406006,0.09755200892686844,26441
372,-0.2815570831298828,0.2815570831298828,1.0,9.262229919433594,10.843775749206543,-0.31046879291534424,1.0,0.6771921452617481,0.006865933340275815,0.0,1.0,1.0,-1.3444955348968506,-1.3543901443481445,0.09400045871734619,26505
373,-0.2551788091659546,0.2551788091659546,1.0,8.470452308654785,10.773265838623047,-0.32320356369018555,0.9921875,0.6761486471543932,0.0068461753457809554,0.0,1.0,1.0,-1.2053223848342896,-1.2144441604614258,0.10493418574333191,26569
374,-0.3000965714454651,0.3000965714454651,1.0,9.933025360107422,10.801216125488281,-0.3473922312259674,1.0,0.6751067569928889,0.00682647420857368,0.0,1.0,1.0,-1.4930065870285034,-1.5026912689208984,0.10512460023164749,26633
375,-0.2980959415435791,0.2980959415435791,1.0,9.797779083251953,10.856464385986328,-0.34572088718414307,1.0,0.6740664722995213,0.006806829765036615,0.0,1.0,1.0,-0.8223458528518677,-0.8323850631713867,0.09669505804777145,26697
376,-0.3020259737968445,0.3020259737968445,1.0,9.895843505859375,10.883007049560547,-0.3536413609981537,1.0,0.6730277906003943,0.006787241852023227,0.0,1.0,1.0,-1.242506742477417,-1.2541347742080688,0.1032291129231453,26761
377,-0.26944801211357117,0.26944801211357117,1.0,8.813385963439941,10.880206108093262,-0.3926197290420532,0.99609375,0.6719907094254242,0.006767710306856468,0.0,1.0,1.0,-1.397304892539978,-1.4088733196258545,0.0983361229300499,26825
378,-0.28260645270347595,0.28260645270347595,1.0,9.366822242736816,10.787677764892578,-0.3157639503479004,1.0,0.6709552263083326,0.006748234967327423,0.0,1.0,1.0,-1.3737878799438477,-1.387569546699524,0.1004919782280922,26889
379,-0.293571412563324,0.293571412563324,1.0,9.594026565551758,10.899123191833496,-0.39486265182495117,1.0,0.6699213387866426,0.006728815671693957,0.0,1.0,1.0,-0.5981683731079102,-0.6123816967010498,0.10117823630571365,26953
380,-0.30510953068733215,0.30510953068733215,1.0,10.006852149963379,10.87637996673584,-0.3655349016189575,1.0,0.6688890444016711,0.006709452258679389,0.0,1.0,1.0,-1.0947078466415405,-1.1063733100891113,0.101287841796875,27017
381,-0.27403247356414795,0.27403247356414795,1.0,9.062484741210938,10.802616119384766,-0.30934813618659973,1.0,0.6678583406985238,0.006690144567471134,0.0,1.0,1.0,-0.6948112845420837,-0.7032446265220642,0.1048988401889801,27081
382,-0.2796262502670288,0.2796262502670288,1.0,9.193782806396484,10.847068786621094,-0.3505108058452606,0.9986979365348816,0.6668292252260891,0.006670892437719377,0.0,1.0,1.0,-0.9569152593612671,-0.9690814018249512,0.10540962219238281,27145
383,-0.2884438931941986,0.2884438931941986,1.0,9.56690502166748,10.783245086669922,-0.3492281436920166,1.0,0.6658016955370327,0.0066516957095357375,0.0,1.0,1.0,-0.6032290458679199,-0.6150317192077637,0.09798587113618851,27209
384,-0.27305859327316284,0.27305859327316284,1.0,9.014488220214844,10.815135955810547,-0.33203017711639404,0.9986979365348816,0.6647757491877907,0.006632554223491947,0.0,1.0,1.0,-1.2890013456344604,-1.303043246269226,0.09756070375442505,27273
385,-0.26397013664245605,0.26397013664245605,1.0,8.721269607543945,10.807294845581055,-0.3433825671672821,0.98046875,0.6637513837385656,0.006613467820618518,0.0,1.0,1.0,-2.08541202545166,-2.0974929332733154,0.0964241698384285,27337
386,-0.28453558683395386,0.28453558683395386,1.0,9.418952941894531,10.797489166259766,-0.3270821273326874,0.9986979365348816,0.6627285967533183,0.006594436342403429,0.0,1.0,1.0,-1.2646071910858154,-1.2759759426116943,0.1117154061794281,27401
387,-0.27439987659454346,0.27439987659454346,1.0,9.050178527832031,10.822402954101562,-0.3030755817890167,1.0,0.6617073857997643,0.0065754596307908055,0.0,1.0,1.0,-1.5498762130737305,-1.559251308441162,0.1058214083313942,27465
388,-0.2624742388725281,0.2624742388725281,1.0,8.646526336669922,10.827342987060547,-0.31556084752082825,1.0,0.6606877484493666,0.006556537528179609,0.0,1.0,1.0,-0.018330534920096397,-0.028396788984537125,0.09304460883140564,27529
389,-0.2878558933734894,0.2878558933734894,1.0,9.543317794799805,10.786457061767578,-0.35274767875671387,1.0,0.6596696822773306,0.006537669877422326,0.0,1.0,1.0,-1.2694332599639893,-1.2807700634002686,0.10085655748844147,27593
390,-0.28122004866600037,0.28122004866600037,1.0,9.183879852294922,10.897860527038574,-0.34451332688331604,1.0,0.6586531848625982,0.006518856521823664,0.0,1.0,1.0,-1.41780686378479,-1.4283469915390015,0.10651016235351562,27657
391,-0.290946900844574,0.290946900844574,1.0,9.618328094482422,10.809041976928711,-0.3277667462825775,1.0,0.6576382537878412,0.0065000973051392505,0.0,1.0,1.0,-0.3738991618156433,-0.3836868107318878,0.10816807299852371,27721
392,-0.2705090641975403,0.2705090641975403,1.0,8.862969398498535,10.868751525878906,-0.320491224527359,1.0,0.6566248866394576,0.006481392071574337,0.0,1.0,1.0,-0.7023937106132507,-0.711996853351593,0.09858214110136032,27785
393,-0.3066168427467346,0.3066168427467346,1.0,9.94435977935791,10.967227935791016,-0.35216856002807617,1.0,0.6556130810075634,0.006462740665782499,0.0,1.0,1.0,-1.6382732391357422,-1.649298071861267,0.09749889373779297,27849
394,-0.3042628765106201,0.3042628765106201,1.0,9.982806205749512,10.873016357421875,-0.3589871823787689,1.0,0.6546028344859884,0.006444142932864354,0.0,1.0,1.0,-1.4384040832519531,-1.4523334503173828,0.09526128321886063,27913
395,-0.28214868903160095,0.28214868903160095,1.0,9.20850658416748,10.902959823608398,-0.4289286136627197,0.9440104365348816,0.6535941446722706,0.00642559871836627,0.0,1.0,1.0,-0.45408082008361816,-0.46407628059387207,0.10400177538394928,27977
396,-0.291805624961853,0.291805624961853,1.0,9.587050437927246,10.857312202453613,-0.36402538418769836,0.9986979365348816,0.6525870091676494,0.006407107868279083,0.0,1.0,1.0,-1.3402185440063477,-1.3517930507659912,0.10779174417257309,28041
397,-0.2757354974746704,0.2757354974746704,1.0,8.954364776611328,10.935491561889648,-0.3232364356517792,1.0,0.6515814255770607,0.006388670229036821,0.0,1.0,1.0,-0.8508834838867188,-0.8609745502471924,0.10277152061462402,28105
398,-0.27024543285369873,0.27024543285369873,1.0,8.964702606201172,10.779687881469727,-0.6043329834938049,0.9817708134651184,0.6505773915091309,0.006370285647515424,0.0,1.0,1.0,-1.2377921342849731,-1.2475368976593018,0.10120634734630585,28169
399,-0.2935897707939148,0.2935897707939148,1.0,9.657705307006836,10.848299026489258,-0.33823761343955994,1.0,0.6495749045761715,0.0063519539710314744,0.0,1.0,1.0,-0.7493451833724976,-0.7606691122055054,0.10080680251121521,28233
400,-0.2750924527645111,0.2750924527645111,1.0,9.06311321258545,10.830583572387695,-0.48099246621131897,0.9986979365348816,0.6485739623941731,0.0063336750473409345,0.0,1.0,1.0,-1.1215448379516602,-1.1338465213775635,0.10282251238822937,28297
401,-0.26560458540916443,0.26560458540916443,1.0,8.792633056640625,10.793689727783203,-0.3660913407802582,1.0,0.6475745625828,0.00631544872463787,0.0,1.0,1.0,0.6888067126274109,0.6785903573036194,0.10429100692272186,28361
402,-0.31369081139564514,0.31369081139564514,1.0,10.271499633789062,10.893621444702148,-0.44041261076927185,0.94921875,0.6465767027653841,0.006297274851553203,0.0,1.0,1.0,-0.8665944933891296,-0.8812674880027771,0.09761163592338562,28425
403,-0.30323222279548645,0.30323222279548645,1.0,9.90473747253418,10.90824031829834,-0.35844194889068604,1.0,0.64558038056892,0.006279153277153442,0.0,1.0,1.0,-1.6891034841537476,-1.7038254737854004,0.09616231918334961,28489
404,-0.27173909544944763,0.27173909544944763,1.0,9.015646934509277,10.778757095336914,-0.31969428062438965,0.9986979365348816,0.6445855936240587,0.0062610838509394385,0.0,1.0,1.0,-1.1138018369674683,-1.1251552104949951,0.0956837609410286,28553
405,-0.26996320486068726,0.26996320486068726,1.0,8.875814437866211,10.843738555908203,-0.3045841455459595,1.0,0.6435923395651019,0.006243066422845132,0.0,1.0,1.0,-1.1848506927490234,-1.1964536905288696,0.0909307673573494,28617
406,-0.27759888768196106,0.27759888768196106,1.0,9.093277931213379,10.873601913452148,-0.31043699383735657,1.0,0.6426006160299969,0.006225100843236306,0.0,1.0,1.0,-1.888511061668396,-1.89826238155365,0.09612596780061722,28681
407,-0.27252089977264404,0.27252089977264404,1.0,8.974335670471191,10.833047866821289,-0.3415503203868866,0.984375,0.6416104206603308,0.006207186962909345,0.0,1.0,1.0,-0.6214604377746582,-0.6315075159072876,0.09344670176506042,28745
408,-0.3088936507701874,0.3088936507701874,1.0,10.174259185791016,10.843122482299805,-0.35899093747138977,1.0,0.6406217511013249,0.006189324633089986,0.0,1.0,1.0,-1.0292606353759766,-1.0416021347045898,0.10492327064275742,28809
409,-0.2797798216342926,0.2797798216342926,1.0,9.306707382202148,10.760193824768066,-0.32741105556488037,1.0,0.6396346050018288,0.006171513705432106,0.0,1.0,1.0,-1.1721827983856201,-1.1834580898284912,0.09208537638187408,28873
410,-0.2625183165073395,0.2625183165073395,1.0,8.685688972473145,10.796968460083008,-0.2981109619140625,1.0,0.6386489800143149,0.006153754032016462,0.0,1.0,1.0,-0.1935226321220398,-0.20377424359321594,0.09189674258232117,28937
411,-0.2739596664905548,0.2739596664905548,1.0,9.073127746582031,10.792083740234375,-0.3320765197277069,1.0,0.6376648737948732,0.0061360454653494835,0.0,1.0,1.0,-1.0682686567306519,-1.0801388025283813,0.09357251971960068,29001
412,-0.28414130210876465,0.28414130210876465,1.0,9.246702194213867,10.925704956054688,-0.3306337893009186,1.0,0.6366822840032058,0.00611838785836204,0.0,1.0,1.0,-1.5036852359771729,-1.5127456188201904,0.0907038003206253,29065
413,-0.31026822328567505,0.31026822328567505,1.0,10.143929481506348,10.904487609863281,-0.49629342555999756,0.9934895634651184,0.6357012083026202,0.0061007810644082144,0.0,1.0,1.0,-0.5360080003738403,-0.5462667346000671,0.1012907475233078,29129
414,-0.2712867259979248,0.2712867259979248,1.0,8.984648704528809,10.791584968566895,-0.3423893451690674,0.9986979365348816,0.6347216443600252,0.006083224937264097,0.0,1.0,1.0,-0.7145208120346069,-0.72359299659729,0.09792911261320114,29193
415,-0.27665650844573975,0.27665650844573975,1.0,9.128660202026367,10.81977653503418,-0.32968243956565857,0.9973958134651184,0.6337435898459244,0.006065719331126559,0.0,1.0,1.0,-1.146790623664856,-1.1581611633300781,0.09702923148870468,29257
416,-0.28404009342193604,0.28404009342193604,1.0,9.376588821411133,10.818318367004395,-0.32468608021736145,1.0,0.6327670424344112,0.006048264100612052,0.0,1.0,1.0,-1.5913056135177612,-1.6022214889526367,0.09815024584531784,29321
417,-0.2298315167427063,0.2298315167427063,1.0,7.606623649597168,10.788511276245117,-0.30542945861816406,0.9973958134651184,0.6317919998031626,0.00603085910075539,0.0,1.0,1.0,-0.43570947647094727,-0.44622915983200073,0.09842441231012344,29385
418,-0.2953827977180481,0.2953827977180481,1.0,9.708349227905273,10.85565185546875,-0.3695448338985443,1.0,0.6308184596334346,0.006013504187008555,0.0,1.0,1.0,-1.200244426727295,-1.2100813388824463,0.09557285904884338,29449
419,-0.2846822738647461,0.2846822738647461,1.0,9.421514511108398,10.799365043640137,-0.33825257420539856,1.0,0.629846419610056,0.0059961992152394936,0.0,1.0,1.0,-1.1948175430297852,-1.2069274187088013,0.09646627306938171,29513
420,-0.2599445581436157,0.2599445581436157,1.0,8.558574676513672,10.830267906188965,-0.31087636947631836,0.9986979365348816,0.6288758774214233,0.005978944041730917,0.0,1.0,1.0,-1.7817389965057373,-1.7932171821594238,0.09181247651576996,29577
421,-0.2653852701187134,0.2653852701187134,1.0,8.754411697387695,10.818599700927734,-0.31854164600372314,0.9986979365348816,0.6279068307594944,0.00596173852317911,0.0,1.0,1.0,0.22819393873214722,0.21761514246463776,0.08975158631801605,29641
422,-0.26661503314971924,0.26661503314971924,1.0,8.84092903137207,10.781912803649902,-0.3029739558696747,1.0,0.6269392773197842,0.005944582516692738,0.0,1.0,1.0,-1.074175238609314,-1.0827258825302124,0.10115835070610046,29705
423,-0.28856539726257324,0.28856539726257324,1.0,9.408529281616211,10.91413688659668,-0.36138173937797546,0.9973958134651184,0.6259732148013586,0.005927475879791668,0.0,1.0,1.0,-0.3543848991394043,-0.36439916491508484,0.10039214044809341,29769
424,-0.2671896815299988,0.2671896815299988,1.0,8.84957504272461,10.790380477905273,-0.3285314738750458,1.0,0.6250086409068287,0.005910418470405774,0.0,1.0,1.0,-1.1450767517089844,-1.1539552211761475,0.09485307335853577,29833
425,-0.29018634557724,0.29018634557724,1.0,9.520856857299805,10.867157936096191,-0.32388392090797424,1.0,0.6240455533423463,0.005893410146873769,0.0,1.0,1.0,-1.000351905822754,-1.009808897972107,0.09822936356067657,29897
426,-0.2805825471878052,0.2805825471878052,1.0,9.258198738098145,10.820847511291504,-0.3329286277294159,1.0,0.6230839498175976,0.005876450767942019,0.0,1.0,1.0,-1.736656904220581,-1.7484509944915771,0.09752459824085236,29961
427,-0.2935093641281128,0.2935093641281128,1.0,9.70742130279541,10.806076049804688,-0.3366807997226715,1.0,0.6221238280457974,0.005859540192763371,0.0,1.0,1.0,-1.8803633451461792,-1.8916977643966675,0.09501921385526657,30025
428,-0.2715880870819092,0.2715880870819092,1.0,8.997015953063965,10.789713859558105,-0.3135925829410553,1.0,0.6211651857436851,0.0058426782808959936,0.0,1.0,1.0,-1.2202348709106445,-1.2308381795883179,0.09112433344125748,30089
429,-0.2889273166656494,0.2889273166656494,1.0,9.520723342895508,10.833446502685547,-0.3218376636505127,1.0,0.6202080206315178,0.005825864892302194,0.0,1.0,1.0,-0.7982198596000671,-0.8074643015861511,0.10910972207784653,30153
430,-0.32024821639060974,0.32024821639060974,1.0,10.542387008666992,10.851470947265625,-0.36182841658592224,1.0,0.6192523304330658,0.00580909988734727,0.0,1.0,1.0,-1.4669854640960693,-1.4747730493545532,0.11630692332983017,30217
431,-0.290630966424942,0.290630966424942,1.0,9.608627319335938,10.808372497558594,-0.3430561125278473,1.0,0.618298112875607,0.005792383126798342,0.0,1.0,1.0,-0.29634058475494385,-0.3047177195549011,0.10022356361150742,30281
432,-0.2648357152938843,0.2648357152938843,1.0,8.725764274597168,10.826922416687012,-0.3054603040218353,1.0,0.6173453656899209,0.0057757144718231955,0.0,1.0,1.0,-0.40976786613464355,-0.4174618124961853,0.09036802500486374,30345
433,-0.2785317003726959,0.2785317003726959,1.0,9.079835891723633,10.909490585327148,-0.31881508231163025,1.0,0.6163940866102844,0.005759093783989141,0.0,1.0,1.0,-1.344637393951416,-1.3537743091583252,0.09791789948940277,30409
434,-0.28541624546051025,0.28541624546051025,1.0,9.312952041625977,10.906564712524414,-0.331789493560791,1.0,0.615444273374465,0.005742520925261843,0.0,1.0,1.0,-2.409531593322754,-2.4178900718688965,0.1015341654419899,30473
435,-0.27468276023864746,0.27468276023864746,1.0,8.974522590637207,10.890968322753906,-0.3365764319896698,0.9947916865348816,0.6144959237237164,0.005725995758004192,0.0,1.0,1.0,0.6005021333694458,0.5916773080825806,0.09983794391155243,30537
436,-0.27467450499534607,0.27467450499534607,1.0,9.133773803710938,10.762414932250977,-0.30834630131721497,1.0,0.613549035402773,0.005709518144975153,0.0,1.0,1.0,-1.4193623065948486,-1.428131341934204,0.09731835871934891,30601
437,-0.27678999304771423,0.27678999304771423,1.0,9.10079574584961,10.845815658569336,-0.35612568259239197,0.984375,0.6126036061598441,0.005693087949328632,0.0,1.0,1.0,-0.5533074140548706,-0.5642959475517273,0.09693402796983719,30665
438,-0.286532998085022,0.286532998085022,1.0,9.32358455657959,10.927995681762695,-0.37594592571258545,0.9791666865348816,0.611659633746609,0.005676705034612324,0.0,1.0,1.0,-0.34310096502304077,-0.3532369136810303,0.09310071915388107,30729
439,-0.299605131149292,0.299605131149292,1.0,9.771621704101562,10.918083190917969,-0.3745329678058624,1.0,0.6107171159182115,0.005660369264766602,0.0,1.0,1.0,-2.041372060775757,-2.050619125366211,0.105454221367836,30793
440,-0.26842501759529114,0.26842501759529114,1.0,8.900718688964844,10.78235149383545,-0.30201274156570435,1.0,0.6097760504332544,0.005644080504123371,0.0,1.0,1.0,-1.4716131687164307,-1.4799288511276245,0.09600760042667389,30857
441,-0.29552626609802246,0.29552626609802246,1.0,9.761981964111328,10.816286087036133,-0.35417237877845764,1.0,0.6088364350537945,0.005627838617404947,0.0,1.0,1.0,-0.7266368865966797,-0.7349100708961487,0.09219622611999512,30921
442,-0.2686197757720947,0.2686197757720947,1.0,8.883260726928711,10.801651000976562,-0.3087959885597229,1.0,0.6078982675453368,0.005611643469722931,0.0,1.0,1.0,-1.8341354131698608,-1.8445688486099243,0.10291224718093872,30985
443,-0.2917903959751129,0.2917903959751129,1.0,9.641351699829102,10.81314468383789,-0.34349489212036133,1.0,0.6069615456768297,0.005595494926577091,0.0,1.0,1.0,-1.1006851196289062,-1.1099433898925781,0.09767202287912369,31049
444,-0.2844890356063843,0.2844890356063843,1.0,9.43829345703125,10.780652046203613,-0.3270740211009979,1.0,0.6060262672206598,0.0055793928538542484,0.0,1.0,1.0,-0.986777663230896,-0.9946082830429077,0.09295473247766495,31113
445,-0.28435197472572327,0.28435197472572327,1.0,9.286893844604492,10.898975372314453,-0.3381302058696747,1.0,0.6050924299526451,0.005563337117827151,0.0,1.0,1.0,-0.5831284523010254,-0.5910711288452148,0.08202912658452988,31177
446,-0.23945856094360352,0.23945856094360352,1.0,7.939445495605469,10.778905868530273,-0.2911019027233124,0.9869791865348816,0.6041600316520324,0.005547327585153379,0.0,1.0,1.0,-1.3196020126342773,-1.3288960456848145,0.09572670608758926,31241
447,-0.2739323377609253,0.2739323377609253,1.0,9.087150573730469,10.780051231384277,-0.296182245016098,1.0,0.6032290701014896,0.005531364122874232,0.0,1.0,1.0,-1.100313425064087,-1.1069071292877197,0.09682881087064743,31305
448,-0.3057587146759033,0.3057587146759033,1.0,9.880818367004395,10.995382308959961,-0.38711369037628174,1.0,0.6022995430871013,0.005515446598413612,0.0,1.0,1.0,-1.1819803714752197,-1.1904456615447998,0.09750784188508987,31369
449,-0.2705008387565613,0.2705008387565613,1.0,8.960731506347656,10.789749145507812,-0.33124735951423645,0.99609375,0.601371448398364,0.005499574879576949,0.0,1.0,1.0,-0.9062052965164185,-0.9164042472839355,0.09630455821752548,31433
450,-0.30694109201431274,0.30694109201431274,1.0,10.016448974609375,10.917844772338867,-0.5740244388580322,0.9947916865348816,0.6004447838281799,0.00548374883455007,0.0,1.0,1.0,-0.6970055103302002,-0.7076606750488281,0.08943334221839905,31497
451,-0.2668520510196686,0.2668520510196686,1.0,8.83104133605957,10.796247482299805,-0.3119601607322693,0.9934895634651184,0.5995195471728528,0.005467968331898134,0.0,1.0,1.0,-0.6770389080047607,-0.6861515641212463,0.09150435775518417,31561
452,-0.31787896156311035,0.31787896156311035,1.0,10.549064636230469,10.782445907592773,-0.36117973923683167,0.9947916865348816,0.5985957362320816,0.005452233240564526,0.0,1.0,1.0,-1.1063501834869385,-1.116317629814148,0.08552049845457077,31625
453,-0.2608150541782379,0.2608150541782379,1.0,8.645407676696777,10.783676147460938,-0.3083699643611908,1.0,0.597673348808956,0.005436543429869766,0.0,1.0,1.0,-1.0515046119689941,-1.060897707939148,0.09001412987709045,31689
454,-0.2676142752170563,0.2676142752170563,1.0,8.891586303710938,10.76793098449707,-0.30805912613868713,1.0,0.5967523827099509,0.005420898769510434,0.0,1.0,1.0,-1.2668687105178833,-1.275001049041748,0.09068074822425842,31753
455,-0.263302206993103,0.263302206993103,1.0,8.67353343963623,10.82781982421875,-0.3046475350856781,1.0,0.5958328357449213,0.0054052991295580775,0.0,1.0,1.0,-1.4757566452026367,-1.4857003688812256,0.0914887860417366,31817
456,-0.2839770019054413,0.2839770019054413,1.0,9.224222183227539,10.939406394958496,-0.3352963626384735,1.0,0.594914705727097,0.0053897443804581426,0.0,1.0,1.0,-1.4600725173950195,-1.4687836170196533,0.08976177871227264,31881
457,-0.28162187337875366,0.28162187337875366,1.0,9.287105560302734,10.825469970703125,-0.3384629487991333,0.9921875,0.5939979904730772,0.005374234393028885,0.0,1.0,1.0,-1.203890085220337,-1.2109706401824951,0.08974048495292664,31945
458,-0.28964269161224365,0.28964269161224365,1.0,9.425408363342285,10.929471969604492,-0.34290608763694763,1.0,0.593082687802826,0.005358769038460314,0.0,1.0,1.0,0.045453570783138275,0.038319069892168045,0.09851039201021194,32009
459,-0.27648839354515076,0.27648839354515076,1.0,9.149141311645508,10.798754692077637,-0.3191364109516144,1.0,0.5921687955396663,0.005343348188313103,0.0,1.0,1.0,-0.8054152727127075,-0.8153403401374817,0.09503971040248871,32073
460,-0.3083263635635376,0.3083263635635376,1.0,10.02972412109375,10.944357872009277,-0.37377122044563293,1.0,0.5912563115102755,0.005327971714517543,0.0,1.0,1.0,-1.3810009956359863,-1.3898696899414062,0.093590646982193,32137
461,-0.29690927267074585,0.29690927267074585,1.0,9.752970695495605,10.860698699951172,-0.3355351984500885,0.99609375,0.5903452335446796,0.005312639489372466,0.0,1.0,1.0,-0.4905717968940735,-0.49693191051483154,0.093004509806633,32201
462,-0.2705012559890747,0.2705012559890747,1.0,8.964544296264648,10.786687850952148,-0.30701717734336853,1.0,0.5894355594762485,0.005297351385544185,0.0,1.0,1.0,-1.656944990158081,-1.6642966270446777,0.09464892745018005,32265
463,-0.2733786106109619,0.2733786106109619,1.0,9.09250259399414,10.760863304138184,-0.30752620100975037,1.0,0.5885272871416907,0.005282107276065442,0.0,1.0,1.0,-1.456968069076538,-1.465246319770813,0.09744058549404144,32329
464,-0.2623916268348694,0.2623916268348694,1.0,8.538211822509766,10.912408828735352,-0.3227598965167999,0.9986979365348816,0.5876204143810481,0.005266907034334349,0.0,1.0,1.0,-0.4424440860748291,-0.451009601354599,0.09684625267982483,32393
465,-0.31896764039993286,0.31896764039993286,1.0,10.421058654785156,10.91484260559082,-0.3869897425174713,1.0,0.5867149390376908,0.0052517505341133424,0.0,1.0,1.0,-0.7711567878723145,-0.7796521782875061,0.1040399968624115,32457
466,-0.28069907426834106,0.28069907426834106,1.0,9.256525039672852,10.825325012207031,-0.3258073031902313,1.0,0.5858108589583124,0.005236637649528125,0.0,1.0,1.0,-1.0963165760040283,-1.105251669883728,0.10239393264055252,32521
467,-0.28545355796813965,0.28545355796813965,1.0,9.483585357666016,10.770063400268555,-0.3228117525577545,1.0,0.5849081719929244,0.005221568255066628,0.0,1.0,1.0,-0.8236100673675537,-0.831251323223114,0.10889577120542526,32585
468,-0.25758180022239685,0.25758180022239685,1.0,8.552167892456055,10.771963119506836,-0.29567134380340576,1.0,0.5840068759948512,0.005206542225577972,0.0,1.0,1.0,0.2656492590904236,0.26015743613243103,0.10575426369905472,32649
469,-0.31292587518692017,0.31292587518692017,1.0,10.121768951416016,10.993734359741211,-0.35514315962791443,1.0,0.5831069688207251,0.005191559436271413,0.0,1.0,1.0,-2.2196412086486816,-2.2268121242523193,0.09440907835960388,32713
470,-0.30625373125076294,0.30625373125076294,1.0,10.130118370056152,10.807781219482422,-0.39050576090812683,1.0,0.5822084483304814,0.005176619762715325,0.0,1.0,1.0,-1.3455017805099487,-1.3540276288986206,0.0938635766506195,32777
471,-0.2768864035606384,0.2768864035606384,1.0,9.196179389953613,10.771539688110352,-0.3069744110107422,1.0,0.5813113123873525,0.005161723080836149,0.0,1.0,1.0,-0.886763334274292,-0.8932810425758362,0.09566987305879593,32841
472,-0.2828335165977478,0.2828335165977478,1.0,9.372376441955566,10.789300918579102,-0.3538905680179596,1.0,0.5804155588578639,0.005146869266917379,0.0,1.0,1.0,0.09601681679487228,0.08705128729343414,0.0970812514424324,32905
473,-0.29135629534721375,0.29135629534721375,1.0,9.548746109008789,10.876110076904297,-0.3604677617549896,0.9986979365348816,0.5795211856118283,0.005132058197598515,0.0,1.0,1.0,-1.5182595252990723,-1.5278204679489136,0.09885627031326294,32969
474,-0.2695608139038086,0.2695608139038086,1.0,8.837353706359863,10.863923072814941,-0.34709787368774414,1.0,0.5786281905223413,0.005117289749874061,0.0,1.0,1.0,-0.766577422618866,-0.7749764323234558,0.09908235818147659,33033
475,-0.2993254065513611,0.2993254065513611,1.0,9.837713241577148,10.857309341430664,-0.3700465261936188,1.0,0.5777365714657752,0.005102563801092486,0.0,1.0,1.0,-0.5465717315673828,-0.5561613440513611,0.09427058696746826,33097
476,-0.30021044611930847,0.30021044611930847,1.0,9.897316932678223,10.833050727844238,-0.34894120693206787,1.0,0.5768463263217751,0.005087880228955212,0.0,1.0,1.0,-0.9023221731185913,-0.9103930592536926,0.09979232400655746,33161
477,-0.29300594329833984,0.29300594329833984,1.0,9.718552589416504,10.78358268737793,-0.3376401960849762,1.0,0.5759574529732535,0.005073238911515599,0.0,1.0,1.0,-1.3210700750350952,-1.3299274444580078,0.10107269883155823,33225
478,-0.2847050428390503,0.2847050428390503,1.0,9.477581024169922,10.75479507446289,-0.3417418301105499,1.0,0.5750699493063848,0.005058639727177929,0.0,1.0,1.0,-0.474658727645874,-0.48348483443260193,0.09553596377372742,33289
479,-0.27707594633102417,0.27707594633102417,1.0,9.166783332824707,10.800321578979492,-0.3418281078338623,0.99609375,0.5741838132106007,0.005044082554696404,0.0,1.0,1.0,-0.8550804853439331,-0.8625503778457642,0.10620530694723129,33353
480,-0.2624957263469696,0.2624957263469696,1.0,8.678831100463867,10.801887512207031,-0.2948773205280304,1.0,0.5732990425785853,0.0050295672731741235,0.0,1.0,1.0,-0.77411949634552,-0.7805930376052856,0.09775792062282562,33417
481,-0.27609455585479736,0.27609455585479736,1.0,9.130778312683105,10.802972793579102,-0.3017904460430145,1.0,0.5724156353062699,0.005015093762062099,0.0,1.0,1.0,-0.8730919361114502,-0.8790629506111145,0.10635785013437271,33481
482,-0.27830588817596436,0.27830588817596436,1.0,8.98366641998291,10.98092269897461,-0.3418603241443634,0.9973958134651184,0.5715335892928278,0.005000661901158241,0.0,1.0,1.0,-0.14377927780151367,-0.15000413358211517,0.10725273936986923,33545
483,-0.28660351037979126,0.28660351037979126,1.0,9.419346809387207,10.852718353271484,-0.3732978403568268,1.0,0.5706529024406697,0.004986271570606361,0.0,1.0,1.0,-0.8220957517623901,-0.8295983672142029,0.09652051329612732,33609
484,-0.27843037247657776,0.27843037247657776,1.0,9.2765531539917,10.748245239257812,-0.3199335038661957,0.9947916865348816,0.5697735726554384,0.004971922650895184,0.0,1.0,1.0,-1.000091552734375,-1.0085294246673584,0.09420156478881836,33673
485,-0.26990944147109985,0.26990944147109985,1.0,8.954154968261719,10.779162406921387,-0.29104575514793396,1.0,0.5688955978460037,0.0049576150228573465,0.0,1.0,1.0,-2.084321975708008,-2.0899884700775146,0.0923859030008316,33737
486,-0.2719452977180481,0.2719452977180481,1.0,9.057624816894531,10.750469207763672,-0.3054490387439728,1.0,0.5680189759244584,0.004943348567668413,0.0,1.0,1.0,-1.034700632095337,-1.0428861379623413,0.09505749493837357,33801
487,-0.2652597427368164,0.2652597427368164,1.0,8.686756134033203,10.869747161865234,-0.31949383020401,0.9986979365348816,0.5671437048061116,0.0049291231668458875,0.0,1.0,1.0,-1.0256614685058594,-1.0330748558044434,0.1136099323630333,33865
488,-0.2621120810508728,0.2621120810508728,1.0,8.666322708129883,10.801663398742676,-0.34571608901023865,1.0,0.5662697824094857,0.004914938702248229,0.0,1.0,1.0,0.16498905420303345,0.15778478980064392,0.10682153701782227,33929
489,-0.2978280782699585,0.2978280782699585,1.0,9.848979949951172,10.808009147644043,-0.322702556848526,1.0,0.5653972066563099,0.0049007950560738716,0.0,1.0,1.0,-1.016357421875,-1.0241848230361938,0.0872916653752327,33993
490,-0.28386223316192627,0.28386223316192627,1.0,9.280047416687012,10.891338348388672,-0.31454703211784363,1.0,0.5645259754715158,0.004886692110860241,0.0,1.0,1.0,-1.042421817779541,-1.0478954315185547,0.08565250039100647,34057
491,-0.27570444345474243,0.27570444345474243,1.0,9.07312297821045,10.83895492553711,-0.3181076943874359,1.0,0.563656086783233,0.004872629749482791,0.0,1.0,1.0,-0.24159500002861023,-0.2491110861301422,0.09424619376659393,34121
492,-0.2706508934497833,0.2706508934497833,1.0,8.987157821655273,10.772483825683594,-0.3017483651638031,1.0,0.5627875385227832,0.004858607855154014,0.0,1.0,1.0,-1.96964430809021,-1.9767780303955078,0.10087955743074417,34185
493,-0.2620305120944977,0.2620305120944977,1.0,8.643611907958984,10.81777286529541,-0.3321826457977295,0.9973958134651184,0.5619203286246761,0.004844626311422488,0.0,1.0,1.0,-0.7860735654830933,-0.7932466268539429,0.09814941138029099,34249
494,-0.27492663264274597,0.27492663264274597,1.0,9.128852844238281,10.773153305053711,-0.3772144019603729,0.9973958134651184,0.5610544550266038,0.004830685002171895,0.0,1.0,1.0,-0.7321075797080994,-0.7416160106658936,0.09318352490663528,34313
495,-0.3097713589668274,0.3097713589668274,1.0,10.234870910644531,10.817855834960938,-0.5455219149589539,0.98046875,0.5601899156694365,0.004816783811620067,0.0,1.0,1.0,-0.5696374773979187,-0.5770661234855652,0.0876111313700676,34377
496,-0.2690213620662689,0.2690213620662689,1.0,8.92668628692627,10.777442932128906,-0.315098375082016,1.0,0.5593267084972176,0.004802922624318024,0.0,1.0,1.0,-0.6239556670188904,-0.6303591728210449,0.08608521521091461,34441
497,-0.293797105550766,0.293797105550766,1.0,9.689729690551758,10.828063011169434,-0.34869423508644104,1.0,0.5584648314571579,0.004789101325149001,0.0,1.0,1.0,-1.0403231382369995,-1.0485600233078003,0.0932939276099205,34505
498,-0.27908217906951904,0.27908217906951904,1.0,9.254356384277344,10.783641815185547,-0.3597519099712372,0.98046875,0.5576042824996318,0.004775319799327516,0.0,1.0,1.0,-0.9268068671226501,-0.9340580701828003,0.09210824221372604,34569
499,-0.25201669335365295,0.25201669335365295,1.0,8.384241104125977,10.75779914855957,-0.2955738306045532,1.0,0.5567450595781722,0.004761577932398391,0.0,1.0,1.0,-0.2599982023239136,-0.2668568789958954,0.08833678811788559,34633
500,-0.26589861512184143,0.26589861512184143,1.0,8.767488479614258,10.821849822998047,-0.33304810523986816,1.0,0.555887160649465,0.004747875610235824,0.0,1.0,1.0,-0.6204966902732849,-0.6280868053436279,0.08805064857006073,34697
501,-0.2728048861026764,0.2728048861026764,1.0,9.003450393676758,10.817214965820312,-0.3337031900882721,1.0,0.5550305836733449,0.004734212719042425,0.0,1.0,1.0,-0.5486078262329102,-0.5573359131813049,0.08745738863945007,34761
502,-0.3157738447189331,0.3157738447189331,1.0,10.447652816772461,10.807621955871582,-0.3667898178100586,1.0,0.5541753266127902,0.004720589145348279,0.0,1.0,1.0,-1.226273536682129,-1.234144687652588,0.08963344246149063,34825
503,-0.2929231822490692,0.2929231822490692,1.0,9.691792488098145,10.802925109863281,-0.33316025137901306,1.0,0.5533213874339186,0.004707004776010005,0.0,1.0,1.0,-1.3801031112670898,-1.3888405561447144,0.09028083086013794,34889
504,-0.2811410427093506,0.2811410427093506,1.0,9.236933708190918,10.852983474731445,-0.3374062478542328,0.9986979365348816,0.552468764105981,0.0046934594982098055,0.0,1.0,1.0,-1.0696170330047607,-1.0773767232894897,0.08786393702030182,34953
505,-0.2927551865577698,0.2927551865577698,1.0,9.624588966369629,10.852568626403809,-0.332051157951355,1.0,0.5516174546013581,0.004679953199454545,0.0,1.0,1.0,-0.6189589500427246,-0.6267693638801575,0.08613962680101395,35017
506,-0.2718152403831482,0.2718152403831482,1.0,8.978456497192383,10.810771942138672,-0.3135230839252472,1.0,0.550767456895555,0.0046664857675748,0.0,1.0,1.0,-1.4455935955047607,-1.4521405696868896,0.09119341522455215,35081
507,-0.2788267731666565,0.2788267731666565,1.0,9.064674377441406,10.929636001586914,-0.3338404595851898,1.0,0.549918768967196,0.004653057090723945,0.0,1.0,1.0,-1.29436194896698,-1.301803469657898,0.09013194590806961,35145
508,-0.287754088640213,0.287754088640213,1.0,9.567416191101074,10.764303207397461,-0.34431251883506775,1.0,0.5490713887980205,0.004639667057377205,0.0,1.0,1.0,-0.4686149060726166,-0.4755849242210388,0.09490542113780975,35209
509,-0.2939779460430145,0.2939779460430145,1.0,9.723199844360352,10.805948257446289,-0.3343770205974579,1.0,0.5482253143728778,0.004626315556330741,0.0,1.0,1.0,-0.6376513242721558,-0.6443876028060913,0.09312499314546585,35273
510,-0.2768479883670807,0.2768479883670807,1.0,9.149612426757812,10.808034896850586,-0.34517836570739746,1.0,0.5473805436797226,0.004613002476700726,0.0,1.0,1.0,-0.5262519717216492,-0.5323551297187805,0.09118259698152542,35337
511,-0.29027479887008667,0.29027479887008667,1.0,9.619678497314453,10.789897918701172,-0.3434668481349945,1.0,0.5465370747096093,0.00459972770792242,0.0,1.0,1.0,-0.39088934659957886,-0.39897751808166504,0.09177818149328232,35401
512,-0.29275447130203247,0.29275447130203247,1.0,9.702228546142578,10.789983749389648,-0.3251411020755768,1.0,0.5456949054566889,0.004586491139749253,0.0,1.0,1.0,-1.3242086172103882,-1.3303418159484863,0.0868443101644516,35465
513,-0.287749707698822,0.287749707698822,1.0,9.517326354980469,10.804551124572754,-0.3573388159275055,0.9856770634651184,0.5448540339182023,0.004573292662251909,0.0,1.0,1.0,-1.086958885192871,-1.0932403802871704,0.09326726943254471,35529
514,-0.2701551914215088,0.2701551914215088,1.0,8.880810737609863,10.844868659973145,-0.3849391043186188,0.984375,0.5440144580944772,0.0045601321658174186,0.0,1.0,1.0,-0.29521965980529785,-0.30116820335388184,0.0950237438082695,35593
515,-0.3019288182258606,0.3019288182258606,1.0,9.87568473815918,10.89664077758789,-0.3401719331741333,1.0,0.5431761759889222,0.0045470095411482385,0.0,1.0,1.0,-1.1220941543579102,-1.127023458480835,0.0928124487400055,35657
516,-0.2659974992275238,0.2659974992275238,1.0,8.814985275268555,10.78623104095459,-0.29188165068626404,1.0,0.5423391856080229,0.004533924679261351,0.0,1.0,1.0,-1.1630135774612427,-1.1684176921844482,0.09352367371320724,35721
517,-0.2719162106513977,0.2719162106513977,1.0,8.99273681640625,10.801977157592773,-0.2999780774116516,1.0,0.5415034849613363,0.00452087747148736,0.0,1.0,1.0,-1.699094533920288,-1.7040114402770996,0.10121592879295349,35785
518,-0.30190664529800415,0.30190664529800415,1.0,9.998438835144043,10.797124862670898,-0.34143558144569397,1.0,0.5406690720614867,0.004507867809469581,0.0,1.0,1.0,-0.8990034461021423,-0.904320240020752,0.10459209978580475,35849
519,-0.26765015721321106,0.26765015721321106,1.0,8.905179977416992,10.757941246032715,-0.31247127056121826,1.0,0.5398359449241609,0.004494895585163152,0.0,1.0,1.0,-0.15890416502952576,-0.16428913176059723,0.09835060685873032,35913
520,-0.27595216035842896,0.27595216035842896,1.0,9.118669509887695,10.808906555175781,-0.3108063042163849,1.0,0.5390041015681031,0.0044819606908341235,0.0,1.0,1.0,-0.9260390996932983,-0.9311336278915405,0.09927835315465927,35977
521,-0.30813533067703247,0.30813533067703247,1.0,9.90092658996582,11.043018341064453,-0.3715760409832001,1.0,0.5381735400151108,0.004469063019058575,0.0,1.0,1.0,-1.6059541702270508,-1.6123137474060059,0.09765730798244476,36041
522,-0.30737656354904175,0.30737656354904175,1.0,10.051339149475098,10.901426315307617,-0.3958587646484375,1.0,0.5373442582900293,0.0044562024627217145,0.0,1.0,1.0,0.5464142560958862,0.5383884310722351,0.09127891063690186,36105
523,-0.2700095772743225,0.2700095772743225,1.0,8.960798263549805,10.776498794555664,-0.31985554099082947,1.0,0.5365162544207479,0.004443378915016997,0.0,1.0,1.0,-1.3402332067489624,-1.3467597961425781,0.08827663958072662,36169
524,-0.298095703125,0.298095703125,1.0,9.855472564697266,10.809965133666992,-0.4807176887989044,0.9947916865348816,0.5356895264381948,0.0044305922694452314,0.0,1.0,1.0,-0.560326099395752,-0.566589891910553,0.1066134124994278,36233
525,-0.30963677167892456,0.30963677167892456,1.0,10.153277397155762,10.879992485046387,-0.35381725430488586,1.0,0.5348640723763316,0.004417842419813695,0.0,1.0,1.0,-0.9934157133102417,-0.9984790086746216,0.10807698220014572,36297
526,-0.28198859095573425,0.28198859095573425,1.0,9.252472877502441,10.863229751586914,-0.3483351469039917,1.0,0.5340398902721505,0.0044051292602352585,0.0,1.0,1.0,-0.06093176454305649,-0.06866282969713211,0.09435915946960449,36361
527,-0.29762616753578186,0.29762616753578186,1.0,9.57585334777832,11.022684097290039,-0.3398408889770508,1.0,0.5332169781656676,0.0043924526851275,0.0,1.0,1.0,-1.1629818677902222,-1.1684085130691528,0.10393209755420685,36425
528,-0.2771819233894348,0.2771819233894348,1.0,9.177292823791504,10.794698715209961,-0.333457350730896,1.0,0.5323953340999198,0.00437981258921183,0.0,1.0,1.0,-0.44953346252441406,-0.4556986689567566,0.11160028725862503,36489
529,-0.2808016836643219,0.2808016836643219,1.0,9.185676574707031,10.885173797607422,-0.46082624793052673,0.9713541865348816,0.5315749561209592,0.00436720886751262,0.0,1.0,1.0,0.28499385714530945,0.277742862701416,0.10100451111793518,36553
530,-0.2772834599018097,0.2772834599018097,1.0,9.180057525634766,10.795197486877441,-0.31981930136680603,1.0,0.5307558422778489,0.004354641415356326,0.0,1.0,1.0,-0.7010252475738525,-0.7094148993492126,0.08757178485393524,36617
531,-0.2841135263442993,0.2841135263442993,1.0,9.324934959411621,10.861915588378906,-0.3622252941131592,0.9947916865348816,0.5299379906226582,0.004342110128370625,0.0,1.0,1.0,-0.4415832459926605,-0.44883838295936584,0.08484676480293274,36681
532,-0.28495076298713684,0.28495076298713684,1.0,9.459149360656738,10.77624797821045,-0.33896246552467346,1.0,0.529121399210458,0.004329614902483538,0.0,1.0,1.0,-0.008593371137976646,-0.016145775094628334,0.09188429266214371,36745
533,-0.2646751403808594,0.2646751403808594,1.0,8.780213356018066,10.778731346130371,-0.32414311170578003,1.0,0.5283060660993162,0.004317155633922581,0.0,1.0,1.0,-0.42485666275024414,-0.4319020211696625,0.09693485498428345,36809
534,-0.3015555143356323,0.3015555143356323,1.0,9.806083679199219,10.94270133972168,-0.3379000723361969,1.0,0.527491989350293,0.004304732219213887,0.0,1.0,1.0,-1.3483555316925049,-1.3539645671844482,0.09533087909221649,36873
535,-0.3072742223739624,0.3072742223739624,1.0,9.889118194580078,11.029403686523438,-0.34492993354797363,1.0,0.5266791670274364,0.004292344555181359,0.0,1.0,1.0,-1.7450236082077026,-1.7504392862319946,0.09807728976011276,36937
536,-0.27970242500305176,0.27970242500305176,1.0,9.265143394470215,10.791608810424805,-0.3352597951889038,0.9830729365348816,0.5258675971977775,0.004279992538945805,0.0,1.0,1.0,-0.8118039965629578,-0.8188563585281372,0.1002325564622879,37001
537,-0.2706335783004761,0.2706335783004761,1.0,8.89676284790039,10.844863891601562,-0.3249027729034424,1.0,0.5250572779313261,0.00426767606792409,0.0,1.0,1.0,-0.7091094851493835,-0.7143310904502869,0.10253331065177917,37065
538,-0.2802203595638275,0.2802203595638275,1.0,9.238605499267578,10.826906204223633,-0.34222617745399475,1.0,0.5242482073010659,0.004255395039828281,0.0,1.0,1.0,-0.6127471923828125,-0.6186840534210205,0.10024499893188477,37129
539,-0.28854209184646606,0.28854209184646606,1.0,9.483499526977539,10.853094100952148,-0.3377176523208618,1.0,0.5234403833829496,0.004243149352664792,0.0,1.0,1.0,-1.1312447786331177,-1.1362720727920532,0.10609888285398483,37193
540,-0.2763732075691223,0.2763732075691223,1.0,8.990138053894043,10.92379379272461,-0.3417937755584717,0.9895833134651184,0.5226338042558955,0.00423093890473355,0.0,1.0,1.0,-0.7918359637260437,-0.7982465028762817,0.10556159913539886,37257
541,-0.2989039421081543,0.2989039421081543,1.0,9.822956085205078,10.857881546020508,-0.34052565693855286,0.99609375,0.5218284680017812,0.004218763594627138,0.0,1.0,1.0,-0.9402631521224976,-0.9451626539230347,0.09963882714509964,37321
542,-0.2892746329307556,0.2892746329307556,1.0,9.609001159667969,10.771636962890625,-0.340350866317749,0.9986979365348816,0.5210243727054407,0.004206623321229959,0.0,1.0,1.0,-0.6182383298873901,-0.6246252655982971,0.09673124551773071,37385
543,-0.2864503860473633,0.2864503860473633,1.0,9.43641185760498,10.834854125976562,-0.35249677300453186,1.0,0.5202215164546586,0.004194517983717394,0.0,1.0,1.0,-1.0187697410583496,-1.024682879447937,0.10933520644903183,37449
544,-0.3002668619155884,0.3002668619155884,1.0,9.915945053100586,10.819555282592773,-0.33471348881721497,0.99609375,0.5194198973401665,0.004182447481554967,0.0,1.0,1.0,-0.8619464635848999,-0.8676123023033142,0.10335647314786911,37513
545,-0.2965124249458313,0.2965124249458313,1.0,9.826404571533203,10.790860176086426,-0.36535653471946716,0.99609375,0.5186195134556378,0.004170411714497509,0.0,1.0,1.0,-1.463323950767517,-1.4697365760803223,0.09683117270469666,37577
546,-0.2671099901199341,0.2671099901199341,1.0,8.82188606262207,10.810553550720215,-0.29907551407814026,1.0,0.5178203628976834,0.00415841058258832,0.0,1.0,1.0,-1.0402871370315552,-1.0447200536727905,0.10225501656532288,37641
547,-0.3016636073589325,0.3016636073589325,1.0,9.854061126708984,10.906943321228027,-0.34962692856788635,1.0,0.5170224437658473,0.0041464439861583526,0.0,1.0,1.0,-0.7937763929367065,-0.7992920279502869,0.10862603038549423,37705
548,-0.28105950355529785,0.28105950355529785,1.0,9.292430877685547,10.806072235107422,-1.0693790912628174,0.9856770634651184,0.5162257541626016,0.004134511825825367,0.0,1.0,1.0,0.2620167136192322,0.2564854025840759,0.10807966440916061,37769
549,-0.2838246822357178,0.2838246822357178,1.0,9.321115493774414,10.857233047485352,-0.3273215591907501,1.0,0.5154302921933428,0.00412261400249312,0.0,1.0,1.0,0.021219830960035324,0.01571342535316944,0.10325593501329422,37833
550,-0.290086567401886,0.290086567401886,1.0,9.583611488342285,10.8139066696167,-0.33896148204803467,0.9986979365348816,0.5146360559663865,0.004110750417350532,0.0,1.0,1.0,-1.0595393180847168,-1.065612554550171,0.0992862731218338,37897
551,-0.30095261335372925,0.30095261335372925,1.0,9.96739673614502,10.796512603759766,-0.3885885775089264,0.9817708134651184,0.5138430435929634,0.004098920971870874,0.0,1.0,1.0,-0.13012871146202087,-0.1359439343214035,0.10159309953451157,37961
552,-0.2646782398223877,0.2646782398223877,1.0,8.808688163757324,10.755868911743164,-0.32033640146255493,1.0,0.5130512531872147,0.004087125567810947,0.0,1.0,1.0,-1.1286091804504395,-1.1349072456359863,0.09226016700267792,38025
553,-0.2820284962654114,0.2820284962654114,1.0,9.331750869750977,10.8004150390625,-0.37779203057289124,1.0,0.5122606828661871,0.004075364107210258,0.0,1.0,1.0,-0.5247255563735962,-0.5319259166717529,0.0946776419878006,38089
554,-0.2756929099559784,0.2756929099559784,1.0,9.018577575683594,10.882600784301758,-0.4447120726108551,0.9765625,0.5114713307498294,0.00406363649239022,0.0,1.0,1.0,-1.0214438438415527,-1.0284277200698853,0.09959979355335236,38153
555,-0.278308629989624,0.278308629989624,1.0,9.145986557006836,10.850191116333008,-0.34245848655700684,1.0,0.510683194960987,0.004051942625953333,0.0,1.0,1.0,-1.3410314321517944,-1.3468321561813354,0.0989900678396225,38217
556,-0.25942540168762207,0.25942540168762207,1.0,8.644472122192383,10.747101783752441,-0.3068802058696747,1.0,0.5098962736253981,0.004040282410782375,0.0,1.0,1.0,-0.9479255080223083,-0.9540899991989136,0.09840347617864609,38281
557,-0.2727329730987549,0.2727329730987549,1.0,9.017992973327637,10.803564071655273,-0.3481024205684662,1.0,0.5091105648716887,0.004028655750039597,0.0,1.0,1.0,-0.3715192675590515,-0.37816205620765686,0.090279720723629,38345
558,-0.2596225142478943,0.2596225142478943,1.0,8.583611488342285,10.80144214630127,-0.3139379322528839,1.0,0.5083260668313686,0.0040170625471659185,0.0,1.0,1.0,-0.13640448451042175,-0.1414007842540741,0.09323204308748245,38409
559,-0.27788907289505005,0.27788907289505005,1.0,9.19853401184082,10.796577453613281,-0.3020663559436798,1.0,0.5075427776388269,0.004005502705880128,0.0,1.0,1.0,-1.329142451286316,-1.3340195417404175,0.09669140726327896,38473
560,-0.30251362919807434,0.30251362919807434,1.0,9.945115089416504,10.856400489807129,-0.3522900640964508,1.0,0.5067606954313272,0.003993976130178077,0.0,1.0,1.0,0.1506701111793518,0.14467443525791168,0.09127642214298248,38537
561,-0.31043606996536255,0.31043606996536255,1.0,10.1647310256958,10.892232894897461,-0.3637162446975708,1.0,0.5059798183490037,0.00398248272433189,0.0,1.0,1.0,-0.6672890186309814,-0.672500729560852,0.08736886084079742,38601
562,-0.28507059812545776,0.28507059812545776,1.0,9.347848892211914,10.869157791137695,-0.35927271842956543,0.9973958134651184,0.5052001445348562,0.003971022392889163,0.0,1.0,1.0,-0.8856611251831055,-0.8917115926742554,0.08327332139015198,38665
563,-0.31657254695892334,0.31657254695892334,1.0,10.449893951416016,10.8272705078125,-0.3521482050418854,1.0,0.5044216721347462,0.00395959504067218,0.0,1.0,1.0,-1.1199004650115967,-1.126365303993225,0.09450740367174149,38729
564,-0.2901885509490967,0.2901885509490967,1.0,9.542439460754395,10.849823951721191,-0.3409510552883148,1.0,0.5036443992973924,0.003948200572777108,0.0,1.0,1.0,-0.049515511840581894,-0.05568215250968933,0.09482366591691971,38793
565,-0.2624189257621765,0.2624189257621765,1.0,8.67678451538086,10.801473617553711,-0.31022846698760986,1.0,0.5028683241743657,0.0039368388945732235,0.0,1.0,1.0,-0.6952615976333618,-0.7015021443367004,0.09405462443828583,38857
566,-0.2777974605560303,0.2777974605560303,1.0,9.202932357788086,10.790570259094238,-0.33092057704925537,1.0,0.5020934449200857,0.003925509911702121,0.0,1.0,1.0,-0.552701473236084,-0.5599779486656189,0.09098517149686813,38921
567,-0.2958570718765259,0.2958570718765259,1.0,9.798534393310547,10.795716285705566,-0.37469610571861267,1.0,0.5013197596918159,0.003914213530076921,0.0,1.0,1.0,-0.90287846326828,-0.9076252579689026,0.09461948275566101,38985
568,-0.2965633273124695,0.2965633273124695,1.0,9.793631553649902,10.818638801574707,-0.3499903678894043,0.9973958134651184,0.500547266649659,0.0039029496558815086,0.0,1.0,1.0,-1.1876680850982666,-1.1931824684143066,0.09968040138483047,39049
569,-0.2692221403121948,0.2692221403121948,1.0,8.912065505981445,10.794618606567383,-0.3607914447784424,1.0,0.499775963956553,0.00389171819556973,0.0,1.0,1.0,-0.6991268992424011,-0.7055200338363647,0.08876170963048935,39113
570,-0.3151276707649231,0.3151276707649231,1.0,10.264103889465332,10.938178062438965,-0.3854740858078003,1.0,0.49900584977826684,0.003880519055864637,0.0,1.0,1.0,0.11548759043216705,0.11159081012010574,0.08998660743236542,39177
571,-0.28258490562438965,0.28258490562438965,1.0,9.38109016418457,10.775599479675293,-0.33245527744293213,0.9986979365348816,0.49823692228339556,0.0038693521437576962,0.0,1.0,1.0,-0.445382297039032,-0.4517523944377899,0.08755845576524734,39241
572,-0.3071669936180115,0.3071669936180115,1.0,10.183733940124512,10.789106369018555,-0.37036287784576416,1.0,0.49746917964335635,0.0038582173665080285,0.0,1.0,1.0,0.18587541580200195,0.18016675114631653,0.08741685748100281,39305
573,-0.2517413794994354,0.2517413794994354,1.0,8.360872268676758,10.769235610961914,-0.29804834723472595,1.0,0.4967026200323843,0.003847114631641632,0.0,1.0,1.0,0.027800779789686203,0.021431418135762215,0.0910424217581749,39369
574,-0.29006528854370117,0.29006528854370117,1.0,9.634637832641602,10.772214889526367,-0.33386197686195374,1.0,0.4959372416275274,0.003836043846950614,0.0,1.0,1.0,-0.871051013469696,-0.8787870407104492,0.09042078256607056,39433
575,-0.26883262395858765,0.26883262395858765,1.0,8.820751190185547,10.857741355895996,-0.3324428200721741,0.99609375,0.4951730426086433,0.0038250049204924326,0.0,1.0,1.0,-0.7062810659408569,-0.712621808052063,0.09262652695178986,39497
576,-0.2759714126586914,0.2759714126586914,1.0,9.031293869018555,10.87983512878418,-0.33032408356666565,1.0,0.49441002115839366,0.0038139977605891194,0.0,1.0,1.0,-0.8774160146713257,-0.8833820223808289,0.09403560310602188,39561
577,-0.2797193229198456,0.2797193229198456,1.0,9.230865478515625,10.819684982299805,-0.34051382541656494,0.9973958134651184,0.49364817546224093,0.0038030222758265344,0.0,1.0,1.0,-1.2406044006347656,-1.2458808422088623,0.09104456007480621,39625
578,-0.28828540444374084,0.28828540444374084,1.0,9.522867202758789,10.814474105834961,-0.3611360490322113,0.9986979365348816,0.49288750370844364,0.0037920783750535927,0.0,1.0,1.0,-0.08314830809831619,-0.08857226371765137,0.09326702356338501,39689
579,-0.3103984594345093,0.3103984594345093,1.0,10.090888977050781,10.950727462768555,-0.362865686416626,1.0,0.49212800408805174,0.003781165967381517,0.0,1.0,1.0,-1.2773735523223877,-1.2813917398452759,0.08695515245199203,39753
580,-0.2943446934223175,0.2943446934223175,1.0,9.772356033325195,10.776187896728516,-0.346189945936203,1.0,0.4913696747949031,0.003770284962183079,0.0,1.0,1.0,-0.520505428314209,-0.5257490277290344,0.08729474246501923,39817
581,-0.28555262088775635,0.28555262088775635,1.0,9.339258193969727,10.889028549194336,-0.3375333845615387,1.0,0.4906125140256182,0.0037594352690918445,0.0,1.0,1.0,-1.0621451139450073,-1.068186640739441,0.0879083201289177,39881
582,-0.3298935890197754,0.3298935890197754,1.0,10.575101852416992,11.084197998046875,-0.3958452045917511,0.9921875,0.4898565199795968,0.0037486167980014286,0.0,1.0,1.0,-1.1182689666748047,-1.12299644947052,0.09474220871925354,39945
583,-0.2820681631565094,0.2820681631565094,1.0,9.163501739501953,10.937065124511719,-0.3373679220676422,1.0,0.48910169085901306,0.003737829459064742,0.0,1.0,1.0,-0.3402085304260254,-0.3441830277442932,0.09863606095314026,40009
584,-0.27220800518989563,0.27220800518989563,1.0,8.994096755981445,10.808719635009766,-0.3253205716609955,1.0,0.48834802486881146,0.003727073162693249,0.0,1.0,1.0,-0.7713188529014587,-0.7757689356803894,0.10442783683538437,40073
585,-0.26103824377059937,0.26103824377059937,1.0,8.547484397888184,10.868583679199219,-0.3055245280265808,1.0,0.4875955202167025,0.003716347819556219,0.0,1.0,1.0,-1.0142701864242554,-1.0184568166732788,0.10045976936817169,40137
586,-0.2673304080963135,0.2673304080963135,1.0,8.837427139282227,10.803951263427734,-0.29900816082954407,1.0,0.4868441751131586,0.0037056533405799884,0.0,1.0,1.0,-1.4384117126464844,-1.4421558380126953,0.09964427351951599,40201
587,-0.26515495777130127,0.26515495777130127,1.0,8.71905517578125,10.840904235839844,-0.30276647210121155,1.0,0.48609398777140944,0.003694989636947222,0.0,1.0,1.0,-0.5519623756408691,-0.5561131834983826,0.09660407900810242,40265
588,-0.2800760865211487,0.2800760865211487,1.0,9.09145736694336,10.941610336303711,-0.43780508637428284,1.0,0.48534495640743813,0.0036843566200961677,0.0,1.0,1.0,0.6574141979217529,0.6513781547546387,0.09846648573875427,40329
589,-0.3236809968948364,0.3236809968948364,1.0,10.476981163024902,10.996386528015137,-0.4128023684024811,0.9986979365348816,0.48459707923997686,0.003673754201719931,0.0,1.0,1.0,0.0708203837275505,0.0656549334526062,0.09587745368480682,40393
590,-0.2854922115802765,0.2854922115802765,1.0,9.486437797546387,10.768802642822266,-0.32482221722602844,1.0,0.48385035449050245,0.003663182293765733,0.0,1.0,1.0,-0.343825101852417,-0.34868621826171875,0.09527726471424103,40457
591,-0.2875722050666809,0.2875722050666809,1.0,9.493393898010254,10.819068908691406,-0.31519851088523865,1.0,0.48310478038323246,0.0036526408084341876,0.0,1.0,1.0,-1.006278157234192,-1.0113340616226196,0.09081955254077911,40521
592,-0.2914896309375763,0.2914896309375763,1.0,9.623714447021484,10.819278717041016,-0.342693567276001,1.0,0.48236035514512055,0.003642129658178563,0.0,1.0,1.0,-0.22552168369293213,-0.23085862398147583,0.0902058556675911,40585
593,-0.29159078001976013,0.29159078001976013,1.0,9.606493949890137,10.835872650146484,-0.36086520552635193,1.0,0.48161707700585266,0.0036316487557040613,0.0,1.0,1.0,-0.2804951071739197,-0.2869539260864258,0.09725968539714813,40649
594,-0.2691901624202728,0.2691901624202728,1.0,8.958911895751953,10.756010055541992,-0.30447426438331604,1.0,0.4808749441978427,0.0036211980139670935,0.0,1.0,1.0,-0.2525885999202728,-0.2569153308868408,0.09496328234672546,40713
595,-0.29773032665252686,0.29773032665252686,1.0,9.70580768585205,10.920759201049805,-0.3595675528049469,1.0,0.4801339549562282,0.0036107773461745503,0.0,1.0,1.0,-1.5718474388122559,-1.5769935846328735,0.09222681820392609,40777
596,-0.2853440046310425,0.2853440046310425,1.0,9.420063018798828,10.818309783935547,-0.32093214988708496,1.0,0.47939410751886613,0.0036003866657830902,0.0,1.0,1.0,-0.7036017179489136,-0.7088878750801086,0.08214129507541656,40841
597,-0.3047596514225006,0.3047596514225006,1.0,9.959242820739746,10.90534782409668,-0.3496445417404175,1.0,0.47865540012632884,0.003590025886498412,0.0,1.0,1.0,-1.2807412147521973,-1.2866441011428833,0.0912812128663063,40905
598,-0.2758232355117798,0.2758232355117798,1.0,9.037832260131836,10.870586395263672,-0.33698201179504395,1.0,0.4779178310219,0.0035796949222745462,0.0,1.0,1.0,0.7938277721405029,0.7894100546836853,0.09110429883003235,40969
599,-0.28074872493743896,0.28074872493743896,1.0,9.269524574279785,10.816183090209961,-0.3630533218383789,1.0,0.4771813984515698,0.003569393687313133,0.0,1.0,1.0,-0.1239355057477951,-0.12970010936260223,0.09159484505653381,41033
600,-0.296089768409729,0.296089768409729,1.0,9.823190689086914,10.782096862792969,-0.3384339511394501,1.0,0.4764461006640316,0.003559122096062717,0.0,1.0,1.0,-0.9758774638175964,-0.9809157252311707,0.09319023787975311,41097
601,-0.29332292079925537,0.29332292079925537,1.0,9.744043350219727,10.771556854248047,-0.36620569229125977,0.9986979365348816,0.47571193591067745,0.0035488800632180297,0.0,1.0,1.0,0.008373360149562359,0.0019651674665510654,0.09188806265592575,41161
602,-0.28621894121170044,0.28621894121170044,1.0,9.514511108398438,10.765701293945312,-0.325912743806839,1.0,0.4749789024455934,0.003538667503719285,0.0,1.0,1.0,-0.5441094040870667,-0.5491341948509216,0.09452635794878006,41225
603,-0.28044506907463074,0.28044506907463074,1.0,9.261007308959961,10.814889907836914,-0.3283178508281708,1.0,0.4742469985255562,0.003528484332751474,0.0,1.0,1.0,-0.45336923003196716,-0.45826247334480286,0.08835761249065399,41289
604,-0.27658385038375854,0.27658385038375854,1.0,9.155704498291016,10.796030044555664,-0.33626365661621094,1.0,0.4735162224100286,0.0035183304657436564,0.0,1.0,1.0,-0.5025787353515625,-0.5085368752479553,0.08383578807115555,41353
605,-0.2811495065689087,0.2811495065689087,1.0,9.27755355834961,10.820479393005371,-0.3130494952201843,1.0,0.4727865723611556,0.003508205818368262,0.0,1.0,1.0,-0.663023829460144,-0.6682789325714111,0.08412210643291473,41417
606,-0.2813253700733185,0.2813253700733185,1.0,9.291973114013672,10.813583374023438,-0.3181825876235962,0.9986979365348816,0.4720580466437597,0.003498110306540387,0.0,1.0,1.0,-1.0921120643615723,-1.0964444875717163,0.08827022463083267,41481
607,-0.27393639087677,0.27393639087677,1.0,8.988129615783691,10.859955787658691,-0.29762300848960876,1.0,0.4713306435253375,0.0034880438464170993,0.0,1.0,1.0,-0.7757315039634705,-0.7808714509010315,0.09447330981492996,41545
608,-0.2921797037124634,0.2921797037124634,1.0,9.519521713256836,10.92177963256836,-0.3434337079524994,0.9986979365348816,0.4706043612760552,0.0034780063543967403,0.0,1.0,1.0,-0.3655460476875305,-0.370164692401886,0.08967278897762299,41609
609,-0.27892547845840454,0.27892547845840454,1.0,9.217123985290527,10.809435844421387,-0.31213489174842834,0.9947916865348816,0.46987919816874435,0.003467997747118229,0.0,1.0,1.0,-1.0036430358886719,-1.0075303316116333,0.08224854618310928,41673
610,-0.27508383989334106,0.27508383989334106,1.0,9.109909057617188,10.792640686035156,-0.3431129455566406,1.0,0.46915515247889816,0.0034580179414603735,0.0,1.0,1.0,-0.6713980436325073,-0.6763796210289001,0.08932244032621384,41737
611,-0.29276448488235474,0.29276448488235474,1.0,9.630083084106445,10.848390579223633,-0.33280637860298157,1.0,0.46843222248466687,0.0034480668545411757,0.0,1.0,1.0,-0.9986223578453064,-1.0028518438339233,0.09478722512722015,41801
612,-0.309362530708313,0.309362530708313,1.0,9.717851638793945,11.223512649536133,-0.41067424416542053,0.9544270634651184,0.46771040646685436,0.0034381444037171493,0.0,1.0,1.0,-0.74678635597229,-0.7518407106399536,0.08955886214971542,41865
613,-0.27390027046203613,0.27390027046203613,1.0,9.04917049407959,10.809793472290039,-0.311789870262146,1.0,0.4669897027089132,0.003428250506582627,0.0,1.0,1.0,-0.582660436630249,-0.587302565574646,0.08904081583023071,41929
614,-0.2675645649433136,0.2675645649433136,1.0,8.794240951538086,10.845043182373047,-0.3005509376525879,1.0,0.4662701094969414,0.0034183850809690803,0.0,1.0,1.0,-0.6727632880210876,-0.6763990521430969,0.08967237174510956,41993
615,-0.28785932064056396,0.28785932064056396,1.0,9.41965103149414,10.886205673217773,-0.32398030161857605,1.0,0.46555162511967785,0.0034085480449444366,0.0,1.0,1.0,-1.171860694885254,-1.1765364408493042,0.09800654649734497,42057
616,-0.2764999568462372,0.2764999568462372,1.0,9.10205364227295,10.837011337280273,-0.2979578971862793,1.0,0.4648342478684981,0.0033987393168123958,0.0,1.0,1.0,-0.8861624598503113,-0.889460027217865,0.08911106735467911,42121
617,-0.2805655002593994,0.2805655002593994,1.0,9.291399002075195,10.793632507324219,-0.3473820388317108,0.9986979365348816,0.46411797603741095,0.0033889588151117577,0.0,1.0,1.0,-0.5235230326652527,-0.5282886028289795,0.08833591639995575,42185
618,-0.2783593535423279,0.2783593535423279,1.0,9.210029602050781,10.799945831298828,-0.3524816334247589,1.0,0.46340280792305366,0.0033792064586157366,0.0,1.0,1.0,-1.020986795425415,-1.025325059890747,0.09628380089998245,42249
619,-0.28372934460639954,0.28372934460639954,1.0,9.392621994018555,10.797049522399902,-0.33213457465171814,1.0,0.46268874182468844,0.003369482166331297,0.0,1.0,1.0,-0.7515773773193359,-0.7558541297912598,0.09348491579294205,42313
620,-0.29773157835006714,0.29773157835006714,1.0,9.807718276977539,10.838666915893555,-0.36375555396080017,1.0,0.46197577604419804,0.0033597858574984725,0.0,1.0,1.0,-1.4147462844848633,-1.419468641281128,0.09202258288860321,42377
621,-0.29686999320983887,0.29686999320983887,1.0,9.825984954833984,10.800804138183594,-0.38029274344444275,0.9895833134651184,0.4612639088860821,0.0033501174515896993,0.0,1.0,1.0,-1.0227338075637817,-1.027761459350586,0.08886461704969406,42441
622,-0.2976114749908447,0.2976114749908447,1.0,9.803021430969238,10.839227676391602,-0.35306739807128906,1.0,0.46055313865745273,0.0033404768683091488,0.0,1.0,1.0,-0.23370973765850067,-0.23701776564121246,0.09473969787359238,42505
623,-0.2905140817165375,0.2905140817165375,1.0,9.50603199005127,10.887907028198242,-0.35370802879333496,1.0,0.4598434636680305,0.003330864027592054,0.0,1.0,1.0,-0.9064525961875916,-0.9109829664230347,0.10461588203907013,42569
624,-0.2829075753688812,0.2829075753688812,1.0,9.361990928649902,10.799659729003906,-0.33357563614845276,1.0,0.459134882230141,0.003321278849604054,0.0,1.0,1.0,-0.7783809900283813,-0.7828596234321594,0.08726636320352554,42633
625,-0.270325243473053,0.270325243473053,1.0,8.928791046142578,10.810770988464355,-0.31392374634742737,1.0,0.4584273926587099,0.003311721254740522,0.0,1.0,1.0,-1.189180612564087,-1.1934232711791992,0.09291235357522964,42697
626,-0.2569127082824707,0.2569127082824707,1.0,8.429656982421875,10.852715492248535,-0.3048218786716461,1.0,0.4577209932712597,0.003302191163625912,0.0,1.0,1.0,-0.781096339225769,-0.7853240370750427,0.09366659075021744,42761
627,-0.3032183349132538,0.3032183349132538,1.0,9.91993236541748,10.895624160766602,-0.347799688577652,0.9947916865348816,0.4570156823879054,0.003292688497113092,0.0,1.0,1.0,-0.9275839328765869,-0.9313425421714783,0.09196154773235321,42825
628,-0.2808625102043152,0.2808625102043152,1.0,9.240830421447754,10.842363357543945,-0.31289419531822205,0.9986979365348816,0.45631145833135056,0.003283213176282692,0.0,1.0,1.0,-0.7023832201957703,-0.7067974805831909,0.09214402735233307,42889
629,-0.3101024627685547,0.3101024627685547,1.0,10.164713859558105,10.883285522460938,-0.34664931893348694,1.0,0.4556083194268835,0.00327376512244245,0.0,1.0,1.0,-1.0903981924057007,-1.0935540199279785,0.0939934030175209,42953
630,-0.2939637303352356,0.2939637303352356,1.0,9.709014892578125,10.816996574401855,-0.37549734115600586,1.0,0.4549062640023727,0.0032643442571265503,0.0,1.0,1.0,0.46837589144706726,0.46479547023773193,0.09146574884653091,43017
631,-0.27948057651519775,0.27948057651519775,1.0,9.255008697509766,10.793817520141602,-0.3233741819858551,1.0,0.4542052903882638,0.0032549505020949814,0.0,1.0,1.0,-0.6175138354301453,-0.6215416193008423,0.0898718312382698,43081
632,-0.2880714237689972,0.2880714237689972,1.0,9.434789657592773,10.879704475402832,-0.3442387878894806,1.0,0.4535053969175745,0.0032455837793328797,0.0,1.0,1.0,-0.07869464159011841,-0.08312610536813736,0.08614230155944824,43145
633,-0.2936248183250427,0.2936248183250427,1.0,9.36698055267334,11.083520889282227,-0.3677942454814911,1.0,0.4528065819258918,0.003236244011049886,0.0,1.0,1.0,-0.31457099318504333,-0.31888046860694885,0.08819407969713211,43209
634,-0.28302761912345886,0.28302761912345886,1.0,9.359140396118164,10.805181503295898,-0.3388378620147705,0.9986979365348816,0.45210884375136695,0.0032269311196794926,0.0,1.0,1.0,-0.9922465085983276,-0.9970815777778625,0.0969926044344902,43273
635,-0.2810367941856384,0.2810367941856384,1.0,9.271503448486328,10.82232666015625,-0.3164078891277313,1.0,0.4514121807347122,0.003217645027878409,0.0,1.0,1.0,-2.039015293121338,-2.042559862136841,0.10322346538305283,43337
636,-0.28262871503829956,0.28262871503829956,1.0,9.30286979675293,10.839811325073242,-0.30549898743629456,1.0,0.4507165912191966,0.003208385658525913,0.0,1.0,1.0,-1.9576361179351807,-1.9610927104949951,0.10144183784723282,43401
637,-0.3227236866950989,0.3227236866950989,1.0,10.45401668548584,10.989177703857422,-0.4993550479412079,0.9856770634651184,0.45002207355064194,0.003199152934723209,0.0,1.0,1.0,0.40374475717544556,0.4002191126346588,0.0889790803194046,43465
638,-0.28197333216667175,0.28197333216667175,1.0,9.370655059814453,10.767582893371582,-0.3185522258281708,1.0,0.44932862607741936,0.0031899467797927954,0.0,1.0,1.0,-1.2020576000213623,-1.2061434984207153,0.08578946441411972,43529
639,-0.28710681200027466,0.28710681200027466,1.0,9.50958251953125,10.7935209274292,-0.32067158818244934,1.0,0.4486362471504444,0.0031807671172778213,0.0,1.0,1.0,-1.0160924196243286,-1.019981861114502,0.09144488722085953,43593
640,-0.2786981761455536,0.2786981761455536,1.0,9.09855842590332,10.89887523651123,-0.357675701379776,0.9973958134651184,0.4479449351231744,0.0031716138709414568,0.0,1.0,1.0,-0.39057132601737976,-0.3956027328968048,0.0909234806895256,43657
641,-0.2865528166294098,0.2865528166294098,1.0,9.399446487426758,10.867393493652344,-0.3434647023677826,1.0,0.44725468835160326,0.003162486964766255,0.0,1.0,1.0,-1.4679439067840576,-1.4722026586532593,0.08896036446094513,43721
642,-0.29318857192993164,0.29318857192993164,1.0,9.46670913696289,10.991437911987305,-0.36880597472190857,0.98828125,0.4465655051942586,0.003153386322953527,0.0,1.0,1.0,0.9548494219779968,0.9511328935623169,0.09210444986820221,43785
643,-0.2734190821647644,0.2734190821647644,1.0,8.956814765930176,10.871294975280762,-0.31132638454437256,1.0,0.4458773840121973,0.003144311869922707,0.0,1.0,1.0,-0.36908289790153503,-0.3725805878639221,0.10146281123161316,43849
644,-0.25524529814720154,0.25524529814720154,1.0,8.424721717834473,10.81190299987793,-0.3155267536640167,1.0,0.44519032316900153,0.003135263530310723,0.0,1.0,1.0,-0.8780860900878906,-0.8819892406463623,0.10013773292303085,43913
645,-0.27835339307785034,0.27835339307785034,1.0,8.978063583374023,10.986715316772461,-0.35287728905677795,0.9856770634651184,0.4445043210307753,0.0031262412289713797,0.0,1.0,1.0,-0.6790940165519714,-0.6826351881027222,0.09341631829738617,43977
646,-0.28318774700164795,0.28318774700164795,1.0,9.148391723632812,10.979312896728516,-0.32277214527130127,1.0,0.44381937596614024,0.0031172448909747253,0.0,1.0,1.0,-0.7145594358444214,-0.718402087688446,0.0965820774435997,44041
647,-0.2726392149925232,0.2726392149925232,1.0,8.942065238952637,10.862232208251953,-0.3324507772922516,0.9934895634651184,0.4431354863462318,0.0031082744416064344,0.0,1.0,1.0,-0.12818790972232819,-0.13355772197246552,0.0970129743218422,44105
648,-0.28740423917770386,0.28740423917770386,1.0,9.362071990966797,10.920382499694824,-0.365918904542923,0.9830729365348816,0.44245265054469524,0.0030993298063671845,0.0,1.0,1.0,-0.7318514585494995,-0.7363089323043823,0.09348209947347641,44169
649,-0.2721641957759857,0.2721641957759857,1.0,8.930030822753906,10.859169006347656,-0.29329514503479004,1.0,0.441770866937682,0.003090410910972039,0.0,1.0,1.0,-0.6128372550010681,-0.6165680885314941,0.08726198226213455,44233
650,-0.2788071036338806,0.2788071036338806,1.0,9.229277610778809,10.79646110534668,-1.3557376861572266,0.98828125,0.441090133903846,0.0030815176813498327,0.0,1.0,1.0,-0.6268529295921326,-0.6303203701972961,0.08852960914373398,44297
651,-0.25919896364212036,0.25919896364212036,1.0,8.564714431762695,10.805292129516602,-0.3069329559803009,0.9986979365348816,0.440410449824339,0.0030726500436425493,0.0,1.0,1.0,-0.47565144300460815,-0.4798443615436554,0.08888351172208786,44361
652,-0.2691807150840759,0.2691807150840759,1.0,8.870340347290039,10.827129364013672,-0.3068138062953949,1.0,0.43973181308280773,0.0030638079242047167,0.0,1.0,1.0,-0.08261385560035706,-0.08597753942012787,0.08982382714748383,44425
653,-0.28125399351119995,0.28125399351119995,1.0,9.305459022521973,10.800796508789062,-0.3232088088989258,1.0,0.43905422206538935,0.0030549912496027876,0.0,1.0,1.0,-0.7307931780815125,-0.7353914380073547,0.08885926753282547,44489
654,-0.30242204666137695,0.30242204666137695,1.0,9.876511573791504,10.909224510192871,-0.3320527672767639,1.0,0.43837767516070797,0.003046199946614538,0.0,1.0,1.0,-1.1098073720932007,-1.1141607761383057,0.08743201941251755,44553
655,-0.2837282121181488,0.2837282121181488,1.0,9.236371994018555,10.922933578491211,-0.3765110969543457,1.0,0.4377021707598706,0.0030374339422284484,0.0,1.0,1.0,-0.47043880820274353,-0.4745754897594452,0.08510548621416092,44617
656,-0.2786036729812622,0.2786036729812622,1.0,9.181245803833008,10.829703330993652,-0.3152649402618408,1.0,0.4370277072564634,0.0030286931636431093,0.0,1.0,1.0,-1.6850013732910156,-1.689140796661377,0.09378346055746078,44681
657,-0.28812116384506226,0.28812116384506226,1.0,9.425796508789062,10.888286590576172,-0.41910526156425476,0.9934895634651184,0.4363542830465481,0.003019977538266607,0.0,1.0,1.0,-0.3104572892189026,-0.314750075340271,0.0853976160287857,44745
658,-0.27036482095718384,0.27036482095718384,1.0,8.910076141357422,10.826916694641113,-0.31606361269950867,1.0,0.43568189652865774,0.0030112869937159266,0.0,1.0,1.0,-1.3205642700195312,-1.3251551389694214,0.0968165323138237,44809
659,-0.3030472993850708,0.3030472993850708,1.0,9.870004653930664,10.931262969970703,-0.37891530990600586,0.9973958134651184,0.43501054610379314,0.0030026214578163474,0.0,1.0,1.0,-1.4364293813705444,-1.4397238492965698,0.0931045189499855,44873
660,-0.2723761200904846,0.2723761200904846,1.0,9.014850616455078,10.796510696411133,-0.3848174512386322,1.0,0.4343402301754192,0.002993980858600844,0.0,1.0,1.0,-0.016848882660269737,-0.020208941772580147,0.09359264373779297,44937
661,-0.2803643047809601,0.2803643047809601,1.0,9.289251327514648,10.789960861206055,-0.3205849528312683,1.0,0.43367094714946064,0.0029853651243094926,0.0,1.0,1.0,-1.5278724431991577,-1.5324853658676147,0.08746087551116943,45001
662,-0.27506041526794434,0.27506041526794434,1.0,9.145660400390625,10.763200759887695,-0.32486751675605774,0.9986979365348816,0.4330026954342988,0.0029767741833888685,0.0,1.0,1.0,-1.1730015277862549,-1.1757084131240845,0.09546075761318207,45065
663,-0.27057725191116333,0.27057725191116333,1.0,8.96813678741455,10.785835266113281,-0.3161153197288513,0.9986979365348816,0.43233547344076756,0.002968207964491457,0.0,1.0,1.0,-0.6403773427009583,-0.6436817049980164,0.09522178024053574,45129
664,-0.2589309811592102,0.2589309811592102,1.0,8.564451217651367,10.798306465148926,-0.29063770174980164,1.0,0.4316692795821495,0.002959666396475059,0.0,1.0,1.0,-0.9317915439605713,-0.9342085719108582,0.10167067497968674,45193
665,-0.27508625388145447,0.27508625388145447,1.0,9.156877517700195,10.75485610961914,-0.31933972239494324,1.0,0.43100411227417207,0.0029511494084021993,0.0,1.0,1.0,-0.5356287956237793,-0.5398955345153809,0.09408502280712128,45257
666,-0.284171462059021,0.284171462059021,1.0,9.336963653564453,10.853778839111328,-0.3518203794956207,1.0,0.4303399699350042,0.002942656929539541,0.0,1.0,1.0,-1.0229671001434326,-1.027001142501831,0.08851956576108932,45321
667,-0.30770403146743774,0.30770403146743774,1.0,10.114791870117188,10.859088897705078,-0.3524886667728424,1.0,0.42967685098525205,0.002934188889357291,0.0,1.0,1.0,-2.102226734161377,-2.1057612895965576,0.09239917993545532,45385
668,-0.31773555278778076,0.31773555278778076,1.0,10.37503433227539,10.91883659362793,-0.37585029006004333,0.9986979365348816,0.4290147538479558,0.002925745217528623,0.0,1.0,1.0,-1.3980234861373901,-1.4016878604888916,0.08683855086565018,45449
669,-0.28782325983047485,0.28782325983047485,1.0,9.455625534057617,10.85624885559082,-0.34290412068367004,1.0,0.4283536769485854,0.0029173258439290873,0.0,1.0,1.0,0.33054545521736145,0.3274783194065094,0.09262459725141525,45513
670,-0.2902871370315552,0.2902871370315552,1.0,9.421812057495117,10.94968032836914,-0.34430524706840515,1.0,0.4276936187150369,0.0029089306986360298,0.0,1.0,1.0,0.19624635577201843,0.19256410002708435,0.10084477066993713,45577
671,-0.2984468936920166,0.2984468936920166,1.0,9.889949798583984,10.791616439819336,-0.33837708830833435,1.0,0.4270345775776292,0.002900559711928013,0.0,1.0,1.0,-1.2051894664764404,-1.2086621522903442,0.08881896734237671,45641
672,-0.3127889931201935,0.3127889931201935,1.0,10.112131118774414,10.997823715209961,-0.39371374249458313,0.9401041865348816,0.42637655196909957,0.0028922128142842346,0.0,1.0,1.0,-0.7707576751708984,-0.773883581161499,0.0876554474234581,45705
673,-0.2909369170665741,0.2909369170665741,1.0,9.602838516235352,10.82125473022461,-0.3398638963699341,1.0,0.4257195403246006,0.002883889936383953,0.0,1.0,1.0,-0.5798065662384033,-0.583573579788208,0.08991800993680954,45769
674,-0.29350218176841736,0.29350218176841736,1.0,9.667083740234375,10.83838939666748,-0.3439391553401947,0.9921875,0.42506354108169586,0.0028755910091059077,0.0,1.0,1.0,-1.0714170932769775,-1.0752805471420288,0.09524724632501602,45833
675,-0.2876153588294983,0.2876153588294983,1.0,9.474930763244629,10.835105895996094,-0.32639291882514954,1.0,0.4244085526803569,0.002867315963527749,0.0,1.0,1.0,-1.4151633977890015,-1.4184719324111938,0.0938909724354744,45897
676,-0.29125356674194336,0.29125356674194336,1.0,9.575721740722656,10.851612091064453,-0.3411964476108551,1.0,0.4237545735629589,0.0028590647309254635,0.0,1.0,1.0,0.11036070436239243,0.10686138272285461,0.09505631774663925,45961
677,-0.28037387132644653,0.28037387132644653,1.0,9.212387084960938,10.852157592773438,-0.33023545145988464,1.0,0.4231016021742771,0.0028508372427728033,0.0,1.0,1.0,-0.4154798686504364,-0.41917604207992554,0.09283635020256042,46025
678,-0.2893325686454773,0.2893325686454773,1.0,9.477005004882812,10.879561424255371,-0.3198501765727997,1.0,0.42244963696148363,0.0028426334307407194,0.0,1.0,1.0,-1.3167579174041748,-1.3196443319320679,0.09018785506486893,46089
679,-0.29374516010284424,0.29374516010284424,1.0,9.541147232055664,10.946401596069336,-0.3250412046909332,1.0,0.421798676374143,0.0028344532266967887,0.0,1.0,1.0,-1.2146799564361572,-1.2177072763442993,0.0950305163860321,46153
680,-0.3065824806690216,0.3065824806690216,1.0,10.147897720336914,10.802284240722656,-0.3344665467739105,1.0,0.42114871886420896,0.0028262965627046566,0.0,1.0,1.0,-1.8157322406768799,-1.8192180395126343,0.10239195078611374,46217
681,-0.2794525623321533,0.2794525623321533,1.0,9.22323226928711,10.818672180175781,-0.6986507773399353,0.8815104365348816,0.4204997628860207,0.0028181633710234627,0.0,1.0,1.0,0.7076272964477539,0.7053318619728088,0.09606803208589554,46281
682,-0.29930877685546875,0.29930877685546875,1.0,9.848594665527344,10.84809398651123,-0.3360578119754791,1.0,0.41985180689629914,0.0028100535841072876,0.0,1.0,1.0,-0.23091280460357666,-0.23429499566555023,0.09700439125299454,46345
683,-0.28130656480789185,0.28130656480789185,1.0,9.200013160705566,10.88718318939209,-0.35909128189086914,1.0,0.41920484935414337,0.0028019671346045873,0.0,1.0,1.0,-0.03417752683162689,-0.03761352226138115,0.09403093159198761,46409
684,-0.2705724239349365,0.2705724239349365,1.0,8.952178955078125,10.798564910888672,-0.29947882890701294,1.0,0.4185588887210265,0.002793903955357631,0.0,1.0,1.0,-1.354345679283142,-1.3572688102722168,0.09380810707807541,46473
685,-0.2722403407096863,0.2722403407096863,1.0,8.944305419921875,10.849712371826172,-0.34589719772338867,0.9908854365348816,0.41791392346079287,0.002785863979401951,0.0,1.0,1.0,0.204562708735466,0.20208261907100677,0.0936402976512909,46537
686,-0.2917517423629761,0.2917517423629761,1.0,9.593868255615234,10.850370407104492,-0.3413938581943512,1.0,0.4172699520396535,0.002777847139965779,0.0,1.0,1.0,-1.012638807296753,-1.0162643194198608,0.09244956821203232,46601
687,-0.26958099007606506,0.26958099007606506,1.0,8.888517379760742,10.823234558105469,-0.3444449007511139,1.0,0.4166269729261833,0.0027698533704694967,0.0,1.0,1.0,-0.34044766426086426,-0.34365954995155334,0.09164030104875565,46665
688,-0.2802038788795471,0.2802038788795471,1.0,9.129154205322266,10.914665222167969,-0.3756069242954254,1.0,0.41598498459131644,0.00276188260452508,0.0,1.0,1.0,0.009441336616873741,0.006130495574325323,0.09103785455226898,46729
689,-0.24985897541046143,0.24985897541046143,1.0,8.26625919342041,10.794915199279785,-0.2882498800754547,1.0,0.4153439855083438,0.0027539347759355493,0.0,1.0,1.0,-0.3951460123062134,-0.3989091217517853,0.08997750282287598,46793
690,-0.2673599421977997,0.2673599421977997,1.0,8.810510635375977,10.826434135437012,-0.3036057651042938,1.0,0.4147039741529084,0.0027460098186944193,0.0,1.0,1.0,-0.961829662322998,-0.9653298854827881,0.08431033045053482,46857
691,-0.31169945001602173,0.31169945001602173,1.0,10.197854995727539,10.899476051330566,-0.37189337611198425,1.0,0.4140649490030023,0.002738107666985149,0.0,1.0,1.0,-0.04673086106777191,-0.04997555911540985,0.08814258128404617,46921
692,-0.26321935653686523,0.26321935653686523,1.0,8.68616008758545,10.815420150756836,-0.290201872587204,1.0,0.4134269085389629,0.002730228255180599,0.0,1.0,1.0,-0.43894657492637634,-0.44145625829696655,0.09652024507522583,46985
693,-0.3068087697029114,0.3068087697029114,1.0,9.983254432678223,10.9410400390625,-0.38094139099121094,0.9947916865348816,0.4127898512434693,0.002722371517842482,0.0,1.0,1.0,0.07392138242721558,0.07105738669633865,0.09294131398200989,47049
694,-0.26044049859046936,0.26044049859046936,1.0,8.626136779785156,10.789144515991211,-0.30203691124916077,1.0,0.4121537756015385,0.0027145373897208224,0.0,1.0,1.0,-0.04078058525919914,-0.04340353235602379,0.08843597024679184,47113
695,-0.289181649684906,0.289181649684906,1.0,9.559927940368652,10.808685302734375,-0.32905471324920654,0.9986979365348816,0.4115186801005221,0.0027067258057534137,0.0,1.0,1.0,-1.0251848697662354,-1.0278306007385254,0.09028618037700653,47177
696,-0.3061870336532593,0.3061870336532593,1.0,10.081533432006836,10.84514045715332,-0.34054866433143616,1.0,0.41088456323010253,0.0026989367010652777,0.0,1.0,1.0,-1.632375955581665,-1.6357223987579346,0.08455953001976013,47241
697,-0.2981874942779541,0.2981874942779541,1.0,9.737884521484375,10.907190322875977,-0.34149715304374695,1.0,0.41025142348228966,0.002691170010968127,0.0,1.0,1.0,-0.6046947240829468,-0.6073074340820312,0.0849631205201149,47305
698,-0.2875179648399353,0.2875179648399353,1.0,9.39681339263916,10.895441055297852,-0.35724925994873047,1.0,0.40961925935141663,0.002683425670959824,0.0,1.0,1.0,-0.9222111701965332,-0.925417423248291,0.08401212096214294,47369
699,-0.30201834440231323,0.30201834440231323,1.0,9.91531753540039,10.867108345031738,-0.3319050967693329,1.0,0.40898806933413717,0.00267570361672385,0.0,1.0,1.0,0.08301699161529541,0.08043885231018066,0.0851404219865799,47433
700,-0.28695470094680786,0.28695470094680786,1.0,9.522415161132812,10.779094696044922,-0.32022807002067566,1.0,0.40835785192942115,0.0026680037841287697,0.0,1.0,1.0,-0.7976802587509155,-0.8009868264198303,0.08974489569664001,47497
701,-0.294927179813385,0.294927179813385,1.0,9.568115234375,10.956419944763184,-0.3582930564880371,1.0,0.4077286056385518,0.0026603261092276965,0.0,1.0,1.0,0.28339946269989014,0.27978867292404175,0.08984634280204773,47561
702,-0.29029548168182373,0.29029548168182373,1.0,9.67367935180664,10.74693775177002,-0.32586368918418884,1.0,0.4071003289651214,0.002652670528257762,0.0,1.0,1.0,-0.41203904151916504,-0.4145529568195343,0.09884264320135117,47625
703,-0.2829323410987854,0.2829323410987854,1.0,9.244997024536133,10.894604682922363,-0.362930029630661,1.0,0.40647302041502814,0.0026450369776395894,0.0,1.0,1.0,0.5276912450790405,0.5236684679985046,0.08583121001720428,47689
704,-0.26991090178489685,0.26991090178489685,1.0,8.96556568145752,10.770007133483887,-0.3491170108318329,0.9934895634651184,0.40584667849647277,0.0026374253939767628,0.0,1.0,1.0,-0.6592732667922974,-0.6626229286193848,0.08816599100828171,47753
705,-0.3120582103729248,0.3120582103729248,1.0,10.248739242553711,10.868109703063965,-0.3960755169391632,0.9895833134651184,0.4052213017199544,0.0026298357140552993,0.0,1.0,1.0,-0.3551361560821533,-0.3589136600494385,0.09453031420707703,47817
706,-0.2944086790084839,0.2944086790084839,1.0,9.690163612365723,10.844141006469727,-0.39610934257507324,0.984375,0.40459688859826765,0.002622267874843129,0.0,1.0,1.0,-0.20612406730651855,-0.20963552594184875,0.09616000205278397,47881
707,-0.29606741666793823,0.29606741666793823,1.0,9.638877868652344,10.930025100708008,-0.3627830445766449,0.9986979365348816,0.40397343764649857,0.002614721813489565,0.0,1.0,1.0,0.6630655527114868,0.6600726842880249,0.10958731174468994,47945
708,-0.28946471214294434,0.28946471214294434,1.0,9.58963680267334,10.79234790802002,-0.3471500873565674,1.0,0.40335094738202165,0.002607197467324789,0.0,1.0,1.0,-0.3536161780357361,-0.3576418161392212,0.09679651260375977,48009
709,-0.2747838497161865,0.2747838497161865,1.0,8.91415786743164,10.942329406738281,-0.3108837902545929,1.0,0.4027294163244955,0.0025996947738593226,0.0,1.0,1.0,-1.1474082469940186,-1.1503658294677734,0.1001569926738739,48073
710,-0.27818599343299866,0.27818599343299866,1.0,9.123649597167969,10.864897727966309,-0.3255300521850586,1.0,0.4021088429958602,0.0025922136707835146,0.0,1.0,1.0,-0.26500651240348816,-0.2679056227207184,0.09638597071170807,48137
711,-0.2658860683441162,0.2658860683441162,1.0,8.789348602294922,10.803897857666016,-0.33335402607917786,1.0,0.40148922592033337,0.002584754095967022,0.0,1.0,1.0,0.08184697479009628,0.0782257691025734,0.10125727951526642,48201
712,-0.26946133375167847,0.26946133375167847,1.0,8.971171379089355,10.753414154052734,-0.3276676833629608,1.0,0.4008705636244065,0.0025773159874582915,0.0,1.0,1.0,-0.25542086362838745,-0.2588326930999756,0.09226536005735397,48265
713,-0.3074665069580078,0.3074665069580078,1.0,10.151288986206055,10.823297500610352,-0.3543274700641632,0.9869791865348816,0.4002528546368419,0.0025698992834840484,0.0,1.0,1.0,-0.9207859039306641,-0.9242122173309326,0.08514632284641266,48329
714,-0.2966589331626892,0.2966589331626892,1.0,9.691302299499512,10.903667449951172,-0.34685614705085754,1.0,0.39963609748866874,0.00256250392244878,0.0,1.0,1.0,-0.18220429122447968,-0.1854364424943924,0.08532464504241943,48393
715,-0.2790945768356323,0.2790945768356323,1.0,9.265880584716797,10.774686813354492,-0.3312442898750305,1.0,0.39902029071317974,0.00255512984293423,0.0,1.0,1.0,-1.0690515041351318,-1.0723040103912354,0.0833670049905777,48457
716,-0.3010593354701996,0.3010593354701996,1.0,9.851241111755371,10.892984390258789,-0.341990202665329,1.0,0.39840543284592783,0.0025477769836988796,0.0,1.0,1.0,-0.7641146183013916,-0.7673620581626892,0.0847107470035553,48521
717,-0.27408674359321594,0.27408674359321594,1.0,9.057062149047852,10.808444023132324,-0.333136647939682,1.0,0.3977915224247224,0.002540445283677447,0.0,1.0,1.0,-0.34597012400627136,-0.34897613525390625,0.08438900113105774,48585
718,-0.25849735736846924,0.25849735736846924,1.0,8.47226333618164,10.86094856262207,-0.3972439765930176,0.9752604365348816,0.39717855798962615,0.0025331346819803774,0.0,1.0,1.0,-0.7655870914459229,-0.7683674097061157,0.09292654693126678,48649
719,-0.2897379398345947,0.2897379398345947,1.0,9.556657791137695,10.826261520385742,-0.32378408312797546,1.0,0.39656653808295117,0.002525845117893334,0.0,1.0,1.0,-1.6355311870574951,-1.6388750076293945,0.09684692323207855,48713
720,-0.29295971989631653,0.29295971989631653,1.0,9.648006439208984,10.839191436767578,-0.35225775837898254,1.0,0.39595546124925596,0.0025185765308767,0.0,1.0,1.0,-0.9810514450073242,-0.9831370115280151,0.09764580428600311,48777
721,-0.2736055850982666,0.2736055850982666,1.0,8.918872833251953,10.906878471374512,-0.32395780086517334,1.0,0.39534532603534156,0.0025113288605650703,0.0,1.0,1.0,-0.16206252574920654,-0.16412508487701416,0.0973319336771965,48841
722,-0.2688341736793518,0.2688341736793518,1.0,8.913582801818848,10.782974243164062,-0.33536532521247864,0.9947916865348816,0.39473613099024846,0.0025041020467667543,0.0,1.0,1.0,-1.0183924436569214,-1.0215983390808105,0.10158421844244003,48905
723,-0.2677178680896759,0.2677178680896759,1.0,8.911388397216797,10.754756927490234,-0.3061196506023407,1.0,0.3941278746652526,0.002496896029463272,0.0,1.0,1.0,-0.6329362392425537,-0.6353247761726379,0.10065477341413498,48969
724,-0.30508798360824585,0.30508798360824585,1.0,9.862850189208984,10.991844177246094,-0.4042012691497803,1.0,0.3935205556138628,0.0024897107488088587,0.0,1.0,1.0,0.324428528547287,0.3217148780822754,0.09629029780626297,49033
725,-0.27703216671943665,0.27703216671943665,1.0,9.191055297851562,10.779584884643555,-0.31836429238319397,0.9973958134651184,0.3929141723918165,0.0024825461451299683,0.0,1.0,1.0,-0.5083378553390503,-0.5116261839866638,0.09183917939662933,49097
726,-0.28704386949539185,0.28704386949539185,1.0,9.435075759887695,10.851872444152832,-0.31845274567604065,1.0,0.3923087235570765,0.002475402158924774,0.0,1.0,1.0,-0.19479942321777344,-0.19732019305229187,0.09262274950742722,49161
727,-0.2525431513786316,0.2525431513786316,1.0,8.354110717773438,10.796220779418945,-0.282323956489563,1.0,0.3917042076698281,0.0024682787308626785,0.0,1.0,1.0,-0.7111834287643433,-0.7138218879699707,0.08950351923704147,49225
728,-0.269334614276886,0.269334614276886,1.0,8.93402099609375,10.779947280883789,-0.29304495453834534,1.0,0.3911006232924747,0.002461175801783818,0.0,1.0,1.0,-1.6076202392578125,-1.6101405620574951,0.08903815597295761,49289
729,-0.27357158064842224,0.27357158064842224,1.0,9.05602741241455,10.795440673828125,-0.34345757961273193,1.0,0.3904979689896354,0.002454093312698573,0.0,1.0,1.0,-0.7468376159667969,-0.7502950429916382,0.08837391436100006,49353
730,-0.2769007682800293,0.2769007682800293,1.0,9.108280181884766,10.842758178710938,-0.311722993850708,1.0,0.3898962433281407,0.002447031204787076,0.0,1.0,1.0,-1.212522268295288,-1.2157691717147827,0.0904422178864479,49417
731,-0.2887363135814667,0.2887363135814667,1.0,9.57684326171875,10.783090591430664,-0.32302573323249817,1.0,0.3892954448770299,0.0024399894193987267,0.0,1.0,1.0,-1.329620599746704,-1.333042860031128,0.09380819648504257,49481
732,-0.265794038772583,0.265794038772583,1.0,8.777496337890625,10.810976028442383,-0.3191072642803192,1.0,0.3886955722075469,0.0024329678980517023,0.0,1.0,1.0,-0.2683410942554474,-0.271666944026947,0.09217454493045807,49545
733,-0.3102138042449951,0.3102138042449951,1.0,9.959821701049805,11.05138874053955,-0.3903592824935913,0.9986979365348816,0.38809662389313754,0.0024259665824324706,0.0,1.0,1.0,-1.3302881717681885,-1.3333755731582642,0.09410117566585541,49609
734,-0.269072949886322,0.269072949886322,1.0,8.857757568359375,10.834375381469727,-0.3064289093017578,1.0,0.3874985985094457,0.0024189854143953095,0.0,1.0,1.0,-1.0630910396575928,-1.0660178661346436,0.09091921150684357,49673
735,-0.3131040036678314,0.3131040036678314,1.0,10.321897506713867,10.837244987487793,-0.35516640543937683,1.0,0.38690149463430995,0.00241202433596182,0.0,1.0,1.0,-0.8855689764022827,-0.8883867859840393,0.09602099657058716,49737
736,-0.2675934433937073,0.2675934433937073,1.0,8.852529525756836,10.798847198486328,-0.3128698170185089,1.0,0.3863053108477605,0.0024050832893204492,0.0,1.0,1.0,-1.44003427028656,-1.442784309387207,0.09336037933826447,49801
737,-0.3223254680633545,0.3223254680633545,1.0,10.623666763305664,10.841768264770508,-0.6756911277770996,0.9817708134651184,0.38571004573201556,0.0023981622168260043,0.0,1.0,1.0,0.04616956412792206,0.043761905282735825,0.09755024313926697,49865
738,-0.30930179357528687,0.30930179357528687,1.0,10.180771827697754,10.848836898803711,-0.3444581925868988,1.0,0.3851156978714781,0.0023912610609991805,0.0,1.0,1.0,-0.1978994905948639,-0.20017234981060028,0.09235174208879471,49929
739,-0.2953304052352905,0.2953304052352905,1.0,9.686683654785156,10.8717041015625,-0.3344014585018158,1.0,0.38452226585273225,0.0023843797645260786,0.0,1.0,1.0,-0.4400513768196106,-0.4423863887786865,0.09011601656675339,49993
740,-0.32029372453689575,0.32029372453689575,1.0,10.560874938964844,10.837793350219727,-0.36485815048217773,1.0,0.3839297482645401,0.002377518270257731,0.0,1.0,1.0,-0.8662304282188416,-0.8682280778884888,0.08982202410697937,50057
741,-0.3364861011505127,0.3364861011505127,1.0,10.669631958007812,11.18510627746582,-0.3916530907154083,0.9986979365348816,0.38333814369783853,0.0023706765212096266,0.0,1.0,1.0,-0.6694780588150024,-0.6720890402793884,0.09505683928728104,50121
742,-0.3158531188964844,0.3158531188964844,1.0,10.406593322753906,10.842838287353516,-0.34401652216911316,1.0,0.3827474507457356,0.0023638544605612383,0.0,1.0,1.0,-1.6101500988006592,-1.6118144989013672,0.09606391936540604,50185
743,-0.29621341824531555,0.29621341824531555,1.0,9.770299911499023,10.828041076660156,-0.3540175259113312,1.0,0.3821576680035071,0.0023570520316555507,0.0,1.0,1.0,-0.08458748459815979,-0.08738549798727036,0.09111911058425903,50249
744,-0.2746540904045105,0.2746540904045105,1.0,9.088617324829102,10.798254013061523,-0.3211399018764496,1.0,0.3815687940685935,0.0023502691779985884,0.0,1.0,1.0,-0.16091017425060272,-0.16348600387573242,0.08882143348455429,50313
745,-0.27816903591156006,0.27816903591156006,1.0,9.222731590270996,10.784597396850586,-0.3477973937988281,1.0,0.3809808275405967,0.002343505843258949,0.0,1.0,1.0,-0.6107767820358276,-0.6133785843849182,0.08844015002250671,50377
746,-0.25991201400756836,0.25991201400756836,1.0,8.591483116149902,10.802875518798828,-0.2882622182369232,1.0,0.3803937670212763,0.0023367619712673345,0.0,1.0,1.0,-1.2886617183685303,-1.2910161018371582,0.08419148623943329,50441
747,-0.2747069001197815,0.2747069001197815,1.0,8.955087661743164,10.907278060913086,-0.3247316777706146,1.0,0.37980761111454636,0.0023300375060160824,0.0,1.0,1.0,-0.8359230756759644,-0.838809072971344,0.08814151585102081,50505
748,-0.29641276597976685,0.29641276597976685,1.0,9.71963882446289,10.874221801757812,-0.33588752150535583,1.0,0.37922235842647245,0.002323332391658705,0.0,1.0,1.0,-0.9681264758110046,-0.9709377884864807,0.08451677858829498,50569
749,-0.24494896829128265,0.24494896829128265,1.0,8.15000057220459,10.756711959838867,-0.2877993583679199,0.99609375,0.37863800756526783,0.002316646572509421,0.0,1.0,1.0,-0.2052091360092163,-0.20797891914844513,0.08875618875026703,50633
750,-0.3015597462654114,0.3015597462654114,1.0,9.913867950439453,10.855958938598633,-0.35541340708732605,1.0,0.3780545571412907,0.0023099799930426978,0.0,1.0,1.0,-0.6523720026016235,-0.6553987860679626,0.08423987776041031,50697
751,-0.29611313343048096,0.29611313343048096,1.0,9.796964645385742,10.803860664367676,-0.3552309572696686,0.9986979365348816,0.37747200576704026,0.0023033325978927847,0.0,1.0,1.0,-0.28074175119400024,-0.2836361825466156,0.08876223862171173,50761
752,-0.269422322511673,0.269422322511673,1.0,8.963427543640137,10.75860595703125,-0.29872265458106995,1.0,0.37689035205715393,0.002296704331853259,0.0,1.0,1.0,-1.1483874320983887,-1.1511664390563965,0.0887819305062294,50825
753,-0.2723970413208008,0.2723970413208008,1.0,9.018195152282715,10.794377326965332,-0.3012934625148773,1.0,0.37630959462840397,0.0022900951398765637,0.0,1.0,1.0,0.01287814974784851,0.01079860981553793,0.08751790970563889,50889
754,-0.31180915236473083,0.31180915236473083,1.0,10.200069427490234,10.900638580322266,-0.3404625654220581,1.0,0.3757297320996936,0.0022835049670735506,0.0,1.0,1.0,-0.9707397222518921,-0.9726657271385193,0.08936122804880142,50953
755,-0.2835952043533325,0.2835952043533325,1.0,9.359630584716797,10.82003402709961,-0.3135332763195038,1.0,0.37515076309205486,0.0022769337587130265,0.0,1.0,1.0,-0.7647818922996521,-0.7670152187347412,0.08740083873271942,51017
756,-0.3015844225883484,0.3015844225883484,1.0,9.90983772277832,10.859869003295898,-0.37747955322265625,0.9986979365348816,0.3745726862286441,0.0022703814602212957,0.0,1.0,1.0,0.23914901912212372,0.23720397055149078,0.08266694098711014,51081
757,-0.29013919830322266,0.29013919830322266,1.0,9.617046356201172,10.78837776184082,-0.3306303918361664,1.0,0.3739955001347397,0.0022638480171817106,0.0,1.0,1.0,-1.3335273265838623,-1.3365538120269775,0.09446373581886292,51145
758,-0.29391205310821533,0.29391205310821533,1.0,9.741695404052734,10.789273262023926,-0.3430088758468628,1.0,0.37341920343773793,0.002257333375334215,0.0,1.0,1.0,-0.02786080166697502,-0.029977712780237198,0.08310782164335251,51209
759,-0.2714468538761139,0.2714468538761139,1.0,8.973804473876953,10.80462646484375,-0.34613192081451416,0.9934895634651184,0.3728437947671506,0.002250837480574898,0.0,1.0,1.0,-0.46555787324905396,-0.4678741991519928,0.08298658579587936,51273
760,-0.33477672934532166,0.33477672934532166,1.0,11.055173873901367,10.828499794006348,-0.38660183548927307,1.0,0.37226927275460114,0.0022443602789555426,0.0,1.0,1.0,-0.8502665758132935,-0.8534888029098511,0.0833284854888916,51337
761,-0.25465619564056396,0.25465619564056396,1.0,8.447019577026367,10.77811050415039,-0.2862027585506439,1.0,0.3716956360338213,0.0022379017166831764,0.0,1.0,1.0,-1.0031177997589111,-1.0059114694595337,0.0872117206454277,51401
762,-0.2740318775177002,0.2740318775177002,1.0,9.061458587646484,10.803426742553711,-0.3042188584804535,1.0,0.3711228832406485,0.0022314617401196285,0.0,1.0,1.0,-0.9452275633811951,-0.9475877285003662,0.08148466795682907,51465
763,-0.249825119972229,0.249825119972229,1.0,8.309024810791016,10.759542465209961,-0.29201266169548035,1.0,0.370551013013022,0.002225040295781078,0.0,1.0,1.0,-0.7705696821212769,-0.7735922932624817,0.08626954257488251,51529
764,-0.28967297077178955,0.28967297077178955,1.0,9.553683280944824,10.826913833618164,-0.3258484899997711,1.0,0.36998002399098,0.002218637330337619,0.0,1.0,1.0,-0.5095392465591431,-0.5121707916259766,0.07996433973312378,51593
765,-0.28934913873672485,0.28934913873672485,1.0,9.425956726074219,10.921143531799316,-0.31020209193229675,1.0,0.3694099148166563,0.002212252790612807,0.0,1.0,1.0,-0.2560170292854309,-0.25775542855262756,0.08459614962339401,51657
766,-0.25876227021217346,0.25876227021217346,1.0,8.440470695495605,10.893684387207031,-0.29081371426582336,1.0,0.3688406841342769,0.0022058866235832256,0.0,1.0,1.0,0.3748629093170166,0.37252119183540344,0.0810789242386818,51721
767,-0.2727071940898895,0.2727071940898895,1.0,9.033095359802246,10.790700912475586,-0.29176637530326843,1.0,0.3682723305901571,0.002199538776378043,0.0,1.0,1.0,-0.8755186796188354,-0.8779438138008118,0.08500827848911285,51785
768,-0.26842138171195984,0.26842138171195984,1.0,8.649413108825684,10.984766960144043,-0.28520092368125916,1.0,0.3677048528326981,0.0021932091962785717,0.0,1.0,1.0,-0.7974101901054382,-0.7992798686027527,0.08103472739458084,51849
769,-0.27872374653816223,0.27872374653816223,1.0,9.18025016784668,10.833730697631836,-0.32341447472572327,1.0,0.3671382495123837,0.0021868978307178328,0.0,1.0,1.0,-0.642162024974823,-0.6447740197181702,0.07907737791538239,51913
770,-0.28668415546417236,0.28668415546417236,1.0,9.341543197631836,10.917583465576172,-0.3210914731025696,1.0,0.36657251928177736,0.0021806046272801177,0.0,1.0,1.0,-0.30721956491470337,-0.3096982538700104,0.0877900943160057,51977
771,-0.28701451420783997,0.28701451420783997,1.0,9.380889892578125,10.894750595092773,-0.33326342701911926,1.0,0.36600766079551866,0.002174329533700556,0.0,1.0,1.0,-0.7315568923950195,-0.7337836623191833,0.08444660902023315,52041
772,-0.28761541843414307,0.28761541843414307,1.0,9.41066837310791,10.886893272399902,-0.3297114074230194,1.0,0.36544367271032036,0.002168072497864676,0.0,1.0,1.0,-1.0666587352752686,-1.069601058959961,0.08528698980808258,52105
773,-0.29509299993515015,0.29509299993515015,1.0,9.7315673828125,10.829157829284668,-0.3264026343822479,0.9973958134651184,0.36488055368496514,0.002161833467807978,0.0,1.0,1.0,-1.3126918077468872,-1.3144632577896118,0.08658517152070999,52169
774,-0.28246307373046875,0.28246307373046875,1.0,9.309576034545898,10.82995891571045,-0.31178024411201477,1.0,0.3643183023803023,0.002155612391715498,0.0,1.0,1.0,-0.43089669942855835,-0.4329923987388611,0.0826614499092102,52233
775,-0.26732581853866577,0.26732581853866577,1.0,8.736969947814941,10.884780883789062,-0.3575007915496826,0.97265625,0.36375691745924466,0.002149409217921379,0.0,1.0,1.0,-0.5078675746917725,-0.510079026222229,0.08324234932661057,52297
776,-0.3146498203277588,0.3146498203277588,1.0,10.325668334960938,10.875730514526367,-0.3830794394016266,0.9947916865348816,0.3631963975867656,0.002143223894908444,0.0,1.0,1.0,-0.4328794479370117,-0.4351159930229187,0.07933978736400604,52361
777,-0.28471022844314575,0.28471022844314575,1.0,9.340394020080566,10.865486145019531,-0.33037862181663513,1.0,0.3626367414298953,0.0021370563713077628,0.0,1.0,1.0,-0.1064053326845169,-0.10878390818834305,0.08460240066051483,52425
778,-0.27693918347358704,0.27693918347358704,1.0,9.134371757507324,10.822765350341797,-0.3829440176486969,0.9921875,0.36207794765771845,0.0021309065958982324,0.0,1.0,1.0,-0.25483542680740356,-0.2572909891605377,0.08756591379642487,52489
779,-0.28241485357284546,0.28241485357284546,1.0,9.40109634399414,10.754910469055176,-0.3303370773792267,0.9986979365348816,0.36152001494136987,0.0021247745176061457,0.0,1.0,1.0,0.2832479476928711,0.28049471974372864,0.08657710999250412,52553
780,-0.24186649918556213,0.24186649918556213,1.0,8.024942398071289,10.774688720703125,-0.26653340458869934,1.0,0.36096294195403267,0.002118660085504771,0.0,1.0,1.0,-1.3342293500900269,-1.3365916013717651,0.0824335440993309,52617
781,-0.28790101408958435,0.28790101408958435,1.0,9.486990928649902,10.833061218261719,-0.31952914595603943,1.0,0.3604067273709343,0.002112563248813928,0.0,1.0,1.0,-1.3134130239486694,-1.3150105476379395,0.0887792557477951,52681
782,-0.2729935944080353,0.2729935944080353,1.0,9.038846969604492,10.793758392333984,-0.32922688126564026,1.0,0.3598513698693434,0.0021064839568995623,0.0,1.0,1.0,0.47695788741111755,0.4747573137283325,0.09626184403896332,52745
783,-0.29601913690567017,0.29601913690567017,1.0,9.76950454711914,10.82346248626709,-0.3494521677494049,1.0,0.35929686812856704,0.0021004221592733335,0.0,1.0,1.0,-0.5627071261405945,-0.5647258758544922,0.09655852615833282,52809
784,-0.30303865671157837,0.30303865671157837,1.0,10.082695007324219,10.759634017944336,-0.34425249695777893,1.0,0.3587432208299473,0.002094377805592187,0.0,1.0,1.0,-0.2487790435552597,-0.25105801224708557,0.08597904443740845,52873
785,-0.2972605228424072,0.2972605228424072,1.0,9.79187297821045,10.838783264160156,-0.3587399423122406,1.0,0.35819042665685813,0.002088350845657941,0.0,1.0,1.0,-0.20255336165428162,-0.20514516532421112,0.08616754412651062,52937
786,-0.27363160252571106,0.27363160252571106,1.0,9.104951858520508,10.757627487182617,-0.3311278522014618,1.0,0.3576384842947024,0.002082341229416868,0.0,1.0,1.0,-0.45430582761764526,-0.45718804001808167,0.08318283408880234,53001
787,-0.2669839859008789,0.2669839859008789,1.0,8.789039611816406,10.833639144897461,-0.3082961440086365,1.0,0.3570873924309087,0.00207634890695928,0.0,1.0,1.0,-0.17837247252464294,-0.18005727231502533,0.08901892602443695,53065
788,-0.2926792800426483,0.2926792800426483,1.0,9.414918899536133,11.019491195678711,-0.33524811267852783,1.0,0.356537149754928,0.0020703738285191126,0.0,1.0,1.0,-0.8609030246734619,-0.8631772398948669,0.09497275948524475,53129
789,-0.29369619488716125,0.29369619488716125,1.0,9.634379386901855,10.869956016540527,-0.3419174253940582,0.9947916865348816,0.3559877549582309,0.0020644159444735124,0.0,1.0,1.0,-0.21457478404045105,-0.21706856787204742,0.0910988301038742,53193
790,-0.26984232664108276,0.26984232664108276,1.0,8.955355644226074,10.776392936706543,-0.30250489711761475,1.0,0.35543920673430424,0.0020584752053424264,0.0,1.0,1.0,0.14703725278377533,0.14479553699493408,0.09149669855833054,53257
791,-0.29315805435180664,0.29315805435180664,1.0,9.572063446044922,10.905716896057129,-0.3596528470516205,1.0,0.3548915037786481,0.002052551561788187,0.0,1.0,1.0,0.5364629030227661,0.533907413482666,0.08775728940963745,53321
792,-0.3138723075389862,0.3138723075389862,1.0,10.419261932373047,10.779422760009766,-0.3604264557361603,1.0,0.3543446447887728,0.0020466449646151076,0.0,1.0,1.0,-0.43993526697158813,-0.4415126144886017,0.08976632356643677,53385
793,-0.26167479157447815,0.26167479157447815,1.0,8.62833023071289,10.820531845092773,-0.31650757789611816,1.0,0.3537986284641955,0.002040755364769069,0.0,1.0,1.0,-0.78115314245224,-0.7829169631004333,0.09371297806501389,53449
794,-0.2998436689376831,0.2998436689376831,1.0,9.82162094116211,10.884200096130371,-0.3447408974170685,1.0,0.3532534535064375,0.002034882713337116,0.0,1.0,1.0,-0.8406621813774109,-0.8431170582771301,0.08611246198415756,53513
795,-0.272189736366272,0.272189736366272,1.0,9.023653030395508,10.784411430358887,-0.315094918012619,1.0,0.35270911861902077,0.0020290269615470496,0.0,1.0,1.0,0.13780009746551514,0.1357254832983017,0.08319280296564102,53577
796,-0.26735490560531616,0.26735490560531616,1.0,8.85848617553711,10.787639617919922,-0.3204549252986908,1.0,0.3521656225074652,0.00202318806076702,0.0,1.0,1.0,-0.6819844245910645,-0.6839739680290222,0.09186866879463196,53641
797,-0.273246169090271,0.273246169090271,1.0,8.820728302001953,10.976314544677734,-0.332184761762619,1.0,0.3516229638792852,0.002017365962505126,0.0,1.0,1.0,1.0393855571746826,1.0374650955200195,0.09394679218530655,53705
798,-0.27227964997291565,0.27227964997291565,1.0,9.024539947509766,10.786111831665039,-0.2984844446182251,1.0,0.351081141443987,0.00201156061840901,0.0,1.0,1.0,-1.2696866989135742,-1.2715662717819214,0.08791086077690125,53769
799,-0.28656071424484253,0.28656071424484253,1.0,9.382646560668945,10.881145477294922,-0.35877180099487305,0.9973958134651184,0.35054015391306526,0.002005771980265459,0.0,1.0,1.0,-0.23625116050243378,-0.238826721906662,0.08769725263118744,53833
800,-0.285295307636261,0.285295307636261,1.0,9.35897445678711,10.866230010986328,-0.31067848205566406,1.0,0.35000000000000003,0.002,0.0,1.0,1.0,-0.6332042217254639,-0.6349886655807495,0.089101642370224,53897
