episode,reward,cost,feasible,latency_s,ppl_hat,candidate_reward,candidate_feasible,temperature,entropy_coef,hard_batch_fraction,state_weight_mean,state_weight_max,policy_loss,loss,replay_loss,buffer
1,-0.29015037417411804,0.29015037417411804,1.0,2.6066641807556152,33.24110412597656,-0.37203770875930786,0.99951171875,1.2,0.02,0.5,1.4651761054992676,3.9482614994049072,-1.8514535427093506,-1.895357370376587,0.4604584276676178,1312
2,-0.27719977498054504,0.27719977498054504,1.0,2.5933752059936523,32.260581970214844,-0.40097516775131226,0.9984130859375,1.1981508974408706,0.01994244629676505,0.5,1.3125698566436768,2.420929193496704,-2.3173789978027344,-2.3681695461273193,0.28965193033218384,1952
3,-0.3131648898124695,0.3131648898124695,1.0,2.8088417053222656,33.507568359375,-0.47942885756492615,0.998291015625,1.1963046441986362,0.0198850582149679,0.5,1.3435219526290894,2.819687843322754,-4.447155952453613,-4.527238368988037,0.22790664434432983,2592
4,-0.28057998418807983,0.28057998418807983,1.0,2.520264148712158,33.239784240722656,-0.4011043310165405,0.9998779296875,1.1944612358827313,0.019827835278002203,0.5,1.3083796501159668,3.9482614994049072,-4.0009379386901855,-4.081170558929443,0.1944381147623062,3232
5,-0.2444484531879425,0.2444484531879425,1.0,2.308596611022949,31.90170669555664,-0.3343961238861084,0.9991455078125,1.192620668109355,0.01977077701063312,0.5,1.3401603698730469,2.48532772064209,-2.983581304550171,-3.0503337383270264,0.19275444746017456,3872
6,-0.2895422577857971,0.2895422577857971,1.0,2.6629719734191895,32.72488021850586,-0.36790838837623596,1.0,1.1907829365014617,0.019713882938993402,0.5,1.3839868307113647,2.819687843322754,-2.717008590698242,-2.770789384841919,0.20700575411319733,4512
7,-0.30537542700767517,0.30537542700767517,1.0,2.6935009956359863,33.88360595703125,-0.4290984869003296,0.994384765625,1.1889480366887515,0.019657152590579433,0.5,1.3604477643966675,3.6836624145507812,-2.183199882507324,-2.2316038608551025,0.1928534358739853,5152
8,-0.2781960964202881,0.2781960964202881,1.0,2.5102856159210205,33.059120178222656,-0.35127878189086914,0.999755859375,1.1871159643076572,0.019600585494247317,0.5,1.303945779800415,2.4810237884521484,-2.5644636154174805,-2.611055374145508,0.17361502349376678,5792
9,-0.2811511754989624,0.2811511754989624,1.0,2.5441486835479736,33.015472412109375,-0.3694075345993042,0.999755859375,1.1852867150013366,0.019544181180208956,0.5,1.3578486442565918,2.77083420753479,-2.440091848373413,-2.490750551223755,0.17103543877601624,6432
10,-0.29008063673973083,0.29008063673973083,1.0,2.53821063041687,33.93140411376953,-0.3688622713088989,1.0,1.183460284419661,0.019487939180028162,0.5,1.2809512615203857,2.4810237884521484,-2.9977316856384277,-3.0476796627044678,0.15213271975517273,7072
11,-0.29623737931251526,0.29623737931251526,1.0,2.650482654571533,33.41462707519531,-0.36832907795906067,0.9996337890625,1.1816366682192039,0.019431859026616757,0.5,1.3097063302993774,2.77083420753479,-2.3257012367248535,-2.3716578483581543,0.1434006541967392,7712
12,-0.27247554063796997,0.27247554063796997,1.0,2.5213475227355957,32.46891784667969,-0.4024258553981781,0.994384765625,1.1798158620632326,0.01937594025423069,0.5,1.3755240440368652,2.819687843322754,-2.6525330543518066,-2.703648090362549,0.15102611482143402,8352
13,-0.2735188603401184,0.2735188603401184,1.0,2.48625111579895,32.91918182373047,-0.37804490327835083,0.99462890625,1.177997861621697,0.019320182398466185,0.5,1.3556537628173828,3.9482614994049072,-2.546334743499756,-2.5957207679748535,0.13926389813423157,8992
14,-0.2710585594177246,0.2710585594177246,1.0,2.442996025085449,33.10694885253906,-0.35196903347969055,0.9993896484375,1.176182662571219,0.019264584996255864,0.5,1.3656749725341797,3.6836624145507812,-2.0572736263275146,-2.1027820110321045,0.15220007300376892,9632
15,-0.28043392300605774,0.28043392300605774,1.0,2.570765495300293,32.78679656982422,-0.34067800641059875,1.0,1.1743702605950823,0.01920914758586491,0.5,1.3290302753448486,2.4810237884521484,-2.1858327388763428,-2.225015640258789,0.14654982089996338,10272
16,-0.26327723264694214,0.26327723264694214,1.0,2.4105801582336426,32.653587341308594,-0.3297520875930786,0.999267578125,1.1725606513832225,0.01915386970688725,0.5,1.3911809921264648,3.9482614994049072,-1.8541076183319092,-1.893852710723877,0.15375517308712006,10912
17,-0.2680761516094208,0.2680761516094208,1.0,2.4857661724090576,32.42020034790039,-0.3300730288028717,0.9998779296875,1.1707538306322165,0.019098750900241695,0.5,1.484475016593933,3.9482614994049072,-1.9281257390975952,-1.9685957431793213,0.14682221412658691,11552
18,-0.2811722159385681,0.2811722159385681,1.0,2.4830832481384277,33.56287384033203,-0.34635984897613525,0.999755859375,1.1689497940452727,0.019043790708168157,0.5,1.292399287223816,2.2584588527679443,-2.018908977508545,-2.056614398956299,0.1369270384311676,12192
19,-0.2548741102218628,0.2548741102218628,1.0,2.4102072715759277,31.928672790527344,-0.30390533804893494,0.999755859375,1.1671485373322203,0.01898898867422384,0.5,1.2789174318313599,2.5648791790008545,-2.4837522506713867,-2.5296404361724854,0.14509402215480804,12832
20,-0.2740388512611389,0.2740388512611389,1.0,2.570294141769409,32.21711730957031,-0.3368220627307892,1.0,1.1653500562094994,0.01893434434327943,0.5,1.2916460037231445,2.77083420753479,-2.1084342002868652,-2.1508851051330566,0.13704583048820496,13472
21,-0.2784465551376343,0.2784465551376343,1.0,2.5610134601593018,32.68020248413086,-0.32774174213409424,1.0,1.1635543464001505,0.018879857261515358,0.5,1.4041192531585693,3.9482614994049072,-2.259711503982544,-2.3007991313934326,0.14087769389152527,14112
22,-0.2677740454673767,0.2677740454673767,1.0,2.459357738494873,32.62031555175781,-1.8916068077087402,0.9840087890625,1.1617614036338049,0.01882552697641798,0.5,1.3512558937072754,3.9482614994049072,-1.5281445980072021,-1.5676816701889038,0.1407862901687622,14752
23,-0.28229978680610657,0.28229978680610657,1.0,2.5297088623046875,33.228546142578125,-0.3292946219444275,1.0,1.159971223646674,0.018771353036775868,0.5,1.4870328903198242,2.77083420753479,-2.553889751434326,-2.5924861431121826,0.14697153866291046,15392
24,-0.25961166620254517,0.25961166620254517,1.0,2.4029276371002197,32.38174057006836,-0.30841389298439026,0.999755859375,1.1581838021815396,0.018717334992676013,0.5,1.4076917171478271,2.819687843322754,-1.5245044231414795,-1.5636879205703735,0.13314034044742584,16032
25,-0.27222272753715515,0.27222272753715515,1.0,2.505434513092041,32.62312316894531,-0.3336162865161896,0.9998779296875,1.1563991349877427,0.01866347239550013,0.5,1.3481277227401733,3.6836624145507812,-2.2212789058685303,-2.2647013664245605,0.1208893209695816,16672
26,-0.2828940451145172,0.2828940451145172,1.0,2.5843429565429688,32.83665466308594,-0.3469120264053345,0.998046875,1.1546172178211753,0.018609764797920914,0.5,1.3503074645996094,3.9482614994049072,-1.7619514465332031,-1.8009872436523438,0.12137634307146072,17312
27,-0.2611829936504364,0.2611829936504364,1.0,2.482083797454834,31.858596801757812,-0.3074101209640503,0.999267578125,1.1528380464442687,0.018556211753898325,0.5,1.2418447732925415,2.3991518020629883,-1.9991739988327026,-2.043004274368286,0.12703675031661987,17952
28,-0.27550047636032104,0.27550047636032104,1.0,2.5439629554748535,32.54967498779297,-0.32187891006469727,0.999755859375,1.1510616166259837,0.018502812818675888,0.5,1.5253868103027344,3.9482614994049072,-1.6546120643615723,-1.6888777017593384,0.13371151685714722,18592
29,-0.3116549253463745,0.3116549253463745,1.0,2.8117289543151855,33.311485290527344,-0.35858356952667236,1.0,1.1492879241418015,0.018449567548776993,0.5,1.5134387016296387,2.819687843322754,-2.106680154800415,-2.1370768547058105,0.12986204028129578,19232
30,-0.2732871174812317,0.2732871174812317,1.0,2.547290325164795,32.328285217285156,-0.3219054341316223,0.999267578125,1.1475169647737122,0.018396475502001214,0.5,1.3833599090576172,3.9482614994049072,-1.9505010843276978,-1.982576847076416,0.13892169296741486,19872
31,-0.28377240896224976,0.28377240896224976,1.0,2.565335750579834,33.09991455078125,-0.3431507647037506,0.999755859375,1.145748734310206,0.018343536237420657,0.5,1.449617624282837,3.6836624145507812,-1.6173352003097534,-1.6444661617279053,0.13286709785461426,20512
32,-0.27458372712135315,0.27458372712135315,1.0,2.5239181518554688,32.6162109375,-0.31690800189971924,0.998779296875,1.1439832285462623,0.01829074931537625,0.5,1.412564992904663,2.819687843322754,-1.6107405424118042,-1.6391254663467407,0.130809485912323,21152
33,-0.2711179256439209,0.2711179256439209,1.0,2.4615635871887207,32.90256881713867,-0.30614903569221497,1.0,1.1422204432833407,0.01823811429747415,0.5,1.4311882257461548,3.9482614994049072,-1.6290028095245361,-1.6539779901504517,0.14020007848739624,21792
34,-0.2827569246292114,0.2827569246292114,1.0,2.587686538696289,32.78164291381836,-0.3533881902694702,0.9998779296875,1.1404603743293698,0.01818563074658205,0.5,1.389278531074524,3.9482614994049072,-1.6861159801483154,-1.7164578437805176,0.125094473361969,22432
35,-0.2814030647277832,0.2814030647277832,1.0,2.5644783973693848,32.95686721801758,-0.38840383291244507,0.9940185546875,1.138703017498738,0.018133298226825592,0.5,1.2913198471069336,2.4810237884521484,-1.4251044988632202,-1.462174415588379,0.15075118839740753,23072
36,-0.30454814434051514,0.30454814434051514,1.0,2.7083840370178223,33.62871551513672,-0.3692118525505066,1.0,1.1369483686122834,0.018081116303584714,0.5,1.3956232070922852,3.6836624145507812,-1.4932916164398193,-1.5271596908569336,0.11627382785081863,23712
37,-0.27975451946258545,0.27975451946258545,1.0,2.5435638427734375,32.90998840332031,-0.3347740173339844,1.0,1.1351964234972844,0.018029084543490056,0.5,1.312157154083252,2.77083420753479,-1.3891425132751465,-1.4225358963012695,0.12809891998767853,24352
38,-0.26110756397247314,0.26110756397247314,1.0,2.4209063053131104,32.369056701660156,-0.32593417167663574,0.9998779296875,1.1334471779874482,0.017977202514419362,0.5,1.3158936500549316,2.77083420753479,-1.8538625240325928,-1.8908485174179077,0.11846232414245605,24992
39,-0.2736285924911499,0.2736285924911499,1.0,2.528930187225342,32.53131103515625,-0.3222246766090393,0.9998779296875,1.1317006279229027,0.017925469785493888,0.5,1.3140335083007812,3.6836624145507812,-1.8124793767929077,-1.8510648012161255,0.11922366917133331,25632
40,-0.2550981640815735,0.2550981640815735,1.0,2.3614614009857178,32.35408020019531,-0.30143946409225464,0.9996337890625,1.1299567691501855,0.01787388592707482,0.5,1.4905345439910889,3.9482614994049072,-1.882120966911316,-1.918028473854065,0.12181361019611359,26272
41,-0.30065441131591797,0.30065441131591797,1.0,2.698042869567871,33.40163803100586,-0.3502613306045532,0.999755859375,1.1282155975222345,0.017822450510759705,0.5,1.424851417541504,3.6836624145507812,-1.8390769958496094,-1.8688504695892334,0.12448917329311371,26912
42,-0.27341535687446594,0.27341535687446594,1.0,2.559119462966919,32.236473083496094,-0.3172517418861389,1.0,1.1264771088983778,0.01777116310937891,0.5,1.3723618984222412,3.6836624145507812,-1.5837008953094482,-1.614281177520752,0.12005355209112167,27552
43,-0.28621071577072144,0.28621071577072144,1.0,2.574409008026123,33.25630187988281,-0.32624316215515137,1.0,1.124741299144324,0.017720023296992057,0.5,1.3048884868621826,2.77083420753479,-1.6914904117584229,-1.7194913625717163,0.11543842405080795,28192
44,-0.2837868630886078,0.2837868630886078,1.0,2.6082987785339355,32.725589752197266,-0.31847408413887024,1.0,1.1230081641321519,0.017669030648884483,0.5,1.2708370685577393,2.77083420753479,-1.476874589920044,-1.5044796466827393,0.12176359444856644,28832
45,-0.31218820810317993,0.31218820810317993,1.0,2.758669137954712,33.83240509033203,-0.35914963483810425,1.0,1.121277699740302,0.017618184741563726,0.5,1.6736629009246826,3.9482614994049072,-1.4965592622756958,-1.5265828371047974,0.1302255094051361,29472
46,-0.3035952150821686,0.3035952150821686,1.0,2.670126438140869,34.01340103149414,-0.367583304643631,0.999755859375,1.119549901853565,0.017567485152756,0.5,1.4331977367401123,3.9482614994049072,-1.6721570491790771,-1.7044469118118286,0.12911978363990784,30112
47,-0.2791469395160675,0.2791469395160675,1.0,2.53269624710083,33.00803756713867,-0.32507750391960144,0.9998779296875,1.117824766363073,0.017516931461402693,0.5,1.3764086961746216,3.6836624145507812,-1.575491189956665,-1.6080687046051025,0.11268404871225357,30752
48,-0.2588863968849182,0.2588863968849182,1.0,2.4314534664154053,32.07990264892578,-0.300281822681427,0.9998779296875,1.1161022891662893,0.01746652324765687,0.5,1.3356554508209229,3.9482614994049072,-1.5165958404541016,-1.5482234954833984,0.12260910868644714,31392
49,-0.264926940202713,0.264926940202713,1.0,2.4538416862487793,32.39920425415039,-0.31169429421424866,0.9993896484375,1.1143824661669997,0.017416260092879766,0.5,1.3207355737686157,3.6836624145507812,-1.4557690620422363,-1.484886646270752,0.11709076911211014,32032
50,-0.269429087638855,0.269429087638855,1.0,2.496094226837158,32.45199966430664,-0.3213399648666382,0.99951171875,1.1126652932753012,0.01736614157963735,0.5,1.2621475458145142,2.48532772064209,-1.2820093631744385,-1.3139517307281494,0.13022220134735107,32672
51,-0.2961799204349518,0.2961799204349518,1.0,2.6511635780334473,33.38691711425781,-0.3368145823478699,1.0,1.1109507664075928,0.01731616729169682,0.5,1.3744008541107178,2.819687843322754,-1.26845121383667,-1.2981384992599487,0.13161787390708923,33312
52,-0.27521705627441406,0.27521705627441406,1.0,2.5380547046661377,32.57732009887695,-0.3168354630470276,1.0,1.109238881486567,0.01726633681402317,0.5,1.390456199645996,2.819687843322754,-1.4731414318084717,-1.502713918685913,0.11882516741752625,33952
53,-0.25968697667121887,0.25968697667121887,1.0,2.417299270629883,32.308502197265625,-0.2930845320224762,1.0,1.107529634441198,0.017216649732775716,0.5,1.1869056224822998,2.420929193496704,-1.6053814888000488,-1.6341047286987305,0.11463776975870132,34592
54,-0.2796044945716858,0.2796044945716858,1.0,2.5333313941955566,32.99728775024414,-0.33526208996772766,1.0,1.1058230212067341,0.017167105635304703,0.5,1.2674520015716553,2.77083420753479,-1.6073963642120361,-1.6403496265411377,0.12305968999862671,35232
55,-0.2718212604522705,0.2718212604522705,1.0,2.48659086227417,32.70862579345703,-0.30921801924705505,0.999755859375,1.1041190377246861,0.017117704110147833,0.5,1.4597349166870117,3.6836624145507812,-1.3581514358520508,-1.387636423110962,0.1162256971001625,35872
56,-0.27365460991859436,0.27365460991859436,1.0,2.5304055213928223,32.50058364868164,-0.31085318326950073,0.9998779296875,1.1024176799428191,0.017068444747026876,0.5,1.3862637281417847,3.9482614994049072,-1.0958224534988403,-1.1161969900131226,0.12721264362335205,36512
57,-0.26734814047813416,0.26734814047813416,1.0,2.4639177322387695,32.56532287597656,-0.3169943690299988,1.0,1.1007189438151426,0.01701932713684425,0.5,1.2622427940368652,2.5648791790008545,-1.044071078300476,-1.0712838172912598,0.11939084529876709,37152
58,-0.27005571126937866,0.27005571126937866,1.0,2.4383668899536133,33.01051712036133,-0.3123515844345093,1.0,1.0990228253019003,0.016970350871679626,0.5,1.299689531326294,2.4810237884521484,-1.4911751747131348,-1.5193268060684204,0.11992035061120987,37792
59,-0.2701338231563568,0.2701338231563568,1.0,2.490985631942749,32.53889846801758,-0.30982691049575806,0.9998779296875,1.0973293203695609,0.016921515544786544,0.5,1.323472499847412,3.6836624145507812,-1.7334824800491333,-1.7642515897750854,0.1115250363945961,38432
60,-0.2782067358493805,0.2782067358493805,1.0,2.537919044494629,32.805908203125,-0.36854344606399536,0.9852294921875,1.0956384249908082,0.016872820750589032,0.5,1.3529341220855713,3.6836624145507812,-1.3557155132293701,-1.3831392526626587,0.12673676013946533,39072
61,-0.26396411657333374,0.26396411657333374,1.0,2.4303877353668213,32.513084411621094,-0.3222372531890869,1.0,1.0939501351445324,0.016824266084678234,0.5,1.31465482711792,2.3991518020629883,-1.4109001159667969,-1.4380844831466675,0.11820198595523834,39712
62,-0.284248411655426,0.284248411655426,1.0,2.5532498359680176,33.20893478393555,-0.34188732504844666,1.0,1.0922644468158194,0.016775851143809063,0.5,1.5263794660568237,3.9482614994049072,-1.172860860824585,-1.1999433040618896,0.09958121180534363,40352
63,-0.26956048607826233,0.26956048607826233,1.0,2.484119176864624,32.54718017578125,-0.32523927092552185,0.9998779296875,1.0905813559959416,0.016727575525896838,0.5,1.2636995315551758,3.6836624145507812,-1.516690969467163,-1.5489583015441895,0.11877547204494476,40992
64,-0.28084897994995117,0.28084897994995117,1.0,2.544020891189575,33.00563049316406,-0.3453185558319092,0.99658203125,1.0889008586823492,0.016679438830013955,0.5,1.5252914428710938,3.9482614994049072,-1.1710178852081299,-1.2058322429656982,0.11811754107475281,41632
65,-0.3019444942474365,0.3019444942474365,1.0,2.703465461730957,33.43783187866211,-0.3467177152633667,0.9998779296875,1.0872229508786595,0.016631440656386547,0.5,1.383695363998413,3.6836624145507812,-1.4334588050842285,-1.4611986875534058,0.10565907508134842,42272
66,-0.2931380867958069,0.2931380867958069,1.0,2.5982089042663574,33.6380500793457,-0.33806464076042175,0.99951171875,1.085547628594648,0.01658358060639118,0.5,1.3503022193908691,3.9482614994049072,-1.0187617540359497,-1.0495631694793701,0.11208447068929672,42912
67,-0.2819100320339203,0.2819100320339203,1.0,2.517019510269165,33.30476379394531,-0.3519500195980072,0.9993896484375,1.0838748878462385,0.01653585828255152,0.5,1.4560534954071045,3.9482614994049072,-1.2906534671783447,-1.317293643951416,0.11652249097824097,43552
68,-0.27348190546035767,0.27348190546035767,1.0,2.5516414642333984,32.33732986450195,-0.3237707316875458,1.0,1.0822047246554947,0.01648827328853506,0.5,1.3027708530426025,2.48532772064209,-1.1800340414047241,-1.2030727863311768,0.11889567226171494,44192
69,-0.27995187044143677,0.27995187044143677,1.0,2.5248894691467285,33.091270446777344,-0.328443318605423,0.9998779296875,1.0805371350506094,0.016440825229149806,0.5,1.5758804082870483,3.9482614994049072,-1.5650749206542969,-1.5930399894714355,0.11447060853242874,44832
70,-0.27965521812438965,0.27965521812438965,1.0,2.4994282722473145,33.27510452270508,-0.3239215612411499,1.0,1.0788721150658958,0.016393513710341,0.5,1.2905004024505615,3.6836624145507812,-1.4990086555480957,-1.5270694494247437,0.10528738796710968,45472
71,-0.2989647388458252,0.2989647388458252,1.0,2.6407999992370605,33.76995849609375,-0.3451893925666809,1.0,1.0772096607417776,0.016346338339187846,0.5,1.3432742357254028,2.4810237884521484,-1.2453511953353882,-1.2675936222076416,0.12360689043998718,46112
72,-0.2863009572029114,0.2863009572029114,1.0,2.5873465538024902,33.09227752685547,-0.3325411081314087,0.999755859375,1.0755497681247805,0.01629929872390026,0.5,1.3457961082458496,3.9482614994049072,-1.4369938373565674,-1.4595054388046265,0.1210377961397171,46752
73,-0.2691403329372406,0.2691403329372406,1.0,2.401470899581909,33.21466064453125,-0.3179663121700287,0.9998779296875,1.0738924332675217,0.0162523944738156,0.5,1.3783713579177856,3.9482614994049072,-0.8954800963401794,-0.9222955703735352,0.11088872700929642,47392
74,-0.2594950199127197,0.2594950199127197,1.0,2.406966209411621,32.349327087402344,-0.30350279808044434,0.99755859375,1.0722376522287012,0.016205625199395435,0.5,1.3099116086959839,2.77083420753479,-1.1075217723846436,-1.1343210935592651,0.11164206266403198,48032
75,-0.26014822721481323,0.26014822721481323,1.0,2.394174575805664,32.515262603759766,-0.3124139606952667,0.9998779296875,1.0705854210730918,0.01615899051222229,0.5,1.4294536113739014,2.77083420753479,-1.319684624671936,-1.3482246398925781,0.11882387101650238,48672
76,-0.3081139922142029,0.3081139922142029,1.0,2.754027843475342,33.58866882324219,-0.3519265353679657,0.9998779296875,1.0689357358715312,0.01611249002499645,0.5,1.368125557899475,3.9482614994049072,-0.9053229093551636,-0.9266124367713928,0.11735973507165909,49312
77,-0.27978789806365967,0.27978789806365967,1.0,2.572232723236084,32.65764617919922,-0.3222936987876892,1.0,1.0672885927009104,0.016066123351532714,0.5,1.3898069858551025,3.9482614994049072,-1.596757411956787,-1.6192940473556519,0.11303430795669556,49952
78,-0.27072063088417053,0.27072063088417053,1.0,2.479445695877075,32.68195343017578,-0.3287156820297241,1.0,1.0656439876441663,0.016019890106757202,0.5,1.411331057548523,2.77083420753479,-1.1200065612792969,-1.1448498964309692,0.10111928731203079,50592
79,-0.27869442105293274,0.27869442105293274,1.0,2.54325008392334,32.816307067871094,-0.33669453859329224,0.9998779296875,1.0640019167902717,0.01597378990670416,0.5,1.334289789199829,3.6836624145507812,-1.1346776485443115,-1.1594595909118652,0.1082729697227478,51232
80,-0.2671656310558319,0.2671656310558319,1.0,2.5298709869384766,31.938220977783203,-0.3173065781593323,1.0,1.0623623762342254,0.015927822368512767,0.5,1.2882483005523682,2.3991518020629883,-1.1082966327667236,-1.1345750093460083,0.10674140602350235,51872
81,-0.2829814851284027,0.2829814851284027,1.0,2.503108024597168,33.57588577270508,-0.3301856517791748,1.0,1.060725362077044,0.015881987110423944,0.5,1.284373164176941,2.5648791790008545,-1.2368881702423096,-1.259825348854065,0.11997614055871964,52512
82,-0.2597447633743286,0.2597447633743286,1.0,2.4154205322265625,32.29930114746094,-0.2980008125305176,0.9998779296875,1.0590908704257522,0.015836283751777213,0.5,1.2405726909637451,2.77083420753479,-1.4175670146942139,-1.4455124139785767,0.12095493078231812,53152
83,-0.28359729051589966,0.28359729051589966,1.0,2.594782590866089,32.810760498046875,-0.32822373509407043,0.9998779296875,1.0574588973933732,0.0157907119130075,0.5,1.4531925916671753,3.6836624145507812,-0.9241864681243896,-0.9474026560783386,0.12306764721870422,53792
84,-0.2927624583244324,0.2927624583244324,1.0,2.6772208213806152,32.90174102783203,-0.38218045234680176,0.9901123046875,1.0558294390989196,0.015745271215642006,0.5,1.3984532356262207,3.9482614994049072,-1.0930256843566895,-1.118157148361206,0.11935371160507202,54432
85,-0.27103883028030396,0.27103883028030396,1.0,2.476956367492676,32.73390579223633,-0.3180297017097473,0.9990234375,1.0542024916673847,0.015699961282297063,0.5,1.4390614032745361,3.9482614994049072,-0.7156262397766113,-0.7443690896034241,0.10931356251239777,55072
86,-0.28029680252075195,0.28029680252075195,1.0,2.5723423957824707,32.71118927001953,-0.33659252524375916,1.0,1.0525780512297325,0.015654781736674984,0.5,1.262115240097046,2.3991518020629883,-1.0037000179290771,-1.0252704620361328,0.12254980951547623,55712
87,-0.2782134413719177,0.2782134413719177,1.0,2.5519652366638184,32.7154541015625,-0.32300129532814026,0.999755859375,1.050956113922889,0.015609732203560961,0.5,1.394696593284607,3.9482614994049072,-1.1411018371582031,-1.1621094942092896,0.135606586933136,56352
88,-0.29801392555236816,0.29801392555236816,1.0,2.6803131103515625,33.32044219970703,-0.34106454253196716,0.999755859375,1.0493366758897325,0.01556481230881992,0.5,1.3702235221862793,3.6836624145507812,-1.3499712944030762,-1.3694546222686768,0.13047683238983154,56992
89,-0.29273533821105957,0.29273533821105957,1.0,2.613339900970459,33.558021545410156,-0.3374323546886444,0.9996337890625,1.0477197332790857,0.015520021679393443,0.5,1.29634428024292,3.9482614994049072,-1.4533129930496216,-1.478857398033142,0.13114920258522034,57632
90,-0.29355213046073914,0.29355213046073914,1.0,2.669726848602295,33.02234649658203,-0.34461677074432373,0.9991455078125,1.0461052822457053,0.015475359943296652,0.5,1.354565978050232,3.9482614994049072,-1.3673964738845825,-1.3933428525924683,0.12496419250965118,58272
91,-0.31509825587272644,0.31509825587272644,1.0,2.7988052368164062,33.78467559814453,-0.36467018723487854,0.9998779296875,1.0444933189502725,0.015430826729615127,0.5,1.5990896224975586,3.9482614994049072,-1.3717267513275146,-1.3988769054412842,0.11061941087245941,58912
92,-0.2773900628089905,0.2773900628089905,1.0,2.5306272506713867,32.824039459228516,-0.3116573989391327,0.9976806640625,1.0428838395593854,0.015386421668501815,0.5,1.5256954431533813,3.6836624145507812,-0.9398066997528076,-0.9603103995323181,0.12474052608013153,59552
93,-0.28379353880882263,0.28379353880882263,1.0,2.5916786193847656,32.89736557006836,-0.3165229260921478,0.99951171875,1.0412768402455488,0.015342144391173975,0.5,1.2993841171264648,2.77083420753479,-1.0966448783874512,-1.1187913417816162,0.1338510811328888,60192
94,-0.2789897918701172,0.2789897918701172,1.0,2.547791004180908,32.79877853393555,-0.3203031122684479,1.0,1.0396723171871651,0.015297994529910106,0.5,1.3493818044662476,2.819687843322754,-1.151534914970398,-1.168526530265808,0.11894001066684723,60832
95,-0.2804451584815979,0.2804451584815979,1.0,2.5570292472839355,32.86692810058594,-0.31913256645202637,0.9998779296875,1.0380702665685262,0.01525397171804689,0.5,1.3729159832000732,3.9482614994049072,-1.1839889287948608,-1.2061465978622437,0.1081458181142807,61472
96,-0.27017828822135925,0.27017828822135925,1.0,2.519777297973633,32.29383850097656,-0.3031928539276123,0.999755859375,1.0364706845798028,0.01521007558997615,0.5,1.4691460132598877,3.9482614994049072,-1.0805190801620483,-1.1022878885269165,0.10031209141016006,62112
97,-0.2931995391845703,0.2931995391845703,1.0,2.6733367443084717,32.93572235107422,-0.3514833152294159,0.999755859375,1.0348735674170368,0.015166305781141816,0.5,1.3720910549163818,3.6836624145507812,-1.0717053413391113,-1.0961087942123413,0.11249032616615295,62752
98,-0.2933647930622101,0.2933647930622101,1.0,2.6323928833007812,33.32484436035156,-0.34182316064834595,0.9996337890625,1.0332789112821317,0.015122661928036898,0.5,1.344561219215393,2.4810237884521484,-0.9936034679412842,-1.0156058073043823,0.11567620187997818,63392
99,-0.2875628173351288,0.2875628173351288,1.0,2.6095991134643555,33.0136833190918,-0.333951860666275,1.0,1.031686712382843,0.015079143668200462,0.5,1.449036717414856,3.9482614994049072,-1.3093613386154175,-1.3282893896102905,0.11794263124465942,64032
100,-0.26117491722106934,0.26117491722106934,1.0,2.3965744972229004,32.69425582885742,-0.32660627365112305,1.0,1.0300969669327706,0.01503575064021462,0.5,1.280991554260254,2.5648791790008545,-1.164473056793213,-1.1916662454605103,0.10888370871543884,64672
101,-0.27623096108436584,0.27623096108436584,1.0,2.50573468208313,32.949951171875,-0.31882014870643616,0.9993896484375,1.0285096711513484,0.014992482483701539,0.5,1.4096767902374268,2.77083420753479,-1.1354807615280151,-1.157679557800293,0.11391349881887436,65312
102,-0.26961958408355713,0.26961958408355713,1.0,2.514160633087158,32.290748596191406,-0.3182438611984253,1.0,1.0269248212638356,0.014949338839320432,0.5,1.3887040615081787,2.77083420753479,-1.0445955991744995,-1.0671032667160034,0.10594157129526138,65952
103,-0.27090123295783997,0.27090123295783997,1.0,2.464956045150757,32.83362579345703,-0.37001997232437134,0.9957275390625,1.0253424135013085,0.014906319348764583,0.5,1.346008062362671,3.9482614994049072,-1.2995542287826538,-1.3211989402770996,0.12083323299884796,66592
104,-0.25115904211997986,0.25115904211997986,1.0,2.341953992843628,32.19741439819336,-0.3035295903682709,0.9967041015625,1.0237624441006508,0.014863423654758373,0.5,1.478090763092041,3.9482614994049072,-0.6875331401824951,-0.7094271183013916,0.11623307317495346,67232
105,-0.2716948390007019,0.2716948390007019,1.0,2.4869349002838135,32.695289611816406,-0.3214702606201172,0.9993896484375,1.022184909304545,0.014820651401054308,0.5,1.3895680904388428,3.6836624145507812,-0.8460286855697632,-0.86289381980896,0.11785336583852768,67872
106,-0.2710697054862976,0.2710697054862976,1.0,2.4925098419189453,32.61186599731445,-0.31128716468811035,0.99951171875,1.020609805361463,0.014778002232430061,0.5,1.3753061294555664,3.9482614994049072,-0.8875734210014343,-0.9083955883979797,0.11763415485620499,68512
107,-0.2879546582698822,0.2879546582698822,1.0,2.6273512840270996,32.913909912109375,-0.34145021438598633,0.9998779296875,1.0190371285256574,0.014735475794685524,0.5,1.392349123954773,2.819687843322754,-1.2537572383880615,-1.2776392698287964,0.10930758714675903,69152
108,-0.27886563539505005,0.27886563539505005,1.0,2.511383056640625,33.16075134277344,-0.3195352554321289,0.9998779296875,1.0174668750571536,0.014693071734639867,0.5,1.4963932037353516,3.9482614994049072,-1.199313998222351,-1.218347191810608,0.10319860279560089,69792
109,-0.2795901596546173,0.2795901596546173,1.0,2.5652520656585693,32.69231414794922,-0.3274134397506714,1.0,1.015899041221739,0.014650789700128602,0.5,1.307449221611023,2.48532772064209,-1.2285557985305786,-1.2484734058380127,0.112348273396492,70432
110,-0.28556010127067566,0.28556010127067566,1.0,2.6089162826538086,32.91326141357422,-0.32251283526420593,0.9993896484375,1.0143336232909554,0.01460862934000066,0.5,1.3529508113861084,3.6836624145507812,-0.7677460312843323,-0.7879575490951538,0.11109109967947006,71072
111,-0.26365557312965393,0.26365557312965393,1.0,2.4155702590942383,32.6517448425293,-0.29363054037094116,1.0,1.01277061754209,0.014566590304115468,0.5,1.2171902656555176,2.77083420753479,-1.145630955696106,-1.1675587892532349,0.12881557643413544,71712
112,-0.284629225730896,0.284629225730896,1.0,2.58054780960083,33.04326248168945,-0.3228439688682556,0.9998779296875,1.0112100202581666,0.01452467224334006,0.5,1.374082326889038,3.6836624145507812,-0.8576488494873047,-0.8812654614448547,0.11828399449586868,72352
113,-0.3122979998588562,0.3122979998588562,1.0,2.7244701385498047,34.3034782409668,-0.36033526062965393,0.999755859375,1.009651827727936,0.014482874809546154,0.5,1.3284560441970825,3.9482614994049072,-0.9477534294128418,-0.9682250618934631,0.12584596872329712,72992
114,-0.26614224910736084,0.26614224910736084,1.0,2.492919921875,32.240901947021484,-0.3095264136791229,1.0,1.0080960362458684,0.014441197655607274,0.5,1.2080812454223633,2.48532772064209,-1.1861765384674072,-1.2060542106628418,0.12292565405368805,73632
115,-0.29530683159828186,0.29530683159828186,1.0,2.6789045333862305,33.058746337890625,-0.33330172300338745,1.0,1.0065426421121428,0.01439964043539587,0.5,1.4258582592010498,3.6836624145507812,-1.112867832183838,-1.1346557140350342,0.12641480565071106,74272
116,-0.2767319679260254,0.2767319679260254,1.0,2.4963150024414062,33.091026306152344,-0.34385713934898376,1.0,1.0049916416326408,0.014358202803780433,0.5,1.2478783130645752,2.2584588527679443,-1.1588213443756104,-1.1828073263168335,0.10792434960603714,74912
117,-0.2784566283226013,0.2784566283226013,1.0,2.581449508666992,32.46874237060547,-0.32051292061805725,1.0,1.0034430311189353,0.01431688441662263,0.5,1.31931734085083,2.819687843322754,-0.9611894488334656,-0.9844391942024231,0.10942403227090836,75552
118,-0.2728227972984314,0.2728227972984314,1.0,2.5421619415283203,32.329368591308594,-0.30574047565460205,0.9993896484375,1.0018968068882832,0.014275684930774461,0.5,1.4349696636199951,3.9482614994049072,-0.9246934056282043,-0.9442641139030457,0.10299716144800186,76192
119,-0.25894400477409363,0.25894400477409363,1.0,2.392638921737671,32.42420196533203,-0.3155082166194916,1.0,1.000352965263616,0.014234604004075389,0.5,1.4005299806594849,2.5648791790008545,-1.0236785411834717,-1.0434097051620483,0.11720377206802368,76832
120,-0.2765662670135498,0.2765662670135498,1.0,2.515927791595459,32.868927001953125,-0.3209693431854248,0.9991455078125,0.9988115025735312,0.014193641295349509,0.5,1.4929451942443848,3.9482614994049072,-1.2637696266174316,-1.2850350141525269,0.10348513722419739,77472
121,-0.3127838671207428,0.3127838671207428,1.0,2.755298137664795,33.90483093261719,-0.3477346897125244,0.999267578125,0.9972724151522842,0.014152796464402715,0.5,1.5378684997558594,3.9482614994049072,-1.2652156352996826,-1.2829006910324097,0.10608439892530441,78112
122,-0.2491638958454132,0.2491638958454132,1.0,2.3109090328216553,32.32051086425781,-0.28879421949386597,0.9993896484375,0.995735699339778,0.01411206917201987,0.5,1.33424711227417,2.5648791790008545,-0.9336187839508057,-0.9564719796180725,0.10841233283281326,78752
123,-0.3005525469779968,0.3005525469779968,1.0,2.6524100303649902,33.824485778808594,-0.3318904638290405,1.0,0.9942013514815566,0.014071459079961992,0.5,1.3834129571914673,3.6836624145507812,-0.6914930939674377,-0.706691563129425,0.11289602518081665,79392
124,-0.26402461528778076,0.26402461528778076,1.0,2.457664966583252,32.299556732177734,-0.3220110535621643,1.0,0.9926693679287946,0.014030965850963448,0.5,1.2700679302215576,2.48532772064209,-1.2547551393508911,-1.2750623226165771,0.10414079576730728,80032
125,-0.27069738507270813,0.27069738507270813,1.0,2.5262389183044434,32.28282165527344,-0.3167124390602112,1.0,0.991139745038289,0.013990589148729145,0.5,1.375852108001709,2.5648791790008545,-1.1918835639953613,-1.2171391248703003,0.10788625478744507,80672
126,-0.26684820652008057,0.26684820652008057,1.0,2.4988231658935547,32.18505859375,-0.29791000485420227,1.0,0.9896124791724514,0.013950328637931742,0.5,1.2613790035247803,2.420929193496704,-0.8197135925292969,-0.8403061032295227,0.10824848711490631,81312
127,-0.3021698296070099,0.3021698296070099,1.0,2.648629665374756,33.96778869628906,-0.34181055426597595,0.9989013671875,0.9880875666992981,0.013910183984208863,0.5,1.626051664352417,3.9482614994049072,-1.264415979385376,-1.2819591760635376,0.09243573248386383,81952
128,-0.2778019607067108,0.2778019607067108,1.0,2.522599220275879,32.91181182861328,-0.3245532810688019,0.9991455078125,0.9865650039924416,0.013870154854160327,0.5,1.4484822750091553,3.6836624145507812,-1.6284136772155762,-1.6528387069702148,0.10152768343687057,82592
129,-0.2914537489414215,0.2914537489414215,1.0,2.6475954055786133,33.04948425292969,-0.3440827429294586,1.0,0.9850447874310834,0.01383024091534537,0.5,1.2823498249053955,2.420929193496704,-1.446225881576538,-1.4678068161010742,0.104110948741436,83232
130,-0.27670761942863464,0.27670761942863464,1.0,2.5658864974975586,32.4831428527832,-0.315804660320282,1.0,0.9835269134000035,0.013790441836279886,0.5,1.166527271270752,1.652835726737976,-0.8970130681991577,-0.9144934415817261,0.11298853904008865,83872
131,-0.27016204595565796,0.27016204595565796,1.0,2.4839632511138916,32.61451721191406,-0.29672324657440186,1.0,0.982011378289553,0.013750757286433681,0.5,1.3876534700393677,3.6836624145507812,-0.9921997785568237,-1.0086264610290527,0.11016052961349487,84512
132,-0.2783307135105133,0.2783307135105133,1.0,2.5092527866363525,33.097755432128906,-0.313266783952713,0.9996337890625,0.980498178495645,0.013711186936227717,0.5,1.4327120780944824,3.9482614994049072,-0.8946840763092041,-0.9102599620819092,0.10048402100801468,85152
133,-0.2975817322731018,0.2975817322731018,1.0,2.6899375915527344,33.254920959472656,-0.3380529582500458,0.9996337890625,0.9789873104197468,0.013671730457031388,0.5,1.3206508159637451,2.819687843322754,-1.0767055749893188,-1.096329927444458,0.11575783789157867,85792
134,-0.29648375511169434,0.29648375511169434,1.0,2.72654390335083,32.79548645019531,-0.33627933263778687,0.998046875,0.9774787704688699,0.013632387521159778,0.5,1.3546744585037231,3.6836624145507812,-1.4096238613128662,-1.433380365371704,0.1136970967054367,86432
135,-0.27557116746902466,0.27557116746902466,1.0,2.5766124725341797,32.25816345214844,-0.314117968082428,1.0,0.9759725550555625,0.013593157801870943,0.5,1.3895270824432373,3.6836624145507812,-0.6007013320922852,-0.6205203533172607,0.11076567322015762,87072
136,-0.29766544699668884,0.29766544699668884,1.0,2.6585659980773926,33.447750091552734,-0.3662845194339752,1.0,0.9744686605979015,0.013554040973363206,0.5,1.3305976390838623,2.77083420753479,-0.6375731825828552,-0.6555757522583008,0.10421137511730194,87712
137,-0.2776712477207184,0.2776712477207184,1.0,2.570265293121338,32.492313385009766,-0.32737427949905396,0.99951171875,0.9729670835194824,0.013515036710772442,0.5,1.4464666843414307,2.819687843322754,-1.0530736446380615,-1.075539469718933,0.1072256788611412,88352
138,-0.28335943818092346,0.28335943818092346,1.0,2.5664660930633545,33.02622985839844,-0.3230400085449219,1.0,0.9714678202494118,0.013476144690169379,0.5,1.366217017173767,3.6836624145507812,-0.6670486927032471,-0.6868158578872681,0.11634696274995804,88992
139,-0.29687684774398804,0.29687684774398804,1.0,2.674755573272705,33.25876235961914,-0.3510196805000305,0.999755859375,0.9699708672222993,0.013437364588556915,0.5,1.4658617973327637,3.9482614994049072,-1.0169541835784912,-1.0341308116912842,0.11645147204399109,89632
140,-0.286512553691864,0.286512553691864,1.0,2.5771565437316895,33.22911834716797,-0.33269548416137695,0.9998779296875,0.9684762208782479,0.013398696083867432,0.5,1.4985485076904297,3.9482614994049072,-0.7739310264587402,-0.7911680936813354,0.10887846350669861,90272
141,-0.2946707606315613,0.2946707606315613,1.0,2.64452862739563,33.356163024902344,-0.34979426860809326,0.9998779296875,0.9669838776628463,0.013360138854960122,0.5,1.353299617767334,3.6836624145507812,-0.8584111928939819,-0.8725957870483398,0.09736038744449615,90912
142,-0.2970113158226013,0.2970113158226013,1.0,2.674929141998291,33.29445266723633,-0.3542483448982239,0.9998779296875,0.9654938340271602,0.013321692581618317,0.5,1.4588561058044434,3.6836624145507812,-0.4905206561088562,-0.5075962543487549,0.10965941846370697,91552
143,-0.289098858833313,0.289098858833313,1.0,2.6232712268829346,32.99908447265625,-0.34796783328056335,0.999267578125,0.9640060864277242,0.013283356944546831,0.5,1.3320791721343994,3.9482614994049072,-0.8415140509605408,-0.8646833896636963,0.10841550678014755,92192
144,-0.29910752177238464,0.29910752177238464,1.0,2.685194253921509,33.363739013671875,-0.38172999024391174,0.9989013671875,0.9625206313265326,0.013245131625369314,0.5,1.4363014698028564,3.6836624145507812,-0.8133149147033691,-0.8342596888542175,0.10929888486862183,92832
145,-0.2731795907020569,0.2731795907020569,1.0,2.496424674987793,32.73633575439453,-0.3104729950428009,1.0,0.961037465191032,0.013207016306625595,0.5,1.3928959369659424,3.6836624145507812,-1.0597914457321167,-1.0770883560180664,0.09481878578662872,93472
146,-0.2803313136100769,0.2803313136100769,1.0,2.5731544494628906,32.747406005859375,-0.3189052939414978,0.9993896484375,0.959556584494112,0.013169010671769059,0.5,1.3513057231903076,3.9482614994049072,-0.6196796894073486,-0.6344186663627625,0.10171054303646088,94112
147,-0.28741908073425293,0.28741908073425293,1.0,2.575531005859375,33.29712677001953,-0.3405335545539856,0.99951171875,0.9580779857140973,0.013131114405164014,0.5,1.3807979822158813,3.9482614994049072,-1.1078476905822754,-1.1290936470031738,0.09624414145946503,94752
148,-0.3042328357696533,0.3042328357696533,1.0,2.657834768295288,34.089210510253906,-0.38544559478759766,0.9971923828125,0.9566016653347394,0.013093327192083065,0.5,1.492172122001648,3.9482614994049072,-1.2334859371185303,-1.2573063373565674,0.10642652958631516,95392
149,-0.28053486347198486,0.28053486347198486,1.0,2.544626474380493,32.9311637878418,-0.3149811029434204,0.9986572265625,0.9551276198452079,0.013055648718704502,0.5,1.2866146564483643,2.420929193496704,-1.384703516960144,-1.4016785621643066,0.10214224457740784,96032
150,-0.2760489284992218,0.2760489284992218,1.0,2.4788386821746826,33.15397644042969,-0.31126365065574646,1.0,0.9536558457400821,0.013018078672109697,0.5,1.2357418537139893,2.3991518020629883,-1.201239824295044,-1.2163387537002563,0.1134921982884407,96672
151,-0.2568739652633667,0.2568739652633667,1.0,2.393695116043091,32.22998046875,-0.29952386021614075,0.9993896484375,0.9521863395193432,0.012980616740280506,0.5,1.3768432140350342,3.9482614994049072,-0.700630784034729,-0.7191402316093445,0.10938671231269836,97312
152,-0.27757662534713745,0.27757662534713745,1.0,2.5189056396484375,32.90564727783203,-0.3178289532661438,0.9993896484375,0.9507190976883655,0.012943262612096669,0.5,1.4486329555511475,3.9482614994049072,-0.38921767473220825,-0.40577954053878784,0.09364484250545502,97952
153,-0.27286994457244873,0.27286994457244873,1.0,2.500532627105713,32.701324462890625,-0.3107107877731323,0.9998779296875,0.949254116757908,0.012906015977333237,0.5,1.3479233980178833,2.819687843322754,-0.5722267627716064,-0.5916394591331482,0.09351514279842377,98592
154,-0.2692636251449585,0.2692636251449585,1.0,2.4708499908447266,32.63280487060547,-0.3201221227645874,0.99853515625,0.9477913932441071,0.012868876526657986,0.5,1.3494808673858643,3.9482614994049072,-1.0998787879943848,-1.1208336353302002,0.10131292045116425,99232
155,-0.2862756848335266,0.2862756848335266,1.0,2.5167009830474854,33.7772331237793,-0.33417800068855286,0.9984130859375,0.9463309236684667,0.012831843951628863,0.5,1.35302734375,3.9482614994049072,-0.9343982934951782,-0.9532945156097412,0.09751468151807785,99872
156,-0.29299870133399963,0.29299870133399963,1.0,2.6734752655029297,32.92379379272461,-0.3484812080860138,1.0,0.9448727045578511,0.0127949179446914,0.5,1.29517662525177,2.77083420753479,-0.6413998007774353,-0.6592835783958435,0.09891528636217117,100000
157,-0.25895923376083374,0.25895923376083374,1.0,2.4585866928100586,31.887432098388672,-0.28658241033554077,1.0,0.9434167324444767,0.012758098199176185,0.5,1.2526614665985107,2.819687843322754,-1.2898025512695312,-1.3055884838104248,0.10001429915428162,100000
158,-0.258353590965271,0.258353590965271,1.0,2.3990378379821777,32.32867431640625,-0.30754855275154114,1.0,0.9419630038659028,0.012721384409296297,0.5,1.295937418937683,2.48532772064209,-0.7749550938606262,-0.7919811606407166,0.10040901601314545,100000
159,-0.2917381525039673,0.2917381525039673,1.0,2.6380724906921387,33.14192199707031,-0.3573741316795349,0.9974365234375,0.9405115153650248,0.012684776270144778,0.5,1.4432178735733032,3.9482614994049072,-1.0533225536346436,-1.070647120475769,0.1087278500199318,100000
160,-0.2834036350250244,0.2834036350250244,1.0,2.4924638271331787,33.68247604370117,-0.3624457120895386,0.9996337890625,0.9390622634900646,0.012648273477692096,0.5,1.4082868099212646,3.9482614994049072,-1.2346301078796387,-1.2532390356063843,0.10147379338741302,100000
161,-0.2874740958213806,0.2874740958213806,1.0,2.632495403289795,32.798919677734375,-0.3304750323295593,0.9967041015625,0.9376152447945635,0.012611875728783615,0.5,1.4085482358932495,3.9482614994049072,-0.8992988467216492,-0.9164831042289734,0.09890024363994598,100000
162,-0.25164633989334106,0.25164633989334106,1.0,2.41109561920166,31.645671844482422,-0.2890282869338989,1.0,0.9361704558373732,0.012575582721137091,0.5,1.2600692510604858,2.819687843322754,-0.6443092823028564,-0.6631844639778137,0.10844054073095322,100000
163,-0.2676352858543396,0.2676352858543396,1.0,2.466914653778076,32.51313781738281,-0.33623650670051575,1.0,0.934727893182648,0.012539394153340147,0.5,1.3359477519989014,2.819687843322754,-0.704663872718811,-0.7223461270332336,0.11051905900239944,100000
164,-0.28404080867767334,0.28404080867767334,1.0,2.5353899002075195,33.34892654418945,-0.3228222131729126,1.0,0.9332875533998366,0.012503309724847776,0.5,1.4801416397094727,3.9482614994049072,-0.9482016563415527,-0.9617536067962646,0.11214859038591385,100000
165,-0.2801744341850281,0.2801744341850281,1.0,2.553647518157959,32.848289489746094,-0.3177572190761566,0.9996337890625,0.9318494330636738,0.012467329135979848,0.5,1.4168484210968018,3.6836624145507812,-0.9307863116264343,-0.9487816691398621,0.09805668890476227,100000
166,-0.2648928761482239,0.2648928761482239,1.0,2.4206252098083496,32.66897201538086,-0.29620134830474854,1.0,0.9304135287541727,0.012431452087918616,0.5,1.4512001276016235,3.6836624145507812,-0.9580939412117004,-0.973797082901001,0.10219765454530716,100000
167,-0.2800222635269165,0.2800222635269165,1.0,2.56962513923645,32.688480377197266,-0.31539833545684814,1.0,0.9289798370566161,0.012395678282706235,0.5,1.4193756580352783,3.6836624145507812,-0.7089283466339111,-0.7238308191299438,0.10660212486982346,100000
168,-0.2691739797592163,0.2691739797592163,1.0,2.453199625015259,32.78504943847656,-0.31790366768836975,1.0,0.9275483545615487,0.012360007423242296,0.5,1.4198241233825684,3.9482614994049072,-0.7129241228103638,-0.7289970517158508,0.10645909607410431,100000
169,-0.28800851106643677,0.28800851106643677,1.0,2.568175792694092,33.52030944824219,-0.3287706971168518,0.9998779296875,0.9261190778647687,0.012324439213281342,0.5,1.3197394609451294,2.48532772064209,-0.7837777137756348,-0.7999032735824585,0.10490765422582626,100000
170,-0.28061985969543457,0.28061985969543457,1.0,2.556511878967285,32.85985565185547,-0.34702420234680176,0.9998779296875,0.9246920035673201,0.012288973357430422,0.5,1.4903223514556885,3.9482614994049072,-0.934131383895874,-0.955264687538147,0.09587124735116959,100000
171,-0.30046483874320984,0.30046483874320984,1.0,2.611769676208496,34.12388610839844,-0.3366340398788452,1.0,0.9232671282754843,0.012253609561146635,0.5,1.331824779510498,2.48532772064209,-1.0366308689117432,-1.0514250993728638,0.11979740858078003,100000
172,-0.27875441312789917,0.27875441312789917,1.0,2.5519962310791016,32.7900505065918,-0.32642751932144165,0.998291015625,0.9218444486007724,0.012218347530734674,0.5,1.4681322574615479,3.9482614994049072,-0.7248519062995911,-0.7444701790809631,0.0989484041929245,100000
173,-0.28496474027633667,0.28496474027633667,1.0,2.561836004257202,33.209659576416016,-0.32489103078842163,0.9998779296875,0.9204239611599165,0.012183186973344404,0.5,1.4178972244262695,3.9482614994049072,-0.6395136713981628,-0.654994785785675,0.11309898644685745,100000
174,-0.29574280977249146,0.29574280977249146,1.0,2.636003017425537,33.50933074951172,-0.33813798427581787,1.0,0.9190056625748626,0.012148127596968414,0.5,1.4524660110473633,3.6836624145507812,-1.3480122089385986,-1.3638986349105835,0.10304306447505951,100000
175,-0.26639431715011597,0.26639431715011597,1.0,2.450612783432007,32.56773376464844,-0.3042266368865967,1.0,0.9175895494727613,0.012113169110439604,0.5,1.265661597251892,2.48532772064209,-0.806648850440979,-0.8219852447509766,0.1038726195693016,100000
176,-0.2836270332336426,0.2836270332336426,1.0,2.5971264839172363,32.823455810546875,-0.33527106046676636,1.0,0.9161756184859609,0.012078311223428752,0.5,1.3235671520233154,3.6836624145507812,-0.5374440550804138,-0.552311897277832,0.09602378308773041,100000
177,-0.24348123371601105,0.24348123371601105,1.0,2.296342611312866,31.945810317993164,-0.2882547080516815,1.0,0.9147638662519989,0.012043553646442122,0.5,1.1946992874145508,2.48532772064209,-1.0485122203826904,-1.0695959329605103,0.08428308367729187,100000
178,-0.25506818294525146,0.25506818294525146,1.0,2.3622965812683105,32.346290588378906,-0.29409927129745483,1.0,0.9133542894135942,0.012008896090819047,0.5,1.3691078424453735,3.6836624145507812,-1.6628550291061401,-1.682627558708191,0.09566204994916916,100000
179,-0.2918628454208374,0.2918628454208374,1.0,2.647909164428711,33.053062438964844,-0.32425206899642944,1.0,0.9119468846186387,0.011974338268729528,0.5,1.4334537982940674,3.9482614994049072,-0.8645928502082825,-0.8811816573143005,0.09046216309070587,100000
180,-0.2572334408760071,0.2572334408760071,1.0,2.3972930908203125,32.25588607788086,-0.2879307270050049,0.9990234375,0.91054164852019,0.011939879893171858,0.5,1.4872150421142578,3.9482614994049072,-0.9859741926193237,-1.0003656148910522,0.10345827043056488,100000
181,-0.31971752643585205,0.31971752643585205,1.0,2.8042919635772705,34.15243911743164,-0.36810070276260376,0.9998779296875,0.9091385777764629,0.011905520677970231,0.5,1.331042766571045,2.77083420753479,-0.5699906349182129,-0.5844086408615112,0.09443922340869904,100000
182,-0.2734264135360718,0.2734264135360718,1.0,2.497028350830078,32.770538330078125,-0.31367629766464233,1.0,0.9077376690508214,0.011871260337772358,0.5,1.4429397583007812,3.6836624145507812,-0.9967657327651978,-1.013634204864502,0.0946766659617424,100000
183,-0.27951011061668396,0.27951011061668396,1.0,2.5748322010040283,32.637351989746094,-0.3229122757911682,0.9989013671875,0.9063389190117714,0.011837098588047108,0.5,1.3594844341278076,3.9482614994049072,-0.9398533701896667,-0.9576106071472168,0.09293142706155777,100000
184,-0.2894546389579773,0.2894546389579773,1.0,2.545971632003784,33.755924224853516,-0.3303639888763428,0.9991455078125,0.9049423243329521,0.011803035145082142,0.5,1.255256175994873,2.3991518020629883,-0.8339959383010864,-0.8489628434181213,0.09528159350156784,100000
185,-0.28104305267333984,0.28104305267333984,1.0,2.5687203407287598,32.810420989990234,-0.3152683973312378,0.9998779296875,0.9035478816931283,0.011769069725981554,0.5,1.3622407913208008,3.9482614994049072,-0.3248082101345062,-0.34075772762298584,0.09483562409877777,100000
186,-0.28142333030700684,0.28142333030700684,1.0,2.5516388416290283,32.978118896484375,-0.3190425634384155,1.0,0.9021555877761827,0.011735202048663525,0.5,1.4903430938720703,3.9482614994049072,-1.147957444190979,-1.1630412340164185,0.08895716071128845,100000
187,-0.2819642424583435,0.2819642424583435,1.0,2.599073886871338,32.637996673583984,-0.32682397961616516,1.0,0.9007654392711077,0.011701431831857977,0.5,1.3382244110107422,3.6836624145507812,-1.1954654455184937,-1.210536003112793,0.09036274254322052,100000
188,-0.29101037979125977,0.29101037979125977,1.0,2.5779669284820557,33.58086395263672,-0.3499510586261749,0.999755859375,0.8993774328719981,0.011667758795104238,0.5,1.4740009307861328,3.6836624145507812,-0.9681820869445801,-0.9807148575782776,0.09560494869947433,100000
189,-0.2758408486843109,0.2758408486843109,1.0,2.5505175590515137,32.508880615234375,-0.3144053816795349,1.0,0.8979915652780425,0.011634182658748717,0.5,1.4764573574066162,2.819687843322754,-0.8822804689407349,-0.8980625867843628,0.10827257484197617,100000
190,-0.2788570523262024,0.2788570523262024,1.0,2.538860321044922,32.8441162109375,-0.31878364086151123,0.9998779296875,0.8966078331935157,0.011600703143942575,0.5,1.2963716983795166,2.819687843322754,-0.5880944132804871,-0.6038849949836731,0.10751163959503174,100000
191,-0.2849768400192261,0.2849768400192261,1.0,2.5435166358947754,33.36969757080078,-0.3255622982978821,1.0,0.895226233327771,0.011567319972639415,0.5,1.393556833267212,2.77083420753479,-1.0883746147155762,-1.1034066677093506,0.10390327870845795,100000
192,-0.2742757201194763,0.2742757201194763,1.0,2.5309975147247314,32.54846954345703,-0.3130146265029907,1.0,0.8938467623952324,0.011534032867592962,0.5,1.2398958206176758,2.420929193496704,-0.9952412843704224,-1.011858344078064,0.08884579688310623,100000
193,-0.3014381527900696,0.3014381527900696,1.0,2.6257224082946777,34.11921691894531,-0.35179656744003296,0.99609375,0.892469417115387,0.011500841552354783,0.5,1.464721441268921,3.9482614994049072,-1.0886752605438232,-1.1041136980056763,0.09584825485944748,100000
194,-0.27802973985671997,0.27802973985671997,1.0,2.5241951942443848,32.93600082397461,-0.34067755937576294,0.9998779296875,0.8910941942127764,0.011467745751271961,0.5,1.3121368885040283,3.6836624145507812,-1.03028404712677,-1.0446926355361938,0.10066710412502289,100000
195,-0.27772924304008484,0.27772924304008484,1.0,2.5201501846313477,32.955482482910156,-0.31699138879776,1.0,0.8897210904169895,0.011434745189484832,0.5,1.2441480159759521,2.5648791790008545,-0.9847204089164734,-1.0023105144500732,0.10773671418428421,100000
196,-0.28098875284194946,0.28098875284194946,1.0,2.4971868991851807,33.42108154296875,-0.3301350474357605,0.99658203125,0.8883501024626549,0.011401839592924687,0.5,1.514201283454895,3.9482614994049072,-0.5173312425613403,-0.5335084199905396,0.09176604449748993,100000
197,-0.27533653378486633,0.27533653378486633,1.0,2.4744880199432373,33.10511779785156,-0.32620543241500854,0.99755859375,0.8869812270894328,0.011369028688311503,0.5,1.4588984251022339,2.77083420753479,-1.2213459014892578,-1.238279938697815,0.08798058331012726,100000
198,-0.28364768624305725,0.28364768624305725,1.0,2.5647237300872803,33.09299087524414,-0.3278183937072754,1.0,0.8856144610420071,0.011336312203151667,0.5,1.2624998092651367,2.420929193496704,-1.1039693355560303,-1.1181607246398926,0.09353958815336227,100000
199,-0.280836284160614,0.280836284160614,1.0,2.557870388031006,32.8778076171875,-0.3174736499786377,0.9998779296875,0.8842498010700782,0.01130368986573572,0.5,1.4226734638214111,3.9482614994049072,-0.6255754232406616,-0.6416051387786865,0.09875471889972687,100000
200,-0.2792874574661255,0.2792874574661255,1.0,2.5500199794769287,32.852294921875,-0.324429452419281,1.0,0.8828872439283545,0.011271161405136097,0.5,1.308518648147583,3.6836624145507812,-0.6777306199073792,-0.6900674104690552,0.09687130898237228,100000
201,-0.29475265741348267,0.29475265741348267,1.0,2.5992770195007324,33.764892578125,-0.33370932936668396,0.9998779296875,0.8815267863765457,0.011238726551204874,0.5,1.4084466695785522,3.9482614994049072,-0.6728160381317139,-0.6854895353317261,0.09117220342159271,100000
202,-0.27366501092910767,0.27366501092910767,1.0,2.5099620819091797,32.66973876953125,-0.3068104684352875,1.0,0.8801684251793539,0.011206385034571534,0.5,1.4065994024276733,2.819687843322754,-0.874693751335144,-0.8917205333709717,0.089839868247509,100000
203,-0.2852212190628052,0.2852212190628052,1.0,2.55828857421875,33.24586486816406,-0.3392294645309448,0.9998779296875,0.8788121571064673,0.011174136586640718,0.5,1.4715487957000732,3.6836624145507812,-0.691892147064209,-0.7046269774436951,0.10707014054059982,100000
204,-0.2924092411994934,0.2924092411994934,1.0,2.641188621520996,33.15193176269531,-0.3362478017807007,0.999755859375,0.877457978932551,0.011141980939590002,0.5,1.3666640520095825,3.9482614994049072,-1.044771671295166,-1.0599054098129272,0.1172577440738678,100000
205,-0.2697722315788269,0.2697722315788269,1.0,2.493577003479004,32.47453689575195,-0.32056522369384766,0.9921875,0.8761058874372404,0.011109917826367671,0.5,1.2607204914093018,2.819687843322754,-1.032898187637329,-1.0465797185897827,0.100023053586483,100000
206,-0.2955785393714905,0.2955785393714905,1.0,2.716829299926758,32.84835433959961,-0.34611305594444275,1.0,0.8747558794051332,0.011077946980690496,0.5,1.1912620067596436,2.48532772064209,-0.6044066548347473,-0.6160526275634766,0.0941167101264,100000
207,-0.27245718240737915,0.27245718240737915,1.0,2.4719927310943604,32.92906951904297,-0.3152773678302765,1.0,0.8734079516257819,0.011046068137041535,0.5,1.3627891540527344,3.9482614994049072,-1.0814030170440674,-1.0986448526382446,0.10195115953683853,100000
208,-0.29385459423065186,0.29385459423065186,1.0,2.6654000282287598,33.074676513671875,-0.32268786430358887,1.0,0.872062100893686,0.01101428103066792,0.5,1.5470397472381592,3.6836624145507812,-0.78067946434021,-0.7944793105125427,0.10242559760808945,100000
209,-0.2841484546661377,0.2841484546661377,1.0,2.570195198059082,33.077117919921875,-0.34464406967163086,0.99853515625,0.8707183240082841,0.01098258539757865,0.5,1.5853238105773926,3.6836624145507812,-0.7679345607757568,-0.7814524173736572,0.09939735382795334,100000
210,-0.2777631878852844,0.2777631878852844,1.0,2.5358617305755615,32.83171081542969,-0.603323757648468,0.9825439453125,0.8693766177739469,0.010950980974542413,0.5,1.4063854217529297,3.6836624145507812,-0.7370103597640991,-0.748784601688385,0.09624733775854111,100000
211,-0.2921999990940094,0.2921999990940094,1.0,2.6528406143188477,33.02822494506836,-0.3248480558395386,1.0,0.8680369789999693,0.010919467499085391,0.5,1.4301791191101074,3.9482614994049072,-1.0245226621627808,-1.0390371084213257,0.09787926077842712,100000
212,-0.27593541145324707,0.27593541145324707,1.0,2.523120403289795,32.754432678222656,-0.30845922231674194,1.0,0.8666994045005628,0.01088804470948909,0.5,1.2949914932250977,2.4810237884521484,-1.0661108493804932,-1.0797672271728516,0.09891363978385925,100000
213,-0.30009931325912476,0.30009931325912476,1.0,2.7093961238861084,33.29517364501953,-0.3387911021709442,1.0,0.8653638910948479,0.010856712344788149,0.5,1.3489463329315186,2.48532772064209,-0.7372909784317017,-0.7465419173240662,0.0949765294790268,100000
214,-0.2984324097633362,0.2984324097633362,1.0,2.709090232849121,33.116668701171875,-0.3308899402618408,1.0,0.8640304356068464,0.01082547014476819,0.5,1.651437759399414,3.9482614994049072,-0.5829989910125732,-0.5940940976142883,0.08901266753673553,100000
215,-0.2894741892814636,0.2894741892814636,1.0,2.613672971725464,33.17508316040039,-0.3246905207633972,1.0,0.8626990348654746,0.010794317849963651,0.5,1.2610663175582886,2.48532772064209,-0.7797367572784424,-0.7933093905448914,0.11233611404895782,100000
216,-0.25838491320610046,0.25838491320610046,1.0,2.3694472312927246,32.54750442504883,-0.2997034788131714,0.9990234375,0.8613696857045344,0.010763255201655624,0.5,1.3145854473114014,2.77083420753479,-0.9487423300743103,-0.9638422131538391,0.09696017950773239,100000
217,-0.2855375409126282,0.2855375409126282,1.0,2.591700553894043,33.01664733886719,-0.34121161699295044,0.99951171875,0.860042384962707,0.010732281941869717,0.5,1.496690034866333,3.9482614994049072,-0.8615332841873169,-0.8744266629219055,0.10003169625997543,100000
218,-0.2824035882949829,0.2824035882949829,1.0,2.580336093902588,32.85747528076172,-0.3124158978462219,1.0,0.8587171294835452,0.010701397813373908,0.5,1.3705177307128906,2.819687843322754,-0.7424110174179077,-0.7562894225120544,0.09798957407474518,100000
219,-0.27469995617866516,0.27469995617866516,1.0,2.4842872619628906,32.989566802978516,-0.490050733089447,0.9739990234375,0.8573939161154649,0.010670602559676404,0.5,1.420941710472107,3.9482614994049072,-0.39421916007995605,-0.40535521507263184,0.09230928122997284,100000
220,-0.2693836987018585,0.2693836987018585,1.0,2.5133936405181885,32.27173614501953,-0.3039795756340027,0.999755859375,0.856072741711739,0.010639895925023518,0.5,1.490218162536621,2.819687843322754,-0.7061727046966553,-0.71767258644104,0.09180232882499695,100000
221,-0.2749755382537842,0.2749755382537842,1.0,2.5489888191223145,32.46103286743164,-0.3126470148563385,0.9991455078125,0.8547536031304889,0.010609277654397538,0.5,1.3780473470687866,3.6836624145507812,-1.1135249137878418,-1.1287585496902466,0.08998581767082214,100000
222,-0.24507884681224823,0.24507884681224823,1.0,2.3401615619659424,31.701393127441406,-0.27577444911003113,1.0,0.8534364972346776,0.01057874749351462,0.5,1.195823311805725,2.0209224224090576,-0.2666530907154083,-0.2793193757534027,0.08774354308843613,100000
223,-0.2829744815826416,0.2829744815826416,1.0,2.579972743988037,32.91088104248047,-0.32706332206726074,0.9998779296875,0.8521214208921016,0.010548305188822658,0.5,1.3442151546478271,3.6836624145507812,-0.5721744298934937,-0.5854935050010681,0.08916359394788742,100000
224,-0.2823839485645294,0.2823839485645294,1.0,2.5723180770874023,32.90995788574219,-0.3271109461784363,1.0,0.8508083709753845,0.010517950487499199,0.5,1.4593031406402588,3.6836624145507812,-0.6393964886665344,-0.6548789739608765,0.08398454636335373,100000
225,-0.2942599654197693,0.2942599654197693,1.0,2.600663185119629,33.66014099121094,-0.32353365421295166,0.99951171875,0.8494973443619684,0.010487683137449326,0.5,1.5679802894592285,3.9482614994049072,-0.7785529494285583,-0.790337860584259,0.08541800826787949,100000
226,-0.27464884519577026,0.27464884519577026,1.0,2.495788812637329,32.875892639160156,-0.3104395270347595,1.0,0.8481883379341072,0.01045750288730358,0.5,1.3901734352111816,3.9482614994049072,-0.7881007194519043,-0.8019396066665649,0.10054893791675568,100000
227,-0.29535865783691406,0.29535865783691406,1.0,2.690856695175171,33.06706619262695,-0.3324694037437439,1.0,0.8468813485788592,0.010427409486415852,0.5,1.3116991519927979,2.77083420753479,-0.892865002155304,-0.9068907499313354,0.09895146638154984,100000
228,-0.2892354726791382,0.2892354726791382,1.0,2.655442953109741,32.772010803222656,-0.6247006058692932,0.9730224609375,0.8455763731880791,0.010397402684861327,0.5,1.4384479522705078,3.9482614994049072,-0.5016714930534363,-0.5133305191993713,0.09064146876335144,100000
229,-0.266862154006958,0.266862154006958,1.0,2.4294910430908203,32.79781723022461,-0.30575355887413025,1.0,0.8442734086584112,0.010367482233434389,0.5,1.422423243522644,3.9482614994049072,-1.1358119249343872,-1.1498355865478516,0.08834116160869598,100000
230,-0.280730277299881,0.280730277299881,1.0,2.5704703330993652,32.761512756347656,-0.32736027240753174,0.9989013671875,0.8429724518912819,0.010337647883646555,0.5,1.2599422931671143,2.4810237884521484,-1.0442413091659546,-1.0554829835891724,0.09484446793794632,100000
231,-0.28243348002433777,0.28243348002433777,1.0,2.513051748275757,33.43785095214844,-0.312674880027771,1.0,0.8416734997928921,0.010307899387724414,0.5,1.3364155292510986,2.77083420753479,-0.4945315718650818,-0.5061046481132507,0.10091973096132278,100000
232,-0.2922893762588501,0.2922893762588501,1.0,2.6196258068084717,33.3524055480957,-0.328339159488678,0.999755859375,0.8403765492742101,0.010278236498607572,0.5,1.3207931518554688,2.2584588527679443,-0.5143189430236816,-0.5262908935546875,0.09054363518953323,100000
233,-0.28178903460502625,0.28178903460502625,1.0,2.5293593406677246,33.266754150390625,-0.32994914054870605,0.9996337890625,0.8390815972509641,0.010248658969946598,0.5,1.3248199224472046,3.6836624145507812,-1.070982575416565,-1.0855032205581665,0.09196135401725769,100000
234,-0.27289193868637085,0.27289193868637085,1.0,2.488677978515625,32.76897430419922,-0.3156418204307556,0.9998779296875,0.8377886406436347,0.010219166556100969,0.5,1.352182149887085,3.9482614994049072,-0.7312254309654236,-0.7465238571166992,0.10218878835439682,100000
235,-0.25917333364486694,0.25917333364486694,1.0,2.4479284286499023,31.979402542114258,-0.3016638159751892,1.0,0.8364976763774482,0.010189759012137051,0.5,1.263380765914917,2.5648791790008545,-0.7621708512306213,-0.7761008739471436,0.1066151037812233,100000
236,-0.26405489444732666,0.26405489444732666,1.0,2.428339958190918,32.5695915222168,-0.2953011393547058,1.0,0.8352087013823688,0.010160436093826043,0.5,1.3006458282470703,2.3991518020629883,-0.9074416160583496,-0.9210864305496216,0.09234940260648727,100000
237,-0.2569902539253235,0.2569902539253235,1.0,2.385985851287842,32.31012725830078,-0.30806583166122437,1.0,0.8339217125930911,0.010131197557641955,0.5,1.3164920806884766,2.4810237884521484,-0.7824757695198059,-0.7988124489784241,0.09439615905284882,100000
238,-0.26392662525177,0.26392662525177,1.0,2.447643280029297,32.3833122253418,-0.2922495901584625,1.0,0.8326367069490332,0.010102043160759595,0.5,1.366173267364502,3.6836624145507812,-0.6884256601333618,-0.6993430256843567,0.09246616810560226,100000
239,-0.28034907579421997,0.28034907579421997,1.0,2.5918564796447754,32.53553009033203,-0.3192756474018097,1.0,0.8313536813943294,0.010072972661052544,0.5,1.3095154762268066,2.77083420753479,-0.3646373152732849,-0.37397339940071106,0.09548092633485794,100000
240,-0.30718880891799927,0.30718880891799927,1.0,2.6758971214294434,34.12936782836914,-0.34208202362060547,0.999755859375,0.8300726328778228,0.010043985817091147,0.5,1.4111195802688599,3.9482614994049072,-0.512771725654602,-0.5261875987052917,0.09456939995288849,100000
241,-0.26701804995536804,0.26701804995536804,1.0,2.462353467941284,32.51028060913086,-0.30215364694595337,1.0,0.8287935583530581,0.010015082388140497,0.5,1.2555110454559326,2.819687843322754,-0.4744110703468323,-0.4880199730396271,0.09812448173761368,100000
242,-0.29601848125457764,0.29601848125457764,1.0,2.647850513458252,33.449424743652344,-0.35969120264053345,0.9998779296875,0.8275164547782742,0.009986262134158467,0.5,1.486924648284912,3.9482614994049072,-0.1617582142353058,-0.17297057807445526,0.08535967767238617,100000
243,-0.26484549045562744,0.26484549045562744,1.0,2.4482645988464355,32.46238708496094,-0.29831796884536743,1.0,0.8262413191163974,0.009957524815793678,0.5,1.3659124374389648,2.819687843322754,-0.5546735525131226,-0.5689036250114441,0.08632855862379074,100000
244,-0.25470390915870667,0.25470390915870667,1.0,2.39760422706604,32.02809524536133,-0.28794926404953003,0.99755859375,0.8249681483350336,0.009928870194383536,0.5,1.4538553953170776,3.9482614994049072,-0.6920738220214844,-0.7060555219650269,0.09988977760076523,100000
245,-0.280368447303772,0.280368447303772,1.0,2.4930059909820557,33.457557678222656,-0.31949734687805176,1.0,0.8236969394064615,0.009900298031952241,0.5,1.3531535863876343,3.6836624145507812,-1.1536506414413452,-1.1651231050491333,0.09117493033409119,100000
246,-0.26339149475097656,0.26339149475097656,1.0,2.461411476135254,32.24085998535156,-0.304670512676239,1.0,0.8224276893076251,0.009871808091208814,0.5,1.2614666223526,3.9482614994049072,-0.8341534733772278,-0.8481157422065735,0.09126628190279007,100000
247,-0.2713339328765869,0.2713339328765869,1.0,2.5247349739074707,32.358280181884766,-0.3094101548194885,1.0,0.8211603950201272,0.009843400135545122,0.5,1.437044382095337,3.6836624145507812,-0.6025714874267578,-0.6153644919395447,0.09129024296998978,100000
248,-0.28450578451156616,0.28450578451156616,1.0,2.5655970573425293,33.12153244018555,-0.3077310621738434,0.9998779296875,0.8198950535302209,0.00981507392903392,0.5,1.4405686855316162,3.6836624145507812,-0.6641709804534912,-0.6731587052345276,0.08921594172716141,100000
249,-0.2771170735359192,0.2771170735359192,1.0,2.5436739921569824,32.65855407714844,-0.3218015432357788,0.9996337890625,0.818631661828804,0.009786829236426884,0.5,1.3397095203399658,2.819687843322754,-0.6619996428489685,-0.6744756102561951,0.09871784597635269,100000
250,-0.275255024433136,0.275255024433136,1.0,2.5410847663879395,32.56517028808594,-0.3310813307762146,0.9993896484375,0.8173702169114107,0.009758665823152662,0.5,1.4591885805130005,3.9482614994049072,-1.0237712860107422,-1.0382153987884521,0.09392555058002472,100000
251,-0.2566031515598297,0.2566031515598297,1.0,2.415069103240967,32.03770446777344,-0.2856665849685669,0.999755859375,0.8161107157782048,0.009730583455314924,0.5,1.2673262357711792,2.420929193496704,-0.6610814929008484,-0.6725102066993713,0.08805236220359802,100000
252,-0.2880669832229614,0.2880669832229614,1.0,2.607483386993408,33.09334182739258,-0.3207457661628723,1.0,0.8148531554339729,0.009702581899690418,0.5,1.3213932514190674,2.819687843322754,-1.033684492111206,-1.0446230173110962,0.09728382527828217,100000
253,-0.2679291367530823,0.2679291367530823,1.0,2.4526164531707764,32.682952880859375,-0.3057638108730316,0.9952392578125,0.8135975328881164,0.009674660923727037,0.5,1.348571538925171,2.5648791790008545,-0.5568922758102417,-0.5680808424949646,0.09080594033002853,100000
254,-0.29068896174430847,0.29068896174430847,1.0,2.556960105895996,33.745819091796875,-0.3456055223941803,1.0,0.8123438451546457,0.00964682029554189,0.5,1.5661269426345825,3.9482614994049072,-0.92286217212677,-0.934154212474823,0.08845505118370056,100000
255,-0.2729353904724121,0.2729353904724121,1.0,2.5094966888427734,32.6124267578125,-0.3239801526069641,1.0,0.811092089252172,0.009619059783919363,0.5,1.3383088111877441,3.9482614994049072,-0.9109131097793579,-0.9233942031860352,0.08768944442272186,100000
256,-0.28411367535591125,0.28411367535591125,1.0,2.588533401489258,32.90087890625,-0.3368566334247589,1.0,0.8098422622039005,0.009591379158309215,0.5,1.3701143264770508,2.77083420753479,-0.8626810312271118,-0.8758071064949036,0.09512384980916977,100000
257,-0.2826666831970215,0.2826666831970215,1.0,2.568096876144409,32.98155975341797,-0.3747953176498413,0.999267578125,0.8085943610376235,0.009563778188824654,0.5,1.3265870809555054,3.9482614994049072,-0.3909543752670288,-0.4049589931964874,0.0979512482881546,100000
258,-0.2801198363304138,0.2801198363304138,1.0,2.5434041023254395,32.986881256103516,-0.31017711758613586,0.999755859375,0.8073483827857134,0.009536256646240429,0.5,1.2532544136047363,2.5648791790008545,-0.9321870803833008,-0.9443128108978271,0.09218313544988632,100000
259,-0.2886682450771332,0.2886682450771332,1.0,2.646505355834961,32.79668426513672,-0.3220844268798828,1.0,0.806104324485115,0.009508814301990926,0.5,1.4174280166625977,2.819687843322754,-0.1339738667011261,-0.14566324651241302,0.08992866426706314,100000
260,-0.2797364294528961,0.2797364294528961,1.0,2.556412696838379,32.857852935791016,-0.31297850608825684,1.0,0.8048621831773394,0.009481450928168276,0.5,1.3608930110931396,2.819687843322754,-0.8729696273803711,-0.8850568532943726,0.09236058592796326,100000
261,-0.3195528984069824,0.3195528984069824,1.0,2.85972261428833,33.61072540283203,-0.3623657822608948,1.0,0.8036219559084563,0.009454166297520447,0.5,1.4669439792633057,3.9482614994049072,-1.0483248233795166,-1.060773253440857,0.09292934834957123,100000
262,-0.2802983522415161,0.2802983522415161,1.0,2.56825590133667,32.75563049316406,-0.3091992437839508,1.0,0.8023836397290871,0.009426960183449379,0.5,1.4789953231811523,3.9482614994049072,-1.0831704139709473,-1.0941747426986694,0.08715564757585526,100000
263,-0.28534698486328125,0.28534698486328125,1.0,2.567225217819214,33.23774719238281,-0.3117882013320923,1.0,0.8011472316943983,0.009399832360009082,0.5,1.352302074432373,3.6836624145507812,-0.5931270122528076,-0.6043710112571716,0.08443306386470795,100000
264,-0.2918464243412018,0.2918464243412018,1.0,2.6145176887512207,33.329254150390625,-0.3351324796676636,0.9984130859375,0.7999127288640938,0.00937278260190377,0.5,1.4786417484283447,3.6836624145507812,-0.590595543384552,-0.6039006114006042,0.08310488611459732,100000
265,-0.2612164616584778,0.2612164616584778,1.0,2.4522664546966553,32.11054229736328,-0.3006858229637146,1.0,0.7986801283024081,0.009345810684485985,0.5,1.3751447200775146,3.9482614994049072,-1.0039494037628174,-1.0159615278244019,0.081600122153759,100000
266,-0.2893209457397461,0.2893209457397461,1.0,2.620511531829834,33.05718231201172,-0.32198968529701233,0.99951171875,0.7974494270781,0.009318916383754738,0.5,1.5933598279953003,3.9482614994049072,-1.023557424545288,-1.0342141389846802,0.08760197460651398,100000
267,-0.2690007984638214,0.2690007984638214,1.0,2.5115575790405273,32.262107849121094,-0.31290072202682495,1.0,0.7962206222644446,0.009292099476353642,0.5,1.3630059957504272,3.9482614994049072,-0.5504535436630249,-0.5622401833534241,0.08899268507957458,100000
268,-0.27412670850753784,0.27412670850753784,1.0,2.5338101387023926,32.52140808105469,-0.31976765394210815,0.999755859375,0.7949937109392272,0.009265359739569058,0.5,1.4381721019744873,3.9482614994049072,-0.8692095279693604,-0.8799722790718079,0.09847405552864075,100000
269,-0.26615339517593384,0.26615339517593384,1.0,2.461153268814087,32.47621536254883,-0.3027781844139099,1.0,0.793768690184736,0.009238696951328245,0.5,1.382293701171875,3.9482614994049072,-1.0622681379318237,-1.072879672050476,0.08784059435129166,100000
270,-0.29120463132858276,0.29120463132858276,1.0,2.7050888538360596,32.52367401123047,-0.3289586305618286,1.0,0.7925455570877549,0.009212110890197524,0.5,1.3273615837097168,2.819687843322754,-0.5120558738708496,-0.5224058032035828,0.10078011453151703,100000
271,-0.27779239416122437,0.27779239416122437,1.0,2.506373167037964,33.07569122314453,-0.31659233570098877,0.999755859375,0.7913243087395568,0.009185601335380432,0.5,1.3068068027496338,3.6836624145507812,-0.5160632133483887,-0.5262794494628906,0.09370247274637222,100000
272,-0.29636573791503906,0.29636573791503906,1.0,2.680375576019287,33.183380126953125,-0.33258646726608276,1.0,0.7901049422358971,0.009159168066715878,0.5,1.3353644609451294,2.77083420753479,-0.8704007863998413,-0.8821820616722107,0.08754344284534454,100000
273,-0.27396097779273987,0.27396097779273987,1.0,2.5053977966308594,32.74116516113281,-0.31235378980636597,0.9996337890625,0.7888874546770062,0.009132810864676339,0.5,1.402550458908081,2.819687843322754,-0.7666498422622681,-0.7768765091896057,0.08266893774271011,100000
274,-0.27524352073669434,0.27524352073669434,1.0,2.4625356197357178,33.211795806884766,-0.3172812759876251,1.0,0.7876718431675825,0.009106529510366014,0.5,1.5927568674087524,3.9482614994049072,-0.8614877462387085,-0.8699595332145691,0.08703161031007767,100000
275,-0.290565550327301,0.290565550327301,1.0,2.6379380226135254,33.10301971435547,-0.3240174651145935,1.0,0.7864581048167864,0.009080323785519017,0.5,1.4424432516098022,3.6836624145507812,-0.7419083714485168,-0.7534031271934509,0.09510544687509537,100000
276,-0.2779625654220581,0.2779625654220581,1.0,2.5173568725585938,33.0205192565918,-0.3063107132911682,1.0,0.7852462367382324,0.009054193472497564,0.5,1.3899662494659424,3.9482614994049072,-0.5451303124427795,-0.5556282997131348,0.10651852935552597,100000
277,-0.29878517985343933,0.29878517985343933,1.0,2.6965463161468506,33.274818420410156,-0.32326987385749817,1.0,0.7840362360499828,0.009028138354290166,0.5,1.3281017541885376,2.48532772064209,-0.7386155724525452,-0.7457547187805176,0.10701572149991989,100000
278,-0.287836492061615,0.287836492061615,1.0,2.6172842979431152,33.00328826904297,-0.3402806222438812,1.0,0.782828099874541,0.009002158214509823,0.5,1.422464370727539,3.6836624145507812,-0.5591808557510376,-0.5677445530891418,0.08470413833856583,100000
279,-0.28616005182266235,0.28616005182266235,1.0,2.6287994384765625,32.70186996459961,-0.33056485652923584,1.0,0.7816218253388441,0.008976252837392224,0.5,1.342057228088379,2.819687843322754,-0.582889199256897,-0.5929552912712097,0.08803322166204453,100000
280,-0.27857208251953125,0.27857208251953125,1.0,2.535593032836914,32.89908218383789,-0.305509477853775,0.9998779296875,0.7804174095742562,0.008950422007793966,0.5,1.3429551124572754,2.77083420753479,-0.7747873663902283,-0.784762442111969,0.08478136360645294,100000
281,-0.29357677698135376,0.29357677698135376,1.0,2.643026828765869,33.26481628417969,-0.3384097218513489,1.0,0.7792148497165621,0.008924665511190758,0.5,1.258378267288208,2.5648791790008545,-0.4196404218673706,-0.4318975508213043,0.08068195730447769,100000
282,-0.3016296625137329,0.3016296625137329,1.0,2.659599781036377,33.77425765991211,-0.3498246669769287,0.9996337890625,0.7780141429059599,0.008898983133675646,0.5,1.663798213005066,3.9482614994049072,-1.1027741432189941,-1.1137431859970093,0.08763237297534943,100000
283,-0.2805826663970947,0.2805826663970947,1.0,2.522698402404785,33.19078063964844,-0.32863011956214905,0.999755859375,0.7768152862870547,0.008873374661957225,0.5,1.501751184463501,3.9482614994049072,-0.7320533990859985,-0.7437688708305359,0.09134774655103683,100000
284,-0.2809280753135681,0.2809280753135681,1.0,2.5869786739349365,32.66651153564453,-0.3051260709762573,1.0,0.7756182770088511,0.008847839883357883,0.5,1.3418123722076416,2.5648791790008545,-0.7089939117431641,-0.7202590107917786,0.08491293340921402,100000
285,-0.3002365231513977,0.3002365231513977,1.0,2.5914034843444824,34.28431701660156,-0.5574646592140198,0.9893798828125,0.7744231122247474,0.008822378585812026,0.5,1.5042786598205566,3.9482614994049072,-0.921733021736145,-0.9318831562995911,0.08896137028932571,100000
286,-0.28013280034065247,0.28013280034065247,1.0,2.5571236610412598,32.846580505371094,-0.329291433095932,0.99560546875,0.7732297890925276,0.008796990557864317,0.5,1.4242053031921387,3.6836624145507812,-0.7237101793289185,-0.7362419366836548,0.08691422641277313,100000
287,-0.2818646728992462,0.2818646728992462,1.0,2.561431884765625,32.96282958984375,-0.32952022552490234,0.9990234375,0.7720383047743559,0.008771675588667916,0.5,1.3411383628845215,3.9482614994049072,-0.5915391445159912,-0.5999305844306946,0.09227045625448227,100000
288,-0.26372021436691284,0.26372021436691284,1.0,2.4513251781463623,32.327842712402344,-0.2943187654018402,1.0,0.7708486564367689,0.008746433467982744,0.5,1.290893793106079,2.5648791790008545,-0.7116251587867737,-0.7214638590812683,0.09399405866861343,100000
289,-0.27986904978752136,0.27986904978752136,1.0,2.5833282470703125,32.581233978271484,-0.32167235016822815,0.9998779296875,0.7696608412506701,0.008721263986173717,0.5,1.3654134273529053,3.6836624145507812,-0.5659626722335815,-0.5763064622879028,0.08524104207754135,100000
290,-0.2770652174949646,0.2770652174949646,1.0,2.5308876037597656,32.79931640625,-0.31535905599594116,1.0,0.7684748563913215,0.008696166934209023,0.5,1.4564852714538574,3.9482614994049072,-0.6875157356262207,-0.697870671749115,0.09195590764284134,100000
291,-0.2668856382369995,0.2668856382369995,1.0,2.491462230682373,32.24811553955078,-0.31723999977111816,1.0,0.7672906990383382,0.00867114210365837,0.5,1.3741953372955322,3.6836624145507812,-0.4143517017364502,-0.4241647720336914,0.08511202037334442,100000
292,-0.2842850685119629,0.2842850685119629,1.0,2.5788540840148926,32.998451232910156,-0.31172940135002136,1.0,0.7661083663756817,0.008646189286691267,0.5,1.420554518699646,3.9482614994049072,-1.16885507106781,-1.1784021854400635,0.08718743175268173,100000
293,-0.2912716865539551,0.2912716865539551,1.0,2.6362857818603516,33.10765075683594,-0.3349516689777374,0.9996337890625,0.7649278555916519,0.008621308276075294,0.5,1.385775089263916,3.9482614994049072,-0.5274052619934082,-0.5368749499320984,0.08500848710536957,100000
294,-0.2656813859939575,0.2656813859939575,1.0,2.4364123344421387,32.60371398925781,-0.3076353371143341,1.0,0.7637491638788819,0.008596498865174383,0.5,1.309492588043213,2.420929193496704,-0.7972261905670166,-0.8044840097427368,0.08810629695653915,100000
295,-0.2519840598106384,0.2519840598106384,1.0,2.376401901245117,31.958995819091797,-0.27690833806991577,1.0,0.7625722884343308,0.00857176084794709,0.5,1.2742536067962646,2.48532772064209,-0.8193371295928955,-0.8284851312637329,0.09421892464160919,100000
296,-0.2990559935569763,0.2990559935569763,1.0,2.676941394805908,33.391624450683594,-0.33162403106689453,0.9981689453125,0.7613972264592765,0.008547094018944905,0.5,1.4087867736816406,2.77083420753479,-1.0012543201446533,-1.010308861732483,0.08844604343175888,100000
297,-0.2765792906284332,0.2765792906284332,1.0,2.554555654525757,32.567222595214844,-0.3131742477416992,1.0,0.7602239751593101,0.008522498173310524,0.5,1.289665937423706,2.819687843322754,-0.8927707672119141,-0.9017622470855713,0.09397434443235397,100000
298,-0.2903486490249634,0.2903486490249634,1.0,2.6367363929748535,33.04039764404297,-0.3419697880744934,1.0,0.7590525317443277,0.008497973106776168,0.5,1.3908129930496216,2.819687843322754,-0.5801180601119995,-0.5918256640434265,0.08215700089931488,100000
299,-0.27493414282798767,0.27493414282798767,1.0,2.5217952728271484,32.68549346923828,-0.3203136920928955,1.0,0.757882893428526,0.00847351861566187,0.5,1.3024580478668213,3.6836624145507812,-0.40466171503067017,-0.4138481914997101,0.08237635344266891,100000
300,-0.27712881565093994,0.27712881565093994,1.0,2.506758451461792,33.041297912597656,-0.3071848154067993,1.0,0.7567150574303935,0.008449134496873787,0.5,1.5215344429016113,3.9482614994049072,-0.7786386013031006,-0.7864454388618469,0.0856805071234703,100000
301,-0.28612643480300903,0.28612643480300903,1.0,2.557356834411621,33.343658447265625,-0.3400505781173706,1.0,0.7555490209727048,0.008424820547902525,0.5,1.4346563816070557,3.6836624145507812,-0.7248679399490356,-0.7335392236709595,0.09759571403265,100000
302,-0.2801542282104492,0.2801542282104492,1.0,2.544708013534546,33.03309631347656,-0.30539384484291077,1.0,0.7543847812825146,0.00840057656682144,0.5,1.2695703506469727,3.6836624145507812,-0.7953178882598877,-0.8032264113426208,0.09286055713891983,100000
303,-0.27740946412086487,0.27740946412086487,1.0,2.5620522499084473,32.565399169921875,-0.3336266875267029,0.99853515625,0.7532223355911498,0.008376402352284974,0.5,1.3756372928619385,3.9482614994049072,-0.5864822864532471,-0.5959538817405701,0.09036997705698013,100000
304,-0.2825409770011902,0.2825409770011902,1.0,2.5209884643554688,33.4785041809082,-0.3168337643146515,1.0,0.752061681134204,0.008352297703526976,0.5,1.4489531517028809,3.9482614994049072,-0.6335645914077759,-0.6422683000564575,0.0812230333685875,100000
305,-0.26880568265914917,0.26880568265914917,1.0,2.5347342491149902,32.04948425292969,-0.29588574171066284,1.0,0.7509028151515303,0.008328262420359037,0.5,1.271020531654358,2.819687843322754,-0.7930519580841064,-0.8039078712463379,0.08291538804769516,100000
306,-0.27513599395751953,0.27513599395751953,1.0,2.517146110534668,32.742671966552734,-0.32035359740257263,1.0,0.7497457348872351,0.008304296303168831,0.5,1.3400962352752686,3.6836624145507812,-0.9780330657958984,-0.9879637360572815,0.0922243669629097,100000
307,-0.2618843913078308,0.2618843913078308,1.0,2.4352567195892334,32.297401428222656,-0.29874423146247864,1.0,0.7485904375896715,0.008280399152918448,0.5,1.2898674011230469,2.0209224224090576,-0.5074082016944885,-0.5157946348190308,0.08573529869318008,100000
308,-0.2892725467681885,0.2892725467681885,1.0,2.6698801517486572,32.6429557800293,-0.32610321044921875,1.0,0.7474369205114325,0.008256570771142748,0.5,1.4953192472457886,3.9482614994049072,-0.9381274580955505,-0.9460199475288391,0.10554394125938416,100000
309,-0.2815174460411072,0.2815174460411072,1.0,2.550506830215454,32.985069274902344,-0.32680636644363403,1.0,0.7462851809093446,0.00823281095994771,0.5,1.4205049276351929,3.6836624145507812,-0.356633722782135,-0.3652929365634918,0.09833379089832306,100000
310,-0.2759097218513489,0.2759097218513489,1.0,2.521029472351074,32.76749801635742,-0.30981966853141785,1.0,0.7451352160444613,0.008209119522008798,0.5,1.3328629732131958,2.420929193496704,-0.5500227212905884,-0.5592831969261169,0.08096618950366974,100000
311,-0.27198222279548645,0.27198222279548645,1.0,2.547834873199463,32.22636032104492,-0.30694448947906494,1.0,0.743987023182057,0.0081854962605693,0.5,1.297142505645752,2.48532772064209,-0.7007995843887329,-0.7103525400161743,0.08551757782697678,100000
312,-0.29765942692756653,0.29765942692756653,1.0,2.695103168487549,33.15411376953125,-0.3388543725013733,0.9901123046875,0.7428405995916194,0.008161940979438719,0.5,1.3496010303497314,3.9482614994049072,-0.6887292861938477,-0.6948010921478271,0.08459196984767914,100000
313,-0.2709798216819763,0.2709798216819763,1.0,2.476839780807495,32.73417663574219,-0.300048828125,0.9998779296875,0.7416959425468443,0.00813845348299113,0.5,1.4487017393112183,3.9482614994049072,-1.1707133054733276,-1.1801230907440186,0.08187319338321686,100000
314,-0.2701724171638489,0.2701724171638489,1.0,2.5119433403015137,32.36128234863281,-0.3187767267227173,1.0,0.7405530493256283,0.008115033576163553,0.5,1.3804348707199097,2.819687843322754,-0.5768954753875732,-0.5872058868408203,0.09745130687952042,100000
315,-0.2726292312145233,0.2726292312145233,1.0,2.5073206424713135,32.67038345336914,-0.31273967027664185,0.9998779296875,0.7394119172100625,0.008091681064454345,0.5,1.242603063583374,2.420929193496704,-0.4876566231250763,-0.4959132671356201,0.09282683581113815,100000
316,-0.27009475231170654,0.27009475231170654,1.0,2.442666530609131,32.93843460083008,-0.2974504232406616,1.0,0.7382725434864259,0.008068395753921572,0.5,1.2708969116210938,2.4810237884521484,-0.6752975583076477,-0.6847394108772278,0.07971295714378357,100000
317,-0.28129854798316956,0.28129854798316956,1.0,2.5545191764831543,32.988487243652344,-0.30710798501968384,1.0,0.7371349254451794,0.008045177451181404,0.5,1.4181427955627441,3.9482614994049072,-0.6369748711585999,-0.6453855633735657,0.08375023305416107,100000
318,-0.279083788394928,0.279083788394928,1.0,2.5865931510925293,32.49287414550781,-0.30586931109428406,1.0,0.7359990603809591,0.008022025963406513,0.5,1.3760747909545898,3.9482614994049072,-0.39672964811325073,-0.4042711853981018,0.09480934590101242,100000
319,-0.28892409801483154,0.28892409801483154,1.0,2.5978825092315674,33.238609313964844,-0.32352083921432495,1.0,0.7348649455925697,0.007998941098324464,0.5,1.4665396213531494,3.9482614994049072,-0.8424819707870483,-0.8504340648651123,0.08704795688390732,100000
320,-0.2600259780883789,0.2600259780883789,1.0,2.398465633392334,32.44855499267578,-0.2924107313156128,1.0,0.7337325783829783,0.007975922664216123,0.5,1.191824197769165,2.0209224224090576,-0.6137664318084717,-0.6233653426170349,0.08470838516950607,100000
321,-0.30847278237342834,0.30847278237342834,1.0,2.801051616668701,33.212196350097656,-0.3431735634803772,1.0,0.7326019560593078,0.007952970469914063,0.5,1.4243781566619873,2.819687843322754,-0.5344866514205933,-0.5425401329994202,0.07622281461954117,100000
322,-0.2611488103866577,0.2611488103866577,1.0,2.436417818069458,32.23484802246094,-0.30400002002716064,0.9998779296875,0.7314730759328306,0.007930084324800975,0.5,1.2928321361541748,2.5648791790008545,-0.4716956913471222,-0.481337308883667,0.08577141165733337,100000
323,-0.27804356813430786,0.27804356813430786,1.0,2.5805442333221436,32.44415283203125,-0.3281859755516052,1.0,0.7303459353189627,0.00790726403880809,0.5,1.2270939350128174,1.860154390335083,-0.4533078372478485,-0.46353766322135925,0.08153237402439117,100000
324,-0.27787989377975464,0.27787989377975464,1.0,2.5177669525146484,32.98240661621094,-0.29888683557510376,1.0,0.729220531537256,0.00788450942241359,0.5,1.461080551147461,3.6836624145507812,-0.6340563297271729,-0.641697108745575,0.08128875494003296,100000
325,-0.28601402044296265,0.28601402044296265,1.0,2.5525081157684326,33.427085876464844,-0.3477608263492584,1.0,0.7280968619113931,0.007861820286641051,0.5,1.3038978576660156,2.4810237884521484,-0.569246768951416,-0.5789562463760376,0.09082958102226257,100000
326,-0.2965875267982483,0.2965875267982483,1.0,2.6890292167663574,33.127201080322266,-0.3298845589160919,1.0,0.7269749237691813,0.00783919644305786,0.5,1.3959890604019165,3.6836624145507812,-0.49495619535446167,-0.5031720995903015,0.0858839824795723,100000
327,-0.2806909680366516,0.2806909680366516,1.0,2.535923719406128,33.067726135253906,-0.30423611402511597,1.0,0.7258547144425441,0.007816637703773647,0.5,1.4596498012542725,3.9482614994049072,-0.5231522917747498,-0.5296440720558167,0.08004336804151535,100000
328,-0.2736785411834717,0.2736785411834717,1.0,2.542273998260498,32.444740295410156,-0.2964321970939636,1.0,0.7247362312675176,0.007794143881438741,0.5,1.3276426792144775,2.48532772064209,-0.37167394161224365,-0.37976962327957153,0.09732837975025177,100000
329,-0.2655760645866394,0.2655760645866394,1.0,2.466203212738037,32.3868522644043,-0.3089342713356018,1.0,0.7236194715842421,0.0077717147892426,0.5,1.2710013389587402,2.4810237884521484,-0.8174874782562256,-0.8285002112388611,0.09420046955347061,100000
330,-0.2598288655281067,0.2598288655281067,1.0,2.3683109283447266,32.67878341674805,-0.296828031539917,1.0,0.7225044327369569,0.007749350240912263,0.5,1.4720107316970825,3.9482614994049072,-0.8421640396118164,-0.8512375354766846,0.09209904819726944,100000
331,-0.27553898096084595,0.27553898096084595,1.0,2.5183255672454834,32.75001525878906,-0.30189281702041626,1.0,0.7213911120739933,0.0077270500507108045,0.5,1.26517915725708,3.6836624145507812,-0.7174266576766968,-0.7256869673728943,0.08698628842830658,100000
332,-0.2756226062774658,0.2756226062774658,1.0,2.544715404510498,32.5301399230957,-0.3200928866863251,0.9998779296875,0.7202795069477689,0.007704814033435793,0.5,1.3907564878463745,2.819687843322754,-0.6347805857658386,-0.6422750353813171,0.08888063579797745,100000
333,-0.26678282022476196,0.26678282022476196,1.0,2.4925403594970703,32.23167037963867,-0.29636356234550476,1.0,0.7191696147147809,0.00768264200441775,0.5,1.3135795593261719,2.819687843322754,-0.6388171315193176,-0.6467333436012268,0.0866207405924797,100000
334,-0.2794764041900635,0.2794764041900635,1.0,2.557579517364502,32.75633239746094,-0.3133998513221741,0.999755859375,0.7180614327356,0.0076605337795186195,0.5,1.432502269744873,3.6836624145507812,-0.4816775918006897,-0.49121811985969543,0.09133700281381607,100000
335,-0.2782367765903473,0.2782367765903473,1.0,2.5233633518218994,32.947486877441406,-0.3234148919582367,1.0,0.7169549583748637,0.007638489175130233,0.5,1.3505425453186035,3.9482614994049072,-0.8288191556930542,-0.8380157947540283,0.10355082154273987,100000
336,-0.2478267401456833,0.2478267401456833,1.0,2.352639675140381,31.818119049072266,-0.28432804346084595,0.9998779296875,0.7158501890012707,0.007616508008172791,0.5,1.2278409004211426,2.420929193496704,-0.9384104013442993,-0.9483692646026611,0.08387776464223862,100000
337,-0.2882194221019745,0.2882194221019745,1.0,2.6278748512268066,32.90388488769531,-0.321962833404541,1.0,0.7147471219875745,0.007594590096093341,0.5,1.3265917301177979,2.5648791790008545,-0.5261049270629883,-0.53434818983078,0.0739014521241188,100000
338,-0.2796068489551544,0.2796068489551544,1.0,2.530486583709717,33.03316879272461,-0.3130328357219696,1.0,0.7136457547105765,0.007572735256864258,0.5,1.3890923261642456,3.9482614994049072,-0.48808014392852783,-0.494894802570343,0.07986768335103989,100000
339,-0.29043853282928467,0.29043853282928467,1.0,2.6079134941101074,33.31513595581055,-0.6587131023406982,0.978515625,0.7125460845511206,0.007550943308981737,0.5,1.5307657718658447,3.9482614994049072,-0.7220189571380615,-0.7286946773529053,0.08689412474632263,100000
340,-0.2797014117240906,0.2797014117240906,1.0,2.5547401905059814,32.816646575927734,-0.3306320905685425,1.0,0.7114481088940862,0.007529214071464284,0.5,1.3035976886749268,2.5648791790008545,-0.38318753242492676,-0.3906102776527405,0.08101128041744232,100000
341,-0.28053486347198486,0.28053486347198486,1.0,2.498933792114258,33.38590621948242,-0.30818799138069153,1.0,0.710351825128383,0.00750754736385121,0.5,1.448317289352417,3.6836624145507812,-0.5752114057540894,-0.5844727754592896,0.0807064101099968,100000
342,-0.27316370606422424,0.27316370606422424,1.0,2.5162546634674072,32.66873550415039,-0.31651926040649414,1.0,0.7092572306469437,0.007485943006201139,0.5,1.4378560781478882,3.9482614994049072,-1.0632524490356445,-1.072155237197876,0.0746845230460167,100000
343,-0.26934289932250977,0.26934289932250977,1.0,2.4627411365509033,32.73243713378906,-0.30900055170059204,1.0,0.7081643228467185,0.007464400819090507,0.5,1.357910394668579,2.819687843322754,-0.5983096361160278,-0.6062938570976257,0.08173003047704697,100000
344,-0.29215267300605774,0.29215267300605774,1.0,2.5877609252929688,33.69868087768555,-0.31641632318496704,1.0,0.7070730991286684,0.007442920623612074,0.5,1.4494349956512451,2.819687843322754,-0.5550031661987305,-0.5634506940841675,0.08105774968862534,100000
345,-0.2765544652938843,0.2765544652938843,1.0,2.505589723587036,32.958702087402344,-0.30388668179512024,1.0,0.7059835568977598,0.0074215022413734386,0.5,1.3590078353881836,3.9482614994049072,-1.12050461769104,-1.128178358078003,0.07829127460718155,100000
346,-0.2878257632255554,0.2878257632255554,1.0,2.620290756225586,32.93632125854492,-0.3218728303909302,1.0,0.7048956935629573,0.007400145494495563,0.5,1.387104868888855,3.6836624145507812,-0.7616782188415527,-0.769480288028717,0.08009785413742065,100000
347,-0.27822113037109375,0.27822113037109375,1.0,2.5138988494873047,33.05269241333008,-0.3157796263694763,1.0,0.7038095065372186,0.007378850205611281,0.5,1.5110605955123901,3.9482614994049072,-0.39261895418167114,-0.39953291416168213,0.08450285345315933,100000
348,-0.294769287109375,0.294769287109375,1.0,2.629240036010742,33.46320343017578,-0.32095181941986084,1.0,0.7027249932374874,0.0073576161978638355,0.5,1.3967593908309937,2.819687843322754,-0.5740200281143188,-0.5798013806343079,0.08627255260944366,100000
349,-0.28411754965782166,0.28411754965782166,1.0,2.557079315185547,33.20945739746094,-0.3216334581375122,1.0,0.7016421510846875,0.00733644329490541,0.5,1.329721450805664,2.48532772064209,-0.21774771809577942,-0.22453555464744568,0.08540942519903183,100000
350,-0.2796717584133148,0.2796717584133148,1.0,2.518340826034546,33.10673522949219,-0.3358277678489685,1.0,0.7005609775037178,0.007315331320895658,0.5,1.4171943664550781,3.6836624145507812,-0.5723994374275208,-0.5805946588516235,0.07694984972476959,100000
351,-0.2640528678894043,0.2640528678894043,1.0,2.4511919021606445,32.382728576660156,-0.29580986499786377,1.0,0.6994814699234443,0.007294280100500249,0.5,1.2398775815963745,2.4810237884521484,-0.7625982165336609,-0.7736644744873047,0.08347370475530624,100000
352,-0.2723390460014343,0.2723390460014343,1.0,2.5326919555664062,32.39985656738281,-0.30433884263038635,1.0,0.6984036257766949,0.007273289458889408,0.5,1.1650596857070923,2.2584588527679443,-0.6079102754592896,-0.614193320274353,0.08705156296491623,100000
353,-0.2840840816497803,0.2840840816497803,1.0,2.5762295722961426,33.0467414855957,-0.30863267183303833,1.0,0.6973274425002541,0.007252359221736468,0.5,1.3542606830596924,3.9482614994049072,-0.7751715779304504,-0.7805298566818237,0.08492018282413483,100000
354,-0.2884487509727478,0.2884487509727478,1.0,2.634702444076538,32.876129150390625,-0.32782936096191406,1.0,0.6962529175348555,0.007231489215216414,0.5,1.3542780876159668,2.819687843322754,0.04356928914785385,0.034485824406147,0.09306900948286057,100000
355,-0.2722163200378418,0.2722163200378418,1.0,2.4732110500335693,32.86756134033203,-0.31292933225631714,1.0,0.6951800483251763,0.007210679266004449,0.5,1.2865582704544067,2.48532772064209,-0.6587764024734497,-0.6688297390937805,0.09231771528720856,100000
356,-0.28628069162368774,0.28628069162368774,1.0,2.606066942214966,32.9649772644043,-0.4544420540332794,0.994873046875,0.6941088323198316,0.007189929201274547,0.5,1.2494308948516846,2.4810237884521484,-0.48424917459487915,-0.4940245449542999,0.08267668634653091,100000
357,-0.3144226670265198,0.3144226670265198,1.0,2.7301669120788574,34.415794372558594,-0.3495485484600067,1.0,0.6930392669713674,0.007169238848698024,0.5,1.5178545713424683,3.6836624145507812,-0.301239937543869,-0.30866682529449463,0.08640097081661224,100000
358,-0.29755744338035583,0.29755744338035583,1.0,2.6740269660949707,33.30182647705078,-0.33548033237457275,1.0,0.6919713497362558,0.007148608036442101,0.5,1.4857275485992432,3.9482614994049072,-0.6222368478775024,-0.6301194429397583,0.09608115255832672,100000
359,-0.27617597579956055,0.27617597579956055,1.0,2.548189163208008,32.570106506347656,-0.3129025995731354,1.0,0.6909050780748879,0.007128036593168482,0.5,1.3476415872573853,2.819687843322754,-0.540615439414978,-0.5489821434020996,0.08588375896215439,100000
360,-0.2921711802482605,0.2921711802482605,1.0,2.6574950218200684,32.98832702636719,-0.32450687885284424,1.0,0.6898404494515681,0.0071075243480319275,0.5,1.5160490274429321,3.9482614994049072,-0.4405306279659271,-0.44802165031433105,0.09062855690717697,100000
361,-0.2737386226654053,0.2737386226654053,1.0,2.494532346725464,32.79759216308594,-0.3030397295951843,1.0,0.6887774613345081,0.007087071130678837,0.5,1.2583601474761963,2.3991518020629883,-0.8266626596450806,-0.8343467712402344,0.08540347218513489,100000
362,-0.2803460955619812,0.2803460955619812,1.0,2.5448009967803955,32.92784118652344,-0.3134276270866394,1.0,0.6877161111958212,0.007066676771245834,0.5,1.5120251178741455,3.9482614994049072,-0.482112854719162,-0.48914608359336853,0.08199374377727509,100000
363,-0.2676663398742676,0.2676663398742676,1.0,2.451474189758301,32.68382263183594,-0.3023990988731384,0.9998779296875,0.6866563965115157,0.007046341100358353,0.5,1.3809163570404053,3.9482614994049072,-0.6418678164482117,-0.648746907711029,0.07749923318624496,100000
364,-0.28624820709228516,0.28624820709228516,1.0,2.590386390686035,33.068199157714844,-0.33541563153266907,1.0,0.685598314761489,0.0070260639491292395,0.5,1.475982904434204,3.6836624145507812,-0.4281640648841858,-0.4377686381340027,0.0841422900557518,100000
365,-0.2759844660758972,0.2759844660758972,1.0,2.5324559211730957,32.69845962524414,-0.3115537762641907,1.0,0.6845418634295221,0.007005845149157342,0.5,1.2670716047286987,3.6836624145507812,-0.7533184289932251,-0.7624348402023315,0.08230412006378174,100000
366,-0.28623121976852417,0.28623121976852417,1.0,2.5461244583129883,33.45188522338867,-0.31408676505088806,0.9998779296875,0.6834870400032731,0.00698568453252611,0.5,1.4854371547698975,3.9482614994049072,-0.7976349592208862,-0.8049017786979675,0.09463907033205032,100000
367,-0.2715640664100647,0.2715640664100647,1.0,2.4677391052246094,32.831993103027344,-0.31880325078964233,1.0,0.6824338419742716,0.00696558193180221,0.5,1.4036593437194824,3.9482614994049072,-0.6468499898910522,-0.6525598168373108,0.08325713127851486,100000
368,-0.28537610173225403,0.28537610173225403,1.0,2.5542516708374023,33.309715270996094,-0.33348968625068665,1.0,0.6813822668379123,0.006945537180034126,0.5,1.384378433227539,3.9482614994049072,-0.8980433940887451,-0.9040390253067017,0.08116932213306427,100000
369,-0.30207183957099915,0.30207183957099915,1.0,2.6333351135253906,34.17090606689453,-0.3662240207195282,1.0,0.6803323120934495,0.0069255501107507765,0.5,1.2553937435150146,2.48532772064209,-0.4488700032234192,-0.45464378595352173,0.08585068583488464,100000
370,-0.28839999437332153,0.28839999437332153,1.0,2.6106719970703125,33.15045166015625,-0.32137995958328247,0.9998779296875,0.6792839752439909,0.00690562055796013,0.5,1.2747957706451416,2.77083420753479,-0.44942939281463623,-0.45735427737236023,0.08730889111757278,100000
371,-0.267939954996109,0.267939954996109,1.0,2.5032477378845215,32.23822784423828,-0.31332024931907654,0.9989013671875,0.6782372537964915,0.00688574835614783,0.5,1.2668251991271973,2.5648791790008545,-0.3458959460258484,-0.35429346561431885,0.08961918205022812,100000
372,-0.27362754940986633,0.27362754940986633,1.0,2.468470573425293,33.01008605957031,-0.3213856518268585,0.996826171875,0.6771921452617481,0.006865933340275815,0.5,1.3680373430252075,3.9482614994049072,-0.7221187353134155,-0.7286970615386963,0.08357086032629013,100000
373,-0.28166714310646057,0.28166714310646057,1.0,2.581413745880127,32.75279235839844,-0.3212190270423889,1.0,0.6761486471543932,0.0068461753457809554,0.5,1.3849889039993286,3.9482614994049072,-0.747107982635498,-0.7544488310813904,0.0916246846318245,100000
374,-0.27635717391967773,0.27635717391967773,1.0,2.5034377574920654,32.973602294921875,-0.3082958459854126,0.999755859375,0.6751067569928889,0.00682647420857368,0.5,1.3670419454574585,2.77083420753479,-0.7373669743537903,-0.7443966269493103,0.08767993748188019,100000
375,-0.3166011869907379,0.3166011869907379,1.0,2.7871153354644775,34.0556640625,-0.3602886199951172,0.999755859375,0.6740664722995213,0.006806829765036615,0.5,1.3164916038513184,3.6836624145507812,-0.4800383150577545,-0.4867708384990692,0.08713645488023758,100000
376,-0.2787749171257019,0.2787749171257019,1.0,2.5475821495056152,32.7857666015625,-0.3161708116531372,1.0,0.6730277906003943,0.006787241852023227,0.5,1.3563005924224854,3.9482614994049072,-0.4963605999946594,-0.5019890069961548,0.08791842311620712,100000
377,-0.29623550176620483,0.29623550176620483,1.0,2.6291286945343018,33.57611846923828,-0.3298909664154053,1.0,0.6719907094254242,0.006767710306856468,0.5,1.5327110290527344,3.9482614994049072,-0.5902872681617737,-0.5952030420303345,0.09105464816093445,100000
378,-0.28107768297195435,0.28107768297195435,1.0,2.5835046768188477,32.7164306640625,-0.307353675365448,1.0,0.6709552263083326,0.006748234967327423,0.5,1.3791372776031494,2.819687843322754,-0.7920804023742676,-0.7990581393241882,0.08869217336177826,100000
379,-0.29458650946617126,0.29458650946617126,1.0,2.6191248893737793,33.550926208496094,-0.33756357431411743,1.0,0.6699213387866426,0.006728815671693957,0.5,1.439426064491272,3.9482614994049072,-0.795062780380249,-0.8012014627456665,0.08013339340686798,100000
380,-0.2802330255508423,0.2802330255508423,1.0,2.55466890335083,32.845638275146484,-0.30736595392227173,1.0,0.6688890444016711,0.006709452258679389,0.5,1.3756937980651855,3.6836624145507812,-0.9756771326065063,-0.9831464290618896,0.08653929084539413,100000
381,-0.2918988764286041,0.2918988764286041,1.0,2.6478753089904785,33.095787048339844,-0.3427301049232483,1.0,0.6678583406985238,0.006690144567471134,0.5,1.468513011932373,3.9482614994049072,-0.6844444274902344,-0.6913285851478577,0.08845891803503036,100000
382,-0.2711751163005829,0.2711751163005829,1.0,2.532693862915039,32.240482330322266,-0.29600241780281067,1.0,0.6668292252260891,0.006670892437719377,0.5,1.404008150100708,2.819687843322754,-0.6268240213394165,-0.6337082386016846,0.0850876048207283,100000
383,-0.2779538035392761,0.2779538035392761,1.0,2.517982006072998,33.03813171386719,-0.32178032398223877,1.0,0.6658016955370327,0.0066516957095357375,0.5,1.256995677947998,2.48532772064209,-0.7125255465507507,-0.7185846567153931,0.080715112388134,100000
384,-0.2921264171600342,0.2921264171600342,1.0,2.600771188735962,33.525474548339844,-0.33396387100219727,0.9998779296875,0.6647757491877907,0.006632554223491947,0.5,1.409398078918457,3.6836624145507812,-0.5281596183776855,-0.5330291390419006,0.07271287590265274,100000
385,-0.2802034914493561,0.2802034914493561,1.0,2.555729627609253,32.849449157714844,-0.3183012008666992,1.0,0.6637513837385656,0.006613467820618518,0.5,1.3328937292099,3.6836624145507812,-0.93076092004776,-0.938103973865509,0.08620623499155045,100000
386,-0.2847714424133301,0.2847714424133301,1.0,2.603588581085205,32.86599349975586,-0.3180886209011078,1.0,0.6627285967533183,0.006594436342403429,0.5,1.3793952465057373,2.819687843322754,-0.4846448302268982,-0.4916629195213318,0.08157042413949966,100000
387,-0.3012097477912903,0.3012097477912903,1.0,2.65433931350708,33.8734245300293,-0.3623877763748169,0.9993896484375,0.6617073857997643,0.0065754596307908055,0.5,1.3787517547607422,3.9482614994049072,-0.48037034273147583,-0.48449307680130005,0.07623038440942764,100000
388,-0.29738014936447144,0.29738014936447144,1.0,2.5964713096618652,34.311431884765625,-0.3235979974269867,1.0,0.6606877484493666,0.006556537528179609,0.5,1.3944990634918213,3.9482614994049072,-0.8044143319129944,-0.8100683689117432,0.07649919390678406,100000
389,-0.2755514979362488,0.2755514979362488,1.0,2.4791688919067383,33.11615753173828,-0.3102973401546478,1.0,0.6596696822773306,0.006537669877422326,0.5,1.371412992477417,3.9482614994049072,-0.6855870485305786,-0.6925873756408691,0.08142499625682831,100000
390,-0.27702710032463074,0.27702710032463074,1.0,2.5654239654541016,32.469722747802734,-0.31235963106155396,1.0,0.6586531848625982,0.006518856521823664,0.5,1.2722597122192383,2.5648791790008545,-0.48274728655815125,-0.4883130192756653,0.09436949342489243,100000
391,-0.29149341583251953,0.29149341583251953,1.0,2.6147000789642334,33.2973747253418,-0.32975998520851135,0.9998779296875,0.6576382537878412,0.0065000973051392505,0.5,1.4053750038146973,3.9482614994049072,-0.7615354657173157,-0.7675161361694336,0.08339574187994003,100000
392,-0.2955175042152405,0.2955175042152405,1.0,2.6152262687683105,33.65605926513672,-0.3348819613456726,1.0,0.6566248866394576,0.006481392071574337,0.5,1.3502631187438965,2.77083420753479,-0.6142417788505554,-0.6225507259368896,0.07849188148975372,100000
393,-0.2878619432449341,0.2878619432449341,1.0,2.57926344871521,33.29658508300781,-0.31967833638191223,1.0,0.6556130810075634,0.006462740665782499,0.5,1.4356093406677246,3.9482614994049072,-0.5819042921066284,-0.5883907079696655,0.07442471385002136,100000
394,-0.318606436252594,0.318606436252594,1.0,2.79862117767334,34.12407302856445,-0.3647104501724243,1.0,0.6546028344859884,0.006444142932864354,0.5,1.535109281539917,3.9482614994049072,-0.6274263262748718,-0.6345672011375427,0.08067473024129868,100000
395,-0.2797221839427948,0.2797221839427948,1.0,2.5371322631835938,33.01588439941406,-0.331714928150177,1.0,0.6535941446722706,0.00642559871836627,0.5,1.28689444065094,2.77083420753479,-0.606611967086792,-0.6139930486679077,0.08101339638233185,100000
396,-0.291654497385025,0.291654497385025,1.0,2.658790111541748,32.92527389526367,-0.34571921825408936,0.9998779296875,0.6525870091676494,0.006407107868279083,0.5,1.5374912023544312,3.6836624145507812,-0.7359258532524109,-0.7421317100524902,0.08245225995779037,100000
397,-0.2907325029373169,0.2907325029373169,1.0,2.6454038619995117,32.97265625,-0.3391675055027008,1.0,0.6515814255770607,0.006388670229036821,0.5,1.319225549697876,2.4810237884521484,-0.3688506484031677,-0.37408530712127686,0.07655410468578339,100000
398,-0.27684926986694336,0.27684926986694336,1.0,2.494140625,33.088134765625,-0.3067179322242737,1.0,0.6505773915091309,0.006370285647515424,0.5,1.4996551275253296,3.9482614994049072,-0.3335901200771332,-0.3387598395347595,0.07628506422042847,100000
399,-0.2785833477973938,0.2785833477973938,1.0,2.5559425354003906,32.691131591796875,-0.30785855650901794,1.0,0.6495749045761715,0.0063519539710314744,0.5,1.3989458084106445,3.6836624145507812,-0.4880102276802063,-0.4944749176502228,0.07985802739858627,100000
400,-0.2704870402812958,0.2704870402812958,1.0,2.4648938179016113,32.77531814575195,-0.3204854130744934,0.99755859375,0.6485739623941731,0.0063336750473409345,0.5,1.281902551651001,2.4810237884521484,-0.6253325343132019,-0.6323717832565308,0.08315663784742355,100000
401,-0.274247407913208,0.274247407913208,1.0,2.514289379119873,32.71021270751953,-0.3195582330226898,1.0,0.6475745625828,0.00631544872463787,0.5,1.359750509262085,2.77083420753479,-0.23651042580604553,-0.2424379289150238,0.08939164131879807,100000
402,-0.27470120787620544,0.27470120787620544,1.0,2.58247709274292,32.155921936035156,-0.31106340885162354,1.0,0.6465767027653841,0.006297274851553203,0.5,1.381321907043457,2.819687843322754,-0.3845137357711792,-0.38902485370635986,0.09356249123811722,100000
403,-0.28058621287345886,0.28058621287345886,1.0,2.5557618141174316,32.87598419189453,-0.3107856810092926,1.0,0.64558038056892,0.006279153277153442,0.5,1.5779650211334229,3.9482614994049072,-0.6173223257064819,-0.6232302188873291,0.08512654155492783,100000
404,-0.2734954357147217,0.2734954357147217,1.0,2.5045785903930664,32.70066833496094,-0.33298903703689575,1.0,0.6445855936240587,0.0062610838509394385,0.5,1.329463243484497,2.77083420753479,-0.7558681964874268,-0.7629554867744446,0.07593868672847748,100000
405,-0.2691956162452698,0.2691956162452698,1.0,2.4636521339416504,32.682533264160156,-0.3028087019920349,1.0,0.6435923395651019,0.006243066422845132,0.5,1.436313509941101,3.9482614994049072,-0.6167426705360413,-0.622119665145874,0.07998507469892502,100000
406,-0.29010865092277527,0.29010865092277527,1.0,2.6640727519989014,32.750999450683594,-0.32153454422950745,1.0,0.6426006160299969,0.006225100843236306,0.5,1.3068978786468506,3.6836624145507812,-0.6042976379394531,-0.6107368469238281,0.07641181349754333,100000
407,-0.2750525176525116,0.2750525176525116,1.0,2.5396769046783447,32.54186248779297,-0.3183765709400177,1.0,0.6416104206603308,0.006207186962909345,0.5,1.3213740587234497,3.9482614994049072,-0.166927307844162,-0.1730203926563263,0.07957752048969269,100000
408,-0.2979736626148224,0.2979736626148224,1.0,2.652121067047119,33.5889778137207,-0.3417060971260071,1.0,0.6406217511013249,0.006189324633089986,0.5,1.3323100805282593,3.6836624145507812,-0.4661262631416321,-0.4724094271659851,0.08303270488977432,100000
409,-0.30042797327041626,0.30042797327041626,1.0,2.6966967582702637,33.42417907714844,-0.3351749777793884,1.0,0.6396346050018288,0.006171513705432106,0.5,1.3626372814178467,3.6836624145507812,-0.4399028718471527,-0.44676780700683594,0.08502555638551712,100000
410,-0.27982568740844727,0.27982568740844727,1.0,2.5561788082122803,32.78334045410156,-0.3105965852737427,1.0,0.6386489800143149,0.006153754032016462,0.5,1.398483157157898,2.819687843322754,-0.7918364405632019,-0.7989889979362488,0.08816687762737274,100000
411,-0.2641133666038513,0.2641133666038513,1.0,2.4496755599975586,32.38111877441406,-0.2947802245616913,1.0,0.6376648737948732,0.0061360454653494835,0.5,1.3076622486114502,2.5648791790008545,-0.2160620540380478,-0.22113493084907532,0.0815189927816391,100000
412,-0.2736366093158722,0.2736366093158722,1.0,2.470290422439575,33.07367706298828,-0.30531686544418335,0.999755859375,0.6366822840032058,0.00611838785836204,0.5,1.376942753791809,2.77083420753479,-0.5842697620391846,-0.5892509818077087,0.08754634112119675,100000
413,-0.26933348178863525,0.26933348178863525,1.0,2.440857410430908,32.902347564697266,-0.3033694326877594,1.0,0.6357012083026202,0.0061007810644082144,0.5,1.2833975553512573,2.3991518020629883,-0.6855648756027222,-0.6898519992828369,0.08459893614053726,100000
414,-0.2854534983634949,0.2854534983634949,1.0,2.59688663482666,32.97667694091797,-0.30776193737983704,1.0,0.6347216443600252,0.006083224937264097,0.5,1.5214959383010864,3.6836624145507812,-0.5822553634643555,-0.5868589282035828,0.08797124773263931,100000
415,-0.2817324995994568,0.2817324995994568,1.0,2.481062650680542,33.64393615722656,-0.30972957611083984,1.0,0.6337435898459244,0.006065719331126559,0.5,1.451991081237793,3.9482614994049072,-0.39552953839302063,-0.400677353143692,0.08389130979776382,100000
416,-0.29763340950012207,0.29763340950012207,1.0,2.6630938053131104,33.520320892333984,-0.33929458260536194,1.0,0.6327670424344112,0.006048264100612052,0.5,1.4288737773895264,3.9482614994049072,-0.645636796951294,-0.6519182920455933,0.09065239876508713,100000
417,-0.26591378450393677,0.26591378450393677,1.0,2.457186460494995,32.46193313598633,-0.3145444691181183,0.999755859375,0.6317919998031626,0.00603085910075539,0.5,1.3071035146713257,3.6836624145507812,-0.2618420720100403,-0.2690075635910034,0.08704490959644318,100000
418,-0.2956247925758362,0.2956247925758362,1.0,2.6054956912994385,33.83237838745117,-0.3411157727241516,0.9998779296875,0.6308184596334346,0.006013504187008555,0.5,1.373578667640686,3.9482614994049072,-0.21438954770565033,-0.22029420733451843,0.08189808577299118,100000
419,-0.2954612076282501,0.2954612076282501,1.0,2.658184051513672,33.28776168823242,-0.3253401517868042,1.0,0.629846419610056,0.0059961992152394936,0.5,1.2721869945526123,2.4810237884521484,-0.25633668899536133,-0.2601170241832733,0.0885542556643486,100000
420,-0.27662986516952515,0.27662986516952515,1.0,2.527617931365967,32.7939338684082,-0.3028310537338257,1.0,0.6288758774214233,0.005978944041730917,0.5,1.2699580192565918,2.0209224224090576,-0.49918216466903687,-0.5048061013221741,0.0869542583823204,100000
421,-0.2694459557533264,0.2694459557533264,1.0,2.4294686317443848,32.99803924560547,-0.3100971281528473,1.0,0.6279068307594944,0.00596173852317911,0.5,1.2782790660858154,2.5648791790008545,-0.8748275637626648,-0.8818824291229248,0.09727945178747177,100000
422,-0.26474061608314514,0.26474061608314514,1.0,2.4870965480804443,32.10639953613281,-0.3118629455566406,1.0,0.6269392773197842,0.005944582516692738,0.5,1.3873792886734009,3.9482614994049072,-0.9538317918777466,-0.9603003263473511,0.08545496314764023,100000
423,-0.2880563735961914,0.2880563735961914,1.0,2.610215902328491,33.085968017578125,-0.3218260407447815,1.0,0.6259732148013586,0.005927475879791668,0.5,1.3477264642715454,3.6836624145507812,-0.3159473240375519,-0.3227086365222931,0.09618277847766876,100000
424,-0.24648891389369965,0.24648891389369965,1.0,2.275827407836914,32.36867904663086,-0.2749151885509491,1.0,0.6250086409068287,0.005910418470405774,0.5,1.3381648063659668,2.77083420753479,-0.5897248983383179,-0.5970672965049744,0.085065096616745,100000
425,-0.27698782086372375,0.27698782086372375,1.0,2.550304889678955,32.59940719604492,-0.3067426085472107,1.0,0.6240455533423463,0.005893410146873769,0.5,1.2973486185073853,3.6836624145507812,-0.36671194434165955,-0.3719368577003479,0.07702207565307617,100000
426,-0.2752024233341217,0.2752024233341217,1.0,2.5091745853424072,32.81893539428711,-0.30021464824676514,1.0,0.6230839498175976,0.005876450767942019,0.5,1.420448660850525,3.9482614994049072,-0.4309048056602478,-0.43514567613601685,0.07516099512577057,100000
427,-0.30076298117637634,0.30076298117637634,1.0,2.614199161529541,34.15760040283203,-0.3480038642883301,0.9996337890625,0.6221238280457974,0.005859540192763371,0.5,1.4176628589630127,3.6836624145507812,-0.3660286068916321,-0.3702605068683624,0.08337737619876862,100000
428,-0.2609497904777527,0.2609497904777527,1.0,2.445950508117676,32.14013671875,-0.2844875752925873,1.0,0.6211651857436851,0.0058426782808959936,0.5,1.2725920677185059,2.5648791790008545,-0.6849244236946106,-0.6910462975502014,0.0882263332605362,100000
429,-0.270034521818161,0.270034521818161,1.0,2.524409294128418,32.23456573486328,-0.2937871217727661,1.0,0.6202080206315178,0.005825864892302194,0.5,1.2969233989715576,2.4810237884521484,-0.5516321659088135,-0.5567304491996765,0.07981385290622711,100000
430,-0.3064904808998108,0.3064904808998108,1.0,2.738609790802002,33.612823486328125,-0.3613514304161072,1.0,0.6192523304330658,0.00580909988734727,0.5,1.318946123123169,2.819687843322754,-0.9757880568504333,-0.9826952219009399,0.0818943977355957,100000
431,-0.26005125045776367,0.26005125045776367,1.0,2.408766984939575,32.39971160888672,-0.29331082105636597,1.0,0.618298112875607,0.005792383126798342,0.5,1.40138840675354,3.9482614994049072,-0.3479436933994293,-0.35338306427001953,0.07236507534980774,100000
432,-0.29644155502319336,0.29644155502319336,1.0,2.685861587524414,33.14407730102539,-0.3166837692260742,1.0,0.6173453656899209,0.0057757144718231955,0.5,1.4117720127105713,2.77083420753479,-0.7275097370147705,-0.7327451705932617,0.08315721899271011,100000
433,-0.29545658826828003,0.29545658826828003,1.0,2.6001338958740234,33.760719299316406,-0.32964852452278137,1.0,0.6163940866102844,0.005759093783989141,0.5,1.3943939208984375,3.6836624145507812,-1.217214584350586,-1.2219871282577515,0.09125931560993195,100000
434,-0.3000563383102417,0.3000563383102417,1.0,2.7054443359375,33.27753448486328,-0.3231539726257324,1.0,0.615444273374465,0.005742520925261843,0.5,1.3555554151535034,3.9482614994049072,-0.7535760998725891,-0.7578266859054565,0.08141016215085983,100000
435,-0.29377877712249756,0.29377877712249756,1.0,2.6528608798980713,33.14857864379883,-0.32488447427749634,0.9996337890625,0.6144959237237164,0.005725995758004192,0.5,1.2572401762008667,2.3991518020629883,-0.6274493932723999,-0.632365345954895,0.074465811252594,100000
436,-0.27750685811042786,0.27750685811042786,1.0,2.536121368408203,32.94162368774414,-0.3179892301559448,1.0,0.613549035402773,0.005709518144975153,0.5,1.3161773681640625,3.9482614994049072,-0.6003526449203491,-0.6058412194252014,0.07806849479675293,100000
437,-0.2668864130973816,0.2668864130973816,1.0,2.4234161376953125,32.82737731933594,-0.296769917011261,1.0,0.6126036061598441,0.005693087949328632,0.5,1.4254988431930542,3.9482614994049072,-0.7806622982025146,-0.7854819297790527,0.08429069817066193,100000
438,-0.289791464805603,0.289791464805603,1.0,2.5892205238342285,33.40631866455078,-0.33996281027793884,1.0,0.611659633746609,0.005676705034612324,0.5,1.330155849456787,3.6836624145507812,-0.6544731855392456,-0.6595418453216553,0.07315494865179062,100000
439,-0.25987163186073303,0.25987163186073303,1.0,2.401925563812256,32.43083190917969,-0.2906433939933777,1.0,0.6107171159182115,0.005660369264766602,0.5,1.2323970794677734,2.48532772064209,-0.04915659874677658,-0.054135676473379135,0.08088958263397217,100000
440,-0.2765818238258362,0.2765818238258362,1.0,2.5584588050842285,32.517337799072266,-0.315149188041687,1.0,0.6097760504332544,0.005644080504123371,0.5,1.4929178953170776,3.9482614994049072,-0.12080647796392441,-0.1261567622423172,0.07840844988822937,100000
441,-0.28303325176239014,0.28303325176239014,1.0,2.5487899780273438,33.16722106933594,-0.34226343035697937,1.0,0.6088364350537945,0.005627838617404947,0.5,1.4111415147781372,3.9482614994049072,-0.22705847024917603,-0.23223726451396942,0.07569275796413422,100000
442,-0.2951466739177704,0.2951466739177704,1.0,2.6003003120422363,33.78592300415039,-0.3324202597141266,0.9998779296875,0.6078982675453368,0.005611643469722931,0.5,1.3320927619934082,2.3991518020629883,-0.7135013937950134,-0.7180394530296326,0.07746425271034241,100000
443,-0.2686227560043335,0.2686227560043335,1.0,2.5096116065979004,32.25069808959961,-0.29471009969711304,1.0,0.6069615456768297,0.005595494926577091,0.5,1.3935028314590454,3.9482614994049072,-0.6060047745704651,-0.6117311716079712,0.07595255225896835,100000
444,-0.267809122800827,0.267809122800827,1.0,2.43778133392334,32.813602447509766,-0.3046741783618927,1.0,0.6060262672206598,0.0055793928538542484,0.5,1.1799917221069336,2.2584588527679443,-0.6332037448883057,-0.6386805772781372,0.08176049590110779,100000
445,-0.27925848960876465,0.27925848960876465,1.0,2.5730223655700684,32.64068603515625,-0.314795583486557,0.9984130859375,0.6050924299526451,0.005563337117827151,0.5,1.3712410926818848,3.9482614994049072,-0.5909454822540283,-0.5978994965553284,0.08330051600933075,100000
446,-0.28406524658203125,0.28406524658203125,1.0,2.5899648666381836,32.907318115234375,-0.3172440230846405,1.0,0.6041600316520324,0.005547327585153379,0.5,1.2311129570007324,2.3991518020629883,-0.6742008328437805,-0.6788076758384705,0.07962314784526825,100000
447,-0.28924375772476196,0.28924375772476196,1.0,2.627701759338379,33.008968353271484,-0.3495655059814453,0.9913330078125,0.6032290701014896,0.005531364122874232,0.5,1.389267921447754,3.6836624145507812,-0.8319807648658752,-0.8361385464668274,0.07693247497081757,100000
448,-0.27849704027175903,0.27849704027175903,1.0,2.5530319213867188,32.73286437988281,-0.31856638193130493,1.0,0.6022995430871013,0.005515446598413612,0.5,1.3148400783538818,2.77083420753479,-0.6192255020141602,-0.6249009966850281,0.07663515210151672,100000
449,-0.27230384945869446,0.27230384945869446,1.0,2.5049445629119873,32.60589599609375,-0.29191023111343384,1.0,0.601371448398364,0.005499574879576949,0.5,1.3265912532806396,3.9482614994049072,-0.4493114650249481,-0.45462673902511597,0.07418358325958252,100000
450,-0.27697131037712097,0.27697131037712097,1.0,2.5579957962036133,32.54478454589844,-0.31989550590515137,0.9984130859375,0.6004447838281799,0.00548374883455007,0.5,1.4314305782318115,3.9482614994049072,-0.727721095085144,-0.7337225675582886,0.08349334448575974,100000
451,-0.2795323133468628,0.2795323133468628,1.0,2.585782527923584,32.540584564208984,-0.303644597530365,1.0,0.5995195471728528,0.005467968331898134,0.5,1.3826825618743896,3.9482614994049072,-0.5731589794158936,-0.577404260635376,0.06959418207406998,100000
452,-0.27621135115623474,0.27621135115623474,1.0,2.501101493835449,32.98511505126953,-0.3047772943973541,1.0,0.5985957362320816,0.005452233240564526,0.5,1.4809552431106567,3.9482614994049072,-0.499275803565979,-0.5046518445014954,0.06661480665206909,100000
453,-0.27461865544319153,0.27461865544319153,1.0,2.4721202850341797,33.105037689208984,-0.2993103563785553,1.0,0.597673348808956,0.005436543429869766,0.5,1.5077458620071411,3.9482614994049072,-0.5870072841644287,-0.590839684009552,0.07099346071481705,100000
454,-0.2670769989490509,0.2670769989490509,1.0,2.5210084915161133,32.007747650146484,-0.2909711003303528,1.0,0.5967523827099509,0.005420898769510434,0.5,1.2707260847091675,2.819687843322754,-0.550502598285675,-0.55519038438797,0.07484415918588638,100000
455,-0.28035926818847656,0.28035926818847656,1.0,2.5357909202575684,33.07305908203125,-0.32040345668792725,0.9993896484375,0.5958328357449213,0.0054052991295580775,0.5,1.3307557106018066,3.9482614994049072,-0.28607797622680664,-0.2901625335216522,0.07899022102355957,100000
456,-0.2913514971733093,0.2913514971733093,1.0,2.660200834274292,32.9188232421875,-0.32924866676330566,1.0,0.594914705727097,0.0053897443804581426,0.5,1.3174118995666504,2.77083420753479,-0.6132156252861023,-0.6178166270256042,0.07004574686288834,100000
457,-0.28644049167633057,0.28644049167633057,1.0,2.5932490825653076,33.07630920410156,-0.31981462240219116,1.0,0.5939979904730772,0.005374234393028885,0.5,1.3391085863113403,3.6836624145507812,-0.7162232398986816,-0.7211772799491882,0.07460793107748032,100000
458,-0.2704976201057434,0.2704976201057434,1.0,2.541839599609375,32.13361740112305,-0.3020881414413452,1.0,0.593082687802826,0.005358769038460314,0.5,1.3218435049057007,2.4810237884521484,-0.45968762040138245,-0.46648359298706055,0.07612719386816025,100000
459,-0.2852492928504944,0.2852492928504944,1.0,2.619683265686035,32.71059799194336,-0.3276839256286621,1.0,0.5921687955396663,0.005343348188313103,0.5,1.375261902809143,2.819687843322754,-0.4633253216743469,-0.46952444314956665,0.06977969408035278,100000
460,-0.2612590789794922,0.2612590789794922,1.0,2.4294989109039307,32.315391540527344,-0.28546053171157837,1.0,0.5912563115102755,0.005327971714517543,0.5,1.3626017570495605,3.6836624145507812,-0.5921401381492615,-0.595793604850769,0.07743171602487564,100000
461,-0.2725430130958557,0.2725430130958557,1.0,2.5262246131896973,32.442962646484375,-0.30810195207595825,1.0,0.5903452335446796,0.005312639489372466,0.5,1.2734901905059814,2.0311641693115234,-0.3592827320098877,-0.3641589283943176,0.08405762165784836,100000
462,-0.276146799325943,0.276146799325943,1.0,2.5163989067077637,32.8426399230957,-0.30642372369766235,1.0,0.5894355594762485,0.005297351385544185,0.5,1.3206623792648315,2.4810237884521484,-0.6159728765487671,-0.6209713220596313,0.07925509661436081,100000
463,-0.2777881920337677,0.2777881920337677,1.0,2.493180751800537,33.16176223754883,-0.3042275309562683,1.0,0.5885272871416907,0.005282107276065442,0.5,1.4894133806228638,3.9482614994049072,-0.3471198081970215,-0.3509940505027771,0.08008846640586853,100000
464,-0.29040172696113586,0.29040172696113586,1.0,2.5917139053344727,33.45025634765625,-0.31797099113464355,1.0,0.5876204143810481,0.005266907034334349,0.5,1.3114383220672607,3.9482614994049072,-0.32660138607025146,-0.3310767412185669,0.07656355202198029,100000
465,-0.2997695803642273,0.2997695803642273,1.0,2.663174629211426,33.642845153808594,-0.32620760798454285,1.0,0.5867149390376908,0.0052517505341133424,0.5,1.5629931688308716,3.9482614994049072,-0.4073783755302429,-0.4102902114391327,0.07658746093511581,100000
466,-0.2809581756591797,0.2809581756591797,1.0,2.5548276901245117,32.92496109008789,-0.309163361787796,1.0,0.5858108589583124,0.005236637649528125,0.5,1.3662431240081787,3.9482614994049072,-0.5929173827171326,-0.5966814160346985,0.08320289105176926,100000
467,-0.2879325747489929,0.2879325747489929,1.0,2.5921950340270996,33.18866729736328,-0.32201820611953735,1.0,0.5849081719929244,0.005221568255066628,0.5,1.455734372138977,3.9482614994049072,-0.4775310456752777,-0.48120734095573425,0.09416936337947845,100000
468,-0.2763340473175049,0.2763340473175049,1.0,2.5075364112854004,32.91172790527344,-0.329667866230011,1.0,0.5840068759948512,0.005206542225577972,0.5,1.478703260421753,3.6836624145507812,-0.3267453610897064,-0.3318004608154297,0.07445143163204193,100000
469,-0.2655136287212372,0.2655136287212372,1.0,2.456812620162964,32.4483642578125,-0.30413496494293213,0.999755859375,0.5831069688207251,0.005191559436271413,0.5,1.4522705078125,3.9482614994049072,-0.28506165742874146,-0.2884993553161621,0.08336883038282394,100000
470,-0.30680006742477417,0.30680006742477417,1.0,2.7367193698883057,33.69222640991211,-0.33802270889282227,1.0,0.5822084483304814,0.005176619762715325,0.5,1.4715155363082886,3.9482614994049072,-0.20358744263648987,-0.20722100138664246,0.08841066062450409,100000
471,-0.2713346481323242,0.2713346481323242,1.0,2.46537184715271,32.896331787109375,-0.29680711030960083,1.0,0.5813113123873525,0.005161723080836149,0.5,1.5164859294891357,3.9482614994049072,-0.5047262907028198,-0.5083006024360657,0.08173862844705582,100000
472,-0.2766491770744324,0.2766491770744324,1.0,2.5243399143218994,32.831642150878906,-0.3172755241394043,0.9959716796875,0.5804155588578639,0.005146869266917379,0.5,1.2718391418457031,2.48532772064209,-0.32518893480300903,-0.32955020666122437,0.07602604478597641,100000
473,-0.2956655025482178,0.2956655025482178,1.0,2.660155773162842,33.39842224121094,-0.37309539318084717,0.96923828125,0.5795211856118283,0.005132058197598515,0.5,1.2819924354553223,2.77083420753479,-0.17308548092842102,-0.1770593523979187,0.07541735470294952,100000
474,-0.30509674549102783,0.30509674549102783,1.0,2.7103474140167236,33.66594314575195,-0.3413774371147156,1.0,0.5786281905223413,0.005117289749874061,0.5,1.5251604318618774,3.9482614994049072,-0.41154745221138,-0.41508448123931885,0.0626358613371849,100000
475,-0.2722024917602539,0.2722024917602539,1.0,2.466343641281128,32.928810119628906,-0.30629807710647583,1.0,0.5777365714657752,0.005102563801092486,0.5,1.4687883853912354,3.9482614994049072,-0.3802141547203064,-0.3842848241329193,0.08194094151258469,100000
476,-0.30986303091049194,0.30986303091049194,1.0,2.726621150970459,33.97976303100586,-0.34527450799942017,1.0,0.5768463263217751,0.005087880228955212,0.5,1.5422955751419067,3.9482614994049072,-0.4136504828929901,-0.41794875264167786,0.08257260918617249,100000
477,-0.2752581238746643,0.2752581238746643,1.0,2.5030083656311035,32.84624099731445,-0.3160819709300995,1.0,0.5759574529732535,0.005073238911515599,0.5,1.3605319261550903,2.5648791790008545,-0.6133546829223633,-0.6197822690010071,0.06948015093803406,100000
478,-0.28075480461120605,0.28075480461120605,1.0,2.5496861934661865,32.94740295410156,-0.32435113191604614,1.0,0.5750699493063848,0.005058639727177929,0.5,1.405250072479248,3.9482614994049072,-0.9142166376113892,-0.9192655682563782,0.08237407356500626,100000
479,-0.2710050344467163,0.2710050344467163,1.0,2.49202036857605,32.58863830566406,-0.3079373240470886,0.99951171875,0.5741838132106007,0.005044082554696404,0.5,1.2960748672485352,2.77083420753479,-1.0321941375732422,-1.037860631942749,0.06854599714279175,100000
480,-0.2899758815765381,0.2899758815765381,1.0,2.6145637035369873,33.153709411621094,-0.31552615761756897,1.0,0.5732990425785853,0.0050295672731741235,0.5,1.3754417896270752,3.9482614994049072,-0.2747868597507477,-0.27938616275787354,0.07146714627742767,100000
481,-0.29203298687934875,0.29203298687934875,1.0,2.6392264366149902,33.1512336730957,-0.3140883147716522,1.0,0.5724156353062699,0.005015093762062099,0.5,1.373733401298523,3.6836624145507812,-0.5450902581214905,-0.5491511225700378,0.07109092175960541,100000
482,-0.258272260427475,0.258272260427475,1.0,2.4020590782165527,32.29072189331055,-0.2898806035518646,1.0,0.5715335892928278,0.005000661901158241,0.5,1.3778612613677979,2.5648791790008545,-0.35095688700675964,-0.3556787371635437,0.07451817393302917,100000
483,-0.2757422924041748,0.2757422924041748,1.0,2.5436129570007324,32.556884765625,-0.31093093752861023,0.9998779296875,0.5706529024406697,0.004986271570606361,0.5,1.4121439456939697,2.77083420753479,-0.7331639528274536,-0.7377476692199707,0.09073971956968307,100000
484,-0.2829015851020813,0.2829015851020813,1.0,2.546116590499878,33.161354064941406,-0.30598583817481995,0.9998779296875,0.5697735726554384,0.004971922650895184,0.5,1.4347431659698486,3.6836624145507812,-0.6941298246383667,-0.6990847587585449,0.08308994770050049,100000
485,-0.29540500044822693,0.29540500044822693,1.0,2.5820367336273193,33.96254348754883,-0.3356568217277527,0.9998779296875,0.5688955978460037,0.0049576150228573465,0.5,1.5369913578033447,3.9482614994049072,-0.41645780205726624,-0.42042016983032227,0.07970505207777023,100000
486,-0.2973570227622986,0.2973570227622986,1.0,2.6305179595947266,33.680091857910156,-0.32600951194763184,1.0,0.5680189759244584,0.004943348567668413,0.5,1.513400912284851,3.9482614994049072,-0.2308816909790039,-0.23449406027793884,0.08091403543949127,100000
487,-0.28227347135543823,0.28227347135543823,1.0,2.5684049129486084,32.88409423828125,-0.30092641711235046,1.0,0.5671437048061116,0.0049291231668458875,0.5,1.457421064376831,3.6836624145507812,-0.4481036067008972,-0.4518737196922302,0.0789504274725914,100000
488,-0.27862900495529175,0.27862900495529175,1.0,2.570161819458008,32.56816482543945,-0.311550498008728,1.0,0.5662697824094857,0.004914938702248229,0.5,1.38419508934021,3.6836624145507812,-0.5165797472000122,-0.5196316838264465,0.08024579286575317,100000
489,-0.2687806785106659,0.2687806785106659,1.0,2.448420524597168,32.81155776977539,-0.2944965958595276,1.0,0.5653972066563099,0.0049007950560738716,0.5,1.2680705785751343,3.6836624145507812,-0.6562354564666748,-0.660876989364624,0.08764530718326569,100000
490,-0.29416123032569885,0.29416123032569885,1.0,2.6279449462890625,33.47521209716797,-0.32914066314697266,1.0,0.5645259754715158,0.004886692110860241,0.5,1.2973077297210693,3.9482614994049072,-0.6199580430984497,-0.624488890171051,0.0707799419760704,100000
491,-0.2947893440723419,0.2947893440723419,1.0,2.654888153076172,33.30313491821289,-0.3169647455215454,1.0,0.563656086783233,0.004872629749482791,0.5,1.3206892013549805,2.819687843322754,-0.48895588517189026,-0.4927288591861725,0.07347548007965088,100000
492,-0.28316211700439453,0.28316211700439453,1.0,2.535709857940674,33.27210998535156,-0.31896811723709106,1.0,0.5627875385227832,0.004858607855154014,0.5,1.440542221069336,3.6836624145507812,-1.049511194229126,-1.053913950920105,0.07411476969718933,100000
493,-0.2854739725589752,0.2854739725589752,1.0,2.595407009124756,32.976932525634766,-0.3150330185890198,1.0,0.5619203286246761,0.004844626311422488,0.5,1.2758864164352417,2.4810237884521484,-0.6015788316726685,-0.6070418357849121,0.07037653028964996,100000
494,-0.2910001277923584,0.2910001277923584,1.0,2.6386687755584717,33.11239242553711,-0.3322380781173706,0.9998779296875,0.5610544550266038,0.004830685002171895,0.5,1.2163968086242676,2.420929193496704,-0.4132646918296814,-0.41758570075035095,0.07925223559141159,100000
495,-0.24974530935287476,0.24974530935287476,1.0,2.403496742248535,31.563438415527344,-0.2861156463623047,1.0,0.5601899156694365,0.004816783811620067,0.5,1.1893597841262817,2.48532772064209,-0.3547345995903015,-0.3583855628967285,0.06823742389678955,100000
496,-0.280409038066864,0.280409038066864,1.0,2.564098358154297,32.82311248779297,-0.309856653213501,1.0,0.5593267084972176,0.004802922624318024,0.5,1.3652145862579346,3.6836624145507812,-0.549606204032898,-0.5537530183792114,0.06667294353246689,100000
497,-0.30093297362327576,0.30093297362327576,1.0,2.6891613006591797,33.506744384765625,-0.3374553918838501,1.0,0.5584648314571579,0.004789101325149001,0.5,1.615265130996704,3.9482614994049072,-0.49624431133270264,-0.5003552436828613,0.07903334498405457,100000
498,-0.281734824180603,0.281734824180603,1.0,2.574650287628174,32.809200286865234,-0.3229416012763977,0.9998779296875,0.5576042824996318,0.004775319799327516,0.5,1.2667570114135742,2.3991518020629883,-0.40784239768981934,-0.41227516531944275,0.08210238069295883,100000
499,-0.26334428787231445,0.26334428787231445,1.0,2.4608092308044434,32.21928405761719,-0.2843140959739685,1.0,0.5567450595781722,0.004761577932398391,0.5,1.3027352094650269,2.77083420753479,-0.668800950050354,-0.6730395555496216,0.07192918658256531,100000
500,-0.2729472815990448,0.2729472815990448,1.0,2.5079188346862793,32.62892150878906,-0.2942250370979309,1.0,0.555887160649465,0.004747875610235824,0.5,1.4444985389709473,3.9482614994049072,-0.36634308099746704,-0.369258314371109,0.07753200829029083,100000
501,-0.2763064503669739,0.2763064503669739,1.0,2.431358814239502,33.61791229248047,-0.30081331729888916,1.0,0.5550305836733449,0.004734212719042425,0.5,1.4444215297698975,3.9482614994049072,-0.1477179080247879,-0.15181629359722137,0.08028127998113632,100000
502,-0.2759065330028534,0.2759065330028534,1.0,2.5031235218048096,32.90665817260742,-0.33186453580856323,1.0,0.5541753266127902,0.004720589145348279,0.5,1.453744888305664,3.6836624145507812,-0.44432926177978516,-0.44902434945106506,0.08368490636348724,100000
503,-0.29035502672195435,0.29035502672195435,1.0,2.6739699840545654,32.68305206298828,-0.32275038957595825,1.0,0.5533213874339186,0.004707004776010005,0.5,1.3538548946380615,2.420929193496704,-0.45884275436401367,-0.46193593740463257,0.07718799263238907,100000
504,-0.28449952602386475,0.28449952602386475,1.0,2.56107234954834,33.16658401489258,-0.3042481243610382,1.0,0.552468764105981,0.0046934594982098055,0.5,1.3807439804077148,2.77083420753479,-0.2157975286245346,-0.21899065375328064,0.08108875155448914,100000
505,-0.29442912340164185,0.29442912340164185,1.0,2.6588072776794434,33.17922592163086,-0.33300089836120605,0.9998779296875,0.5516174546013581,0.004679953199454545,0.5,1.3872812986373901,3.9482614994049072,-0.6009349822998047,-0.6048985123634338,0.07533390820026398,100000
506,-0.2885987162590027,0.2885987162590027,1.0,2.6162495613098145,33.06172561645508,-0.3351258337497711,1.0,0.550767456895555,0.0046664857675748,0.5,1.442746639251709,3.9482614994049072,-0.4312179982662201,-0.4349830448627472,0.07047250121831894,100000
507,-0.28533151745796204,0.28533151745796204,1.0,2.5454843044281006,33.35492706298828,-0.32055312395095825,0.9998779296875,0.549918768967196,0.004653057090723945,0.5,1.2966511249542236,2.77083420753479,-0.5428574085235596,-0.547149658203125,0.0812428742647171,100000
508,-0.2783466577529907,0.2783466577529907,1.0,2.55110239982605,32.70061492919922,-0.30851393938064575,1.0,0.5490713887980205,0.004639667057377205,0.5,1.425672173500061,3.6836624145507812,-0.3265369236469269,-0.33019158244132996,0.07252831757068634,100000
509,-0.2763673961162567,0.2763673961162567,1.0,2.509324073791504,32.90049743652344,-0.29332008957862854,1.0,0.5482253143728778,0.004626315556330741,0.5,1.3359124660491943,3.6836624145507812,-0.6023401618003845,-0.6061712503433228,0.06781746447086334,100000
510,-0.2901732325553894,0.2901732325553894,1.0,2.6019766330718994,33.283206939697266,-0.3300133943557739,0.9998779296875,0.5473805436797226,0.004613002476700726,0.5,1.3495521545410156,2.77083420753479,-0.2478548288345337,-0.25133979320526123,0.08761189132928848,100000
511,-0.3008369505405426,0.3008369505405426,1.0,2.677863121032715,33.54718780517578,-0.32885026931762695,1.0,0.5465370747096093,0.00459972770792242,0.5,1.5091413259506226,3.6836624145507812,0.023456603288650513,0.02013637125492096,0.09166509658098221,100000
512,-0.29260319471359253,0.29260319471359253,1.0,2.594198226928711,33.634613037109375,-0.31348636746406555,1.0,0.5456949054566889,0.004586491139749253,0.5,1.4019253253936768,3.6836624145507812,-0.6224226951599121,-0.6262308955192566,0.06473495811223984,100000
513,-0.2854387164115906,0.2854387164115906,1.0,2.594348907470703,32.950321197509766,-0.3183157742023468,1.0,0.5448540339182023,0.004573292662251909,0.5,1.4701154232025146,3.6836624145507812,-0.8987757563591003,-0.9036536812782288,0.08394773304462433,100000
514,-0.2904212474822998,0.2904212474822998,1.0,2.6080846786499023,33.27642059326172,-0.32799726724624634,1.0,0.5440144580944772,0.0045601321658174186,0.5,1.4509618282318115,3.9482614994049072,-0.39683616161346436,-0.4003382623195648,0.07795889675617218,100000
515,-0.28031450510025024,0.28031450510025024,1.0,2.5414257049560547,32.932865142822266,-0.32835182547569275,1.0,0.5431761759889222,0.0045470095411482385,0.5,1.3861255645751953,3.6836624145507812,-0.0378839373588562,-0.0425398014485836,0.07257669419050217,100000
516,-0.28174394369125366,0.28174394369125366,1.0,2.5703024864196777,32.842071533203125,-0.3467669188976288,0.9970703125,0.5423391856080229,0.004533924679261351,0.5,1.45767343044281,3.9482614994049072,-0.5987592935562134,-0.6024460792541504,0.06469753384590149,100000
517,-0.276304692029953,0.276304692029953,1.0,2.5680270195007324,32.421531677246094,-0.2977498173713684,1.0,0.5415034849613363,0.00452087747148736,0.5,1.2113080024719238,1.9663504362106323,-0.42271220684051514,-0.42669087648391724,0.06773492693901062,100000
518,-0.2647746801376343,0.2647746801376343,1.0,2.488949775695801,32.101104736328125,-0.30335912108421326,1.0,0.5406690720614867,0.004507867809469581,0.5,1.2713103294372559,2.819687843322754,-0.6093259453773499,-0.6138889789581299,0.07303211092948914,100000
519,-0.2786381244659424,0.2786381244659424,1.0,2.537855625152588,32.86804962158203,-0.31283754110336304,1.0,0.5398359449241609,0.004494895585163152,0.5,1.3705177307128906,2.819687843322754,-0.7388027906417847,-0.7431978583335876,0.07454584538936615,100000
520,-0.26759791374206543,0.26759791374206543,1.0,2.4583210945129395,32.5992431640625,-0.3073785603046417,1.0,0.5390041015681031,0.0044819606908341235,0.5,1.4771873950958252,3.9482614994049072,-0.594477653503418,-0.5979681015014648,0.06987644731998444,100000
521,-0.26740434765815735,0.26740434765815735,1.0,2.4613733291625977,32.57066345214844,-0.2945770025253296,1.0,0.5381735400151108,0.004469063019058575,0.5,1.4064576625823975,3.9482614994049072,-0.6437732577323914,-0.6471737623214722,0.06845258176326752,100000
522,-0.2730216979980469,0.2730216979980469,1.0,2.510448694229126,32.638885498046875,-0.30425161123275757,1.0,0.5373442582900293,0.0044562024627217145,0.5,1.4692749977111816,3.6836624145507812,-0.46754759550094604,-0.47096124291419983,0.06927326321601868,100000
523,-0.2821577191352844,0.2821577191352844,1.0,2.532905340194702,33.1954231262207,-0.31491440534591675,1.0,0.5365162544207479,0.004443378915016997,0.5,1.4059598445892334,3.9482614994049072,-0.42872655391693115,-0.43205565214157104,0.06821733713150024,100000
524,-0.2842659652233124,0.2842659652233124,1.0,2.566805124282837,33.08629608154297,-0.3138643503189087,1.0,0.5356895264381948,0.0044305922694452314,0.5,1.4010370969772339,3.6836624145507812,-0.5420442223548889,-0.5450055599212646,0.06710101664066315,100000
525,-0.2686232924461365,0.2686232924461365,1.0,2.488701105117798,32.40947341918945,-0.3013527989387512,1.0,0.5348640723763316,0.004417842419813695,0.5,1.367279052734375,2.77083420753479,-0.49752551317214966,-0.5012340545654297,0.07534193992614746,100000
526,-0.2756257653236389,0.2756257653236389,1.0,2.506239175796509,32.876773834228516,-0.3166646957397461,0.9998779296875,0.5340398902721505,0.0044051292602352585,0.5,1.294391393661499,3.6836624145507812,-0.749341607093811,-0.7528374791145325,0.07609524577856064,100000
527,-0.2723439335823059,0.2723439335823059,1.0,2.480156421661377,32.82094955444336,-0.30571049451828003,0.9986572265625,0.5332169781656676,0.0043924526851275,0.5,1.275909662246704,2.77083420753479,-0.6425217390060425,-0.6463260650634766,0.06742410361766815,100000
528,-0.2724834084510803,0.2724834084510803,1.0,2.466165065765381,32.98488998413086,-0.3063434362411499,1.0,0.5323953340999198,0.00437981258921183,0.5,1.3947117328643799,3.9482614994049072,-0.3143368363380432,-0.31771358847618103,0.06643880903720856,100000
529,-0.2985033094882965,0.2985033094882965,1.0,2.667998790740967,33.46135711669922,-0.333565354347229,1.0,0.5315749561209592,0.00436720886751262,0.5,1.4213190078735352,3.9482614994049072,-0.2915249466896057,-0.29419299960136414,0.06650593876838684,100000
530,-0.27833372354507446,0.27833372354507446,1.0,2.546041965484619,32.82746887207031,-0.36475327610969543,1.0,0.5307558422778489,0.004354641415356326,0.5,1.270961046218872,2.77083420753479,-0.49490442872047424,-0.4987386465072632,0.06769268214702606,100000
531,-0.2712864577770233,0.2712864577770233,1.0,2.481452465057373,32.69773864746094,-0.29990509152412415,1.0,0.5299379906226582,0.004342110128370625,0.5,1.211670160293579,2.5648791790008545,-0.30688369274139404,-0.31047913432121277,0.0667424201965332,100000
532,-0.2669198513031006,0.2669198513031006,1.0,2.434438467025757,32.734962463378906,-0.30444592237472534,0.9998779296875,0.529121399210458,0.004329614902483538,0.5,1.3454954624176025,3.6836624145507812,-0.23773637413978577,-0.24142754077911377,0.07269679754972458,100000
533,-0.29395371675491333,0.29395371675491333,1.0,2.647765636444092,33.285308837890625,-0.32466453313827515,1.0,0.5283060660993162,0.004317155633922581,0.5,1.362430214881897,3.9482614994049072,-0.3655279874801636,-0.3681737184524536,0.07378098368644714,100000
534,-0.2839711904525757,0.2839711904525757,1.0,2.558776617050171,33.218345642089844,-0.3321172893047333,1.0,0.527491989350293,0.004304732219213887,0.5,1.3210065364837646,3.9482614994049072,-0.4253087639808655,-0.4284995496273041,0.07257097959518433,100000
535,-0.2952341139316559,0.2952341139316559,1.0,2.6687958240509033,33.20106506347656,-0.48204055428504944,0.990478515625,0.5266791670274364,0.004292344555181359,0.5,1.5009615421295166,3.9482614994049072,-0.6026186347007751,-0.605499804019928,0.06575976312160492,100000
536,-0.2816387414932251,0.2816387414932251,1.0,2.5726213455200195,32.822715759277344,-0.3104686737060547,0.9991455078125,0.5258675971977775,0.004279992538945805,0.5,1.3302682638168335,2.819687843322754,-0.6380385756492615,-0.6413196921348572,0.06820255517959595,100000
537,-0.2807648181915283,0.2807648181915283,1.0,2.572702169418335,32.733680725097656,-0.31265658140182495,1.0,0.5250572779313261,0.00426767606792409,0.5,1.3079102039337158,3.6836624145507812,-0.4859979450702667,-0.489263117313385,0.07109126448631287,100000
538,-0.2723093628883362,0.2723093628883362,1.0,2.508078098297119,32.59191131591797,-0.3063833713531494,1.0,0.5242482073010659,0.004255395039828281,0.5,1.3440598249435425,2.77083420753479,-0.6039922833442688,-0.6072109341621399,0.08117187023162842,100000
539,-0.30270183086395264,0.30270183086395264,1.0,2.658003807067871,33.94948959350586,-0.3363294005393982,0.999267578125,0.5234403833829496,0.004243149352664792,0.5,1.5855859518051147,3.9482614994049072,-0.5941900014877319,-0.597413182258606,0.0710347518324852,100000
540,-0.2721821367740631,0.2721821367740631,1.0,2.5152065753936768,32.49978256225586,-0.30471521615982056,1.0,0.5226338042558955,0.00423093890473355,0.5,1.330428123474121,3.9482614994049072,-0.5054378509521484,-0.5091260671615601,0.079000324010849,100000
541,-0.2957008481025696,0.2957008481025696,1.0,2.663794994354248,33.35894012451172,-0.3229637145996094,1.0,0.5218284680017812,0.004218763594627138,0.5,1.4951207637786865,3.9482614994049072,-0.37749403715133667,-0.37969425320625305,0.08178960531949997,100000
542,-0.28659355640411377,0.28659355640411377,1.0,2.529897928237915,33.68569564819336,-0.3775928318500519,0.970703125,0.5210243727054407,0.004206623321229959,0.5,1.4247159957885742,3.6836624145507812,-0.411469042301178,-0.41438010334968567,0.07115884125232697,100000
543,-0.2699384093284607,0.2699384093284607,1.0,2.4502882957458496,32.91910934448242,-0.3076470196247101,1.0,0.5202215164546586,0.004194517983717394,0.5,1.309216022491455,3.9482614994049072,-0.9791849851608276,-0.9829407334327698,0.07364937663078308,100000
544,-0.3024715185165405,0.3024715185165405,1.0,2.7202186584472656,33.3325309753418,-0.3281974196434021,1.0,0.5194198973401665,0.004182447481554967,0.5,1.5654683113098145,3.9482614994049072,-0.2959056496620178,-0.29865965247154236,0.07467241585254669,100000
545,-0.2940787672996521,0.2940787672996521,1.0,2.587097644805908,33.827701568603516,-0.33129942417144775,0.997802734375,0.5186195134556378,0.004170411714497509,0.5,1.4001259803771973,3.9482614994049072,-0.3688318729400635,-0.37174245715141296,0.07868001610040665,100000
546,-0.2828059792518616,0.2828059792518616,1.0,2.5491557121276855,33.170936584472656,-0.3474380373954773,0.9857177734375,0.5178203628976834,0.00415841058258832,0.5,1.3926078081130981,3.9482614994049072,-0.31878936290740967,-0.3214978873729706,0.06771183758974075,100000
547,-0.28749218583106995,0.28749218583106995,1.0,2.569098472595215,33.433990478515625,-0.3103916049003601,1.0,0.5170224437658473,0.0041464439861583526,0.5,1.2793505191802979,2.819687843322754,-0.7603647708892822,-0.7628359794616699,0.06703805178403854,100000
548,-0.2825409471988678,0.2825409471988678,1.0,2.534766912460327,33.21925354003906,-0.30910950899124146,1.0,0.5162257541626016,0.004134511825825367,0.5,1.4057722091674805,3.6836624145507812,-0.3133903741836548,-0.3166336417198181,0.07598475366830826,100000
549,-0.2900508940219879,0.2900508940219879,1.0,2.609520435333252,33.224365234375,-0.3407059609889984,1.0,0.5154302921933428,0.00412261400249312,0.5,1.503311038017273,3.9482614994049072,-0.5106490850448608,-0.5143495798110962,0.07468466460704803,100000
550,-0.33331364393234253,0.33331364393234253,1.0,2.9130859375,34.488243103027344,-0.3593274652957916,1.0,0.5146360559663865,0.004110750417350532,0.5,1.3533580303192139,3.9482614994049072,-0.6184080839157104,-0.6206605434417725,0.07968895882368088,100000
551,-0.27789008617401123,0.27789008617401123,1.0,2.5714855194091797,32.499385833740234,-0.30689263343811035,1.0,0.5138430435929634,0.004098920971870874,0.5,1.4334782361984253,3.6836624145507812,-0.35043075680732727,-0.35231533646583557,0.07559522986412048,100000
552,-0.2960711717605591,0.2960711717605591,1.0,2.625753402709961,33.64321517944336,-0.33390629291534424,0.9989013671875,0.5130512531872147,0.004087125567810947,0.5,1.2416045665740967,2.77083420753479,-0.367071270942688,-0.3703003227710724,0.06969375908374786,100000
553,-0.2625419497489929,0.2625419497489929,1.0,2.444840908050537,32.288543701171875,-0.27909019589424133,1.0,0.5122606828661871,0.004075364107210258,0.5,1.458539605140686,3.6836624145507812,-0.7547227740287781,-0.7571542263031006,0.07016368210315704,100000
554,-0.27712076902389526,0.27712076902389526,1.0,2.5119452476501465,33.06059265136719,-0.2989314794540405,0.9974365234375,0.5114713307498294,0.00406363649239022,0.5,1.43776273727417,3.6836624145507812,-0.648113489151001,-0.6514456868171692,0.08166030794382095,100000
555,-0.2850506603717804,0.2850506603717804,1.0,2.54661226272583,33.36652755737305,-0.30809900164604187,1.0,0.510683194960987,0.004051942625953333,0.5,1.3946232795715332,3.9482614994049072,-0.4111282527446747,-0.41498395800590515,0.08018092066049576,100000
556,-0.2769084870815277,0.2769084870815277,1.0,2.467324733734131,33.35088348388672,-0.3006431758403778,1.0,0.5098962736253981,0.004040282410782375,0.5,1.488328456878662,3.6836624145507812,-0.751926064491272,-0.7548957467079163,0.07381006330251694,100000
557,-0.28523457050323486,0.28523457050323486,1.0,2.5759878158569336,33.12092590332031,-0.32568180561065674,1.0,0.5091105648716887,0.004028655750039597,0.5,1.3060111999511719,2.48532772064209,-0.43001335859298706,-0.4329293668270111,0.07311663031578064,100000
558,-0.2781451344490051,0.2781451344490051,1.0,2.548661231994629,32.75558853149414,-0.3091324269771576,1.0,0.5083260668313686,0.0040170625471659185,0.5,1.252502679824829,3.9482614994049072,-0.5098204016685486,-0.5119020342826843,0.0702495276927948,100000
559,-0.25775161385536194,0.25775161385536194,1.0,2.4357802867889404,31.946582794189453,-0.28138822317123413,1.0,0.5075427776388269,0.004005502705880128,0.5,1.371567726135254,3.6836624145507812,-0.5985745191574097,-0.6011552214622498,0.07138548791408539,100000
560,-0.25224775075912476,0.25224775075912476,1.0,2.3642189502716064,32.10523986816406,-0.29157838225364685,1.0,0.5067606954313272,0.003993976130178077,0.5,1.3603392839431763,2.819687843322754,-0.38467928767204285,-0.3872802257537842,0.07975520938634872,100000
561,-0.2860032021999359,0.2860032021999359,1.0,2.5677642822265625,33.23313903808594,-0.3151876926422119,1.0,0.5059798183490037,0.00398248272433189,0.5,1.335209608078003,2.77083420753479,-0.6660469770431519,-0.6687982678413391,0.09004201740026474,100000
562,-0.29525092244148254,0.29525092244148254,1.0,2.6477108001708984,33.349273681640625,-0.8869560956954956,0.9923095703125,0.5052001445348562,0.003971022392889163,0.5,1.5069395303726196,3.9482614994049072,-0.6665223240852356,-0.6688244342803955,0.0712146982550621,100000
563,-0.269686758518219,0.269686758518219,1.0,2.4727416038513184,32.662139892578125,-0.297674298286438,1.0,0.5044216721347462,0.00395959504067218,0.5,1.340066909790039,2.5648791790008545,-0.46189287304878235,-0.46507528424263,0.07068412005901337,100000
564,-0.28402191400527954,0.28402191400527954,1.0,2.5558886528015137,33.14781951904297,-0.317213237285614,1.0,0.5036443992973924,0.003948200572777108,0.5,1.4213240146636963,3.9482614994049072,-0.5449950695037842,-0.5476546883583069,0.08158888667821884,100000
565,-0.28448429703712463,0.28448429703712463,1.0,2.551424503326416,33.261619567871094,-0.3359799385070801,0.9998779296875,0.5028683241743657,0.0039368388945732235,0.5,1.4056891202926636,3.9482614994049072,-0.5292019844055176,-0.5319361686706543,0.07370017468929291,100000
566,-0.2717186212539673,0.2717186212539673,1.0,2.473961591720581,32.82275390625,-0.3012886047363281,1.0,0.5020934449200857,0.003925509911702121,0.5,1.2317488193511963,2.4810237884521484,-0.020947875455021858,-0.02318596839904785,0.07190165668725967,100000
567,-0.2636825442314148,0.2636825442314148,1.0,2.4837794303894043,32.03997802734375,-0.29259294271469116,1.0,0.5013197596918159,0.003914213530076921,0.5,1.3256447315216064,3.6836624145507812,-0.33968669176101685,-0.342966765165329,0.06785888969898224,100000
568,-0.29687175154685974,0.29687175154685974,1.0,2.621687173843384,33.73106002807617,-0.3610793948173523,0.9986572265625,0.500547266649659,0.0039029496558815086,0.5,1.3675466775894165,2.77083420753479,-0.39083656668663025,-0.3932468593120575,0.061686329543590546,100000
569,-0.2619672417640686,0.2619672417640686,1.0,2.4290385246276855,32.344154357910156,-0.2936525046825409,1.0,0.499775963956553,0.00389171819556973,0.5,1.2989203929901123,2.3991518020629883,-0.8753187656402588,-0.8788263201713562,0.06775230169296265,100000
570,-0.2624743580818176,0.2624743580818176,1.0,2.4301788806915283,32.374420166015625,-0.28769928216934204,1.0,0.49900584977826684,0.003880519055864637,0.5,1.307152509689331,2.5648791790008545,-0.7190771698951721,-0.7228566408157349,0.0719854012131691,100000
571,-0.2749841809272766,0.2749841809272766,1.0,2.527759075164795,32.6334114074707,-0.2977675497531891,1.0,0.49823692228339556,0.0038693521437576962,0.5,1.3281335830688477,3.9482614994049072,-0.2432684600353241,-0.2458755522966385,0.06853432953357697,100000
572,-0.2885410785675049,0.2885410785675049,1.0,2.57733154296875,33.41512680053711,-0.3099374771118164,1.0,0.49746917964335635,0.0038582173665080285,0.5,1.2759301662445068,2.819687843322754,-0.38386839628219604,-0.3871478736400604,0.07159927487373352,100000
573,-0.2964719533920288,0.2964719533920288,1.0,2.6241095066070557,33.652000427246094,-0.3471828103065491,1.0,0.4967026200323843,0.003847114631641632,0.5,1.4823592901229858,3.6836624145507812,-0.37363189458847046,-0.3761955797672272,0.07547669857740402,100000
574,-0.3010927438735962,0.3010927438735962,1.0,2.7331953048706055,33.190956115722656,-0.33824899792671204,1.0,0.4959372416275274,0.003836043846950614,0.5,1.3685424327850342,2.819687843322754,-0.2894822359085083,-0.29225316643714905,0.07714889943599701,100000
575,-0.2664882242679596,0.2664882242679596,1.0,2.454998016357422,32.54994201660156,-0.30059996247291565,1.0,0.4951730426086433,0.0038250049204924326,0.5,1.380126714706421,3.6836624145507812,-0.47837185859680176,-0.4811111390590668,0.06284955143928528,100000
576,-0.2798636555671692,0.2798636555671692,1.0,2.5993800163269043,32.435264587402344,-0.31793373823165894,1.0,0.49441002115839366,0.0038139977605891194,0.5,1.368610143661499,2.48532772064209,-0.3975166976451874,-0.40028783679008484,0.06345951557159424,100000
577,-0.26599636673927307,0.26599636673927307,1.0,2.443436622619629,32.57726287841797,-0.30160677433013916,0.9998779296875,0.49364817546224093,0.0038030222758265344,0.5,1.3840699195861816,3.9482614994049072,-0.5445804595947266,-0.5477060079574585,0.06781613081693649,100000
578,-0.28125765919685364,0.28125765919685364,1.0,2.5945119857788086,32.57225799560547,-0.30469390749931335,1.0,0.49288750370844364,0.0037920783750535927,0.5,1.300352692604065,2.819687843322754,-0.6557968854904175,-0.6588192582130432,0.0814509242773056,100000
579,-0.2878989279270172,0.2878989279270172,1.0,2.619312286376953,32.96818923950195,-0.32166922092437744,1.0,0.49212800408805174,0.003781165967381517,0.5,1.3214530944824219,2.48532772064209,-0.341335654258728,-0.3439111113548279,0.07474780082702637,100000
580,-0.2948554456233978,0.2948554456233978,1.0,2.6683506965637207,33.15428161621094,-0.329492449760437,0.9998779296875,0.4913696747949031,0.003770284962183079,0.5,1.3051965236663818,3.9482614994049072,-0.26566821336746216,-0.26790621876716614,0.07028067857027054,100000
581,-0.2919330894947052,0.2919330894947052,1.0,2.652979850769043,33.0579833984375,-0.3190184235572815,1.0,0.4906125140256182,0.0037594352690918445,0.5,1.4405843019485474,3.9482614994049072,-0.7400893568992615,-0.742642879486084,0.07568860054016113,100000
582,-0.29199615120887756,0.29199615120887756,1.0,2.684901714324951,32.76774597167969,-0.30552929639816284,1.0,0.4898565199795968,0.0037486167980014286,0.5,1.4277961254119873,2.819687843322754,-0.695196270942688,-0.698151707649231,0.07001437246799469,100000
583,-0.29762229323387146,0.29762229323387146,1.0,2.6366171836853027,33.692527770996094,-0.3458136320114136,1.0,0.48910169085901306,0.003737829459064742,0.5,1.2848517894744873,2.77083420753479,-0.14030417799949646,-0.14357946813106537,0.06657220423221588,100000
584,-0.28872373700141907,0.28872373700141907,1.0,2.548497438430786,33.67109680175781,-0.3120380640029907,1.0,0.48834802486881146,0.003727073162693249,0.5,1.466146469116211,3.6836624145507812,-0.4636848270893097,-0.46595028042793274,0.07458937168121338,100000
585,-0.2606906592845917,0.2606906592845917,1.0,2.3819520473480225,32.657806396484375,-0.28677403926849365,1.0,0.4875955202167025,0.003716347819556219,0.5,1.284358263015747,2.5648791790008545,-0.40419483184814453,-0.4072139263153076,0.07321597635746002,100000
586,-0.2935928702354431,0.2935928702354431,1.0,2.6283979415893555,33.44855880737305,-1.1129791736602783,0.9949951171875,0.4868441751131586,0.0037056533405799884,0.5,1.385023593902588,3.9482614994049072,-0.3941275179386139,-0.39622846245765686,0.07446756213903427,100000
587,-0.3038201332092285,0.3038201332092285,1.0,2.709228754043579,33.55073928833008,-0.3464859127998352,1.0,0.48609398777140944,0.003694989636947222,0.5,1.340868353843689,2.3991518020629883,-0.4314523935317993,-0.4336966276168823,0.0792391449213028,100000
588,-0.29253172874450684,0.29253172874450684,1.0,2.6315298080444336,33.248085021972656,-0.3170118033885956,1.0,0.48534495640743813,0.0036843566200961677,0.5,1.3581095933914185,3.6836624145507812,-0.14045864343643188,-0.14261139929294586,0.07291088998317719,100000
589,-0.2619292736053467,0.2619292736053467,1.0,2.4529829025268555,32.15803527832031,-0.2839919924736023,1.0,0.48459707923997686,0.003673754201719931,0.5,1.3646897077560425,3.6836624145507812,-0.4891071915626526,-0.49203458428382874,0.08557499200105667,100000
590,-0.2876778841018677,0.2876778841018677,1.0,2.6725478172302246,32.52403259277344,-0.31619971990585327,1.0,0.48385035449050245,0.003663182293765733,0.5,1.3040382862091064,2.5648791790008545,-0.14731648564338684,-0.14998428523540497,0.08150937408208847,100000
591,-0.28047168254852295,0.28047168254852295,1.0,2.560652256011963,32.82115936279297,-0.31715989112854004,1.0,0.48310478038323246,0.0036526408084341876,0.5,1.4309368133544922,3.9482614994049072,-0.4610942602157593,-0.46308085322380066,0.07586824148893356,100000
592,-0.2870476245880127,0.2870476245880127,1.0,2.569437026977539,33.40977478027344,-0.3219296336174011,0.9998779296875,0.48236035514512055,0.003642129658178563,0.5,1.4720463752746582,3.9482614994049072,-0.2965348958969116,-0.2991669774055481,0.06967177242040634,100000
593,-0.29918238520622253,0.29918238520622253,1.0,2.668151378631592,33.52924346923828,-0.3297528028488159,1.0,0.48161707700585266,0.0036316487557040613,0.5,1.5938007831573486,3.9482614994049072,-0.27750903367996216,-0.2799949645996094,0.08013961464166641,100000
594,-0.28075098991394043,0.28075098991394043,1.0,2.553351402282715,32.968605041503906,-0.3092300295829773,1.0,0.4808749441978427,0.0036211980139670935,0.5,1.4164156913757324,3.9482614994049072,-0.46198567748069763,-0.4654156267642975,0.07446308434009552,100000
595,-0.2796427309513092,0.2796427309513092,1.0,2.5705606937408447,32.69538497924805,-0.30853766202926636,1.0,0.4801339549562282,0.0036107773461745503,0.5,1.3104803562164307,3.6836624145507812,-0.37552326917648315,-0.3784913420677185,0.06679760664701462,100000
596,-0.2904604375362396,0.2904604375362396,1.0,2.6428709030151367,32.98145294189453,-0.33483049273490906,1.0,0.47939410751886613,0.0036003866657830902,0.5,1.3568968772888184,2.819687843322754,-0.5321762561798096,-0.534692645072937,0.07858675718307495,100000
597,-0.27242642641067505,0.27242642641067505,1.0,2.487067222595215,32.814300537109375,-0.312253475189209,1.0,0.47865540012632884,0.003590025886498412,0.5,1.2154737710952759,2.0311641693115234,-0.45727330446243286,-0.46132349967956543,0.06706412136554718,100000
598,-0.2951519191265106,0.2951519191265106,1.0,2.637951135635376,33.42851257324219,-0.3274182081222534,0.9993896484375,0.4779178310219,0.0035796949222745462,0.5,1.4918334484100342,3.9482614994049072,-0.4016980528831482,-0.4037850499153137,0.0668555349111557,100000
599,-0.26550453901290894,0.26550453901290894,1.0,2.4074230194091797,32.85234832763672,-0.29861798882484436,1.0,0.4771813984515698,0.003569393687313133,0.5,1.4644105434417725,3.9482614994049072,-0.7265933752059937,-0.7293411493301392,0.07789935916662216,100000
600,-0.3037405014038086,0.3037405014038086,1.0,2.7434706687927246,33.29325866699219,-0.3377128839492798,0.9998779296875,0.4764461006640316,0.003559122096062717,0.5,1.3157873153686523,3.6836624145507812,-0.3837202191352844,-0.38608190417289734,0.07284873723983765,100000
601,-0.28626638650894165,0.28626638650894165,1.0,2.556941032409668,33.48442840576172,-0.31537365913391113,0.9998779296875,0.47571193591067745,0.0035488800632180297,0.5,1.2813725471496582,2.77083420753479,-0.6035850048065186,-0.6062846779823303,0.07646826654672623,100000
602,-0.29043903946876526,0.29043903946876526,1.0,2.6449790000915527,32.93375778198242,-0.31853005290031433,1.0,0.4749789024455934,0.003538667503719285,0.5,1.42274808883667,3.6836624145507812,-0.5925320386886597,-0.5952188372612,0.068639375269413,100000
603,-0.2819099426269531,0.2819099426269531,1.0,2.585916519165039,32.72947692871094,-0.30721279978752136,1.0,0.4742469985255562,0.003528484332751474,0.5,1.423109769821167,3.6836624145507812,-0.7966647148132324,-0.7985148429870605,0.06759035587310791,100000
604,-0.29900848865509033,0.29900848865509033,1.0,2.6528573036193848,33.69218063354492,-0.32086485624313354,1.0,0.4735162224100286,0.0035183304657436564,0.5,1.266836166381836,2.019613027572632,0.022759445011615753,0.02092784084379673,0.07372482120990753,100000
605,-0.2845768630504608,0.2845768630504608,1.0,2.5372676849365234,33.38871383666992,-0.32231658697128296,1.0,0.4727865723611556,0.003508205818368262,0.5,1.544564127922058,3.9482614994049072,-0.38751909136772156,-0.38945356011390686,0.07618656754493713,100000
606,-0.2645256519317627,0.2645256519317627,1.0,2.475574493408203,32.1881103515625,-0.2889166474342346,0.9998779296875,0.4720580466437597,0.003498110306540387,0.5,1.335671305656433,2.48532772064209,-0.21372541785240173,-0.21591691672801971,0.08690811693668365,100000
607,-0.27931642532348633,0.27931642532348633,1.0,2.5405685901641846,32.90425109863281,-0.3135971128940582,0.9998779296875,0.4713306435253375,0.0034880438464170993,0.5,1.4884006977081299,3.9482614994049072,-0.2786681354045868,-0.2809769809246063,0.07110494375228882,100000
608,-0.2940719723701477,0.2940719723701477,1.0,2.6875243186950684,32.96479797363281,-0.31197023391723633,1.0,0.4706043612760552,0.0034780063543967403,0.5,1.3636584281921387,3.6836624145507812,-0.5464117527008057,-0.5483717322349548,0.07012076675891876,100000
609,-0.29437413811683655,0.29437413811683655,1.0,2.6643481254577637,33.150306701660156,-0.3322422504425049,1.0,0.46987919816874435,0.003467997747118229,0.5,1.2435624599456787,2.5648791790008545,-0.20717138051986694,-0.20939117670059204,0.07064007222652435,100000
610,-0.26970845460891724,0.26970845460891724,1.0,2.5174577236175537,32.2697868347168,-0.2929537296295166,1.0,0.46915515247889816,0.0034580179414603735,0.5,1.344982385635376,3.6836624145507812,-0.3341853618621826,-0.33648109436035156,0.07625488936901093,100000
611,-0.26756107807159424,0.26756107807159424,1.0,2.4735865592956543,32.487586975097656,-0.3036538362503052,1.0,0.46843222248466687,0.0034480668545411757,0.5,1.3405635356903076,3.9482614994049072,-0.406000554561615,-0.4089013934135437,0.07559806108474731,100000
612,-0.3097195029258728,0.3097195029258728,1.0,2.726529121398926,33.955665588378906,-0.35407209396362305,1.0,0.46771040646685436,0.0034381444037171493,0.5,1.4637293815612793,3.6836624145507812,-0.8257396817207336,-0.8279857635498047,0.07733161747455597,100000
613,-0.28510335087776184,0.28510335087776184,1.0,2.592475414276123,32.94725799560547,-0.3172316551208496,1.0,0.4669897027089132,0.003428250506582627,0.5,1.4521801471710205,3.6836624145507812,-0.3569621443748474,-0.3599121570587158,0.06813812255859375,100000
614,-0.27760544419288635,0.27760544419288635,1.0,2.523092031478882,32.89795684814453,-0.30803558230400085,1.0,0.4662701094969414,0.0034183850809690803,0.5,1.4228954315185547,2.77083420753479,-0.2197488248348236,-0.2211351841688156,0.06393354386091232,100000
615,-0.2825136184692383,0.2825136184692383,1.0,2.579824924468994,32.83328628540039,-0.3095669448375702,1.0,0.46555162511967785,0.0034085480449444366,0.5,1.337066888809204,3.6836624145507812,-0.356254905462265,-0.3584080934524536,0.06972184032201767,100000
616,-0.27789244055747986,0.27789244055747986,1.0,2.522841215133667,32.960479736328125,-0.30519917607307434,1.0,0.4648342478684981,0.0033987393168123958,0.5,1.239343285560608,2.0209224224090576,-0.11510230600833893,-0.11734926700592041,0.07207553833723068,100000
617,-0.28572773933410645,0.28572773933410645,1.0,2.5784029960632324,33.146644592285156,-0.3073808252811432,1.0,0.46411797603741095,0.0033889588151117577,0.5,1.3699986934661865,3.6836624145507812,-0.49341094493865967,-0.49560749530792236,0.07439783215522766,100000
618,-0.24447739124298096,0.24447739124298096,1.0,2.2803633213043213,32.14866638183594,-0.27760764956474304,1.0,0.46340280792305366,0.0033792064586157366,0.5,1.259577989578247,2.77083420753479,-0.5583943724632263,-0.5611897706985474,0.06932559609413147,100000
619,-0.2768605649471283,0.2768605649471283,1.0,2.5200934410095215,32.885616302490234,-0.34172582626342773,1.0,0.46268874182468844,0.003369482166331297,0.5,1.4126007556915283,2.819687843322754,0.007682588882744312,0.005478662438690662,0.07233428955078125,100000
620,-0.29485952854156494,0.29485952854156494,1.0,2.699160099029541,32.901214599609375,-0.3585459589958191,1.0,0.46197577604419804,0.0033597858574984725,0.5,1.244513750076294,2.48532772064209,-0.1734771877527237,-0.17575041949748993,0.06937168538570404,100000
621,-0.2919952869415283,0.2919952869415283,1.0,2.637112617492676,33.1451416015625,-0.3237171471118927,1.0,0.4612639088860821,0.0033501174515896993,0.5,1.4398499727249146,3.6836624145507812,-0.1784418821334839,-0.18017950654029846,0.07977551221847534,100000
622,-0.28603172302246094,0.28603172302246094,1.0,2.558039665222168,33.34073257446289,-0.3035207986831665,1.0,0.46055313865745273,0.0033404768683091488,0.5,1.4247370958328247,3.9482614994049072,-0.1871437132358551,-0.18863682448863983,0.0801742672920227,100000
623,-0.281469464302063,0.281469464302063,1.0,2.5150952339172363,33.30980682373047,-0.31153541803359985,1.0,0.4598434636680305,0.003330864027592054,0.5,1.4224084615707397,3.6836624145507812,-0.5813990831375122,-0.5836483240127563,0.07363008707761765,100000
624,-0.2966974377632141,0.2966974377632141,1.0,2.671726703643799,33.2701301574707,-0.32924574613571167,1.0,0.459134882230141,0.003321278849604054,0.5,1.4341059923171997,3.6836624145507812,-0.7698983550071716,-0.7720890045166016,0.06937901675701141,100000
625,-0.27403661608695984,0.27403661608695984,1.0,2.5323798656463623,32.50739669799805,-0.30282825231552124,0.9998779296875,0.4584273926587099,0.003311721254740522,0.5,1.2629201412200928,2.48532772064209,-0.2675528824329376,-0.2696811854839325,0.06421476602554321,100000
626,-0.28563427925109863,0.28563427925109863,1.0,2.572925567626953,33.17774200439453,-0.31952157616615295,0.998046875,0.4577209932712597,0.003302191163625912,0.5,1.4092638492584229,2.5648791790008545,-0.1610090434551239,-0.1633637249469757,0.07489638775587082,100000
627,-0.2841861844062805,0.2841861844062805,1.0,2.6556975841522217,32.320823669433594,-0.3534616231918335,0.99951171875,0.4570156823879054,0.003292688497113092,0.5,1.4284398555755615,2.5648791790008545,-0.5887525081634521,-0.5908873081207275,0.07305572926998138,100000
628,-0.2849009037017822,0.2849009037017822,1.0,2.5973143577575684,32.86281967163086,-0.38806378841400146,0.94775390625,0.45631145833135056,0.003283213176282692,0.5,1.3130345344543457,3.6836624145507812,-0.28841692209243774,-0.29047808051109314,0.06760209053754807,100000
629,-0.2901982069015503,0.2901982069015503,1.0,2.589684247970581,33.47815704345703,-0.34614697098731995,0.9986572265625,0.4556083194268835,0.00327376512244245,0.5,1.2998738288879395,2.77083420753479,-0.4379635453224182,-0.4408111572265625,0.0682288184762001,100000
630,-0.28516167402267456,0.28516167402267456,1.0,2.534940004348755,33.47571563720703,-0.3034995496273041,1.0,0.4549062640023727,0.0032643442571265503,0.5,1.5141807794570923,3.9482614994049072,-0.33166956901550293,-0.3332675099372864,0.07131826877593994,100000
631,-0.3105595111846924,0.3105595111846924,1.0,2.7518441677093506,33.830841064453125,-0.3274407982826233,1.0,0.4542052903882638,0.0032549505020949814,0.5,1.2842133045196533,2.819687843322754,-0.23005244135856628,-0.2315959334373474,0.07318618148565292,100000
632,-0.27345478534698486,0.27345478534698486,1.0,2.5004639625549316,32.714805603027344,-0.3009761571884155,1.0,0.4535053969175745,0.0032455837793328797,0.5,1.3510692119598389,3.6836624145507812,-0.33587923645973206,-0.3381107449531555,0.0656529888510704,100000
633,-0.28288161754608154,0.28288161754608154,1.0,2.603400230407715,32.659751892089844,-0.3161280155181885,1.0,0.4528065819258918,0.003236244011049886,0.5,1.425704836845398,3.6836624145507812,-0.5312707424163818,-0.5338183641433716,0.07336209714412689,100000
634,-0.26813459396362305,0.26813459396362305,1.0,2.481060028076172,32.462791442871094,-0.2997879981994629,1.0,0.45210884375136695,0.0032269311196794926,0.5,1.3627605438232422,3.9482614994049072,-0.5442951917648315,-0.5467323064804077,0.07475273311138153,100000
635,-0.2735283076763153,0.2735283076763153,1.0,2.489805221557617,32.81978225708008,-0.3050771653652191,1.0,0.4514121807347122,0.003217645027878409,0.5,1.4404218196868896,3.9482614994049072,-0.2698543667793274,-0.2718808650970459,0.07364247739315033,100000
636,-0.3276439309120178,0.3276439309120178,1.0,2.8775477409362793,34.24079132080078,-0.3698500394821167,1.0,0.4507165912191966,0.003208385658525913,0.5,1.3810216188430786,2.819687843322754,-0.14412060379981995,-0.14619790017604828,0.07393719255924225,100000
637,-0.28025245666503906,0.28025245666503906,1.0,2.5207529067993164,33.12839126586914,-0.30251210927963257,1.0,0.45002207355064194,0.003199152934723209,0.5,1.3542157411575317,2.77083420753479,-0.18759439885616302,-0.1901763379573822,0.07330707460641861,100000
638,-0.283147394657135,0.283147394657135,1.0,2.5767266750335693,32.90076446533203,-0.321744441986084,1.0,0.44932862607741936,0.0031899467797927954,0.5,1.3351240158081055,2.420929193496704,-0.30824124813079834,-0.31030553579330444,0.07308589667081833,100000
639,-0.2899443209171295,0.2899443209171295,1.0,2.6349639892578125,33.041236877441406,-0.31250062584877014,1.0,0.4486362471504444,0.0031807671172778213,0.5,1.318619728088379,3.6836624145507812,-0.6343882083892822,-0.6365100741386414,0.06564425677061081,100000
640,-0.25887274742126465,0.25887274742126465,1.0,2.403502941131592,32.34164810180664,-0.28617560863494873,1.0,0.4479449351231744,0.0031716138709414568,0.5,1.3038434982299805,3.6836624145507812,-0.3326995074748993,-0.3352374732494354,0.0629502609372139,100000
641,-0.2975291311740875,0.2975291311740875,1.0,2.661886215209961,33.57472229003906,-0.31979066133499146,1.0,0.44725468835160326,0.003162486964766255,0.5,1.2564811706542969,2.3991518020629883,-0.509710431098938,-0.5115584135055542,0.0696031004190445,100000
642,-0.2540162205696106,0.2540162205696106,1.0,2.401803970336914,31.9315242767334,-0.2792552709579468,1.0,0.4465655051942586,0.003153386322953527,0.5,1.2905453443527222,3.9482614994049072,-0.3457019627094269,-0.3480321764945984,0.06871688365936279,100000
643,-0.264650821685791,0.264650821685791,1.0,2.4683451652526855,32.2855110168457,-0.29003408551216125,1.0,0.4458773840121973,0.003144311869922707,0.5,1.3559902906417847,2.819687843322754,-0.8427107334136963,-0.8452322483062744,0.06547855585813522,100000
644,-0.2802584767341614,0.2802584767341614,1.0,2.5756993293762207,32.66425704956055,-0.3241034746170044,1.0,0.44519032316900153,0.003135263530310723,0.5,1.4392096996307373,3.9482614994049072,-0.6308674216270447,-0.633537769317627,0.06941143423318863,100000
645,-0.2901862859725952,0.2901862859725952,1.0,2.6440134048461914,32.94235610961914,-0.3253299295902252,0.9996337890625,0.4445043210307753,0.0031262412289713797,0.5,1.5196833610534668,3.9482614994049072,-0.45960375666618347,-0.4614039957523346,0.07145178318023682,100000
646,-0.2779594659805298,0.2779594659805298,1.0,2.547121524810791,32.7085075378418,-0.30370867252349854,1.0,0.44381937596614024,0.0031172448909747253,0.5,1.3178272247314453,3.6836624145507812,-0.5219454169273376,-0.5240169167518616,0.061054378747940063,100000
647,-0.2537984251976013,0.2537984251976013,1.0,2.357510566711426,32.28151321411133,-0.2780694365501404,1.0,0.4431354863462318,0.0031082744416064344,0.5,1.3068475723266602,2.77083420753479,-0.38150572776794434,-0.38379615545272827,0.06804964691400528,100000
648,-0.2666948437690735,0.2666948437690735,1.0,2.4559097290039062,32.575660705566406,-0.29575449228286743,1.0,0.44245265054469524,0.0030993298063671845,0.5,1.3276275396347046,2.819687843322754,-0.2468143105506897,-0.2481669932603836,0.0608602836728096,100000
649,-0.27643871307373047,0.27643871307373047,1.0,2.4972596168518066,33.05482482910156,-0.3041636645793915,1.0,0.441770866937682,0.003090410910972039,0.5,1.390916347503662,3.9482614994049072,-0.40407493710517883,-0.4060058891773224,0.05929725617170334,100000
650,-0.27943700551986694,0.27943700551986694,1.0,2.5788378715515137,32.58197784423828,-0.3035489320755005,1.0,0.441090133903846,0.0030815176813498327,0.5,1.42629075050354,3.9482614994049072,-0.28549495339393616,-0.2872365713119507,0.062129151076078415,100000
651,-0.28601643443107605,0.28601643443107605,1.0,2.5757789611816406,33.20213317871094,-0.3272610306739807,1.0,0.440410449824339,0.0030726500436425493,0.5,1.3899644613265991,3.9482614994049072,-0.2811889052391052,-0.28297320008277893,0.0575057789683342,100000
652,-0.2787818908691406,0.2787818908691406,1.0,2.5453195571899414,32.804054260253906,-0.3003838062286377,1.0,0.43973181308280773,0.0030638079242047167,0.5,1.268154263496399,2.2584588527679443,-0.6136260032653809,-0.6154943704605103,0.055829815566539764,100000
653,-0.2781650722026825,0.2781650722026825,1.0,2.525681495666504,32.940338134765625,-0.3124513328075409,1.0,0.43905422206538935,0.0030549912496027876,0.5,1.3745057582855225,2.77083420753479,-0.44059914350509644,-0.44255465269088745,0.06250281631946564,100000
654,-0.27664631605148315,0.27664631605148315,1.0,2.5202646255493164,32.91234588623047,-0.3024328947067261,1.0,0.43837767516070797,0.003046199946614538,0.5,1.4510999917984009,3.9482614994049072,-0.4550705552101135,-0.4567781984806061,0.06768684089183807,100000
655,-0.2747880518436432,0.2747880518436432,1.0,2.5009069442749023,32.86290740966797,-0.33598360419273376,0.9710693359375,0.4377021707598706,0.0030374339422284484,0.5,1.3273390531539917,2.819687843322754,-0.19115611910820007,-0.19231180846691132,0.06825796514749527,100000
656,-0.29269939661026,0.29269939661026,1.0,2.6052613258361816,33.57189178466797,-0.32824763655662537,1.0,0.4370277072564634,0.0030286931636431093,0.5,1.3742750883102417,3.6836624145507812,-0.41604703664779663,-0.4177444279193878,0.0660267099738121,100000
657,-0.31280800700187683,0.31280800700187683,1.0,2.778008460998535,33.784324645996094,-0.3646811842918396,1.0,0.4363542830465481,0.003019977538266607,0.5,1.4517550468444824,2.5648791790008545,-0.42644035816192627,-0.42825254797935486,0.06725869327783585,100000
658,-0.29134446382522583,0.29134446382522583,1.0,2.643345832824707,33.039222717285156,-0.3200349509716034,1.0,0.43568189652865774,0.0030112869937159266,0.5,1.5138165950775146,3.9482614994049072,-0.5870221257209778,-0.5885034203529358,0.06487909704446793,100000
659,-0.31143784523010254,0.31143784523010254,1.0,2.7480452060699463,33.995750427246094,-0.34907397627830505,1.0,0.43501054610379314,0.0030026214578163474,0.5,1.579493761062622,3.6836624145507812,-0.42637789249420166,-0.42834046483039856,0.06997620314359665,100000
660,-0.28782665729522705,0.28782665729522705,1.0,2.583008289337158,33.27336120605469,-0.31058526039123535,1.0,0.4343402301754192,0.002993980858600844,0.5,1.4723458290100098,3.6836624145507812,-0.34102731943130493,-0.3426973223686218,0.06585969030857086,100000
661,-0.2970570921897888,0.2970570921897888,1.0,2.6811258792877197,33.23477554321289,-0.32216453552246094,0.9998779296875,0.43367094714946064,0.0029853651243094926,0.5,1.34885573387146,3.9482614994049072,-0.6098655462265015,-0.6113171577453613,0.06206183135509491,100000
662,-0.296506404876709,0.296506404876709,1.0,2.66461181640625,33.33469009399414,-0.3254953622817993,1.0,0.4330026954342988,0.0029767741833888685,0.5,1.3860784769058228,3.9482614994049072,-0.33496150374412537,-0.33663496375083923,0.0696767196059227,100000
663,-0.2962254285812378,0.2962254285812378,1.0,2.6788809299468994,33.18107223510742,-0.3237162232398987,1.0,0.43233547344076756,0.002968207964491457,0.5,1.2275948524475098,2.420929193496704,0.06098240613937378,0.05923790857195854,0.06706973910331726,100000
664,-0.2758926451206207,0.2758926451206207,1.0,2.523838520050049,32.83148193359375,-0.31546998023986816,0.9998779296875,0.4316692795821495,0.002959666396475059,0.5,1.4551351070404053,3.6836624145507812,-0.22609180212020874,-0.22778315842151642,0.061196357011795044,100000
665,-0.3032322824001312,0.3032322824001312,1.0,2.713703155517578,33.55040740966797,-0.3280055820941925,1.0,0.43100411227417207,0.0029511494084021993,0.5,1.3884819746017456,3.6836624145507812,-0.28556638956069946,-0.28746721148490906,0.06768009811639786,100000
666,-0.2902328372001648,0.2902328372001648,1.0,2.561727523803711,33.669925689697266,-0.3493495583534241,0.99267578125,0.4303399699350042,0.002942656929539541,0.5,1.4689486026763916,3.9482614994049072,-0.4287241995334625,-0.4302402138710022,0.06253455579280853,100000
667,-0.26850080490112305,0.26850080490112305,1.0,2.4937281608581543,32.394493103027344,-0.29748424887657166,1.0,0.42967685098525205,0.002934188889357291,0.5,1.39552903175354,3.9482614994049072,-0.47033512592315674,-0.47218814492225647,0.065121129155159,100000
668,-0.2770569920539856,0.2770569920539856,1.0,2.499420166015625,33.06346893310547,-0.3005353808403015,1.0,0.4290147538479558,0.002925745217528623,0.5,1.3537466526031494,3.9482614994049072,-0.7378650903701782,-0.7393724918365479,0.07276835292577744,100000
669,-0.26811927556991577,0.26811927556991577,1.0,2.4269895553588867,32.928375244140625,-0.30110102891921997,1.0,0.4283536769485854,0.0029173258439290873,0.5,1.4792728424072266,3.9482614994049072,-0.26234227418899536,-0.26335564255714417,0.07318936288356781,100000
670,-0.29785481095314026,0.29785481095314026,1.0,2.6797990798950195,33.303504943847656,-0.34179937839508057,1.0,0.4276936187150369,0.0029089306986360298,0.5,1.3309600353240967,3.9482614994049072,-0.47730326652526855,-0.479056715965271,0.06483294814825058,100000
671,-0.2720453143119812,0.2720453143119812,1.0,2.494748592376709,32.64844512939453,-0.32113152742385864,0.998291015625,0.4270345775776292,0.002900559711928013,0.5,1.448601484298706,3.6836624145507812,-0.20993025600910187,-0.2122497856616974,0.06872057914733887,100000
672,-0.27353325486183167,0.27353325486183167,1.0,2.533277750015259,32.477813720703125,-0.3158804178237915,1.0,0.42637655196909957,0.0028922128142842346,0.5,1.2284212112426758,2.0209224224090576,-0.47902530431747437,-0.48127755522727966,0.06983109563589096,100000
673,-0.27128469944000244,0.27128469944000244,1.0,2.4878721237182617,32.6632080078125,-0.29679685831069946,1.0,0.4257195403246006,0.002883889936383953,0.5,1.4602550268173218,2.48532772064209,-0.6545020341873169,-0.656086266040802,0.06769620627164841,100000
674,-0.28761357069015503,0.28761357069015503,1.0,2.6193554401397705,32.910179138183594,-0.30952680110931396,1.0,0.42506354108169586,0.0028755910091059077,0.5,1.4574946165084839,2.819687843322754,-0.4945088028907776,-0.4964189827442169,0.06871762871742249,100000
675,-0.2615125775337219,0.2615125775337219,1.0,2.396263360977173,32.60795593261719,-0.2940385043621063,1.0,0.4244085526803569,0.002867315963527749,0.5,1.3341909646987915,3.6836624145507812,-0.5353387594223022,-0.5371259450912476,0.0653907060623169,100000
676,-0.26538315415382385,0.26538315415382385,1.0,2.4897303581237793,32.14728546142578,-0.2962290346622467,1.0,0.4237545735629589,0.0028590647309254635,0.5,1.3196430206298828,3.9482614994049072,-0.3314529061317444,-0.33333656191825867,0.07121742516756058,100000
677,-0.26474350690841675,0.26474350690841675,1.0,2.4377353191375732,32.54750442504883,-0.2899320125579834,1.0,0.4231016021742771,0.0028508372427728033,0.5,1.2512736320495605,3.6836624145507812,-0.35355591773986816,-0.35545283555984497,0.07439188659191132,100000
678,-0.2944211959838867,0.2944211959838867,1.0,2.604299545288086,33.653770446777344,-0.312217116355896,1.0,0.42244963696148363,0.0028426334307407194,0.5,1.596923828125,3.9482614994049072,-0.4176616072654724,-0.41896653175354004,0.07205843925476074,100000
679,-0.28609544038772583,0.28609544038772583,1.0,2.583695411682129,33.113914489746094,-0.31120747327804565,1.0,0.421798676374143,0.0028344532266967887,0.5,1.37986421585083,3.6836624145507812,-0.6784372329711914,-0.6801255345344543,0.07174837589263916,100000
680,-0.29470086097717285,0.29470086097717285,1.0,2.670311212539673,33.11702346801758,-0.3289862871170044,1.0,0.42114871886420896,0.0028262965627046566,0.5,1.3242684602737427,2.819687843322754,-0.1023770421743393,-0.10427135229110718,0.06833531707525253,100000
681,-0.2935628890991211,0.2935628890991211,1.0,2.6363706588745117,33.27985763549805,-0.31662023067474365,1.0,0.4204997628860207,0.0028181633710234627,0.5,1.4344329833984375,3.6836624145507812,-0.3078010082244873,-0.3096519708633423,0.0682138204574585,100000
682,-0.2827931046485901,0.2827931046485901,1.0,2.5483205318450928,33.12157440185547,-0.31163811683654785,0.999755859375,0.41985180689629914,0.0028100535841072876,0.5,1.2393699884414673,2.420929193496704,-0.4972630441188812,-0.49925661087036133,0.0523485392332077,100000
683,-0.28979572653770447,0.28979572653770447,1.0,2.571153163909912,33.55774688720703,-0.3326815962791443,1.0,0.41920484935414337,0.0028019671346045873,0.5,1.4541231393814087,3.9482614994049072,-0.31743374466896057,-0.3191482126712799,0.06355910748243332,100000
684,-0.26571565866470337,0.26571565866470337,1.0,2.4575862884521484,32.45071029663086,-0.29758143424987793,1.0,0.4185588887210265,0.002793903955357631,0.5,1.359590768814087,3.9482614994049072,-0.09623934328556061,-0.09806807339191437,0.06603636592626572,100000
685,-0.2988467216491699,0.2988467216491699,1.0,2.702521562576294,33.22270202636719,-0.32504355907440186,1.0,0.41791392346079287,0.002785863979401951,0.5,1.3478424549102783,3.9482614994049072,-0.4076157510280609,-0.4089120030403137,0.06460747867822647,100000
686,-0.3183698058128357,0.3183698058128357,1.0,2.7507083415985107,34.59128189086914,-0.37620431184768677,1.0,0.4172699520396535,0.002777847139965779,0.5,1.3894685506820679,2.5648791790008545,-0.3196662664413452,-0.32176145911216736,0.06839321553707123,100000
687,-0.2692129611968994,0.2692129611968994,1.0,2.4549553394317627,32.82164764404297,-0.31268706917762756,1.0,0.4166269729261833,0.0027698533704694967,0.5,1.3984969854354858,3.6836624145507812,-0.5616469383239746,-0.5639302134513855,0.06941245496273041,100000
688,-0.28223153948783875,0.28223153948783875,1.0,2.573852777481079,32.86106491088867,-0.31664133071899414,1.0,0.41598498459131644,0.00276188260452508,0.5,1.3430622816085815,2.48532772064209,-0.4282197058200836,-0.4299912452697754,0.06917398422956467,100000
689,-0.28760990500450134,0.28760990500450134,1.0,2.551715850830078,33.56129455566406,-0.3038357198238373,1.0,0.4153439855083438,0.0027539347759355493,0.5,1.3652944564819336,2.48532772064209,-0.5508319735527039,-0.5521475076675415,0.07625328004360199,100000
690,-0.2967424690723419,0.2967424690723419,1.0,2.6807363033294678,33.152347564697266,-0.3221026062965393,1.0,0.4147039741529084,0.0027460098186944193,0.5,1.4796736240386963,3.9482614994049072,-0.298368901014328,-0.2997964918613434,0.07163079082965851,100000
691,-0.26590076088905334,0.26590076088905334,1.0,2.426089286804199,32.73591613769531,-0.28440457582473755,1.0,0.4140649490030023,0.002738107666985149,0.5,1.4521152973175049,3.9482614994049072,-0.7266372442245483,-0.7280557751655579,0.0666327029466629,100000
692,-0.29281380772590637,0.29281380772590637,1.0,2.622678279876709,33.39322280883789,-0.32868692278862,0.9998779296875,0.4134269085389629,0.002730228255180599,0.5,1.3533644676208496,3.6836624145507812,-0.21673685312271118,-0.21808010339736938,0.06763463467359543,100000
693,-0.2858898639678955,0.2858898639678955,1.0,2.6086032390594482,32.897987365722656,-0.31520962715148926,1.0,0.4127898512434693,0.002722371517842482,0.5,1.451426386833191,3.9482614994049072,-0.29929253458976746,-0.30099403858184814,0.06955801695585251,100000
694,-0.27487313747406006,0.27487313747406006,1.0,2.499133348464966,32.877593994140625,-0.38435274362564087,0.9761962890625,0.4121537756015385,0.0027145373897208224,0.5,1.4195350408554077,3.9482614994049072,-0.26855596899986267,-0.2698178291320801,0.06793862581253052,100000
695,-0.28638333082199097,0.28638333082199097,1.0,2.5695712566375732,33.33570861816406,-0.31661731004714966,1.0,0.4115186801005221,0.0027067258057534137,0.5,1.4949957132339478,3.9482614994049072,-0.204238161444664,-0.20558857917785645,0.0631510317325592,100000
696,-0.3088655173778534,0.3088655173778534,1.0,2.766954183578491,33.584747314453125,-0.3396899104118347,1.0,0.41088456323010253,0.0026989367010652777,0.5,1.3563902378082275,2.5648791790008545,-0.38125133514404297,-0.3828442692756653,0.060592908412218094,100000
697,-0.28436726331710815,0.28436726331710815,1.0,2.578132390975952,33.022003173828125,-0.3122543692588806,1.0,0.41025142348228966,0.002691170010968127,0.5,1.5553969144821167,3.9482614994049072,-0.42356812953948975,-0.42498910427093506,0.0585314966738224,100000
698,-0.2874884009361267,0.2874884009361267,1.0,2.582198143005371,33.23556900024414,-0.3091470003128052,1.0,0.40961925935141663,0.002683425670959824,0.5,1.498488426208496,3.9482614994049072,-0.21866506338119507,-0.21992802619934082,0.06750620901584625,100000
699,-0.2947928309440613,0.2947928309440613,1.0,2.699519395828247,32.85325622558594,-0.3194769024848938,0.9998779296875,0.40898806933413717,0.00267570361672385,0.5,1.2810074090957642,2.77083420753479,-0.3879539370536804,-0.38921448588371277,0.06719952821731567,100000
700,-0.28636133670806885,0.28636133670806885,1.0,2.5361971855163574,33.53773498535156,-0.3223367929458618,0.99951171875,0.40835785192942115,0.0026680037841287697,0.5,1.409477949142456,3.9482614994049072,-0.43985462188720703,-0.44151750206947327,0.07518239319324493,100000
701,-0.28994059562683105,0.28994059562683105,1.0,2.6219868659973145,33.12836456298828,-0.33523744344711304,0.9879150390625,0.4077286056385518,0.0026603261092276965,0.5,1.418297529220581,2.77083420753479,-0.7745412588119507,-0.7761237025260925,0.06580983847379684,100000
702,-0.2751863896846771,0.2751863896846771,1.0,2.527811050415039,32.666107177734375,-0.2947118282318115,1.0,0.4071003289651214,0.002652670528257762,0.5,1.2642881870269775,2.2584588527679443,-0.4320802688598633,-0.4337705373764038,0.07424770295619965,100000
703,-0.2704700231552124,0.2704700231552124,1.0,2.4925127029418945,32.56121826171875,-0.2951809763908386,1.0,0.40647302041502814,0.0026450369776395894,0.5,1.3976390361785889,3.6836624145507812,-0.38363826274871826,-0.38514217734336853,0.06850074231624603,100000
704,-0.2789478302001953,0.2789478302001953,1.0,2.525631904602051,33.007198333740234,-0.29305732250213623,1.0,0.40584667849647277,0.0026374253939767628,0.5,1.5183907747268677,3.9482614994049072,-0.5239853858947754,-0.5251876711845398,0.06640167534351349,100000
705,-0.3020343780517578,0.3020343780517578,1.0,2.6577696800231934,33.97652816772461,-0.33707451820373535,1.0,0.4052213017199544,0.0026298357140552993,0.5,1.3040670156478882,3.6836624145507812,-0.4223317801952362,-0.4239283502101898,0.07088930904865265,100000
706,-0.27112194895744324,0.27112194895744324,1.0,2.4823246002197266,32.68644714355469,-0.29579517245292664,1.0,0.40459688859826765,0.002622267874843129,0.5,1.420274257659912,3.9482614994049072,-0.6142749190330505,-0.6160051822662354,0.06312090158462524,100000
707,-0.29604798555374146,0.29604798555374146,1.0,2.655233383178711,33.361968994140625,-0.3436732292175293,1.0,0.40397343764649857,0.002614721813489565,0.5,1.4366693496704102,2.77083420753479,-0.5813437700271606,-0.5828105807304382,0.06336537003517151,100000
708,-0.2898159921169281,0.2898159921169281,1.0,2.6110401153564453,33.264930725097656,-0.3161999583244324,0.999267578125,0.40335094738202165,0.002607197467324789,0.5,1.3860890865325928,3.9482614994049072,-0.465989351272583,-0.467368483543396,0.07330158352851868,100000
709,-0.27038806676864624,0.27038806676864624,1.0,2.4790396690368652,32.63756561279297,-0.3123569190502167,1.0,0.4027294163244955,0.0025996947738593226,0.5,1.288712739944458,2.420929193496704,-0.3808964490890503,-0.38217228651046753,0.06528692692518234,100000
710,-0.2805718183517456,0.2805718183517456,1.0,2.585084915161133,32.630531311035156,-0.29952526092529297,1.0,0.4021088429958602,0.0025922136707835146,0.5,1.350237250328064,3.6836624145507812,-0.35665786266326904,-0.3580738306045532,0.07140848785638809,100000
711,-0.2798917889595032,0.2798917889595032,1.0,2.573967218399048,32.664485931396484,-0.3048565983772278,1.0,0.40148922592033337,0.002584754095967022,0.5,1.4950355291366577,3.6836624145507812,-0.131550133228302,-0.13284826278686523,0.07183857262134552,100000
712,-0.27273279428482056,0.27273279428482056,1.0,2.516406536102295,32.5467414855957,-0.28986072540283203,1.0,0.4008705636244065,0.0025773159874582915,0.5,1.566948413848877,3.9482614994049072,-0.19594238698482513,-0.19710353016853333,0.06458701193332672,100000
713,-0.28758347034454346,0.28758347034454346,1.0,2.5296366214752197,33.843658447265625,-0.3226056694984436,1.0,0.4002528546368419,0.0025698992834840484,0.5,1.3029528856277466,3.9482614994049072,-0.2902510166168213,-0.2916816473007202,0.06912671029567719,100000
714,-0.2768673598766327,0.2768673598766327,1.0,2.496035099029541,33.10041809082031,-0.30263304710388184,1.0,0.39963609748866874,0.00256250392244878,0.5,1.3157765865325928,3.6836624145507812,-0.6090790033340454,-0.6106493473052979,0.07685025036334991,100000
715,-0.2747686505317688,0.2747686505317688,1.0,2.5093514919281006,32.88371276855469,-0.29372110962867737,1.0,0.39902029071317974,0.00255512984293423,0.5,1.3593316078186035,3.9482614994049072,-0.025525778532028198,-0.02672216296195984,0.0734839215874672,100000
716,-0.2960735857486725,0.2960735857486725,1.0,2.6935250759124756,33.063934326171875,-0.3252066969871521,1.0,0.39840543284592783,0.0025477769836988796,0.5,1.2506896257400513,2.819687843322754,-0.06188151240348816,-0.06299406290054321,0.07366020977497101,100000
717,-0.28886112570762634,0.28886112570762634,1.0,2.596569061279297,33.26215362548828,-0.32078081369400024,1.0,0.3977915224247224,0.002540445283677447,0.5,1.5487983226776123,3.9482614994049072,-0.1197722852230072,-0.12106650322675705,0.07712213695049286,100000
718,-0.28503507375717163,0.28503507375717163,1.0,2.5678391456604004,33.144161224365234,-0.3187718987464905,1.0,0.39717855798962615,0.0025331346819803774,0.5,1.476638913154602,3.6836624145507812,-0.18905958533287048,-0.19047655165195465,0.06928884983062744,100000
719,-0.3025698661804199,0.3025698661804199,1.0,2.6339588165283203,34.162261962890625,-0.3270549178123474,1.0,0.39656653808295117,0.002525845117893334,0.5,1.4907076358795166,3.6836624145507812,-0.19687283039093018,-0.19796311855316162,0.06994246691465378,100000
720,-0.29232171177864075,0.29232171177864075,1.0,2.6649889945983887,32.941505432128906,-0.33594515919685364,0.9942626953125,0.39595546124925596,0.0025185765308767,0.5,1.3575788736343384,3.6836624145507812,-0.4827824831008911,-0.48422783613204956,0.06737517565488815,100000
721,-0.27411988377571106,0.27411988377571106,1.0,2.476861000061035,32.999046325683594,-0.31472155451774597,1.0,0.39534532603534156,0.0025113288605650703,0.5,1.3918839693069458,3.9482614994049072,-0.3340655267238617,-0.3354353904724121,0.07240769267082214,100000
722,-0.26082903146743774,0.26082903146743774,1.0,2.4485669136047363,32.09342956542969,-0.30171889066696167,1.0,0.39473613099024846,0.0025041020467667543,0.5,1.2431144714355469,2.48532772064209,-0.2909095883369446,-0.29202699661254883,0.06842925399541855,100000
723,-0.2685706615447998,0.2685706615447998,1.0,2.431699275970459,32.94525146484375,-0.2956656813621521,0.9986572265625,0.3941278746652526,0.002496896029463272,0.5,1.2820733785629272,2.5648791790008545,-0.5601833462715149,-0.5615900158882141,0.06381361931562424,100000
724,-0.28377190232276917,0.28377190232276917,1.0,2.5601978302001953,33.09097671508789,-0.31351131200790405,1.0,0.3935205556138628,0.0024897107488088587,0.5,1.3111515045166016,3.6836624145507812,-0.18001995980739594,-0.1813594400882721,0.068732351064682,100000
725,-0.28241968154907227,0.28241968154907227,1.0,2.560685634613037,32.98688507080078,-0.3262220621109009,1.0,0.3929141723918165,0.0024825461451299683,0.5,1.3332102298736572,2.5648791790008545,-0.3115673065185547,-0.3131639361381531,0.06443057954311371,100000
726,-0.29733040928840637,0.29733040928840637,1.0,2.677548885345459,33.317447662353516,-0.33313417434692383,1.0,0.3923087235570765,0.002475402158924774,0.5,1.3507739305496216,2.77083420753479,-0.6259596347808838,-0.6273651123046875,0.0665353536605835,100000
727,-0.3102765381336212,0.3102765381336212,1.0,2.7781875133514404,33.62306213378906,-0.35374462604522705,1.0,0.3917042076698281,0.0024682787308626785,0.5,1.3568540811538696,2.819687843322754,-0.18864509463310242,-0.1899634450674057,0.06875024735927582,100000
728,-0.2923513650894165,0.2923513650894165,1.0,2.6300950050354004,33.27588653564453,-0.31425297260284424,1.0,0.3911006232924747,0.002461175801783818,0.5,1.3578051328659058,3.6836624145507812,-0.18778777122497559,-0.1888497918844223,0.06742416322231293,100000
729,-0.2832191586494446,0.2832191586494446,1.0,2.6024415493011475,32.71992492675781,-0.31562140583992004,1.0,0.3904979689896354,0.002454093312698573,0.5,1.3853199481964111,2.819687843322754,-0.5892850160598755,-0.5909479856491089,0.06547942012548447,100000
730,-0.2666126489639282,0.2666126489639282,1.0,2.4694113731384277,32.423728942871094,-0.2848156690597534,1.0,0.3898962433281407,0.002447031204787076,0.5,1.281507968902588,2.4810237884521484,-0.673742413520813,-0.675136387348175,0.059354521334171295,100000
731,-0.2744100093841553,0.2744100093841553,1.0,2.4702162742614746,33.07841110229492,-0.31295156478881836,1.0,0.3892954448770299,0.0024399894193987267,0.5,1.3586726188659668,3.6836624145507812,-0.31190985441207886,-0.31345927715301514,0.06715656071901321,100000
732,-0.27499914169311523,0.27499914169311523,1.0,2.4609029293060303,33.19683074951172,-0.2948090434074402,1.0,0.3886955722075469,0.0024329678980517023,0.5,1.4484612941741943,2.77083420753479,-0.14077286422252655,-0.1419386863708496,0.06707178056240082,100000
733,-0.289808988571167,0.289808988571167,1.0,2.5918118953704834,33.37903594970703,-0.3158103823661804,1.0,0.38809662389313754,0.0024259665824324706,0.5,1.2986750602722168,2.5648791790008545,-0.4604974091053009,-0.46165311336517334,0.06155027076601982,100000
734,-0.2890036702156067,0.2890036702156067,1.0,2.6314711570739746,32.959293365478516,-0.3124805688858032,1.0,0.3874985985094457,0.0024189854143953095,0.5,1.393928050994873,2.819687843322754,-0.48011672496795654,-0.48150894045829773,0.06528173387050629,100000
735,-0.271489679813385,0.271489679813385,1.0,2.4865593910217285,32.69142150878906,-0.29400163888931274,1.0,0.38690149463430995,0.00241202433596182,0.5,1.3440515995025635,3.6836624145507812,-0.487255722284317,-0.4886520802974701,0.06440030783414841,100000
736,-0.2807188928127289,0.2807188928127289,1.0,2.5213592052459717,33.232200622558594,-0.311371386051178,1.0,0.3863053108477605,0.0024050832893204492,0.5,1.3089301586151123,3.9482614994049072,-0.3100143074989319,-0.3112469017505646,0.06570684909820557,100000
737,-0.27073612809181213,0.27073612809181213,1.0,2.4870948791503906,32.62900161743164,-0.28832095861434937,1.0,0.38571004573201556,0.0023981622168260043,0.5,1.381472110748291,3.9482614994049072,-0.33323824405670166,-0.3342362642288208,0.0644397884607315,100000
738,-0.28281617164611816,0.28281617164611816,1.0,2.525394916534424,33.34937286376953,-0.31770551204681396,1.0,0.3851156978714781,0.0023912610609991805,0.5,1.3613815307617188,3.6836624145507812,-0.1712130904197693,-0.17220528423786163,0.07715889066457748,100000
739,-0.2600215971469879,0.2600215971469879,1.0,2.434168577194214,32.13919448852539,-0.2926502823829651,1.0,0.38452226585273225,0.0023843797645260786,0.5,1.3376305103302002,3.6836624145507812,-0.5783278942108154,-0.5799281001091003,0.07188746333122253,100000
740,-0.2960948348045349,0.2960948348045349,1.0,2.596122980117798,33.98931884765625,-0.3203590512275696,0.9998779296875,0.3839297482645401,0.002377518270257731,0.5,1.4030258655548096,3.9482614994049072,-0.3541361391544342,-0.35564279556274414,0.07091464847326279,100000
741,-0.2941097617149353,0.2941097617149353,1.0,2.584930419921875,33.813629150390625,-0.33066877722740173,1.0,0.38333814369783853,0.0023706765212096266,0.5,1.4944884777069092,3.6836624145507812,-0.5849806666374207,-0.5859076976776123,0.061229389160871506,100000
742,-0.30774012207984924,0.30774012207984924,1.0,2.675431728363037,34.1560173034668,-0.34072691202163696,1.0,0.3827474507457356,0.0023638544605612383,0.5,1.5274090766906738,3.6836624145507812,-0.6178377270698547,-0.6190100908279419,0.06803238391876221,100000
743,-0.2846127152442932,0.2846127152442932,1.0,2.6161715984344482,32.70873260498047,-0.3156439960002899,1.0,0.3821576680035071,0.0023570520316555507,0.5,1.3186211585998535,3.6836624145507812,-0.2584007680416107,-0.2594817280769348,0.06704005599021912,100000
744,-0.30153796076774597,0.30153796076774597,1.0,2.7264418601989746,33.27882385253906,-0.34276098012924194,0.99951171875,0.3815687940685935,0.0023502691779985884,0.5,1.324151873588562,2.819687843322754,-0.3297281265258789,-0.3315512537956238,0.0726926326751709,100000
745,-0.29325854778289795,0.29325854778289795,1.0,2.6201653480529785,33.411983489990234,-0.3652988374233246,0.99609375,0.3809808275405967,0.002343505843258949,0.5,1.3526456356048584,3.9482614994049072,-0.37507933378219604,-0.37642964720726013,0.06660252809524536,100000
746,-0.2769036293029785,0.2769036293029785,1.0,2.5205116271972656,32.86115264892578,-0.30210626125335693,1.0,0.3803937670212763,0.0023367619712673345,0.5,1.3340322971343994,2.819687843322754,-0.5707745552062988,-0.5720297694206238,0.06865222752094269,100000
747,-0.2857325077056885,0.2857325077056885,1.0,2.582631826400757,33.08833312988281,-0.310724675655365,1.0,0.37980761111454636,0.0023300375060160824,0.5,1.3773581981658936,3.9482614994049072,-0.4008491635322571,-0.4020645320415497,0.05588989704847336,100000
748,-0.273686945438385,0.273686945438385,1.0,2.5197644233703613,32.597373962402344,-0.29348674416542053,1.0,0.37922235842647245,0.002323332391658705,0.5,1.222739338874817,2.019613027572632,-0.45426028966903687,-0.455877423286438,0.06281045079231262,100000
749,-0.2908232808113098,0.2908232808113098,1.0,2.615865468978882,33.31254577636719,-0.3139669895172119,0.998046875,0.37863800756526783,0.002316646572509421,0.5,1.373510479927063,3.6836624145507812,-0.5643601417541504,-0.5656410455703735,0.06910865753889084,100000
750,-0.28383195400238037,0.28383195400238037,1.0,2.644623279571533,32.37593460083008,-0.3145674467086792,1.0,0.3780545571412907,0.0023099799930426978,0.5,1.3195555210113525,2.819687843322754,-0.4587840735912323,-0.4598560333251953,0.07050836086273193,100000
751,-0.2968466579914093,0.2968466579914093,1.0,2.6529698371887207,33.477264404296875,-0.3240373134613037,1.0,0.37747200576704026,0.0023033325978927847,0.5,1.3072248697280884,2.819687843322754,-0.3425632119178772,-0.34384164214134216,0.071085624396801,100000
752,-0.2753833532333374,0.2753833532333374,1.0,2.503709316253662,32.86392593383789,-0.2988145649433136,1.0,0.37689035205715393,0.002296704331853259,0.5,1.2201390266418457,2.0209224224090576,-0.15118521451950073,-0.15212897956371307,0.06539541482925415,100000
753,-0.29096972942352295,0.29096972942352295,1.0,2.5892333984375,33.56696701049805,-0.32528936862945557,1.0,0.37630959462840397,0.0022900951398765637,0.5,1.4295752048492432,3.9482614994049072,-0.28872931003570557,-0.2898215353488922,0.06847967952489853,100000
754,-0.2693784832954407,0.2693784832954407,1.0,2.463785171508789,32.80243682861328,-0.3079913556575775,0.99560546875,0.3757297320996936,0.0022835049670735506,0.5,1.3325080871582031,2.0311641693115234,-0.8046597838401794,-0.8060848116874695,0.06949208676815033,100000
755,-0.2921069860458374,0.2921069860458374,1.0,2.616025447845459,33.35758972167969,-0.3141542077064514,1.0,0.37515076309205486,0.0022769337587130265,0.5,1.480522632598877,3.9482614994049072,-0.19433751702308655,-0.19541655480861664,0.0611906424164772,100000
756,-0.28251075744628906,0.28251075744628906,1.0,2.544912815093994,33.14749526977539,-0.30827754735946655,1.0,0.3745726862286441,0.0022703814602212957,0.5,1.38248872756958,2.819687843322754,-0.04502454027533531,-0.045855119824409485,0.0665542408823967,100000
757,-0.27094072103500366,0.27094072103500366,1.0,2.5270843505859375,32.28545379638672,-0.30466002225875854,0.9990234375,0.3739955001347397,0.0022638480171817106,0.5,1.2870187759399414,2.5648791790008545,-0.25612208247184753,-0.25714030861854553,0.06089155375957489,100000
758,-0.3005800247192383,0.3005800247192383,1.0,2.627328872680664,34.044471740722656,-0.3323715329170227,0.999755859375,0.37341920343773793,0.002257333375334215,0.5,1.249897837638855,2.4810237884521484,-0.10981989651918411,-0.11095989495515823,0.07560393214225769,100000
759,-0.2741907238960266,0.2741907238960266,1.0,2.4930639266967773,32.9022216796875,-0.31135863065719604,1.0,0.3728437947671506,0.002250837480574898,0.5,1.4388339519500732,3.9482614994049072,-0.45186299085617065,-0.4531972110271454,0.07388448715209961,100000
760,-0.27916234731674194,0.27916234731674194,1.0,2.5524954795837402,32.81450653076172,-0.323074609041214,1.0,0.37226927275460114,0.0022443602789555426,0.5,1.2726768255233765,2.77083420753479,-0.09876880049705505,-0.10017561167478561,0.07077553868293762,100000
761,-0.30478423833847046,0.30478423833847046,1.0,2.720345973968506,33.57286071777344,-0.34422987699508667,1.0,0.3716956360338213,0.0022379017166831764,0.5,1.3471248149871826,3.6836624145507812,-0.2800486981868744,-0.28117603063583374,0.0652310773730278,100000
762,-0.2778078317642212,0.2778078317642212,1.0,2.5922136306762695,32.385772705078125,-0.31664663553237915,1.0,0.3711228832406485,0.0022314617401196285,0.5,1.2339253425598145,2.48532772064209,-0.20615515112876892,-0.20725403726100922,0.07001777738332748,100000
763,-0.2964872717857361,0.2964872717857361,1.0,2.674365997314453,33.236724853515625,-0.33780473470687866,0.9964599609375,0.370551013013022,0.002225040295781078,0.5,1.4387376308441162,3.9482614994049072,-0.095743328332901,-0.09677623212337494,0.07125236839056015,100000
764,-0.2946447730064392,0.2946447730064392,1.0,2.701040029525757,32.85780334472656,-0.3220515549182892,1.0,0.36998002399098,0.002218637330337619,0.5,1.3592398166656494,3.9482614994049072,-0.5089666843414307,-0.5100933909416199,0.0653325542807579,100000
765,-0.2960914969444275,0.2960914969444275,1.0,2.670074462890625,33.187808990478516,-0.3217320144176483,1.0,0.3694099148166563,0.002212252790612807,0.5,1.3601038455963135,2.77083420753479,-0.642183780670166,-0.6435733437538147,0.06596064567565918,100000
766,-0.2683123052120209,0.2683123052120209,1.0,2.4655191898345947,32.61113739013672,-0.3088169991970062,1.0,0.3688406841342769,0.0022058866235832256,0.5,1.3305343389511108,2.77083420753479,-0.44928842782974243,-0.4504832625389099,0.05990659445524216,100000
767,-0.29140108823776245,0.29140108823776245,1.0,2.6000661849975586,33.507667541503906,-0.31122881174087524,1.0,0.3682723305901571,0.002199538776378043,0.5,1.3201268911361694,3.6836624145507812,-0.3005710244178772,-0.301978200674057,0.07076120376586914,100000
768,-0.31004583835601807,0.31004583835601807,1.0,2.7209625244140625,34.00718688964844,-0.32763588428497314,1.0,0.3677048528326981,0.0021932091962785717,0.5,1.54180908203125,3.9482614994049072,-0.16880245506763458,-0.16958662867546082,0.06532644480466843,100000
769,-0.29653993248939514,0.29653993248939514,1.0,2.663104772567749,33.304874420166016,-0.328024685382843,1.0,0.3671382495123837,0.0021868978307178328,0.5,1.3902846574783325,2.819687843322754,-0.6845690608024597,-0.6858886480331421,0.06443022936582565,100000
770,-0.2921684980392456,0.2921684980392456,1.0,2.6258702278137207,33.36096954345703,-0.314605176448822,1.0,0.36657251928177736,0.0021806046272801177,0.5,1.347015619277954,2.3991518020629883,-0.4007617235183716,-0.4018605053424835,0.06177328899502754,100000
771,-0.2527872323989868,0.2527872323989868,1.0,2.3980212211608887,31.859786987304688,-0.2727487087249756,1.0,0.36600766079551866,0.002174329533700556,0.5,1.3184878826141357,2.77083420753479,-0.19695556163787842,-0.19838696718215942,0.07224428653717041,100000
772,-0.25920379161834717,0.25920379161834717,1.0,2.3793935775756836,32.552642822265625,-0.2788107395172119,1.0,0.36544367271032036,0.002168072497864676,0.5,1.359380841255188,3.9482614994049072,-0.3920581340789795,-0.39302515983581543,0.0549505278468132,100000
773,-0.2936161160469055,0.2936161160469055,1.0,2.6288979053497314,33.40894317626953,-0.3221672773361206,1.0,0.36488055368496514,0.002161833467807978,0.5,1.4578213691711426,3.9482614994049072,-0.2682555913925171,-0.26907089352607727,0.060453325510025024,100000
774,-0.25956955552101135,0.25956955552101135,1.0,2.430624008178711,32.161190032958984,-0.2738391160964966,1.0,0.3643183023803023,0.002155612391715498,0.5,1.285804033279419,2.5648791790008545,-0.952215313911438,-0.9533323645591736,0.05569826811552048,100000
775,-0.30480557680130005,0.30480557680130005,1.0,2.680562734603882,33.979854583740234,-0.3408034145832062,1.0,0.36375691745924466,0.002149409217921379,0.5,1.4511266946792603,3.6836624145507812,-0.25416553020477295,-0.25489386916160583,0.05969636142253876,100000
776,-0.279971718788147,0.279971718788147,1.0,2.5364556312561035,32.97480010986328,-0.30789482593536377,1.0,0.3631963975867656,0.002143223894908444,0.5,1.4062696695327759,3.9482614994049072,-0.14914491772651672,-0.1499655842781067,0.0603623241186142,100000
777,-0.2973395586013794,0.2973395586013794,1.0,2.632538318634033,33.68183517456055,-0.31747886538505554,1.0,0.3626367414298953,0.0021370563713077628,0.5,1.3333625793457031,2.819687843322754,-0.5621528625488281,-0.5630398988723755,0.06385660171508789,100000
778,-0.28053712844848633,0.28053712844848633,1.0,2.5363569259643555,33.05230712890625,-0.3024003207683563,1.0,0.36207794765771845,0.0021309065958982324,0.5,1.3535676002502441,2.819687843322754,-0.17569971084594727,-0.17665106058120728,0.06881214678287506,100000
779,-0.2928139567375183,0.2928139567375183,1.0,2.644864320755005,33.150516510009766,-0.3249642252922058,1.0,0.36152001494136987,0.0021247745176061457,0.5,1.4620647430419922,3.9482614994049072,-0.05478576198220253,-0.05576356500387192,0.06801121681928635,100000
780,-0.29068005084991455,0.29068005084991455,1.0,2.6245367527008057,33.17131805419922,-0.31019604206085205,1.0,0.36096294195403267,0.002118660085504771,0.5,1.3532192707061768,2.77083420753479,-0.5487284660339355,-0.5496032238006592,0.06463661044836044,100000
781,-0.3044232726097107,0.3044232726097107,1.0,2.7261056900024414,33.4898796081543,-0.3359617590904236,1.0,0.3604067273709343,0.002112563248813928,0.5,1.5221803188323975,3.9482614994049072,-0.3899444043636322,-0.3907182216644287,0.06284372508525848,100000
782,-0.2708269953727722,0.2708269953727722,1.0,2.485724449157715,32.62037658691406,-0.298794686794281,1.0,0.3598513698693434,0.0021064839568995623,0.5,1.4387714862823486,3.6836624145507812,-0.205299511551857,-0.20612990856170654,0.05950348079204559,100000
783,-0.2779091000556946,0.2779091000556946,1.0,2.548468828201294,32.71782684326172,-0.3082618713378906,1.0,0.35929686812856704,0.0021004221592733335,0.5,1.2223975658416748,2.819687843322754,-0.32698360085487366,-0.32799771428108215,0.06790567934513092,100000
784,-0.30088087916374207,0.30088087916374207,1.0,2.649407148361206,33.852378845214844,-0.34138768911361694,1.0,0.3587432208299473,0.002094377805592187,0.5,1.2435295581817627,2.77083420753479,-0.12332532554864883,-0.12463928014039993,0.06481574475765228,100000
785,-0.2772945761680603,0.2772945761680603,1.0,2.549729824066162,32.65729522705078,-0.2990347743034363,1.0,0.35819042665685813,0.002088350845657941,0.5,1.3222250938415527,2.819687843322754,0.05660705640912056,0.055539730936288834,0.06375305354595184,100000
786,-0.25998789072036743,0.25998789072036743,1.0,2.3903942108154297,32.54600143432617,-0.2812771499156952,1.0,0.3576384842947024,0.002082341229416868,0.5,1.3017555475234985,2.48532772064209,-0.3884890079498291,-0.3893798887729645,0.06635065376758575,100000
787,-0.25829166173934937,0.25829166173934937,1.0,2.3828985691070557,32.43888473510742,-0.28041720390319824,1.0,0.3570873924309087,0.00207634890695928,0.5,1.2632834911346436,2.77083420753479,-0.21411681175231934,-0.214899942278862,0.06671054661273956,100000
788,-0.29058563709259033,0.29058563709259033,1.0,2.5804250240325928,33.53711700439453,-0.3039822578430176,1.0,0.356537149754928,0.0020703738285191126,0.5,1.436248540878296,3.9482614994049072,-0.34594154357910156,-0.3468501567840576,0.06069556623697281,100000
789,-0.2816806733608246,0.2816806733608246,1.0,2.5619683265686035,32.930328369140625,-0.30644577741622925,1.0,0.3559877549582309,0.0020644159444735124,0.5,1.2553958892822266,2.5648791790008545,-0.2533602714538574,-0.2543965280056,0.06828749179840088,100000
790,-0.2775759994983673,0.2775759994983673,1.0,2.555609703063965,32.607872009277344,-0.3241898715496063,1.0,0.35543920673430424,0.0020584752053424264,0.5,1.3666677474975586,2.819687843322754,-0.0852968841791153,-0.08642427623271942,0.06147226691246033,100000
791,-0.2952345311641693,0.2952345311641693,1.0,2.6319169998168945,33.52981185913086,-0.3106974959373474,1.0,0.3548915037786481,0.002052551561788187,0.5,1.396241545677185,3.9482614994049072,-0.41377609968185425,-0.41478317975997925,0.065474733710289,100000
792,-0.27502909302711487,0.27502909302711487,1.0,2.571307897567749,32.288902282714844,-0.3196994662284851,1.0,0.3543446447887728,0.0020466449646151076,0.5,1.1539463996887207,1.6795390844345093,-0.5130836367607117,-0.5143342018127441,0.0679248794913292,100000
793,-0.26054835319519043,0.26054835319519043,1.0,2.373729705810547,32.71898651123047,-0.3003762364387512,1.0,0.3537986284641955,0.002040755364769069,0.5,1.377465009689331,2.77083420753479,-0.4532370865345001,-0.45428767800331116,0.06364911794662476,100000
794,-0.2663595378398895,0.2663595378398895,1.0,2.4449453353881836,32.645599365234375,-0.3005174994468689,1.0,0.3532534535064375,0.002034882713337116,0.5,1.318021297454834,3.6836624145507812,-0.2675779163837433,-0.26882031559944153,0.06244435906410217,100000
795,-0.2984763979911804,0.2984763979911804,1.0,2.6766862869262695,33.40339660644531,-0.3520650267601013,1.0,0.35270911861902077,0.0020290269615470496,0.5,1.3646515607833862,3.9482614994049072,-0.10275538265705109,-0.10394684225320816,0.06185701861977577,100000
796,-0.2730342745780945,0.2730342745780945,1.0,2.478976249694824,32.87614440917969,-0.3272736668586731,1.0,0.3521656225074652,0.00202318806076702,0.5,1.38656485080719,3.9482614994049072,-0.4507448077201843,-0.45172497630119324,0.06411698460578918,100000
797,-0.3129409849643707,0.3129409849643707,1.0,2.8065528869628906,33.57306671142578,-0.33901718258857727,1.0,0.3516229638792852,0.002017365962505126,0.5,1.3276946544647217,2.819687843322754,-0.3970981240272522,-0.39782512187957764,0.0650772899389267,100000
798,-0.2923460602760315,0.2923460602760315,1.0,2.628950357437134,33.24120330810547,-0.31963175535202026,1.0,0.351081141443987,0.00201156061840901,0.5,1.33534836769104,2.77083420753479,-0.2943095564842224,-0.2951979339122772,0.060597553849220276,100000
799,-0.2788434624671936,0.2788434624671936,1.0,2.562504291534424,32.64608383178711,-0.29568490386009216,1.0,0.35054015391306526,0.002005771980265459,0.5,1.2786729335784912,2.420929193496704,-0.19607985019683838,-0.19689130783081055,0.06865037977695465,100000
800,-0.2901309132575989,0.2901309132575989,1.0,2.599256753921509,33.40557098388672,-0.3240686058998108,1.0,0.35000000000000003,0.002,0.5,1.3481104373931885,3.9482614994049072,-0.4171748757362366,-0.4179529845714569,0.06553633511066437,100000
