seed,state_id,method,reward,cost,feasible,latency_s,ppl_hat,damage,total_energy_j,max_mem_ratio,max_energy_ratio,runtime_s,feasible_candidates
91,0,autoreg_rl_pure,-0.2619561569248415,0.2619561569248415,1,2.1898630305702866,34.121944100169095,0.0003478662488667937,604.9484426661578,0.9585724819976292,0.133596258700235,0.42362289992161095,256
91,0,random,-100.0,2705225133.483926,0,60.462272803147656,208383346596.75586,0.07716661134016149,16623.740449200992,0.9177673319198385,3.6782601689495955,0.035157700069248676,-1
91,0,latency_greedy,-3.93821870263374,3.93821870263374,1,2.416740148934087,315.5566177210623,0.007931306495630957,667.3139201687862,0.9585724819976292,0.147962461147428,7.670000195503235e-05,-1
91,0,block_balanced,-8380.256708674458,8380.256708674458,1,5.250008705049984,645521.0962754833,0.03392134181422882,1446.2120508590074,0.7581497116861327,0.3198352805559035,9.429990313947201e-05,-1
91,0,pdp_aware_greedy,-0.2619561569248415,0.2619561569248415,1,2.1898630305702866,34.121944100169095,0.0003478662488667937,604.9484426661578,0.9585724819976292,0.133596258700235,0.0006752000190317631,-1
91,0,local_search,-0.2619561569248415,0.2619561569248415,1,2.1898630305702866,34.121944100169095,0.0003478662488667937,604.9484426661578,0.9585724819976292,0.133596258700235,0.016261700075119734,-1
91,0,beam_search,-0.89278929958664,0.89278929958664,1,2.315569073822224,81.74667428924798,0.003326440848147144,639.5139251991092,0.9585724819976292,0.14182969623383684,0.07641269988380373,-1
91,0,simulated_annealing,-0.2619561569248415,0.2619561569248415,1,2.1898630305702866,34.121944100169095,0.0003478662488667937,604.9484426661578,0.9585724819976292,0.133596258700235,0.01124250004068017,-1
91,0,block_beam_strong,-0.26148707497397794,0.26148707497397794,1,2.2242606227952386,33.82084627409991,0.00031764927521494137,614.4063928902293,0.9177673319198385,0.1359398902101007,0.47488090000115335,-1
91,0,block_lns_strong,-0.26148707497397794,0.26148707497397794,1,2.2242606227952386,33.82084627409991,0.00031764927521494137,614.4063928902293,0.9177673319198385,0.1359398902101007,0.09429199993610382,-1
91,0,hybrid_heuristic,-0.26148707497397794,0.26148707497397794,1,2.2242606227952386,33.82084627409991,0.00031764927521494137,614.4063928902293,0.9177673319198385,0.1359398902101007,0.018164500128477812,-1
91,1,autoreg_rl_pure,-0.25681164717787774,0.25681164717787774,1,2.230049641545711,33.41610554116449,0.0002766044864373027,588.1868720031612,0.9771836830554259,0.16217056664670318,0.13694679993204772,256
91,1,random,-100.0,2013018954505710.0,0,54.333349623329376,1.5506274216737514e+17,0.12325901161206113,14261.752620209409,0.9889663175267315,3.942078774138938,0.029937300132587552,-1
91,1,latency_greedy,-0.47333852642677604,0.47333852642677604,1,2.4916880675765816,48.07976005049631,0.0015169549456653265,656.838745626985,0.9889663175267315,0.181743326800019,6.84000551700592e-05,-1
91,1,block_balanced,-13236.22159494305,13236.22159494305,1,5.929665060319187,1019570.5757948484,0.03547962032089411,1559.1119987620725,0.69798834503959,0.43019663365615934,7.46001023799181e-05,-1
91,1,pdp_aware_greedy,-0.47333852642677604,0.47333852642677604,1,2.4916880675765816,48.07976005049631,0.0015169549456653265,656.838745626985,0.9889663175267315,0.181743326800019,0.0005528000183403492,-1
91,1,local_search,-0.47333852642677604,0.47333852642677604,1,2.4916880675765816,48.07976005049631,0.0015169549456653265,656.838745626985,0.9889663175267315,0.181743326800019,0.019307099981233478,-1
91,1,beam_search,-0.2650567281572701,0.2650567281572701,1,2.2600239777336153,33.82033153607676,0.0003175973881659916,596.056287018138,0.9889663175267315,0.16326734558551734,0.07335900003090501,-1
91,1,simulated_annealing,-0.47333852642677604,0.47333852642677604,1,2.4916880675765816,48.07976005049631,0.0015169549456653265,656.838745626985,0.9889663175267315,0.181743326800019,0.007874500006437302,-1
91,1,block_beam_strong,-0.2551569902623883,0.2551569902623883,1,2.2134816844041696,33.41627029271099,0.00027662129484144613,583.8433771526364,0.9889663175267315,0.16111754752680996,0.5321690000128001,-1
91,1,block_lns_strong,-0.2535752232564213,0.2535752232564213,1,2.1976355986855842,33.41648917837931,0.0002766436260288208,579.6782334854786,0.9889663175267315,0.159669752465713,0.08929380006156862,-1
91,1,hybrid_heuristic,-0.2535752232564213,0.2535752232564213,1,2.1976355986855842,33.41648917837931,0.0002766436260288208,579.6782334854786,0.9889663175267315,0.159669752465713,0.015855700010433793,-1
91,2,autoreg_rl_pure,-0.24288699067401037,0.24288699067401037,1,1.780111922648957,35.809357834022784,0.0005124239291144378,517.7577935273462,0.9594169222749804,0.09905257447855648,0.08953689993359149,256
91,2,random,-100.0,1.3811820696251114e+16,0,61.2448702719364,1.0639238079160032e+18,0.1298247744569378,17711.63813325321,0.9436093914105058,3.3791971218367984,0.02881249994970858,-1
91,2,latency_greedy,-1161.9760293305437,1161.9760293305437,1,3.089074264447267,89513.96811325372,0.02718588898294396,896.1114915691267,0.9729035490921983,0.17168954802582523,7.059983909130096e-05,-1
91,2,block_balanced,-93.55447535536062,93.55447535536062,1,4.26598516007164,7204.447339823388,0.018595713013011602,1236.4793149106913,0.6396112815166536,0.2360533449026206,7.529999129474163e-05,-1
91,2,pdp_aware_greedy,-3.5508599346277956,3.5508599346277956,1,2.667586653172927,283.7861233064584,0.007569530387286955,774.2827701990112,0.9729035490921983,0.14660466690170532,0.0005340001080185175,-1
91,2,local_search,-3.55037936980061,3.55037936980061,1,2.6627810049022926,283.786123306449,0.007569530387286841,772.8968528726507,0.9729035490921983,0.14634055909357652,0.0249742001760751,-1
91,2,beam_search,-0.24288699067401037,0.24288699067401037,1,1.780111922648957,35.809357834022784,0.0005124239291144378,517.7577935273462,0.9594169222749804,0.09905257447855648,0.07724040001630783,-1
91,2,simulated_annealing,-3.55037936980061,3.55037936980061,1,2.6627810049022926,283.786123306449,0.007569530387286841,772.8968528726507,0.9729035490921983,0.14634055909357652,0.00825539999641478,-1
91,2,block_beam_strong,-0.30415523365962477,0.30415523365962477,1,1.7644072240367281,40.64982051644768,0.0009446613284771149,513.1179904290769,0.9594169222749804,0.09856015516943849,0.6468346999026835,-1
91,2,block_lns_strong,-0.24288699067401037,0.24288699067401037,1,1.780111922648957,35.809357834022784,0.0005124239291144378,517.7577935273462,0.9594169222749804,0.09905257447855648,0.07516240002587438,-1
91,2,hybrid_heuristic,-0.24288699067401037,0.24288699067401037,1,1.780111922648957,35.809357834022784,0.0005124239291144378,517.7577935273462,0.9594169222749804,0.09905257447855648,0.016282500000670552,-1
91,3,autoreg_rl_pure,-200.06793776413645,200.06793776413645,1,3.1227947101027382,15417.979629938107,0.02118956287576661,882.0512314702986,0.9964871424272983,0.18867955661981015,0.33181370003148913,255
91,3,random,-100.0,4.568029559262737e+25,0,149.37532667652553,3.5187507210275436e+27,0.3350519757387243,42052.309819611895,0.9964871424272983,8.996232772585797,0.0325973997823894,-1
91,3,latency_greedy,-908464281297.3203,908464281297.3203,1,14.808484292726476,69978954894390.84,0.0969965274928393,4171.536275134419,0.9964871424272983,0.892801475109206,6.800005212426186e-05,-1
91,3,block_balanced,-100.0,361045379138020.5,0,21.94466984295597,2.7811306202900504e+16,0.1174006670397422,6180.421058151294,0.7525300024606913,1.3216284161718637,8.639995940029621e-05,-1
91,3,pdp_aware_greedy,-124548989.79523572,124548989.79523572,1,7.673767680581113,9594001979.778423,0.06667223715778184,2163.173419146862,0.9865034990201115,0.4625310485317358,0.0005713999271392822,-1
91,3,local_search,-100.0,4.568029559262737e+25,0,149.37532667652553,3.5187507210275436e+27,0.3350519757387243,42052.309819611895,0.9964871424272983,8.996232772585797,0.020497600082308054,-1
91,3,beam_search,-5125.027573901511,5125.027573901511,1,4.743857271988043,394774.86938660033,0.032244888738929306,1338.4079079769997,0.9964871424272983,0.28454010228376675,0.07912259991280735,-1
91,3,simulated_annealing,-100.0,4.568029559262737e+25,0,149.37532667652553,3.5187507210275436e+27,0.3350519757387243,42052.309819611895,0.9964871424272983,8.996232772585797,0.014868199825286865,-1
91,3,block_beam_strong,-100.0,361045379138020.5,0,21.94466984295597,2.7811306202900504e+16,0.1174006670397422,6180.421058151294,0.7525300024606913,1.3216284161718637,0.39216060005128384,-1
91,3,block_lns_strong,-100.0,4297238334.962542,0,5.815901499964456,331016038595.3836,0.07874435136748528,1640.0441870959305,3.1355416769195474,0.3530681936539511,0.09635679982602596,-1
91,3,hybrid_heuristic,-100.0,4.568029559262737e+25,0,149.37532667652553,3.5187507210275436e+27,0.3350519757387243,42052.309819611895,0.9964871424272983,8.996232772585797,0.02305239997804165,-1
91,4,autoreg_rl_pure,-0.28118144385582144,0.28118144385582144,1,2.6322459343458267,32.19519378538125,0.000149710905332444,636.0536840264065,0.9992610695083359,0.15014324281113448,0.09379130019806325,256
91,4,random,-100.0,35460521532301.055,0,64.84409987597827,2731522072941974.5,0.10948930765013525,15596.85925343602,0.9770647076561889,3.6806162335157655,0.030988199869170785,-1
91,4,latency_greedy,-11127.073651220147,11127.073651220147,1,4.790537113440137,857111.7974370738,0.03488788884014655,1154.9976947021034,0.9770647076561889,0.27216319400729894,8.019991219043732e-05,-1
91,4,block_balanced,-10749.068300296292,10749.068300296292,1,6.3195432212124745,827982.2875907152,0.03477000991427151,1522.7479030916488,0.7327985307421416,0.35818957250781,7.780012674629688e-05,-1
91,4,pdp_aware_greedy,-0.3245580116547374,0.3245580116547374,1,2.645343353969542,35.43559912478039,0.00047665342513585144,639.1857313545273,0.9992610695083359,0.15086774253042123,0.000552699901163578,-1
91,4,local_search,-0.3245580116547374,0.3245580116547374,1,2.645343353969542,35.43559912478039,0.00047665342513585144,639.1857313545273,0.9992610695083359,0.15086774253042123,0.016467600129544735,-1
91,4,beam_search,-0.35108017584676393,0.35108017584676393,1,3.328949294083282,32.21278711834386,0.00015157338838636404,803.6006910050048,0.9770647076561889,0.18952789767303208,0.07569229998625815,-1
91,4,simulated_annealing,-0.3245580116547374,0.3245580116547374,1,2.645343353969542,35.43559912478039,0.00047665342513585144,639.1857313545273,0.9992610695083359,0.15086774253042123,0.009300900157541037,-1
91,4,block_beam_strong,-0.2759215458539586,0.2759215458539586,1,2.579325199964253,32.197672257514405,0.00014997334541582308,623.3338798391477,0.9992610695083359,0.14682231712776553,0.49602259998209774,-1
91,4,block_lns_strong,-0.27436799226064346,0.27436799226064346,1,2.564250402520142,32.194123191402895,0.0001495975361903661,619.7053219928774,0.9992610695083359,0.14611176178650473,0.09978980012238026,-1
91,4,hybrid_heuristic,-0.27436799226064346,0.27436799226064346,1,2.564250402520142,32.194123191402895,0.0001495975361903661,619.7053219928774,0.9992610695083359,0.14611176178650473,0.015626800013706088,-1
91,5,autoreg_rl_pure,-2.299052150690074,2.299052150690074,1,2.749129144745638,186.73131543135605,0.00614260476585456,635.5763591884546,0.9760256771332535,0.13493416337298944,0.18287749984301627,255
91,5,random,-100.0,4.568029559262737e+25,0,88.76941065815295,3.5187507210275436e+27,0.22888054310479905,20429.789894038975,0.9383129368090688,4.336857177888963,0.02981460001319647,-1
91,5,latency_greedy,-1997969.286362067,1997969.286362067,1,4.079788994295274,153903466.4223216,0.05258344130245287,941.7753451909055,0.9760256771332535,0.19911469588925182,6.739981472492218e-05,-1
91,5,block_balanced,-51070528.191201314,51070528.191201314,1,6.819584835945199,3933960027.4589534,0.06363295432103937,1572.2846413457598,0.7091572711547661,0.3337869965384036,7.30000901967287e-05,-1
91,5,pdp_aware_greedy,-3.830029081931019,3.830029081931019,1,2.7792380045176954,304.43045799875085,0.007808931366196136,642.5065832457993,0.9760256771332535,0.13680634567922362,0.0005172998644411564,-1
91,5,local_search,-2.3218088587628363,2.3218088587628363,1,2.7039475971567186,188.83229665334053,0.006180748839828414,625.1881818061147,0.9383129368090688,0.13309973096924574,0.025957000209018588,-1
91,5,beam_search,-2.299052150690074,2.299052150690074,1,2.749129144745638,186.73131543135605,0.00614260476585456,635.5763591884546,0.9760256771332535,0.13493416337298944,0.07489360007457435,-1
91,5,simulated_annealing,-2.3218088587628363,2.3218088587628363,1,2.7039475971567186,188.83229665334053,0.006180748839828414,625.1881818061147,0.9383129368090688,0.13309973096924574,0.008969799848273396,-1
91,5,block_beam_strong,-2.299052150690074,2.299052150690074,1,2.749129144745638,186.73131543135605,0.00614260476585456,635.5763591884546,0.9760256771332535,0.13493416337298944,0.5067249999847263,-1
91,5,block_lns_strong,-2.0026943257968752,2.0026943257968752,1,2.754076176334744,163.8647811068541,0.005697262304359534,636.7294049054606,0.9455430282063548,0.13543252913307466,0.09302340005524457,-1
91,5,hybrid_heuristic,-2.0026943257968752,2.0026943257968752,1,2.754076176334744,163.8647811068541,0.005697262304359534,636.7294049054606,0.9455430282063548,0.13543252913307466,0.017251200042665005,-1
91,6,autoreg_rl_pure,-23.455755237818266,23.455755237818266,1,2.983703254902297,1814.624097116311,0.013895024016825089,753.1757059751578,0.9827974352057474,0.18163226265062055,0.18323809979483485,256
91,6,random,-100.0,4.568029559262737e+25,0,153.75184724040588,3.5187507210275436e+27,0.35271611236799416,38657.059161227655,0.9036935005468193,9.312715271638448,0.028983499854803085,-1
91,6,latency_greedy,-100.0,195687.48732672984,0,16.665482233840844,15073699.097749654,0.04466256859586649,4192.750741423432,0.9827974352057474,1.0056017874075485,6.46000262349844e-05,-1
91,6,block_balanced,-100.0,667076303.7001064,0,25.28686501545892,51384851754.62967,0.0723935932191453,6360.292958887241,0.5896784611234483,1.5286728217168264,7.33998604118824e-05,-1
91,6,pdp_aware_greedy,-1356.960082304276,1356.960082304276,1,2.9963168637505344,104534.29377239832,0.02771472752555669,756.3489571940443,0.9827974352057474,0.18269302514750488,0.0006349000614136457,-1
91,6,local_search,-100.0,4.568029559262737e+25,0,153.75184724040588,3.5187507210275436e+27,0.35271611236799416,38657.059161227655,0.9036935005468193,9.312715271638448,0.019602200016379356,-1
91,6,beam_search,-77.77171055047361,77.77171055047361,1,3.005851820627409,5998.40861322154,0.01797113082752306,758.7450282832673,0.9827974352057474,0.18312898577160908,0.07723759999498725,-1
91,6,simulated_annealing,-100.0,4.568029559262737e+25,0,153.75184724040588,3.5187507210275436e+27,0.35271611236799416,38657.059161227655,0.9036935005468193,9.312715271638448,0.013650799868628383,-1
91,6,block_beam_strong,-23.455755237818266,23.455755237818266,1,2.983703254902297,1814.624097116311,0.013895024016825089,753.1757059751578,0.9827974352057474,0.18163226265062055,0.8258203000295907,-1
91,6,block_lns_strong,-21.294154819151306,21.294154819151306,1,2.9420802046332613,1648.4367548617113,0.013567566160798612,742.7072105962005,0.9827974352057474,0.17851065756381349,0.09668920002877712,-1
91,6,hybrid_heuristic,-21.294154819151306,21.294154819151306,1,2.9420802046332613,1648.4367548617113,0.013567566160798612,742.7072105962005,0.9827974352057474,0.17851065756381349,0.017043099971488118,-1
91,7,autoreg_rl_pure,-0.2685191645264664,0.2685191645264664,1,2.50409833796081,32.206939335421836,0.00015095443741409287,680.2725390752099,0.9086778335856496,0.14458554818773914,0.15771900000981987,256
91,7,random,-100.0,2.920210055510799e+21,0,71.18216059556303,2.2494362405218175e+23,0.17162729740088079,19251.46820168889,0.9346841483511875,4.1284002521545204,0.037385999923571944,-1
91,7,latency_greedy,-37030719.64335842,37030719.64335842,1,5.380682951182615,2852474338.6388803,0.06253703018338055,1458.056357674719,0.9528463224314403,0.3140192638718233,9.859981946647167e-05,-1
91,7,block_balanced,-115651074.66807121,115651074.66807121,1,7.780911361495717,8908596053.63756,0.06641954149166603,2107.156427434598,0.8077136298539107,0.4527594751750625,0.00011399993672966957,-1
91,7,pdp_aware_greedy,-0.27606417251382515,0.27606417251382515,1,2.5563997704518924,32.38525324213209,0.00016977749511350979,694.4142627078434,0.9528463224314403,0.14760541013688497,0.000763599993661046,-1
91,7,local_search,-0.2685191645264664,0.2685191645264664,1,2.50409833796081,32.206939335421836,0.00015095443741409287,680.2725390752099,0.9086778335856496,0.14458554818773914,0.025491599924862385,-1
91,7,beam_search,-0.3065480972061128,0.3065480972061128,1,2.5855233196634995,34.5090897837606,0.00038632917924472527,702.2895581655441,0.9528463224314403,0.14928699119306738,0.08277829992584884,-1
91,7,simulated_annealing,-0.2685191645264664,0.2685191645264664,1,2.50409833796081,32.206939335421836,0.00015095443741409287,680.2725390752099,0.9086778335856496,0.14458554818773914,0.010826899902895093,-1
91,7,block_beam_strong,-0.2685191645264664,0.2685191645264664,1,2.50409833796081,32.206939335421836,0.00015095443741409287,680.2725390752099,0.9086778335856496,0.14458554818773914,0.5525211999192834,-1
91,7,block_lns_strong,-0.2685191645264664,0.2685191645264664,1,2.50409833796081,32.206939335421836,0.00015095443741409287,680.2725390752099,0.9086778335856496,0.14458554818773914,0.09583760006353259,-1
91,7,hybrid_heuristic,-0.2685191645264664,0.2685191645264664,1,2.50409833796081,32.206939335421836,0.00015095443741409287,680.2725390752099,0.9086778335856496,0.14458554818773914,0.017362099839374423,-1
91,8,autoreg_rl_pure,-0.8079547993861715,0.8079547993861715,1,3.219788714905782,68.2466782373191,0.002711090647266425,1078.5634216698752,0.9973947933279067,0.2243681087290351,0.25141060003079474,252
91,8,random,-100.0,1.447573365071533e+21,0,78.82910670802767,1.1150649872125214e+23,0.16923482580950844,26336.55447436223,0.9081739635854171,5.474390502255926,0.037371200043708086,-1
91,8,latency_greedy,-26.537968145992348,26.537968145992348,1,3.065020849108752,2051.4204032334533,0.014313177713854413,1026.8524212326174,0.9973947933279067,0.2138771725421276,8.79000872373581e-05,-1
91,8,block_balanced,-303.78538204919863,303.78538204919863,1,4.616386154103667,23395.82367705422,0.022611282954164882,1545.1197033829442,0.781332598708988,0.32114334344867584,8.039991371333599e-05,-1
91,8,pdp_aware_greedy,-0.9309084028633949,0.9309084028633949,1,3.3887298826511016,76.41643481321874,0.003096566819261472,1135.0184606838388,0.9973947933279067,0.23607412040252768,0.0005177001003175974,-1
91,8,local_search,-0.8101209354081994,0.8101209354081994,1,3.241450075584255,68.24667823378964,0.0027110906470901126,1085.8213689285697,0.9973947933279067,0.22569594033234322,0.02786920010112226,-1
91,8,beam_search,-0.8009840504616617,0.8009840504616617,1,3.150081226118877,68.24667823378964,0.0027110906470901126,1055.2841382028776,0.9973947933279067,0.21936643001938205,0.08536719996482134,-1
91,8,simulated_annealing,-0.8081054141589028,0.8081054141589028,1,3.2212948630912894,68.24667823378964,0.0027110906470901126,1079.081016823351,0.9973947933279067,0.22430064960220555,0.009920499986037612,-1
91,8,block_beam_strong,-0.8286467878235209,0.8286467878235209,1,3.1614788459771925,70.28974160536852,0.002811652495462827,1059.1022720465999,0.9081739635854171,0.22003207858294502,0.38482440006919205,-1
91,8,block_lns_strong,-0.8009840504616617,0.8009840504616617,1,3.150081226118877,68.24667823378964,0.0027110906470901126,1055.2841382028776,0.9973947933279067,0.21936643001938205,0.09382900013588369,-1
91,8,hybrid_heuristic,-0.8009840504616617,0.8009840504616617,1,3.150081226118877,68.24667823378964,0.0027110906470901126,1055.2841382028776,0.9973947933279067,0.21936643001938205,0.017224099952727556,-1
91,9,autoreg_rl_pure,-0.5173179524928968,0.5173179524928968,1,2.5440819893921125,51.06390278415137,0.001722245854274612,590.2731189577711,0.9414455941125847,0.1393395641363695,0.29864909988828003,247
91,9,random,-100.0,9.29058157625658e+20,0,86.03041651847954,7.1565300084210254e+22,0.16772293428554716,19863.74023201018,0.9414455941125847,4.6917138400539775,0.03187249996699393,-1
91,9,latency_greedy,-19314.34585395608,19314.34585395608,1,3.6798682810612124,1487785.491850536,0.03676798583159572,852.4774802059665,0.9414455941125847,0.20108412975532786,8.370005525648594e-05,-1
91,9,block_balanced,-195959418.15042394,195959418.15042394,1,9.532909140459196,15094743434.045057,0.06821732043291319,2203.760407056025,0.7608583988009647,0.5229099088359987,7.919990457594395e-05,-1
91,9,pdp_aware_greedy,-32.607222681355246,32.607222681355246,1,2.8487553044688347,2520.6006471104324,0.015015355157942846,660.6326497192351,0.9414455941125847,0.15707531069096686,0.0004934999160468578,-1
91,9,local_search,-11.854913889239912,11.854913889239912,1,2.741395359245711,922.8784062640938,0.011589933263934177,635.8360789677763,0.9414455941125847,0.15104267794976756,0.023292799945920706,-1
91,9,beam_search,-0.628416273699167,0.628416273699167,1,3.794394287821999,49.990651578671496,0.0016498279912136107,878.940149484118,0.9414455941125847,0.20765543789724245,0.08820240013301373,-1
91,9,simulated_annealing,-11.854913889239912,11.854913889239912,1,2.741395359245711,922.8784062640938,0.011589933263934177,635.8360789677763,0.9414455941125847,0.15104267794976756,0.009897599928081036,-1
91,9,block_beam_strong,-1.7382586468246446,1.7382586468246446,1,2.8133003419273184,143.03911149930897,0.005233870467239885,652.4354853779631,0.9130300785611577,0.15471253254905315,0.3369553000666201,-1
91,9,block_lns_strong,-0.628416273699167,0.628416273699167,1,3.794394287821999,49.990651578671496,0.0016498279912136107,878.940149484118,0.9414455941125847,0.20765543789724245,0.10009490000084043,-1
91,9,hybrid_heuristic,-0.628416273699167,0.628416273699167,1,3.794394287821999,49.990651578671496,0.0016498279912136107,878.940149484118,0.9414455941125847,0.20765543789724245,0.017713999841362238,-1
91,10,autoreg_rl_pure,-1.060421943120986,1.060421943120986,1,2.5745201514591534,92.66470907250246,0.003753828313519101,697.7780660001275,0.995241275319362,0.14743269474209073,0.13780339993536472,256
91,10,random,-100.0,4.568029559262737e+25,0,100.15902416541815,3.5187507210275436e+27,0.21853141925864453,27031.90588576733,0.8957171477874257,5.700608559428917,0.03147209994494915,-1
91,10,latency_greedy,-676592322.930144,676592322.930144,1,5.725952174661009,52117870356.53663,0.07244188290355347,1548.175632727156,0.9521392482447503,0.3268973971729191,8.5099833086133e-05,-1
91,10,block_balanced,-520616014826.24457,520616014826.24457,1,9.877028928583423,40103023716902.81,0.09509847373519582,2668.4158403926813,0.7341359713040724,0.5628399330264879,0.00011000013910233974,-1
91,10,pdp_aware_greedy,-15960.662579954476,15960.662579954476,1,3.9878037302884755,1229449.0769871396,0.03611777222703357,1079.1582662776102,0.995241275319362,0.22677177217519406,0.0010377001017332077,-1
91,10,local_search,-100.0,4.568029559262737e+25,0,100.15902416541815,3.5187507210275436e+27,0.21853141925864453,27031.90588576733,0.8957171477874257,5.700608559428917,0.019254700047895312,-1
91,10,beam_search,-5.531564709166209,5.531564709166209,1,2.7389456400517878,435.8100280295569,0.009032032713400244,742.1390939928057,0.995241275319362,0.15598951880445544,0.08172489982098341,-1
91,10,simulated_annealing,-100.0,4.568029559262737e+25,0,100.15902416541815,3.5187507210275436e+27,0.21853141925864453,27031.90588576733,0.8957171477874257,5.700608559428917,0.013702800031751394,-1
91,10,block_beam_strong,-1.2064855240710513,1.2064855240710513,1,2.4879037642724753,104.58318445028374,0.004166326071150897,674.3974279173926,0.995241275319362,0.1424834942878096,0.5325617999769747,-1
91,10,block_lns_strong,-1.054410943162295,1.054410943162295,1,2.5144101518722444,92.66470907250246,0.003753828313519101,681.5477589775675,0.8957171477874257,0.14401248626387325,0.09212369984015822,-1
91,10,hybrid_heuristic,-1.054410943162295,1.054410943162295,1,2.5144101518722444,92.66470907250246,0.003753828313519101,681.5477589775675,0.8957171477874257,0.14401248626387325,0.01645019999705255,-1
91,11,autoreg_rl_pure,-14.251219542394134,14.251219542394134,1,3.0792481448634734,1104.8632240874078,0.012203520813307422,773.2163454713716,0.9695488635359802,0.15339538206293812,0.09166910010389984,256
91,11,random,-100.0,4.568029559262737e+25,0,111.096644742219,3.5187507210275436e+27,0.2940867906036086,27793.017465119705,0.9690807694518778,5.517474432559632,0.03222279995679855,-1
91,11,latency_greedy,-28624638653.62035,28624638653.62035,1,7.574694644713516,2204954381174.757,0.0852092221388885,1897.7199011385599,0.9695488635359802,0.37553568891625294,9.760004468262196e-05,-1
91,11,block_balanced,-15698730869757.621,15698730869757.621,1,12.000530305734301,1209272397442403.8,0.1067113456634662,3004.8287667075183,0.6922005496084841,0.5967745645329415,7.870001718401909e-05,-1
91,11,pdp_aware_greedy,-1569.4074610511095,1569.4074610511095,1,3.501433897089739,120895.21305624656,0.028210457408514425,878.8321176448545,0.9695488635359802,0.1748040276420578,0.000510399928316474,-1
91,11,local_search,-100.0,4.568029559262737e+25,0,111.096644742219,3.5187507210275436e+27,0.2940867906036086,27793.017465119705,0.9690807694518778,5.517474432559632,0.019953700015321374,-1
91,11,beam_search,-14.251219542394134,14.251219542394134,1,3.0792481448634734,1104.8632240874078,0.012203520813307422,773.2163454713716,0.9695488635359802,0.15339538206293812,0.08292249985970557,-1
91,11,simulated_annealing,-100.0,4.568029559262737e+25,0,111.096644742219,3.5187507210275436e+27,0.2940867906036086,27793.017465119705,0.9690807694518778,5.517474432559632,0.014162599807605147,-1
91,11,block_beam_strong,-25.19042999168195,25.19042999168195,1,3.0489589887952966,1947.7433358591277,0.0141363726402152,765.6493923437644,0.9601130560452381,0.15231218689383996,0.49831000017002225,-1
91,11,block_lns_strong,-14.251219542394134,14.251219542394134,1,3.0792481448634734,1104.8632240874078,0.012203520813307422,773.2163454713716,0.9695488635359802,0.15339538206293812,0.08451539999805391,-1
91,11,hybrid_heuristic,-14.251219542394134,14.251219542394134,1,3.0792481448634734,1104.8632240874078,0.012203520813307422,773.2163454713716,0.9695488635359802,0.15339538206293812,0.01627369993366301,-1
91,12,autoreg_rl_pure,-16.859478625270956,16.859478625270956,1,2.6472077750957537,1309.1052860908023,0.012781799263018725,643.0165793844462,0.9700145160446955,0.1232630535790997,0.10023450013250113,256
91,12,random,-100.0,4.568029559262737e+25,0,75.34875071410994,3.5187507210275436e+27,0.22221533552425077,18220.306963520157,0.9038928529934218,3.5268727928122456,0.029055200051516294,-1
91,12,latency_greedy,-3168.602392134256,3168.602392134256,1,2.1105440169688308,244091.82689771987,0.03060583840115855,513.1741721295621,0.9700145160446955,0.09827415236995032,6.500002928078175e-05,-1
91,12,block_balanced,-620003.9696004861,620003.9696004861,1,5.405637188656002,47758861.71837887,0.04859411574287248,1309.9072703745792,0.6571997124819172,0.2532319064269502,7.640011608600616e-05,-1
91,12,pdp_aware_greedy,-27859.205218812167,27859.205218812167,1,3.0344724395031086,2146000.5222000196,0.03801683820257979,736.5875936680677,0.9700145160446955,0.14251608344844496,0.0008898000232875347,-1
91,12,local_search,-100.0,4.568029559262737e+25,0,75.34875071410994,3.5187507210275436e+27,0.22221533552425077,18220.306963520157,0.9038928529934218,3.5268727928122456,0.019603599794209003,-1
91,12,beam_search,-67.01686041597527,67.01686041597527,1,2.806069949044804,5171.502002509115,0.017465439029077615,681.3467292340639,0.9700145160446955,0.13195838377481575,0.07325050001963973,-1
91,12,simulated_annealing,-100.0,4.568029559262737e+25,0,75.34875071410994,3.5187507210275436e+27,0.22221533552425077,18220.306963520157,0.9038928529934218,3.5268727928122456,0.01357630011625588,-1
91,12,block_beam_strong,-13.652141891435294,13.652141891435294,1,2.6619968213028153,1061.9303894536372,0.012068402958267168,646.620097699992,0.9546635151667825,0.12505706197237296,0.5522629001643509,-1
91,12,block_lns_strong,-13.634940923895769,13.634940923895769,1,2.6939584251269038,1060.3591997831006,0.012063355090927192,654.3412479429365,0.9700145160446955,0.1261865478062345,0.09416890004649758,-1
91,12,hybrid_heuristic,-13.634940923895769,13.634940923895769,1,2.6939584251269038,1060.3591997831006,0.012063355090927192,654.3412479429365,0.9700145160446955,0.1261865478062345,0.018193199997767806,-1
91,13,autoreg_rl_pure,-0.2547502289752633,0.2547502289752633,1,2.417832916487358,31.810821047155926,0.00010876401809178257,678.5629683474649,0.9160375156832475,0.1664326040460842,0.09732850012369454,256
91,13,random,-100.0,2748067836563939.5,0,81.05686474916759,2.116835181535603e+17,0.12432017115428934,22651.40522721506,0.9160375156832475,5.5465754280437976,0.029501999961212277,-1
91,13,latency_greedy,-13042.000058703845,13042.000058703845,1,6.588066394889958,1004604.6296067026,0.03542920670195537,1843.6965712851695,0.9565792362826239,0.4516772558609314,6.800005212426186e-05,-1
91,13,block_balanced,-43230.90420861506,43230.90420861506,1,8.108127882934228,3330042.5891178567,0.039514774642720026,2268.4834503224142,0.6768512276783912,0.5553166602839134,7.400009781122208e-05,-1
91,13,pdp_aware_greedy,-0.7985322295047238,0.7985322295047238,1,2.6111387497871688,72.209285603336,0.0029035061254658956,732.5581189223924,0.9475917187497477,0.17962207685502588,0.0010500000789761543,-1
91,13,local_search,-0.7985322295047238,0.7985322295047238,1,2.6111387497871688,72.209285603336,0.0029035061254658956,732.5581189223924,0.9475917187497477,0.17962207685502588,0.015259400010108948,-1
91,13,beam_search,-0.2598823935711787,0.2598823935711787,1,2.4724090006762274,31.785752126916282,0.00010607628698171475,693.7913053588439,0.9565792362826239,0.17017485029293683,0.06951309996657073,-1
91,13,simulated_annealing,-0.7985322295047238,0.7985322295047238,1,2.6111387497871688,72.209285603336,0.0029035061254658956,732.5581189223924,0.9475917187497477,0.17962207685502588,0.008870299905538559,-1
91,13,block_beam_strong,-0.2573377544668779,0.2573377544668779,1,2.4449952124747325,31.80090697668282,0.00010770134742248716,686.1466116349208,0.9565792362826239,0.1682930250294065,0.5037473998963833,-1
91,13,block_lns_strong,-0.2573377544668779,0.2573377544668779,1,2.4449952124747325,31.80090697668282,0.00010770134742248716,686.1466116349208,0.9565792362826239,0.1682930250294065,0.09264350007288158,-1
91,13,hybrid_heuristic,-0.2573377544668779,0.2573377544668779,1,2.4449952124747325,31.80090697668282,0.00010770134742248716,686.1466116349208,0.9565792362826239,0.1682930250294065,0.015803399961441755,-1
91,14,autoreg_rl_pure,-0.6053209175681662,0.6053209175681662,1,2.879779466696934,55.256890598589514,0.0019912844431529252,754.1105089303014,0.9919682705699665,0.19077947407860532,0.5114552001468837,244
91,14,random,-100.0,4.568029559262737e+25,0,110.21892917816596,3.5187507210275436e+27,0.21608583792035185,28747.994220778863,0.9919682705699665,7.256103960312478,0.03404799988493323,-1
91,14,latency_greedy,-766385.3786051037,766385.3786051037,1,4.2391736013210695,59034622.793195926,0.04931673028571717,1108.5543692843662,0.9919682705699665,0.28044607367143487,0.00013990001752972603,-1
91,14,block_balanced,-482583.76825207693,482583.76825207693,1,6.340143209959969,37173383.775765,0.04773986420880489,1656.5374919879569,0.8101999847079089,0.4184945774518196,8.63000750541687e-05,-1
91,14,pdp_aware_greedy,-11736.091863423637,11736.091863423637,1,4.964637228363018,904023.0965873642,0.03506955392527072,1297.7898267960093,0.9919682705699665,0.3262048673044761,0.0004936999175697565,-1
91,14,local_search,-100.0,4.568029559262737e+25,0,110.21892917816596,3.5187507210275436e+27,0.21608583792035185,28747.994220778863,0.9919682705699665,7.256103960312478,0.02064920007251203,-1
91,14,beam_search,-0.6053209175681662,0.6053209175681662,1,2.879779466696934,55.256890598589514,0.0019912844431529252,754.1105089303014,0.9919682705699665,0.19077947407860532,0.08395000011660159,-1
91,14,simulated_annealing,-100.0,4.568029559262737e+25,0,110.21892917816596,3.5187507210275436e+27,0.21608583792035185,28747.994220778863,0.9919682705699665,7.256103960312478,0.015156799927353859,-1
91,14,block_beam_strong,-0.6053209175681662,0.6053209175681662,1,2.879779466696934,55.256890598589514,0.0019912844431529252,754.1105089303014,0.9919682705699665,0.19077947407860532,0.3821006999351084,-1
91,14,block_lns_strong,-0.6053209175681662,0.6053209175681662,1,2.879779466696934,55.256890598589514,0.0019912844431529252,754.1105089303014,0.9919682705699665,0.19077947407860532,0.08654229994863272,-1
91,14,hybrid_heuristic,-0.6053209175681662,0.6053209175681662,1,2.879779466696934,55.256890598589514,0.0019912844431529252,754.1105089303014,0.9919682705699665,0.19077947407860532,0.020036200061440468,-1
91,15,autoreg_rl_pure,-0.528551667180019,0.528551667180019,1,2.3074230986772735,53.75221739105139,0.0018971625035866973,734.7242448131476,0.9810852226381632,0.11653218857563236,0.09730849997140467,256
91,15,random,-100.0,169462006199.8376,0,77.03422608194498,13053649253815.104,0.09127202979286926,24433.000391857087,0.964471513416322,3.857846185554631,0.030588299967348576,-1
91,15,latency_greedy,-1742956.2559329437,1742956.2559329437,1,4.169947788087736,134259825.66262048,0.052117918156091916,1325.3455290219404,0.9721764512120614,0.20768149635440986,8.490006439387798e-05,-1
91,15,block_balanced,-15211737.552839367,15211737.552839367,1,6.646625896312938,1171759307.9562416,0.05950392158164411,2110.8125053861754,0.6889082238688015,0.33185918724024566,7.730000652372837e-05,-1
91,15,pdp_aware_greedy,-19.194050687492485,19.194050687492485,1,2.6084536300214074,1489.2357698820042,0.013221311907561166,830.1503091463061,0.9721764512120614,0.12991231079714904,0.0005236000288277864,-1
91,15,local_search,-8.131761518506696,8.131761518506696,1,2.526106874952273,637.7425447487523,0.010330015613110874,804.0328183192464,0.9721764512120614,0.1258110850308354,0.023897700011730194,-1
91,15,beam_search,-8.131761518506696,8.131761518506696,1,2.526106874952273,637.7425447487523,0.010330015613110874,804.0328183192464,0.9721764512120614,0.1258110850308354,0.0785268999170512,-1
91,15,simulated_annealing,-8.131761518506696,8.131761518506696,1,2.526106874952273,637.7425447487523,0.010330015613110874,804.0328183192464,0.9721764512120614,0.1258110850308354,0.008646100061014295,-1
91,15,block_beam_strong,-0.5411460395507428,0.5411460395507428,1,2.423369721520295,53.829225005423794,0.001902043182785476,771.4926911350198,0.9810852226381632,0.12232540408255932,0.5395889999344945,-1
91,15,block_lns_strong,-0.528551667180019,0.528551667180019,1,2.3074230986772735,53.75221739105139,0.0018971625035866973,734.7242448131476,0.9810852226381632,0.11653218857563236,0.08801249996758997,-1
91,15,hybrid_heuristic,-0.528551667180019,0.528551667180019,1,2.3074230986772735,53.75221739105139,0.0018971625035866973,734.7242448131476,0.9810852226381632,0.11653218857563236,0.01633760007098317,-1
91,16,autoreg_rl_pure,-0.3798083889401821,0.3798083889401821,1,2.2914741387288826,42.41738539390052,0.0010897706136942938,564.9626884297754,0.9759303832456748,0.11739775285280986,0.2045644000172615,254
91,16,random,-100.0,6.489104359548006e+18,0,63.44732181061244,4.9985536099875344e+20,0.15079945105201514,15563.875335866082,0.9304236120301317,3.2327379479236735,0.035450000083073974,-1
91,16,latency_greedy,-423379.14377616846,423379.14377616846,1,3.8096348543253926,32612874.21825722,0.04729364658671923,937.274776111334,0.9759303832456748,0.19494153862004587,0.00025969999842345715,-1
91,16,block_balanced,-4389923.26269561,4389923.26269561,1,6.252947311885627,338155536.2702789,0.05526710538539607,1536.5861227912549,0.8198640477633495,0.31916851380045247,0.0001970999874174595,-1
91,16,pdp_aware_greedy,-10.561758187896926,10.561758187896926,1,2.484902774741256,825.242452906668,0.011208714389232585,612.4005297763246,0.9759303832456748,0.12731519333835703,0.0005914999637752771,-1
91,16,local_search,-10.561758187896926,10.561758187896926,1,2.484902774741256,825.242452906668,0.011208714389232585,612.4005297763246,0.9759303832456748,0.12731519333835703,0.021215700078755617,-1
91,16,beam_search,-0.4282353864436594,0.4282353864436594,1,2.230318837577077,46.618793372875864,0.001411755050641239,549.9615963447075,0.9304236120301317,0.11438181807020711,0.08247579983435571,-1
91,16,simulated_annealing,-10.561758187896926,10.561758187896926,1,2.484902774741256,825.242452906668,0.011208714389232585,612.4005297763246,0.9759303832456748,0.12731519333835703,0.010721500031650066,-1
91,16,block_beam_strong,-0.3798083889401821,0.3798083889401821,1,2.2914741387288826,42.41738539390052,0.0010897706136942938,564.9626884297754,0.9759303832456748,0.11739775285280986,0.34847560012713075,-1
91,16,block_lns_strong,-0.3798083889401821,0.3798083889401821,1,2.2914741387288826,42.41738539390052,0.0010897706136942938,564.9626884297754,0.9759303832456748,0.11739775285280986,0.09883940010331571,-1
91,16,hybrid_heuristic,-0.3798083889401821,0.3798083889401821,1,2.2914741387288826,42.41738539390052,0.0010897706136942938,564.9626884297754,0.9759303832456748,0.11739775285280986,0.017381199868395925,-1
91,17,autoreg_rl_pure,-0.30502788814709425,0.30502788814709425,1,2.8092671531097078,32.66849061166297,0.00019946439741881606,810.3461175386034,0.9722929620912419,0.13329378055538618,0.1489401999861002,256
91,17,random,-100.0,2.2464442371638678e+24,0,75.30522860315968,1.7304347917889384e+26,0.1942830333106884,21640.373339804697,0.979191394963265,3.5887269500566696,0.02882660017348826,-1
91,17,latency_greedy,-8.09570375295579,8.09570375295579,1,3.2662030946315794,629.2640597878091,0.010284387790964486,941.6231205596692,0.9722929620912419,0.15635433387129383,6.760004907846451e-05,-1
91,17,block_balanced,-3070.727422908529,3070.727422908529,1,5.880902887700135,236523.48021020702,0.030498458449743852,1692.9061854144297,0.7140980106374638,0.28020423952048684,0.00013369997031986713,-1
91,17,pdp_aware_greedy,-29.5791145018517,29.5791145018517,1,3.2759850942891764,2284.054687569423,0.014679394490379138,944.4345891643435,0.954937430073814,0.1567992322062916,0.0006805001758038998,-1
91,17,local_search,-7.888754963754828,7.888754963754828,1,3.2605368322102257,613.366452837214,0.01019715147439436,939.9953876445325,0.954937430073814,0.1560850738165489,0.0294087000656873,-1
91,17,beam_search,-0.30477403685190246,0.30477403685190246,1,2.7997790279588495,32.72202343718135,0.00020504639178813307,807.619925848099,0.9722929620912419,0.1328760625331192,0.07606630004011095,-1
91,17,simulated_annealing,-7.888754963754828,7.888754963754828,1,3.2605368322102257,613.366452837214,0.01019715147439436,939.9953876445325,0.954937430073814,0.1560850738165489,0.0077754000667482615,-1
91,17,block_beam_strong,-0.3166686620695287,0.3166686620695287,1,2.9048588128168884,32.82883676060909,0.00021615683283522034,837.8134832130872,0.979191394963265,0.13780601862165245,0.4572181000839919,-1
91,17,block_lns_strong,-0.30477403685190246,0.30477403685190246,1,2.7997790279588495,32.72202343718135,0.00020504639178813307,807.619925848099,0.9722929620912419,0.1328760625331192,0.09256120002828538,-1
91,17,hybrid_heuristic,-0.30477403685190246,0.30477403685190246,1,2.7997790279588495,32.72202343718135,0.00020504639178813307,807.619925848099,0.9722929620912419,0.1328760625331192,0.019653799943625927,-1
91,18,autoreg_rl_pure,-0.6374899316565004,0.6374899316565004,1,2.3999865052214107,61.430710640095164,0.0023523772833197055,594.6471234178772,0.9614709006645275,0.11940956975919298,0.18370350007899106,255
91,18,random,-100.0,1131238923063249.8,0,68.49796497295675,8.713927360893994e+16,0.12129420781419646,16888.241059088854,0.9614709006645275,3.4037819185986096,0.03514809999614954,-1
91,18,latency_greedy,-151550.65927271545,151550.65927271545,1,4.070368658583129,11673938.618583672,0.043791199636110584,1006.3266930330345,0.9966038446674435,0.2032648792264575,6.939982995390892e-05,-1
91,18,block_balanced,-160300.45599432653,160300.45599432653,1,5.838670749943015,12347921.369837074,0.04398255473115984,1442.2896198171234,0.7653918337112133,0.29082854117880996,7.92001374065876e-05,-1
91,18,pdp_aware_greedy,-3172.225674959932,3172.225674959932,1,3.394818959784184,244361.03541657227,0.03060959634309598,839.8935035236868,0.9614709006645275,0.16858084011569907,0.0005250000394880772,-1
91,18,local_search,-100.0,1131238923063249.8,0,68.49796497295675,8.713927360893994e+16,0.12129420781419646,16888.241059088854,0.9614709006645275,3.4037819185986096,0.021404300117865205,-1
91,18,beam_search,-23.00860544009785,23.00860544009785,1,2.7896341338943778,1781.6750855641315,0.013832552419513103,690.6843997742496,0.9614709006645275,0.13932632712498627,0.07651760010048747,-1
91,18,simulated_annealing,-100.0,1131238923063249.8,0,68.49796497295675,8.713927360893994e+16,0.12129420781419646,16888.241059088854,0.9614709006645275,3.4037819185986096,0.015157100046053529,-1
91,18,block_beam_strong,-0.6131380865047621,0.6131380865047621,1,2.3768506181858253,59.73310492714661,0.0022568392737259604,588.9464543960057,0.9966038446674435,0.11845077780245887,0.4182611999567598,-1
91,18,block_lns_strong,-0.6121708631756141,0.6121708631756141,1,2.3901548821027534,59.55611709230471,0.0022467228639900753,592.1999792961524,0.9966038446674435,0.11910961328371528,0.10434759990312159,-1
91,18,hybrid_heuristic,-0.6121708631756141,0.6121708631756141,1,2.3901548821027534,59.55611709230471,0.0022467228639900753,592.1999792961524,0.9966038446674435,0.11910961328371528,0.01744460011832416,-1
91,19,autoreg_rl_pure,-0.38253166218067886,0.38253166218067886,1,3.4359187026114952,33.81150864430491,0.0003167078929182732,950.653155329478,0.9932325729933829,0.24729047385050534,0.6540031000040472,227
91,19,random,-100.0,5.21583196569878e+21,0,79.57445475159211,4.017752567481904e+23,0.17360478660023818,21948.507802045984,0.968794527994351,5.73232055031026,0.03256219998002052,-1
91,19,latency_greedy,-4969925.389945834,4969925.389945834,1,4.157213034285076,382833085.1875691,0.05569016505150484,1149.538121192414,0.968794527994351,0.2992035813782453,7.330020889639854e-05,-1
91,19,block_balanced,-9757181.50552055,9757181.50552055,1,6.30312830402901,751595150.6424763,0.057990014491084464,1741.420788653651,0.6903532856329679,0.4547900516232942,7.509998977184296e-05,-1
91,19,pdp_aware_greedy,-0.4864453709904946,0.4864453709904946,1,2.8625526682986284,46.232611553189585,0.001383396127770843,792.5585126550793,0.9932325729933829,0.20678430040241796,0.0011455998755991459,-1
91,19,local_search,-0.4864453709904946,0.4864453709904946,1,2.8625526682986284,46.232611553189585,0.001383396127770843,792.5585126550793,0.9932325729933829,0.20678430040241796,0.01972179999575019,-1
91,19,beam_search,-0.36890407103091727,0.36890407103091727,1,3.299687332565708,33.811165541740216,0.00031667329774539616,913.0764181490894,0.9932325729933829,0.23748560855310444,0.07612189999781549,-1
91,19,simulated_annealing,-0.4864453709904946,0.4864453709904946,1,2.8625526682986284,46.232611553189585,0.001383396127770843,792.5585126550793,0.9932325729933829,0.20678430040241796,0.008744999999180436,-1
91,19,block_beam_strong,-0.37803375390271127,0.37803375390271127,1,3.390967496732336,33.81129390868965,0.00031668624107886737,938.2501166214653,0.9932325729933829,0.24405523868805518,0.5826397999189794,-1
91,19,block_lns_strong,-0.3683822144775102,0.3683822144775102,1,3.31332409352265,33.665923062844854,0.00030199681902622115,916.8220643367808,0.968794527994351,0.23846707562805736,0.09789639990776777,-1
91,19,hybrid_heuristic,-0.3683822144775102,0.3683822144775102,1,3.31332409352265,33.665923062844854,0.00030199681902622115,916.8220643367808,0.968794527994351,0.23846707562805736,0.01570339989848435,-1
91,20,autoreg_rl_pure,-0.6599529856328767,0.6599529856328767,1,2.5021277769083383,62.37424481554621,0.0024043423988774322,620.0633429712402,0.9574133846988622,0.15863848422296634,0.12070719990879297,256
91,20,random,-100.0,2965304127671821.0,0,67.53658865168717,2.284172180136939e+17,0.1245795491802068,16659.35395992559,0.9477758377371968,4.249812658458071,0.034074699971824884,-1
91,20,latency_greedy,-175.3311262495744,175.3311262495744,1,3.2864767096063146,13511.243523304363,0.020739505615268702,813.4707772767791,0.9574133846988622,0.20794899944829445,7.00999516993761e-05,-1
91,20,block_balanced,-3394631.4929189053,3394631.4929189053,1,6.779443294490283,261488260.53661197,0.05439054074824073,1674.9830187057455,0.7328113630776275,0.4270467733175155,7.930002175271511e-05,-1
91,20,pdp_aware_greedy,-2.5749944880837186,2.5749944880837186,1,2.746201217957639,208.00969269458088,0.006510506060516933,680.2534935614584,0.9574133846988622,0.173946739165381,0.0006113001145422459,-1
91,20,local_search,-2.5749944880837186,2.5749944880837186,1,2.746201217957639,208.00969269458088,0.006510506060516933,680.2534935614584,0.9574133846988622,0.173946739165381,0.016143999993801117,-1
91,20,beam_search,-2.3253368861554784,2.3253368861554784,1,3.9680656396274605,179.36656590883746,0.0060054208351682185,981.6433885646554,0.9574133846988622,0.2515649694599635,0.07484479993581772,-1
91,20,simulated_annealing,-2.5749944880837186,2.5749944880837186,1,2.746201217957639,208.00969269458088,0.006510506060516933,680.2534935614584,0.9574133846988622,0.173946739165381,0.007934399880468845,-1
91,20,block_beam_strong,-0.6903061256205616,0.6903061256205616,1,2.558616045040882,64.27721673521671,0.002506798716080276,633.9898592971463,0.9574133846988622,0.1621800758426695,0.4096205998212099,-1
91,20,block_lns_strong,-0.6903061256205616,0.6903061256205616,1,2.558616045040882,64.27721673521671,0.002506798716080276,633.9898592971463,0.9574133846988622,0.1621800758426695,0.0963196000084281,-1
91,20,hybrid_heuristic,-0.6903061256205616,0.6903061256205616,1,2.558616045040882,64.27721673521671,0.002506798716080276,633.9898592971463,0.9574133846988622,0.1621800758426695,0.018746000016108155,-1
91,21,autoreg_rl_pure,-4.636470058740388,4.636470058740388,1,3.443415777118323,361.4344053946495,0.008394081168998214,974.607488306531,0.9411042656663337,0.18121762065679967,0.17730079987086356,253
91,21,random,-100.0,4.568029559262737e+25,0,121.38290379911199,3.5187507210275436e+27,0.2756682378426851,34256.38678010557,0.916107561071469,6.405553762620962,0.031577799934893847,-1
91,21,latency_greedy,-2485306.008262304,2485306.008262304,1,5.178662422542629,191442979.52433962,0.053327550850739,1464.2408207233132,0.9933053567620539,0.2731719161552229,0.0001417999155819416,-1
91,21,block_balanced,-4906278.397191431,4906278.397191431,1,7.093875625760719,377930338.1260922,0.05564622305770435,2004.731640165438,0.7055447777149708,0.37356201721761123,7.859990000724792e-05,-1
91,21,pdp_aware_greedy,-15066.404245302234,15066.404245302234,1,4.679012412128999,1160559.0810245234,0.03592118242895375,1323.2843274383547,0.9933053567620539,0.24535878868765323,0.0005511001218110323,-1
91,21,local_search,-100.0,4.568029559262737e+25,0,121.38290379911199,3.5187507210275436e+27,0.2756682378426851,34256.38678010557,0.916107561071469,6.405553762620962,0.021099300123751163,-1
91,21,beam_search,-11.658431146650098,11.658431146650098,1,3.673688672455089,900.5619007393709,0.011506480599504064,1039.5881465931568,0.9933053567620539,0.19271393646245918,0.07036350015550852,-1
91,21,simulated_annealing,-100.0,4.568029559262737e+25,0,121.38290379911199,3.5187507210275436e+27,0.2756682378426851,34256.38678010557,0.916107561071469,6.405553762620962,0.013712699990719557,-1
91,21,block_beam_strong,-5.231701295156809,5.231701295156809,1,3.4174395004480704,407.48513075125635,0.00880292694773513,967.2767676454148,0.9411042656663337,0.17963247696320242,0.4475900998804718,-1
91,21,block_lns_strong,-4.629095617348656,4.629095617348656,1,3.369671362643147,361.43440539894664,0.008394081169038748,953.7832306168432,0.9411042656663337,0.17735591556691652,0.10710390005260706,-1
91,21,hybrid_heuristic,-4.629095617348656,4.629095617348656,1,3.369671362643147,361.43440539894664,0.008394081169038748,953.7832306168432,0.9411042656663337,0.17735591556691652,0.01924890000373125,-1
91,22,autoreg_rl_pure,-0.47703014750447276,0.47703014750447276,1,1.9584291667759928,52.47181587882877,0.0018149707383685043,519.505818486677,0.9774298046933736,0.09458344672753338,0.10008940007537603,256
91,22,random,-100.0,4.568029559262737e+25,0,93.78030791004694,3.5187507210275436e+27,0.24077414056199253,24730.22907014896,0.9115616011465201,4.485758771322694,0.03068730002269149,-1
91,22,latency_greedy,-17954713.592171468,17954713.592171468,1,6.332141272777087,1383050607.6644287,0.06006911880440523,1672.7047647894676,0.9978782772447883,0.30198081037924496,6.790016777813435e-05,-1
91,22,block_balanced,-1293752082686.079,1293752082686.079,1,11.264745122159754,99657653583894.7,0.09820184142845798,2973.316822716059,0.6789963609655103,0.5401328755776352,7.71000050008297e-05,-1
91,22,pdp_aware_greedy,-50332.54810122962,50332.54810122962,1,3.819525544476898,3877114.872597318,0.040033336759005014,1010.235114762738,0.9774298046933736,0.18396005160021972,0.0005324999801814556,-1
91,22,local_search,-100.0,4.568029559262737e+25,0,93.78030791004694,3.5187507210275436e+27,0.24077414056199253,24730.22907014896,0.9115616011465201,4.485758771322694,0.018811600049957633,-1
91,22,beam_search,-0.5285755503008227,0.5285755503008227,1,2.7581013224337987,50.2824851646141,0.0016696722909917102,730.3658560605393,0.9774298046933736,0.1321824844069647,0.07608809997327626,-1
91,22,simulated_annealing,-100.0,4.568029559262737e+25,0,93.78030791004694,3.5187507210275436e+27,0.24077414056199253,24730.22907014896,0.9115616011465201,4.485758771322694,0.013462500181049109,-1
91,22,block_beam_strong,-0.47703014750447276,0.47703014750447276,1,1.9584291667759928,52.47181587882877,0.0018149707383685043,519.505818486677,0.9774298046933736,0.09458344672753338,0.5772942998446524,-1
91,22,block_lns_strong,-0.47703014750447276,0.47703014750447276,1,1.9584291667759928,52.47181587882877,0.0018149707383685043,519.505818486677,0.9774298046933736,0.09458344672753338,0.06872639991343021,-1
91,22,hybrid_heuristic,-0.47703014750447276,0.47703014750447276,1,1.9584291667759928,52.47181587882877,0.0018149707383685043,519.505818486677,0.9774298046933736,0.09458344672753338,0.01585480011999607,-1
91,23,autoreg_rl_pure,-0.6598534319691691,0.6598534319691691,1,1.7473119872529994,68.18091818405499,0.0027078040700207226,480.707524058622,0.9658452335809771,0.13042410743836635,0.09678139979951084,256
91,23,random,-100.0,4.568029559262737e+25,0,82.48024358828341,3.5187507210275436e+27,0.21216785818281286,22552.140026901194,0.9554115685226573,6.095293293983363,0.02779230009764433,-1
91,23,latency_greedy,-4965.664158583104,4965.664158583104,1,9.101407430612717,382465.5478610176,0.032136894911079635,2491.2220555717813,0.9658452335809771,0.6716324736123709,6.990018300712109e-05,-1
91,23,block_balanced,-100.0,34645287.035498105,0,16.48147372386594,2668724507.205711,0.06231002390807096,4508.926051776141,0.5841477011461675,1.2165454653254477,7.329997606575489e-05,-1
91,23,pdp_aware_greedy,-4.397493433711676,4.397493433711676,1,2.7782581865557945,348.14975413272623,0.008266413515409674,762.6069443689983,0.9554115685226573,0.2066846471020183,0.0006931999232620001,-1
91,23,local_search,-4.397493433711676,4.397493433711676,1,2.7782581865557945,348.14975413272623,0.008266413515409674,762.6069443689983,0.9554115685226573,0.2066846471020183,0.015363299986347556,-1
91,23,beam_search,-1.100830855956899,1.100830855956899,1,2.8764012102019905,93.45201728491956,0.0037826716734227603,789.4616439440874,0.9658452335809771,0.2139813023858136,0.08210320002399385,-1
91,23,simulated_annealing,-4.397493433711676,4.397493433711676,1,2.7782581865557945,348.14975413272623,0.008266413515409674,762.6069443689983,0.9554115685226573,0.2066846471020183,0.00991200003772974,-1
91,23,block_beam_strong,-0.6598534319691691,0.6598534319691691,1,1.7473119872529994,68.18091818405499,0.0027078040700207226,480.707524058622,0.9658452335809771,0.13042410743836635,0.7045313001144677,-1
91,23,block_lns_strong,-0.6598534319691691,0.6598534319691691,1,1.7473119872529994,68.18091818405499,0.0027078040700207226,480.707524058622,0.9658452335809771,0.13042410743836635,0.0789043998811394,-1
91,23,hybrid_heuristic,-0.6598534319691691,0.6598534319691691,1,1.7473119872529994,68.18091818405499,0.0027078040700207226,480.707524058622,0.9658452335809771,0.13042410743836635,0.017789500067010522,-1
91,24,autoreg_rl_pure,-0.38710983277597333,0.38710983277597333,1,2.436806696288616,41.860319309315386,0.0010447009594538657,610.0392249058679,0.9918157672997135,0.13059658255106416,0.21430650004185736,256
91,24,random,-100.0,1058332477988.168,0,62.50958659659669,81523294052155.52,0.09751709439382207,15575.688026822072,0.9561042015240787,3.338613229442597,0.03125050012022257,-1
91,24,latency_greedy,-60.78984416676477,60.78984416676477,1,3.1018706747248155,4689.556723197271,0.017131932596287827,775.715136142538,0.9918157672997135,0.16674934905527145,6.979983299970627e-05,-1
91,24,block_balanced,-865.980142835992,865.980142835992,1,5.207269172705367,66697.10439798953,0.026182786107296914,1300.2749333557376,0.7853767096747248,0.27906049274353006,7.280008867383003e-05,-1
91,24,pdp_aware_greedy,-1.2980915790718812,1.2980915790718812,1,2.5968889866845313,110.80008137281848,0.004363190044066301,649.9184333061675,0.9918157672997135,0.13899393351054193,0.0009361999109387398,-1
91,24,local_search,-0.9458251647144075,0.9458251647144075,1,2.523515753080502,84.23021198157907,0.0034284735624583455,631.6357215332563,0.9561042015240787,0.13521573975074289,0.024385099997743964,-1
91,24,beam_search,-0.4925781538996803,0.4925781538996803,1,3.4819439296381973,41.933851925816086,0.0010506843892972798,870.400883178921,0.9918157672997135,0.18627304075157333,0.07271309988573194,-1
91,24,simulated_annealing,-0.9458251647144075,0.9458251647144075,1,2.523515753080502,84.23021198157907,0.0034284735624583455,631.6357215332563,0.9561042015240787,0.13521573975074289,0.00901539996266365,-1
91,24,block_beam_strong,-0.43631301864085315,0.43631301864085315,1,2.49418784571692,45.208431392704775,0.0013070235882841816,624.3330122635232,0.9918157672997135,0.13352284741795103,0.1970069999806583,-1
91,24,block_lns_strong,-0.3827905523930478,0.3827905523930478,1,2.393611756024338,41.860335766262914,0.0010447022997493326,599.2733891532046,0.9561042015240787,0.12829550551605134,0.0891724000684917,-1
91,24,hybrid_heuristic,-0.3827905523930478,0.3827905523930478,1,2.393611756024338,41.860335766262914,0.0010447022997493326,599.2733891532046,0.9561042015240787,0.12829550551605134,0.01675229985266924,-1
91,25,autoreg_rl_pure,-1.1167853669652492,1.1167853669652492,1,2.139536354996179,100.35705844276868,0.004025701682311147,618.4734550447065,0.9852457858078458,0.1419265861891719,0.12205550004728138,256
91,25,random,-100.0,83871324175102.97,0,61.377762551088935,6460603605688792.0,0.11242417388984878,17661.07779726418,0.9338961819147296,4.064562334849498,0.028500699903815985,-1
91,25,latency_greedy,-9809177.557212176,9809177.557212176,1,3.705742262367904,755600423.7249346,0.05800813404184837,1069.0135081301542,0.9852457858078458,0.24444986775839547,7.539987564086914e-05,-1
91,25,block_balanced,-88053.09303133989,88053.09303133989,1,5.544482436747033,6782713.139401624,0.04194006043304719,1598.0778088841153,0.7666072746222864,0.3670824778152657,8.290004916489124e-05,-1
91,25,pdp_aware_greedy,-3.2249156178075853,3.2249156178075853,1,2.476003611200217,260.1544131979021,0.0072731147746187864,715.3317014174464,0.9852457858078458,0.16508966066450242,0.0005276000592857599,-1
91,25,local_search,-3.2249156178075853,3.2249156178075853,1,2.476003611200217,260.1544131979021,0.0072731147746187864,715.3317014174464,0.9852457858078458,0.16508966066450242,0.016484699910506606,-1
91,25,beam_search,-3.2249156178075853,3.2249156178075853,1,2.476003611200217,260.1544131979021,0.0072731147746187864,715.3317014174464,0.9852457858078458,0.16508966066450242,0.09294939995743334,-1
91,25,simulated_annealing,-3.2249156178075853,3.2249156178075853,1,2.476003611200217,260.1544131979021,0.0072731147746187864,715.3317014174464,0.9852457858078458,0.16508966066450242,0.007458599982783198,-1
91,25,block_beam_strong,-1.1216573214422698,1.1216573214422698,1,2.1882558997502253,100.35705844289315,0.004025701682315376,632.4923762355588,0.9852457858078458,0.1449726786759247,0.6004957999102771,-1
91,25,block_lns_strong,-1.1167853669652492,1.1167853669652492,1,2.139536354996179,100.35705844276868,0.004025701682311147,618.4734550447065,0.9852457858078458,0.1419265861891719,0.10564700001850724,-1
91,25,hybrid_heuristic,-1.1167853669652492,1.1167853669652492,1,2.139536354996179,100.35705844276868,0.004025701682311147,618.4734550447065,0.9852457858078458,0.1419265861891719,0.017232100013643503,-1
91,26,autoreg_rl_pure,-0.9563334124943313,0.9563334124943313,1,2.504599149371261,85.18537624180146,0.003466916200240236,715.994466813743,0.9540338838927898,0.1482302887410677,0.21725700004026294,256
91,26,random,-100.0,3.988085604923938e+20,0,78.95260158879275,3.07202020385143e+22,0.16483979915974833,22478.455770709355,0.9540338838927898,4.644836414222061,0.029745700070634484,-1
91,26,latency_greedy,-519881.96061237087,519881.96061237087,1,4.1557686216899254,40046478.36031397,0.04799367220900951,1185.9884918573339,0.9540338838927898,0.24386313037884041,8.599995635449886e-05,-1
91,26,block_balanced,-14723.32887403431,14723.32887403431,1,5.982007432034594,1134121.966601006,0.035842623632662704,1705.9119731261753,0.713070937076509,0.3519136548252511,0.0001572000328451395,-1
91,26,pdp_aware_greedy,-1.5731249105466234,1.5731249105466234,1,2.5863833825619573,132.06680876672488,0.0049617807262079105,739.2846613133667,0.9540338838927898,0.1535024149897808,0.0005302000790834427,-1
91,26,local_search,-1.5731249105466234,1.5731249105466234,1,2.5863833825619573,132.06680876672488,0.0049617807262079105,739.2846613133667,0.9540338838927898,0.1535024149897808,0.01889690011739731,-1
91,26,beam_search,-1.5731249105466234,1.5731249105466234,1,2.5863833825619573,132.06680876672488,0.0049617807262079105,739.2846613133667,0.9540338838927898,0.1535024149897808,0.07334160013124347,-1
91,26,simulated_annealing,-1.5731249105466234,1.5731249105466234,1,2.5863833825619573,132.06680876672488,0.0049617807262079105,739.2846613133667,0.9540338838927898,0.1535024149897808,0.009650799911469221,-1
91,26,block_beam_strong,-0.9629349665304674,0.9629349665304674,1,2.5706146897326203,85.18537624180146,0.003466916200240236,734.8118370828925,0.9540338838927898,0.15255670029513022,0.4587876000441611,-1
91,26,block_lns_strong,-0.9550586194291205,0.9550586194291205,1,2.5003139615759506,85.120187778936,0.0034643062885851114,714.7932444855865,0.9431524028311578,0.1482687236602541,0.1025721998885274,-1
91,26,hybrid_heuristic,-0.9550586194291205,0.9550586194291205,1,2.5003139615759506,85.120187778936,0.0034643062885851114,714.7932444855865,0.9431524028311578,0.1482687236602541,0.01656399993225932,-1
91,27,autoreg_rl_pure,-1.6190195535379286,1.6190195535379286,1,2.9663061313670678,132.6755277587309,0.004977458272860096,778.9013086776962,0.971081780540401,0.17822268618549889,0.19620669982396066,250
91,27,random,-100.0,4.568029559262737e+25,0,104.23266171145093,3.5187507210275436e+27,0.23607153106894507,27265.910058327965,0.9733515101506459,6.233320250262613,0.031317700166255236,-1
91,27,latency_greedy,-384.6426079802957,384.6426079802957,1,2.231117287133614,29642.625169861098,0.023418092636119586,586.525644021252,0.9733515101506459,0.13318260352528224,6.569991819560528e-05,-1
91,27,block_balanced,-42415642.894088045,42415642.894088045,1,6.7216691612123745,3267274677.6800623,0.06299989671718151,1761.1470126041065,0.6552079678276018,0.4034072137897261,0.00010770000517368317,-1
91,27,pdp_aware_greedy,-6.516068032189198,6.516068032189198,1,2.9449887633897456,510.05911715777495,0.009568370483548442,773.2968122404139,0.9733515101506459,0.17608447068039135,0.000633500050753355,-1
91,27,local_search,-1.6726079692093752,1.6726079692093752,1,2.956874075611622,136.87609562048135,0.005083722012345157,776.4150990935309,0.971081780540401,0.17708251435479025,0.026566200191155076,-1
91,27,beam_search,-2935.538265743661,2935.538265743661,1,4.809245772371413,226118.1216489771,0.03034507818073684,1260.9790574267686,0.989800792046935,0.28959668491508295,0.08488380000926554,-1
91,27,simulated_annealing,-1.6726079692093752,1.6726079692093752,1,2.956874075611622,136.87609562048135,0.005083722012345157,776.4150990935309,0.971081780540401,0.17708251435479025,0.011217399965971708,-1
91,27,block_beam_strong,-1.6015033255254731,1.6015033255254731,1,2.8894810639338417,131.91803673645893,0.004957938116977958,758.810695275662,0.8760163591355813,0.17363674955376424,0.6618095999583602,-1
91,27,block_lns_strong,-1.576088684958197,1.576088684958197,1,2.7461706014948817,131.06426805981172,0.004935802119443631,721.2906286693024,0.9733515101506459,0.16508208476312305,0.10590179986320436,-1
91,27,hybrid_heuristic,-1.576088684958197,1.576088684958197,1,2.7461706014948817,131.06426805981172,0.004935802119443631,721.2906286693024,0.9733515101506459,0.16508208476312305,0.01815870008431375,-1
91,28,autoreg_rl_pure,-0.244705699064243,0.244705699064243,1,2.318995057738184,31.798438942670835,0.00010743675197147622,642.9504249578379,0.9472052044093312,0.14143713451431017,0.10154110006988049,256
91,28,random,-100.0,44655033561.69857,0,59.61482805980637,3439774841310.9375,0.08672529554893961,16453.69694210487,0.9472052044093312,3.6308927721429587,0.0379141999874264,-1
91,28,latency_greedy,-54.64669627823933,54.64669627823933,1,3.072582477713419,4216.575977442646,0.016769483538996016,850.8391756607188,0.9803450671079532,0.18619985513762777,7.060007192194462e-05,-1
91,28,block_balanced,-102.63459361223578,102.63459361223578,1,4.595114867859594,7901.353078079463,0.01891050421604853,1271.0143873633447,0.7329990302440771,0.2790693302945251,7.509998977184296e-05,-1
91,28,pdp_aware_greedy,-3.4702101828263805,3.4702101828263805,1,2.349003055544906,280.02772499295196,0.00752407792860423,651.1737821910262,0.9279602080960165,0.14235062258956924,0.0006776999216526747,-1
91,28,local_search,-3.4702101828263805,3.4702101828263805,1,2.349003055544906,280.02772499295196,0.00752407792860423,651.1737821910262,0.9279602080960165,0.14235062258956924,0.018684500129893422,-1
91,28,beam_search,-0.2515863967816438,0.2515863967816438,1,2.390954119212699,31.77415845419926,0.00010483256976701996,662.7981677598316,0.9803450671079532,0.14549621547173835,0.07661950006149709,-1
91,28,simulated_annealing,-3.4702101828263805,3.4702101828263805,1,2.349003055544906,280.02772499295196,0.00752407792860423,651.1737821910262,0.9279602080960165,0.14235062258956924,0.00958589999936521,-1
91,28,block_beam_strong,-0.244705699064243,0.244705699064243,1,2.318995057738184,31.798438942670835,0.00010743675197147622,642.9504249578379,0.9472052044093312,0.14143713451431017,0.3444701998960227,-1
91,28,block_lns_strong,-0.244705699064243,0.244705699064243,1,2.318995057738184,31.798438942670835,0.00010743675197147622,642.9504249578379,0.9472052044093312,0.14143713451431017,0.08401960018090904,-1
91,28,hybrid_heuristic,-0.244705699064243,0.244705699064243,1,2.318995057738184,31.798438942670835,0.00010743675197147622,642.9504249578379,0.9472052044093312,0.14143713451431017,0.017168999882414937,-1
91,29,autoreg_rl_pure,-0.8297137973943609,0.8297137973943609,1,2.797855934723925,73.1729186317766,0.0029487011545298856,687.3647303430669,0.9503848364720162,0.15636008731472917,0.24049270013347268,252
91,29,random,-100.0,1.066434923856485e+23,0,86.43319840111955,8.214742502355003e+24,0.18389307918855824,21142.99946441003,0.8878537214463904,4.811201183533126,0.033095400081947446,-1
91,29,latency_greedy,-78547.96600026728,78547.96600026728,1,4.215627655680487,6050543.949835977,0.041550629621023315,1034.0692426536098,0.9503848364720162,0.23575649268580426,6.989995017647743e-05,-1
91,29,block_balanced,-151971.80980721518,151971.80980721518,1,6.3182874055777285,11706362.50597638,0.043800655454937214,1548.3896364199004,0.7480764896471891,0.35243672243557694,7.830001413822174e-05,-1
91,29,pdp_aware_greedy,-0.9871951153595258,0.9871951153595258,1,2.9060227531192186,84.47048769128187,0.0034381848577643573,713.8264364079788,0.9974353195295855,0.16223575814170504,0.0012743999250233173,-1
91,29,local_search,-0.8297137973943609,0.8297137973943609,1,2.797855934723925,73.1729186317766,0.0029487011545298856,687.3647303430669,0.9503848364720162,0.15636008731472917,0.025701900012791157,-1
91,29,beam_search,-0.9214555184808707,0.9214555184808707,1,2.8146508462463706,80.11040737626037,0.0032575088098939897,691.4724672316464,0.9974353195295855,0.15729247257352866,0.07544029993005097,-1
91,29,simulated_annealing,-0.8297137973943609,0.8297137973943609,1,2.797855934723925,73.1729186317766,0.0029487011545298856,687.3647303430669,0.9503848364720162,0.15636008731472917,0.008102599997073412,-1
91,29,block_beam_strong,-0.9214555184808707,0.9214555184808707,1,2.8146508462463706,80.11040737626037,0.0032575088098939897,691.4724672316464,0.9974353195295855,0.15729247257352866,0.423713699914515,-1
91,29,block_lns_strong,-0.8297137973943609,0.8297137973943609,1,2.797855934723925,73.1729186317766,0.0029487011545298856,687.3647303430669,0.9503848364720162,0.15636008731472917,0.10150410002097487,-1
91,29,hybrid_heuristic,-0.8297137973943609,0.8297137973943609,1,2.797855934723925,73.1729186317766,0.0029487011545298856,687.3647303430669,0.9503848364720162,0.15636008731472917,0.017412099987268448,-1
91,30,autoreg_rl_pure,-0.13872821945169295,0.13872821945169295,1,1.3836497211571221,30.839959482744295,3.0945621698199633e-06,424.8992780256734,0.984295811933675,0.09516973864745783,0.10255900002084672,256
91,30,random,-100.0,12.26342723802208,0,40.18898339276843,665.8875977219503,0.010477246541226583,12259.887615245703,0.8917994491003192,2.723960551277747,0.031057100044563413,-1
91,30,latency_greedy,-0.6024519012456782,0.6024519012456782,1,2.441217798259267,58.41412860632453,0.002180716366326568,747.4313435755623,0.984295811933675,0.16695557971156172,6.689992733299732e-05,-1
91,30,block_balanced,-0.6828654979211177,0.6828654979211177,1,3.3851022892466553,57.337646473212544,0.002117303765005572,1035.366479432996,0.6611594212052705,0.23047450701714528,0.00012520002201199532,-1
91,30,pdp_aware_greedy,-0.14427000063999992,0.14427000063999992,1,1.4372617081121943,30.853869742485404,4.631928629290104e-06,441.2499703131455,0.984295811933675,0.0988265450221759,0.0009763999842107296,-1
91,30,local_search,-0.14427000063999992,0.14427000063999992,1,1.4372617081121943,30.853869742485404,4.631928629290104e-06,441.2499703131455,0.984295811933675,0.0988265450221759,0.015602300176396966,-1
91,30,beam_search,-0.13872821945169295,0.13872821945169295,1,1.3836497211571221,30.839959482744295,3.0945621698199633e-06,424.8992780256734,0.984295811933675,0.09516973864745783,0.07236989983357489,-1
91,30,simulated_annealing,-0.14427000063999992,0.14427000063999992,1,1.4372617081121943,30.853869742485404,4.631928629290104e-06,441.2499703131455,0.984295811933675,0.0988265450221759,0.011426599929109216,-1
91,30,block_beam_strong,-0.13872821945169295,0.13872821945169295,1,1.3836497211571221,30.839959482744295,3.0945621698199633e-06,424.8992780256734,0.984295811933675,0.09516973864745783,0.5547091001644731,-1
91,30,block_lns_strong,-0.13872821945169295,0.13872821945169295,1,1.3836497211571221,30.839959482744295,3.0945621698199633e-06,424.8992780256734,0.984295811933675,0.09516973864745783,0.06923409993760288,-1
91,30,hybrid_heuristic,-0.13872821945169295,0.13872821945169295,1,1.3836497211571221,30.839959482744295,3.0945621698199633e-06,424.8992780256734,0.984295811933675,0.09516973864745783,0.01689470000565052,-1
91,31,autoreg_rl_pure,-0.12886056954934297,0.12886056954934297,1,1.2886056954934297,30.811978559923826,1.3553262010170894e-85,331.00137074437026,0.9970935645755937,0.0877127849960712,0.105574999935925,256
91,31,random,-100.0,1.882022840891258e+17,0,71.20905710704945,1.449721185570709e+19,0.1387296083528937,18132.798714215103,0.9241650952664984,4.864646597983216,0.030198599910363555,-1
91,31,latency_greedy,-100.0,309813596231.7374,0,37.422368418752264,23864924711405.523,0.09332895022165354,9530.662623198205,0.9970935645755937,2.5772341278591573,6.889994256198406e-05,-1
91,31,block_balanced,-100.0,300256008.11929667,0,39.999859392050624,23128703934.343483,0.0696721258141923,10186.918408189526,0.616110063510999,2.7525636730353416,7.54001084715128e-05,-1
91,31,pdp_aware_greedy,-0.12886056954934297,0.12886056954934297,1,1.2886056954934297,30.811978559923826,1.3553262010170894e-85,331.00137074437026,0.9970935645755937,0.0877127849960712,0.0006638001650571823,-1
91,31,local_search,-0.12886056954934297,0.12886056954934297,1,1.2886056954934297,30.811978559923826,1.3553262010170894e-85,331.00137074437026,0.9970935645755937,0.0877127849960712,0.0170692999381572,-1
91,31,beam_search,-0.12886056954934297,0.12886056954934297,1,1.2886056954934297,30.811978559923826,1.3553262010170894e-85,331.00137074437026,0.9970935645755937,0.0877127849960712,0.07774780015461147,-1
91,31,simulated_annealing,-0.12886056954934297,0.12886056954934297,1,1.2886056954934297,30.811978559923826,1.3553262010170894e-85,331.00137074437026,0.9970935645755937,0.0877127849960712,0.008672600146383047,-1
91,31,block_beam_strong,-0.12886056954934297,0.12886056954934297,1,1.2886056954934297,30.811978559923826,1.3553262010170894e-85,331.00137074437026,0.9970935645755937,0.0877127849960712,0.6309325001202524,-1
91,31,block_lns_strong,-0.12886056954934297,0.12886056954934297,1,1.2886056954934297,30.811978559923826,1.3553262010170894e-85,331.00137074437026,0.9970935645755937,0.0877127849960712,0.07121900003403425,-1
91,31,hybrid_heuristic,-0.12886056954934297,0.12886056954934297,1,1.2886056954934297,30.811978559923826,1.3553262010170894e-85,331.00137074437026,0.9970935645755937,0.0877127849960712,0.016161100007593632,-1
91,32,autoreg_rl_pure,-0.6499278638590213,0.6499278638590213,1,2.773606341081167,59.51081229796154,0.0022441284641285227,757.2583595298117,0.9796631335070528,0.1671955259997339,0.18903329991735518,253
91,32,random,-100.0,26638028470.036663,0,61.95981628624216,2051925904797.0613,0.08496400440030247,16851.262106257316,0.9587950528048431,3.70716874676097,0.032221199944615364,-1
91,32,latency_greedy,-619.8589521284973,619.8589521284973,1,4.598221539239385,47743.09376058999,0.02504299441032786,1253.334825758464,0.9796631335070528,0.2763008980398275,7.349997758865356e-05,-1
91,32,block_balanced,-245.98090214967672,245.98090214967672,1,4.90038228631336,18940.960068040993,0.021891152733095626,1335.5437560488099,0.8326931359966503,0.2939954562804555,7.260008715093136e-05,-1
91,32,pdp_aware_greedy,-11557.115815263156,11557.115815263156,1,4.9583250065293685,890236.6298137236,0.03501716251387662,1351.2549487134097,0.9796631335070528,0.2976822547273183,0.0006629000417888165,-1
91,32,local_search,-100.0,26638028470.036663,0,61.95981628624216,2051925904797.0613,0.08496400440030247,16851.262106257316,0.9587950528048431,3.70716874676097,0.02204800001345575,-1
91,32,beam_search,-0.6499278638590213,0.6499278638590213,1,2.773606341081167,59.51081229796154,0.0022441284641285227,757.2583595298117,0.9796631335070528,0.1671955259997339,0.07683219993487,-1
91,32,simulated_annealing,-100.0,26638028470.036663,0,61.95981628624216,2051925904797.0613,0.08496400440030247,16851.262106257316,0.9587950528048431,3.70716874676097,0.014595899963751435,-1
91,32,block_beam_strong,-1.3562823985224841,1.3562823985224841,1,4.125622514438216,103.50669090581361,0.004131052597021911,1124.8776227035762,0.9796631335070528,0.24797708616288341,0.46779450005851686,-1
91,32,block_lns_strong,-0.6499278638590213,0.6499278638590213,1,2.773606341081167,59.51081229796154,0.0022441284641285227,757.2583595298117,0.9796631335070528,0.1671955259997339,0.08259529992938042,-1
91,32,hybrid_heuristic,-0.6499278638590213,0.6499278638590213,1,2.773606341081167,59.51081229796154,0.0022441284641285227,757.2583595298117,0.9796631335070528,0.1671955259997339,0.018139300169423223,-1
91,33,autoreg_rl_pure,-0.23617304027291675,0.23617304027291675,1,2.3587516421497488,30.834923936700875,2.5378610215506517e-06,599.7208008846176,0.997463401449082,0.10609585463069617,0.10082920012064278,256
91,33,random,-100.0,2.002201997603894e+16,0,65.66272471761066,1.5422951255701952e+18,0.13109064134372078,16613.731075777003,0.9608604187142055,2.9651001814049516,0.029366900213062763,-1
91,33,latency_greedy,-50178.31228871919,50178.31228871919,1,3.589857468108005,3865235.86535867,0.04002287531756709,911.0997531158456,0.997463401449082,0.16159369532747267,6.660004146397114e-05,-1
91,33,block_balanced,-1439683.1545421963,1439683.1545421963,1,6.000446433330131,110898700.817666,0.051466214257689234,1520.975296100332,0.7308366902409392,0.2713192331397087,7.46001023799181e-05,-1
91,33,pdp_aware_greedy,-2.600516841391223,2.600516841391223,1,2.7557643231802214,209.9020136535838,0.006541380360044284,700.1373165682012,0.997463401449082,0.12395335134228841,0.0008854998741298914,-1
91,33,local_search,-2.5448207673173484,2.5448207673173484,1,2.7293012548224107,205.81559292671108,0.006474354479123504,693.4370044232487,0.997463401449082,0.12276305143813504,0.02148630004376173,-1
91,33,beam_search,-0.2456642699048283,0.2456642699048283,1,2.4536700106231297,30.834877162929114,2.532689554923899e-06,623.7406306799763,0.8761870005983754,0.11036525088394329,0.07239629980176687,-1
91,33,simulated_annealing,-2.5448207673173484,2.5448207673173484,1,2.7293012548224107,205.81559292671108,0.006474354479123504,693.4370044232487,0.997463401449082,0.12276305143813504,0.009013800183311105,-1
91,33,block_beam_strong,-0.23372874583171982,0.23372874583171982,1,2.3344421840189993,30.83389569259213,2.42417306091475e-06,593.5590495695412,0.8866341346214062,0.10500242338939753,0.46387839992530644,-1
91,33,block_lns_strong,-0.2301461702501126,0.2301461702501126,1,2.2986294640932172,30.833795277199098,2.413070415063005e-06,584.4834165827567,0.997463401449082,0.10339157930590906,0.09563160012476146,-1
91,33,hybrid_heuristic,-0.2301461702501126,0.2301461702501126,1,2.2986294640932172,30.833795277199098,2.413070415063005e-06,584.4834165827567,0.997463401449082,0.10339157930590906,0.017437899950891733,-1
91,34,autoreg_rl_pure,-1.07913044953919,1.07913044953919,1,2.7502061540456872,92.75251598287346,0.0037570572725400104,673.4446901308609,0.9253327202774769,0.12583885234215142,0.12151800002902746,256
91,34,random,-100.0,6.643900351138753e+24,0,71.95287317115705,5.117792879338941e+26,0.19797981323383146,17542.537113946484,0.8790567283767864,3.2663612809776295,0.030875899828970432,-1
91,34,latency_greedy,-375683.3514697335,375683.3514697335,1,4.026997875886364,28938868.219049897,0.04688617252664374,984.6727642189323,0.9547074099853776,0.18271099962615886,6.609992124140263e-05,-1
91,34,block_balanced,-44049.40921558938,44049.40921558938,1,5.310517767148939,3393113.5359087917,0.03957874117042845,1297.5949300163584,0.7357682699955812,0.24163513355953178,7.209996692836285e-05,-1
91,34,pdp_aware_greedy,-3.3945823427556014,3.3945823427556014,1,2.862368803070437,270.24766292442746,0.007402881132536598,700.779242505746,0.9547074099853776,0.12998061920613702,0.0005228000227361917,-1
91,34,local_search,-2.299385486495434,2.299385486495434,1,2.8508126102824156,185.9737250805716,0.006128745071644426,697.9648596314587,0.9547074099853776,0.12958487798796572,0.024499799823388457,-1
91,34,beam_search,-2.326424804584374,2.326424804584374,1,3.8353080532266803,180.4729991835647,0.00602638615855345,937.9622828219899,0.9547074099853776,0.1749802293997685,0.0749675000552088,-1
91,34,simulated_annealing,-2.299385486495434,2.299385486495434,1,2.8508126102824156,185.9737250805716,0.006128745071644426,697.9648596314587,0.9547074099853776,0.12958487798796572,0.007610199972987175,-1
91,34,block_beam_strong,-1.0982937012829006,1.0982937012829006,1,3.6458908018414973,87.32920619645319,0.003551652747294962,891.8078652457633,0.9103946831490142,0.16637682130291986,0.4525822999421507,-1
91,34,block_lns_strong,-1.0897289950992968,1.0897289950992968,1,3.565504196407087,87.28868492898759,0.0035500704861182886,872.2065289606891,0.9103946831490142,0.16273148722946923,0.11375890020281076,-1
91,34,hybrid_heuristic,-1.0897289950992968,1.0897289950992968,1,3.565504196407087,87.28868492898759,0.0035500704861182886,872.2065289606891,0.9103946831490142,0.16273148722946923,0.017170799896121025,-1
91,35,autoreg_rl_pure,-0.34235242097375307,0.34235242097375307,1,2.6898771474424135,36.46325794842089,0.0005741165715939379,738.3186553622472,0.9754241964923795,0.19573910099168693,0.1295056000817567,256
91,35,random,-100.0,978616513303129.6,0,58.12451135493601,7.538277756570818e+16,0.12080011477829958,15890.5049499312,0.9754241964923795,4.248190618694435,0.028560400009155273,-1
91,35,latency_greedy,-1669461.5465579145,1669461.5465579145,1,4.239208642140822,128598531.60527644,0.05197104414000258,1161.727635590697,0.9648810710624428,0.311231123912894,6.569991819560528e-05,-1
91,35,block_balanced,-202017.13858522498,202017.13858522498,1,5.3354556912649596,15561359.070054747,0.044771115881791175,1461.4250877893137,0.6627232970500319,0.39049779048353805,7.699988782405853e-05,-1
91,35,pdp_aware_greedy,-0.34235242097375307,0.34235242097375307,1,2.6898771474424135,36.46325794842089,0.0005741165715939379,738.3186553622472,0.9754241964923795,0.19573910099168693,0.0005481000989675522,-1
91,35,local_search,-0.33244418632116324,0.33244418632116324,1,2.664156423003447,35.898153766704944,0.0005208672350420369,731.2782100915484,0.9754241964923795,0.19386743503723056,0.025254900101572275,-1
91,35,beam_search,-0.44690332588886195,0.44690332588886195,1,2.820636766107809,43.50956790837782,0.0011764414680623587,774.0868066641918,0.9188274399417832,0.2065405903486798,0.08263449999503791,-1
91,35,simulated_annealing,-0.3248997589400946,0.3248997589400946,1,2.5873885018517075,35.9083498150783,0.0005218354058676345,710.2848256707769,0.9754241964923795,0.1882811264262482,0.00859480001963675,-1
91,35,block_beam_strong,-0.3248997589400946,0.3248997589400946,1,2.5873885018517075,35.9083498150783,0.0005218354058676345,710.2848256707769,0.9754241964923795,0.1882811264262482,0.6175677999854088,-1
91,35,block_lns_strong,-0.3248997589400946,0.3248997589400946,1,2.5873885018517075,35.9083498150783,0.0005218354058676345,710.2848256707769,0.9754241964923795,0.1882811264262482,0.1094565000385046,-1
91,35,hybrid_heuristic,-0.3248997589400946,0.3248997589400946,1,2.5873885018517075,35.9083498150783,0.0005218354058676345,710.2848256707769,0.9754241964923795,0.1882811264262482,0.01993749989196658,-1
91,36,autoreg_rl_pure,-0.22123994997351804,0.22123994997351804,1,1.8598157049637019,33.52792964119267,0.0002879940690959499,477.0439511546507,0.9714239292421396,0.09764526032039628,0.11551380017772317,256
91,36,random,-100.0,47073573457286.17,0,48.60895379329888,3626074840261909.0,0.11045510905416894,12391.641601882218,0.8881281803917214,2.529831907460348,0.039858799893409014,-1
91,36,latency_greedy,-990984.6474239263,990984.6474239263,1,5.1343652469215915,76335485.53608981,0.050192944606269205,1311.529800476008,0.9714239292421396,0.26729260928278975,6.79998192936182e-05,-1
91,36,block_balanced,-80520639.65758611,80520639.65758611,1,7.618552296704243,6202500529.028549,0.06518518843651941,1944.7320078150774,0.670924054436713,0.3954167875966101,7.559987716376781e-05,-1
91,36,pdp_aware_greedy,-0.22123994997351804,0.22123994997351804,1,1.8598157049637019,33.52792964119267,0.0002879940690959499,477.0439511546507,0.9714239292421396,0.09764526032039628,0.0009749000892043114,-1
91,36,local_search,-0.22123994997351804,0.22123994997351804,1,1.8598157049637019,33.52792964119267,0.0002879940690959499,477.0439511546507,0.9714239292421396,0.09764526032039628,0.020758100086823106,-1
91,36,beam_search,-0.22123994997351804,0.22123994997351804,1,1.8598157049637019,33.52792964119267,0.0002879940690959499,477.0439511546507,0.9714239292421396,0.09764526032039628,0.09001859999261796,-1
91,36,simulated_annealing,-0.22123994997351804,0.22123994997351804,1,1.8598157049637019,33.52792964119267,0.0002879940690959499,477.0439511546507,0.9714239292421396,0.09764526032039628,0.009893500013276935,-1
91,36,block_beam_strong,-0.22123994997351804,0.22123994997351804,1,1.8598157049637019,33.52792964119267,0.0002879940690959499,477.0439511546507,0.9714239292421396,0.09764526032039628,0.5503264002036303,-1
91,36,block_lns_strong,-0.22123994997351804,0.22123994997351804,1,1.8598157049637019,33.52792964119267,0.0002879940690959499,477.0439511546507,0.9714239292421396,0.09764526032039628,0.07401699991896749,-1
91,36,hybrid_heuristic,-0.22123994997351804,0.22123994997351804,1,1.8598157049637019,33.52792964119267,0.0002879940690959499,477.0439511546507,0.9714239292421396,0.09764526032039628,0.020126900169998407,-1
91,37,autoreg_rl_pure,-0.2649330743976447,0.2649330743976447,1,2.1358270216525357,34.76749498059518,0.00041176235955922693,625.4171635071065,0.9742444955652141,0.1472520313588649,0.13841850007884204,256
91,37,random,-100.0,2.078806447546534e+21,0,65.04379329317135,1.6013034923008802e+23,0.1704686373288605,18961.7739484783,0.9742444955652141,4.507666588103679,0.03837640001438558,-1
91,37,latency_greedy,-1788089.8751126796,1788089.8751126796,1,4.084380308929178,137736466.5879908,0.052205075580779164,1193.3717717538725,0.9747172043966222,0.28159269979955,7.930002175271511e-05,-1
91,37,block_balanced,-47375755.797848314,47375755.797848314,1,6.570004914392481,3649351909.9619884,0.0633769329146422,1917.9476150861424,0.7306833716739106,0.4537963781413333,7.760012522339821e-05,-1
91,37,pdp_aware_greedy,-320.48982210170664,320.48982210170664,1,3.11414731729946,24694.13753664562,0.0227954087752935,910.6379697282482,0.9747172043966222,0.21536936812955687,0.0005749999545514584,-1
91,37,local_search,-100.0,2.078806447546534e+21,0,65.04379329317135,1.6013034923008802e+23,0.1704686373288605,18961.7739484783,0.9742444955652141,4.507666588103679,0.02376349992118776,-1
91,37,beam_search,-9.950966434120302,9.950966434120302,1,2.5379705563350394,777.7844160146365,0.011006794183377057,742.6466277115579,0.9747172043966222,0.17497733484997613,0.08156329998746514,-1
91,37,simulated_annealing,-100.0,2.078806447546534e+21,0,65.04379329317135,1.6013034923008802e+23,0.1704686373288605,18961.7739484783,0.9742444955652141,4.507666588103679,0.016234500100836158,-1
91,37,block_beam_strong,-0.26198947868186145,0.26198947868186145,1,2.1304277141643104,34.5823407970271,0.0003935581005364024,623.8480930646352,0.9426616393013184,0.14687978258238993,0.5650708000175655,-1
91,37,block_lns_strong,-0.26198947868186145,0.26198947868186145,1,2.1304277141643104,34.5823407970271,0.0003935581005364024,623.8480930646352,0.9426616393013184,0.14687978258238993,0.13008699985221028,-1
91,37,hybrid_heuristic,-0.26198947868186145,0.26198947868186145,1,2.1304277141643104,34.5823407970271,0.0003935581005364024,623.8480930646352,0.9426616393013184,0.14687978258238993,0.018705900060012937,-1
91,38,autoreg_rl_pure,-0.5603126329713274,0.5603126329713274,1,2.6199242244065566,53.79156838708138,0.0018996574102924113,657.7083409507193,0.910392168853228,0.153137898580688,0.09721280005760491,256
91,38,random,-100.0,1746438097004840.2,0,71.36184961602724,1.3452803300286774e+17,0.12277470856210769,17835.666106610523,0.901290479136027,4.161843663691908,0.04547259979881346,-1
91,38,latency_greedy,-12891978619.240683,12891978619.240683,1,7.103362043385759,993068422003.6954,0.08248982222447583,1777.9708460213485,0.9570558325045703,0.4157392343440423,0.000547999981790781,-1
91,38,block_balanced,-1615628283294.021,1615628283294.021,1,10.208476445036341,124451760064106.97,0.09895929081151306,2554.0049409618923,0.7010037059946876,0.5960143306462187,0.00019890000112354755,-1
91,38,pdp_aware_greedy,-1.830467810644112,1.830467810644112,1,2.7870304263779753,150.34433546456316,0.005403683723370434,699.4424699684529,0.9570558325045703,0.16350048159130778,0.0007453998550772667,-1
91,38,local_search,-0.7383947508018984,0.7383947508018984,1,2.725416368775253,66.69661895570266,0.0026327657246210875,684.018299842924,0.9570558325045703,0.15991978280941993,0.03404839988797903,-1
91,38,beam_search,-0.5603126329713274,0.5603126329713274,1,2.6199242244065566,53.79156838708138,0.0018996574102924113,657.7083409507193,0.910392168853228,0.153137898580688,0.09932290017604828,-1
91,38,simulated_annealing,-0.7383947508018984,0.7383947508018984,1,2.725416368775253,66.69661895570266,0.0026327657246210875,684.018299842924,0.9570558325045703,0.15991978280941993,0.009461300214752555,-1
91,38,block_beam_strong,-0.5816591646112903,0.5816591646112903,1,2.744326259336961,54.47762236685793,0.0019428633138602342,688.7819054655434,0.9101514106072284,0.16036543538610568,0.5763375000096858,-1
91,38,block_lns_strong,-0.5603126329713274,0.5603126329713274,1,2.6199242244065566,53.79156838708138,0.0018996574102924113,657.7083409507193,0.910392168853228,0.153137898580688,0.10004070005379617,-1
91,38,hybrid_heuristic,-0.5603126329713274,0.5603126329713274,1,2.6199242244065566,53.79156838708138,0.0018996574102924113,657.7083409507193,0.910392168853228,0.153137898580688,0.01874390011653304,-1
91,39,autoreg_rl_pure,-0.2348922188669705,0.2348922188669705,1,2.3486307893312826,30.81422320746579,2.4835141444088e-07,709.6417173804192,0.9651838202183004,0.1330149471704847,0.10032059997320175,256
91,39,random,-100.0,19553592340.737946,0,58.76319604886896,1506212169508.9302,0.08390994174986004,17680.560417839424,0.9651838202183004,3.308716977117894,0.04205629997886717,-1
91,39,latency_greedy,-47772703.45414717,47772703.45414717,1,4.959066736378391,3679928779.059267,0.06340537870869468,1494.8997511461318,0.9651838202183004,0.28050388344446087,7.049995474517345e-05,-1
91,39,block_balanced,-8072596509.698853,8072596509.698853,1,7.7516720994856065,621831676420.4933,0.08089386782807767,2335.0358276873494,0.7866992701627054,0.43758415506824816,0.00013910001143813133,-1
91,39,pdp_aware_greedy,-8.368503704683722,8.368503704683722,1,2.7340607103869,654.3769153808258,0.01041779884831238,825.5674577989973,0.9651838202183004,0.1547249069799377,0.0009235001634806395,-1
91,39,local_search,-8.368503704683722,8.368503704683722,1,2.7340607103869,654.3769153808258,0.01041779884831238,825.5674577989973,0.9651838202183004,0.1547249069799377,0.01852330006659031,-1
91,39,beam_search,-0.23219508716547174,0.23219508716547174,1,2.321659472316295,30.81422320746579,2.4835141444088e-07,701.5174777221657,0.9651838202183004,0.1314999723500751,0.08091429993510246,-1
91,39,simulated_annealing,-8.36840703130127,8.36840703130127,1,2.733093976562385,654.3769153808258,0.01041779884831238,825.297830173435,0.9651838202183004,0.15466406274175595,0.010101500200107694,-1
91,39,block_beam_strong,-0.24733565610364458,0.24733565610364458,1,2.4707503016742915,30.8320545618209,2.2205986951536827e-06,746.3839327301939,0.963851628147686,0.13921939257127708,0.33694870001636446,-1
91,39,block_lns_strong,-0.23219508716547174,0.23219508716547174,1,2.321659472316295,30.81422320746579,2.4835141444088e-07,701.5174777221657,0.9651838202183004,0.1314999723500751,0.10251270001754165,-1
91,39,hybrid_heuristic,-0.23219508716547174,0.23219508716547174,1,2.321659472316295,30.81422320746579,2.4835141444088e-07,701.5174777221657,0.9651838202183004,0.1314999723500751,0.0180929999332875,-1
91,40,autoreg_rl_pure,-1.1559694555366802,1.1559694555366802,1,2.512956998297907,100.49894947133994,0.004030518431850198,635.1877048732993,0.9751888787546693,0.1474013606999243,0.27027560002170503,254
91,40,random,-100.0,1.5897544252940794e+19,0,77.32761202880161,1.2245869816926298e+21,0.15385424095603129,19459.138459729627,0.914545063127818,4.505705946955795,0.032309799920767546,-1
91,40,latency_greedy,-13.220952053159326,13.220952053159326,1,2.734060936546575,1028.1607498296394,0.011958228003988861,690.8189199059054,0.9751888787546693,0.16030131817179905,8.030002936720848e-05,-1
91,40,block_balanced,-1318.577042523135,1318.577042523135,1,4.783060035732179,101563.88700231849,0.027616449658261807,1206.4173167125555,0.6962695021855755,0.2792620612310368,0.0002807001583278179,-1
91,40,pdp_aware_greedy,-4804.42061558404,4804.42061558404,1,3.3159324825548664,370089.53186899895,0.032024753605393835,837.278514758585,0.9751888787546693,0.1931735901080515,0.0005390997976064682,-1
91,40,local_search,-13.220952053159326,13.220952053159326,1,2.734060936546575,1028.1607498296394,0.011958228003988861,690.8189199059054,0.9751888787546693,0.16030131817179905,0.016034299973398447,-1
91,40,beam_search,-6.064875067493046,6.064875067493046,1,4.030187690219286,466.9444657545782,0.009267281573626584,1016.9415339751522,0.9751888787546693,0.23450093568771213,0.08289940003305674,-1
91,40,simulated_annealing,-13.220952053159326,13.220952053159326,1,2.734060936546575,1028.1607498296394,0.011958228003988861,690.8189199059054,0.9751888787546693,0.16030131817179905,0.009100300027057528,-1
91,40,block_beam_strong,-1.2809630665697536,1.2809630665697536,1,2.502574383544504,110.20717785533068,0.004344897992713072,632.5953246196176,0.9577530425997843,0.14679000102059994,0.4955343999899924,-1
91,40,block_lns_strong,-1.2761301270681078,1.2761301270681078,1,2.454244989251384,110.2071778497588,0.004344897992540708,620.4359929174772,0.9577530425997843,0.14397576381482927,0.0851855999790132,-1
91,40,hybrid_heuristic,-1.2761301270681078,1.2761301270681078,1,2.454244989251384,110.2071778497588,0.004344897992540708,620.4359929174772,0.9577530425997843,0.14397576381482927,0.017347499961033463,-1
91,41,autoreg_rl_pure,-9.5889139814813,9.5889139814813,1,4.268081379510953,736.5685005964374,0.010821172373126286,1165.8025662646924,0.9931920227119942,0.2536813025668502,0.3377525999676436,252
91,41,random,-100.0,4.568029559262737e+25,0,98.45059432335401,3.5187507210275436e+27,0.27391441720550996,26828.098225065856,0.9469152702680204,5.869018496234815,0.10626109992153943,-1
91,41,latency_greedy,-3000529.6454097303,3000529.6454097303,1,5.365708803453761,231130627.2369035,0.05396982244651114,1464.8720941090046,0.9931920227119942,0.3204495802621146,0.0002092001959681511,-1
91,41,block_balanced,-20711282.64696368,20711282.64696368,1,6.973806319024351,1595388969.2597039,0.06055604254094098,1903.0410974568006,0.7890960585566836,0.41600680534175655,0.000282099936157465,-1
91,41,pdp_aware_greedy,-12681.022135370662,12681.022135370662,1,4.687153161167549,976813.1622452833,0.03533356489263431,1279.9859317074895,0.9931920227119942,0.28029559303593365,0.0013888999819755554,-1
91,41,local_search,-100.0,4.568029559262737e+25,0,98.45059432335401,3.5187507210275436e+27,0.27391441720550996,26828.098225065856,0.9469152702680204,5.869018496234815,0.031924499897286296,-1
91,41,beam_search,-1691.572064153174,1691.572064153174,1,4.6275679142922375,130296.8712808542,0.02846577768807622,1263.751318842455,0.9469152702680204,0.2767901500698773,0.12486430001445115,-1
91,41,simulated_annealing,-100.0,4.568029559262737e+25,0,98.45059432335401,3.5187507210275436e+27,0.27391441720550996,26828.098225065856,0.9469152702680204,5.869018496234815,0.0187822999432683,-1
91,41,block_beam_strong,-115.972514654929,115.972514654929,1,4.315542962890933,8930.925961968478,0.019328085044743627,1178.732487206482,0.9931920227119942,0.25661354735691494,0.6138329000677913,-1
91,41,block_lns_strong,-100.0,19592171323.360355,0,12.872557330341895,1509183906825.9893,0.08391666145280943,3510.301094910058,2.6100124854796944,0.7651042284722696,0.11543129989877343,-1
91,41,hybrid_heuristic,-100.0,4.568029559262737e+25,0,98.45059432335401,3.5187507210275436e+27,0.27391441720550996,26828.098225065856,0.9469152702680204,5.869018496234815,0.023549700155854225,-1
91,42,autoreg_rl_pure,-0.6060088136236346,0.6060088136236346,1,2.4882865598963564,58.325546957546294,0.0021755425710150295,629.9004557858394,0.9838439495046248,0.12955154428005053,0.13484900002367795,256
91,42,random,-100.0,4.568029559262737e+25,0,80.16647090390246,3.5187507210275436e+27,0.2205609180608038,20200.281304607895,0.9776395643907358,4.1448760976003385,0.03953820001333952,-1
91,42,latency_greedy,-27315514.578823153,27315514.578823153,1,4.904497819906776,2104112616.9226222,0.061499631168755405,1238.5756435552296,0.9838439495046248,0.2546654507649695,6.869994103908539e-05,-1
91,42,block_balanced,-765763119.3454461,765763119.3454461,1,8.072449130059756,58986692006.760635,0.07286395675900414,2036.7626050642175,0.7870751596036999,0.4179216063322933,7.71000050008297e-05,-1
91,42,pdp_aware_greedy,-1165.0196685316657,1165.0196685316657,1,3.1881411258747967,89747.65636627394,0.027194777589483025,806.1679534209504,0.9838439495046248,0.16569340678217814,0.0005409000441431999,-1
91,42,local_search,-100.0,4.568029559262737e+25,0,80.16647090390246,3.5187507210275436e+27,0.2205609180608038,20200.281304607895,0.9776395643907358,4.1448760976003385,0.023321199929341674,-1
91,42,beam_search,-4.376570927683152,4.376570927683152,1,2.5750057006006895,348.1037474246743,0.008265962970954378,651.7007601689687,0.9838439495046248,0.13407110305282177,0.0850804999936372,-1
91,42,simulated_annealing,-100.0,4.568029559262737e+25,0,80.16647090390246,3.5187507210275436e+27,0.2205609180608038,20200.281304607895,0.9776395643907358,4.1448760976003385,0.015416000038385391,-1
91,42,block_beam_strong,-0.7832989814431529,0.7832989814431529,1,3.612374546656668,63.323355345015365,0.0024558275439898743,913.110416467901,0.9838439495046248,0.18757261798313488,0.30521899997256696,-1
91,42,block_lns_strong,-0.7241241880671554,0.7241241880671554,1,3.6688274427356022,58.33026782713504,0.002175818501379342,927.3283581806126,0.9838439495046248,0.19048515010415604,0.1124084999319166,-1
91,42,hybrid_heuristic,-0.7241241880671554,0.7241241880671554,1,3.6688274427356022,58.33026782713504,0.002175818501379342,927.3283581806126,0.9838439495046248,0.19048515010415604,0.016848099883645773,-1
91,43,autoreg_rl_pure,-0.4648812792874787,0.4648812792874787,1,2.6956004509179685,45.85756276076185,0.0013556270945805447,668.2661747995274,0.9442933876030521,0.1323185401781854,0.14630630007013679,256
91,43,random,-100.0,4.423722330363808e+23,0,89.17047195884845,3.407590939955648e+25,0.1887432282526256,22009.758071653036,0.8211012773455887,4.357098108515778,0.031587200006470084,-1
91,43,latency_greedy,-4210892493318.263,4210892493318.263,1,12.049903625729172,324364823055604.25,0.10222514694234369,2976.8150738438303,0.9442933876030521,0.5867277909392002,0.00017819995991885662,-1
91,43,block_balanced,-8515034372210.567,8515034372210.567,1,15.1828151932739,655912641283829.9,0.1046257726660697,3750.0495438139847,0.6593962253314049,0.7400062225007267,0.00010329997166991234,-1
91,43,pdp_aware_greedy,-6.503428604792396,6.503428604792396,1,2.9885620076929382,508.749858275561,0.009559608208377727,740.5666844091734,0.9632139346394123,0.14600573881430726,0.0006647000554949045,-1
91,43,local_search,-6.503428604792396,6.503428604792396,1,2.9885620076929382,508.749858275561,0.009559608208377727,740.5666844091734,0.9632139346394123,0.14600573881430726,0.018369799945503473,-1
91,43,beam_search,-6.472717276601758,6.472717276601758,1,2.998349416164818,506.30877395617097,0.009543210756261663,743.0004101032272,0.9632139346394123,0.14697049683811347,0.08846530015580356,-1
91,43,simulated_annealing,-6.503428604792396,6.503428604792396,1,2.9885620076929382,508.749858275561,0.009559608208377727,740.5666844091734,0.9632139346394123,0.14600573881430726,0.014343800023198128,-1
91,43,block_beam_strong,-0.4737205531806824,0.4737205531806824,1,2.636663977744565,46.992438891922674,0.001438970656358946,653.7301327532207,0.9442933876030521,0.12968221037777264,0.7009115999098867,-1
91,43,block_lns_strong,-0.4508445372675507,0.4508445372675507,1,2.617770899934298,45.37583388939818,0.0013196242554757895,649.0628714830721,0.9442933876030521,0.12863885437782477,0.10423469985835254,-1
91,43,hybrid_heuristic,-0.4508445372675507,0.4508445372675507,1,2.617770899934298,45.37583388939818,0.0013196242554757895,649.0628714830721,0.9442933876030521,0.12863885437782477,0.016660300083458424,-1
91,44,autoreg_rl_pure,-6.383576169742769,6.383576169742769,1,1.9823882833888309,507.26818243300573,0.00954966478410592,413.46655584147004,0.9760552767567444,0.08040663005132928,0.10424390016123652,256
91,44,random,-100.0,4.568029559262737e+25,0,151.68600176020723,3.5187507210275436e+27,0.352347698483174,31411.493902074108,0.9043451642265029,6.171816148124607,0.03996960003860295,-1
91,44,latency_greedy,-152191099.78703904,152191099.78703904,1,5.884186216683878,11723272244.609808,0.06735557204653414,1221.3162488251783,0.9668679365128552,0.24202001108324853,6.67001586407423e-05,-1
91,44,block_balanced,-1324918034.6981008,1324918034.6981008,1,11.873605797673127,102058365136.28539,0.07473299874774805,2461.607145357266,0.687390955473545,0.48592001916467764,8.019991219043732e-05,-1
91,44,pdp_aware_greedy,-3686816.2020215704,3686816.2020215704,1,5.62402167732664,283995241.9178408,0.05467203280768336,1167.5732195689131,0.962347337662963,0.23020219468695913,0.0007804001215845346,-1
91,44,local_search,-100.0,4.568029559262737e+25,0,151.68600176020723,3.5187507210275436e+27,0.352347698483174,31411.493902074108,0.9043451642265029,6.171816148124607,0.026488699950277805,-1
91,44,beam_search,-17.302281199913036,17.302281199913036,1,2.9273212799855517,1341.0566318544268,0.01286400869959717,609.1281658453521,0.9668679365128552,0.11922879636092276,0.07549980003386736,-1
91,44,simulated_annealing,-100.0,4.568029559262737e+25,0,151.68600176020723,3.5187507210275436e+27,0.352347698483174,31411.493902074108,0.9043451642265029,6.171816148124607,0.015183400129899383,-1
91,44,block_beam_strong,-6.383576169742769,6.383576169742769,1,1.9823882833888309,507.26818243300573,0.00954966478410592,413.46655584147004,0.9760552767567444,0.08040663005132928,0.6124120000749826,-1
91,44,block_lns_strong,-6.383576169742769,6.383576169742769,1,1.9823882833888309,507.26818243300573,0.00954966478410592,413.46655584147004,0.9760552767567444,0.08040663005132928,0.06950299977324903,-1
91,44,hybrid_heuristic,-6.383576169742769,6.383576169742769,1,1.9823882833888309,507.26818243300573,0.00954966478410592,413.46655584147004,0.9760552767567444,0.08040663005132928,0.0190032001119107,-1
91,45,autoreg_rl_pure,-4.797946498823992,4.797946498823992,1,3.064170186593008,376.79425367017456,0.008535968162951555,709.405433098259,0.9284144556893341,0.16783326133822266,0.18758139992132783,256
91,45,random,-100.0,4.568029559262737e+25,0,98.68680993598777,3.5187507210275436e+27,0.26011425862941495,22752.19137378965,0.8860084808890213,5.368501551742519,0.032047800021246076,-1
91,45,latency_greedy,-457764.6857034827,457764.6857034827,1,4.356301059098882,35261586.45887979,0.04755986179944153,1007.2321551890026,0.9831380746699415,0.23625178911187533,0.00028849998489022255,-1
91,45,block_balanced,-681124178.4793233,681124178.4793233,1,7.172462872876247,52466958935.43913,0.07246464186516478,1656.4325241279032,0.7594358407620182,0.3898099637108542,8.079991675913334e-05,-1
91,45,pdp_aware_greedy,-21438.781251038665,21438.781251038665,1,3.6848962706508845,1651430.597887089,0.03712374782449915,852.4734974634202,0.9918950726512534,0.200505250245016,0.0007650000043213367,-1
91,45,local_search,-100.0,4.568029559262737e+25,0,98.68680993598777,3.5187507210275436e+27,0.26011425862941495,22752.19137378965,0.8860084808890213,5.368501551742519,0.020052999956533313,-1
91,45,beam_search,-7.4033817754128,7.4033817754128,1,4.409861502123862,567.1249403833802,0.00992992753486414,1019.6062729173119,0.9918950726512534,0.23982170947403553,0.11110490001738071,-1
91,45,simulated_annealing,-100.0,4.568029559262737e+25,0,98.68680993598777,3.5187507210275436e+27,0.26011425862941495,22752.19137378965,0.8860084808890213,5.368501551742519,0.018562299897894263,-1
91,45,block_beam_strong,-4.864540303833849,4.864540303833849,1,3.077232173472188,381.8233544857253,0.008581170164634293,712.4162545603269,0.9284144556893341,0.1685439388052116,0.41818220005370677,-1
91,45,block_lns_strong,-4.286361869001262,4.286361869001262,1,2.982977384579174,338.01234477468086,0.008165670315371307,690.6871524730507,0.9918950726512534,0.1632800908785828,0.17983309994451702,-1
91,45,hybrid_heuristic,-4.286361869001262,4.286361869001262,1,2.982977384579174,338.01234477468086,0.008165670315371307,690.6871524730507,0.9918950726512534,0.1632800908785828,0.0649637000169605,-1
91,46,autoreg_rl_pure,-5.643850274554642,5.643850274554642,1,4.455062667967637,431.2401388452844,0.00899609509057684,1291.5828348320752,0.9763299360369352,0.2723945222289097,0.8258411998394877,221
91,46,random,-100.0,4.568029559262737e+25,0,96.93768937897043,3.5187507210275436e+27,0.24481746992639716,28039.755686302287,0.9763299360369352,5.923365548389152,0.05563429999165237,-1
91,46,latency_greedy,-517589137376.3829,517589137376.3829,1,8.59962110623092,39869863509191.01,0.09507859463280557,2490.218760314292,0.9763299360369352,0.5265696488927171,8.96998681128025e-05,-1
91,46,block_balanced,-22494951685.002167,22494951685.002167,1,8.582124339707262,1732784922526.7268,0.08438768094928402,2485.1948633275138,0.8136082800307793,0.5251855410804807,0.0005087999161332846,-1
91,46,pdp_aware_greedy,-9749.12783620486,9749.12783620486,1,4.943194701990878,750967.5292440178,0.03443717086233993,1432.6929534001818,0.9763299360369352,0.30288791346133487,0.002176100155338645,-1
91,46,local_search,-100.0,4.568029559262737e+25,0,96.93768937897043,3.5187507210275436e+27,0.24481746992639716,28039.755686302287,0.9763299360369352,5.923365548389152,0.03100440022535622,-1
91,46,beam_search,-27.5702058583135,27.5702058583135,1,6.508311471946806,2104.409969673796,0.014400121785127945,1885.4273183350201,0.9763299360369352,0.3983592603034891,0.1518063999246806,-1
91,46,simulated_annealing,-100.0,4.568029559262737e+25,0,96.93768937897043,3.5187507210275436e+27,0.24481746992639716,28039.755686302287,0.9763299360369352,5.923365548389152,0.014901099959388375,-1
91,46,block_beam_strong,-5.72222511251314,5.72222511251314,1,3.1090633452181002,447.64557398087896,0.009123383740111183,902.2876973049199,0.9763299360369352,0.19045502816067492,0.611570400185883,-1
91,46,block_lns_strong,-5.72222511251314,5.72222511251314,1,3.1090633452181002,447.64557398087896,0.009123383740111183,902.2876973049199,0.9763299360369352,0.19045502816067492,0.1140968999825418,-1
91,46,hybrid_heuristic,-5.72222511251314,5.72222511251314,1,3.1090633452181002,447.64557398087896,0.009123383740111183,902.2876973049199,0.9763299360369352,0.19045502816067492,0.019580499967560172,-1
91,47,autoreg_rl_pure,-0.6872671001931163,0.6872671001931163,1,2.5923936295245635,63.78293221720364,0.0024804809487093005,786.8587212723376,0.9476777811417127,0.15030260621379782,0.08459880016744137,256
91,47,random,-100.0,4.568029559262737e+25,0,94.90116926051654,3.5187507210275436e+27,0.20593005924456484,28699.472111302024,0.9250534359674434,5.525899241712526,0.03295140014961362,-1
91,47,latency_greedy,-153144.4640134994,153144.4640134994,1,3.779809690334041,11796711.5505122,0.04382686653496319,1145.8614599155483,0.9780345166656454,0.22126541584648482,6.809993647038937e-05,-1
91,47,block_balanced,-541383.6679294319,541383.6679294319,1,5.554975176577708,41702742.94437098,0.04813183446199635,1682.697937608625,0.753995175442254,0.3240637307569798,0.0002655000425875187,-1
91,47,pdp_aware_greedy,-936.9918465909891,936.9918465909891,1,3.2923359951948896,72181.8828519984,0.026452207685367213,998.4927812510205,0.9780345166656454,0.19088408294694156,0.0006245998665690422,-1
91,47,local_search,-100.0,4.568029559262737e+25,0,94.90116926051654,3.5187507210275436e+27,0.20593005924456484,28699.472111302024,0.9250534359674434,5.525899241712526,0.019367599859833717,-1
91,47,beam_search,-37.302819746924925,37.302819746924925,1,3.0194878301295507,2880.9870856563325,0.015470947626766604,916.0505280046228,0.9780345166656454,0.17622740679815613,0.08733000000938773,-1
91,47,simulated_annealing,-100.0,4.568029559262737e+25,0,94.90116926051654,3.5187507210275436e+27,0.20593005924456484,28699.472111302024,0.9250534359674434,5.525899241712526,0.015925100073218346,-1
91,47,block_beam_strong,-0.6720485819480198,0.6720485819480198,1,2.6147343834350254,62.43855986487391,0.002407855878063684,793.6043239704181,0.9476777811417127,0.15159788541032143,0.4206232000142336,-1
91,47,block_lns_strong,-0.6720485819480198,0.6720485819480198,1,2.6147343834350254,62.43855986487391,0.002407855878063684,793.6043239704181,0.9476777811417127,0.15159788541032143,0.09228990017436445,-1
91,47,hybrid_heuristic,-0.6720485819480198,0.6720485819480198,1,2.6147343834350254,62.43855986487391,0.002407855878063684,793.6043239704181,0.9476777811417127,0.15159788541032143,0.016193100018426776,-1
91,48,autoreg_rl_pure,-0.2418287836415536,0.2418287836415536,1,2.2396778688154235,32.18781018299467,0.00014892895179373337,659.8308926357371,0.954090335655074,0.15071858755923898,0.09072970016859472,256
91,48,random,-100.0,4.567046110104741e+18,0,79.6104378960849,3.51799317066827e+20,0.14960193878344683,23351.65981014229,0.954090335655074,5.32538156237957,0.02884860010817647,-1
91,48,latency_greedy,-135951215.04949975,135951215.04949975,1,3.81773635709885,10472314809.655928,0.06697087375178468,1122.5746263055792,0.954090335655074,0.25666864055125493,6.720004603266716e-05,-1
91,48,block_balanced,-4418901.960551105,4418901.960551105,1,5.990610192727203,340387765.8336054,0.055289536287313076,1759.9153680557554,0.7059814178789469,0.4019479218544014,0.0001808998640626669,-1
91,48,pdp_aware_greedy,-0.25387465723597685,0.25387465723597685,1,2.3245641806655204,32.46182437512292,0.00017782866050047478,684.7238684392823,0.954090335655074,0.1564017762435347,0.0009165001101791859,-1
91,48,local_search,-0.25387465723597685,0.25387465723597685,1,2.3245641806655204,32.46182437512292,0.00017782866050047478,684.7238684392823,0.954090335655074,0.1564017762435347,0.019666099920868874,-1
91,48,beam_search,-2.4285548138765276,2.4285548138765276,1,4.019087201532513,186.9244185308112,0.006146128486850051,1181.7035347949934,0.9683791329748974,0.2684319021519918,0.08016859996132553,-1
91,48,simulated_annealing,-0.25387465723597685,0.25387465723597685,1,2.3245641806655204,32.46182437512292,0.00017782866050047478,684.7238684392823,0.954090335655074,0.1564017762435347,0.008671999908983707,-1
91,48,block_beam_strong,-0.25140615526397664,0.25140615526397664,1,2.2998789992240045,32.461825620862875,0.00017782879133077756,677.4964780923767,0.9474519689830453,0.15474567074617396,0.5121971000917256,-1
91,48,block_lns_strong,-0.2418287836415536,0.2418287836415536,1,2.2396778688154235,32.18781018299467,0.00014892895179373337,659.8308926357371,0.954090335655074,0.15071858755923898,0.08755990001372993,-1
91,48,hybrid_heuristic,-0.2418287836415536,0.2418287836415536,1,2.2396778688154235,32.18781018299467,0.00014892895179373337,659.8308926357371,0.954090335655074,0.15071858755923898,0.015498100081458688,-1
91,49,autoreg_rl_pure,-0.30169323707355383,0.30169323707355383,1,2.5621301732460857,34.31531744943664,0.00036713213698026675,833.0962369122296,0.9219700986351529,0.16379802579427502,0.10491879982873797,256
91,49,random,-100.0,3.7311686690813583e+21,0,79.9902453539606,2.874117225879858e+23,0.172462778944132,25915.85565289637,0.9783154588090288,5.07619789836313,0.028624400030821562,-1
91,49,latency_greedy,-1232380367.7706437,1232380367.7706437,1,14.681854587693008,94930193591.26802,0.07448616150550733,4759.215581351925,0.9783154588090288,0.9300683588612222,7.099984213709831e-05,-1
91,49,block_balanced,-100.0,207988559.65204987,0,17.35821708651965,16021347498.87272,0.06842042583546505,5626.271931720938,0.708740032698322,1.1017190545736488,7.269997149705887e-05,-1
91,49,pdp_aware_greedy,-1.7188094190630392,1.7188094190630392,1,2.798106260298621,141.65797845666012,0.005200792426589401,909.5186571130292,0.9783154588090288,0.17792126350073578,0.0007685001473873854,-1
91,49,local_search,-1.1833112922132993,1.1833112922132993,1,2.6661629499763233,101.42494506042023,0.0040617870097907054,866.786643343363,0.9219700986351529,0.1697349597636672,0.02633959986269474,-1
91,49,beam_search,-1.7188094190630392,1.7188094190630392,1,2.798106260298621,141.65797845666012,0.005200792426589401,909.5186571130292,0.9783154588090288,0.17792126350073578,0.07137669995427132,-1
91,49,simulated_annealing,-1.1833112922132993,1.1833112922132993,1,2.6661629499763233,101.42494506042023,0.0040617870097907054,866.786643343363,0.9219700986351529,0.1697349597636672,0.008112800074741244,-1
91,49,block_beam_strong,-0.30960546017523627,0.30960546017523627,1,2.632780801228168,34.380574162205306,0.00037360920474673997,855.9746614983974,0.8874575491028072,0.1682851711326317,0.4328504998702556,-1
91,49,block_lns_strong,-0.29944810575688147,0.29944810575688147,1,2.544089818594889,34.28133985963436,0.0003637548067039553,827.2318471318569,0.9783154588090288,0.16266019985181232,0.08855229988694191,-1
91,49,hybrid_heuristic,-0.29944810575688147,0.29944810575688147,1,2.544089818594889,34.28133985963436,0.0003637548067039553,827.2318471318569,0.9783154588090288,0.16266019985181232,0.015110300155356526,-1
91,50,autoreg_rl_pure,-9.170874714028116,9.170874714028116,1,2.119238804926305,720.9194810656915,0.010747960297103712,502.23257794477195,0.9908149489325367,0.14406972277438826,0.10416570003144443,254
91,50,random,-100.0,4.568029559262737e+25,0,86.36272800094652,3.5187507210275436e+27,0.2562783824643556,20344.81676204468,0.9993707689618938,5.812325999706665,0.031328000128269196,-1
91,50,latency_greedy,-1041729.5827830832,1041729.5827830832,1,4.523037396763304,80244369.89592262,0.050363196150540655,1068.3644052781306,0.9993707689618938,0.3029873110777971,9.620003402233124e-05,-1
91,50,block_balanced,-258316456.05064076,258316456.05064076,1,7.461991957068969,19898102737.101913,0.06915920983106101,1760.6804870826418,0.6940061513588672,0.5010054393573927,8.439994417130947e-05,-1
91,50,pdp_aware_greedy,-9.170874714028116,9.170874714028116,1,2.119238804926305,720.9194810656915,0.010747960297103712,502.23257794477195,0.9908149489325367,0.14406972277438826,0.0007874998264014721,-1
91,50,local_search,-9.170874714028116,9.170874714028116,1,2.119238804926305,720.9194810656915,0.010747960297103712,502.23257794477195,0.9908149489325367,0.14406972277438826,0.015016899909824133,-1
91,50,beam_search,-9.170874714028116,9.170874714028116,1,2.119238804926305,720.9194810656915,0.010747960297103712,502.23257794477195,0.9908149489325367,0.14406972277438826,0.07672030013054609,-1
91,50,simulated_annealing,-9.170874714028116,9.170874714028116,1,2.119238804926305,720.9194810656915,0.010747960297103712,502.23257794477195,0.9908149489325367,0.14406972277438826,0.008731799898669124,-1
91,50,block_beam_strong,-9.170874714028116,9.170874714028116,1,2.119238804926305,720.9194810656915,0.010747960297103712,502.23257794477195,0.9908149489325367,0.14406972277438826,0.5200242002028972,-1
91,50,block_lns_strong,-9.170874714028116,9.170874714028116,1,2.119238804926305,720.9194810656915,0.010747960297103712,502.23257794477195,0.9908149489325367,0.14406972277438826,0.06268039997667074,-1
91,50,hybrid_heuristic,-9.170874714028116,9.170874714028116,1,2.119238804926305,720.9194810656915,0.010747960297103712,502.23257794477195,0.9908149489325367,0.14406972277438826,0.01514200004749,-1
91,51,autoreg_rl_pure,-0.246582973923669,0.246582973923669,1,2.1998588298628325,32.86075104922151,0.00021946945991381918,512.4208672407741,0.9581381673270485,0.14631551087286626,0.08851280016824603,256
91,51,random,-100.0,112014462.74562207,0,54.50019045147299,8628467672.296038,0.0663106181253409,12626.000251972611,0.942462242525762,3.600107482522337,0.03099840017966926,-1
91,51,latency_greedy,-45495.59950733264,45495.59950733264,1,4.562867225820115,3504519.255713812,0.039688877112023596,1059.7137711662908,0.9581381673270485,0.30087174632819275,6.740004755556583e-05,-1
91,51,block_balanced,-1324686.830144166,1324686.830144166,1,6.824342088025226,102040533.76664679,0.05118240747801706,1583.549529857496,0.7561965995824057,0.4512376476960998,7.619988173246384e-05,-1
91,51,pdp_aware_greedy,-6.673214325612959,6.673214325612959,1,2.5601052515464486,525.1288433458819,0.009667636527069152,595.8595512567108,0.9452457494780071,0.1701491725354424,0.0007896001916378736,-1
91,51,local_search,-1.403507720361517,1.403507720361517,1,2.5948647958210076,118.93587341740589,0.004604756375470404,603.931302901503,0.942462242525762,0.17243593290839776,0.023937500081956387,-1
91,51,beam_search,-0.3321330170874746,0.3321330170874746,1,3.2388770427394946,31.447114563999335,6.956053129290403e-05,753.0572537643535,0.9581381673270485,0.21432525446286227,0.07124339998699725,-1
91,51,simulated_annealing,-1.403507720361517,1.403507720361517,1,2.5948647958210076,118.93587341740589,0.004604756375470404,603.931302901503,0.942462242525762,0.17243593290839776,0.009230799973011017,-1
91,51,block_beam_strong,-0.2499515080710684,0.2499515080710684,1,2.253143429220919,32.709778070792744,0.00020377034442813741,524.7624010973836,0.9581381673270485,0.14989231899143704,0.34913389990106225,-1
91,51,block_lns_strong,-0.2499515080710684,0.2499515080710684,1,2.253143429220919,32.709778070792744,0.00020377034442813741,524.7624010973836,0.9581381673270485,0.14989231899143704,0.07563559990376234,-1
91,51,hybrid_heuristic,-0.2499515080710684,0.2499515080710684,1,2.253143429220919,32.709778070792744,0.00020377034442813741,524.7624010973836,0.9581381673270485,0.14989231899143704,0.016160799888893962,-1
91,52,autoreg_rl_pure,-1.5011697258053003,1.5011697258053003,1,3.948024087067136,116.03539369452908,0.004520585660421262,985.5685245169655,0.9691803916515658,0.24949753485740103,0.23399069998413324,255
91,52,random,-100.0,4.568029559262737e+25,0,92.65664169874734,3.5187507210275436e+27,0.22486964276222862,23061.9639223506,0.8636632646477775,5.871953126212389,0.031567699974402785,-1
91,52,latency_greedy,-107770.47231367062,107770.47231367062,1,4.057742220671879,8301553.261016192,0.042628944186806725,1012.8174957722837,0.9888624455991732,0.2587828258907317,6.729993037879467e-05,-1
91,52,block_balanced,-70865.42286769109,70865.42286769109,1,6.013978709619947,5458744.211430877,0.04119972153426612,1499.720806007314,0.7197193872064813,0.38247536313901914,0.00028060004115104675,-1
91,52,pdp_aware_greedy,-3.478335965416733,3.478335965416733,1,2.828121989087875,276.96300301334844,0.007486560645354288,706.8186893926066,0.9888624455991732,0.17872471114471078,0.0007519000209867954,-1
91,52,local_search,-1.542079382573277,1.542079382573277,1,2.867915429308625,127.50673356391177,0.004841985325025132,716.7451664918746,0.9691803916515658,0.1812394792969862,0.02313499990850687,-1
91,52,beam_search,-1.4465909847033083,1.4465909847033083,1,3.9013161057614716,112.1909875225154,0.004405720483736497,973.9010569348615,0.9888624455991732,0.2465457985110846,0.0809387001208961,-1
91,52,simulated_annealing,-1.542079382573277,1.542079382573277,1,2.867915429308625,127.50673356391177,0.004841985325025132,716.7451664918746,0.9691803916515658,0.1812394792969862,0.007968399906530976,-1
91,52,block_beam_strong,-1.542079382573277,1.542079382573277,1,2.867915429308625,127.50673356391177,0.004841985325025132,716.7451664918746,0.9691803916515658,0.1812394792969862,0.3295247999485582,-1
91,52,block_lns_strong,-1.4465909847033083,1.4465909847033083,1,3.9013161057614716,112.1909875225154,0.004405720483736497,973.9010569348615,0.9888624455991732,0.2465457985110846,0.09594669984653592,-1
91,52,hybrid_heuristic,-1.4465909847033083,1.4465909847033083,1,3.9013161057614716,112.1909875225154,0.004405720483736497,973.9010569348615,0.9888624455991732,0.2465457985110846,0.015732300002127886,-1
91,53,autoreg_rl_pure,-0.39121901392309677,0.39121901392309677,1,2.7664971770351805,39.63724530678188,0.000858663276420142,746.1974457462634,0.9385694047982589,0.17193236879630006,0.1792421001009643,256
91,53,random,-100.0,3537870139928088.0,0,65.28343463761624,2.7252194724814688e+17,0.12518142933537812,17538.695139592615,0.9275172762904422,4.046728218477342,0.028032500064000487,-1
91,53,latency_greedy,-64606.58554827253,64606.58554827253,1,4.410963655413105,4976638.656207309,0.04088449200285277,1187.7554799034294,0.9875118870606426,0.2750655966375823,6.690016016364098e-05,-1
91,53,block_balanced,-6682576.672617579,6682576.672617579,1,7.283419360298375,514758497.6121881,0.056699628243223846,1959.4038618700938,0.7077264499167369,0.45301981074894,7.149996235966682e-05,-1
91,53,pdp_aware_greedy,-0.8156173473120362,0.8156173473120362,1,2.692003742632696,72.90244870581651,0.0029360763002709064,726.1046963937679,0.9875118870606426,0.16756755018412003,0.0005469000898301601,-1
91,53,local_search,-0.8156173473120362,0.8156173473120362,1,2.692003742632696,72.90244870581651,0.0029360763002709064,726.1046963937679,0.9875118870606426,0.16756755018412003,0.015510799828916788,-1
91,53,beam_search,-0.6648651358303577,0.6648651358303577,1,2.6367758044378964,61.715434447621796,0.0023681420525276486,711.2935670694534,0.9693105127630074,0.16416045609546812,0.06833030004054308,-1
91,53,simulated_annealing,-0.8156173473120362,0.8156173473120362,1,2.692003742632696,72.90244870581651,0.0029360763002709064,726.1046963937679,0.9875118870606426,0.16756755018412003,0.013705899938941002,-1
91,53,block_beam_strong,-0.408504556722203,0.408504556722203,1,2.6944981123001632,41.52335815182612,0.00101714693480469,726.8232220728538,0.9693105127630074,0.167825429599377,0.7004052000120282,-1
91,53,block_lns_strong,-0.37491137427594445,0.37491137427594445,1,2.5951855317770165,39.70068138404428,0.0008641150705403545,700.1403871954776,0.9693105127630074,0.16167510552247139,0.12603539996780455,-1
91,53,hybrid_heuristic,-0.37491137427594445,0.37491137427594445,1,2.5951855317770165,39.70068138404428,0.0008641150705403545,700.1403871954776,0.9693105127630074,0.16167510552247139,0.01964640012010932,-1
91,54,autoreg_rl_pure,-33.52973802381489,33.52973802381489,1,4.260828077896097,2580.784765488127,0.015095799925131641,1216.730978995612,0.9799691330118654,0.20493069504634567,0.17563280020840466,246
91,54,random,-100.0,9.107233552124304e+21,0,82.38736591977282,7.015297123706824e+23,0.17550497986983532,23471.54413171668,0.9404130826442152,3.954780133770141,0.0393974999897182,-1
91,54,latency_greedy,-60124.83290829042,60124.83290829042,1,5.609351090726262,4631400.259400291,0.04063938527395037,1600.8162989170985,0.9799691330118654,0.26956252900197575,7.189996540546417e-05,-1
91,54,block_balanced,-38523.7101226789,38523.7101226789,1,5.47671958328598,2967467.9507087218,0.03912177427356536,1563.0822690514335,0.7926808163000624,0.2630398023896154,7.279985584318638e-05,-1
91,54,pdp_aware_greedy,-281.3184512727059,281.3184512727059,1,3.2307373512821496,21675.870848873783,0.022350962991348984,923.2939340249106,0.9799691330118654,0.15483457556699426,0.0007504001259803772,-1
91,54,local_search,-100.0,9.107233552124304e+21,0,82.38736591977282,7.015297123706824e+23,0.17550497986983532,23471.54413171668,0.9404130826442152,3.954780133770141,0.02069019991904497,-1
91,54,beam_search,-1759.832680843104,1759.832680843104,1,5.184236048789371,135550.69491404117,0.02860054458593809,1479.769143742082,0.9799691330118654,0.24969604741015436,0.08351860009133816,-1
91,54,simulated_annealing,-100.0,9.107233552124304e+21,0,82.38736591977282,7.015297123706824e+23,0.17550497986983532,23471.54413171668,0.9404130826442152,3.954780133770141,0.013630499830469489,-1
91,54,block_beam_strong,-95.25849498173933,95.25849498173933,1,3.0748323694394784,7344.8833238692,0.018661529205981173,878.8931604116589,0.9799691330118654,0.1476279015039901,0.31901690014638007,-1
91,54,block_lns_strong,-95.25849498173933,95.25849498173933,1,3.0748323694394784,7344.8833238692,0.018661529205981173,878.8931604116589,0.9799691330118654,0.1476279015039901,0.08537309989333153,-1
91,54,hybrid_heuristic,-95.25849498173933,95.25849498173933,1,3.0748323694394784,7344.8833238692,0.018661529205981173,878.8931604116589,0.9799691330118654,0.1476279015039901,0.016346999909728765,-1
91,55,autoreg_rl_pure,-43.23725917417831,43.23725917417831,1,4.836043697021221,3324.1237165446855,0.01595871409395319,1361.9474442464773,0.984998336954003,0.2664162691832759,1.161612199852243,199
91,55,random,-100.0,7.964353425328018e+19,0,47.02631431386018,6.134937174621568e+21,0.1593478307015798,13216.417691435618,0.9756398568090134,2.586684474285624,0.03233360010199249,-1
91,55,latency_greedy,-3317938.8177032075,3317938.8177032075,1,6.029310267625757,255580633.65375945,0.054312635372620835,1697.1968580182886,0.9756398568090134,0.3320433527605252,7.00000673532486e-05,-1
91,55,block_balanced,-627734.1280524551,627734.1280524551,1,5.924351564871319,48354311.41394202,0.048636358436210496,1667.7278412508658,0.8362627344077258,0.326167940675945,0.00013400008901953697,-1
91,55,pdp_aware_greedy,-3658.077612093995,3658.077612093995,1,5.274431129593313,281771.70544978353,0.031095239829523846,1485.11624343342,0.984998336954003,0.29067445530532904,0.0010889999102801085,-1
91,55,local_search,-100.0,7.964353425328018e+19,0,47.02631431386018,6.134937174621568e+21,0.1593478307015798,13216.417691435618,0.9756398568090134,2.586684474285624,0.03257819986902177,-1
91,55,beam_search,-44.17879870455669,44.17879870455669,1,4.858823123666363,3396.4749863016846,0.01603212132698874,1368.3372416272125,0.9520302746465111,0.2678012742778131,0.08746569999493659,-1
91,55,simulated_annealing,-100.0,7.964353425328018e+19,0,47.02631431386018,6.134937174621568e+21,0.1593478307015798,13216.417691435618,0.9756398568090134,2.586684474285624,0.01909319986589253,-1
91,55,block_beam_strong,-53.396135190859106,53.396135190859106,1,4.819417771978271,4106.789461003408,0.016679542248976734,1357.269272229361,0.9520302746465111,0.26550506304465143,0.42140519991517067,-1
91,55,block_lns_strong,-44.17879870455669,44.17879870455669,1,4.858823123666363,3396.4749863016846,0.01603212132698874,1368.3372416272125,0.9520302746465111,0.2678012742778131,0.10619960003532469,-1
91,55,hybrid_heuristic,-44.17879870455669,44.17879870455669,1,4.858823123666363,3396.4749863016846,0.01603212132698874,1368.3372416272125,0.9520302746465111,0.2678012742778131,0.017390900058671832,-1
91,56,autoreg_rl_pure,-0.5074409112949463,0.5074409112949463,1,2.5133428404157545,50.53985832988699,0.0016870779832693407,647.4181316480413,0.9802742038244717,0.16274790701101066,0.11740870005451143,256
91,56,random,-100.0,60874.16634043354,0,49.54106866764741,4688782.967728841,0.04068136561489266,12705.44114407981,0.9206699660421925,3.1798958542957885,0.039704700000584126,-1
91,56,latency_greedy,-280.07008982324663,280.07008982324663,1,3.0184541308003827,21581.344849843874,0.02233606329947822,776.8324887544682,0.9802742038244717,0.19521648193772922,7.019983604550362e-05,-1
91,56,block_balanced,-395.7023625179993,395.7023625179993,1,4.155823217262931,30479.731469632137,0.023513034239833662,1068.547162661997,0.6905024745316444,0.2676761116164348,7.329997606575489e-05,-1
91,56,pdp_aware_greedy,-1.1411043427972631,1.1411043427972631,1,2.6922461613735846,97.9728271716169,0.003943729778311254,693.3044517600115,0.9411988316311618,0.17231335884745774,0.0007162999827414751,-1
91,56,local_search,-1.1411043427972631,1.1411043427972631,1,2.6922461613735846,97.9728271716169,0.003943729778311254,693.3044517600115,0.9411988316311618,0.17231335884745774,0.015467199962586164,-1
91,56,beam_search,-0.5074409112949463,0.5074409112949463,1,2.5133428404157545,50.53985832988699,0.0016870779832693407,647.4181316480413,0.9802742038244717,0.16274790701101066,0.0743306998629123,-1
91,56,simulated_annealing,-1.1411043427972631,1.1411043427972631,1,2.6922461613735846,97.9728271716169,0.003943729778311254,693.3044517600115,0.9411988316311618,0.17231335884745774,0.008907000068575144,-1
91,56,block_beam_strong,-0.5074409112949463,0.5074409112949463,1,2.5133428404157545,50.53985832988699,0.0016870779832693407,647.4181316480413,0.9802742038244717,0.16274790701101066,0.5170040000230074,-1
91,56,block_lns_strong,-0.5074409112949463,0.5074409112949463,1,2.5133428404157545,50.53985832988699,0.0016870779832693407,647.4181316480413,0.9802742038244717,0.16274790701101066,0.12739489995874465,-1
91,56,hybrid_heuristic,-0.5074409112949463,0.5074409112949463,1,2.5133428404157545,50.53985832988699,0.0016870779832693407,647.4181316480413,0.9802742038244717,0.16274790701101066,0.017243399983271956,-1
91,57,autoreg_rl_pure,-0.2631162438042025,0.2631162438042025,1,1.8186449805389784,37.07079617996075,0.0006304516452226244,419.866555272647,0.9745885856015118,0.08175813211476825,0.0975679000839591,256
91,57,random,-100.0,4.568029559262737e+25,0,114.87145193422383,3.5187507210275436e+27,0.2128889022666855,26329.171653261834,0.7817376270451502,5.115979481981957,0.034305499866604805,-1
91,57,latency_greedy,-310659.9770508134,310659.9770508134,1,3.085892462100824,23930128.422155693,0.04623826102267373,710.2317649335824,0.9533970763317093,0.13793725884160457,6.500002928078175e-05,-1
91,57,block_balanced,-342518658.1796197,342518658.1796197,1,8.442652462275609,26384193846.28907,0.07012108710791992,1937.9494728475315,0.6132172783439894,0.37620418772573283,7.360009476542473e-05,-1
91,57,pdp_aware_greedy,-109.7891332358373,109.7891332358373,1,2.2412319205010705,8470.59882952745,0.01914767343371238,516.6628273918524,0.9533970763317093,0.09953291923645731,0.0005592999514192343,-1
91,57,local_search,-100.0,4.568029559262737e+25,0,114.87145193422383,3.5187507210275436e+27,0.2128889022666855,26329.171653261834,0.7817376270451502,5.115979481981957,0.021456300048157573,-1
91,57,beam_search,-0.71865252327062,0.71865252327062,1,1.8916714874686211,71.59820857897199,0.0028745326273945902,436.5895757699893,0.9771720338064378,0.08522780640566649,0.07041509984992445,-1
91,57,simulated_annealing,-100.0,4.568029559262737e+25,0,114.87145193422383,3.5187507210275436e+27,0.2128889022666855,26329.171653261834,0.7817376270451502,5.115979481981957,0.013159600086510181,-1
91,57,block_beam_strong,-0.2631162438042025,0.2631162438042025,1,1.8186449805389784,37.07079617996075,0.0006304516452226244,419.866555272647,0.9745885856015118,0.08175813211476825,0.7135729000438005,-1
91,57,block_lns_strong,-0.2631162438042025,0.2631162438042025,1,1.8186449805389784,37.07079617996075,0.0006304516452226244,419.866555272647,0.9745885856015118,0.08175813211476825,0.07498369994573295,-1
91,57,hybrid_heuristic,-0.2631162438042025,0.2631162438042025,1,1.8186449805389784,37.07079617996075,0.0006304516452226244,419.866555272647,0.9745885856015118,0.08175813211476825,0.01711250003427267,-1
91,58,autoreg_rl_pure,-1.6341072857846726,1.6341072857846726,1,3.698866370156928,128.19482737213082,0.0048603337673461975,1004.3306421256004,0.9911293780993264,0.20991575058268777,0.11074430006556213,256
91,58,random,-100.0,1.7822318594571924e+22,0,74.58940496646254,1.3728522460602047e+24,0.17779386461071062,20195.942511561945,0.8755562395248886,4.224545570775615,0.057291200151667,-1
91,58,latency_greedy,-75538.92948517465,75538.92948517465,1,5.4701582592758635,5818748.3647208065,0.04141745562354739,1483.7665570416082,0.9911293780993264,0.3099758204069639,0.00019599986262619495,-1
91,58,block_balanced,-159717.2490144519,159717.2490144519,1,6.881467191428073,12302988.934781933,0.04397012644178088,1865.897310175513,0.6994967857614756,0.38919514290795654,0.00011059991084039211,-1
91,58,pdp_aware_greedy,-20.987456770507567,20.987456770507567,1,3.004667047056965,1624.329714502035,0.013517341083399598,816.3747831797202,0.9911293780993264,0.1708899967921201,0.0006216000765562057,-1
91,58,local_search,-11.933349314475713,11.933349314475713,1,3.005449755882508,926.8862732638971,0.011604706695345815,816.5907009576,0.9844323775901767,0.17070402854401978,0.04477229993790388,-1
91,58,beam_search,-1.6341072857846726,1.6341072857846726,1,3.698866370156928,128.19482737213082,0.0048603337673461975,1004.3306421256004,0.9911293780993264,0.20991575058268777,0.11938760010525584,-1
91,58,simulated_annealing,-11.933349314475713,11.933349314475713,1,3.005449755882508,926.8862732638971,0.011604706695345815,816.5907009576,0.9844323775901767,0.17070402854401978,0.012795800110325217,-1
91,58,block_beam_strong,-1.5642434969781294,1.5642434969781294,1,3.674353712444083,123.00204433604891,0.00471936214174572,997.6856825221984,0.9851770325956319,0.2082001902302592,0.5622600000351667,-1
91,58,block_lns_strong,-1.5614751812796703,1.5614751812796703,1,3.650968928229194,122.96893399364325,0.004718444308704062,991.3490404779704,0.9851770325956319,0.20688231420685269,0.10187320015393198,-1
91,58,hybrid_heuristic,-1.5614751812796703,1.5614751812796703,1,3.650968928229194,122.96893399364325,0.004718444308704062,991.3490404779704,0.9851770325956319,0.20688231420685269,0.020866999868303537,-1
91,59,autoreg_rl_pure,-3.0410198980733956,3.0410198980733956,1,2.9958864292995706,241.98428120238555,0.007026279094996515,871.8459672957672,0.954408892059079,0.1585188575432255,0.11114459997043014,256
91,59,random,-100.0,5.258808930023181e+24,0,89.09908968202348,4.050857700065255e+26,0.19718275799512905,25839.721003451574,0.8613491661716617,4.701398582925823,0.03364559984765947,-1
91,59,latency_greedy,-22320.756453108355,22320.756453108355,1,3.7537429205875723,1719368.5701031028,0.037261190753123494,1091.5085887886726,0.9611108588440774,0.19836152631698276,6.900005973875523e-05,-1
91,59,block_balanced,-132121.9219176038,132121.9219176038,1,5.963395132055793,10177329.439530667,0.04332346867892722,1732.3146461426222,0.74762430671757,0.3153611639027273,7.38000962883234e-05,-1
91,59,pdp_aware_greedy,-10.73246097765917,10.73246097765917,1,2.9957806676745182,834.4563899814019,0.011246567736976656,871.7172143611716,0.9611108588440774,0.15914589793963205,0.0009759000968188047,-1
91,59,local_search,-10.73246097765917,10.73246097765917,1,2.9957806676745182,834.4563899814019,0.011246567736976656,871.7172143611716,0.9611108588440774,0.15914589793963205,0.020882300101220608,-1
91,59,beam_search,-6.601313298863817,6.601313298863817,1,2.9818387595657336,516.3417001575314,0.009610106457390915,867.7815889787414,0.9612312514940186,0.15748987540419845,0.07781960000284016,-1
91,59,simulated_annealing,-10.73246097765917,10.73246097765917,1,2.9957806676745182,834.4563899814019,0.011246567736976656,871.7172143611716,0.9611108588440774,0.15914589793963205,0.009441900067031384,-1
91,59,block_beam_strong,-3.0462475133127227,3.0462475133127227,1,3.0481625816928446,241.98428120238555,0.007026279094996515,887.0108148670643,0.954408892059079,0.1612671633880852,0.41229610005393624,-1
91,59,block_lns_strong,-3.0410198980733956,3.0410198980733956,1,2.9958864292995706,241.98428120238555,0.007026279094996515,871.8459672957672,0.954408892059079,0.1585188575432255,0.10882250010035932,-1
91,59,hybrid_heuristic,-3.0410198980733956,3.0410198980733956,1,2.9958864292995706,241.98428120238555,0.007026279094996515,871.8459672957672,0.954408892059079,0.1585188575432255,0.0198919998947531,-1
91,60,autoreg_rl_pure,-0.2281586124104105,0.2281586124104105,1,2.2809837917566327,30.81661832276789,5.133308739142882e-07,646.304090323991,0.9133860849719054,0.11729537390846177,0.11341829993762076,256
91,60,random,-100.0,242.3511993909023,0,44.693666035724895,18354.8368076564,0.02178398878498232,12607.959495449619,0.9133860849719054,2.2846024836070473,0.0328469998203218,-1
91,60,latency_greedy,-3234.3550550887653,3234.3550550887653,1,4.585297580247191,249137.68798731724,0.030675594995126922,1296.175543008741,0.9664752609218612,0.23600158008659597,0.0007354998961091042,-1
91,60,block_balanced,-863212.2604168648,863212.2604168648,1,7.296603844859738,66493168.7578478,0.049722341572167345,2060.894179305242,0.6780631658333567,0.37427684163578606,0.0001425000373274088,-1
91,60,pdp_aware_greedy,-0.23500820582722753,0.23500820582722753,1,2.3494416281410917,30.816911789791618,5.457966767257623e-07,665.6150743348908,0.950455390796733,0.12078806386141869,0.0007325999904423952,-1
91,60,local_search,-0.2331710468379877,0.2331710468379877,1,2.331073346324736,30.816886307699594,5.429776445661294e-07,660.4320767571539,0.9040842211111422,0.11985134399710069,0.022439599968492985,-1
91,60,beam_search,-0.22577336457955757,0.22577336457955757,1,2.2571529061706723,30.816451994141683,4.949300580511075e-07,639.5958292897383,0.9133860849719054,0.11608288682787983,0.07745119999162853,-1
91,60,simulated_annealing,-0.2331710468379877,0.2331710468379877,1,2.331073346324736,30.816886307699594,5.429776445661294e-07,660.4320767571539,0.9040842211111422,0.11985134399710069,0.009352599969133735,-1
91,60,block_beam_strong,-0.22799181602795543,0.22799181602795543,1,2.2792658421378666,30.81700336307281,5.55927223863532e-07,645.8450299275797,0.9133860849719054,0.11720361615135637,0.5128586001228541,-1
91,60,block_lns_strong,-0.22577336457955757,0.22577336457955757,1,2.2571529061706723,30.816451994141683,4.949300580511075e-07,639.5958292897383,0.9133860849719054,0.11608288682787983,0.09443789999932051,-1
91,60,hybrid_heuristic,-0.22577336457955757,0.22577336457955757,1,2.2571529061706723,30.816451994141683,4.949300580511075e-07,639.5958292897383,0.9133860849719054,0.11608288682787983,0.01837929990142584,-1
91,61,autoreg_rl_pure,-0.4411944137553011,0.4411944137553011,1,2.667450714187887,44.2498020495874,0.0012339549679826825,606.7551796231096,0.9991474452540052,0.10577686792488583,0.11363049992360175,256
91,61,random,-100.0,3.8181722952160666e+17,0,117.33449990819096,2.9411360724573143e+19,0.1411413683618054,26560.20274126523,0.9931024913896273,4.676440054060421,0.03611420001834631,-1
91,61,latency_greedy,-57042.68326252599,57042.68326252599,1,5.698014466312526,4393981.754417358,0.04045998088634191,1292.648995890167,0.9991474452540052,0.22653925504447875,7.189996540546417e-05,-1
91,61,block_balanced,-5791229.200647478,5791229.200647478,1,7.943860139502182,446098044.53535366,0.05621156867467627,1801.0379014787918,0.7448268685422205,0.317050854762641,8.379993960261345e-05,-1
91,61,pdp_aware_greedy,-11.964565047785895,11.964565047785895,1,3.159896146322427,928.1011198098881,0.01160917213685334,718.2480343114066,0.9991474452540052,0.12530462720382993,0.0005248000379651785,-1
91,61,local_search,-11.845233617062345,11.845233617062345,1,3.0874624027887068,919.4669828356344,0.011577307753233861,701.8499667410416,0.9931024913896273,0.12243229127562738,0.025155100040137768,-1
91,61,beam_search,-0.4849611227522016,0.4849611227522016,1,2.7126807530568486,47.27274255074097,0.001459245738431812,617.0228674952223,0.9931024913896273,0.10757045002266648,0.08328100014477968,-1
91,61,simulated_annealing,-11.845233617062345,11.845233617062345,1,3.0874624027887068,919.4669828356344,0.011577307753233861,701.8499667410416,0.9931024913896273,0.12243229127562738,0.009331899927929044,-1
91,61,block_beam_strong,-0.4671678794762724,0.4671678794762724,1,2.7123287484538636,45.90484146448742,0.0013591401475436591,616.9281222699948,0.9991474452540052,0.10755649139760141,0.47856099996715784,-1
91,61,block_lns_strong,-0.43948245614034204,0.43948245614034204,1,2.6501437722805874,44.25124532701476,0.0012340661629908236,602.8513281729759,0.9991474452540052,0.10509056691899472,0.09512019995599985,-1
91,61,hybrid_heuristic,-0.43948245614034204,0.43948245614034204,1,2.6501437722805874,44.25124532701476,0.0012340661629908236,602.8513281729759,0.9991474452540052,0.10509056691899472,0.01909770001657307,-1
91,62,autoreg_rl_pure,-0.27076952578285435,0.27076952578285435,1,2.491837218553645,32.47473187945517,0.00017918396510563687,678.3838366585651,0.9143276322779104,0.16340936998965444,0.11999639985151589,256
91,62,random,-100.0,116805.69324301132,0,61.72048064377196,8997091.669148745,0.04290324501182314,16729.834411235046,0.9143276322779104,4.064659857585568,0.03438229998573661,-1
91,62,latency_greedy,-19.701155333407478,19.701155333407478,1,2.707946294764266,1527.5316221126986,0.01330787188318279,736.8938787710931,0.9955370953275624,0.17913733361919143,6.900005973875523e-05,-1
91,62,block_balanced,-472.86656904190585,472.86656904190585,1,4.533726670144247,36420.775173880524,0.0241201378064689,1231.7250606985874,0.7727591746356457,0.29900208938913686,7.229996845126152e-05,-1
91,62,pdp_aware_greedy,-1.7169345750815364,1.7169345750815364,1,2.585317702135718,143.15266844823506,0.0052365759231723305,703.6651602716684,0.9955370953275624,0.17085320995276457,0.00058710016310215,-1
91,62,local_search,-1.2965355826394025,1.2965355826394025,1,3.645792695306673,102.60052340565383,0.004101074644401411,991.0624548788581,0.9955370953275624,0.24053980994887283,0.02748809987679124,-1
91,62,beam_search,-0.2761257665489084,0.2761257665489084,1,2.4475123530583636,33.22875701989682,0.00025743684754470704,666.3714153479553,0.9143276322779104,0.1605026398503301,0.07541840011253953,-1
91,62,simulated_annealing,-1.2965355826394025,1.2965355826394025,1,3.645792695306673,102.60052340565383,0.004101074644401411,991.0624548788581,0.9955370953275624,0.24053980994887283,0.009856299962848425,-1
91,62,block_beam_strong,-0.2713255988084872,0.2713255988084872,1,2.4146199236941848,33.1123705632303,0.0002454748440430227,657.4584552135218,0.9392921077415243,0.1583456244884079,0.3916122999507934,-1
91,62,block_lns_strong,-0.2713255988084872,0.2713255988084872,1,2.4146199236941848,33.1123705632303,0.0002454748440430227,657.4584552135218,0.9392921077415243,0.1583456244884079,0.1008583998773247,-1
91,62,hybrid_heuristic,-0.2713255988084872,0.2713255988084872,1,2.4146199236941848,33.1123705632303,0.0002454748440430227,657.4584552135218,0.9392921077415243,0.1583456244884079,0.019232699880376458,-1
91,63,autoreg_rl_pure,-0.49471644659221736,0.49471644659221736,1,2.496912368654971,49.68625733177518,0.001629005767395223,677.1955654626352,0.9201325788326091,0.1288540620938996,0.3894340000115335,250
91,63,random,-100.0,146066870485.33215,0,47.42918404801231,11251523203938.527,0.09076554302868821,12810.62562735998,0.9335212516200176,2.4362350292408355,0.03718880005180836,-1
91,63,latency_greedy,-3277.4471689067113,3277.4471689067113,1,4.103318581391665,252460.7838866129,0.030720767784199375,1110.9544871055373,0.9672700923685958,0.2113379462588521,6.79998192936182e-05,-1
91,63,block_balanced,-6279.389913799281,6279.389913799281,1,5.598857357222499,483688.7524938106,0.03293738805571731,1514.8456091250139,0.7779343763500147,0.28793827178742143,7.289997301995754e-05,-1
91,63,pdp_aware_greedy,-10.963147415293761,10.963147415293761,1,2.51857890601835,855.9020365197845,0.011333077978793368,683.044464092058,0.9672700923685958,0.1294002057478351,0.0005391999147832394,-1
91,63,local_search,-10.955091660813341,10.955091660813341,1,2.438021361212469,855.9020365197974,0.01133307797879342,661.2759149884586,0.9672700923685958,0.12546749333649382,0.026686300057917833,-1
91,63,beam_search,-0.49471644659221736,0.49471644659221736,1,2.496912368654971,49.68625733177518,0.001629005767395223,677.1955654626352,0.9201325788326091,0.1288540620938996,0.07370719988830388,-1
91,63,simulated_annealing,-10.955091660813341,10.955091660813341,1,2.438021361212469,855.9020365197974,0.01133307797879342,661.2759149884586,0.9672700923685958,0.12546749333649382,0.010443199891597033,-1
91,63,block_beam_strong,-0.49621295317543423,0.49621295317543423,1,2.4090646128773257,50.478223945556906,0.0016829178439173227,653.4665147951349,0.9672700923685958,0.12434547810588986,0.252165200188756,-1
91,63,block_lns_strong,-0.49471644659221736,0.49471644659221736,1,2.496912368654971,49.68625733177518,0.001629005767395223,677.1955654626352,0.9201325788326091,0.1288540620938996,0.08496350003406405,-1
91,63,hybrid_heuristic,-0.49471644659221736,0.49471644659221736,1,2.496912368654971,49.68625733177518,0.001629005767395223,677.1955654626352,0.9201325788326091,0.1288540620938996,0.018082000082358718,-1
92,0,autoreg_rl_pure,-0.31287253769812345,0.31287253769812345,1,1.7657514111560253,41.310959713109,0.0009996635364232385,497.30397587549817,0.9773151579960904,0.1265396673644775,0.10373950004577637,256
92,0,random,-100.0,2.432963064511667e+18,0,69.32615570493014,1.8741101445205013e+20,0.14745496512509892,19416.781722281215,0.9773151579960904,4.974185310584484,0.032540899934247136,-1
92,0,latency_greedy,-23439501.411743246,23439501.411743246,1,4.021458185266841,1805543537.2195506,0.060977912295466646,1128.9562568634626,0.9769942909125926,0.29061411628644185,0.00010939990170300007,-1
92,0,block_balanced,-18693309.971344396,18693309.971344396,1,7.598486156069374,1439944637.4085648,0.06020655440385345,2130.7377361134936,0.6515434386640603,0.5475471137565076,8.120015263557434e-05,-1
92,0,pdp_aware_greedy,-1.698161336538782,1.698161336538782,1,1.9838397821274951,146.3397480834261,0.005311644321970539,558.4227348815538,0.9773151579960904,0.14216861136216238,0.0006697999779134989,-1
92,0,local_search,-1.6892137547174249,1.6892137547174249,1,2.065260528728025,145.0233327606719,0.005280837617297666,581.223088124842,0.9661913523746588,0.14800349509851637,0.024833699921146035,-1
92,0,beam_search,-0.31287253769812345,0.31287253769812345,1,1.7657514111560253,41.310959713109,0.0009996635364232385,497.30397587549817,0.9773151579960904,0.1265396673644775,0.08419209998100996,-1
92,0,simulated_annealing,-1.6892137547174249,1.6892137547174249,1,2.065260528728025,145.0233327606719,0.005280837617297666,581.223088124842,0.9661913523746588,0.14800349509851637,0.009989300044253469,-1
92,0,block_beam_strong,-0.31287253769812345,0.31287253769812345,1,1.7657514111560253,41.310959713109,0.0009996635364232385,497.30397587549817,0.9773151579960904,0.1265396673644775,0.7056298998650163,-1
92,0,block_lns_strong,-0.31287253769812345,0.31287253769812345,1,1.7657514111560253,41.310959713109,0.0009996635364232385,497.30397587549817,0.9773151579960904,0.1265396673644775,0.07397369993850589,-1
92,0,hybrid_heuristic,-0.31287253769812345,0.31287253769812345,1,1.7657514111560253,41.310959713109,0.0009996635364232385,497.30397587549817,0.9773151579960904,0.1265396673644775,0.01838390016928315,-1
92,1,autoreg_rl_pure,-1.7541889203801166,1.7541889203801166,1,2.4981985409750083,146.6934471012053,0.005319874346433336,659.8912461460909,0.9302200409400274,0.15388821535036723,0.12605469999834895,256
92,1,random,-100.0,1.3383259219917332e+22,0,74.62053634417163,1.0309117403649891e+24,0.17681730663708328,19630.648800110455,0.9552937733030505,4.576487144778875,0.033826100174337626,-1
92,1,latency_greedy,-9652313.122803718,9652313.122803718,1,4.628169808601694,743517157.6449602,0.05795317464868832,1220.1413703411317,0.9302200409400274,0.28296721216178133,7.479987107217312e-05,-1
92,1,block_balanced,-243242243.55022264,243242243.55022264,1,7.854993676951785,18736936953.148075,0.06895422224337243,2068.982223959809,0.6644428863857339,0.48154056053243166,0.00019899988546967506,-1
92,1,pdp_aware_greedy,-2.079635047873598,2.079635047873598,1,2.6587318198607486,170.52595787125833,0.005833105551700456,702.1324757008836,0.9552937733030505,0.16425774797864595,0.0020363000221550465,-1
92,1,local_search,-2.079635047873598,2.079635047873598,1,2.6587318198607486,170.52595787125833,0.005833105551700456,702.1324757008836,0.9552937733030505,0.16425774797864595,0.01892129983752966,-1
92,1,beam_search,-2.940666361408331,2.940666361408331,1,4.299783918831929,224.21013827909192,0.006766193654335593,1133.857194526754,0.9552937733030505,0.2645236024094245,0.08812139998190105,-1
92,1,simulated_annealing,-2.079635047873598,2.079635047873598,1,2.6587318198607486,170.52595787125833,0.005833105551700456,702.1324757008836,0.9552937733030505,0.16425774797864595,0.011882900027558208,-1
92,1,block_beam_strong,-1.8114978502666115,1.8114978502666115,1,2.694832224426012,149.59328268892963,0.00538661015465421,711.6322619762287,0.9123752935497067,0.16622969345588703,0.5887941000983119,-1
92,1,block_lns_strong,-1.7541889203801166,1.7541889203801166,1,2.4981985409750083,146.6934471012053,0.005319874346433336,659.8912461460909,0.9302200409400274,0.15388821535036723,0.12676750007085502,-1
92,1,hybrid_heuristic,-1.7541889203801166,1.7541889203801166,1,2.4981985409750083,146.6934471012053,0.005319874346433336,659.8912461460909,0.9302200409400274,0.15388821535036723,0.02038499992340803,-1
92,2,autoreg_rl_pure,-0.19266704517460087,0.19266704517460087,1,1.916055551514521,30.89374507951091,9.03512569403405e-06,497.57213656549095,0.9506927283104913,0.10115208908543771,0.14046499994583428,256
92,2,random,-100.0,165922012668.947,0,52.925310023194065,12780963742060.639,0.09120005836573765,13671.537266085912,0.9506927283104913,2.7884093862109123,0.0411954999435693,-1
92,2,latency_greedy,-85961.7384309897,85961.7384309897,1,3.6253677433997566,6621630.989563852,0.041858118418414206,939.0254391490012,0.9866331988250082,0.19179127204771054,0.00016779988072812557,-1
92,2,block_balanced,-13048.491965260511,13048.491965260511,1,5.333538227521062,1005114.3644445441,0.03543093609166589,1380.2002548760468,0.7206508141048067,0.28137070254927793,0.00020619994029402733,-1
92,2,pdp_aware_greedy,-0.27246676076511017,0.27246676076511017,1,2.1002084544234836,35.62218407012322,0.0004945574150782169,545.1348911857306,0.9866331988250082,0.11128611021316087,0.0005640001036226749,-1
92,2,local_search,-0.2660689641633365,0.2660689641633365,1,2.067292317758305,35.382914965112455,0.00047158098174174094,536.635943909704,0.9608677521397423,0.10935392591645164,0.02540779998525977,-1
92,2,beam_search,-0.19163589080482127,0.19163589080482127,1,1.9057198348380893,30.893931283835773,9.055673799341663e-06,494.9013924447021,0.9866331988250082,0.10070445680376615,0.09959819982759655,-1
92,2,simulated_annealing,-0.2660689641633365,0.2660689641633365,1,2.067292317758305,35.382914965112455,0.00047158098174174094,536.635943909704,0.9608677521397423,0.10935392591645164,0.010466399835422635,-1
92,2,block_beam_strong,-0.2122253241516615,0.2122253241516615,1,2.1180138241373303,30.8446347692731,3.6113537181838293e-06,549.7519836858073,0.9506927283104913,0.11164065739856507,0.44721740018576384,-1
92,2,block_lns_strong,-0.19163589080482127,0.19163589080482127,1,1.9057198348380893,30.893931283835773,9.055673799341663e-06,494.9013924447021,0.9866331988250082,0.10070445680376615,0.09284109994769096,-1
92,2,hybrid_heuristic,-0.19163589080482127,0.19163589080482127,1,1.9057198348380893,30.893931283835773,9.055673799341663e-06,494.9013924447021,0.9866331988250082,0.10070445680376615,0.016925500007346272,-1
92,3,autoreg_rl_pure,-5.51151623156383,5.51151623156383,1,2.6126661300036065,435.2384252634884,0.009027558301595007,748.1656917887233,0.9807294802649407,0.16147806075126622,0.13959809998050332,256
92,3,random,-100.0,4.37456868926489e+22,0,83.5809773773868,3.3697279165635964e+24,0.18085513667735698,23848.156009898892,0.9807294802649407,5.152853044905516,0.04432659992016852,-1
92,3,latency_greedy,-15780.154165744105,15780.154165744105,1,2.4744786413641298,1215556.180650849,0.036079028485936415,708.6610423950348,0.9945704500432502,0.15220624272186598,7.400009781122208e-05,-1
92,3,block_balanced,-64653723.82303215,64653723.82303215,1,7.046710897221556,4980272857.1674595,0.0644369762471814,2013.1768530654574,0.6314914654622004,0.4339867143839381,7.839989848434925e-05,-1
92,3,pdp_aware_greedy,-52.809581778779325,52.809581778779325,1,2.759549059553974,4077.474440761146,0.016655119400616817,790.1134252087497,0.9807294802649407,0.17123690814829787,0.0015896998811513186,-1
92,3,local_search,-4.593549695994917,4.593549695994917,1,2.8285678587501373,362.86442237249906,0.008407543115416445,809.795740237734,0.9604440955427673,0.17549550826509897,0.031437600031495094,-1
92,3,beam_search,-9.493381306689685,9.493381306689685,1,2.7787927877433023,740.6816058175798,0.010840156944404575,795.5993414996752,0.9604440955427673,0.17242489782687748,0.09459770005196333,-1
92,3,simulated_annealing,-4.593549695994917,4.593549695994917,1,2.8285678587501373,362.86442237249906,0.008407543115416445,809.795740237734,0.9604440955427673,0.17549550826509897,0.007662300020456314,-1
92,3,block_beam_strong,-4.1946003403770415,4.1946003403770415,1,2.7949836379120723,332.3920739661191,0.00810850739203548,800.2136806359172,0.8232377961795149,0.17327784824464104,0.6313162001315504,-1
92,3,block_lns_strong,-4.065877666432441,4.065877666432441,1,2.616072671056371,323.8547235104497,0.008019799083830612,749.1556134181915,0.8826565322384465,0.16195302109083046,0.06831319979391992,-1
92,3,hybrid_heuristic,-4.065877666432441,4.065877666432441,1,2.616072671056371,323.8547235104497,0.008019799083830612,749.1556134181915,0.8826565322384465,0.16195302109083046,0.01503230002708733,-1
92,4,autoreg_rl_pure,-0.2772162887525672,0.2772162887525672,1,2.1517429699824513,35.59106985929668,0.0004915783371118259,592.8854028249949,0.9749524109540191,0.15986647990504946,0.12147630006074905,256
92,4,random,-100.0,3.96992672004041e+16,0,69.70159190623818,3.0580324245588444e+18,0.13342424651435972,19118.201325472306,0.86520302291424,5.152125340582254,0.030006900196895003,-1
92,4,latency_greedy,-709036.1556336349,709036.1556336349,1,5.950204157212404,54617002.041573755,0.04905156569713675,1634.520102049276,0.9749524109540191,0.4402486757344399,7.010018453001976e-05,-1
92,4,block_balanced,-19210286.443322517,19210286.443322517,1,9.313543876711204,1479767294.1239216,0.060299558278048795,2556.9660153221193,0.7376429873777967,0.6879701964487516,7.149996235966682e-05,-1
92,4,pdp_aware_greedy,-272.9473153131054,272.9473153131054,1,2.8212323623570583,21034.197109334975,0.02224851568001838,776.498278492832,0.9613366921269334,0.2082941103856782,0.000548599986359477,-1
92,4,local_search,-100.0,3.96992672004041e+16,0,69.70159190623818,3.0580324245588444e+18,0.13342424651435972,19118.201325472306,0.86520302291424,5.152125340582254,0.017613600008189678,-1
92,4,beam_search,-0.2772162887525672,0.2772162887525672,1,2.1517429699824513,35.59106985929668,0.0004915783371118259,592.8854028249949,0.9749524109540191,0.15986647990504946,0.06864479999057949,-1
92,4,simulated_annealing,-100.0,3.96992672004041e+16,0,69.70159190623818,3.0580324245588444e+18,0.13342424651435972,19118.201325472306,0.86520302291424,5.152125340582254,0.012551800115033984,-1
92,4,block_beam_strong,-0.2772162887525672,0.2772162887525672,1,2.1517429699824513,35.59106985929668,0.0004915783371118259,592.8854028249949,0.9749524109540191,0.15986647990504946,0.41326739988289773,-1
92,4,block_lns_strong,-0.2772162887525672,0.2772162887525672,1,2.1517429699824513,35.59106985929668,0.0004915783371118259,592.8854028249949,0.9749524109540191,0.15986647990504946,0.09083359991200268,-1
92,4,hybrid_heuristic,-0.2772162887525672,0.2772162887525672,1,2.1517429699824513,35.59106985929668,0.0004915783371118259,592.8854028249949,0.9749524109540191,0.15986647990504946,0.01818039990030229,-1
92,5,autoreg_rl_pure,-1.5505732936714731,1.5505732936714731,1,2.5810302667073985,130.37089395033786,0.004917718368242763,686.2723467188738,0.9899127479756816,0.13421971303216346,0.21888059983029962,249
92,5,random,-100.0,4.568029559262737e+25,0,106.45528085230248,3.5187507210275436e+27,0.23789677179892407,28192.35717330892,0.8661736544787214,5.491887439735319,0.03126449999399483,-1
92,5,latency_greedy,-3159349.263483611,3159349.263483611,1,6.937318737196666,243364481.79826987,0.05414566003386809,1839.8009746835055,0.9899127479756816,0.36088002606925634,7.38000962883234e-05,-1
92,5,block_balanced,-898189561.0320219,898189561.0320219,1,10.26401367727058,69187493694.91345,0.07340775408049233,2720.7659193151153,0.7424345609817612,0.532278178566087,7.319985888898373e-05,-1
92,5,pdp_aware_greedy,-8.37625622495079,8.37625622495079,1,2.6283658348720094,655.7882586610261,0.010425143829007512,698.7976823285906,0.9899127479756816,0.13669194444089644,0.0005292000714689493,-1
92,5,local_search,-1.5577609728852764,1.5577609728852764,1,2.7026720652235983,129.9875543729482,0.004907679235864495,718.4710814767091,0.9899127479756816,0.14052425194561333,0.022949500009417534,-1
92,5,beam_search,-2.581101618358971,2.581101618358971,1,2.531955938547604,210.13045485127697,0.006545088665419225,673.2788935800454,0.9899127479756816,0.13168898083784678,0.07950229989364743,-1
92,5,simulated_annealing,-1.5505732936714731,1.5505732936714731,1,2.5810302667073985,130.37089395033786,0.004917718368242763,686.2723467188738,0.9899127479756816,0.13421971303216346,0.008674499811604619,-1
92,5,block_beam_strong,-1.5577609728852764,1.5577609728852764,1,2.7026720652235983,129.9875543729482,0.004907679235864495,718.4710814767091,0.9899127479756816,0.14052425194561333,0.4520978999789804,-1
92,5,block_lns_strong,-1.5488106810168079,1.5488106810168079,1,2.5984396508403753,130.10101559936368,0.00491065370944832,690.8938634760923,0.9832733011917508,0.13498070331081152,0.08469630009494722,-1
92,5,hybrid_heuristic,-1.5488106810168079,1.5488106810168079,1,2.5984396508403753,130.10101559936368,0.00491065370944832,690.8938634760923,0.9832733011917508,0.13498070331081152,0.01552000013180077,-1
92,6,autoreg_rl_pure,-0.3281875578549986,0.3281875578549986,1,2.195199173294314,39.18264108500204,0.0008193366803241543,688.2593181118021,0.985183505186877,0.1478536003070202,0.689297900069505,242
92,6,random,-100.0,4.915632847351566e+22,0,92.84110756183007,3.7865093475263436e+24,0.1812526935523352,28993.87508128451,0.9780401426857601,6.273104228865513,0.03117999993264675,-1
92,6,latency_greedy,-100.0,394961237.2276559,0,37.49512493574102,30423842675.636032,0.07060676838118589,11711.180551027272,0.9689427209305748,2.5307962413524283,0.00018449989147484303,-1
92,6,block_balanced,-100.0,404137403305.1044,0,45.93992884636371,31130682514427.348,0.09423506435497997,14348.23056020862,0.8150334522381334,3.1004111728721746,9.8800053820014e-05,-1
92,6,pdp_aware_greedy,-35.81327287190316,35.81327287190316,1,2.4647766818495924,2770.5203067153407,0.015337654857409237,772.434672398899,0.985183505186877,0.167605172086178,0.0008108001202344894,-1
92,6,local_search,-34.136499963951906,34.136499963951906,1,3.621163112138613,2632.45094101694,0.015163376636858898,1133.5249266016149,0.9388407608353787,0.24571685701865556,0.02360620000399649,-1
92,6,beam_search,-3.393274575831042,3.393274575831042,1,2.6673589396378152,271.64908564109015,0.0074205145893292196,835.6987535876599,0.985183505186877,0.17965505241363885,0.07140449993312359,-1
92,6,simulated_annealing,-34.136499963951906,34.136499963951906,1,3.621163112138613,2632.45094101694,0.015163376636858898,1133.5249266016149,0.9388407608353787,0.24571685701865556,0.007781200110912323,-1
92,6,block_beam_strong,-0.42038570359133653,0.42038570359133653,1,3.117180254234385,39.182643984588765,0.0008193369326119651,976.1626503799097,0.985183505186877,0.20995193921418012,0.3198654998559505,-1
92,6,block_lns_strong,-0.42038570359133653,0.42038570359133653,1,3.117180254234385,39.182643984588765,0.0008193369326119651,976.1626503799097,0.985183505186877,0.20995193921418012,0.10394229996018112,-1
92,6,hybrid_heuristic,-0.42038570359133653,0.42038570359133653,1,3.117180254234385,39.182643984588765,0.0008193369326119651,976.1626503799097,0.985183505186877,0.20995193921418012,0.019361000042408705,-1
92,7,autoreg_rl_pure,-0.19360433344988168,0.19360433344988168,1,1.930854473668128,30.85194832709023,4.4196144330721614e-06,509.19909635783364,0.9899815535600383,0.11379312239084748,0.10925070010125637,256
92,7,random,-100.0,1205418322667.791,0,51.63556216347533,92853308784081.34,0.09796074227792685,13547.218669648682,0.8904353629820466,3.0330647564800914,0.0312697000335902,-1
92,7,latency_greedy,-0.3198223682775696,0.3198223682775696,1,2.203810236247007,38.471940008459306,0.0007569321814434119,580.779112668176,0.998071357954174,0.12943985556130957,6.640003994107246e-05,-1
92,7,block_balanced,-81.2601837476068,81.2601837476068,1,4.012982711795087,6259.367592757458,0.018116311921434515,1055.4229938257558,0.7420294691517055,0.23670181167013285,7.309997454285622e-05,-1
92,7,pdp_aware_greedy,-2.4338507047411566,2.4338507047411566,1,2.346887135900462,200.21330886279233,0.006380269645384574,618.3251402100275,0.998071357954174,0.1388577231542682,0.0007495000027120113,-1
92,7,local_search,-0.3198223682775696,0.3198223682775696,1,2.203810236247007,38.471940008459306,0.0007569321814434119,580.779112668176,0.998071357954174,0.12943985556130957,0.015382299898192286,-1
92,7,beam_search,-0.19360433344988168,0.19360433344988168,1,1.930854473668128,30.85194832709023,4.4196144330721614e-06,509.19909635783364,0.9899815535600383,0.11379312239084748,0.07045430014841259,-1
92,7,simulated_annealing,-0.3198223682775696,0.3198223682775696,1,2.203810236247007,38.471940008459306,0.0007569321814434119,580.779112668176,0.998071357954174,0.12943985556130957,0.008722899947315454,-1
92,7,block_beam_strong,-0.19360433344988168,0.19360433344988168,1,1.930854473668128,30.85194832709023,4.4196144330721614e-06,509.19909635783364,0.9899815535600383,0.11379312239084748,0.36569390003569424,-1
92,7,block_lns_strong,-0.19360433344988168,0.19360433344988168,1,1.930854473668128,30.85194832709023,4.4196144330721614e-06,509.19909635783364,0.9899815535600383,0.11379312239084748,0.09096199995838106,-1
92,7,hybrid_heuristic,-0.19360433344988168,0.19360433344988168,1,1.930854473668128,30.85194832709023,4.4196144330721614e-06,509.19909635783364,0.9899815535600383,0.11379312239084748,0.017829300137236714,-1
92,8,autoreg_rl_pure,-0.7847773869097736,0.7847773869097736,1,2.5617360394600794,71.53029962835926,0.0028712975491488966,705.3910562838812,0.9971372735730037,0.14638230986592568,0.2037740999367088,254
92,8,random,-100.0,4.568029559262737e+25,0,108.06296583471685,3.5187507210275436e+27,0.27465488003999555,29639.059896866354,0.9505249724894878,6.145598246104988,0.033621500013396144,-1
92,8,latency_greedy,-699297826.2410737,699297826.2410737,1,6.418312629983667,53866874054.225,0.07255441351566398,1762.9956907534965,0.9858672459742956,0.36418575679956056,7.619988173246384e-05,-1
92,8,block_balanced,-443073837.85177,443073837.85177,1,8.118426961589424,34129953949.155537,0.0709986531473876,2229.3011958224006,0.7387932667664711,0.4616176172522164,7.349997758865356e-05,-1
92,8,pdp_aware_greedy,-9.098594623924509,9.098594623924509,1,2.972014926974009,708.782819702,0.010690077710161042,817.9170430235032,0.9850576890219614,0.16915476434812013,0.0005118998233228922,-1
92,8,local_search,-7.1171813452490555,7.1171813452490555,1,2.7758780633144493,557.6655022592311,0.009872583553247874,764.1309034650644,0.9971372735730037,0.15814820007851427,0.023378399899229407,-1
92,8,beam_search,-1.0202644597316035,1.0202644597316035,1,2.636918356619816,89.09072723957007,0.0036197357179390665,726.0172348059745,0.9971372735730037,0.15065154953044116,0.06908940011635423,-1
92,8,simulated_annealing,-7.1171813452490555,7.1171813452490555,1,2.7758780633144493,557.6655022592311,0.009872583553247874,764.1309034650644,0.9971372735730037,0.15814820007851427,0.008192599983885884,-1
92,8,block_beam_strong,-0.7949636454658645,0.7949636454658645,1,2.663495610004004,71.53109315248294,0.002871335369152625,733.3057798801507,0.9850576890219614,0.1520854370170349,0.48877099994570017,-1
92,8,block_lns_strong,-0.7847773869097736,0.7847773869097736,1,2.5617360394600794,71.53029962835926,0.0028712975491488966,705.3910562838812,0.9971372735730037,0.14638230986592568,0.10214229999110103,-1
92,8,hybrid_heuristic,-0.7847773869097736,0.7847773869097736,1,2.5617360394600794,71.53029962835926,0.0028712975491488966,705.3910562838812,0.9971372735730037,0.14638230986592568,0.017169500002637506,-1
92,9,autoreg_rl_pure,-5.160848590983455,5.160848590983455,1,3.043772767990296,404.90570358376283,0.008781277660816152,845.5871195354931,0.9602008119429885,0.16389654558902458,0.13495069998316467,256
92,9,random,-100.0,4.568029559262737e+25,0,132.3256252772673,3.5187507210275436e+27,0.2945307560448023,36644.3081080864,0.9163822460055621,7.101814564255724,0.0311725998762995,-1
92,9,latency_greedy,-100.0,730950577136.5966,0,29.566848969041043,56305083777544.96,0.09625533186325641,8189.920125241799,0.9921697667329339,1.600115549930556,6.949994713068008e-05,-1
92,9,block_balanced,-100.0,494559954749835.44,0,42.96104153421641,3.809592680587177e+16,0.11847342552006472,11898.899484559024,0.6967696893156085,2.3218637765785486,7.940013892948627e-05,-1
92,9,pdp_aware_greedy,-232.1124335151338,232.1124335151338,1,3.2163679624304464,17885.644625785233,0.021695708249855148,893.4443409231674,0.9921697667329339,0.17388831382601241,0.0005028999876230955,-1
92,9,local_search,-100.0,4.568029559262737e+25,0,132.3256252772673,3.5187507210275436e+27,0.2945307560448023,36644.3081080864,0.9163822460055621,7.101814564255724,0.02094529988244176,-1
92,9,beam_search,-5.160848590983455,5.160848590983455,1,3.043772767990296,404.90570358376283,0.008781277660816152,845.5871195354931,0.9602008119429885,0.16389654558902458,0.08165520010516047,-1
92,9,simulated_annealing,-100.0,4.568029559262737e+25,0,132.3256252772673,3.5187507210275436e+27,0.2945307560448023,36644.3081080864,0.9163822460055621,7.101814564255724,0.012794899987056851,-1
92,9,block_beam_strong,-6.018511969475334,6.018511969475334,1,2.8838208779069747,472.2035762100385,0.009305464275499914,801.2833253639521,0.8678586620438228,0.15511062666484884,0.5826570000499487,-1
92,9,block_lns_strong,-5.160848590983455,5.160848590983455,1,3.043772767990296,404.90570358376283,0.008781277660816152,845.5871195354931,0.9602008119429885,0.16389654558902458,0.08060209988616407,-1
92,9,hybrid_heuristic,-5.160848590983455,5.160848590983455,1,3.043772767990296,404.90570358376283,0.008781277660816152,845.5871195354931,0.9602008119429885,0.16389654558902458,0.017313600052148104,-1
92,10,autoreg_rl_pure,-0.38562232067117824,0.38562232067117824,1,3.23263336205935,35.61548779082807,0.0004939164893213506,887.5940500799356,0.9783461078018799,0.21681301917877363,0.6390257999300957,236
92,10,random,-100.0,520654543.94582504,0,37.519379898192675,40105991354.764595,0.07154873043939171,10272.160522218303,0.9783461078018799,2.5010733764398503,0.03559630014933646,-1
92,10,latency_greedy,-14385281053.218878,14385281053.218878,1,8.845451004462822,1108097428438.3218,0.08286347253615353,2423.8468535164043,0.9783461078018799,0.5886653278597538,7.24999699741602e-05,-1
92,10,block_balanced,-3467782296.910842,3467782296.910842,1,9.258999587403652,267123084416.7406,0.07801322121782545,2537.0645443393364,0.8554644388843932,0.6168220901844332,7.41998665034771e-05,-1
92,10,pdp_aware_greedy,-2.689627761418309,2.689627761418309,1,3.331518133612154,212.3311945312022,0.0065806083576623025,914.6819028400455,0.9783461078018799,0.2236797881704543,0.0005928999744355679,-1
92,10,local_search,-1.694182594392396,1.694182594392396,1,3.3033747992612135,135.8688946249031,0.005058542621435497,906.9606340771444,0.9248244703716871,0.22160230529399058,0.025083599844947457,-1
92,10,beam_search,-0.39116958045099315,0.39116958045099315,1,3.2563128938187,35.8603896081135,0.0005172789236779882,894.0976194793337,0.9783461078018799,0.21838508560999134,0.0665482000913471,-1
92,10,simulated_annealing,-1.694182594392396,1.694182594392396,1,3.3033747992612135,135.8688946249031,0.005058542621435497,906.9606340771444,0.9248244703716871,0.22160230529399058,0.0077021000906825066,-1
92,10,block_beam_strong,-0.3774074076690467,0.3774074076690467,1,3.227534511917011,35.021969897911276,0.0004366246376801985,886.2132743532409,0.9783461078018799,0.21625644611854988,0.4554307998623699,-1
92,10,block_lns_strong,-0.3607967256550802,0.3607967256550802,1,3.097166331684419,34.74667534626689,0.0004097202283212027,850.5141335967181,0.9248244703716871,0.20757695813031748,0.09907249989919364,-1
92,10,hybrid_heuristic,-0.3607967256550802,0.3607967256550802,1,3.097166331684419,34.74667534626689,0.0004097202283212027,850.5141335967181,0.9248244703716871,0.20757695813031748,0.0167344999499619,-1
92,11,autoreg_rl_pure,-0.3288677289247113,0.3288677289247113,1,2.5998728455094513,36.1178354980301,0.0005416666079245013,639.4155275621697,0.9984968433244903,0.13407647209018195,0.10758549999445677,256
92,11,random,-100.0,35335304026740.07,0,65.01673691419944,2721876575200293.0,0.10947724780495831,15920.48876935399,0.9569768211809039,3.330243919425804,0.032027200097218156,-1
92,11,latency_greedy,-77.95376575168444,77.95376575168444,1,3.1283328536847126,6011.488844871477,0.01797855691720522,768.6803631791211,0.9881618116176033,0.16119768170092386,7.830001413822174e-05,-1
92,11,block_balanced,-80.88767557051578,80.88767557051578,1,4.584354108691527,6226.272037034914,0.018098238358270027,1125.204678830572,0.7856457217270961,0.2353691431544838,7.759989239275455e-05,-1
92,11,pdp_aware_greedy,-3.2726012374074016,3.2726012374074016,1,2.8152702383428103,261.21426490931384,0.007286975458184119,692.1094893190622,0.9984968433244903,0.14366326594078346,0.0008171000517904758,-1
92,11,local_search,-2.0158579337271667,2.0158579337271667,1,2.833502259381917,164.2669544281655,0.005705619279718495,696.5699835463172,0.9881618116176033,0.1445936461407038,0.022434900049120188,-1
92,11,beam_search,-0.3288677289247113,0.3288677289247113,1,2.5998728455094513,36.1178354980301,0.0005416666079245013,639.4155275621697,0.9984968433244903,0.13407647209018195,0.06700709997676313,-1
92,11,simulated_annealing,-2.0158579337271667,2.0158579337271667,1,2.833502259381917,164.2669544281655,0.005705619279718495,696.5699835463172,0.9881618116176033,0.1445936461407038,0.00845389999449253,-1
92,11,block_beam_strong,-0.3092042196961269,0.3092042196961269,1,2.399951003881388,36.143153310596176,0.0005440555530829496,590.3757555880638,0.9654576859593247,0.12389934720415442,0.3439240998122841,-1
92,11,block_lns_strong,-0.3092042196961269,0.3092042196961269,1,2.399951003881388,36.143153310596176,0.0005440555530829496,590.3757555880638,0.9654576859593247,0.12389934720415442,0.09305899986065924,-1
92,11,hybrid_heuristic,-0.3092042196961269,0.3092042196961269,1,2.399951003881388,36.143153310596176,0.0005440555530829496,590.3757555880638,0.9654576859593247,0.12389934720415442,0.01604750007390976,-1
92,12,autoreg_rl_pure,-0.1962212088860521,0.1962212088860521,1,1.9548911826841961,30.86837146095986,6.233925533162149e-06,494.5698539756943,0.9742518008338688,0.11570523360430574,0.0954438999760896,256
92,12,random,-100.0,5401086081695.441,0,47.379843141951035,416045371373423.1,0.1030737863032862,11923.950072262325,0.9320194495327768,2.819214084885612,0.03187799989245832,-1
92,12,latency_greedy,-14162.327941402813,14162.327941402813,1,3.244707525992233,1090929.180236663,0.035710247507339615,819.0794429636005,0.9416167567071448,0.1926405856396844,6.930017843842506e-05,-1
92,12,block_balanced,-3315.83221430458,3315.83221430458,1,4.758846166889689,255412.5323506875,0.030760396748525407,1200.0770933059025,0.6819762605837081,0.2830169293452454,7.480010390281677e-05,-1
92,12,pdp_aware_greedy,-1.911306448206929,1.911306448206929,1,2.500086425408414,158.7816594845038,0.005589832832755498,631.747539903428,0.9416167567071448,0.14931202327639065,0.0005246999207884073,-1
92,12,local_search,-1.8935680300762794,1.8935680300762794,1,2.525800126893367,157.21719758196977,0.00555607559439552,638.2191500500243,0.9416167567071448,0.1504908795551685,0.023996499832719564,-1
92,12,beam_search,-0.18950609395639606,0.18950609395639606,1,1.8888372155183681,30.859919872887748,5.300374743682994e-06,477.9356196406332,0.9320194495327768,0.11179566064745235,0.07015280006453395,-1
92,12,simulated_annealing,-1.8935680300762794,1.8935680300762794,1,2.525800126893367,157.21719758196977,0.00555607559439552,638.2191500500243,0.9416167567071448,0.1504908795551685,0.008485800120979548,-1
92,12,block_beam_strong,-0.19488385276360765,0.19488385276360765,1,1.9409017019903345,30.87311588533144,6.757876110977235e-06,491.039317452214,0.9320194495327768,0.11487723041618779,0.5294280999805778,-1
92,12,block_lns_strong,-0.18950609395639606,0.18950609395639606,1,1.8888372155183681,30.859919872887748,5.300374743682994e-06,477.9356196406332,0.9320194495327768,0.11179566064745235,0.09695690008811653,-1
92,12,hybrid_heuristic,-0.18950609395639606,0.18950609395639606,1,1.8888372155183681,30.859919872887748,5.300374743682994e-06,477.9356196406332,0.9320194495327768,0.11179566064745235,0.016328899888321757,-1
92,13,autoreg_rl_pure,-3.1149615700413626,3.1149615700413626,1,2.5364335988287503,251.21916692123116,0.007153964149255341,718.3933678899589,0.9908504319862175,0.14823696688323354,0.17394369980320334,256
92,13,random,-100.0,4.568029559262737e+25,0,110.93258022457572,3.5187507210275436e+27,0.28897589115616557,31301.00407559833,0.9693603270726764,6.448990609315311,0.03364180005155504,-1
92,13,latency_greedy,-6761901.2793657435,6761901.2793657435,1,7.4753607369277395,520868866.33966184,0.05673985850169745,2111.7923677543863,0.9908504319862175,0.4353060370352462,0.00019170017912983894,-1
92,13,block_balanced,-865288665.665965,865288665.665965,1,10.435489105092534,66653139487.039474,0.07328052924600231,2946.999998235588,0.8078002725605636,0.6071096708831017,8.770008571445942e-05,-1
92,13,pdp_aware_greedy,-31184.939782696812,31184.939782696812,1,3.909860144834734,2402174.9342892454,0.038401290370405294,1105.8856987933932,0.9908504319862175,0.22825011528578115,0.0007187998853623867,-1
92,13,local_search,-100.0,4.568029559262737e+25,0,110.93258022457572,3.5187507210275436e+27,0.28897589115616557,31301.00407559833,0.9693603270726764,6.448990609315311,0.02369699999690056,-1
92,13,beam_search,-3.1149615700413626,3.1149615700413626,1,2.5364335988287503,251.21916692123116,0.007153964149255341,718.3933678899589,0.9908504319862175,0.14823696688323354,0.07884249999187887,-1
92,13,simulated_annealing,-100.0,4.568029559262737e+25,0,110.93258022457572,3.5187507210275436e+27,0.28897589115616557,31301.00407559833,0.9693603270726764,6.448990609315311,0.013912499882280827,-1
92,13,block_beam_strong,-3.1149615700413626,3.1149615700413626,1,2.5364335988287503,251.21916692123116,0.007153964149255341,718.3933678899589,0.9908504319862175,0.14823696688323354,0.3368847998790443,-1
92,13,block_lns_strong,-3.1149615700413626,3.1149615700413626,1,2.5364335988287503,251.21916692123116,0.007153964149255341,718.3933678899589,0.9908504319862175,0.14823696688323354,0.10339810000732541,-1
92,13,hybrid_heuristic,-3.1149615700413626,3.1149615700413626,1,2.5364335988287503,251.21916692123116,0.007153964149255341,718.3933678899589,0.9908504319862175,0.14823696688323354,0.01849129982292652,-1
92,14,autoreg_rl_pure,-4.187898540544564,4.187898540544564,1,4.053807778980119,322.17911907291534,0.008002114245722081,1151.2482501413322,0.9502078234467178,0.2695471687521481,0.5706719001755118,241
92,14,random,-100.0,4.568029559262737e+25,0,94.94026197923509,3.5187507210275436e+27,0.2472808432154066,26898.20363632322,0.9502078234467178,6.311650208809055,0.031650499906390905,-1
92,14,latency_greedy,-29568852604.44067,29568852604.44067,1,6.212468659604643,2277687131206.8916,0.08531986362428506,1762.6847311520319,0.9502078234467178,0.41123720535273317,7.340009324252605e-05,-1
92,14,block_balanced,-493980387393.0234,493980387393.0234,1,9.115622618992731,38051282763402.35,0.09491943240495034,2585.180005466383,0.692334394437708,0.6044658795437732,7.469998672604561e-05,-1
92,14,pdp_aware_greedy,-2221.2793606229357,2221.2793606229357,1,3.359817032668138,171109.96141375392,0.02939475676462564,954.6774877718477,0.9890491349110114,0.22475609531443483,0.0008658000733703375,-1
92,14,local_search,-100.0,4.568029559262737e+25,0,94.94026197923509,3.5187507210275436e+27,0.2472808432154066,26898.20363632322,0.9502078234467178,6.311650208809055,0.018304900033399463,-1
92,14,beam_search,-6.540895273674253,6.540895273674253,1,4.0269465854176465,503.6372429348575,0.009525174476804212,1143.6379032999387,0.9502078234467178,0.2676186412470374,0.11031469982117414,-1
92,14,simulated_annealing,-100.0,4.568029559262737e+25,0,94.94026197923509,3.5187507210275436e+27,0.2472808432154066,26898.20363632322,0.9502078234467178,6.311650208809055,0.013783300062641501,-1
92,14,block_beam_strong,-9.450573594947627,9.450573594947627,1,4.074633567918589,727.4022754926318,0.010778480258352617,1157.154515508298,0.950087052188518,0.2707753028722149,0.546361800050363,-1
92,14,block_lns_strong,-4.1820533209325035,4.1820533209325035,1,3.99986218910496,322.1444047091622,0.008001746888057947,1135.976420292136,0.9502078234467178,0.26597621574829394,0.09735559998080134,-1
92,14,hybrid_heuristic,-4.1820533209325035,4.1820533209325035,1,3.99986218910496,322.1444047091622,0.008001746888057947,1135.976420292136,0.9502078234467178,0.26597621574829394,0.014809899963438511,-1
92,15,autoreg_rl_pure,-0.23102683288828296,0.23102683288828296,1,2.2208345209544764,31.500886703029018,7.538504076126101e-05,577.9942143795556,0.989601176303165,0.144406642868682,0.09480339987203479,256
92,15,random,-100.0,25338895358460.152,0,61.33895121352154,1951853751292127.2,0.10834354195671683,15889.171434312131,0.989601176303165,3.966608581392938,0.03393590007908642,-1
92,15,latency_greedy,-182.38840071424946,182.38840071424946,1,2.949018186849401,14057.464438239042,0.020874617213958196,766.5373881478256,0.9873732979851182,0.19198594952836084,0.00012689991854131222,-1
92,15,block_balanced,-128.245860146249,128.245860146249,1,4.42638325803521,9875.48730511181,0.019670832041395712,1149.1890603417044,0.8015692509504297,0.28716165453150777,8.849985897541046e-05,-1
92,15,pdp_aware_greedy,-0.5869091842138778,0.5869091842138778,1,3.6819427594039857,47.659576221069194,0.0014870298468679386,956.3897768510394,0.989601176303165,0.2374520184334598,0.0004867999814450741,-1
92,15,local_search,-0.5844339416441584,0.5844339416441584,1,3.7001990785057313,47.32828009041066,0.0014632486383990052,961.1133999156772,0.9732051547066626,0.23875050268276685,0.02754030004143715,-1
92,15,beam_search,-0.24855045273730578,0.24855045273730578,1,2.3403395888416973,31.930183303344062,0.00012153230128860663,608.9405803627576,0.9732051547066626,0.15225336556425645,0.07826270000077784,-1
92,15,simulated_annealing,-0.5835382913875293,0.5835382913875293,1,3.6927032633866954,47.317028422833765,0.001462438047570531,959.1627535123207,0.9732051547066626,0.2385122481325262,0.008070899872109294,-1
92,15,block_beam_strong,-0.2324598983285985,0.2324598983285985,1,2.235165175357579,31.500886703029426,7.538504076130608e-05,581.7095987765313,0.989601176303165,0.14557854715656446,0.43107960000634193,-1
92,15,block_lns_strong,-0.23102683288828296,0.23102683288828296,1,2.2208345209544764,31.500886703029018,7.538504076126101e-05,577.9942143795556,0.989601176303165,0.144406642868682,0.08367659989744425,-1
92,15,hybrid_heuristic,-0.23102683288828296,0.23102683288828296,1,2.2208345209544764,31.500886703029018,7.538504076126101e-05,577.9942143795556,0.989601176303165,0.144406642868682,0.01831539999693632,-1
92,16,autoreg_rl_pure,-0.8341388103710072,0.8341388103710072,1,2.959007665085835,72.27242622898468,0.0029064858760392267,785.4111031168186,0.9945887935364383,0.19350521997777148,0.26685060001909733,254
92,16,random,-100.0,5.159010654707539e+17,0,57.078445917794916,3.973983142081682e+19,0.1421674487553136,15097.750210620026,0.88592938741921,3.712041880151968,0.038081000093370676,-1
92,16,latency_greedy,-320335.59143459273,320335.59143459273,1,3.9393610004387063,24675433.905259863,0.04634282118949769,1044.5609294519338,0.9954966283883976,0.25762948730289326,7.020006887614727e-05,-1
92,16,block_balanced,-1409070.7158480329,1409070.7158480329,1,6.064572187884572,108540625.81192677,0.05139294129489526,1606.6577357273425,0.7888065972016985,0.395811803917803,0.00010790000669658184,-1
92,16,pdp_aware_greedy,-2.587253711191819,2.587253711191819,1,2.9617282068594832,207.29381675321898,0.006498752850994975,786.0898893460312,0.9954966283883976,0.19238920276539848,0.0009141999762505293,-1
92,16,local_search,-2.587253711191819,2.587253711191819,1,2.9617282068594832,207.29381675321898,0.006498752850994975,786.0898893460312,0.9954966283883976,0.19238920276539848,0.01973349996842444,-1
92,16,beam_search,-0.9242506913046927,0.9242506913046927,1,2.816372766686718,80.31245544513511,0.003266096424644575,747.6807900439499,0.9694909999361065,0.1842769409632954,0.07908209995366633,-1
92,16,simulated_annealing,-2.587253711191819,2.587253711191819,1,2.9617282068594832,207.29381675321898,0.006498752850994975,786.0898893460312,0.9954966283883976,0.19238920276539848,0.009338399861007929,-1
92,16,block_beam_strong,-2.529611664140045,2.529611664140045,1,2.902111843017823,203.31287748957297,0.0064326443946515965,770.3176656078513,0.9954966283883976,0.18851661760221405,0.42067310004495084,-1
92,16,block_lns_strong,-0.8341388103710072,0.8341388103710072,1,2.959007665085835,72.27242622898468,0.0029064858760392267,785.4111031168186,0.9945887935364383,0.19350521997777148,0.09281080006621778,-1
92,16,hybrid_heuristic,-0.8341388103710072,0.8341388103710072,1,2.959007665085835,72.27242622898468,0.0029064858760392267,785.4111031168186,0.9945887935364383,0.19350521997777148,0.01617600000463426,-1
92,17,autoreg_rl_pure,-0.2652572178994456,0.2652572178994456,1,2.4329862700506064,32.50344763953365,0.0001821972256624383,612.2770833502193,0.9262030592426502,0.14350597068070486,0.1059957998804748,256
92,17,random,-100.0,64542560683.49198,0,57.65383527447616,4971709989542.548,0.08798110512025102,14444.050899838903,0.980205759589773,3.379849157102877,0.0316516999155283,-1
92,17,latency_greedy,-687.6274119981059,687.6274119981059,1,3.2683892099851057,52973.5382832479,0.025397409471850606,821.4253609353932,0.9879007069505605,0.19074692603959817,6.869994103908539e-05,-1
92,17,block_balanced,-1976.9410578469979,1976.9410578469979,1,5.043591699168443,152275.624940272,0.028997194352181843,1266.1343112443758,0.7683672165171026,0.2951652166864543,7.680011913180351e-05,-1
92,17,pdp_aware_greedy,-6.20469276510978,6.20469276510978,1,2.591493567295558,488.7968686251935,0.009423207527186197,651.8756254939958,0.9879007069505605,0.15124252347390196,0.0006615999154746532,-1
92,17,local_search,-6.040863559629296,6.040863559629296,1,2.6518883050054685,475.71189336744595,0.009330699960720315,667.003298438572,0.9879007069505605,0.15476722932348028,0.025171600049361587,-1
92,17,beam_search,-0.30528923356845566,0.30528923356845566,1,2.3948222855761565,35.88108862864083,0.0005192461909555283,602.620900057661,0.980205759589773,0.1397645629196219,0.07455969997681677,-1
92,17,simulated_annealing,-6.040863559629296,6.040863559629296,1,2.6518883050054685,475.71189336744595,0.009330699960720315,667.003298438572,0.9879007069505605,0.15476722932348028,0.008511000080034137,-1
92,17,block_beam_strong,-0.2652572178994456,0.2652572178994456,1,2.4329862700506064,32.50344763953365,0.0001821972256624383,612.2770833502193,0.9262030592426502,0.14350597068070486,0.42929470003582537,-1
92,17,block_lns_strong,-0.2652572178994456,0.2652572178994456,1,2.4329862700506064,32.50344763953365,0.0001821972256624383,612.2770833502193,0.9262030592426502,0.14350597068070486,0.0945443999953568,-1
92,17,hybrid_heuristic,-0.2652572178994456,0.2652572178994456,1,2.4329862700506064,32.50344763953365,0.0001821972256624383,612.2770833502193,0.9262030592426502,0.14350597068070486,0.019070199923589826,-1
92,18,autoreg_rl_pure,-0.3325941852010085,0.3325941852010085,1,2.1282197131628364,40.03802577565071,0.0008929614144838165,568.5961585538747,0.9297456193866094,0.12795801225396983,0.09962169989012182,256
92,18,random,-100.0,9.36070114827392e+18,0,49.18907139878617,7.210543077161759e+20,0.1520485712452243,13082.623135490776,0.9297456193866094,2.9459136818478733,0.03243509982712567,-1
92,18,latency_greedy,-298131.7209501024,298131.7209501024,1,3.8614848443836944,22965071.551850867,0.046097924821820936,1029.48933927585,0.9399833023700142,0.23228857050811064,6.909994408488274e-05,-1
92,18,block_balanced,-111593431.59603839,111593431.59603839,1,7.331985824278469,8596036028.747383,0.06629777985146534,1952.3571236156063,0.7203629954384122,0.43970559262961556,7.650000043213367e-05,-1
92,18,pdp_aware_greedy,-2.464745627057927,2.464745627057927,1,2.4089241188452357,202.11527252577525,0.006412503218262122,643.2536753931641,0.9297456193866094,0.14356569228531887,0.0005230000242590904,-1
92,18,local_search,-2.464745627057927,2.464745627057927,1,2.4089241188452357,202.11527252577525,0.006412503218262122,643.2536753931641,0.9297456193866094,0.14356569228531887,0.01834789989516139,-1
92,18,beam_search,-2.464745627057927,2.464745627057927,1,2.4089241188452357,202.11527252577525,0.006412503218262122,643.2536753931641,0.9297456193866094,0.14356569228531887,0.08174409996718168,-1
92,18,simulated_annealing,-2.464745627057927,2.464745627057927,1,2.4089241188452357,202.11527252577525,0.006412503218262122,643.2536753931641,0.9297456193866094,0.14356569228531887,0.012308900011703372,-1
92,18,block_beam_strong,-0.3368774585080809,0.3368774585080809,1,2.1891810820874014,39.898380990838405,0.0008810499702286567,584.8334479015041,0.9399833023700142,0.1316936445518521,0.49932789988815784,-1
92,18,block_lns_strong,-0.2934344392346652,0.2934344392346652,1,2.049948162786326,37.62447797584639,0.0006809944054362661,547.8056943941374,0.9399833023700142,0.1233462662942446,0.09760280000045896,-1
92,18,hybrid_heuristic,-0.2934344392346652,0.2934344392346652,1,2.049948162786326,37.62447797584639,0.0006809944054362661,547.8056943941374,0.9399833023700142,0.1233462662942446,0.01717500016093254,-1
92,19,autoreg_rl_pure,-1.0261769596288446,1.0261769596288446,1,3.7560283174279543,80.92566876008904,0.0032920280545724358,970.884513949903,0.995155875562686,0.22392774097157978,0.7435721000656486,210
92,19,random,-100.0,4.346097891902666e+22,0,79.67042503988199,3.347796876615877e+24,0.18083287615388008,20538.130440294997,0.995155875562686,4.7632043697200075,0.03207609988749027,-1
92,19,latency_greedy,-8786088.249906572,8786088.249906572,1,11.221202658271347,676791851.3294146,0.05763261309966748,2895.043016307197,0.995155875562686,0.6675101870396483,7.16999638825655e-05,-1
92,19,block_balanced,-1605758.980025328,1605758.980025328,1,11.542251867936427,123691470.0644382,0.05183840853542128,2977.818365293261,0.829296562968905,0.6871443262598411,7.38000962883234e-05,-1
92,19,pdp_aware_greedy,-4.480949987168547,4.480949987168547,1,3.8554558223862943,346.2807603572193,0.008248062335649686,996.4924290880683,0.995155875562686,0.22943621235633024,0.0004956000484526157,-1
92,19,local_search,-4.480949987168547,4.480949987168547,1,3.8554558223862943,346.2807603572193,0.008248062335649686,996.4924290880683,0.995155875562686,0.22943621235633024,0.018197600031271577,-1
92,19,beam_search,-1.4919613385196122,1.4919613385196122,1,3.6629087355623535,117.52231413990145,0.004563995009963125,946.8626504787959,0.995155875562686,0.21798457418330547,0.0722364999819547,-1
92,19,simulated_annealing,-4.480949987168547,4.480949987168547,1,3.8554558223862943,346.2807603572193,0.008248062335649686,996.4924290880683,0.995155875562686,0.22943621235633024,0.010220299940556288,-1
92,19,block_beam_strong,-1.035307483216706,1.035307483216706,1,3.84732919218017,80.9257023538223,0.0032920294697983384,994.4135794140205,0.995155875562686,0.2293578131673697,0.3382733999751508,-1
92,19,block_lns_strong,-1.024153650398401,1.024153650398401,1,3.711994404297469,81.10900635533925,0.0032997429072154152,959.5363005151792,0.9393678360538985,0.22130884681519192,0.10264619998633862,-1
92,19,hybrid_heuristic,-1.024153650398401,1.024153650398401,1,3.711994404297469,81.10900635533925,0.0032997429072154152,959.5363005151792,0.9393678360538985,0.22130884681519192,0.01619830005802214,-1
92,20,autoreg_rl_pure,-0.45929829133204947,0.45929829133204947,1,2.355482118116602,48.047435192332536,0.001514662102994878,687.24762743679,0.9534161625292761,0.11103047940344839,0.16245040018111467,256
92,20,random,-100.0,1.7891796921990233e+24,0,88.0736763175608,1.3782041578971852e+26,0.193507126248583,25597.29017145757,0.990220664408277,4.167458306257694,0.031632900005206466,-1
92,20,latency_greedy,-880641988.2039126,880641988.2039126,1,5.09853324778689,67835805140.30711,0.07334049046810315,1484.3632108146676,0.990220664408277,0.24250723815627467,6.900005973875523e-05,-1
92,20,block_balanced,-23317201735.384834,23317201735.384834,1,7.884390191351423,1796122799840.3188,0.08451007314485803,2293.960242900202,0.7651453063087378,0.3739989521947068,7.850001566112041e-05,-1
92,20,pdp_aware_greedy,-14.637176408845999,14.637176408845999,1,2.689100888009194,1137.5987630511854,0.01230306345003902,784.1866658884229,0.990220664408277,0.12818460497836032,0.0006340001709759235,-1
92,20,local_search,-14.637176408845999,14.637176408845999,1,2.689100888009194,1137.5987630511854,0.01230306345003902,784.1866658884229,0.990220664408277,0.12818460497836032,0.01632569986395538,-1
92,20,beam_search,-3.580685610833741,3.580685610833741,1,5.560065738479076,263.80284265557015,0.00732059371259413,1618.5129984344203,0.9534161625292761,0.2620850991437925,0.07602079981006682,-1
92,20,simulated_annealing,-14.637176408845999,14.637176408845999,1,2.689100888009194,1137.5987630511854,0.01230306345003902,784.1866658884229,0.990220664408277,0.12818460497836032,0.009195000166073442,-1
92,20,block_beam_strong,-0.45929829133204947,0.45929829133204947,1,2.355482118116602,48.047435192332536,0.001514662102994878,687.24762743679,0.9534161625292761,0.11103047940344839,0.4025668001268059,-1
92,20,block_lns_strong,-0.45929829133204947,0.45929829133204947,1,2.355482118116602,48.047435192332536,0.001514662102994878,687.24762743679,0.9534161625292761,0.11103047940344839,0.09607769991271198,-1
92,20,hybrid_heuristic,-0.45929829133204947,0.45929829133204947,1,2.355482118116602,48.047435192332536,0.001514662102994878,687.24762743679,0.9534161625292761,0.11103047940344839,0.01603509997949004,-1
92,21,autoreg_rl_pure,-32.680496472325096,32.680496472325096,1,3.1210261647182915,2524.1476223242266,0.015020149208472106,774.288018952059,0.9769099159012574,0.1611422442962623,0.2641069998499006,252
92,21,random,-100.0,4.568029559262737e+25,0,97.05625652135474,3.5187507210275436e+27,0.27279180333164527,23990.176270941927,0.9769099159012574,5.000833336712427,0.035029000137001276,-1
92,21,latency_greedy,-5999415931.679851,5999415931.679851,1,7.611679386871105,462134687619.6417,0.07988196946941822,1884.1253609967753,0.9769099159012574,0.39425234195753917,7.019983604550362e-05,-1
92,21,block_balanced,-3999146857609.7715,3999146857609.7715,1,11.818687537478688,308054068086587.4,0.10204925358707127,2923.900746876596,0.8155428849182281,0.6112407839695275,7.38000962883234e-05,-1
92,21,pdp_aware_greedy,-49.28728657552056,49.28728657552056,1,3.244715572577461,3802.414995000499,0.01641701533791821,804.8575878135982,0.9769099159012574,0.1679948239005428,0.0005038999952375889,-1
92,21,local_search,-49.28728657552056,49.28728657552056,1,3.244715572577461,3802.414995000499,0.01641701533791821,804.8575878135982,0.9769099159012574,0.1679948239005428,0.018382000038400292,-1
92,21,beam_search,-49.28728657552056,49.28728657552056,1,3.244715572577461,3802.414995000499,0.01641701533791821,804.8575878135982,0.9769099159012574,0.1679948239005428,0.07494630012661219,-1
92,21,simulated_annealing,-49.28728657552056,49.28728657552056,1,3.244715572577461,3802.414995000499,0.01641701533791821,804.8575878135982,0.9769099159012574,0.1679948239005428,0.008920399937778711,-1
92,21,block_beam_strong,-49.28728657552056,49.28728657552056,1,3.244715572577461,3802.414995000499,0.01641701533791821,804.8575878135982,0.9769099159012574,0.1679948239005428,0.27875229995697737,-1
92,21,block_lns_strong,-49.28728657552056,49.28728657552056,1,3.244715572577461,3802.414995000499,0.01641701533791821,804.8575878135982,0.9769099159012574,0.1679948239005428,0.08850120007991791,-1
92,21,hybrid_heuristic,-49.28728657552056,49.28728657552056,1,3.244715572577461,3802.414995000499,0.01641701533791821,804.8575878135982,0.9769099159012574,0.1679948239005428,0.014546799939125776,-1
92,22,autoreg_rl_pure,-0.36940871696128996,0.36940871696128996,1,2.739069870731892,38.16847169429332,0.0007299335547011506,759.0188252844482,0.9953023639079664,0.18135064355912714,0.09790790011174977,256
92,22,random,-100.0,2.1241848840514774e+25,0,73.31345087688607,1.63625847761771e+27,0.2019422507395976,20240.787771503798,0.8043298147573706,4.866418507130185,0.03160180011764169,-1
92,22,latency_greedy,-45494956957.82055,45494956957.82055,1,7.096989899141482,3504474095898.7036,0.08678882431865559,1961.9090710039625,0.9977287200317619,0.47311472870653626,6.83001708239317e-05,-1
92,22,block_balanced,-44066911558.661835,44066911558.661835,1,10.112946277292814,3394471835321.7817,0.086680096779329,2794.522213974168,0.7204264639669092,0.6728076324429939,7.280008867383003e-05,-1
92,22,pdp_aware_greedy,-0.6027895441215694,0.6027895441215694,1,2.6276033850820184,57.004410042691354,0.0020974322222073157,728.2001140273948,0.9977287200317619,0.1757046045100598,0.0005308000836521387,-1
92,22,local_search,-0.6027895441215694,0.6027895441215694,1,2.6276033850820184,57.004410042691354,0.0020974322222073157,728.2001140273948,0.9977287200317619,0.1757046045100598,0.017187499906867743,-1
92,22,beam_search,-0.3738634456813865,0.3738634456813865,1,2.635948005110828,39.30596638697194,0.0008300501415695008,730.565942487335,0.8708895684194706,0.17452306427930367,0.08011380000971258,-1
92,22,simulated_annealing,-0.6027895441215694,0.6027895441215694,1,2.6276033850820184,57.004410042691354,0.0020974322222073157,728.2001140273948,0.9977287200317619,0.1757046045100598,0.007991999853402376,-1
92,22,block_beam_strong,-0.37868574061559857,0.37868574061559857,1,2.7813266522857143,38.55757656732254,0.0007645124762523155,770.6837725414372,0.9953023639079664,0.1841484161210499,0.4138060000259429,-1
92,22,block_lns_strong,-0.3620066923614989,0.3620066923614989,1,2.666180305897823,38.15976206334872,0.0007291555209736268,738.9113978475475,0.9192340740084236,0.17652470989724828,0.09238489996641874,-1
92,22,hybrid_heuristic,-0.3620066923614989,0.3620066923614989,1,2.666180305897823,38.15976206334872,0.0007291555209736268,738.9113978475475,0.9192340740084236,0.17652470989724828,0.016817700117826462,-1
92,23,autoreg_rl_pure,-0.17033437431064147,0.17033437431064147,1,1.6684851974005506,31.08049375065363,2.958132587926421e-05,415.2447195795036,0.9851259318101373,0.08746310152571528,0.08911790000274777,256
92,23,random,-100.0,3.629706084438335e+18,0,58.461496929448444,2.7959606513134757e+20,0.14881879202588677,14453.794528754315,0.9246634136051419,3.021201344806328,0.028855699812993407,-1
92,23,latency_greedy,-4964.906265763355,4964.906265763355,1,4.356900631972723,382443.7143281748,0.03213670028637068,1079.7835985208833,0.9851259318101373,0.22499027056313559,6.570015102624893e-05,-1
92,23,block_balanced,-1605377619778.2666,1605377619778.2666,1,14.24759635491995,123662152002894.8,0.09893759150746091,3524.686824449806,0.6164422757367612,0.7355832216931923,7.469998672604561e-05,-1
92,23,pdp_aware_greedy,-0.17033437431064147,0.17033437431064147,1,1.6684851974005506,31.08049375065363,2.958132587926421e-05,415.2447195795036,0.9851259318101373,0.08746310152571528,0.0006481001619249582,-1
92,23,local_search,-0.17033437431064147,0.17033437431064147,1,1.6684851974005506,31.08049375065363,2.958132587926421e-05,415.2447195795036,0.9851259318101373,0.08746310152571528,0.015007999958470464,-1
92,23,beam_search,-0.17033437431064147,0.17033437431064147,1,1.6684851974005506,31.08049375065363,2.958132587926421e-05,415.2447195795036,0.9851259318101373,0.08746310152571528,0.07710040011443198,-1
92,23,simulated_annealing,-0.17033437431064147,0.17033437431064147,1,1.6684851974005506,31.08049375065363,2.958132587926421e-05,415.2447195795036,0.9851259318101373,0.08746310152571528,0.007123099872842431,-1
92,23,block_beam_strong,-0.17033437431064147,0.17033437431064147,1,1.6684851974005506,31.08049375065363,2.958132587926421e-05,415.2447195795036,0.9851259318101373,0.08746310152571528,0.6065320000052452,-1
92,23,block_lns_strong,-0.17033437431064147,0.17033437431064147,1,1.6684851974005506,31.08049375065363,2.958132587926421e-05,415.2447195795036,0.9851259318101373,0.08746310152571528,0.07315300009213388,-1
92,23,hybrid_heuristic,-0.17033437431064147,0.17033437431064147,1,1.6684851974005506,31.08049375065363,2.958132587926421e-05,415.2447195795036,0.9851259318101373,0.08746310152571528,0.01857479987666011,-1
92,24,autoreg_rl_pure,-0.19144820070201368,0.19144820070201368,1,1.9144818765191391,30.81197956517231,1.1122635868514203e-10,537.9750700709695,0.9829829541132521,0.11102029880112196,0.10185399977490306,256
92,24,random,-100.0,21.504589477132324,0,36.693695008314975,1404.6580173631892,0.013021978020635712,10260.518040241323,0.9719233799678607,2.132780231605721,0.03442039992660284,-1
92,24,latency_greedy,-1.1826789508595341,1.1826789508595341,1,2.282517174711523,104.33145719034941,0.004158110354314533,640.8567635750107,0.9829829541132521,0.13236256862138682,6.990018300712109e-05,-1
92,24,block_balanced,-1.3680316747066006,1.3680316747066006,1,3.7205462876260436,107.53203702443052,0.004261122742718661,1042.8897836090887,0.7148139920803463,0.2164214090930394,0.00015789992175996304,-1
92,24,pdp_aware_greedy,-2.5412598221597884,2.5412598221597884,1,2.38433943543984,208.1985325577936,0.006513599680257542,669.360584281806,0.9961309185608522,0.13974817111970392,0.0005568999331444502,-1
92,24,local_search,-0.4975226923617656,0.4975226923617656,1,4.7102138519795735,32.85337283027687,0.00021870390437982986,1319.5307368114381,0.9829829541132521,0.27408111545485186,0.02777549996972084,-1
92,24,beam_search,-0.1998299989947702,0.1998299989947702,1,1.9982578744722466,30.81230297520552,3.589494701927141e-08,561.4231765954729,0.9719233799678607,0.11654635851397833,0.07918310002423823,-1
92,24,simulated_annealing,-0.4975226923617656,0.4975226923617656,1,4.7102138519795735,32.85337283027687,0.00021870390437982986,1319.5307368114381,0.9829829541132521,0.27408111545485186,0.01031629997305572,-1
92,24,block_beam_strong,-0.19275405677908644,0.19275405677908644,1,1.9274839110386945,30.81241498658211,4.8288364286891064e-08,541.6149370567971,0.9961309185608522,0.11177428335176606,0.5335285000037402,-1
92,24,block_lns_strong,-0.19123102001370518,0.19123102001370518,1,1.9122535433848822,30.81241498658211,4.8288364286891064e-08,537.352139954244,0.9829829541132521,0.11089107835070776,0.08633820014074445,-1
92,24,hybrid_heuristic,-0.19123102001370518,0.19123102001370518,1,1.9122535433848822,30.81241498658211,4.8288364286891064e-08,537.352139954244,0.9829829541132521,0.11089107835070776,0.017791599966585636,-1
92,25,autoreg_rl_pure,-0.3440197208053348,0.3440197208053348,1,2.2008913364133056,40.358345046464,0.0009201278589931172,560.2938544519079,0.9893918776752044,0.10048866670266529,0.18082590005360544,256
92,25,random,-100.0,63107760675845.77,0,52.98398832786869,4861187422272033.0,0.11145445784254937,13425.59148764929,0.9893918776752044,2.3968549210558807,0.03431489993818104,-1
92,25,latency_greedy,-2093.378083230808,2093.378083230808,1,3.265505217924089,161258.45935517462,0.02919259742412402,829.9709368007216,0.9957037616608638,0.14733152566451888,7.209996692836285e-05,-1
92,25,block_balanced,-10081.962119648642,10081.962119648642,1,5.286982111533802,776603.0880651383,0.034551607779630414,1342.1083923696553,0.7463140272462276,0.2395730755170094,7.33998604118824e-05,-1
92,25,pdp_aware_greedy,-1.1197271486838016,1.1197271486838016,1,2.4404429644950563,98.26578173076402,0.003953908658657283,620.9687958572774,0.9957037616608638,0.11037611416870138,0.0006721001118421555,-1
92,25,local_search,-1.0333386655069678,1.0333386655069678,1,2.502087387631868,91.13643484108408,0.003697133024797644,636.5830363752298,0.9957037616608638,0.11328120897214256,0.025428100023418665,-1
92,25,beam_search,-1.0989965277696117,1.0989965277696117,1,3.863680217499695,85.70571418159324,0.0034876773449838486,981.521458693081,0.9957037616608638,0.17475740972221324,0.10766789992339909,-1
92,25,simulated_annealing,-1.0333386655069678,1.0333386655069678,1,2.502087387631868,91.13643484108408,0.003697133024797644,636.5830363752298,0.9957037616608638,0.11328120897214256,0.009273099945858121,-1
92,25,block_beam_strong,-1.0132094231920903,1.0132094231920903,1,2.447529855131851,90.0061367649185,0.0036545867071643874,622.7562016070561,0.9957037616608638,0.11109659388344906,0.39930659998208284,-1
92,25,block_lns_strong,-1.0132094231920903,1.0132094231920903,1,2.447529855131851,90.0061367649185,0.0036545867071643874,622.7562016070561,0.9957037616608638,0.11109659388344906,0.08420830010436475,-1
92,25,hybrid_heuristic,-1.0132094231920903,1.0132094231920903,1,2.447529855131851,90.0061367649185,0.0036545867071643874,622.7562016070561,0.9957037616608638,0.11109659388344906,0.01640129997394979,-1
92,26,autoreg_rl_pure,-14.301519583931594,14.301519583931594,1,3.091670630827122,1108.6421432481532,0.012215161305021828,849.3659232093905,0.9033601850228775,0.1580405553488669,0.13289249991066754,255
92,26,random,-100.0,4.568029559262737e+25,0,115.50443622587437,3.5187507210275436e+27,0.3076928176726677,31626.374217968747,0.893788891193562,5.924099444376989,0.032284699846059084,-1
92,26,latency_greedy,-19489.746619701895,19489.746619701895,1,3.4066525809030868,1501298.7080134957,0.03679881113896764,935.4555656519233,0.9129278969574987,0.17553183231355102,7.049995474517345e-05,-1
92,26,block_balanced,-155218.57892015253,155218.57892015253,1,6.01158782071746,11956463.31922376,0.043872724464151795,1648.7390571960877,0.6703416683951714,0.3087390960378094,7.390021346509457e-05,-1
92,26,pdp_aware_greedy,-19489.746619701895,19489.746619701895,1,3.4066525809030868,1501298.7080134957,0.03679881113896764,935.4555656519233,0.9129278969574987,0.17553183231355102,0.0005266999360173941,-1
92,26,local_search,-100.0,4.568029559262737e+25,0,115.50443622587437,3.5187507210275436e+27,0.3076928176726677,31626.374217968747,0.893788891193562,5.924099444376989,0.021668400149792433,-1
92,26,beam_search,-14.301519583931594,14.301519583931594,1,3.091670630827122,1108.6421432481532,0.012215161305021828,849.3659232093905,0.9033601850228775,0.1580405553488669,0.09153640014119446,-1
92,26,simulated_annealing,-100.0,4.568029559262737e+25,0,115.50443622587437,3.5187507210275436e+27,0.3076928176726677,31626.374217968747,0.893788891193562,5.924099444376989,0.013727399986237288,-1
92,26,block_beam_strong,-15.144740720124098,15.144740720124098,1,3.110351342815958,1173.4515247479274,0.012408850363354576,854.4722377397318,0.9033601850228775,0.15899547922322477,0.4953215999994427,-1
92,26,block_lns_strong,-14.301519583931594,14.301519583931594,1,3.091670630827122,1108.6421432481532,0.012215161305021828,849.3659232093905,0.9033601850228775,0.1580405553488669,0.09076880011707544,-1
92,26,hybrid_heuristic,-14.301519583931594,14.301519583931594,1,3.091670630827122,1108.6421432481532,0.012215161305021828,849.3659232093905,0.9033601850228775,0.1580405553488669,0.013860800070688128,-1
92,27,autoreg_rl_pure,-0.31241476269054214,0.31241476269054214,1,2.4032549584759546,36.36501092083758,0.0005649183561311869,651.4438211708953,0.9537263900246649,0.12519288351348204,0.0922717999201268,256
92,27,random,-100.0,34654627353939.27,0,66.05386886916665,2669444087578838.5,0.10941093416387451,17832.72612231428,0.949953267076998,3.435188764504388,0.035226799780502915,-1
92,27,latency_greedy,-1.6482372480530778,1.6482372480530778,1,2.6415231976557285,137.4279663986946,0.005097439975362233,715.7381928539485,0.9955920870484898,0.1372312839982414,7.220008410513401e-05,-1
92,27,block_balanced,-2.415064291661842,2.415064291661842,1,3.856396598508786,187.1384491707756,0.00615002984014451,1043.7345433084465,0.7583087326980054,0.2013539431202906,7.54001084715128e-05,-1
92,27,pdp_aware_greedy,-1.6482372480530778,1.6482372480530778,1,2.6415231976557285,137.4279663986946,0.005097439975362233,715.7381928539485,0.9955920870484898,0.1372312839982414,0.0006290997844189405,-1
92,27,local_search,-1.6482372480530778,1.6482372480530778,1,2.6415231976557285,137.4279663986946,0.005097439975362233,715.7381928539485,0.9955920870484898,0.1372312839982414,0.019331099931150675,-1
92,27,beam_search,-0.3554813234486308,0.3554813234486308,1,2.3998960540880945,39.70829941015319,0.0008647691894711118,650.5157334143587,0.9955920870484898,0.12468843849408562,0.07691890001296997,-1
92,27,simulated_annealing,-1.6482372480530778,1.6482372480530778,1,2.6415231976557285,137.4279663986946,0.005097439975362233,715.7381928539485,0.9955920870484898,0.1372312839982414,0.00950310006737709,-1
92,27,block_beam_strong,-0.30182552427302434,0.30182552427302434,1,2.3003106924072467,36.34230158286541,0.0005627886961117986,623.6489168474857,0.9955920870484898,0.11984905497760778,0.3577260000165552,-1
92,27,block_lns_strong,-0.30182552427302434,0.30182552427302434,1,2.3003106924072467,36.34230158286541,0.0005627886961117986,623.6489168474857,0.9955920870484898,0.11984905497760778,0.08050549984909594,-1
92,27,hybrid_heuristic,-0.30182552427302434,0.30182552427302434,1,2.3003106924072467,36.34230158286541,0.0005627886961117986,623.6489168474857,0.9955920870484898,0.11984905497760778,0.016927900025621057,-1
92,28,autoreg_rl_pure,-120.6963137164821,120.6963137164821,1,2.8027562969902964,9306.45293806225,0.019468503435450635,630.7182363054279,0.9820773114809532,0.13069241862898232,0.39755529980175197,246
92,28,random,-100.0,4.568029559262737e+25,0,169.70735957499818,3.5187507210275436e+27,0.33899430300086264,38027.96077104815,0.9820773114809532,7.869964452094223,0.02992839994840324,-1
92,28,latency_greedy,-2104362003.4444115,2104362003.4444115,1,6.301329094941988,162098892313.39175,0.07631031025516977,1414.608904890969,0.9820773114809532,0.293835309322257,6.849993951618671e-05,-1
92,28,block_balanced,-302186527735.81116,302186527735.81116,1,10.832165000722838,23277412034181.473,0.0932439710479338,2429.865102887475,0.7461881959112292,0.5029984502725073,7.219985127449036e-05,-1
92,28,pdp_aware_greedy,-2368.7058651705415,2368.7058651705415,1,3.5452601830110444,182464.7886893742,0.029613801358280976,797.0898099338168,0.9820773114809532,0.16508983708326536,0.0005457999650388956,-1
92,28,local_search,-100.0,4.568029559262737e+25,0,169.70735957499818,3.5187507210275436e+27,0.33899430300086264,38027.96077104815,0.9820773114809532,7.869964452094223,0.020950499922037125,-1
92,28,beam_search,-195.02444281863762,195.02444281863762,1,3.0384005045669467,15030.12957273151,0.021102704659927748,683.5195059302434,0.9820773114809532,0.14143273987173965,0.0768955999519676,-1
92,28,simulated_annealing,-100.0,4.568029559262737e+25,0,169.70735957499818,3.5187507210275436e+27,0.33899430300086264,38027.96077104815,0.9820773114809532,7.869964452094223,0.012863900046795607,-1
92,28,block_beam_strong,-87.2184352711788,87.2184352711788,1,2.7972454100108592,6727.696206174061,0.01836229881045796,629.4906746712232,0.9508971329855869,0.1303762847905036,0.32970819994807243,-1
92,28,block_lns_strong,-87.2184352711788,87.2184352711788,1,2.7972454100108592,6727.696206174061,0.01836229881045796,629.4906746712232,0.9508971329855869,0.1303762847905036,0.09484519995748997,-1
92,28,hybrid_heuristic,-87.2184352711788,87.2184352711788,1,2.7972454100108592,6727.696206174061,0.01836229881045796,629.4906746712232,0.9508971329855869,0.1303762847905036,0.018351600039750338,-1
92,29,autoreg_rl_pure,-0.2116259997490472,0.2116259997490472,1,2.1024056955322834,30.91869817364843,1.1787657844453511e-05,496.4169281736664,0.949195841526023,0.11924566021270337,0.1356289000250399,256
92,29,random,-100.0,118573045094.0534,0,55.85869975920589,9133675307657.67,0.09005460201459543,13118.33506140424,0.9223200915369711,3.1759224213020807,0.03145290003158152,-1
92,29,latency_greedy,-75.60004333949743,75.60004333949743,1,2.7363165368801754,5833.2014332078115,0.017875917623473903,645.1832698892229,0.9939954242565695,0.15643600903611168,6.949994713068008e-05,-1
92,29,block_balanced,-70.28619999422703,70.28619999422703,1,4.279134050919438,5411.992050103535,0.017620401554289226,1007.4861457858448,0.7686000762808093,0.24400004795633468,7.449998520314693e-05,-1
92,29,pdp_aware_greedy,-0.2568558246147996,0.2568558246147996,1,2.4217515283410873,31.94282992030364,0.0001228823232952102,571.3823068851,0.9939954242565695,0.13852879770760076,0.0009377000387758017,-1
92,29,local_search,-0.24632131710165583,0.24632131710165583,1,2.328221597134089,31.851817929983085,0.00011315488366596016,549.4229208247464,0.9939954242565695,0.13309074064833665,0.025186800165101886,-1
92,29,beam_search,-0.2116259997490472,0.2116259997490472,1,2.1024056955322834,30.91869817364843,1.1787657844453511e-05,496.4169281736664,0.949195841526023,0.11924566021270337,0.07527219993062317,-1
92,29,simulated_annealing,-0.24632131710165583,0.24632131710165583,1,2.328221597134089,31.851817929983085,0.00011315488366596016,549.4229208247464,0.9939954242565695,0.13309074064833665,0.008819099981337786,-1
92,29,block_beam_strong,-0.22371201921849915,0.22371201921849915,1,2.223038522531531,30.920449585786418,1.1980769613196138e-05,524.7399065917336,0.949195841526023,0.1260877940260862,0.34379640012048185,-1
92,29,block_lns_strong,-0.2116259997490472,0.2116259997490472,1,2.1024056955322834,30.91869817364843,1.1787657844453511e-05,496.4169281736664,0.949195841526023,0.11924566021270337,0.08842659997753799,-1
92,29,hybrid_heuristic,-0.2116259997490472,0.2116259997490472,1,2.1024056955322834,30.91869817364843,1.1787657844453511e-05,496.4169281736664,0.949195841526023,0.11924566021270337,0.0185094999615103,-1
92,30,autoreg_rl_pure,-0.22976543137980027,0.22976543137980027,1,2.1717648780630756,31.781704208620198,0.00010564209601154232,471.6961749744645,0.9859492693575491,0.09771869762983998,0.09873910015448928,256
92,30,random,-100.0,77623614096.61172,0,69.02533715724462,5979342832720.613,0.08861026419206657,14907.99104623452,0.9859492693575491,3.0799305518809774,0.029844099888578057,-1
92,30,latency_greedy,-37.847411197145554,37.847411197145554,1,2.709753416514875,2925.322818404514,0.015523012642181882,587.8603096316784,0.9859492693575491,0.12182000287640618,6.940006278455257e-05,-1
92,30,block_balanced,-346270.41529747896,346270.41529747896,1,6.087894077147603,26673175.447167713,0.0466082290379061,1317.3583802575254,0.7499760507661106,0.271686914790721,0.0001626000739634037,-1
92,30,pdp_aware_greedy,-0.6543607858598909,0.6543607858598909,1,2.2162144173227634,64.14586704316272,0.002499824907892151,481.29628434511,0.9723786147481165,0.09875027804141526,0.0005455999635159969,-1
92,30,local_search,-0.5392284394964995,0.5392284394964995,1,2.2817990111731583,54.77203079901145,0.0019612377961252,495.45949066878876,0.9723786147481165,0.10178759740381339,0.02274460019543767,-1
92,30,beam_search,-0.8825313083477965,0.8825313083477965,1,4.512719134105156,64.03186663635688,0.0024937606479471263,977.2010205336469,0.9723786147481165,0.20037886312616826,0.07119600009173155,-1
92,30,simulated_annealing,-0.5392284394964995,0.5392284394964995,1,2.2817990111731583,54.77203079901145,0.0019612377961252,495.45949066878876,0.9723786147481165,0.10178759740381339,0.00875929999165237,-1
92,30,block_beam_strong,-0.22976543137980027,0.22976543137980027,1,2.1717648780630756,31.781704208620198,0.00010564209601154232,471.6961749744645,0.9859492693575491,0.09771869762983998,0.41722530010156333,-1
92,30,block_lns_strong,-0.22976543137980027,0.22976543137980027,1,2.1717648780630756,31.781704208620198,0.00010564209601154232,471.6961749744645,0.9859492693575491,0.09771869762983998,0.1003802998457104,-1
92,30,hybrid_heuristic,-0.22976543137980027,0.22976543137980027,1,2.1717648780630756,31.781704208620198,0.00010564209601154232,471.6961749744645,0.9859492693575491,0.09771869762983998,0.019275899976491928,-1
92,31,autoreg_rl_pure,-0.2382979341248067,0.2382979341248067,1,2.302560493544095,31.431444512740967,6.786130301344827e-05,647.9162361855269,0.9721043900508981,0.1357427024157433,0.21485499991104007,256
92,31,random,-100.0,4.568029559262737e+25,0,82.90158104289627,3.5187507210275436e+27,0.24672685626258173,23228.86258552303,0.9721043900508981,4.844856210287811,0.03601690009236336,-1
92,31,latency_greedy,-125446843.60540111,125446843.60540111,1,5.6845400022192125,9663163625.97334,0.06669672546166554,1595.3928610797993,0.9831008359244925,0.3312750985843009,0.0002554000820964575,-1
92,31,block_balanced,-642746035.9137485,642746035.9137485,1,7.941525744865297,49510692664.764565,0.07226692481337058,2227.739732087889,0.8263505538381702,0.46369866878268445,0.00010689999908208847,-1
92,31,pdp_aware_greedy,-13.344478364967502,13.344478364967502,1,2.6069564229493625,1038.655060394146,0.011992849015439502,733.1638950845745,0.9831008359244925,0.1519242974243077,0.0006287998985499144,-1
92,31,local_search,-13.344478364967502,13.344478364967502,1,2.6069564229493625,1038.655060394146,0.011992849015439502,733.1638950845745,0.9831008359244925,0.1519242974243077,0.018766900058835745,-1
92,31,beam_search,-0.23244892009339482,0.23244892009339482,1,2.2138197812729867,31.664464506382018,9.304258526397351e-05,623.0480663532286,0.9721043900508981,0.1302745673128046,0.08809090009890497,-1
92,31,simulated_annealing,-13.344478364967502,13.344478364967502,1,2.6069564229493625,1038.655060394146,0.011992849015439502,733.1638950845745,0.9831008359244925,0.1519242974243077,0.009511600015684962,-1
92,31,block_beam_strong,-0.23244892009339482,0.23244892009339482,1,2.2138197812729867,31.664464506382018,9.304258526397351e-05,623.0480663532286,0.9721043900508981,0.1302745673128046,0.29101200005970895,-1
92,31,block_lns_strong,-0.23244892009339482,0.23244892009339482,1,2.2138197812729867,31.664464506382018,9.304258526397351e-05,623.0480663532286,0.9721043900508981,0.1302745673128046,0.08212699997238815,-1
92,31,hybrid_heuristic,-0.23244892009339482,0.23244892009339482,1,2.2138197812729867,31.664464506382018,9.304258526397351e-05,623.0480663532286,0.9721043900508981,0.1302745673128046,0.016528200125321746,-1
92,32,autoreg_rl_pure,-0.7811377984698791,0.7811377984698791,1,2.2885543999246765,73.35425903099924,0.0029571395618860894,548.5761962907097,0.9969862194473982,0.13335560621404627,0.24508610018528998,255
92,32,random,-100.0,4.568029559262737e+25,0,86.38473733544814,3.5187507210275436e+27,0.2154659627942532,20604.99551090652,0.9805681230912534,5.002302404758663,0.029770600143820047,-1
92,32,latency_greedy,-30626.938653488975,30626.938653488975,1,14.597997290673627,2359109.806552187,0.038339617052855816,3484.2539503437165,0.9875132344755665,0.8429951681637092,7.299985736608505e-05,-1
92,32,block_balanced,-100.0,71281295.2203651,0,22.155063860958915,5490794210.285365,0.06476967511782115,5286.601890583313,0.8579971077048467,1.2799891069599438,0.0001449999399483204,-1
92,32,pdp_aware_greedy,-80.26000983486696,80.26000983486696,1,2.8467362152399174,6191.307840380481,0.018079039667142714,681.6925330338178,0.9969862194473982,0.16567737386232706,0.0005306999664753675,-1
92,32,local_search,-80.26000983486696,80.26000983486696,1,2.8467362152399174,6191.307840380481,0.018079039667142714,681.6925330338178,0.9969862194473982,0.16567737386232706,0.018602000083774328,-1
92,32,beam_search,-2.378117537300261,2.378117537300261,1,3.7103816079142606,185.41719535256263,0.006118527650542103,887.6783697212395,0.9969862194473982,0.21561479854505303,0.08670149999670684,-1
92,32,simulated_annealing,-80.26000983486696,80.26000983486696,1,2.8467362152399174,6191.307840380481,0.018079039667142714,681.6925330338178,0.9969862194473982,0.16567737386232706,0.010160199832171202,-1
92,32,block_beam_strong,-0.7811377984698791,0.7811377984698791,1,2.2885543999246765,73.35425903099924,0.0029571395618860894,548.5761962907097,0.9969862194473982,0.13335560621404627,0.336765400134027,-1
92,32,block_lns_strong,-0.7811377984698791,0.7811377984698791,1,2.2885543999246765,73.35425903099924,0.0029571395618860894,548.5761962907097,0.9969862194473982,0.13335560621404627,0.09292629989795387,-1
92,32,hybrid_heuristic,-0.7811377984698791,0.7811377984698791,1,2.2885543999246765,73.35425903099924,0.0029571395618860894,548.5761962907097,0.9969862194473982,0.13335560621404627,0.016011300031095743,-1
92,33,autoreg_rl_pure,-18.406793549348073,18.406793549348073,1,2.8527338206320936,1426.7117057289447,0.013075088144554674,717.9040756688527,0.9557263786378075,0.14010312073280137,0.3607073000166565,253
92,33,random,-100.0,4.568029559262737e+25,0,76.14077953118917,3.5187507210275436e+27,0.21423800001638837,19089.708619359153,0.9310168343347885,3.7445792429106226,0.03633460006676614,-1
92,33,latency_greedy,-2812944.8198557235,2812944.8198557235,1,4.8378074544447625,216680982.24548203,0.05374973437535763,1215.4900269453242,0.9310168343347885,0.23953059682419794,8.010002784430981e-05,-1
92,33,block_balanced,-39911.282280354644,39911.282280354644,1,5.294513694658007,3074353.963171336,0.03924241172418692,1329.995981175303,0.7976200966130284,0.2618974894938793,7.870001718401909e-05,-1
92,33,pdp_aware_greedy,-40.41446710421469,40.41446710421469,1,2.7400227738065173,3122.8298326343906,0.0157457525882532,689.632850753156,0.9310168343347885,0.13606540032588985,0.0004934000317007303,-1
92,33,local_search,-40.41446710421469,40.41446710421469,1,2.7400227738065173,3122.8298326343906,0.0157457525882532,689.632850753156,0.9310168343347885,0.13606540032588985,0.01886219996958971,-1
92,33,beam_search,-28.39881790523762,28.39881790523762,1,4.0484442478950164,2187.186255276533,0.014531651787213674,1017.6275053395688,0.9310168343347885,0.2005212681361772,0.07192320004105568,-1
92,33,simulated_annealing,-40.41446710421469,40.41446710421469,1,2.7400227738065173,3122.8298326343906,0.0157457525882532,689.632850753156,0.9310168343347885,0.13606540032588985,0.009284600149840117,-1
92,33,block_beam_strong,-28.40614635750866,28.40614635750866,1,2.9154370191399788,2196.478314172324,0.014546104826094591,733.6056347123663,0.9310168343347885,0.14471004353816946,0.466835199855268,-1
92,33,block_lns_strong,-28.39881790523762,28.39881790523762,1,4.0484442478950164,2187.186255276533,0.014531651787213674,1017.6275053395688,0.9310168343347885,0.2005212681361772,0.09770689997822046,-1
92,33,hybrid_heuristic,-28.39881790523762,28.39881790523762,1,4.0484442478950164,2187.186255276533,0.014531651787213674,1017.6275053395688,0.9310168343347885,0.2005212681361772,0.01741610001772642,-1
92,34,autoreg_rl_pure,-0.3472630426066165,0.3472630426066165,1,3.324559375146957,31.952569071490835,0.0001239216100840409,770.4713503897968,0.9786653169606634,0.22704296921102549,0.09766780002973974,256
92,34,random,-100.0,379070448680.01984,0,65.02883200474203,29199776343103.586,0.0940167628247041,15016.703335871922,0.9222046979920668,4.412446620420045,0.03104499983601272,-1
92,34,latency_greedy,-38.97799902548743,38.97799902548743,1,3.109700103067681,3009.331151039171,0.015619537652302826,720.828561089304,0.9693849256812552,0.21078064207167854,8.889986202120781e-05,-1
92,34,block_balanced,-36.83334605553507,36.83334605553507,1,4.770977907009684,2831.331833698264,0.015411675902028426,1104.426413289789,0.7137441389434105,0.3241736743475714,0.000120899872854352,-1
92,34,pdp_aware_greedy,-9.738541409550608,9.738541409550608,1,2.6062550452055007,760.8953327062916,0.010931949808690885,604.5994229477616,0.9693849256812552,0.17665629920037682,0.0008318000473082066,-1
92,34,local_search,-1.6617976070564078,1.6617976070564078,1,2.6237013526540554,138.60980170240575,0.005126632723973751,608.6243982824817,0.9693849256812552,0.17783883891929012,0.027084199944511056,-1
92,34,beam_search,-0.3585965490260396,0.3585965490260396,1,3.4635250668427835,31.755136485226693,0.00010279099481635451,802.5452333805736,0.9786653169606634,0.23651734342443256,0.07491219998337328,-1
92,34,simulated_annealing,-1.6617976070564078,1.6617976070564078,1,2.6237013526540554,138.60980170240575,0.005126632723973751,608.6243982824817,0.9693849256812552,0.17783883891929012,0.010861400049179792,-1
92,34,block_beam_strong,-0.5350653749759756,0.5350653749759756,1,2.61176727548591,51.9096063907716,0.0017782456336999266,605.8727815360103,0.9222046979920668,0.1770299273314643,0.42141830013133585,-1
92,34,block_lns_strong,-0.3585965490260396,0.3585965490260396,1,3.4635250668427835,31.755136485226693,0.00010279099481635451,802.5452333805736,0.9786653169606634,0.23651734342443256,0.09167160000652075,-1
92,34,hybrid_heuristic,-0.3585965490260396,0.3585965490260396,1,3.4635250668427835,31.755136485226693,0.00010279099481635451,802.5452333805736,0.9786653169606634,0.23651734342443256,0.018591299885883927,-1
92,35,autoreg_rl_pure,-1.198383204107464,1.198383204107464,1,1.9429429242010448,108.15689360784425,0.004280875948568802,482.26877798517773,0.9566747872139657,0.1318918487902149,0.118460200028494,256
92,35,random,-100.0,2.6938570125765544e+23,0,109.90963035118885,2.075076612875231e+25,0.18705223401533586,27118.075557947846,0.955157501256914,7.478530513778554,0.029804999940097332,-1
92,35,latency_greedy,-235653.97635507103,235653.97635507103,1,4.203400508119801,18152411.60074009,0.04529617721441877,1039.778372834224,0.9887655610877717,0.2872493846933549,6.839982233941555e-05,-1
92,35,block_balanced,-425666.7174056351,425666.7174056351,1,6.114845278415608,32789068.135297112,0.04731201557329695,1511.4167316757043,0.6822553580406528,0.4170398161844615,7.33998604118824e-05,-1
92,35,pdp_aware_greedy,-1.535293452808005,1.535293452808005,1,2.861835341040532,127.03084864515974,0.004829237549268428,708.8977520824042,0.9887655610877717,0.19426857544887627,0.0005409000441431999,-1
92,35,local_search,-1.535293452808005,1.535293452808005,1,2.861835341040532,127.03084864515974,0.004829237549268428,708.8977520824042,0.9887655610877717,0.19426857544887627,0.01598919997923076,-1
92,35,beam_search,-1.198383204107464,1.198383204107464,1,1.9429429242010448,108.15689360784425,0.004280875948568802,482.26877798517773,0.9566747872139657,0.1318918487902149,0.07670119986869395,-1
92,35,simulated_annealing,-1.535293452808005,1.535293452808005,1,2.861835341040532,127.03084864515974,0.004829237549268428,708.8977520824042,0.9887655610877717,0.19426857544887627,0.00839029997587204,-1
92,35,block_beam_strong,-1.198383204107464,1.198383204107464,1,1.9429429242010448,108.15689360784425,0.004280875948568802,482.26877798517773,0.9566747872139657,0.1318918487902149,0.6058374000713229,-1
92,35,block_lns_strong,-1.198383204107464,1.198383204107464,1,1.9429429242010448,108.15689360784425,0.004280875948568802,482.26877798517773,0.9566747872139657,0.1318918487902149,0.06314800004474819,-1
92,35,hybrid_heuristic,-1.198383204107464,1.198383204107464,1,1.9429429242010448,108.15689360784425,0.004280875948568802,482.26877798517773,0.9566747872139657,0.1318918487902149,0.016129400115460157,-1
92,36,autoreg_rl_pure,-0.3148683557996461,0.3148683557996461,1,2.3844903995158466,36.69855436361012,0.0005960454406881168,630.3006414671893,0.9970189206208874,0.16261760948249754,0.12319890013895929,256
92,36,random,-100.0,725979162909536.6,0,74.52427013776823,5.592213600629967e+16,0.11978206115472435,19615.33091951423,0.9970189206208874,5.0518849596690805,0.03383550001308322,-1
92,36,latency_greedy,-286.1915340703604,286.1915340703604,1,3.3673882519899916,22050.19153442324,0.022409334100907154,888.9514191129587,0.9951474919555481,0.22726338846722166,9.329989552497864e-05,-1
92,36,block_balanced,-106025.79255488924,106025.79255488924,1,5.650966410263899,8167148.4001150355,0.04257329624091712,1489.980689705495,0.7121563718720624,0.38219141579083304,0.00042550009675323963,-1
92,36,pdp_aware_greedy,-0.9109750514405941,0.9109750514405941,1,2.5158561329711056,81.60471163671691,0.003320515208011364,664.861048201931,0.9951474919555481,0.17044226384154962,0.001965499948710203,-1
92,36,local_search,-0.9101896540032477,0.9101896540032477,1,2.508002158597641,81.60471163671691,0.003320515208011364,662.8050802686362,0.9951474919555481,0.17007429349496828,0.02542730001732707,-1
92,36,beam_search,-3.7678015034627608,3.7678015034627608,1,5.129681795727085,281.53161503948854,0.0075423381210490996,1352.775428210823,0.9970189206208874,0.3493006352647431,0.08409769996069372,-1
92,36,simulated_annealing,-0.9101896540032477,0.9101896540032477,1,2.508002158597641,81.60471163671691,0.003320515208011364,662.8050802686362,0.9951474919555481,0.17007429349496828,0.008062700042501092,-1
92,36,block_beam_strong,-0.3070588187644929,0.3070588187644929,1,2.3024740289325685,36.72875780737862,0.0005988501169523232,608.740204741478,0.9970189206208874,0.15703559513464257,0.5521122999489307,-1
92,36,block_lns_strong,-0.30529809735055724,0.30529809735055724,1,2.2848668147932116,36.72875780737862,0.0005988501169523232,604.0955696710089,0.9951474919555481,0.15568600683140318,0.12393880006857216,-1
92,36,hybrid_heuristic,-0.30529809735055724,0.30529809735055724,1,2.2848668147932116,36.72875780737862,0.0005988501169523232,604.0955696710089,0.9951474919555481,0.15568600683140318,0.021585799986496568,-1
92,37,autoreg_rl_pure,-0.20813052482409275,0.20813052482409275,1,1.537855242787999,34.99817103902536,0.0004343071520388297,394.66770579039746,0.9972991392876853,0.09885841745431331,0.11893849982880056,256
92,37,random,-100.0,20123948958.80656,0,62.680097827295334,1550146709197.3604,0.08400796193778093,15976.26892615121,0.8967280831656721,4.049065119717814,0.03396220016293228,-1
92,37,latency_greedy,-0.26808361572624495,0.26808361572624495,1,2.1373861522657007,34.998171035511405,0.0004343071516965317,547.4459056991057,0.9972991392876853,0.13889737987678896,7.449998520314693e-05,-1
92,37,block_balanced,-2.2222981509418593,2.2222981509418593,1,3.6755415782141276,173.68280893536058,0.005895641281815086,939.4817042393281,0.6474662093350821,0.23758732104508987,8.210004307329655e-05,-1
92,37,pdp_aware_greedy,-0.26808361572624495,0.26808361572624495,1,2.1373861522657007,34.998171035511405,0.0004343071516965317,547.4459056991057,0.9972991392876853,0.13889737987678896,0.0005588999483734369,-1
92,37,local_search,-0.2673494569110585,0.2673494569110585,1,2.130044564113837,34.998171035511405,0.0004343071516965317,545.5758688989991,0.9972991392876853,0.13828089579720865,0.028569799847900867,-1
92,37,beam_search,-0.21912222264251377,0.21912222264251377,1,2.158180604408772,31.066497997212167,2.804578967286585e-05,552.7756517255164,0.9580958776195821,0.1403274870094929,0.08179480000399053,-1
92,37,simulated_annealing,-0.2673494569110585,0.2673494569110585,1,2.130044564113837,34.998171035511405,0.0004343071516965317,545.5758688989991,0.9972991392876853,0.13828089579720865,0.011184600181877613,-1
92,37,block_beam_strong,-0.20813052482409275,0.20813052482409275,1,1.537855242787999,34.99817103902536,0.0004343071520388297,394.66770579039746,0.9972991392876853,0.09885841745431331,0.6998880000319332,-1
92,37,block_lns_strong,-0.20813052482409275,0.20813052482409275,1,1.537855242787999,34.99817103902536,0.0004343071520388297,394.66770579039746,0.9972991392876853,0.09885841745431331,0.09477870003320277,-1
92,37,hybrid_heuristic,-0.20813052482409275,0.20813052482409275,1,1.537855242787999,34.99817103902536,0.0004343071520388297,394.66770579039746,0.9972991392876853,0.09885841745431331,0.021464699879288673,-1
92,38,autoreg_rl_pure,-0.1363227013035052,0.1363227013035052,1,1.3026369985698842,31.278703116585383,5.1253825477499295e-05,328.38000862011006,0.9747843105656699,0.06727026706870441,0.11716479994356632,256
92,38,random,-100.0,6370859060133222.0,0,74.8300647052368,4.907469319228026e+17,0.12718675941921959,18712.363913074558,0.7798274484525359,3.796356215098132,0.041541599901393056,-1
92,38,latency_greedy,-555.3837481663444,555.3837481663444,1,2.603547107226252,42791.93722172687,0.02466973789058631,653.6435528993418,0.9747843105656699,0.13401247869018562,6.79998192936182e-05,-1
92,38,block_balanced,-3832.4779563780708,3832.4779563780708,1,6.136845018458287,295199.11145253084,0.031253948472519645,1537.187135713541,0.6595060269990036,0.3131681963916288,0.00031940010376274586,-1
92,38,pdp_aware_greedy,-0.2557877586729371,0.2557877586729371,1,2.460074850126949,31.565352515747755,8.235478050763584e-05,617.8356233707972,0.9747843105656699,0.1249601803421075,0.0014881000388413668,-1
92,38,local_search,-0.24367252961266114,0.24367252961266114,1,2.337027495448587,31.579950184164538,8.393103499073266e-05,587.069816559398,0.9747843105656699,0.11884072533542067,0.029238299932330847,-1
92,38,beam_search,-0.1363227013035052,0.1363227013035052,1,1.3026369985698842,31.278703116585383,5.1253825477499295e-05,328.38000862011006,0.9747843105656699,0.06727026706870441,0.08660410018637776,-1
92,38,simulated_annealing,-0.24367252961266114,0.24367252961266114,1,2.337027495448587,31.579950184164538,8.393103499073266e-05,587.069816559398,0.9747843105656699,0.11884072533542067,0.010582699906080961,-1
92,38,block_beam_strong,-0.1363227013035052,0.1363227013035052,1,1.3026369985698842,31.278703116585383,5.1253825477499295e-05,328.38000862011006,0.9747843105656699,0.06727026706870441,0.6142913000658154,-1
92,38,block_lns_strong,-0.1363227013035052,0.1363227013035052,1,1.3026369985698842,31.278703116585383,5.1253825477499295e-05,328.38000862011006,0.9747843105656699,0.06727026706870441,0.07445450010709465,-1
92,38,hybrid_heuristic,-0.1363227013035052,0.1363227013035052,1,1.3026369985698842,31.278703116585383,5.1253825477499295e-05,328.38000862011006,0.9747843105656699,0.06727026706870441,0.01779369986616075,-1
92,39,autoreg_rl_pure,-0.1958163724391178,0.1958163724391178,1,1.9581636593853613,30.811979060663283,5.54046363780726e-11,573.6100727565754,0.9761347554942682,0.12305177508143504,0.323117199819535,253
92,39,random,-100.0,3.629776460372287e+24,0,71.36468888720678,2.7960148618576777e+26,0.19591884926460085,20808.153397157548,0.9761347554942682,4.448850807735231,0.03338439995422959,-1
92,39,latency_greedy,-755020479.8180652,755020479.8180652,1,4.847035968035952,58159187084.619354,0.07281579141397851,1415.763676495605,0.9735423717308936,0.30234082779139637,7.349997758865356e-05,-1
92,39,block_balanced,-76252373160.50859,76252373160.50859,1,9.904745357092759,5873716217366.769,0.08854950131989202,2890.311391092813,0.7301567787981702,0.6199886966845974,7.349997758865356e-05,-1
92,39,pdp_aware_greedy,-131.1754760600022,131.1754760600022,1,2.485703193834199,10116.104510052708,0.019752901989010335,727.3911849073004,0.9761347554942682,0.15475565298613347,0.0006929000373929739,-1
92,39,local_search,-100.0,3.629776460372287e+24,0,71.36468888720678,2.7960148618576777e+26,0.19591884926460085,20808.153397157548,0.9761347554942682,4.448850807735231,0.02118839998729527,-1
92,39,beam_search,-0.1958163724391178,0.1958163724391178,1,1.9581636593853613,30.811979060663283,5.54046363780726e-11,573.6100727565754,0.9761347554942682,0.12305177508143504,0.08622750011272728,-1
92,39,simulated_annealing,-100.0,3.629776460372287e+24,0,71.36468888720678,2.7960148618576777e+26,0.19591884926460085,20808.153397157548,0.9761347554942682,4.448850807735231,0.01846110005863011,-1
92,39,block_beam_strong,-1.3834423204804676,1.3834423204804676,1,2.2670421819237205,119.91545257779326,0.00463272030491314,663.661394041323,0.9761347554942682,0.1420583704706218,0.44523700000718236,-1
92,39,block_lns_strong,-0.1958163724391178,0.1958163724391178,1,1.9581636593853613,30.811979060663283,5.54046363780726e-11,573.6100727565754,0.9761347554942682,0.12305177508143504,0.1104186000302434,-1
92,39,hybrid_heuristic,-0.1958163724391178,0.1958163724391178,1,1.9581636593853613,30.811979060663283,5.54046363780726e-11,573.6100727565754,0.9761347554942682,0.12305177508143504,0.021327799884602427,-1
92,40,autoreg_rl_pure,-0.22267608849132686,0.22267608849132686,1,2.1534081392891364,31.377014366294404,6.195242048320882e-05,543.4904151765081,0.8852377701885727,0.11549433313111206,0.16556700016371906,256
92,40,random,-100.0,1.7320036022013722e+25,0,86.09177029544053,1.334161446418488e+27,0.20124639921417414,21621.377654164906,0.9215610985807559,4.609209336730744,0.039118099957704544,-1
92,40,latency_greedy,-33803.15151695703,33803.15151695703,1,9.95185990991402,2603809.102350857,0.03867607572136769,2501.7350714009513,0.9430529966500368,0.5325634271003524,7.329997606575489e-05,-1
92,40,block_balanced,-3844864.0317468196,3844864.0317468196,1,14.394951740814026,296169590.2077557,0.05481513357499814,3617.4874302664684,0.7544423973200295,0.769392839455038,0.00014190003275871277,-1
92,40,pdp_aware_greedy,-989.0326447528157,989.0326447528157,1,3.0534467970385126,76192.42290722016,0.026636553737368805,769.4898780750436,0.9430529966500368,0.16429776213041106,0.0006857998669147491,-1
92,40,local_search,-100.0,1.7320036022013722e+25,0,86.09177029544053,1.334161446418488e+27,0.20124639921417414,21621.377654164906,0.9215610985807559,4.609209336730744,0.022440799977630377,-1
92,40,beam_search,-0.22267608849132686,0.22267608849132686,1,2.1534081392891364,31.377014366294404,6.195242048320882e-05,543.4904151765081,0.8852377701885727,0.11549433313111206,0.09417729987762868,-1
92,40,simulated_annealing,-100.0,1.7320036022013722e+25,0,86.09177029544053,1.334161446418488e+27,0.20124639921417414,21621.377654164906,0.9215610985807559,4.609209336730744,0.015393099980428815,-1
92,40,block_beam_strong,-1.6137692656614908,1.6137692656614908,1,2.488982550065915,135.94791935332464,0.00506052492694733,627.7773667917061,0.9403239254348038,0.13383837715719873,0.367482400033623,-1
92,40,block_lns_strong,-0.22267608849132686,0.22267608849132686,1,2.1534081392891364,31.377014366294404,6.195242048320882e-05,543.4904151765081,0.8852377701885727,0.11549433313111206,0.10529530001804233,-1
92,40,hybrid_heuristic,-0.22267608849132686,0.22267608849132686,1,2.1534081392891364,31.377014366294404,6.195242048320882e-05,543.4904151765081,0.8852377701885727,0.11549433313111206,0.01952989981509745,-1
92,41,autoreg_rl_pure,-1.461221725024683,1.461221725024683,1,2.368709419685425,125.1236537533032,0.00477766477293147,564.2039569247748,0.9904872206218432,0.15077831922653226,0.1833434000145644,256
92,41,random,-100.0,3.369120415079172e+19,0,77.21203465007744,2.5952316498805276e+21,0.1564148044264309,18305.380534731696,0.8834185323740713,4.8717222156963595,0.037408299976959825,-1
92,41,latency_greedy,-10831.181283351987,10831.181283351987,1,3.3265628687116315,834330.5011858367,0.034796048942835396,791.2483349593538,0.9904872206218432,0.21119830748279286,6.980006583034992e-05,-1
92,41,block_balanced,-126614.33135535737,126614.33135535737,1,5.199403627363857,9753085.918751193,0.04317830821182297,1235.2548384563274,0.7923897764974747,0.3290286141009061,7.779989391565323e-05,-1
92,41,pdp_aware_greedy,-1.6081517608889881,1.6081517608889881,1,2.458149353172626,135.75271121220055,0.005055626109721607,585.4880991164914,0.9357417708098934,0.15468413049311802,0.002186200115829706,-1
92,41,local_search,-1.6081517608889881,1.6081517608889881,1,2.458149353172626,135.75271121220055,0.005055626109721607,585.4880991164914,0.9357417708098934,0.15468413049311802,0.020270999986678362,-1
92,41,beam_search,-1.6081517608889881,1.6081517608889881,1,2.458149353172626,135.75271121220055,0.005055626109721607,585.4880991164914,0.9357417708098934,0.15468413049311802,0.08288010000251234,-1
92,41,simulated_annealing,-1.6081517608889881,1.6081517608889881,1,2.458149353172626,135.75271121220055,0.005055626109721607,585.4880991164914,0.9357417708098934,0.15468413049311802,0.010673200013116002,-1
92,41,block_beam_strong,-1.468287248399024,1.468287248399024,1,2.4388957439126924,125.12726576079267,0.004777763186922035,580.8327119834513,0.9904872206218432,0.15521124307425213,0.35606879997067153,-1
92,41,block_lns_strong,-1.468287248399024,1.468287248399024,1,2.4388957439126924,125.12726576079267,0.004777763186922035,580.8327119834513,0.9904872206218432,0.15521124307425213,0.10318249999545515,-1
92,41,hybrid_heuristic,-1.468287248399024,1.468287248399024,1,2.4388957439126924,125.12726576079267,0.004777763186922035,580.8327119834513,0.9904872206218432,0.15521124307425213,0.019045500084757805,-1
92,42,autoreg_rl_pure,-2.2570500711318164,2.2570500711318164,1,2.6327832492427845,184.3921093037452,0.006099627403399029,764.1158343633882,0.9533833341725476,0.16085983250580094,0.8678222999442369,204
92,42,random,-100.0,4.568029559262737e+25,0,82.93214162915282,3.5187507210275436e+27,0.2609321444021725,23983.60049342989,0.9533833341725476,5.0305964084042785,0.03823480010032654,-1
92,42,latency_greedy,-2377069.657017301,2377069.657017301,1,4.85638444670924,183105541.67193156,0.05317574792139037,1406.9657688012655,0.9738990196617046,0.29396067978419993,0.00016529997810721397,-1
92,42,block_balanced,-1910364.1624928385,1910364.1624928385,1,6.7738435623330675,147155227.67403832,0.05243058058334595,1961.5181897368666,0.6550479994669317,0.41087378707934563,9.330012835562229e-05,-1
92,42,pdp_aware_greedy,-5.457326718468009,5.457326718468009,1,2.6729183876258213,430.6000871567749,0.008991031340663693,775.6904605613956,0.9825719992003976,0.1636172499686105,0.0005865998100489378,-1
92,42,local_search,-5.457326718468009,5.457326718468009,1,2.6729183876258213,430.6000871567749,0.008991031340663693,775.6904605613956,0.9825719992003976,0.1636172499686105,0.023337400052696466,-1
92,42,beam_search,-21.012644827315075,21.012644827315075,1,2.7295612606366415,1628.3890875660557,0.013525850436650536,792.1210846887872,0.9825719992003976,0.16708176550495507,0.08419590000994503,-1
92,42,simulated_annealing,-5.457326718468009,5.457326718468009,1,2.6729183876258213,430.6000871567749,0.008991031340663693,775.6904605613956,0.9825719992003976,0.1636172499686105,0.009471200173720717,-1
92,42,block_beam_strong,-2.17363476830963,2.17363476830963,1,2.636436662519099,177.9384907755432,0.0059781688534452995,765.1515204851568,0.9371827510770374,0.1608462110724958,0.7066094998735934,-1
92,42,block_lns_strong,-2.149357049716263,2.149357049716263,1,2.530536397778037,176.88412858525942,0.005957907722363705,734.5338880858606,0.7791192157293636,0.15465992991461244,0.11339589999988675,-1
92,42,hybrid_heuristic,-2.149357049716263,2.149357049716263,1,2.530536397778037,176.88412858525942,0.005957907722363705,734.5338880858606,0.7791192157293636,0.15465992991461244,0.018529700115323067,-1
92,43,autoreg_rl_pure,-2.192701745807893,2.192701745807893,1,3.8685989446967057,169.91587957503995,0.005820886795594143,813.0847264411976,0.9756286591024531,0.1720534230739947,1.0551241000648588,195
92,43,random,-100.0,707421519067974.8,0,73.37682995202246,5.4492641695877416e+16,0.11969378094075593,15372.699249129344,0.8687321284773446,3.2495184186276695,0.040338899940252304,-1
92,43,latency_greedy,-78058.10686451466,78058.10686451466,1,13.282457579867161,6012740.285123187,0.04152926212432254,2784.960275687854,0.9756286591024531,0.5878359931156295,7.640011608600616e-05,-1
92,43,block_balanced,-450803.79709179985,450803.79709179985,1,12.506974112319018,34725326.79763597,0.04750761608511832,2622.547207822506,0.8640375357298579,0.5535490197637993,7.579987868666649e-05,-1
92,43,pdp_aware_greedy,-67025.74943690801,67025.74943690801,1,4.53967016179978,5162985.729455726,0.041009815785036915,953.6727309117528,0.9756286591024531,0.20171817292955851,0.0005865001585334539,-1
92,43,local_search,-100.0,707421519067974.8,0,73.37682995202246,5.4492641695877416e+16,0.11969378094075593,15372.699249129344,0.8687321284773446,3.2495184186276695,0.024718299973756075,-1
92,43,beam_search,-82.52145431631791,82.52145431631791,1,6.240110097096561,6339.3676467494,0.01815960844730541,1309.828378209192,0.9756286591024531,0.27794614495991865,0.0770384999923408,-1
92,43,simulated_annealing,-100.0,707421519067974.8,0,73.37682995202246,5.4492641695877416e+16,0.11969378094075593,15372.699249129344,0.8687321284773446,3.2495184186276695,0.014459299854934216,-1
92,43,block_beam_strong,-2.0776024131817064,2.0776024131817064,1,4.03747340283986,159.74894510628457,0.005610538478688835,848.4745239542569,0.9756286591024531,0.17954033261129237,0.49103439995087683,-1
92,43,block_lns_strong,-2.0645457128046747,2.0645457128046747,1,3.9103013025793913,159.72279418274496,0.005609980344703808,821.832234374305,0.9756286591024531,0.17391979569214985,0.09517099987715483,-1
92,43,hybrid_heuristic,-1.55188695788855,1.55188695788855,1,5.387025875942812,108.85751629681616,0.004302889038915678,1131.1485790686686,0.9756286591024531,0.23999302287464147,0.03447199985384941,-1
92,44,autoreg_rl_pure,-0.16543104265595446,0.16543104265595446,1,1.654310360823599,30.811979066287464,5.602692759071718e-11,416.2972424349625,0.959070762341577,0.07935932016670617,0.11242520017549396,256
92,44,random,-100.0,758794387266.5339,0,51.391179032866404,58449890979252.39,0.09638278519638876,12845.718083712769,0.9400277668632708,2.477934242812968,0.03742309985682368,-1
92,44,latency_greedy,-35290078.491398856,35290078.491398856,1,3.6865689913578112,2718392857.051883,0.06237289043704768,924.0502457943071,0.9718137292165059,0.17856871357650728,7.54999928176403e-05,-1
92,44,block_balanced,-287506.5965436136,287506.5965436136,1,5.782396209045123,22146603.991557784,0.045974203641524214,1447.87687054758,0.6266851779088473,0.27914437645176016,0.00011649983935058117,-1
92,44,pdp_aware_greedy,-0.25362894750860404,0.25362894750860404,1,2.2767764168220435,32.81100625673646,0.00021430466654781148,571.810023353418,0.9718137292165059,0.10921978903682455,0.0010224999859929085,-1
92,44,local_search,-0.2514822041436762,0.2514822041436762,1,2.255308983171555,32.811006256745785,0.00021430466654878021,566.4391572819787,0.9718137292165059,0.10818996961444093,0.030333400005474687,-1
92,44,beam_search,-0.3561394408711971,0.3561394408711971,1,3.2406475493266127,33.282689898559966,0.0002629657787064328,812.6485994826965,0.9718137292165059,0.155457882937049,0.0853782999329269,-1
92,44,simulated_annealing,-0.2514822041436762,0.2514822041436762,1,2.255308983171555,32.811006256745785,0.00021430466654878021,566.4391572819787,0.9718137292165059,0.10818996961444093,0.009573999792337418,-1
92,44,block_beam_strong,-0.16145024956928775,0.16145024956928775,1,1.6145024299566986,30.81197906628926,5.602712637813553e-11,406.3430128326226,0.9876744225712705,0.07744968434161971,0.8530864000786096,-1
92,44,block_lns_strong,-0.16145024956928775,0.16145024956928775,1,1.6145024299566986,30.81197906628926,5.602712637813553e-11,406.3430128326226,0.9876744225712705,0.07744968434161971,0.09620740008540452,-1
92,44,hybrid_heuristic,-0.16145024956928775,0.16145024956928775,1,1.6145024299566986,30.81197906628926,5.602712637813553e-11,406.3430128326226,0.9876744225712705,0.07744968434161971,0.021986600011587143,-1
92,45,autoreg_rl_pure,-0.4753095833725033,0.4753095833725033,1,2.5469660560741625,47.80578441227086,0.0014974724821070129,732.8534348521431,0.9933142837217577,0.1530544275261897,0.13294130004942417,256
92,45,random,-100.0,4.568029559262737e+25,0,107.45651745244297,3.5187507210275436e+27,0.21497382875897442,30805.10421495795,0.9260467677369595,6.407266714889419,0.04424290009774268,-1
92,45,latency_greedy,-3255.4466711237797,3255.4466711237797,1,3.6069499213383924,250769.91024675238,0.030697857549017767,1036.6437404858943,0.9933142837217577,0.21625609822849629,9.729992598295212e-05,-1
92,45,block_balanced,-1451746.9436505025,1451746.9436505025,1,6.832771465509496,111827967.43466213,0.05149466243965985,1961.4030092751411,0.7257069843020043,0.4082908283248002,0.00023859995417296886,-1
92,45,pdp_aware_greedy,-0.5590838987140452,0.5590838987140452,1,2.6865714812008283,53.183535591247605,0.0018609019547277707,772.912545361499,0.9933142837217577,0.16135400164031863,0.001223699888214469,-1
92,45,local_search,-0.5412824608345268,0.5412824608345268,1,2.7413881250683416,51.39003947165556,0.0017439506813839453,788.6291200445289,0.9933142837217577,0.16453040280274084,0.030999500071629882,-1
92,45,beam_search,-0.5412824608345268,0.5412824608345268,1,2.7413881250683416,51.39003947165556,0.0017439506813839453,788.6291200445289,0.9933142837217577,0.16453040280274084,0.0859334000851959,-1
92,45,simulated_annealing,-0.5412824608345268,0.5412824608345268,1,2.7413881250683416,51.39003947165556,0.0017439506813839453,788.6291200445289,0.9933142837217577,0.16453040280274084,0.011159599991515279,-1
92,45,block_beam_strong,-0.49017879752354554,0.49017879752354554,1,2.6467690585538923,48.18237718817757,0.0015242235067296982,761.5185274862188,0.9330518369597198,0.15900878043560993,0.5972691001370549,-1
92,45,block_lns_strong,-0.4683322859969081,0.4683322859969081,1,2.477819378898734,47.80096005306805,0.0014971284214705283,713.0459936760506,0.9330518369597198,0.14892591819295925,0.1049303999170661,-1
92,45,hybrid_heuristic,-0.4683322859969081,0.4683322859969081,1,2.477819378898734,47.80096005306805,0.0014971284214705283,713.0459936760506,0.9330518369597198,0.14892591819295925,0.016488899942487478,-1
92,46,autoreg_rl_pure,-41.207217582968575,41.207217582968575,1,3.2206140565815966,3180.1933674459874,0.015807808458804272,852.6887371811558,0.9672949703869247,0.1746354827405907,0.23231870005838573,245
92,46,random,-100.0,4.568029559262737e+25,0,81.27830943171823,3.5187507210275436e+27,0.255207241999562,21451.159611910367,0.970224684938135,4.422124984496784,0.03896869998425245,-1
92,46,latency_greedy,-669320.3686807337,669320.3686807337,1,4.704179952563765,51557706.69948329,0.04885504674436898,1244.1830530598047,0.9672949703869247,0.2550807772933063,0.00016369996592402458,-1
92,46,block_balanced,-7768858693.762463,7768858693.762463,1,8.141398543680696,598434768736.3158,0.08076311806751407,2151.251616600799,0.8210345462503996,0.4422260584284876,8.729984983801842e-05,-1
92,46,pdp_aware_greedy,-1089.502040023553,1089.502040023553,1,5.084993077991261,83915.92604963327,0.026965724642579486,1344.6980342573427,0.970224684938135,0.27758974641114637,0.0007460999768227339,-1
92,46,local_search,-100.0,4.568029559262737e+25,0,81.27830943171823,3.5187507210275436e+27,0.255207241999562,21451.159611910367,0.970224684938135,4.422124984496784,0.025648500071838498,-1
92,46,beam_search,-418.6081449997703,418.6081449997703,1,5.223224818849234,32235.940477632925,0.02370401849219349,1381.1849562727275,0.970224684938135,0.2850989878360764,0.09367989981546998,-1
92,46,simulated_annealing,-100.0,4.568029559262737e+25,0,81.27830943171823,3.5187507210275436e+27,0.255207241999562,21451.159611910367,0.970224684938135,4.422124984496784,0.01207530009560287,-1
92,46,block_beam_strong,-41.207217582968575,41.207217582968575,1,3.2206140565815966,3180.1933674459874,0.015807808458804272,852.6887371811558,0.9672949703869247,0.1746354827405907,0.3959180999081582,-1
92,46,block_lns_strong,-41.207217582968575,41.207217582968575,1,3.2206140565815966,3180.1933674459874,0.015807808458804272,852.6887371811558,0.9672949703869247,0.1746354827405907,0.09475290006957948,-1
92,46,hybrid_heuristic,-41.207217582968575,41.207217582968575,1,3.2206140565815966,3180.1933674459874,0.015807808458804272,852.6887371811558,0.9672949703869247,0.1746354827405907,0.01880869991146028,-1
92,47,autoreg_rl_pure,-0.2541907135708441,0.2541907135708441,1,2.4037428943334804,31.876256970672184,0.00011576967633232846,598.5615285798542,0.9758021865991859,0.17614036263470972,0.20219149999320507,256
92,47,random,-100.0,5254635484605972.0,0,59.61922698079151,4.047642897297349e+17,0.12653006462779967,14777.551911119162,0.994798167687564,4.347423294963822,0.032692600041627884,-1
92,47,latency_greedy,-5462.698231464097,5462.698231464097,1,4.07207463814642,420790.79677746264,0.032462465061176546,1011.9522464360296,0.9942574130418406,0.2961432494508724,0.00034050014801323414,-1
92,47,block_balanced,-132088.36019511422,132088.36019511422,1,6.967219963846658,10174736.44938891,0.04332259996606849,1729.4771444241765,0.7536290242449606,0.5082887101168496,0.0001066999975591898,-1
92,47,pdp_aware_greedy,-118.59486779248425,118.59486779248425,1,2.9454366180237512,9143.479605426446,0.019408272869805933,732.7660764366242,0.994798167687564,0.2138375404012743,0.0006768000312149525,-1
92,47,local_search,-100.0,5254635484605972.0,0,59.61922698079151,4.047642897297349e+17,0.12653006462779967,14777.551911119162,0.994798167687564,4.347423294963822,0.022224899847060442,-1
92,47,beam_search,-0.24310370951702218,0.24310370951702218,1,2.292872853795261,31.876256970672184,0.00011576967633232846,571.0471206250304,0.9894216362099796,0.16755565741852488,0.08168040006421506,-1
92,47,simulated_annealing,-100.0,5254635484605972.0,0,59.61922698079151,4.047642897297349e+17,0.12653006462779967,14777.551911119162,0.994798167687564,4.347423294963822,0.014519100077450275,-1
92,47,block_beam_strong,-0.24310370951702218,0.24310370951702218,1,2.292872853795261,31.876256970672184,0.00011576967633232846,571.0471206250304,0.9894216362099796,0.16755565741852488,0.41864280006848276,-1
92,47,block_lns_strong,-0.24310370951702218,0.24310370951702218,1,2.292872853795261,31.876256970672184,0.00011576967633232846,571.0471206250304,0.9894216362099796,0.16755565741852488,0.08821550011634827,-1
92,47,hybrid_heuristic,-0.24310370951702218,0.24310370951702218,1,2.292872853795261,31.876256970672184,0.00011576967633232846,571.0471206250304,0.9894216362099796,0.16755565741852488,0.01708599994890392,-1
92,48,autoreg_rl_pure,-2.7334702083986318,2.7334702083986318,1,4.438039126298877,207.1848505964407,0.006496960292474289,1118.492981376229,0.9879622088236862,0.2316824109553091,0.23504529986530542,254
92,48,random,-100.0,4.568029559262737e+25,0,127.60359219889114,3.5187507210275436e+27,0.28527209847469637,32079.720780830372,0.9351535501575131,6.624876076813317,0.033585199853405356,-1
92,48,latency_greedy,-1579075003.8199089,1579075003.8199089,1,5.532965553806956,121636062893.71823,0.07533127655198613,1393.682604712131,0.9879622088236862,0.28866498272396685,6.980006583034992e-05,-1
92,48,block_balanced,-35768158.81691723,35768158.81691723,1,7.915872590043489,2755219326.323065,0.06241876548112287,1992.7440396175323,0.7792946251312609,0.4119111949989479,7.92001374065876e-05,-1
92,48,pdp_aware_greedy,-174.86952935966272,174.86952935966272,1,3.3483724261331176,13475.209957243505,0.020730401336014247,844.5736702515143,0.9879622088236862,0.1744384824863505,0.0004926000256091356,-1
92,48,local_search,-100.0,4.568029559262737e+25,0,127.60359219889114,3.5187507210275436e+27,0.28527209847469637,32079.720780830372,0.9351535501575131,6.624876076813317,0.02043760009109974,-1
92,48,beam_search,-885.825785319635,885.825785319635,1,5.060172083165904,68226.94626286661,0.02626010037821385,1274.8801208251639,0.9351535501575131,0.26295588776851614,0.08338710013777018,-1
92,48,simulated_annealing,-100.0,4.568029559262737e+25,0,127.60359219889114,3.5187507210275436e+27,0.28527209847469637,32079.720780830372,0.9351535501575131,6.624876076813317,0.014267799910157919,-1
92,48,block_beam_strong,-133.665457718649,133.665457718649,1,4.874827792698945,10289.504249775478,0.019810843954278998,1228.303524322999,0.9618359011461876,0.2538761823999887,0.34735629986971617,-1
92,48,block_lns_strong,-100.0,30967182.576789223,0,7.29570214756981,2385400388.6564145,0.0619273956836215,1836.9512127077141,3.655012544082841,0.3777650500739314,0.09623739984817803,-1
92,48,hybrid_heuristic,-100.0,4.568029559262737e+25,0,127.60359219889114,3.5187507210275436e+27,0.28527209847469637,32079.720780830372,0.9351535501575131,6.624876076813317,0.024809200083836913,-1
92,49,autoreg_rl_pure,-0.35793162276399487,0.35793162276399487,1,2.6660114639624357,37.847160259200784,0.0007011125086063676,754.4621976671625,0.9859270039348134,0.1781278152966994,0.10282339993864298,256
92,49,random,-100.0,37747349788476.484,0,56.86844822853032,2907676330940799.0,0.10970236718326802,16033.254668058988,0.9392323212688779,3.796325819099279,0.030263799941167235,-1
92,49,latency_greedy,-658611.3042528089,658611.3042528089,1,5.769699618335155,50732779.83291586,0.048800058038212774,1629.3354845521312,0.9859270039348134,0.38796646474669966,6.820005364716053e-05,-1
92,49,block_balanced,-3308407.320526795,3308407.320526795,1,8.205050864981947,254846406.1774323,0.054302827357173296,2315.8345725764984,0.7044266410161053,0.5502452443978976,7.209996692836285e-05,-1
92,49,pdp_aware_greedy,-0.7286945519993685,0.7286945519993685,1,2.9183719928546257,64.46307702383871,0.002516642369063575,825.5953816061264,0.9859270039348134,0.19421630969105771,0.0005038999952375889,-1
92,49,local_search,-0.7286945519993685,0.7286945519993685,1,2.9183719928546257,64.46307702383871,0.002516642369063575,825.5953816061264,0.9859270039348134,0.19421630969105771,0.013502399902790785,-1
92,49,beam_search,-0.44868631894142114,0.44868631894142114,1,3.8118754822066765,36.0114052505965,0.0005316056829994484,1077.4651896045766,0.9859270039348134,0.25596954935451455,0.08287909999489784,-1
92,49,simulated_annealing,-0.7286945519993685,0.7286945519993685,1,2.9183719928546257,64.46307702383871,0.002516642369063575,825.5953816061264,0.9859270039348134,0.19421630969105771,0.00952369999140501,-1
92,49,block_beam_strong,-0.3544394575445442,0.3544394575445442,1,2.631084403187486,37.84720192146695,0.0007011162614739191,744.6141192958404,0.9859270039348134,0.17548017740732866,0.5513259000144899,-1
92,49,block_lns_strong,-0.3503107076364733,0.3503107076364733,1,2.58978405652522,37.84730088631882,0.0007011251760463965,732.9735753032677,0.9859270039348134,0.17289911259724297,0.1012041000649333,-1
92,49,hybrid_heuristic,-0.3503107076364733,0.3503107076364733,1,2.58978405652522,37.84730088631882,0.0007011251760463965,732.9735753032677,0.9859270039348134,0.17289911259724297,0.020248800050467253,-1
92,50,autoreg_rl_pure,-3.3611828608232277,3.3611828608232277,1,3.593422316463682,262.0436013261879,0.007297782310482059,1049.5966954967603,0.9881572777933308,0.22642076757277874,0.24072479992173612,254
92,50,random,-100.0,2.2692944784300743e+20,0,84.17413414634561,1.7480363203885244e+22,0.1629175416395622,24522.968744589398,0.9881572777933308,5.2785177178649105,0.032120299991220236,-1
92,50,latency_greedy,-169385.0457268981,169385.0457268981,1,3.858916803982713,13047722.080035355,0.04417049030755382,1126.9138311750883,0.9881572777933308,0.24312496564323818,7.129996083676815e-05,-1
92,50,block_balanced,-1460679.1033673312,1460679.1033673312,1,5.962943408489328,112516017.91916485,0.05151557422528168,1739.8464510116492,0.8234643981611091,0.37472401505171504,7.409998215734959e-05,-1
92,50,pdp_aware_greedy,-13.87070003381756,13.87070003381756,1,2.9209849270130332,1076.7709274564806,0.012115717034049683,853.723841449436,0.9881572777933308,0.1834083194105422,0.00052429991774261,-1
92,50,local_search,-13.87070003381756,13.87070003381756,1,2.9209849270130332,1076.7709274564806,0.012115717034049683,853.723841449436,0.9881572777933308,0.1834083194105422,0.019037500023841858,-1
92,50,beam_search,-13.87070003381756,13.87070003381756,1,2.9209849270130332,1076.7709274564806,0.012115717034049683,853.723841449436,0.9881572777933308,0.1834083194105422,0.11768410005606711,-1
92,50,simulated_annealing,-13.87070003381756,13.87070003381756,1,2.9209849270130332,1076.7709274564806,0.012115717034049683,853.723841449436,0.9881572777933308,0.1834083194105422,0.00909710000269115,-1
92,50,block_beam_strong,-12.265056955341755,12.265056955341755,1,2.8825041798851383,953.3847441731327,0.011700804396381458,842.5081189886027,0.9703651589274795,0.18123580634976025,0.3370723999105394,-1
92,50,block_lns_strong,-12.265056955341755,12.265056955341755,1,2.8825041798851383,953.3847441731327,0.011700804396381458,842.5081189886027,0.9703651589274795,0.18123580634976025,0.09617789997719228,-1
92,50,hybrid_heuristic,-12.265056955341755,12.265056955341755,1,2.8825041798851383,953.3847441731327,0.011700804396381458,842.5081189886027,0.9703651589274795,0.18123580634976025,0.01805610000155866,-1
92,51,autoreg_rl_pure,-1.0451226521555324,1.0451226521555324,1,2.5495826071547087,91.67829927958991,0.0037173429454639656,743.5332457661297,0.9802297070821916,0.1803596638568262,0.23600800009444356,256
92,51,random,-100.0,1.720627514499785e+16,0,68.48055431896842,1.3253984521595594e+18,0.13057394637956057,19898.85782783393,0.9927034837525722,4.806492754908941,0.0319387000054121,-1
92,51,latency_greedy,-70.31569833151724,70.31569833151724,1,2.908518350956329,5424.822150834172,0.01762847413737516,847.7963603568048,0.9905327624333773,0.20560426194917164,6.930017843842506e-05,-1
92,51,block_balanced,-11.486344069242136,11.486344069242136,1,4.633073388500646,879.9159070651572,0.011427412268174767,1348.9038339147276,0.7162948652007148,0.32621634482566686,7.389998063445091e-05,-1
92,51,pdp_aware_greedy,-3.7539741701021607,3.7539741701021607,1,2.5508284557766947,300.33138974680406,0.007762715478718309,743.8750412187021,0.9905327624333773,0.18048147310957277,0.0007243999280035496,-1
92,51,local_search,-1.0424629584990215,1.0424629584990215,1,2.5519490104619873,91.45519482779697,0.0037090363214849534,744.210789076118,0.9905327624333773,0.18035267562237356,0.02438050019554794,-1
92,51,beam_search,-1.536236882579467,1.536236882579467,1,2.489623809959079,129.97066441874696,0.004907236230686953,726.0976446122845,0.9905327624333773,0.17598258716993553,0.08218389982357621,-1
92,51,simulated_annealing,-1.0424629584990215,1.0424629584990215,1,2.5519490104619873,91.45519482779697,0.0037090363214849534,744.210789076118,0.9905327624333773,0.18035267562237356,0.007954000029712915,-1
92,51,block_beam_strong,-1.0170068572983195,1.0170068572983195,1,2.64035003538784,88.81336009558609,0.003609105226979987,769.9284415387997,0.9550598202676197,0.18625426926802327,0.512786699924618,-1
92,51,block_lns_strong,-0.9958583232011453,0.9958583232011453,1,2.460238028829081,88.57169146876456,0.003599815832485487,717.5950863058185,0.9550598202676197,0.17357199570330384,0.08292339998297393,-1
92,51,hybrid_heuristic,-0.9958583232011453,0.9958583232011453,1,2.460238028829081,88.57169146876456,0.003599815832485487,717.5950863058185,0.9550598202676197,0.17357199570330384,0.015144400065764785,-1
92,52,autoreg_rl_pure,-0.3674149031225042,0.3674149031225042,1,2.720866219302958,38.15511095054561,0.0007287399630484896,746.1891486997267,0.973322083353791,0.15550413690849152,0.17073759995400906,256
92,52,random,-100.0,1.057076031502344e+16,0,70.32689012439977,8.14265100471489e+17,0.12891303868523438,19214.50242681865,0.9337063425321552,3.9970974063738103,0.029861400136724114,-1
92,52,latency_greedy,-8642.715483378746,8642.715483378746,1,4.909091692312324,665740.9077050359,0.03402649100429176,1343.9013266172,0.9806407307340084,0.2802092427863325,7.910002022981644e-05,-1
92,52,block_balanced,-14461.480328080837,14461.480328080837,1,5.3103565992448205,1113956.960864107,0.03578146154158075,1453.5578047899326,0.7460498526221555,0.302890009441319,0.00018159998580813408,-1
92,52,pdp_aware_greedy,-9.090895679660564,9.090895679660564,1,2.8941236331088573,708.7897666571575,0.01069011112451521,793.5097419500238,0.973322083353791,0.16537180339203952,0.0010330998338758945,-1
92,52,local_search,-4.532641943178915,4.532641943178915,1,2.953703738547631,357.2087804264002,0.008353988356281556,809.7781505142474,0.973322083353791,0.16876268112061052,0.022038300056010485,-1
92,52,beam_search,-0.6149452212941169,0.6149452212941169,1,5.216609955466641,37.997657469197854,0.0007146421719056975,1427.9653417211405,0.973322083353791,0.29813917658443345,0.06789360009133816,-1
92,52,simulated_annealing,-4.532641943178915,4.532641943178915,1,2.953703738547631,357.2087804264002,0.008353988356281556,809.7781505142474,0.973322083353791,0.16876268112061052,0.009040199918672442,-1
92,52,block_beam_strong,-0.6103197509487787,0.6103197509487787,1,2.760413539625465,56.561425562387555,0.002070835574843389,756.9925100797386,0.973322083353791,0.15778132193372504,0.4436880999710411,-1
92,52,block_lns_strong,-0.6058607385572283,0.6058607385572283,1,2.758342010389155,56.2339050554742,0.002051037066155322,756.4329394221796,0.973322083353791,0.15754265795069355,0.08367869979701936,-1
92,52,hybrid_heuristic,-0.6058607385572283,0.6058607385572283,1,2.758342010389155,56.2339050554742,0.002051037066155322,756.4329394221796,0.973322083353791,0.15754265795069355,0.015411699889227748,-1
92,53,autoreg_rl_pure,-1.0712987019609546,1.0712987019609546,1,3.810729632009579,83.98003022037533,0.0034183324076696763,1132.6710634606416,0.978591943985738,0.23422180901698092,0.3910058999899775,232
92,53,random,-100.0,8.110926156659102e+21,0,82.37347222324216,6.24784207100264e+23,0.1751099991358081,24427.41744682272,0.9038283907337384,5.064041878624452,0.03045459999702871,-1
92,53,latency_greedy,-1176994729.547436,1176994729.547436,1,8.41561261369009,90663840895.88391,0.07432939504969029,2498.0675424787287,0.978591943985738,0.5195341359011412,6.929994560778141e-05,-1
92,53,block_balanced,-50104318.93595321,50104318.93595321,1,11.035472502243806,3859532947.841232,0.06356783709144241,3274.9390563816123,0.7886616576429125,0.6804056627792802,7.280008867383003e-05,-1
92,53,pdp_aware_greedy,-1370.127342294318,1370.127342294318,1,3.8125966874612462,105542.27930455683,0.027747443803509995,1133.2909469589426,0.9517423855523263,0.2355062758625589,0.0009981999173760414,-1
92,53,local_search,-100.0,8.110926156659102e+21,0,82.37347222324216,6.24784207100264e+23,0.1751099991358081,24427.41744682272,0.9038283907337384,5.064041878624452,0.019111600005999207,-1
92,53,beam_search,-0.9320723173617618,0.9320723173617618,1,3.754739794837659,73.68671869288895,0.0029725560410081737,1116.0694849103359,0.978591943985738,0.23135419318061387,0.0697240000590682,-1
92,53,simulated_annealing,-100.0,8.110926156659102e+21,0,82.37347222324216,6.24784207100264e+23,0.1751099991358081,24427.41744682272,0.9038283907337384,5.064041878624452,0.01297729997895658,-1
92,53,block_beam_strong,-15.05160559458841,15.05160559458841,1,3.010474898780748,1167.0466787330377,0.012390191493010865,895.4572380367847,0.978591943985738,0.18442419037510074,0.28691239980980754,-1
92,53,block_lns_strong,-0.9320723173617618,0.9320723173617618,1,3.754739794837659,73.68671869288895,0.0029725560410081737,1116.0694849103359,0.978591943985738,0.23135419318061387,0.09083219990134239,-1
92,53,hybrid_heuristic,-0.9320723173617618,0.9320723173617618,1,3.754739794837659,73.68671869288895,0.0029725560410081737,1116.0694849103359,0.978591943985738,0.23135419318061387,0.01709729991853237,-1
92,54,autoreg_rl_pure,-0.17281077975813466,0.17281077975813466,1,1.5516947945604116,32.170886976617034,0.00014713603845282566,377.21709562445454,0.9686653888270932,0.07346066430980946,0.09407180012203753,256
92,54,random,-100.0,43010164299019.77,0,70.54576404477292,3313070650599983.0,0.1101473414921508,17027.102514111466,0.7749323110616745,3.3087943609273083,0.02643950004130602,-1
92,54,latency_greedy,-868.2196587343905,868.2196587343905,1,2.6104796518965845,66889.61724336464,0.026192612194266787,632.684273121205,0.9715724321522605,0.12346580147043655,0.00025139981880784035,-1
92,54,block_balanced,-20.14115249291466,20.14115249291466,1,3.810521991236746,1552.9314450455042,0.01336409415717916,922.3715142432103,0.6780657721789652,0.17898566206153296,0.00011979998089373112,-1
92,54,pdp_aware_greedy,-0.7025695682103889,0.7025695682103889,1,2.35066434958929,66.82371985602681,0.0026392563301350174,569.9915750646377,0.9715724321522605,0.11131497167547644,0.0010052002035081387,-1
92,54,local_search,-0.41724502833287985,0.41724502833287985,1,2.4020257192546364,44.44954948747772,0.001249309811285025,582.4082946033855,0.9715724321522605,0.11370547333956856,0.022005900042131543,-1
92,54,beam_search,-0.41724502833287985,0.41724502833287985,1,2.4020257192546364,44.44954948747772,0.001249309811285025,582.4082946033855,0.9715724321522605,0.11370547333956856,0.07296989997848868,-1
92,54,simulated_annealing,-0.41724502833287985,0.41724502833287985,1,2.4020257192546364,44.44954948747772,0.001249309811285025,582.4082946033855,0.9715724321522605,0.11370547333956856,0.008850699989125133,-1
92,54,block_beam_strong,-0.17281077975813466,0.17281077975813466,1,1.5516947945604116,32.170886976617034,0.00014713603845282566,377.21709562445454,0.9686653888270932,0.07346066430980946,0.5138300999533385,-1
92,54,block_lns_strong,-0.17281077975813466,0.17281077975813466,1,1.5516947945604116,32.170886976617034,0.00014713603845282566,377.21709562445454,0.9686653888270932,0.07346066430980946,0.06625899998471141,-1
92,54,hybrid_heuristic,-0.17281077975813466,0.17281077975813466,1,1.5516947945604116,32.170886976617034,0.00014713603845282566,377.21709562445454,0.9686653888270932,0.07346066430980946,0.017289800103753805,-1
92,55,autoreg_rl_pure,-890.0277349477005,890.0277349477005,1,3.0849752182339834,68565.83714835468,0.026276992393765287,768.3543371205427,0.987646150408179,0.14535759681343935,0.2765287000220269,242
92,55,random,-100.0,4.568029559262737e+25,0,120.30800171337941,3.5187507210275436e+27,0.3671654996444219,29859.989993526935,0.8784555044109215,5.640885023042024,0.0329347001388669,-1
92,55,latency_greedy,-59733211274.951,59733211274.951,1,12.652114157690852,4601246062731.327,0.08771710709077543,3142.6457234051722,0.9999622952593168,0.5918905238399865,0.00036880001425743103,-1
92,55,block_balanced,-12196457300.049234,12196457300.049234,1,12.8301442706589,939492452022.3401,0.08230074812597622,3186.84369410989,0.8230384586734826,0.6000832201825403,9.889993816614151e-05,-1
92,55,pdp_aware_greedy,-240618.70246127603,240618.70246127603,1,3.6053169046151456,18534848.793625586,0.045367256728990224,897.4893163634113,0.987646150408179,0.1698209129144739,0.0005423000548034906,-1
92,55,local_search,-100.0,4.568029559262737e+25,0,120.30800171337941,3.5187507210275436e+27,0.3671654996444219,29859.989993526935,0.8784555044109215,5.640885023042024,0.01931730005890131,-1
92,55,beam_search,-15367.506201799522,15367.506201799522,1,5.131357224231742,1183749.464184724,0.03598863386532264,1276.214476105963,0.987646150408179,0.2418187009262832,0.08822580007836223,-1
92,55,simulated_annealing,-100.0,4.568029559262737e+25,0,120.30800171337941,3.5187507210275436e+27,0.3671654996444219,29859.989993526935,0.8784555044109215,5.640885023042024,0.014264500001445413,-1
92,55,block_beam_strong,-33919.22353713252,33919.22353713252,1,3.644814988367984,2612798.7069767183,0.03868782569023907,907.2960473262051,0.987646150408179,0.17146753866161382,0.3829395000357181,-1
92,55,block_lns_strong,-100.0,1101778579986.8398,0,7.11237834610475,84869944960820.6,0.09765425114554506,1767.8140370929054,3.999849181037267,0.3326032465193898,0.09595809993334115,-1
92,55,hybrid_heuristic,-100.0,4.568029559262737e+25,0,120.30800171337941,3.5187507210275436e+27,0.3671654996444219,29859.989993526935,0.8784555044109215,5.640885023042024,0.023538999957963824,-1
92,56,autoreg_rl_pure,-0.33306130746591284,0.33306130746591284,1,2.2750537697234376,38.94294622802548,0.0007984172109122418,556.8311380305845,0.9730471037180303,0.1205622910135454,0.10119120008312166,256
92,56,random,-100.0,1.9282499475725694e+25,0,87.19280960519525,1.4853299010695062e+27,0.2016123232631613,21239.27313849554,0.9703894168337017,4.600497064181747,0.033961799927055836,-1
92,56,latency_greedy,-162299.25652691216,162299.25652691216,1,4.152107904030953,12501901.859310614,0.044024805229191485,1013.9797595893253,0.9730471037180303,0.22031522464421405,8.450006134808064e-05,-1
92,56,block_balanced,-151943110.3044973,151943110.3044973,1,17.44200788760988,11704169539.032066,0.06735001231279851,4250.903703749114,0.6759335590320413,0.9204491239339451,8.140015415847301e-05,-1
92,56,pdp_aware_greedy,-6.688218991395111,6.688218991395111,1,2.743221673916101,524.8741071268223,0.00966598234210264,670.8814270197087,0.9703894168337017,0.145491105930778,0.0008733000140637159,-1
92,56,local_search,-4.2947209029010285,4.2947209029010285,1,2.8039508400247084,340.0352812210513,0.008186012950512227,685.663214487644,0.9211834998553972,0.14869460401529913,0.0258241998963058,-1
92,56,beam_search,-0.8489886325525413,0.8489886325525413,1,3.5906024166092836,68.55113625004972,0.0027262657922256296,877.2491834753594,0.9211834998553972,0.19068676231436268,0.0776891999412328,-1
92,56,simulated_annealing,-4.2947209029010285,4.2947209029010285,1,2.8039508400247084,340.0352812210513,0.008186012950512227,685.663214487644,0.9211834998553972,0.14869460401529913,0.008213599910959601,-1
92,56,block_beam_strong,-0.3318729927943511,0.3318729927943511,1,2.2645037468554596,38.93267718217268,0.0007975181017127993,554.2589120714558,0.8514162157532765,0.12010061686700924,0.4686716999858618,-1
92,56,block_lns_strong,-0.3262750384002608,0.3262750384002608,1,2.2101783224910143,38.91993550794134,0.0007964021711007379,541.0248386192762,0.9012447453760551,0.11733162753687805,0.08319159992970526,-1
92,56,hybrid_heuristic,-0.3262750384002608,0.3262750384002608,1,2.2101783224910143,38.91993550794134,0.0007964021711007379,541.0248386192762,0.9012447453760551,0.11733162753687805,0.01560900011099875,-1
92,57,autoreg_rl_pure,-1.0090402650479415,1.0090402650479415,1,3.4504991217600014,81.95911985164011,0.0033352893091000858,867.4774218005537,0.9839893528666763,0.26529261616537414,0.4348998998757452,240
92,57,random,-100.0,949452239616.7297,0,45.52133564359032,73136255126536.0,0.09714697480840462,11409.01805173833,0.9716663455433008,3.489915431858968,0.03350710007362068,-1
92,57,latency_greedy,-21.623991107922755,21.623991107922755,1,2.6724645238371174,1675.9208746505155,0.013623938735598175,672.425713757412,0.9811157432611392,0.20641100200847684,9.79001633822918e-05,-1
92,57,block_balanced,-58.59502760970438,58.59502760970438,1,4.46590651156495,4509.982960709573,0.016998821017274877,1121.8526830533974,0.7848925946089114,0.3434321134351443,8.399994112551212e-05,-1
92,57,pdp_aware_greedy,-7.658240437129095,7.658240437129095,1,2.424280483330161,602.0516093799295,0.01013367405066922,610.2478794382682,0.9811157432611392,0.18717851122742624,0.0006254001054912806,-1
92,57,local_search,-7.65130205719162,7.65130205719162,1,2.397816534477906,601.7209980014059,0.01013180139800451,603.6077675804859,0.9811157432611392,0.18515443785779342,0.02576650003902614,-1
92,57,beam_search,-0.8799638424617924,0.8799638424617924,1,3.3455226270160576,72.82500331468647,0.0029324527179773623,841.0902048758059,0.9716663455433008,0.2575809674269129,0.07611800008453429,-1
92,57,simulated_annealing,-7.65130205719162,7.65130205719162,1,2.397816534477906,601.7209980014059,0.01013180139800451,603.6077675804859,0.9811157432611392,0.18515443785779342,0.008058100007474422,-1
92,57,block_beam_strong,-0.878192800475379,0.878192800475379,1,2.446369003518746,79.61475558772047,0.003236350127781891,615.7842795280781,0.9811157432611392,0.18886964212110757,0.3309078998863697,-1
92,57,block_lns_strong,-0.878192800475379,0.878192800475379,1,2.446369003518746,79.61475558772047,0.003236350127781891,615.7842795280781,0.9811157432611392,0.18886964212110757,0.08657119981944561,-1
92,57,hybrid_heuristic,-0.8758941609284832,0.8758941609284832,1,3.328947116189472,72.6391970353635,0.002923743315085942,836.9344964948074,0.9811157432611392,0.25644505742933943,0.024488999973982573,-1
92,58,autoreg_rl_pure,-6.892602461028976,6.892602461028976,1,2.8781879945685103,539.5781099931626,0.009760175838043273,673.4266755806156,0.9935839981786387,0.14097540670989456,0.28040589997544885,256
92,58,random,-100.0,6.857744603001928e+20,0,79.93732417984671,5.282516991928218e+22,0.16668782096748821,18624.877729575903,0.9633707411485019,3.896690521905354,0.0315374000929296,-1
92,58,latency_greedy,-13902314727.319012,13902314727.319012,1,8.718608009113298,1070894558242.3191,0.08274704736088703,2033.9134270014288,0.9633707411485019,0.42530841032577243,8.390005677938461e-05,-1
92,58,block_balanced,-159685135711.19577,159685135711.19577,1,13.9979194274966,12300537444602.715,0.09106943819421312,3263.8208008173074,0.6794244157615223,0.6816603696369583,0.00026430003345012665,-1
92,58,pdp_aware_greedy,-222.306777012058,222.306777012058,1,3.336311105525013,17129.391509549998,0.021548421383371152,780.1195229936775,0.9485800026117284,0.16325054442353867,0.0008713998831808567,-1
92,58,local_search,-100.0,6.857744603001928e+20,0,79.93732417984671,5.282516991928218e+22,0.16668782096748821,18624.877729575903,0.9633707411485019,3.896690521905354,0.019188399892300367,-1
92,58,beam_search,-7.470396267752703,7.470396267752703,1,2.9141372984453695,583.8086186601586,0.010028772796854796,681.809527196433,0.9633707411485019,0.1427191575200917,0.0682647000066936,-1
92,58,simulated_annealing,-100.0,6.857744603001928e+20,0,79.93732417984671,5.282516991928218e+22,0.16668782096748821,18624.877729575903,0.9633707411485019,3.896690521905354,0.014278399990871549,-1
92,58,block_beam_strong,-6.885126634225889,6.885126634225889,1,2.8208435672888568,539.4439712711945,0.009759328205316702,660.0964765072861,0.9935839981786387,0.1379989953393081,0.5391834999900311,-1
92,58,block_lns_strong,-6.877147544200669,6.877147544200669,1,2.741052667036654,539.4439712711945,0.009759328205316702,641.5012287391049,0.9935839981786387,0.13412574924593665,0.096165900118649,-1
92,58,hybrid_heuristic,-6.877147544200669,6.877147544200669,1,2.741052667036654,539.4439712711945,0.009759328205316702,641.5012287391049,0.9935839981786387,0.13412574924593665,0.01617650012485683,-1
92,59,autoreg_rl_pure,-0.2353138165149782,0.2353138165149782,1,2.33818675700192,30.927149176746976,1.2719369656619042e-05,645.5388903468187,0.9376516463275848,0.1177892220206312,0.16732059977948666,256
92,59,random,-100.0,105349802429963.83,0,68.9072530832603,8115089634410140.0,0.1132014825152927,18943.257144989104,0.8777849648329246,3.4604032416891,0.03698650002479553,-1
92,59,latency_greedy,-521644.90931446396,521644.90931446396,1,4.7231288220309695,40182273.833969235,0.048005213105698594,1301.0272482514697,0.9376516463275848,0.23787574131339104,9.840005077421665e-05,-1
92,59,block_balanced,-148659.44567260274,148659.44567260274,1,6.401464491999695,11451210.63351788,0.04372552653031378,1762.3950326665597,0.8037014111379298,0.3218839437760942,0.00011959997937083244,-1
92,59,pdp_aware_greedy,-0.8185467460798499,0.8185467460798499,1,2.7744959748135543,72.49266291355565,0.0029168590111714283,765.4664708969242,0.9376516463275848,0.14020646124332867,0.0007019001059234142,-1
92,59,local_search,-0.8185467460798499,0.8185467460798499,1,2.7744959748135543,72.49266291355565,0.0029168590111714283,765.4664708969242,0.9376516463275848,0.14020646124332867,0.020684200106188655,-1
92,59,beam_search,-0.2353138165149782,0.2353138165149782,1,2.33818675700192,30.927149176746976,1.2719369656619042e-05,645.5388903468187,0.9376516463275848,0.1177892220206312,0.08008159999735653,-1
92,59,simulated_annealing,-0.8185467460798499,0.8185467460798499,1,2.7744959748135543,72.49266291355565,0.0029168590111714283,765.4664708969242,0.9376516463275848,0.14020646124332867,0.009040499804541469,-1
92,59,block_beam_strong,-0.8185467460798499,0.8185467460798499,1,2.7744959748135543,72.49266291355565,0.0029168590111714283,765.4664708969242,0.9376516463275848,0.14020646124332867,0.22979610017500818,-1
92,59,block_lns_strong,-0.2353138165149782,0.2353138165149782,1,2.33818675700192,30.927149176746976,1.2719369656619042e-05,645.5388903468187,0.9376516463275848,0.1177892220206312,0.10315589979290962,-1
92,59,hybrid_heuristic,-0.2353138165149782,0.2353138165149782,1,2.33818675700192,30.927149176746976,1.2719369656619042e-05,645.5388903468187,0.9376516463275848,0.1177892220206312,0.02075450005941093,-1
92,60,autoreg_rl_pure,-17.877373889142298,17.877373889142298,1,2.6590469429251318,1387.4225066611,0.012979887372271591,553.6879466529688,0.9996114691910291,0.1365967768884949,0.18792860000394285,252
92,60,random,-100.0,4.568029559262737e+25,0,94.92578349322979,3.5187507210275436e+27,0.21290918513205176,19669.405033592557,0.7996891753528232,4.862703907316897,0.027686999877914786,-1
92,60,latency_greedy,-48829.089336150086,48829.089336150086,1,4.721503834695358,3761296.5765749826,0.03992994372246724,980.9006611478728,0.9996114691910291,0.2408479404828956,7.529999129474163e-05,-1
92,60,block_balanced,-8450.426759045986,8450.426759045986,1,6.664710635091682,650915.3940530895,0.033949712514702315,1383.5568318465978,0.6997280284337204,0.34119202952859695,7.439986802637577e-05,-1
92,60,pdp_aware_greedy,-26121.16833707347,26121.16833707347,1,4.083821902212705,2012111.5512255088,0.03779721275706387,848.8055177082216,0.9996114691910291,0.20798039566779872,0.0005490998737514019,-1
92,60,local_search,-100.0,4.568029559262737e+25,0,94.92578349322979,3.5187507210275436e+27,0.21290918513205176,19669.405033592557,0.7996891753528232,4.862703907316897,0.017271700082346797,-1
92,60,beam_search,-55000.19228195972,55000.19228195972,1,7.100797596196244,4236637.978031313,0.04033566129004107,1473.8607339386908,0.9996114691910291,0.3616285746480941,0.07132719992659986,-1
92,60,simulated_annealing,-100.0,4.568029559262737e+25,0,94.92578349322979,3.5187507210275436e+27,0.21290918513205176,19669.405033592557,0.7996891753528232,4.862703907316897,0.01285320008173585,-1
92,60,block_beam_strong,-19.58762141892579,19.58762141892579,1,2.8745187577148563,1517.5030039763367,0.013285415784322884,598.3191749929331,0.9996114691910291,0.14804294354373462,0.4886169000528753,-1
92,60,block_lns_strong,-16.075634693062334,16.075634693062334,1,2.714324600890204,1248.2088294576088,0.012619403782947444,565.1466818537401,0.9185772542965941,0.13965978779150023,0.08988830004818738,-1
92,60,hybrid_heuristic,-16.075634693062334,16.075634693062334,1,2.714324600890204,1248.2088294576088,0.012619403782947444,565.1466818537401,0.9185772542965941,0.13965978779150023,0.015437700087204576,-1
92,61,autoreg_rl_pure,-1.513535994493891,1.513535994493891,1,2.2328774316266644,130.19973220241607,0.0049132395318255894,540.9970530797633,0.9751926643814596,0.1194500881335337,0.09590089996345341,256
92,61,random,-100.0,4.568029559262737e+25,0,100.14219606971014,3.5187507210275436e+27,0.26541110687803204,24144.270447419458,0.9431793069758881,5.302698778184691,0.030065600061789155,-1
92,61,latency_greedy,-62199.83678743226,62199.83678743226,1,5.677654404429077,4791237.170849925,0.04075505777910079,1371.4178190487346,0.9751926643814596,0.30448652880332683,6.489991210401058e-05,-1
92,61,block_balanced,-5745660082.064724,5745660082.064724,1,12.53520880929973,442587888087.22437,0.07973463251045818,3024.643257074205,0.6602255148831216,0.6679965514001281,7.760012522339821e-05,-1
92,61,pdp_aware_greedy,-74.33392269912338,74.33392269912338,1,2.009019439685483,5741.27459378547,0.01782176319176435,487.0933066929674,0.9751926643814596,0.10761353594980255,0.0006391000933945179,-1
92,61,local_search,-74.33392269912338,74.33392269912338,1,2.009019439685483,5741.27459378547,0.01782176319176435,487.0933066929674,0.9751926643814596,0.10761353594980255,0.018469700124114752,-1
92,61,beam_search,-1.513535994493891,1.513535994493891,1,2.2328774316266644,130.19973220241607,0.0049132395318255894,540.9970530797633,0.9751926643814596,0.1194500881335337,0.07568180002272129,-1
92,61,simulated_annealing,-74.33392269912338,74.33392269912338,1,2.009019439685483,5741.27459378547,0.01782176319176435,487.0933066929674,0.9751926643814596,0.10761353594980255,0.00938630010932684,-1
92,61,block_beam_strong,-1.265376201004673,1.265376201004673,1,2.321334400504864,110.40261305421606,0.004350938341235176,562.3739953994188,0.9751926643814596,0.12412470904043432,0.6057657999917865,-1
92,61,block_lns_strong,-1.2577494544967909,1.2577494544967909,1,2.2451486374582075,110.40198370390023,0.004350918906965444,544.0104929772401,0.9751926643814596,0.12008897231667783,0.09241149993613362,-1
92,61,hybrid_heuristic,-1.2577494544967909,1.2577494544967909,1,2.2451486374582075,110.40198370390023,0.004350918906965444,544.0104929772401,0.9751926643814596,0.12008897231667783,0.015105500118806958,-1
92,62,autoreg_rl_pure,-0.17701738986325813,0.17701738986325813,1,1.7352016970362891,31.0813692413684,2.9677356868944654e-05,472.1405678581418,0.965936471684421,0.13255232627886915,0.10701709985733032,256
92,62,random,-100.0,1.505073768485576e+19,0,55.41289631352833,1.1593575171420332e+21,0.15366762878186138,14993.793939114654,0.9508756302713879,4.202683295872214,0.030515499878674746,-1
92,62,latency_greedy,-47159.23673927338,47159.23673927338,1,3.2770446198857144,3632679.047203576,0.03981132592940074,889.2433770998991,0.9538224209080656,0.24784883423420334,0.0001167000737041235,-1
92,62,block_balanced,-5746585.94813067,5746585.94813067,1,5.471540570738284,442659196.23113525,0.056185186176557954,1482.938863491776,0.7153668156810492,0.4145174221938436,8.110003545880318e-05,-1
92,62,pdp_aware_greedy,-2.1446625590478967,2.1446625590478967,1,2.28665181426131,178.40115386030413,0.00598702173864714,621.3097828659766,0.965936471684421,0.17458488647740109,0.0008686000946909189,-1
92,62,local_search,-1.5770317371209763,1.5770317371209763,1,2.1426324046869967,135.78596281239774,0.00505646106793531,582.3495789498204,0.9792298377621482,0.16365650459458062,0.024371599778532982,-1
92,62,beam_search,-0.1822323704405808,0.1822323704405808,1,1.7685296955901133,31.22635352149421,4.55432200022579e-05,481.1530173712006,0.9792298377621482,0.1350801624008343,0.06648089992813766,-1
92,62,simulated_annealing,-1.5770317371209763,1.5770317371209763,1,2.1426324046869967,135.78596281239774,0.00505646106793531,582.3495789498204,0.9792298377621482,0.16365650459458062,0.00930729997344315,-1
92,62,block_beam_strong,-0.1813457248402548,0.1813457248402548,1,1.7680723386518433,31.161578276469523,3.8463884190221454e-05,481.0312648763269,0.9792298377621482,0.13504480899149124,0.4746587001718581,-1
92,62,block_lns_strong,-0.17653971721325767,0.17653971721325767,1,1.7304249705362846,31.0813692413684,2.9677356868944654e-05,470.84833603437056,0.9792298377621482,0.1321901979958648,0.09032580000348389,-1
92,62,hybrid_heuristic,-0.17653971721325767,0.17653971721325767,1,1.7304249705362846,31.0813692413684,2.9677356868944654e-05,470.84833603437056,0.9792298377621482,0.1321901979958648,0.016245600068941712,-1
92,63,autoreg_rl_pure,-1.5962352272858014,1.5962352272858014,1,2.2429681255293055,136.49232111063657,0.005074149808126374,589.4578839138068,0.9976555810949741,0.12090410139798993,0.9991359999403358,200
92,63,random,-100.0,4.568029559262737e+25,0,94.3069530933305,3.5187507210275436e+27,0.214327463033753,24670.42172896568,0.9608097866392261,5.0716348735540535,0.03151540015824139,-1
92,63,latency_greedy,-60672216.31939994,60672216.31939994,1,4.7553911875378505,4673577565.222254,0.06422028738040657,1246.6186875889543,0.9976555810949741,0.2540285843304173,6.890017539262772e-05,-1
92,63,block_balanced,-4275733056.0442915,4275733056.0442915,1,7.933942252593269,329359488096.68256,0.07872724733540473,2078.1065856606456,0.7206073399794196,0.4248415544412956,7.469998672604561e-05,-1
92,63,pdp_aware_greedy,-423449.8811047371,423449.8811047371,1,4.118718074942538,32618320.730018936,0.047294215894336356,1080.1311823875062,0.9845137288776562,0.22001809747548273,0.0005200000014156103,-1
92,63,local_search,-100.0,4.568029559262737e+25,0,94.3069530933305,3.5187507210275436e+27,0.214327463033753,24670.42172896568,0.9608097866392261,5.0716348735540535,0.02078399993479252,-1
92,63,beam_search,-1.7315316736663788,1.7315316736663788,1,2.532501212553645,144.68392730597154,0.00527284951680728,665.258528645586,0.9976555810949741,0.137348070245706,0.07412340003065765,-1
92,63,simulated_annealing,-100.0,4.568029559262737e+25,0,94.3069530933305,3.5187507210275436e+27,0.214327463033753,24670.42172896568,0.9608097866392261,5.0716348735540535,0.013132099993526936,-1
92,63,block_beam_strong,-1.7315316736663788,1.7315316736663788,1,2.532501212553645,144.68392730597154,0.00527284951680728,665.258528645586,0.9976555810949741,0.137348070245706,0.5245272999163717,-1
92,63,block_lns_strong,-1.723911817613292,1.723911817613292,1,2.45893138970683,144.66367815368136,0.0052723723493285825,645.9785227931303,0.9976555810949741,0.13341795431783204,0.08784559997729957,-1
92,63,hybrid_heuristic,-1.723911817613292,1.723911817613292,1,2.45893138970683,144.66367815368136,0.0052723723493285825,645.9785227931303,0.9976555810949741,0.13341795431783204,0.016243099933490157,-1
93,0,autoreg_rl_pure,-0.2465953042078787,0.2465953042078787,1,2.2221469696584784,32.69001542897227,0.00020170993979535775,481.63287865408364,0.9917378594540767,0.08802451750659171,0.4227814998012036,238
93,0,random,-100.0,3.983091547020007e+19,0,66.27835978660136,3.068173283724857e+21,0.15698552879593192,14279.732862070565,0.9602744075136659,2.6106471441313985,0.031993000069633126,-1
93,0,latency_greedy,-0.31216405777701245,0.31216405777701245,1,2.252501340434701,37.50695344651573,0.0006703286629566038,488.1646994271246,0.9917378594540767,0.08932379288623361,0.00016999989748001099,-1
93,0,block_balanced,-0.5758996457403174,0.5758996457403174,1,3.6988965459155585,46.68091713593817,0.0014162951086782553,799.7936036599949,0.7058676330219475,0.14599818231555667,0.00011019990779459476,-1
93,0,pdp_aware_greedy,-0.31216405777701245,0.31216405777701245,1,2.252501340434701,37.50695344651573,0.0006703286629566038,488.1646994271246,0.9917378594540767,0.08932379288623361,0.0017574999947100878,-1
93,0,local_search,-0.292665177267811,0.292665177267811,1,2.259784641130704,35.94885249981297,0.0005256786452419468,489.74114384791835,0.9917378594540767,0.08949857701002047,0.025110699934884906,-1
93,0,beam_search,-0.2497757096281161,0.2497757096281161,1,2.2782063281287392,32.503176950205635,0.0001821688335700413,493.7399039211712,0.9602744075136659,0.0902227431220289,0.07912039989605546,-1
93,0,simulated_annealing,-0.292665177267811,0.292665177267811,1,2.259784641130704,35.94885249981297,0.0005256786452419468,489.74114384791835,0.9917378594540767,0.08949857701002047,0.010347899980843067,-1
93,0,block_beam_strong,-0.24879739151264563,0.24879739151264563,1,2.2439772519760677,32.69148354834451,0.0002018630451494171,486.3615615692263,0.9882146862307265,0.0888781454135209,0.4834799999371171,-1
93,0,block_lns_strong,-0.24475072280176682,0.24475072280176682,1,2.2030580405606868,32.694969340652655,0.00020222653945478532,477.5341958989365,0.9882146862307265,0.08727191204185891,0.09472949989140034,-1
93,0,hybrid_heuristic,-0.24475072280176682,0.24475072280176682,1,2.2030580405606868,32.694969340652655,0.00020222653945478532,477.5341958989365,0.9882146862307265,0.08727191204185891,0.01698950002901256,-1
93,1,autoreg_rl_pure,-0.2005733154430007,0.2005733154430007,1,1.6158968242451635,33.81488572180752,0.0003170483863018845,417.9333854616438,0.98615562971808,0.11240063729525382,0.122866400051862,256
93,1,random,-100.0,4.568029559262737e+25,0,99.93065937706305,3.5187507210275436e+27,0.24587229340884895,25668.33702715079,0.9003171963760801,6.89392499541765,0.032039300072938204,-1
93,1,latency_greedy,-917.673034628658,917.673034628658,1,2.2555194417047293,70701.74239438621,0.026381572695616185,582.2086299974301,0.98615562971808,0.15728330017085082,6.359978578984737e-05,-1
93,1,block_balanced,-2064586188.5033689,2064586188.5033689,1,12.510724938267284,159034963372.6436,0.0762452539108335,3216.123638897682,0.6210509051091221,0.8638703681854896,7.420009933412075e-05,-1
93,1,pdp_aware_greedy,-1105.3295562312164,1105.3295562312164,1,3.0933501368970946,85150.46038965172,0.027015514112842087,797.4424645690585,0.98615562971808,0.2132354687887354,0.0009599998593330383,-1
93,1,local_search,-100.0,4.568029559262737e+25,0,99.93065937706305,3.5187507210275436e+27,0.24587229340884895,25668.33702715079,0.9003171963760801,6.89392499541765,0.02134669991210103,-1
93,1,beam_search,-0.3589958734352194,0.3589958734352194,1,3.2731974845536564,33.25198876927563,0.0002598195506500955,843.6241793678162,0.98615562971808,0.22574529298099238,0.07516500004567206,-1
93,1,simulated_annealing,-100.0,4.568029559262737e+25,0,99.93065937706305,3.5187507210275436e+27,0.24587229340884895,25668.33702715079,0.9003171963760801,6.89392499541765,0.013553600059822202,-1
93,1,block_beam_strong,-0.2005733154430007,0.2005733154430007,1,1.6158968242451635,33.81488572180752,0.0003170483863018845,417.9333854616438,0.98615562971808,0.11240063729525382,0.5556985000148416,-1
93,1,block_lns_strong,-0.2005733154430007,0.2005733154430007,1,1.6158968242451635,33.81488572180752,0.0003170483863018845,417.9333854616438,0.98615562971808,0.11240063729525382,0.06976270000450313,-1
93,1,hybrid_heuristic,-0.2005733154430007,0.2005733154430007,1,1.6158968242451635,33.81488572180752,0.0003170483863018845,417.9333854616438,0.98615562971808,0.11240063729525382,0.01651150011457503,-1
93,2,autoreg_rl_pure,-18.265536527778355,18.265536527778355,1,2.87928008690188,1415.6261991820452,0.013048495231108194,747.849507107682,0.9699928922835571,0.18367154047402223,0.31179190007969737,254
93,2,random,-100.0,4.568029559262737e+25,0,118.8674860516872,3.5187507210275436e+27,0.2572928399893172,30755.86707336094,0.9699928922835571,7.569693493546191,0.031133400043472648,-1
93,2,latency_greedy,-15255963.509617614,15255963.509617614,1,6.027379219281835,1175166035.806404,0.059513819009690064,1562.2954890461242,0.972164855079544,0.3821682703879335,9.300000965595245e-05,-1
93,2,block_balanced,-12809854067.777538,12809854067.777538,1,10.882920787848326,986742372177.2672,0.0824680353826431,2818.5402875047002,0.8002871487229791,0.6909868938270185,7.779989391565323e-05,-1
93,2,pdp_aware_greedy,-332701.8571082681,332701.8571082681,1,5.3529562844817455,25627995.79835198,0.04647195245517663,1387.8656640686859,0.972164855079544,0.3418727636108172,0.0007609000895172358,-1
93,2,local_search,-100.0,4.568029559262737e+25,0,118.8674860516872,3.5187507210275436e+27,0.2572928399893172,30755.86707336094,0.9699928922835571,7.569693493546191,0.019649500027298927,-1
93,2,beam_search,-244035.50756442716,244035.50756442716,1,5.3460516696234865,18798031.698709346,0.045415324861859556,1386.0793303527594,0.972164855079544,0.3412698419564505,0.06582150002941489,-1
93,2,simulated_annealing,-100.0,4.568029559262737e+25,0,118.8674860516872,3.5187507210275436e+27,0.2572928399893172,30755.86707336094,0.9699928922835571,7.569693493546191,0.013507300056517124,-1
93,2,block_beam_strong,-18.55271298159009,18.55271298159009,1,2.850828399694355,1437.966549220508,0.013101876726526395,740.4950759699277,0.9699928922835571,0.1820260778833673,0.3912396999076009,-1
93,2,block_lns_strong,-18.066637524905087,18.066637524905087,1,2.9742168433253973,1399.573722325874,0.013009615665893433,772.420396437102,0.9699928922835571,0.18984956905138328,0.10326180001720786,-1
93,2,hybrid_heuristic,-18.066637524905087,18.066637524905087,1,2.9742168433253973,1399.573722325874,0.013009615665893433,772.420396437102,0.9699928922835571,0.18984956905138328,0.017899999860674143,-1
93,3,autoreg_rl_pure,-29.611707767039356,29.611707767039356,1,3.130064171063154,2287.689373129294,0.014684815359347066,876.3070705171242,0.9785843035265087,0.19027997839553815,0.24914860003627837,249
93,3,random,-100.0,4.568029559262737e+25,0,89.87648904814341,3.5187507210275436e+27,0.21351303514066539,25079.73564527994,0.9264629504265515,5.446874528628655,0.033772299997508526,-1
93,3,latency_greedy,-111790756.79033953,111790756.79033953,1,6.067049732073403,8611235987.631529,0.06630380287255638,1695.7166287470131,0.9821466445786007,0.3682995048628489,6.880005821585655e-05,-1
93,3,block_balanced,-17687659301.29683,17687659301.29683,1,9.317218848333411,1362479447876.0295,0.08356802570514021,2602.6186501150073,0.7205822947762067,0.5642460470998292,7.240008562803268e-05,-1
93,3,pdp_aware_greedy,-108.91150354448095,108.91150354448095,1,3.04611948623365,8396.795016838763,0.019117839022876015,852.8812546098195,0.9785843035265087,0.1837428481903778,0.0005375000182539225,-1
93,3,local_search,-100.0,4.568029559262737e+25,0,89.87648904814341,3.5187507210275436e+27,0.21351303514066539,25079.73564527994,0.9264629504265515,5.446874528628655,0.024668500060215592,-1
93,3,beam_search,-108.7073495563774,108.7073495563774,1,4.226534425392934,8371.976316128541,0.019107747377089875,1182.232579804129,0.9785843035265087,0.25494583413620286,0.09172550006769598,-1
93,3,simulated_annealing,-100.0,4.568029559262737e+25,0,89.87648904814341,3.5187507210275436e+27,0.21351303514066539,25079.73564527994,0.9264629504265515,5.446874528628655,0.017576799960806966,-1
93,3,block_beam_strong,-26.22480236863075,26.22480236863075,1,3.0543258895324445,2027.3796434053259,0.014272988946552132,855.1679004105854,0.9761911902197529,0.18423786091799207,0.559473300119862,-1
93,3,block_lns_strong,-26.22480236863075,26.22480236863075,1,3.0543258895324445,2027.3796434053259,0.014272988946552132,855.1679004105854,0.9761911902197529,0.18423786091799207,0.1094573000445962,-1
93,3,hybrid_heuristic,-26.22480236863075,26.22480236863075,1,3.0543258895324445,2027.3796434053259,0.014272988946552132,855.1679004105854,0.9761911902197529,0.18423786091799207,0.01941059995442629,-1
93,4,autoreg_rl_pure,-0.4030976670226045,0.4030976670226045,1,2.406848585573012,43.32262849064868,0.0011617621915247782,603.9280895532926,0.936698548012427,0.12329458335577483,0.10697940015234053,256
93,4,random,-100.0,2.462961047381956e+18,0,71.70935932052521,1.8972175746465087e+20,0.14749674303337879,17908.48616364344,0.8054559064131602,3.6539370049852273,0.032417799811810255,-1
93,4,latency_greedy,-167.7024123697449,167.7024123697449,1,2.9292799792582542,12926.355586540905,0.02058863474259735,734.3688328263398,0.936698548012427,0.14987865534955613,7.349997758865356e-05,-1
93,4,block_balanced,-1244417.8423308248,1244417.8423308248,1,5.601897488743954,95857427.35430233,0.0509693039402096,1401.7585620882192,0.6903907769255658,0.28557845962077516,7.54001084715128e-05,-1
93,4,pdp_aware_greedy,-0.42993141771032356,0.42993141771032356,1,2.4425311854838823,45.11476799197551,0.0012999530146865646,612.8625366172357,0.936698548012427,0.1250984029046116,0.001245100051164627,-1
93,4,local_search,-0.42715651037742486,0.42715651037742486,1,2.4147821121548954,45.11476799197551,0.0012999530146865646,605.9351085012997,0.936698548012427,0.1235678382730631,0.02629349986091256,-1
93,4,beam_search,-0.42715651037742486,0.42715651037742486,1,2.4147821121548954,45.11476799197551,0.0012999530146865646,605.9351085012997,0.936698548012427,0.1235678382730631,0.08142239996232092,-1
93,4,simulated_annealing,-0.42715651037742486,0.42715651037742486,1,2.4147821121548954,45.11476799197551,0.0012999530146865646,605.9351085012997,0.936698548012427,0.1235678382730631,0.007774600060656667,-1
93,4,block_beam_strong,-0.42715651037742486,0.42715651037742486,1,2.4147821121548954,45.11476799197551,0.0012999530146865646,605.9351085012997,0.936698548012427,0.1235678382730631,0.5068989999126643,-1
93,4,block_lns_strong,-0.42715651037742486,0.42715651037742486,1,2.4147821121548954,45.11476799197551,0.0012999530146865646,605.9351085012997,0.936698548012427,0.1235678382730631,0.10026140022091568,-1
93,4,hybrid_heuristic,-0.42715651037742486,0.42715651037742486,1,2.4147821121548954,45.11476799197551,0.0012999530146865646,605.9351085012997,0.936698548012427,0.1235678382730631,0.01984770013950765,-1
93,5,autoreg_rl_pure,-1.215144207334569,1.215144207334569,1,2.9054418126472394,102.03386900934653,0.004082193660226582,794.7501542527025,0.9266013138241913,0.1549131220402551,0.1256399000994861,256
93,5,random,-100.0,3.593013313927633e+19,0,73.19492386195702,2.767696229856477e+21,0.15663415138673983,19949.359322450036,0.914692934132059,3.8770247820101114,0.030942500103265047,-1
93,5,latency_greedy,-1915.4449946198731,1915.4449946198731,1,2.2409397433907827,147560.1752990804,0.02888995373228344,613.5692548841712,0.9554159792563257,0.1183992942093647,7.099984213709831e-05,-1
93,5,block_balanced,-8051386.136249669,8051386.136249669,1,7.063965896250595,620197818.917769,0.0573349027966771,1927.9715523845373,0.6177342092161275,0.37548407765877156,0.00021409988403320312,-1
93,5,pdp_aware_greedy,-834018.3377945984,834018.3377945984,1,4.090445080811204,64244387.1600782,0.049605048155995465,1117.6389111956835,0.9507104043235914,0.2178873716813864,0.0006339999381452799,-1
93,5,local_search,-100.0,3.593013313927633e+19,0,73.19492386195702,2.767696229856477e+21,0.15663415138673983,19949.359322450036,0.914692934132059,3.8770247820101114,0.019331900170072913,-1
93,5,beam_search,-1.3595752514682435,1.3595752514682435,1,2.774101787318271,114.171096108556,0.004465366340837404,758.8898105336111,0.935596542046169,0.14797452238635894,0.07899160007946193,-1
93,5,simulated_annealing,-100.0,3.593013313927633e+19,0,73.19492386195702,2.767696229856477e+21,0.15663415138673983,19949.359322450036,0.914692934132059,3.8770247820101114,0.014244500081986189,-1
93,5,block_beam_strong,-1.2375554398576565,1.2375554398576565,1,2.8193052954198294,104.42371417986298,0.004161123679117171,771.2483481992489,0.935596542046169,0.14991886721471984,0.7202667000237852,-1
93,5,block_lns_strong,-1.207672181921805,1.207672181921805,1,2.8357128518731063,101.99542110339787,0.004080908775816477,775.7350209542165,0.9266013138241913,0.150988926382746,0.1014429999049753,-1
93,5,hybrid_heuristic,-1.207672181921805,1.207672181921805,1,2.8357128518731063,101.99542110339787,0.004080908775816477,775.7350209542165,0.9266013138241913,0.150988926382746,0.0168395999353379,-1
93,6,autoreg_rl_pure,-0.12901004354608997,0.12901004354608997,1,1.2901004354608998,30.811978559923826,1.5586892544053148e-29,324.53421240952173,0.9902299506395317,0.07196269592921951,0.1043843999505043,256
93,6,random,-100.0,9.837125297414369e+17,0,67.73020005502144,7.577532343880396e+19,0.14436781730109252,16887.55502072194,0.8007632123112358,3.727219787179426,0.030986899975687265,-1
93,6,latency_greedy,-42159811.34304897,42159811.34304897,1,18.01562757397712,3247567900.018841,0.0629792715775532,4494.000875134923,0.9902299506395317,0.9986007872601271,6.59001525491476e-05,-1
93,6,block_balanced,-100.0,2182407620514.427,0,29.90121815933682,168110742030562.72,0.09998445683206658,7457.079994796133,0.6183389894861027,1.653054312000557,7.219985127449036e-05,-1
93,6,pdp_aware_greedy,-0.13340763612011303,0.13340763612011303,1,1.3340763612011304,30.811978559923826,1.9050640057101245e-29,335.50677855774336,0.9749272751539954,0.07437990031336855,0.0005673998966813087,-1
93,6,local_search,-0.12901004354608997,0.12901004354608997,1,1.2901004354608998,30.811978559923826,1.5586892544053148e-29,324.53421240952173,0.9902299506395317,0.07196269592921951,0.026026099920272827,-1
93,6,beam_search,-0.13158684230616174,0.13158684230616174,1,1.3158684230616173,30.811978559923826,9.519872828495522e-24,330.96852655702094,0.9902299506395317,0.07326084793618724,0.08255410008132458,-1
93,6,simulated_annealing,-0.12901004354608997,0.12901004354608997,1,1.2901004354608998,30.811978559923826,1.5586892544053148e-29,324.53421240952173,0.9902299506395317,0.07196269592921951,0.006692800205200911,-1
93,6,block_beam_strong,-0.12901004354608997,0.12901004354608997,1,1.2901004354608998,30.811978559923826,1.5586892544053148e-29,324.53421240952173,0.9902299506395317,0.07196269592921951,0.6169747998937964,-1
93,6,block_lns_strong,-0.12901004354608997,0.12901004354608997,1,1.2901004354608998,30.811978559923826,1.5586892544053148e-29,324.53421240952173,0.9902299506395317,0.07196269592921951,0.071623400086537,-1
93,6,hybrid_heuristic,-0.12901004354608997,0.12901004354608997,1,1.2901004354608998,30.811978559923826,1.5586892544053148e-29,324.53421240952173,0.9902299506395317,0.07196269592921951,0.018163800006732345,-1
93,7,autoreg_rl_pure,-0.4322289376335966,0.4322289376335966,1,2.661586371812106,43.604364902371394,0.001183861247557256,830.1555261044739,0.9823523569919387,0.16198864675450572,0.0966005998197943,256
93,7,random,-100.0,380118.7566384616,0,59.23885350668069,29280101.944830474,0.04692613720153808,18410.908343699204,0.9823523569919387,3.61635379509427,0.03317330009303987,-1
93,7,latency_greedy,-138.45020063872926,138.45020063872926,1,3.2963272327190634,10670.23192179886,0.01993471228546382,1027.3235484862703,0.9823523569919387,0.20241933583055088,7.389998063445091e-05,-1
93,7,block_balanced,-258.5101412978534,258.5101412978534,1,5.050039526482585,19904.933879136577,0.022060388894918,1572.321830208136,0.7623280921180543,0.3091651269522438,7.440010085701942e-05,-1
93,7,pdp_aware_greedy,-3.079230251598025,3.079230251598025,1,2.935733515880309,245.39098025595334,0.0070739398857787876,915.3138629386443,0.9823523569919387,0.18023569410207957,0.0005395999178290367,-1
93,7,local_search,-1.8608732002042518,1.8608732002042518,1,2.9464806934436223,151.45821644009584,0.005428849001394276,918.6451706277074,0.9823523569919387,0.18089416335912029,0.02378310007043183,-1
93,7,beam_search,-0.7623279546055246,0.7623279546055246,1,3.0756647812523346,65.84223071789891,0.0025888113645323417,958.8331437553204,0.9823523569919387,0.1877612881212452,0.06834540003910661,-1
93,7,simulated_annealing,-1.8608732002042518,1.8608732002042518,1,2.9464806934436223,151.45821644009584,0.005428849001394276,918.6451706277074,0.9823523569919387,0.18089416335912029,0.009882899932563305,-1
93,7,block_beam_strong,-0.46103028692429027,0.46103028692429027,1,2.7182492771005338,45.38645723875321,0.001320422323475934,847.774366996838,0.9823523569919387,0.16543724697505835,0.3587702000513673,-1
93,7,block_lns_strong,-0.42570106339791536,0.42570106339791536,1,2.764434559650841,42.30928406023864,0.0010810710988265872,862.1227230930574,0.9823523569919387,0.16824816136037848,0.08845939999446273,-1
93,7,hybrid_heuristic,-0.42570106339791536,0.42570106339791536,1,2.764434559650841,42.30928406023864,0.0010810710988265872,862.1227230930574,0.9823523569919387,0.16824816136037848,0.017802999820560217,-1
93,8,autoreg_rl_pure,-0.30510386179392385,0.30510386179392385,1,2.403014644524818,35.80370375371427,0.0005118855928771605,591.4904528725825,0.994616181768306,0.1433790374368249,0.09261799999512732,256
93,8,random,-100.0,17600210693029.566,0,85.06455656737194,1355743286308798.0,0.10710112417242318,20837.517127183917,0.9037798669151795,5.039499585268883,0.02909839991480112,-1
93,8,latency_greedy,-3103.6679730428787,3103.6679730428787,1,3.2767729164496977,239080.94862064658,0.03053512351446306,805.437252256652,0.9638714035266438,0.1936921518618121,6.929994560778141e-05,-1
93,8,block_balanced,-139360.74110053387,139360.74110053387,1,5.657195334571302,10734937.651845083,0.043505319339326165,1388.5244769658784,0.6747099824686507,0.3357495946067544,7.819989696145058e-05,-1
93,8,pdp_aware_greedy,-1.262896790551851,1.262896790551851,1,2.5573458429900535,108.39362932349447,0.004288329935068693,629.3218824941763,0.994616181768306,0.1524760343666226,0.0005506000015884638,-1
93,8,local_search,-1.262896790551851,1.262896790551851,1,2.5573458429900535,108.39362932349447,0.004288329935068693,629.3218824941763,0.994616181768306,0.1524760343666226,0.015309399925172329,-1
93,8,beam_search,-0.30510386179392385,0.30510386179392385,1,2.403014644524818,35.80370375371427,0.0005118855928771605,591.4904528725825,0.994616181768306,0.1433790374368249,0.07670980016700923,-1
93,8,simulated_annealing,-1.262896790551851,1.262896790551851,1,2.5573458429900535,108.39362932349447,0.004288329935068693,629.3218824941763,0.994616181768306,0.1524760343666226,0.011702300049364567,-1
93,8,block_beam_strong,-0.30510386179392385,0.30510386179392385,1,2.403014644524818,35.80370375371427,0.0005118855928771605,591.4904528725825,0.994616181768306,0.1433790374368249,0.6774399001151323,-1
93,8,block_lns_strong,-0.30510386179392385,0.30510386179392385,1,2.403014644524818,35.80370375371427,0.0005118855928771605,591.4904528725825,0.994616181768306,0.1433790374368249,0.09672020003199577,-1
93,8,hybrid_heuristic,-0.30510386179392385,0.30510386179392385,1,2.403014644524818,35.80370375371427,0.0005118855928771605,591.4904528725825,0.994616181768306,0.1433790374368249,0.016210899921134114,-1
93,9,autoreg_rl_pure,-0.179615117198142,0.179615117198142,1,1.7100872552425774,31.474928449258897,7.257452786293949e-05,457.6087149821643,0.9984480153618497,0.10123140480600497,0.09270179993472993,256
93,9,random,-100.0,6.519796278497021e+18,0,73.78023190982049,5.022195578703034e+20,0.1508155377953953,19615.898910479347,0.8483361335891565,4.380597262530409,0.028425100026652217,-1
93,9,latency_greedy,-1101533.5745372886,1101533.5745372886,1,4.653966962721736,84851067.16669397,0.05055350160489075,1240.1000883798692,0.9984480153618497,0.2772086806688597,7.069995626807213e-05,-1
93,9,block_balanced,-10810214.725014688,10810214.725014688,1,7.506559508448004,832710233.8273045,0.05833941739738807,1998.4879592154282,0.6519215889434002,0.44605709558412443,7.46001023799181e-05,-1
93,9,pdp_aware_greedy,-5.851135762068625,5.851135762068625,1,2.8742133790380056,459.38460243718765,0.009211634519902926,767.0912384311317,0.9695270098161788,0.17027376503620628,0.0006883998867124319,-1
93,9,local_search,-5.851135762068625,5.851135762068625,1,2.8742133790380056,459.38460243718765,0.009211634519902926,767.0912384311317,0.9695270098161788,0.17027376503620628,0.016467500012367964,-1
93,9,beam_search,-0.179615117198142,0.179615117198142,1,1.7100872552425774,31.474928449258897,7.257452786293949e-05,457.6087149821643,0.9984480153618497,0.10123140480600497,0.07084920001216233,-1
93,9,simulated_annealing,-5.851135762068625,5.851135762068625,1,2.8742133790380056,459.38460243718765,0.009211634519902926,767.0912384311317,0.9695270098161788,0.17027376503620628,0.009185000089928508,-1
93,9,block_beam_strong,-0.179615117198142,0.179615117198142,1,1.7100872552425774,31.474928449258897,7.257452786293949e-05,457.6087149821643,0.9984480153618497,0.10123140480600497,0.5777322000358254,-1
93,9,block_lns_strong,-0.179615117198142,0.179615117198142,1,1.7100872552425774,31.474928449258897,7.257452786293949e-05,457.6087149821643,0.9984480153618497,0.10123140480600497,0.06511940015479922,-1
93,9,hybrid_heuristic,-0.179615117198142,0.179615117198142,1,1.7100872552425774,31.474928449258897,7.257452786293949e-05,457.6087149821643,0.9984480153618497,0.10123140480600497,0.016070200130343437,-1
93,10,autoreg_rl_pure,-0.374051063692346,0.374051063692346,1,1.7012342925439434,46.5205133101192,0.001404560288056038,520.9964935578187,0.9644422618122611,0.12317140963121115,0.08777099987491965,256
93,10,random,-100.0,679767653494.5923,0,65.9570070694172,52362465912535.5,0.09600784089071455,20087.260460977,0.9210303063236057,4.718420933266485,0.028885900042951107,-1
93,10,latency_greedy,-91919621.70965332,91919621.70965332,1,5.671793528324618,7080563520.507549,0.06563657130564989,1730.0206274077905,0.9644422618122611,0.40444829221885875,6.819982081651688e-05,-1
93,10,block_balanced,-1266937.482755793,1266937.482755793,1,7.555319342518386,97592099.00198254,0.051030446713324525,2303.640766634091,0.6140202042157371,0.5406227118540713,0.00013500009663403034,-1
93,10,pdp_aware_greedy,-4.0132647580447625,4.0132647580447625,1,1.8557198287305798,325.6589478663385,0.008038739400832095,568.0381673964275,0.9644422618122611,0.13377338287919244,0.0005625002086162567,-1
93,10,local_search,-4.0132647580447625,4.0132647580447625,1,1.8557198287305798,325.6589478663385,0.008038739400832095,568.0381673964275,0.9644422618122611,0.13377338287919244,0.01609469996765256,-1
93,10,beam_search,-0.45920444100285285,0.45920444100285285,1,1.7039695862610778,53.058803447268446,0.0018528968900480497,521.8294051563439,0.9644422618122611,0.12295672440031671,0.07929989998228848,-1
93,10,simulated_annealing,-4.0132647580447625,4.0132647580447625,1,1.8557198287305798,325.6589478663385,0.008038739400832095,568.0381673964275,0.9644422618122611,0.13377338287919244,0.009646899998188019,-1
93,10,block_beam_strong,-0.374051063692346,0.374051063692346,1,1.7012342925439434,46.5205133101192,0.001404560288056038,520.9964935578187,0.9644422618122611,0.12317140963121115,0.5799118999857455,-1
93,10,block_lns_strong,-0.374051063692346,0.374051063692346,1,1.7012342925439434,46.5205133101192,0.001404560288056038,520.9964935578187,0.9644422618122611,0.12317140963121115,0.06833739997819066,-1
93,10,hybrid_heuristic,-0.374051063692346,0.374051063692346,1,1.7012342925439434,46.5205133101192,0.001404560288056038,520.9964935578187,0.9644422618122611,0.12317140963121115,0.01637029997073114,-1
93,11,autoreg_rl_pure,-0.29026495361287274,0.29026495361287274,1,1.670783337510926,40.30103728505047,0.0009152834309748577,476.1845282169451,0.9757301364155111,0.1242980835003837,0.08593629999086261,256
93,11,random,-100.0,5.980135533763654e+23,0,105.24668524019081,4.6064951962941085e+25,0.18977097492596573,29811.85609037817,0.8673779348845202,7.857963491150242,0.027666700072586536,-1
93,11,latency_greedy,-6957.275594473295,6957.275594473295,1,2.2001544020479415,535932.430331975,0.03328705877664383,626.0233117244011,0.9757301364155111,0.1657679515157748,9.039998985826969e-05,-1
93,11,block_balanced,-119259.58372247162,119259.58372247162,1,5.473376180365437,9186547.99239677,0.04297428909043234,1553.16001311034,0.6616447947234227,0.40929200544296973,8.679996244609356e-05,-1
93,11,pdp_aware_greedy,-218.03895165920372,218.03895165920372,1,3.233119073919074,16801.436039042233,0.02148251646382291,918.6789304597073,0.9757301364155111,0.2409476902795362,0.0008000999223440886,-1
93,11,local_search,-100.0,5.980135533763654e+23,0,105.24668524019081,4.6064951962941085e+25,0.18977097492596573,29811.85609037817,0.8673779348845202,7.857963491150242,0.017480900045484304,-1
93,11,beam_search,-0.29026495361287274,0.29026495361287274,1,1.670783337510926,40.30103728505047,0.0009152834309748577,476.1845282169451,0.9757301364155111,0.1242980835003837,0.07464260002598166,-1
93,11,simulated_annealing,-100.0,5.980135533763654e+23,0,105.24668524019081,4.6064951962941085e+25,0.18977097492596573,29811.85609037817,0.8673779348845202,7.857963491150242,0.013889000052586198,-1
93,11,block_beam_strong,-0.29026495361287274,0.29026495361287274,1,1.670783337510926,40.30103728505047,0.0009152834309748577,476.1845282169451,0.9757301364155111,0.1242980835003837,0.6227454000618309,-1
93,11,block_lns_strong,-0.29026495361287274,0.29026495361287274,1,1.670783337510926,40.30103728505047,0.0009152834309748577,476.1845282169451,0.9757301364155111,0.1242980835003837,0.09615359990857542,-1
93,11,hybrid_heuristic,-0.29026495361287274,0.29026495361287274,1,1.670783337510926,40.30103728505047,0.0009152834309748577,476.1845282169451,0.9757301364155111,0.1242980835003837,0.0178248998709023,-1
93,12,autoreg_rl_pure,-0.24778044666041973,0.24778044666041973,1,2.475656254483685,30.828526226373675,1.830435643678272e-06,660.537671161964,0.9573778172210279,0.12528987530273653,0.09325399994850159,256
93,12,random,-100.0,10342833756905.11,0,63.69737750613984,796707929916081.8,0.10528872968102532,16918.377638435806,0.9573778172210279,3.231467036392434,0.0298762999009341,-1
93,12,latency_greedy,-189794.51257043917,189794.51257043917,1,6.047579667210025,14619845.35778371,0.044558343673024345,1609.0162974930613,0.9503469376793702,0.3092514625412967,6.880005821585655e-05,-1
93,12,block_balanced,-452391.0533217511,452391.0533217511,1,8.69078851185075,34847622.45600911,0.047519601551962914,2310.9934111265593,0.7596872441271093,0.44337096080100663,7.670000195503235e-05,-1
93,12,pdp_aware_greedy,-0.6942968623340242,0.6942968623340242,1,2.75476665960161,63.073675837760234,0.002442358695359999,734.6064685876963,0.9573778172210279,0.13941530478818592,0.0005438998341560364,-1
93,12,local_search,-0.6942968623340242,0.6942968623340242,1,2.75476665960161,63.073675837760234,0.002442358695359999,734.6064685876963,0.9573778172210279,0.13941530478818592,0.01712630013935268,-1
93,12,beam_search,-0.2466437676583767,0.2466437676583767,1,2.464285588721995,30.828556081187823,1.8337371739562197e-06,657.4900280278447,0.8800611404947657,0.12471442009048277,0.06901509989984334,-1
93,12,simulated_annealing,-0.6942968623340242,0.6942968623340242,1,2.75476665960161,63.073675837760234,0.002442358695359999,734.6064685876963,0.9573778172210279,0.13941530478818592,0.008832500083371997,-1
93,12,block_beam_strong,-0.2466437676583767,0.2466437676583767,1,2.464285588721995,30.828556081187823,1.8337371739562197e-06,657.4900280278447,0.8800611404947657,0.12471442009048277,0.4629592001438141,-1
93,12,block_lns_strong,-0.2466437676583767,0.2466437676583767,1,2.464285588721995,30.828556081187823,1.8337371739562197e-06,657.4900280278447,0.8800611404947657,0.12471442009048277,0.09469310007989407,-1
93,12,hybrid_heuristic,-0.2466437676583767,0.2466437676583767,1,2.464285588721995,30.828556081187823,1.8337371739562197e-06,657.4900280278447,0.8800611404947657,0.12471442009048277,0.016727100126445293,-1
93,13,autoreg_rl_pure,-0.2280929317009095,0.2280929317009095,1,2.2761770493130813,30.848585252513974,4.047966723561526e-06,660.4338084979312,0.9748495173618986,0.1417446860096769,0.1273445999249816,256
93,13,random,-100.0,1.1700847915796142e+24,0,75.57598929613246,9.013156877861002e+25,0.1920592990101164,21832.27861684973,0.9383634306762612,4.672141003974304,0.03009849996306002,-1
93,13,latency_greedy,-47745.9512128817,47745.9512128817,1,5.0269502154316665,3677860.152144195,0.039853466154300035,1454.8841535001575,0.9446196364323136,0.31018388684231574,6.809993647038937e-05,-1
93,13,block_balanced,-105351.03087729271,105351.03087729271,1,6.657510814089236,8115163.790850982,0.04255152696097757,1925.9075357670351,0.7037725730071959,0.4116428643006263,7.360009476542473e-05,-1
93,13,pdp_aware_greedy,-83.08289721158489,83.08289721158489,1,2.918623764786528,6408.200954292924,0.01819642637866415,845.997181906994,0.9748495173618986,0.1818554952366435,0.0005399999208748341,-1
93,13,local_search,-83.06505089251165,83.06505089251165,1,2.9551566548488437,6406.544840634944,0.01819554519988923,856.5457048790154,0.9748495173618986,0.1839706894105614,0.023617699975147843,-1
93,13,beam_search,-1.5432976156107292,1.5432976156107292,1,3.5552219842372326,122.30625528085034,0.0047000224121522185,1029.8792126056078,0.9383634306762612,0.2212514657455625,0.07528070011176169,-1
93,13,simulated_annealing,-83.06233144037822,83.06233144037822,1,2.963580441447254,6406.270472999853,0.01819539919338742,858.9715900337313,0.9748495173618986,0.1841677616455447,0.008144700201228261,-1
93,13,block_beam_strong,-0.23180125324877804,0.23180125324877804,1,2.3125201981166903,30.854285982145317,4.677920891669153e-06,670.9452065551984,0.9748495173618986,0.14435875231733533,0.4249861999414861,-1
93,13,block_lns_strong,-0.23180125324877804,0.23180125324877804,1,2.3125201981166903,30.854285982145317,4.677920891669153e-06,670.9452065551984,0.9748495173618986,0.14435875231733533,0.09111229982227087,-1
93,13,hybrid_heuristic,-0.23180125324877804,0.23180125324877804,1,2.3125201981166903,30.854285982145317,4.677920891669153e-06,670.9452065551984,0.9748495173618986,0.14435875231733533,0.01942720008082688,-1
93,14,autoreg_rl_pure,-0.9293834562258656,0.9293834562258656,1,2.707755837515333,81.54450767511426,0.00331799913075618,653.482035839343,0.9507165107097257,0.12403257347288471,0.21473589981906116,256
93,14,random,-100.0,2.2684902189970518e+23,0,77.92317270948216,1.7474167997783515e+25,0.18646632873804142,18718.61234365202,0.8550103958746235,3.5333873657598613,0.030036400072276592,-1
93,14,latency_greedy,-29.78220586990549,29.78220586990549,1,3.3475333724430865,2299.147668761751,0.014701848373116165,807.0370116579548,0.9776826292608133,0.1521252691565409,0.00010739988647401333,-1
93,14,block_balanced,-35.559096284112265,35.559096284112265,1,4.435981266624245,2735.7569194308967,0.015294606789327495,1068.5159260537673,0.6655015574968081,0.20179179884042514,7.819989696145058e-05,-1
93,14,pdp_aware_greedy,-2.015237866724072,2.015237866724072,1,2.904177502393666,163.67477968205398,0.005693307026246371,700.6030561420711,0.9776826292608133,0.1316957036094695,0.0007581000681966543,-1
93,14,local_search,-1.5288495724263385,1.5288495724263385,1,2.7458250919467266,127.42810321170559,0.004839882297625412,662.5786726554234,0.9507165107097257,0.12468043825452034,0.025502099888399243,-1
93,14,beam_search,-244.30571137406076,244.30571137406076,1,2.9441262709832143,18826.989241986357,0.02187057699175313,710.2568518513758,0.9507165107097257,0.13475624105848502,0.0737956000957638,-1
93,14,simulated_annealing,-1.5285578221541536,1.5285578221541536,1,2.7429075892248793,127.42810321170559,0.004839882297625412,661.8774306908222,0.8875715632925639,0.1248204833679838,0.008253799984231591,-1
93,14,block_beam_strong,-0.9174317543573077,0.9174317543573077,1,2.5972401495699446,81.47517047266987,0.0033150990493291716,626.9102004938874,0.8948846397016115,0.11889026260979065,0.5083768998738378,-1
93,14,block_lns_strong,-0.9174317543573077,0.9174317543573077,1,2.5972401495699446,81.47517047266987,0.0033150990493291716,626.9102004938874,0.8948846397016115,0.11889026260979065,0.09290059981867671,-1
93,14,hybrid_heuristic,-0.9174317543573077,0.9174317543573077,1,2.5972401495699446,81.47517047266987,0.0033150990493291716,626.9102004938874,0.8948846397016115,0.11889026260979065,0.016757499892264605,-1
93,15,autoreg_rl_pure,-0.24152231683225364,0.24152231683225364,1,2.333540314685604,31.441181143667468,6.891722296527893e-05,626.3725490240239,0.9387544131602894,0.10666894610852078,0.2492202001158148,255
93,15,random,-100.0,8.892297768761633e+23,0,67.5814133987188,6.849732204988547e+25,0.19112355298732414,18058.140673532056,0.8827355410253496,3.1058471058294193,0.0329969001468271,-1
93,15,latency_greedy,-15.3322104209458,15.3322104209458,1,3.052299950019178,1188.3394753213686,0.012451832013959446,818.3978053469941,0.9387544131602894,0.13952431711877336,6.989995017647743e-05,-1
93,15,block_balanced,-67584.21041002986,67584.21041002986,1,5.8131329099485445,5205994.138804964,0.041038097368521084,1556.0187179956895,0.7602356163919388,0.2663448294989809,0.0003027000930160284,-1
93,15,pdp_aware_greedy,-35.24533360740688,35.24533360740688,1,3.9836932942052843,2715.0717690892907,0.015268731684644356,1067.2703463698465,0.9387544131602894,0.18347028983316438,0.0007666000165045261,-1
93,15,local_search,-15.3322104209458,15.3322104209458,1,3.052299950019178,1188.3394753213686,0.012451832013959446,818.3978053469941,0.9387544131602894,0.13952431711877336,0.01763679995201528,-1
93,15,beam_search,-0.24152231683225364,0.24152231683225364,1,2.333540314685604,31.441181143667468,6.891722296527893e-05,626.3725490240239,0.9387544131602894,0.10666894610852078,0.07464809995144606,-1
93,15,simulated_annealing,-15.3322104209458,15.3322104209458,1,3.052299950019178,1188.3394753213686,0.012451832013959446,818.3978053469941,0.9387544131602894,0.13952431711877336,0.009601400000974536,-1
93,15,block_beam_strong,-0.5332519037239498,0.5332519037239498,1,2.6128782084615403,51.7613572866738,0.0017684953080703857,701.0010173132159,0.9387544131602894,0.11943781860227393,0.3376146999653429,-1
93,15,block_lns_strong,-0.24152231683225364,0.24152231683225364,1,2.333540314685604,31.441181143667468,6.891722296527893e-05,626.3725490240239,0.9387544131602894,0.10666894610852078,0.0930810000281781,-1
93,15,hybrid_heuristic,-0.24152231683225364,0.24152231683225364,1,2.333540314685604,31.441181143667468,6.891722296527893e-05,626.3725490240239,0.9387544131602894,0.10666894610852078,0.01730169984512031,-1
93,16,autoreg_rl_pure,-0.4273096751365347,0.4273096751365347,1,3.3954166543271915,37.5727436430267,0.0006763034532254008,841.4034806353902,0.9949299376125755,0.13800436179585449,0.22853829991072416,254
93,16,random,-100.0,5.044548830065406e+18,0,69.62072654346255,3.8858132599116025e+20,0.14994095615061975,17195.339921766146,0.8662260150790407,2.817736397908105,0.0310243999119848,-1
93,16,latency_greedy,-5159.857089300589,5159.857089300589,1,4.781406091367154,397457.4958525683,0.03226797710321358,1183.6588429540056,0.9949299376125755,0.19328662994326293,8.17000400274992e-05,-1
93,16,block_balanced,-18373.27540834412,18373.27540834412,1,6.351872821718737,1415274.3034299472,0.036597643234831174,1571.5188816081427,0.7461974532094316,0.25746813078936165,0.00023710005916655064,-1
93,16,pdp_aware_greedy,-4458.078094228535,4458.078094228535,1,4.526425654266525,343401.46159059607,0.031769592058306644,1120.7006757296947,0.9949299376125755,0.18260041800795257,0.0005858000367879868,-1
93,16,local_search,-100.0,5.044548830065406e+18,0,69.62072654346255,3.8858132599116025e+20,0.14994095615061975,17195.339921766146,0.8662260150790407,2.817736397908105,0.019564799964427948,-1
93,16,beam_search,-1.5359840166672059,1.5359840166672059,1,2.8934948397052365,126.84016979370091,0.004824116330060208,717.4855603909326,0.9949299376125755,0.11777975369171652,0.07313100015744567,-1
93,16,simulated_annealing,-100.0,5.044548830065406e+18,0,69.62072654346255,3.8858132599116025e+20,0.14994095615061975,17195.339921766146,0.8662260150790407,2.817736397908105,0.013842100044712424,-1
93,16,block_beam_strong,-0.4254245682177357,0.4254245682177357,1,3.417958876771853,37.25389133944922,0.0006472485218165834,846.9763858429662,0.9367181710272998,0.1389146050300759,0.3140272998716682,-1
93,16,block_lns_strong,-0.4254245682177357,0.4254245682177357,1,3.417958876771853,37.25389133944922,0.0006472485218165834,846.9763858429662,0.9367181710272998,0.1389146050300759,0.09867669991217554,-1
93,16,hybrid_heuristic,-0.4254245682177357,0.4254245682177357,1,3.417958876771853,37.25389133944922,0.0006472485218165834,846.9763858429662,0.9367181710272998,0.1389146050300759,0.016812399961054325,-1
93,17,autoreg_rl_pure,-0.2186625071058689,0.2186625071058689,1,2.173335911650372,30.914344883615946,1.1307614044684349e-05,584.501227574618,0.9989217360056017,0.15891452170668183,0.28890400007367134,236
93,17,random,-100.0,3.524889214799246e+19,0,61.22154624728096,2.7152202728125277e+21,0.1565688915656684,16384.821020443847,0.9968370733589028,4.445759145542091,0.030928200110793114,-1
93,17,latency_greedy,-20528.753176881786,20528.753176881786,1,4.6696896992171855,1581323.5982539607,0.03697585718868178,1252.4763306289383,0.9989217360056017,0.34026407117845664,7.080007344484329e-05,-1
93,17,block_balanced,-770.7361613461821,770.7361613461821,1,5.2155680075293045,59360.40168304485,0.025785496514848766,1398.582557104883,0.8562186308619444,0.3796285858720011,7.780012674629688e-05,-1
93,17,pdp_aware_greedy,-0.2186625071058689,0.2186625071058689,1,2.173335911650372,30.914344883615946,1.1307614044684349e-05,584.501227574618,0.9989217360056017,0.15891452170668183,0.0004971998278051615,-1
93,17,local_search,-0.2186625071058689,0.2186625071058689,1,2.173335911650372,30.914344883615946,1.1307614044684349e-05,584.501227574618,0.9989217360056017,0.15891452170668183,0.016748599940910935,-1
93,17,beam_search,-0.2186625071058689,0.2186625071058689,1,2.173335911650372,30.914344883615946,1.1307614044684349e-05,584.501227574618,0.9989217360056017,0.15891452170668183,0.07150539988651872,-1
93,17,simulated_annealing,-0.2186625071058689,0.2186625071058689,1,2.173335911650372,30.914344883615946,1.1307614044684349e-05,584.501227574618,0.9989217360056017,0.15891452170668183,0.008498999988660216,-1
93,17,block_beam_strong,-0.2186625071058689,0.2186625071058689,1,2.173335911650372,30.914344883615946,1.1307614044684349e-05,584.501227574618,0.9989217360056017,0.15891452170668183,0.3486275998875499,-1
93,17,block_lns_strong,-0.2186625071058689,0.2186625071058689,1,2.173335911650372,30.914344883615946,1.1307614044684349e-05,584.501227574618,0.9989217360056017,0.15891452170668183,0.07481499994173646,-1
93,17,hybrid_heuristic,-0.2186625071058689,0.2186625071058689,1,2.173335911650372,30.914344883615946,1.1307614044684349e-05,584.501227574618,0.9989217360056017,0.15891452170668183,0.01595699996687472,-1
93,18,autoreg_rl_pure,-1.3843407057722186,1.3843407057722186,1,2.6006848230881063,117.41460767210486,0.004560869114704525,654.4033345518635,0.9767246419738184,0.12080070978970746,0.08157279994338751,256
93,18,random,-100.0,4.568029559262737e+25,0,98.57789606884434,3.5187507210275436e+27,0.2047111460324671,24693.101166614313,0.851582284133958,4.563948117880084,0.031290599843487144,-1
93,18,latency_greedy,-3222279.6309737223,3222279.6309737223,1,4.08853705734963,248212026.5771035,0.05421290018317087,1026.966270365992,0.993512664822951,0.1906871102769724,8.159992285072803e-05,-1
93,18,block_balanced,-1220048.661545776,1220048.661545776,1,6.444847830406226,93980264.1713808,0.050901879457839104,1617.1862900873784,0.7516265085257976,0.2994749470198708,0.00015660002827644348,-1
93,18,pdp_aware_greedy,-1.8714305661190747,1.8714305661190747,1,2.6263809777094944,154.73717616519724,0.005501868343353285,660.8297663670415,0.9767246419738184,0.12262436013525478,0.000974699854850769,-1
93,18,local_search,-1.8682103567182424,1.8682103567182424,1,2.59417888416389,154.7371761616329,0.005501868343274755,652.7571129742807,0.9395331356572469,0.12113918074233665,0.02653300017118454,-1
93,18,beam_search,-2.1143630780187026,2.1143630780187026,1,2.765721160004894,172.37691785824123,0.005869911160294707,695.7088162520724,0.9767246419738184,0.12861630564362675,0.08329079998657107,-1
93,18,simulated_annealing,-1.8637491112171602,1.8637491112171602,1,2.5495664291688414,154.73717616151143,0.005501868343272078,641.5689036545199,0.9395331356572469,0.11908284646940191,0.0077927999664098024,-1
93,18,block_beam_strong,-1.414240693070533,1.414240693070533,1,2.7156202232986137,118.8324553192834,0.004601790680702557,683.1740631642919,0.8790521777764366,0.12654713319927918,0.44740490010008216,-1
93,18,block_lns_strong,-1.378744966100886,1.378744966100886,1,2.5447274336986387,117.4146076156892,0.0045608691130664585,640.3614742546225,0.9767246419738184,0.11885808346193136,0.07358440011739731,-1
93,18,hybrid_heuristic,-1.378744966100886,1.378744966100886,1,2.5447274336986387,117.4146076156892,0.0045608691130664585,640.3614742546225,0.9767246419738184,0.11885808346193136,0.014838899951428175,-1
93,19,autoreg_rl_pure,-0.2469520499682835,0.2469520499682835,1,2.4617455104031873,30.871869260670863,6.620212896774259e-06,615.1732991959809,0.97184343019695,0.1536015392871603,0.42085790005512536,248
93,19,random,-100.0,1.4024463829050569e+23,0,85.98995381910665,1.0803036970378333e+25,0.18482685148806388,21383.91332791214,0.966029946266638,5.334074387846272,0.0332162999548018,-1
93,19,latency_greedy,-187.65361058016697,187.65361058016697,1,3.128825256187417,14461.658219103076,0.020971259329612427,780.9539217205947,0.966029946266638,0.19496276923644482,0.00010000006295740604,-1
93,19,block_balanced,-2124424.1270408863,2124424.1270408863,1,6.3743953098887784,163644258.34646735,0.052792662371220225,1587.9884949915163,0.7957078387884247,0.3956880862331782,0.00045650009997189045,-1
93,19,pdp_aware_greedy,-3.1965683316280993,3.1965683316280993,1,2.8678429840077673,254.95248667444616,0.00720425501653049,716.147124153516,0.97184343019695,0.17819542169557628,0.0008113000076264143,-1
93,19,local_search,-3.1965683316280993,3.1965683316280993,1,2.8678429840077673,254.95248667444616,0.00720425501653049,716.147124153516,0.97184343019695,0.17819542169557628,0.015278999926522374,-1
93,19,beam_search,-0.2469520499682835,0.2469520499682835,1,2.4617455104031873,30.871869260670863,6.620212896774259e-06,615.1732991959809,0.97184343019695,0.1536015392871603,0.06936499988660216,-1
93,19,simulated_annealing,-3.1965683316280993,3.1965683316280993,1,2.8678429840077673,254.95248667444616,0.00720425501653049,716.147124153516,0.97184343019695,0.17819542169557628,0.00782910012640059,-1
93,19,block_beam_strong,-0.7770304236954979,0.7770304236954979,1,2.615141846966443,70.52216681823694,0.0028229070453163634,653.2294663432308,0.966029946266638,0.16314112406640763,0.27481970004737377,-1
93,19,block_lns_strong,-0.2469520499682835,0.2469520499682835,1,2.4617455104031873,30.871869260670863,6.620212896774259e-06,615.1732991959809,0.97184343019695,0.1536015392871603,0.10058009997010231,-1
93,19,hybrid_heuristic,-0.2469520499682835,0.2469520499682835,1,2.4617455104031873,30.871869260670863,6.620212896774259e-06,615.1732991959809,0.97184343019695,0.1536015392871603,0.01621020003221929,-1
93,20,autoreg_rl_pure,-7.118888922392989,7.118888922392989,1,1.800778456014391,565.3082238835817,0.009918989008054368,457.8188497266841,0.966578595999929,0.08891285672395535,0.19437529984861612,256
93,20,random,-100.0,4.568029559262737e+25,0,99.15596052614944,3.5187507210275436e+27,0.20753041485261295,25052.22571173861,0.8947251255208238,4.903235740860009,0.0308143999427557,-1
93,20,latency_greedy,-162160.34622370955,162160.34622370955,1,3.646236059486061,12491205.502828645,0.04402188713354852,924.0147343980882,0.9435321321575446,0.1813210732032911,6.740004755556583e-05,-1
93,20,block_balanced,-19935853.200259894,19935853.200259894,1,6.442260115670701,1535657684.6377752,0.060425951049818766,1630.4397007157506,0.6569920608193369,0.3194503658279818,7.770000956952572e-05,-1
93,20,pdp_aware_greedy,-9981.876271406578,9981.876271406578,1,3.1178612367835554,768910.1892661443,0.03451766833373347,790.554806183294,0.966578595999929,0.15516997668878926,0.0005395999178290367,-1
93,20,local_search,-100.0,4.568029559262737e+25,0,99.15596052614944,3.5187507210275436e+27,0.20753041485261295,25052.22571173861,0.8947251255208238,4.903235740860009,0.019639500183984637,-1
93,20,beam_search,-4.15448834152382,4.15448834152382,1,3.583965184044358,323.2247282235653,0.008013160679347124,908.3029050950865,0.966578595999929,0.17785060030854025,0.10648069996386766,-1
93,20,simulated_annealing,-100.0,4.568029559262737e+25,0,99.15596052614944,3.5187507210275436e+27,0.20753041485261295,25052.22571173861,0.8947251255208238,4.903235740860009,0.013402399839833379,-1
93,20,block_beam_strong,-3.907785400979142,3.907785400979142,1,3.7479057620781293,302.9583805428639,0.0077924060953169305,949.7127187652841,0.8491789189417902,0.18587682897113125,0.53545630001463,-1
93,20,block_lns_strong,-3.8957646640682646,3.8957646640682646,1,3.6276995298856285,302.9583717852039,0.007792405996766393,919.344028345754,0.8491789189417902,0.180013488915996,0.09545559994876385,-1
93,20,hybrid_heuristic,-3.8957646640682646,3.8957646640682646,1,3.6276995298856285,302.9583717852039,0.007792405996766393,919.344028345754,0.8491789189417902,0.180013488915996,0.01567420014180243,-1
93,21,autoreg_rl_pure,-11.03003617397964,11.03003617397964,1,3.292383939723057,855.09385798909,0.011329857338248152,929.4189662782569,0.9508231421276333,0.24037716468253717,0.11713799997232854,256
93,21,random,-100.0,4.568029559262737e+25,0,125.00328951447977,3.5187507210275436e+27,0.26854694902732706,35175.50453871282,0.8514248244208665,9.106550338924837,0.029255999950692058,-1
93,21,latency_greedy,-189.6305453052615,189.6305453052615,1,2.2304326317780383,14620.861708583452,0.02100858509898998,630.5555250700249,0.9821050599960391,0.1636066749805629,6.889994256198406e-05,-1
93,21,block_balanced,-67729924.68924232,67729924.68924232,1,7.842472589077451,5217232438.876927,0.06459544454841565,2209.7079500756563,0.6223674393802088,0.5719916964257135,7.449998520314693e-05,-1
93,21,pdp_aware_greedy,-38.046450999610606,38.046450999610606,1,2.984443480206091,2938.538907631556,0.015538380164717407,842.7374598325682,0.9821050599960391,0.21685348114443245,0.0005811001174151897,-1
93,21,local_search,-38.046450999610606,38.046450999610606,1,2.984443480206091,2938.538907631556,0.015538380164717407,842.7374598325682,0.9821050599960391,0.21685348114443245,0.015644399914890528,-1
93,21,beam_search,-11.24032510321903,11.24032510321903,1,4.5475108563388345,861.6241670256862,0.011355794398070183,1282.522101834927,0.9821050599960391,0.33150626847699083,0.0838285000063479,-1
93,21,simulated_annealing,-38.046450999610606,38.046450999610606,1,2.984443480206091,2938.538907631556,0.015538380164717407,842.7374598325682,0.9821050599960391,0.21685348114443245,0.011151500046253204,-1
93,21,block_beam_strong,-10.173324476256248,10.173324476256248,1,3.098930188996005,790.5915750383018,0.011062473789200054,875.0012720022517,0.9460275826898518,0.22666436499516862,0.6014725998975337,-1
93,21,block_lns_strong,-10.158399964712677,10.158399964712677,1,3.049600318357196,789.8219284431789,0.011059153281153502,861.1238833942468,0.9460275826898518,0.2230827456050499,0.09905810002237558,-1
93,21,hybrid_heuristic,-10.158399964712677,10.158399964712677,1,3.049600318357196,789.8219284431789,0.011059153281153502,861.1238833942468,0.9460275826898518,0.2230827456050499,0.01572740008123219,-1
93,22,autoreg_rl_pure,-0.3561541073380986,0.3561541073380986,1,2.7697791176111943,36.91091666135937,0.0006157165479203449,712.4911464415734,0.9963967870040642,0.18070706279942417,0.14387209992855787,256
93,22,random,-100.0,113381770190.3256,0,65.79768669056162,8733791680000.279,0.08990197653426377,16855.01968476621,0.9663699813282376,4.29938117460386,0.03204710013233125,-1
93,22,latency_greedy,-13951.857852875119,13951.857852875119,1,4.205395156139229,1074709.2804269458,0.03565917887651637,1080.0913938231774,0.9663699813282376,0.2762605479582219,7.309997454285622e-05,-1
93,22,block_balanced,-11192148.497546522,11192148.497546522,1,6.4559140578444385,862130579.9468248,0.05845778868537974,1656.561922496533,0.6716356456500331,0.4231224270173697,7.38000962883234e-05,-1
93,22,pdp_aware_greedy,-3.384557550975728,3.384557550975728,1,2.9536908677521447,268.7720003761994,0.007384214438298493,759.5282094516573,0.9963967870040642,0.19433508410674047,0.0007899000775068998,-1
93,22,local_search,-3.3436604803894623,3.3436604803894623,1,2.9844803574387715,265.3845299470063,0.007340973344138204,767.417430180317,0.9963967870040642,0.19634811287204973,0.02499790000729263,-1
93,22,beam_search,-3.368265832905548,3.368265832905548,1,3.0751150364281292,266.5817204860174,0.00735631823525363,790.6915460404815,0.9663699813282376,0.2006279137819959,0.07126790005713701,-1
93,22,simulated_annealing,-3.3436604803894623,3.3436604803894623,1,2.9844803574387715,265.3845299470063,0.007340973344138204,767.417430180317,0.9963967870040642,0.19634811287204973,0.009312499780207872,-1
93,22,block_beam_strong,-0.35824977743736797,0.35824977743736797,1,2.7890912648628117,36.923584650012046,0.0006168864033793881,717.4394360517092,0.9005210344862821,0.18196703381444124,0.5174848001915962,-1
93,22,block_lns_strong,-0.35824977743736797,0.35824977743736797,1,2.7890912648628117,36.923584650012046,0.0006168864033793881,717.4394360517092,0.9005210344862821,0.18196703381444124,0.08986760000698268,-1
93,22,hybrid_heuristic,-0.35824977743736797,0.35824977743736797,1,2.7890912648628117,36.923584650012046,0.0006168864033793881,717.4394360517092,0.9005210344862821,0.18196703381444124,0.015806900104507804,-1
93,23,autoreg_rl_pure,-0.6260907961960887,0.6260907961960887,1,2.659433657454481,58.55411582356581,0.0021888766357548205,730.0475985923885,0.9816652289569126,0.16744028723999232,0.08989960001781583,256
93,23,random,-100.0,1.1938709148193782e+18,0,84.38158751297814,9.196381257682831e+19,0.1450279171526878,23072.834566707214,0.9816652289569126,5.296721229238527,0.028757000109180808,-1
93,23,latency_greedy,-1191.839253709289,1191.839253709289,1,4.292643268409328,91805.05960088759,0.02727204905371567,1176.5520888807819,0.9816652289569126,0.2713937511833256,7.229996845126152e-05,-1
93,23,block_balanced,-3453.009373750009,3453.009373750009,1,6.5793983193816326,265965.2578865746,0.030898420972077203,1801.8207450871778,0.6815787110546153,0.4145062515012231,7.980014197528362e-05,-1
93,23,pdp_aware_greedy,-4.213458011960256,4.213458011960256,1,3.065454659794633,331.76124256556784,0.008102031062039619,841.1136667631754,0.9816652289569126,0.19183865120310528,0.0010249000042676926,-1
93,23,local_search,-2.563288377845585,2.563288377845585,1,2.98410493277483,205.27540061031883,0.006465394756344176,818.8841612073786,0.897886358794531,0.1867477189796075,0.02332670008763671,-1
93,23,beam_search,-0.624887467204722,0.624887467204722,1,3.7963793804608903,49.70353664559186,0.001630191177399409,1040.8973662700398,0.9816652289569126,0.23846493212542763,0.06817919993773103,-1
93,23,simulated_annealing,-2.563288377845585,2.563288377845585,1,2.98410493277483,205.27540061031883,0.006465394756344176,818.8841612073786,0.897886358794531,0.1867477189796075,0.008465700084343553,-1
93,23,block_beam_strong,-0.6366312075444471,0.6366312075444471,1,2.740696044942749,58.74007940950762,0.002199686883277515,752.2686806884955,0.956631952859767,0.17277844401022951,0.5181360000278801,-1
93,23,block_lns_strong,-0.6212610004566631,0.6212610004566631,1,3.895892064852646,48.65764443188838,0.0015576869305661697,1068.1072540613354,0.8589570753372985,0.2448188621884453,0.09573820000514388,-1
93,23,hybrid_heuristic,-0.6212610004566631,0.6212610004566631,1,3.895892064852646,48.65764443188838,0.0015576869305661697,1068.1072540613354,0.8589570753372985,0.2448188621884453,0.014911900041624904,-1
93,24,autoreg_rl_pure,-0.6064418104641757,0.6064418104641757,1,2.464061104280512,58.54550923572441,0.002188375495391019,596.2780249891703,0.9743680883312087,0.15394241135564127,0.09981890022754669,256
93,24,random,-100.0,566996118022945.0,0,58.44446672660663,4.367568058020713e+16,0.11893941036171875,14076.066838206347,0.9179855934073952,3.6249675125109553,0.031147500034421682,-1
93,24,latency_greedy,-9170174.055518791,9170174.055518791,1,5.691271698765777,706378002.9456799,0.05777848212926141,1373.2931771606068,0.9743680883312087,0.3543543281269241,9.840005077421665e-05,-1
93,24,block_balanced,-53490417.19996723,53490417.19996723,1,7.895001439941132,4120363939.813751,0.06379078352542443,1903.998087600817,0.7307760662484065,0.4906395265188999,8.610007353127003e-05,-1
93,24,pdp_aware_greedy,-6.416453810617639,6.416453810617639,1,2.912888714277339,502.63310551571504,0.00951837050505229,704.3433360321617,0.9743680883312087,0.18185468212486816,0.0008430997841060162,-1
93,24,local_search,-6.416453810617639,6.416453810617639,1,2.912888714277339,502.63310551571504,0.00951837050505229,704.3433360321617,0.9743680883312087,0.18185468212486816,0.016577000031247735,-1
93,24,beam_search,-0.8288927102284579,0.8288927102284579,1,3.7268268267928355,65.95381252909237,0.002594584011787465,900.3353393145824,0.9743680883312087,0.23300561978610249,0.06969780009239912,-1
93,24,simulated_annealing,-6.416453810617639,6.416453810617639,1,2.912888714277339,502.63310551571504,0.00951837050505229,704.3433360321617,0.9743680883312087,0.18185468212486816,0.008337599923834205,-1
93,24,block_beam_strong,-0.6250781492974671,0.6250781492974671,1,2.279759206529862,61.40074194765311,0.0023507137094215145,551.8839799293307,0.951945512150936,0.1426139111920136,0.44895100011490285,-1
93,24,block_lns_strong,-0.6207455538531153,0.6207455538531153,1,2.2364332520851984,61.400741947661935,0.002350713709422004,541.4297172500918,0.9743680883312087,0.13993156066660098,0.08737429999746382,-1
93,24,hybrid_heuristic,-0.6207455538531153,0.6207455538531153,1,2.2364332520851984,61.400741947661935,0.002350713709422004,541.4297172500918,0.9743680883312087,0.13993156066660098,0.01618779986165464,-1
93,25,autoreg_rl_pure,-0.37491698738839463,0.37491698738839463,1,2.5719245102485617,39.88029328594963,0.0008795040732871913,683.6918898428772,0.9534436331664947,0.12004642620200622,0.2574779000133276,255
93,25,random,-100.0,4.568029559262737e+25,0,84.24582267019943,3.5187507210275436e+27,0.24458798181159822,22302.1206246631,0.9385381015060495,3.9012016790444752,0.032009300077334046,-1
93,25,latency_greedy,-528.1578799505055,528.1578799505055,1,2.9882120615449024,40691.76698029121,0.02449817304159017,793.8796860601823,0.9534436331664947,0.1392975603674032,0.0001697998959571123,-1
93,25,block_balanced,-10351.566866567275,10351.566866567275,1,4.7875663499409,797374.5742663497,0.03464159443337136,1270.181658027075,0.7945363609720789,0.22244305860502456,9.139999747276306e-05,-1
93,25,pdp_aware_greedy,-1.3608417189585553,1.3608417189585553,1,2.565459286754921,115.87582409496353,0.0045158941536302885,681.980599830485,0.9534436331664947,0.11928036198999516,0.0004988000728189945,-1
93,25,local_search,-1.3608417189585553,1.3608417189585553,1,2.565459286754921,115.87582409496353,0.0045158941536302885,681.980599830485,0.9534436331664947,0.11928036198999516,0.01578040001913905,-1
93,25,beam_search,-0.37491698738839463,0.37491698738839463,1,2.5719245102485617,39.88029328594963,0.0008795040732871913,683.6918898428772,0.9534436331664947,0.12004642620200622,0.07113480009138584,-1
93,25,simulated_annealing,-1.3608417189585553,1.3608417189585553,1,2.565459286754921,115.87582409496353,0.0045158941536302885,681.980599830485,0.9534436331664947,0.11928036198999516,0.010122200008481741,-1
93,25,block_beam_strong,-0.37491698738839463,0.37491698738839463,1,2.5719245102485617,39.88029328594963,0.0008795040732871913,683.6918898428772,0.9534436331664947,0.12004642620200622,0.282562900101766,-1
93,25,block_lns_strong,-0.37491698738839463,0.37491698738839463,1,2.5719245102485617,39.88029328594963,0.0008795040732871913,683.6918898428772,0.9534436331664947,0.12004642620200622,0.09089730004779994,-1
93,25,hybrid_heuristic,-0.37491698738839463,0.37491698738839463,1,2.5719245102485617,39.88029328594963,0.0008795040732871913,683.6918898428772,0.9534436331664947,0.12004642620200622,0.01821170002222061,-1
93,26,autoreg_rl_pure,-0.3697547200417727,0.3697547200417727,1,3.226949421534648,34.436990728247125,0.0003791989411249126,844.7636669089533,0.9657438397877843,0.14935218144846818,0.34642520011402667,254
93,26,random,-100.0,3.890726480147328e+24,0,66.98084482100879,2.997024522220684e+26,0.19615553316431944,17478.190282915264,0.9657438397877843,3.0695725227713466,0.02898409985937178,-1
93,26,latency_greedy,-1075.0920282730192,1075.0920282730192,1,4.211553087386431,82812.65172043501,0.026920605203842395,1101.6451469385943,0.9855609719108759,0.1939653968345261,6.869994103908539e-05,-1
93,26,block_balanced,-47093.04861819317,47093.04861819317,1,6.700779258840082,3627554.206774891,0.039806512953049655,1751.161226472471,0.7752535842192457,0.3076909110988692,0.00020560016855597496,-1
93,26,pdp_aware_greedy,-77.2680909193633,77.2680909193633,1,2.8954122389998886,5960.465535536539,0.017949497287133423,758.3377701581896,0.9855609719108759,0.1336290039152889,0.0006287998985499144,-1
93,26,local_search,-77.2680909193633,77.2680909193633,1,2.8954122389998886,5960.465535536539,0.017949497287133423,758.3377701581896,0.9855609719108759,0.1336290039152889,0.014281499898061156,-1
93,26,beam_search,-0.36887378357608125,0.36887378357608125,1,3.1470053106014393,34.98494129752983,0.00043301818446323816,823.9080700579152,0.9855609719108759,0.1456520887061888,0.07033840008080006,-1
93,26,simulated_annealing,-77.2680909193633,77.2680909193633,1,2.8954122389998886,5960.465535536539,0.017949497287133423,758.3377701581896,0.9855609719108759,0.1336290039152889,0.00869549997150898,-1
93,26,block_beam_strong,-1.6720639830726634,1.6720639830726634,1,2.8812587700875456,137.4166566906807,0.005097159400970595,754.6865556591308,0.9456269106433991,0.1327857269501751,0.4004226999823004,-1
93,26,block_lns_strong,-0.36887378357608125,0.36887378357608125,1,3.1470053106014393,34.98494129752983,0.00043301818446323816,823.9080700579152,0.9855609719108759,0.1456520887061888,0.1093904001172632,-1
93,26,hybrid_heuristic,-0.36887378357608125,0.36887378357608125,1,3.1470053106014393,34.98494129752983,0.00043301818446323816,823.9080700579152,0.9855609719108759,0.1456520887061888,0.018546799896284938,-1
93,27,autoreg_rl_pure,-0.44933653188913425,0.44933653188913425,1,2.6696099202808234,44.86035662005699,0.001280673366594846,664.7960876034499,0.9553013685540401,0.14789948624182872,0.4832279998809099,234
93,27,random,-100.0,4.568029559262737e+25,0,83.38699432007888,3.5187507210275436e+27,0.21309256649062325,20674.964051091196,0.940685030602781,4.582351444219061,0.029259199975058436,-1
93,27,latency_greedy,-1385617.8629694402,1385617.8629694402,1,4.8218116887471085,106734063.38474362,0.05133572047453604,1198.3298109739617,0.9553013685540401,0.2662519738823943,6.970018148422241e-05,-1
93,27,block_balanced,-222206370.39658937,222206370.39658937,1,8.771907544635416,17116544764.58753,0.06864585471383039,2177.6183389271723,0.7214320353672729,0.4828508230841727,7.369997911155224e-05,-1
93,27,pdp_aware_greedy,-27.65038825454391,27.65038825454391,1,2.9651781543614755,2137.8791523117297,0.014453916267863345,738.0649487944819,0.9553013685540401,0.1640834613080489,0.0006105999927967787,-1
93,27,local_search,-0.5956300448614167,0.5956300448614167,1,3.713444629694955,48.08868491130861,0.001517587725661402,923.5717670243095,0.9553013685540401,0.20580012556257804,0.02191770006902516,-1
93,27,beam_search,-0.7345743610839587,0.7345743610839587,1,4.942373440039315,49.32512610348844,0.0016041363435410861,1228.2174429534064,0.9553013685540401,0.2734139660298773,0.06812510010786355,-1
93,27,simulated_annealing,-0.5956300448614167,0.5956300448614167,1,3.713444629694955,48.08868491130861,0.001517587725661402,923.5717670243095,0.9553013685540401,0.20580012556257804,0.008317600004374981,-1
93,27,block_beam_strong,-0.44933653188913425,0.44933653188913425,1,2.6696099202808234,44.86035662005699,0.001280673366594846,664.7960876034499,0.9553013685540401,0.14789948624182872,0.3720712000504136,-1
93,27,block_lns_strong,-0.44933653188913425,0.44933653188913425,1,2.6696099202808234,44.86035662005699,0.001280673366594846,664.7960876034499,0.9553013685540401,0.14789948624182872,0.08247580006718636,-1
93,27,hybrid_heuristic,-0.44933653188913425,0.44933653188913425,1,2.6696099202808234,44.86035662005699,0.001280673366594846,664.7960876034499,0.9553013685540401,0.14789948624182872,0.015620700083673,-1
93,28,autoreg_rl_pure,-0.373330995545044,0.373330995545044,1,2.5516370758391833,39.9143984177802,0.0008824183423095333,651.0018457784724,0.982015840057512,0.14186311009575536,0.10271660005673766,256
93,28,random,-100.0,1.1162973661431626e+23,0,68.17864900007959,8.598832628025641e+24,0.1840488666563211,17315.67002236742,0.982015840057512,3.764191398969649,0.030907600186765194,-1
93,28,latency_greedy,-2230.4467383850733,2230.4467383850733,1,3.4330602476302747,171815.55983930596,0.02940878626776225,874.745000124109,0.982015840057512,0.19053663649096372,6.949994713068008e-05,-1
93,28,block_balanced,-3962198.034638065,3962198.034638065,1,6.458548389502694,305207883.2954159,0.05491761752331519,1643.0787732171348,0.8030385538408951,0.35682548207730486,7.900013588368893e-05,-1
93,28,pdp_aware_greedy,-22.98119509404936,22.98119509404936,1,2.956024906864921,1778.281960844882,0.013826053531121827,753.635013931939,0.982015840057512,0.16413986232378283,0.0008587001357227564,-1
93,28,local_search,-14.234391463480467,14.234391463480467,1,2.9991108005054627,1104.1842556047284,0.012201425116458737,764.5698581695785,0.982015840057512,0.16651680761172152,0.026828600093722343,-1
93,28,beam_search,-0.38925040983448933,0.38925040983448933,1,2.6687380832677556,40.23864161465387,0.0009100010644712094,680.7393482674545,0.982015840057512,0.14837487576884953,0.07214700011536479,-1
93,28,simulated_annealing,-3.6083365058898744,3.6083365058898744,1,3.9772540395319447,278.1251796527398,0.0075008362554077855,1012.9564952910358,0.982015840057512,0.22119652773958653,0.009717199951410294,-1
93,28,block_beam_strong,-0.38925040983448933,0.38925040983448933,1,2.6687380832677556,40.23864161465387,0.0009100010644712094,680.7393482674545,0.982015840057512,0.14837487576884953,0.3850127998739481,-1
93,28,block_lns_strong,-0.38925040983448933,0.38925040983448933,1,2.6687380832677556,40.23864161465387,0.0009100010644712094,680.7393482674545,0.982015840057512,0.14837487576884953,0.07549209985882044,-1
93,28,hybrid_heuristic,-0.38925040983448933,0.38925040983448933,1,2.6687380832677556,40.23864161465387,0.0009100010644712094,680.7393482674545,0.982015840057512,0.14837487576884953,0.017425299854949117,-1
93,29,autoreg_rl_pure,-3.2670474304459853,3.2670474304459853,1,2.7033049846303268,261.64892320597244,0.007292643641522683,848.7934025143552,0.9525694513006311,0.16853707344696764,0.08322410006076097,256
93,29,random,-100.0,3.0556876263100586e+24,0,78.61957132758764,2.3537945406922512e+26,0.19533189761936023,24604.685686875142,0.7822670487265063,4.911745238095466,0.030737800057977438,-1
93,29,latency_greedy,-26.423786671017726,26.423786671017726,1,1.7808206188657356,2052.517197826531,0.014314999965891126,560.1140184652357,0.9613618481850166,0.11102494803363512,7.209996692836285e-05,-1
93,29,block_balanced,-94185.54638629605,94185.54638629605,1,7.375711372081398,7255081.586686555,0.04216958536832137,2310.9451934448516,0.6729532937295116,0.4632775757620144,7.720012217760086e-05,-1
93,29,pdp_aware_greedy,-32.54276053382134,32.54276053382134,1,3.0006259224061043,2514.4652727851376,0.015007046708131463,941.8871032685713,0.9525694513006311,0.18766245673605833,0.0005474002100527287,-1
93,29,local_search,-26.423786671017726,26.423786671017726,1,1.7808206188657356,2052.517197826531,0.014314999965891126,560.1140184652357,0.9613618481850166,0.11102494803363512,0.015050400048494339,-1
93,29,beam_search,-6.241833811719919,6.241833811719919,1,2.734401698224799,490.5570208882478,0.00943546200854438,858.5595571560133,0.9387204584718075,0.17047579258255477,0.07468289998359978,-1
93,29,simulated_annealing,-26.423786671017726,26.423786671017726,1,1.7808206188657356,2052.517197826531,0.014314999965891126,560.1140184652357,0.9613618481850166,0.11102494803363512,0.009474700083956122,-1
93,29,block_beam_strong,-3.654465037049247,3.654465037049247,1,2.663026355020011,291.8019467449582,0.007664492051932793,836.2210329520545,0.9387204584718075,0.1660259093735195,0.49531809985637665,-1
93,29,block_lns_strong,-3.2670474304459853,3.2670474304459853,1,2.7033049846303268,261.64892320597244,0.007292643641522683,848.7934025143552,0.9525694513006311,0.16853707344696764,0.09196630003862083,-1
93,29,hybrid_heuristic,-3.2670474304459853,3.2670474304459853,1,2.7033049846303268,261.64892320597244,0.007292643641522683,848.7934025143552,0.9525694513006311,0.16853707344696764,0.016362100141122937,-1
93,30,autoreg_rl_pure,-22.426895272023234,22.426895272023234,1,3.28036645034191,1733.0858740938586,0.01373828630470044,912.8889825658433,0.9775698352766706,0.17389203099313916,0.2861525001935661,250
93,30,random,-100.0,4.568029559262737e+25,0,116.86511182781223,3.5187507210275436e+27,0.30086840254462094,32417.029970052605,0.9775698352766706,6.190064823055592,0.029641600092872977,-1
93,30,latency_greedy,-100.0,49889078776.23586,0,176.3717244228985,3842953062741.5474,0.0871031557331571,48921.91617495693,0.9775698352766706,9.314305174851508,7.129996083676815e-05,-1
93,30,block_balanced,-100.0,1656016256.9789,0,199.44252560440808,127562842006.8052,0.07549347190228806,55320.91018976804,0.8117679892052031,10.532159005637906,7.400009781122208e-05,-1
93,30,pdp_aware_greedy,-35023.90798739049,35023.90798739049,1,5.138619453293495,2697880.984201006,0.03879707282117853,1428.2500858591336,0.9775698352766706,0.2729517837941289,0.0004992000758647919,-1
93,30,local_search,-100.0,4.568029559262737e+25,0,116.86511182781223,3.5187507210275436e+27,0.30086840254462094,32417.029970052605,0.9775698352766706,6.190064823055592,0.018831999972462654,-1
93,30,beam_search,-35023.90798739049,35023.90798739049,1,5.138619453293495,2697880.984201006,0.03879707282117853,1428.2500858591336,0.9775698352766706,0.2729517837941289,0.07205080008134246,-1
93,30,simulated_annealing,-100.0,4.568029559262737e+25,0,116.86511182781223,3.5187507210275436e+27,0.30086840254462094,32417.029970052605,0.9775698352766706,6.190064823055592,0.012540800031274557,-1
93,30,block_beam_strong,-100.0,1656016256.9789,0,199.44252560440808,127562842006.8052,0.07549347190228806,55320.91018976804,0.8117679892052031,10.532159005637906,0.49359510000795126,-1
93,30,block_lns_strong,-100.0,26328812833.136997,0,5.541250678987318,2028107041295.2886,0.08492419861635758,1539.9977881795692,2.8554672366039724,0.2938720929974707,0.07986679999157786,-1
93,30,hybrid_heuristic,-100.0,4.568029559262737e+25,0,116.86511182781223,3.5187507210275436e+27,0.30086840254462094,32417.029970052605,0.9775698352766706,6.190064823055592,0.01969520002603531,-1
93,31,autoreg_rl_pure,-26.445130148655583,26.445130148655583,1,3.1224439265611617,2043.8267676169096,0.014300534601006974,834.0699268779297,0.9894578906277147,0.20150206515446784,0.23024570010602474,254
93,31,random,-100.0,4.568029559262737e+25,0,135.00884876289015,3.5187507210275436e+27,0.3030974660884602,35940.54719924128,0.9865577205411007,8.66057888145839,0.030824400018900633,-1
93,31,latency_greedy,-113535.35837129358,113535.35837129358,1,4.468303415971036,8745618.962485211,0.04280659901900103,1192.2793935438383,0.9894578906277147,0.2856646395664492,6.989995017647743e-05,-1
93,31,block_balanced,-117234616.3360862,117234616.3360862,1,7.283040724535123,9030576187.281713,0.06646590510556433,1941.5543894377986,0.7399182904058256,0.46643680863303666,7.33998604118824e-05,-1
93,31,pdp_aware_greedy,-1697.1842012412678,1697.1842012412678,1,3.25418425805512,130739.75306688107,0.028477346018210274,869.1181519312289,0.9894578906277147,0.20845548687330478,0.0006321000400930643,-1
93,31,local_search,-100.0,4.568029559262737e+25,0,135.00884876289015,3.5187507210275436e+27,0.3030974660884602,35940.54719924128,0.9865577205411007,8.66057888145839,0.02140630013309419,-1
93,31,beam_search,-1697.1842012412678,1697.1842012412678,1,3.25418425805512,130739.75306688107,0.028477346018210274,869.1181519312289,0.9894578906277147,0.20845548687330478,0.07624440011568367,-1
93,31,simulated_annealing,-100.0,4.568029559262737e+25,0,135.00884876289015,3.5187507210275436e+27,0.3030974660884602,35940.54719924128,0.9865577205411007,8.66057888145839,0.015756799839437008,-1
93,31,block_beam_strong,-26.695538005978776,26.695538005978776,1,2.991583117463275,2064.1236915556706,0.01433422393634863,799.2382719966279,0.9894578906277147,0.19287022108786483,0.4371080999262631,-1
93,31,block_lns_strong,-26.695538005978776,26.695538005978776,1,2.991583117463275,2064.1236915556706,0.01433422393634863,799.2382719966279,0.9894578906277147,0.19287022108786483,0.0745174998883158,-1
93,31,hybrid_heuristic,-26.695538005978776,26.695538005978776,1,2.991583117463275,2064.1236915556706,0.01433422393634863,799.2382719966279,0.9894578906277147,0.19287022108786483,0.015693100169301033,-1
93,32,autoreg_rl_pure,-1.8047262081382391,1.8047262081382391,1,2.48853981220854,150.66073280432235,0.005410850816653542,716.9242939510128,0.9246568823320289,0.13179756510698076,0.3600707999430597,242
93,32,random,-100.0,1.4179996621515907e+23,0,84.04725181548484,1.0922843797048508e+25,0.18486445188742115,24116.96589225548,0.9246568823320289,4.44151906311204,0.03080440009944141,-1
93,32,latency_greedy,-13087592.440262912,13087592.440262912,1,4.154256598363504,1008136542.9877672,0.05899116709873125,1194.8020649643545,0.9391584230994375,0.22056419155074813,9.150011464953423e-05,-1
93,32,block_balanced,-8124987993.207147,8124987993.207147,1,8.227811444770436,625867389583.2759,0.08091592225807875,2363.603915019873,0.7150267552133054,0.43538559999444965,7.780012674629688e-05,-1
93,32,pdp_aware_greedy,-3720.7415230037095,3720.7415230037095,1,3.0001759201551663,286616.22172404954,0.031153356399353394,863.7017854161917,0.9391584230994375,0.15956792263394598,0.0007031001150608063,-1
93,32,local_search,-100.0,1.4179996621515907e+23,0,84.04725181548484,1.0922843797048508e+25,0.18486445188742115,24116.96589225548,0.9246568823320289,4.44151906311204,0.019936300115659833,-1
93,32,beam_search,-1.9415913741495734,1.9415913741495734,1,2.5339225624090376,160.85386612463444,0.005634037485670934,729.9585263307382,0.9391584230994375,0.13394946044695283,0.07448740000836551,-1
93,32,simulated_annealing,-100.0,1.4179996621515907e+23,0,84.04725181548484,1.0922843797048508e+25,0.18486445188742115,24116.96589225548,0.9246568823320289,4.44151906311204,0.013010399881750345,-1
93,32,block_beam_strong,-2.786433694173281,2.786433694173281,1,2.4885755660236777,226.28133242244704,0.006797542472929711,716.9486622546411,0.9391584230994375,0.13168014685156498,0.41816790006123483,-1
93,32,block_lns_strong,-1.9415913741495734,1.9415913741495734,1,2.5339225624090376,160.85386612463444,0.005634037485670934,729.9585263307382,0.9391584230994375,0.13394946044695283,0.09128840011544526,-1
93,32,hybrid_heuristic,-1.9415913741495734,1.9415913741495734,1,2.5339225624090376,160.85386612463444,0.005634037485670934,729.9585263307382,0.9391584230994375,0.13394946044695283,0.01773749990388751,-1
93,33,autoreg_rl_pure,-10.683926593570433,10.683926593570433,1,3.119318935231692,829.7661743636734,0.011227351584584799,917.8800473080612,0.9916098275113071,0.18407597964093328,0.10162840015254915,256
93,33,random,-100.0,3.8186103376039987e+21,0,100.52748308607296,2.941473496273947e+23,0.17254175355578566,29486.132314976563,0.9321396893304346,5.944194705726441,0.027862200047820807,-1
93,33,latency_greedy,-256317.95952479306,256317.95952479306,1,4.367826563317248,19744155.85013732,0.04558273544427516,1283.9725843712185,0.9983816393447741,0.25945297250664223,0.0008825999684631824,-1
93,33,block_balanced,-83212.68116292224,83212.68116292224,1,6.077270461596188,6409852.368561111,0.041747300399560386,1785.3809995107645,0.7767830744420288,0.36030419864761176,0.00022110017016530037,-1
93,33,pdp_aware_greedy,-12.357944844463475,12.357944844463475,1,3.0567577892568174,959.1976186743829,0.011721527558256202,899.505086980774,0.9523034745037603,0.18038414675308237,0.0009335000067949295,-1
93,33,local_search,-12.357944844463475,12.357944844463475,1,3.0567577892568174,959.1976186743829,0.011721527558256202,899.505086980774,0.9523034745037603,0.18038414675308237,0.01847440004348755,-1
93,33,beam_search,-48.61450392793055,48.61450392793055,1,4.49491545490142,3740.9603007254723,0.016361465494665092,1321.3265014302215,0.9916098275113071,0.26525212167914897,0.07319819997064769,-1
93,33,simulated_annealing,-12.357944844463475,12.357944844463475,1,3.0567577892568174,959.1976186743829,0.011721527558256202,899.505086980774,0.9523034745037603,0.18038414675308237,0.009982899995520711,-1
93,33,block_beam_strong,-11.216186898327443,11.216186898327443,1,2.9740760711754968,871.8849621131726,0.011396153717622861,875.2826174822578,0.9916098275113071,0.17550496685188252,0.38181340019218624,-1
93,33,block_lns_strong,-11.216186898327443,11.216186898327443,1,2.9740760711754968,871.8849621131726,0.011396153717622861,875.2826174822578,0.9916098275113071,0.17550496685188252,0.076239800080657,-1
93,33,hybrid_heuristic,-11.216186898327443,11.216186898327443,1,2.9740760711754968,871.8849621131726,0.011396153717622861,875.2826174822578,0.9916098275113071,0.17550496685188252,0.013109299819916487,-1
93,34,autoreg_rl_pure,-0.22625145810586775,0.22625145810586775,1,2.2603551964614783,30.82861228790171,1.8399528518619087e-06,567.7209995714302,0.9727659989184797,0.09185799449577964,0.07199459988623857,256
93,34,random,-100.0,53.00348530382343,0,35.20810916985419,3842.459734297285,0.01645273134918976,8799.93690743134,0.9820920393489951,1.4354834932943692,0.02460479992441833,-1
93,34,latency_greedy,-0.2483289457807082,0.2483289457807082,1,2.4774475471581754,30.8569787663396,4.975444193155976e-06,621.9592816864738,0.9820920393489951,0.10068035479852815,6.780005060136318e-05,-1
93,34,block_balanced,-20.18780823508357,20.18780823508357,1,4.089661216569057,1554.3751264074756,0.01336726205495857,1024.814997508946,0.7131800923549674,0.16702554171976536,7.71998893469572e-05,-1
93,34,pdp_aware_greedy,-0.24965281077261253,0.24965281077261253,1,2.4902427587403384,30.860394569471755,5.352815851613905e-06,625.1611389174632,0.9820920393489951,0.10120033611691856,0.0005260000471025705,-1
93,34,local_search,-0.2483289457807082,0.2483289457807082,1,2.4774475471581754,30.8569787663396,4.975444193155976e-06,621.9592816864738,0.9820920393489951,0.10068035479852815,0.013936900068074465,-1
93,34,beam_search,-0.22698378088180118,0.22698378088180118,1,2.258993240182595,30.89551421399535,9.230349035078415e-06,567.37927414686,0.9727659989184797,0.09180264630423654,0.0591130000539124,-1
93,34,simulated_annealing,-0.24686353119005242,0.24686353119005242,1,2.4628897969989674,30.85623623041445,4.893404659969372e-06,618.3233852072372,0.9727659989184797,0.10008874612742685,0.006759099895134568,-1
93,34,block_beam_strong,-0.22540554418213096,0.22540554418213096,1,2.2522943690436112,30.825544094091054,1.5006368725577996e-06,565.7133452363706,0.9177802378865341,0.0915304125999161,0.4947587000206113,-1
93,34,block_lns_strong,-0.22384308794251,0.22384308794251,1,2.2366449018627117,30.82573593551403,1.5218538820707836e-06,561.802734110678,0.9177802378865341,0.09089443792106236,0.08349199988879263,-1
93,34,hybrid_heuristic,-0.22384308794251,0.22384308794251,1,2.2366449018627117,30.82573593551403,1.5218538820707836e-06,561.802734110678,0.9177802378865341,0.09089443792106236,0.012908899923786521,-1
93,35,autoreg_rl_pure,-0.238397082274429,0.238397082274429,1,2.383153097771089,30.818277491009372,6.968780224993272e-07,598.1656465213101,0.937060764665131,0.12220990448298624,0.0679101999849081,256
93,35,random,-100.0,246964166487.41727,0,59.975360162439564,19023636506768.22,0.09255598811044098,14979.990587436503,0.9121780952032454,3.0650593657696215,0.026425000047311187,-1
93,35,latency_greedy,-6141.664552158805,6141.664552158805,1,4.558242506878901,473087.79111936485,0.032861837721947375,1141.2596636545968,0.9871556495990101,0.23345178884492426,7.189996540546417e-05,-1
93,35,block_balanced,-235.79865117939013,235.79865117939013,1,4.887316031354669,18156.722470862318,0.021746991175101326,1223.4677905257827,0.7635700156859941,0.2501286540974121,7.639988325536251e-05,-1
93,35,pdp_aware_greedy,-6141.664552158805,6141.664552158805,1,4.558242506878901,473087.79111936485,0.032861837721947375,1141.2596636545968,0.9871556495990101,0.23345178884492426,0.0014128999318927526,-1
93,35,local_search,-100.0,246964166487.41727,0,59.975360162439564,19023636506768.22,0.09255598811044098,14979.990587436503,0.9121780952032454,3.0650593657696215,0.01747199986129999,-1
93,35,beam_search,-0.3709139303970752,0.3709139303970752,1,3.311843332836551,33.87234729605661,0.0003228367357946735,830.063533396132,0.9871556495990101,0.17016419739661137,0.06131440005265176,-1
93,35,simulated_annealing,-100.0,246964166487.41727,0,59.975360162439564,19023636506768.22,0.09255598811044098,14979.990587436503,0.9121780952032454,3.0650593657696215,0.01089600007981062,-1
93,35,block_beam_strong,-0.23401881954695447,0.23401881954695447,1,2.33939807870967,30.8180648250901,6.733521942983138e-07,587.2257914445954,0.9871556495990101,0.12010241069987053,0.41044399980455637,-1
93,35,block_lns_strong,-0.23334037997486592,0.23334037997486592,1,2.332577860705195,30.818340763948584,7.038774591681293e-07,585.5327308306555,0.937060764665131,0.11973493592280014,0.06831460003741086,-1
93,35,hybrid_heuristic,-0.23334037997486592,0.23334037997486592,1,2.332577860705195,30.818340763948584,7.038774591681293e-07,585.5327308306555,0.937060764665131,0.11973493592280014,0.013588499976322055,-1
93,36,autoreg_rl_pure,-0.36382337247301944,0.36382337247301944,1,2.6710913676064894,38.261870952946275,0.0007382657937397945,709.7832763256677,0.9553037116487576,0.1380820462685854,0.11088180006481707,256
93,36,random,-100.0,380602484549913.2,0,74.40698058231513,2.9317788984513616e+16,0.11758050915560615,19692.125767203845,0.9788950825633841,3.85729768402745,0.023554599843919277,-1
93,36,latency_greedy,-6791734548.674153,6791734548.674153,1,9.226958780124816,523166948205.84155,0.08030486248088038,2444.4718709454232,0.9906209785872536,0.48291886993199656,6.84000551700592e-05,-1
93,36,block_balanced,-536593.5389074394,536593.5389074394,1,11.90686972038467,41333710.633949116,0.048101531691194764,3153.693958031019,0.6934346850110775,0.6215351644079167,7.159984670579433e-05,-1
93,36,pdp_aware_greedy,-988.2632567814047,988.2632567814047,1,3.127106133171166,76132.5895955503,0.026633875458943804,830.4591278399491,0.9788950825633841,0.16165572582200466,0.0013336001429706812,-1
93,36,local_search,-100.0,380602484549913.2,0,74.40698058231513,2.9317788984513616e+16,0.11758050915560615,19692.125767203845,0.9788950825633841,3.85729768402745,0.01620119996368885,-1
93,36,beam_search,-0.9285088661905951,0.9285088661905951,1,5.454567886796035,60.31845955893122,0.0022900852092889203,1446.3338614075146,0.9553037116487576,0.2819738420234638,0.07208610000088811,-1
93,36,simulated_annealing,-100.0,380602484549913.2,0,74.40698058231513,2.9317788984513616e+16,0.11758050915560615,19692.125767203845,0.9788950825633841,3.85729768402745,0.0141654999461025,-1
93,36,block_beam_strong,-0.35889337531553167,0.35889337531553167,1,2.616270887952207,38.3043953970919,0.0007420527047734291,695.2696877913618,0.9553037116487576,0.13524810202396312,0.4189120999071747,-1
93,36,block_lns_strong,-0.35889337531553167,0.35889337531553167,1,2.616270887952207,38.3043953970919,0.0007420527047734291,695.2696877913618,0.9553037116487576,0.13524810202396312,0.07581600011326373,-1
93,36,hybrid_heuristic,-0.35889337531553167,0.35889337531553167,1,2.616270887952207,38.3043953970919,0.0007420527047734291,695.2696877913618,0.9553037116487576,0.13524810202396312,0.014090999960899353,-1
93,37,autoreg_rl_pure,-0.2652416037310431,0.2652416037310431,1,2.2906668819025637,33.59853036504827,0.0002951653948603949,571.4326839551683,0.9758130095724544,0.09806152613977123,0.09206030005589128,256
93,37,random,-100.0,21465904052929.293,0,43.11343115801903,1653517438620296.8,0.10777803988381099,10703.459981571139,0.9954490957982955,1.8538315628626212,0.02545389998704195,-1
93,37,latency_greedy,-217.74145720063203,217.74145720063203,1,2.8946161312819862,16781.12754319697,0.02147839313615956,721.2634583498741,0.9954490957982955,0.12530514325363448,6.84000551700592e-05,-1
93,37,block_balanced,-781307.8937021819,781307.8937021819,1,5.831329664875434,60184091.066904575,0.049382473343043395,1450.192468353131,0.7168612840631385,0.2510687606943149,7.16999638825655e-05,-1
93,37,pdp_aware_greedy,-0.9458135378571167,0.9458135378571167,1,2.3624667221398514,85.46987618749513,0.003478283225173989,589.1865901064004,0.982053863151236,0.10236259010089883,0.000965900020673871,-1
93,37,local_search,-0.9458135378571167,0.9458135378571167,1,2.3624667221398514,85.46987618749513,0.003478283225173989,589.1865901064004,0.982053863151236,0.10236259010089883,0.013592000119388103,-1
93,37,beam_search,-0.3692993421182843,0.3692993421182843,1,2.155088104847895,42.65845496845015,0.0011090912398899308,537.7185686536055,0.9954490957982955,0.09279253201430136,0.06304079992696643,-1
93,37,simulated_annealing,-0.9458135378571167,0.9458135378571167,1,2.3624667221398514,85.46987618749513,0.003478283225173989,589.1865901064004,0.982053863151236,0.10236259010089883,0.007366599980741739,-1
93,37,block_beam_strong,-0.250058398515141,0.250058398515141,1,2.194474744052245,33.16993640335933,0.0002513966097783477,547.5450671801783,0.9758130095724544,0.09394362147420286,0.4561286000534892,-1
93,37,block_lns_strong,-0.250058398515141,0.250058398515141,1,2.194474744052245,33.16993640335933,0.0002513966097783477,547.5450671801783,0.9758130095724544,0.09394362147420286,0.08101530000567436,-1
93,37,hybrid_heuristic,-0.250058398515141,0.250058398515141,1,2.194474744052245,33.16993640335933,0.0002513966097783477,547.5450671801783,0.9758130095724544,0.09394362147420286,0.014815700007602572,-1
93,38,autoreg_rl_pure,-0.12980517309270626,0.12980517309270626,1,1.2980516750127449,30.811978990631516,4.7655927398958116e-11,373.50456714247304,0.9807826263595331,0.08332677455968676,0.07562500005587935,256
93,38,random,-100.0,1671795110089.6853,0,56.177955424076345,128778287721270.27,0.09907579737515165,16043.290033396723,0.9010731164966028,3.5506231116170293,0.026832300005480647,-1
93,38,latency_greedy,-0.13084919668147718,0.13084919668147718,1,1.3071209954082526,30.822539145319812,1.1682825153762932e-06,376.0941084031044,0.9807826263595331,0.0839001941354245,7.109995931386948e-05,-1
93,38,block_balanced,-9.826869151998109,9.826869151998109,1,3.6707031880749597,759.4997756335777,0.010925691238281843,1051.011288983115,0.6589982134487994,0.23279367832686726,7.529999129474163e-05,-1
93,38,pdp_aware_greedy,-0.13084919668147718,0.13084919668147718,1,1.3071209954082526,30.822539145319812,1.1682825153762932e-06,376.0941084031044,0.9807826263595331,0.0839001941354245,0.0006619999185204506,-1
93,38,local_search,-0.13084919668147718,0.13084919668147718,1,1.3071209954082526,30.822539145319812,1.1682825153762932e-06,376.0941084031044,0.9807826263595331,0.0839001941354245,0.014915399951860309,-1
93,38,beam_search,-0.13084919668147718,0.13084919668147718,1,1.3071209954082526,30.822539145319812,1.1682825153762932e-06,376.0941084031044,0.9807826263595331,0.0839001941354245,0.06293980008922517,-1
93,38,simulated_annealing,-0.13084919668147718,0.13084919668147718,1,1.3071209954082526,30.822539145319812,1.1682825153762932e-06,376.0941084031044,0.9807826263595331,0.0839001941354245,0.006991399917751551,-1
93,38,block_beam_strong,-0.12980517309270626,0.12980517309270626,1,1.2980516750127449,30.811978990631516,4.7655927398958116e-11,373.50456714247304,0.9807826263595331,0.08332677455968676,0.5060628999490291,-1
93,38,block_lns_strong,-0.12980517309270626,0.12980517309270626,1,1.2980516750127449,30.811978990631516,4.7655927398958116e-11,373.50456714247304,0.9807826263595331,0.08332677455968676,0.05535909999161959,-1
93,38,hybrid_heuristic,-0.12980517309270626,0.12980517309270626,1,1.2980516750127449,30.811978990631516,4.7655927398958116e-11,373.50456714247304,0.9807826263595331,0.08332677455968676,0.014669300056993961,-1
93,39,autoreg_rl_pure,-1.5042154633473546,1.5042154633473546,1,4.401473080026521,112.7770915318705,0.004423484397527211,1147.2140861815958,0.9821731171211665,0.22358440730405793,0.10351160005666316,256
93,39,random,-100.0,1.8748987680117384e+24,0,90.85942826209943,1.444233516050132e+26,0.19366666854753506,23624.080437764987,0.966019614458901,4.615494437582933,0.026380399940535426,-1
93,39,latency_greedy,-100.0,354217861.6071539,0,52.648603724748966,27285382518.71429,0.07023558889386569,13690.209315298604,0.9844218471933448,2.6702590922210594,6.800005212426186e-05,-1
93,39,block_balanced,-100.0,279689329.0308511,0,58.480813440214405,21544453604.17975,0.06943022173107552,15206.470798850705,0.7383163853950087,2.965404681576615,7.589999586343765e-05,-1
93,39,pdp_aware_greedy,-18.1403587449467,18.1403587449467,1,3.1352195368956455,1404.0122610686137,0.013020410360988867,818.0252551634551,0.9821731171211665,0.159356725233954,0.0005258999299257994,-1
93,39,local_search,-9.086092466765699,9.086092466765699,1,3.19085105889455,706.1340856549567,0.010677313562848265,832.484867901001,0.9821731171211665,0.16230358183977517,0.021355499979108572,-1
93,39,beam_search,-44.106950984703694,44.106950984703694,1,3.041739223362659,3404.9375478368943,0.01604060505679304,793.7227499331148,0.9821731171211665,0.15546782815055188,0.06871360004879534,-1
93,39,simulated_annealing,-9.086092466765699,9.086092466765699,1,3.19085105889455,706.1340856549567,0.010677313562848265,832.484867901001,0.9821731171211665,0.16230358183977517,0.007309200009331107,-1
93,39,block_beam_strong,-1.0206041573224351,1.0206041573224351,1,4.330989946173586,76.06746975270727,0.00308096258066635,1128.9006450978736,0.9821731171211665,0.21923162997717746,0.3926844000816345,-1
93,39,block_lns_strong,-0.96219757110874,0.96219757110874,1,4.039597591576918,73.81300729286005,0.002978393944662163,1053.1441274378585,0.966019614458901,0.2044815562861602,0.09006479987874627,-1
93,39,hybrid_heuristic,-0.96219757110874,0.96219757110874,1,4.039597591576918,73.81300729286005,0.002978393944662163,1053.1441274378585,0.966019614458901,0.2044815562861602,0.015462700044736266,-1
93,40,autoreg_rl_pure,-3.9791394189721827,3.9791394189721827,1,4.20690628408063,304.91909816354513,0.007814399090872016,1143.8078977061239,0.9972938531713201,0.27459275381371256,0.07847569999285042,256
93,40,random,-100.0,4.568029559262737e+25,0,82.57941138654016,3.5187507210275436e+27,0.22627110141666343,22396.215316458773,0.9972938531713201,5.3709056711802345,0.026481300126761198,-1
93,40,latency_greedy,-47949.83696634269,47949.83696634269,1,3.9416615368169587,3693573.820777854,0.039868000990792025,1071.8062642505984,0.9972938531713201,0.25741064136896563,6.860005669295788e-05,-1
93,40,block_balanced,-24169.627851808676,24169.627851808676,1,6.047263334134751,1861769.3678696773,0.0375324623424755,1642.8731157380817,0.7547391489243784,0.39364765393981604,7.599988020956516e-05,-1
93,40,pdp_aware_greedy,-1713681.3654286857,1713681.3654286857,1,4.556821419995856,132004779.43613172,0.05206017024543125,1238.6671721229695,0.9972938531713201,0.29576417840217983,0.0005286999512463808,-1
93,40,local_search,-100.0,4.568029559262737e+25,0,82.57941138654016,3.5187507210275436e+27,0.22627110141666343,22396.215316458773,0.9972938531713201,5.3709056711802345,0.01641439995728433,-1
93,40,beam_search,-6022.589284801401,6022.589284801401,1,5.02439953287321,463911.8388522084,0.0327950633991851,1365.4720981917599,0.9972938531713201,0.32566383840831603,0.0675127999857068,-1
93,40,simulated_annealing,-100.0,4.568029559262737e+25,0,82.57941138654016,3.5187507210275436e+27,0.22627110141666343,22396.215316458773,0.9972938531713201,5.3709056711802345,0.011459199944511056,-1
93,40,block_beam_strong,-4.382579070062798,4.382579070062798,1,3.0970467645603215,344.54527479260986,0.008230933134678386,842.8980504229893,0.943423936155473,0.2022112872441718,0.5000756999943405,-1
93,40,block_lns_strong,-4.382579070062798,4.382579070062798,1,3.0970467645603215,344.54527479260986,0.008230933134678386,842.8980504229893,0.943423936155473,0.2022112872441718,0.07873090007342398,-1
93,40,hybrid_heuristic,-4.382579070062798,4.382579070062798,1,3.0970467645603215,344.54527479260986,0.008230933134678386,842.8980504229893,0.943423936155473,0.2022112872441718,0.01451390003785491,-1
93,41,autoreg_rl_pure,-0.596824509266713,0.596824509266713,1,2.800779242119404,55.21095102901568,0.0019884489084931504,679.9796217434366,0.9614803987565244,0.17684409133373175,0.3428521000314504,254
93,41,random,-100.0,4.568029559262737e+25,0,87.31873473938334,3.5187507210275436e+27,0.20873314391563522,21108.010046695745,0.9336409995704331,5.467967422121906,0.03111659991554916,-1
93,41,latency_greedy,-375207.5985275712,375207.5985275712,1,3.902667614198575,28902221.95313092,0.046881852591775755,946.2198035650061,0.9629441614362544,0.24392137370712264,7.240008562803268e-05,-1
93,41,block_balanced,-478924.5114458523,478924.5114458523,1,5.952921927789303,36891514.40288184,0.047713915160301136,1441.8205911565651,0.8024534678635453,0.37314583533617457,7.970002479851246e-05,-1
93,41,pdp_aware_greedy,-1975.4740159484177,1975.4740159484177,1,3.420243328338832,152175.12342525745,0.02899494353894546,829.6173819967124,0.9629441614362544,0.21376928130538453,0.0004932999145239592,-1
93,41,local_search,-100.0,4.568029559262737e+25,0,87.31873473938334,3.5187507210275436e+27,0.20873314391563522,21108.010046695745,0.9336409995704331,5.467967422121906,0.018200700171291828,-1
93,41,beam_search,-0.887683339482741,0.887683339482741,1,3.858899380171547,69.46509737859607,0.0027714189142431247,935.7282936561267,0.9614803987565244,0.24319497568188414,0.0668444000184536,-1
93,41,simulated_annealing,-100.0,4.568029559262737e+25,0,87.31873473938334,3.5187507210275436e+27,0.20873314391563522,21108.010046695745,0.9336409995704331,5.467967422121906,0.01099209999665618,-1
93,41,block_beam_strong,-0.596824509266713,0.596824509266713,1,2.800779242119404,55.21095102901568,0.0019884489084931504,679.9796217434366,0.9614803987565244,0.17684409133373175,0.28727729991078377,-1
93,41,block_lns_strong,-0.596824509266713,0.596824509266713,1,2.800779242119404,55.21095102901568,0.0019884489084931504,679.9796217434366,0.9614803987565244,0.17684409133373175,0.07711990014649928,-1
93,41,hybrid_heuristic,-0.596824509266713,0.596824509266713,1,2.800779242119404,55.21095102901568,0.0019884489084931504,679.9796217434366,0.9614803987565244,0.17684409133373175,0.01606200006790459,-1
93,42,autoreg_rl_pure,-10.333923252449472,10.333923252449472,1,3.022087849749985,803.5544062876764,0.011117919152447253,786.0287133089397,0.9987338451324566,0.14224108857946577,0.12174159986898303,252
93,42,random,-100.0,1.0694771331081671e+24,0,84.99479594976573,8.238176623914412e+25,0.19175278929163297,22027.11944861772,0.8612234817866123,3.9831698070140975,0.025966099929064512,-1
93,42,latency_greedy,-3302.293991043383,3302.293991043383,1,3.4973183435241126,254379.40128059042,0.030746578692801035,909.1347801682286,0.9987338451324566,0.16300827428827167,6.769993342459202e-05,-1
93,42,block_balanced,-35710.05873953622,35710.05873953622,1,5.557182363473994,2750731.915673127,0.03886321282182587,1442.9355361742114,0.7535705465632858,0.25977293685027436,7.619988173246384e-05,-1
93,42,pdp_aware_greedy,-1871.0909208214725,1871.0909208214725,1,3.3512240123405928,144135.03085800383,0.028809886753330984,871.2890382570579,0.9987338451324566,0.15619888993422176,0.0005336999893188477,-1
93,42,local_search,-100.0,1.0694771331081671e+24,0,84.99479594976573,8.238176623914412e+25,0.19175278929163297,22027.11944861772,0.8612234817866123,3.9831698070140975,0.016271400032564998,-1
93,42,beam_search,-10.350474704559456,10.350474704559456,1,4.560724263928494,792.9772557052511,0.011072745897196319,1184.733453703262,0.9987338451324566,0.21465386682665413,0.07420570007525384,-1
93,42,simulated_annealing,-100.0,1.0694771331081671e+24,0,84.99479594976573,8.238176623914412e+25,0.19175278929163297,22027.11944861772,0.8612234817866123,3.9831698070140975,0.012138399994000793,-1
93,42,block_beam_strong,-10.818357069593478,10.818357069593478,1,3.008441422343253,840.9754356137034,0.01127309810863321,782.4952594368591,0.968876417009939,0.14082630071222627,0.4313016999512911,-1
93,42,block_lns_strong,-10.350474704559456,10.350474704559456,1,4.560724263928494,792.9772557052511,0.011072745897196319,1184.733453703262,0.9987338451324566,0.21465386682665413,0.09173800004646182,-1
93,42,hybrid_heuristic,-10.350474704559456,10.350474704559456,1,4.560724263928494,792.9772557052511,0.011072745897196319,1184.733453703262,0.9987338451324566,0.21465386682665413,0.014691799879074097,-1
93,43,autoreg_rl_pure,-0.5658074575591403,0.5658074575591403,1,2.4978095159441662,55.155483375305586,0.0019850221247174832,683.6854423678343,0.991489968601176,0.14875574437612132,0.6865213999990374,204
93,43,random,-100.0,6.351401171177634e+24,0,78.33300566032685,4.892480917795008e+26,0.1978263177754509,21350.458167344346,0.9034192206090104,4.637898466384223,0.02708959998562932,-1
93,43,latency_greedy,-673416.7269730987,673416.7269730987,1,4.848472863308215,51873247.84769106,0.048875848054935785,1324.2238207501389,0.991489968601176,0.2863861531443442,8.200015872716904e-05,-1
93,43,block_balanced,-269221124.11920553,269221124.11920553,1,7.485562434053398,20738088733.749607,0.0693001727218429,2042.9736873656768,0.684412474288572,0.4431949493377116,7.409998215734959e-05,-1
93,43,pdp_aware_greedy,-9.680346859777769,9.680346859777769,1,2.797034530559759,754.9430363034267,0.01090517553072825,765.2486389575965,0.991489968601176,0.16752686675305936,0.0007235000375658274,-1
93,43,local_search,-9.680346859777769,9.680346859777769,1,2.797034530559759,754.9430363034267,0.01090517553072825,765.2486389575965,0.991489968601176,0.16752686675305936,0.013890499947592616,-1
93,43,beam_search,-0.5714777181964545,0.5714777181964545,1,2.3899834161863622,56.42284711675527,0.0020624725807261535,654.2559120475546,0.991489968601176,0.1415175309396594,0.06474899989552796,-1
93,43,simulated_annealing,-9.680346859777769,9.680346859777769,1,2.797034530559759,754.9430363034267,0.01090517553072825,765.2486389575965,0.991489968601176,0.16752686675305936,0.007342800032347441,-1
93,43,block_beam_strong,-0.5771691450018218,0.5771691450018218,1,2.4468977189319565,56.42284684952359,0.0020624725645793404,669.7944560599462,0.9777321061265314,0.14522699173941744,0.4507023999467492,-1
93,43,block_lns_strong,-0.5714777181964545,0.5714777181964545,1,2.3899834161863622,56.42284711675527,0.0020624725807261535,654.2559120475546,0.991489968601176,0.1415175309396594,0.07268280000425875,-1
93,43,hybrid_heuristic,-0.5714777181964545,0.5714777181964545,1,2.3899834161863622,56.42284711675527,0.0020624725807261535,654.2559120475546,0.991489968601176,0.1415175309396594,0.013887100154533982,-1
93,44,autoreg_rl_pure,-0.14864592137397556,0.14864592137397556,1,1.4864592137397494,30.811978559923872,5.192756037255157e-18,348.96294579304566,0.9872772167164456,0.07289143959937519,0.07655919995158911,256
93,44,random,-100.0,1348777603636.447,0,68.4925214340467,103896266512882.31,0.09834384228096285,15945.634180451212,0.7374291151140224,3.368855858586489,0.026623599929735065,-1
93,44,latency_greedy,-5.251245172938926,5.251245172938926,1,2.4965600876823166,416.08412378986077,0.008874121561252429,584.0391423691193,0.990101838617582,0.12438468023666867,7.860013283789158e-05,-1
93,44,block_balanced,-5.503481072785174,5.503481072785174,1,3.6450441552059276,426.667075018887,0.008959749231479614,851.4152077081104,0.6890819330395966,0.18038152237576788,7.179984822869301e-05,-1
93,44,pdp_aware_greedy,-3.1123904020692885,3.1123904020692885,1,3.08123551952664,246.82450371517024,0.007093797846295664,720.1930705446531,0.990101838617582,0.15309776045711518,0.0005179999861866236,-1
93,44,local_search,-2.3524206851681044,2.3524206851681044,1,2.9090287396523604,189.6105850591335,0.006194771316114573,680.1057766222498,0.8859624853366243,0.14436272924114896,0.02063369983807206,-1
93,44,beam_search,-0.14864592137397556,0.14864592137397556,1,1.4864592137397494,30.811978559923872,5.192756037255157e-18,348.96294579304566,0.9872772167164456,0.07289143959937519,0.06446839985437691,-1
93,44,simulated_annealing,-2.3524206851681044,2.3524206851681044,1,2.9090287396523604,189.6105850591335,0.006194771316114573,680.1057766222498,0.8859624853366243,0.14436272924114896,0.006995700066909194,-1
93,44,block_beam_strong,-0.14864592137397556,0.14864592137397556,1,1.4864592137397494,30.811978559923872,5.192756037255157e-18,348.96294579304566,0.9872772167164456,0.07289143959937519,0.4621455001179129,-1
93,44,block_lns_strong,-0.14864592137397556,0.14864592137397556,1,1.4864592137397494,30.811978559923872,5.192756037255157e-18,348.96294579304566,0.9872772167164456,0.07289143959937519,0.061076699988916516,-1
93,44,hybrid_heuristic,-0.14864592137397556,0.14864592137397556,1,1.4864592137397494,30.811978559923872,5.192756037255157e-18,348.96294579304566,0.9872772167164456,0.07289143959937519,0.014530099928379059,-1
93,45,autoreg_rl_pure,-0.337108729281659,0.337108729281659,1,2.5800884665704666,36.905038278728945,0.0006151735583450257,732.6702293527796,0.9965154265991348,0.13479054225019924,0.09766310011036694,256
93,45,random,-100.0,2.0152814169481318e+18,0,113.55227250232697,1.5523701952804687e+20,0.14681283669356832,32117.48622976004,0.7750675540215493,5.90007518093667,0.026574499905109406,-1
93,45,latency_greedy,-4988174.899646995,4988174.899646995,1,9.22692909647703,384238804.88967663,0.055702660361414025,2612.432821926026,0.9965154265991348,0.48065743012246337,6.669992581009865e-05,-1
93,45,block_balanced,-12101553.170447499,12101553.170447499,1,12.375392481675501,932181927.5584128,0.05872412052310966,3502.960643969018,0.6643436177327565,0.6437316709334098,7.189996540546417e-05,-1
93,45,pdp_aware_greedy,-3.9034351404064136,3.9034351404064136,1,2.7259295142284348,310.49555776349547,0.007876184580723021,773.9112954046152,0.9965154265991348,0.14128279984432887,0.0006467001512646675,-1
93,45,local_search,-1.5546582917264244,1.5546582917264244,1,2.7063196662844042,129.72045755816598,0.004900666824315165,768.3550610544136,0.9965154265991348,0.14026643672576952,0.019670399837195873,-1
93,45,beam_search,-0.9836758595787674,0.9836758595787674,1,2.581063831137602,86.70255644136121,0.0035271010164490716,732.9357036349202,0.9965154265991348,0.13377452451967245,0.06616799999028444,-1
93,45,simulated_annealing,-1.5546582917264244,1.5546582917264244,1,2.7063196662844042,129.72045755816598,0.004900666824315165,768.3550610544136,0.9965154265991348,0.14026643672576952,0.007542999926954508,-1
93,45,block_beam_strong,-0.33011617390115156,0.33011617390115156,1,2.4140366820897334,37.64549811838511,0.0006828985405939745,685.6858019982208,0.9965154265991348,0.12629490497113968,0.4910318998154253,-1
93,45,block_lns_strong,-0.31573491364171086,0.31573491364171086,1,2.34637722339657,37.05889085909614,0.0006293565980609614,666.5416246616421,0.9965154265991348,0.1228815996171849,0.08095479989424348,-1
93,45,hybrid_heuristic,-0.31573491364171086,0.31573491364171086,1,2.34637722339657,37.05889085909614,0.0006293565980609614,666.5416246616421,0.9965154265991348,0.1228815996171849,0.014065299881622195,-1
93,46,autoreg_rl_pure,-0.2347080028700722,0.2347080028700722,1,2.3464373952239335,30.816928762151,5.476742931291509e-07,627.3303620594759,0.998604043194529,0.1173639946301671,0.5232605000492185,234
93,46,random,-100.0,8.320952543185685e+24,0,67.07577344435637,6.409625283969524e+26,0.1987471500797469,17849.20189046695,0.9172902598167831,3.323758480176095,0.028178799897432327,-1
93,46,latency_greedy,-1.2701746252326567,1.2701746252326567,1,2.662989379304224,108.14046894488692,0.004280358187818006,711.4908368336776,0.9606163686992637,0.1330520702845298,6.889994256198406e-05,-1
93,46,block_balanced,-1.1412524187681903,1.1412524187681903,1,3.77559862164458,89.63917526104285,0.003640658696054305,1007.5675584108291,0.7788882844351482,0.18791384280046006,7.180008105933666e-05,-1
93,46,pdp_aware_greedy,-1.2701746252326567,1.2701746252326567,1,2.662989379304224,108.14046894488692,0.004280358187818006,711.4908368336776,0.9606163686992637,0.1330520702845298,0.0005252000410109758,-1
93,46,local_search,-1.140173677017532,1.140173677017532,1,3.764811204137997,89.63917526104285,0.003640658696054305,1004.6996323034361,0.8538812166215678,0.1872561865417492,0.02072810009121895,-1
93,46,beam_search,-0.2347080028700722,0.2347080028700722,1,2.3464373952239335,30.816928762151,5.476742931291509e-07,627.3303620594759,0.998604043194529,0.1173639946301671,0.06493419990874827,-1
93,46,simulated_annealing,-1.135784539420465,1.135784539420465,1,3.7209198281673284,89.63917526104285,0.003640658696054305,993.0175446918406,0.8026289773396852,0.1852989546582438,0.007824299857020378,-1
93,46,block_beam_strong,-0.23576710367425271,0.23576710367425271,1,2.357089186562948,30.816460548738398,4.958764493338069e-07,630.1477774117867,0.9606163686992637,0.11791556591037905,0.27699250006116927,-1
93,46,block_lns_strong,-0.2347080028700722,0.2347080028700722,1,2.3464373952239335,30.816928762151,5.476742931291509e-07,627.3303620594759,0.998604043194529,0.1173639946301671,0.08138750004582107,-1
93,46,hybrid_heuristic,-0.2347080028700722,0.2347080028700722,1,2.3464373952239335,30.816928762151,5.476742931291509e-07,627.3303620594759,0.998604043194529,0.1173639946301671,0.014799600001424551,-1
93,47,autoreg_rl_pure,-0.30842809087058903,0.30842809087058903,1,3.0517560616749284,31.06251728226953,2.7608921414350693e-05,813.604677342593,0.9898120159117033,0.2173598602257897,0.08694489998742938,256
93,47,random,-100.0,1932444249857099.2,0,62.75160473873336,1.488560769871121e+17,0.12311974564677264,16672.809329560063,0.9898120159117033,4.446791161227211,0.02990869991481304,-1
93,47,latency_greedy,-987.6533167651722,987.6533167651722,1,3.0311576939062626,76086.34503910618,0.026631804002358345,808.1125739562096,0.9898120159117033,0.2164094817551128,6.849993951618671e-05,-1
93,47,block_balanced,-947.1882049670947,947.1882049670947,1,4.920731546102327,72954.76426898265,0.02648851747782855,1310.130693095082,0.7423590119337775,0.35009021412382774,7.440010085701942e-05,-1
93,47,pdp_aware_greedy,-2.361520907940192,2.361520907940192,1,2.5076395319233136,193.40347364717678,0.006262294583557594,669.0792869432048,0.9898120159117033,0.17733557963643598,0.0006414998788386583,-1
93,47,local_search,-2.361520907940192,2.361520907940192,1,2.5076395319233136,193.40347364717678,0.006262294583557594,669.0792869432048,0.9898120159117033,0.17733557963643598,0.014540799893438816,-1
93,47,beam_search,-0.30842809087058903,0.30842809087058903,1,3.0517560616749284,31.06251728226953,2.7608921414350693e-05,813.604677342593,0.9898120159117033,0.2173598602257897,0.0659762998111546,-1
93,47,simulated_annealing,-2.361520907940192,2.361520907940192,1,2.5076395319233136,193.40347364717678,0.006262294583557594,669.0792869432048,0.9898120159117033,0.17733557963643598,0.008230200037360191,-1
93,47,block_beam_strong,-0.32345581012062885,0.32345581012062885,1,3.200751159223379,31.072393252812326,2.8692668628724045e-05,853.1760911954533,0.9518357014282909,0.22791725860561304,0.4468632999341935,-1
93,47,block_lns_strong,-0.30842809087058903,0.30842809087058903,1,3.0517560616749284,31.06251728226953,2.7608921414350693e-05,813.604677342593,0.9898120159117033,0.2173598602257897,0.08112050010822713,-1
93,47,hybrid_heuristic,-0.30842809087058903,0.30842809087058903,1,3.0517560616749284,31.06251728226953,2.7608921414350693e-05,813.604677342593,0.9898120159117033,0.2173598602257897,0.01578960008919239,-1
93,48,autoreg_rl_pure,-0.5951867250109898,0.5951867250109898,1,2.4539513684035548,57.75640584781205,0.002142112090971983,688.408533569854,0.9125978914994548,0.12466131352075813,0.08384039998054504,256
93,48,random,-100.0,33099741001722.11,0,58.608666087199644,2549671275209812.5,0.10925443158776862,16374.16927017013,0.9125978914994548,2.9607118743292893,0.02706559980288148,-1
93,48,latency_greedy,-31527.955756293177,31527.955756293177,1,17.6982877603327,2428491.224165636,0.03843843583674099,4946.584861901942,0.9185535748619768,0.892223790773082,6.749993190169334e-05,-1
93,48,block_balanced,-100.0,4347684.95976427,0,23.328241426736607,334901790.52855986,0.05523414298566699,6519.280351918484,0.6518556367853249,1.1767462209397692,7.309997454285622e-05,-1
93,48,pdp_aware_greedy,-1551.739150593191,1551.739150593191,1,3.070097478944218,119537.54663081492,0.02817195499669109,860.5106617588591,0.9648192467471438,0.15519256962295858,0.0005411000456660986,-1
93,48,local_search,-100.0,33099741001722.11,0,58.608666087199644,2549671275209812.5,0.10925443158776862,16374.16927017013,0.9125978914994548,2.9607118743292893,0.01763079990632832,-1
93,48,beam_search,-10.856222291508491,10.856222291508491,1,2.446440514822495,848.2212816065307,0.011302346057582168,686.2697298993514,0.9648192467471438,0.1233324070438068,0.06108630006201565,-1
93,48,simulated_annealing,-100.0,33099741001722.11,0,58.608666087199644,2549671275209812.5,0.10925443158776862,16374.16927017013,0.9125978914994548,2.9607118743292893,0.012994100106880069,-1
93,48,block_beam_strong,-0.670299704579882,0.670299704579882,1,2.6224192142860163,62.24464772409207,0.0023972515961041495,735.5246982468558,0.9961266642532504,0.13376198258001143,0.4910552999936044,-1
93,48,block_lns_strong,-0.6686007412241046,0.6686007412241046,1,2.6054295807282424,62.24464772409207,0.0023972515961041495,730.7715320225725,0.9961266642532504,0.13290518474185659,0.08175290003418922,-1
93,48,hybrid_heuristic,-0.6686007412241046,0.6686007412241046,1,2.6054295807282424,62.24464772409207,0.0023972515961041495,730.7715320225725,0.9961266642532504,0.13290518474185659,0.014354699989780784,-1
93,49,autoreg_rl_pure,-0.30728955003999825,0.30728955003999825,1,2.469132856259097,35.4627589715618,0.00047926543637416563,756.2305372509995,0.9580413452392328,0.14660246839884775,0.11440009996294975,256
93,49,random,-100.0,1.543587261402403e+21,0,92.20957749061826,1.1890244400925593e+23,0.16945376699590733,28135.239604779883,0.8900826897238738,5.49103894475064,0.027207799954339862,-1
93,49,latency_greedy,-9524.966386415943,9524.966386415943,1,4.856784869095872,733701.0503963536,0.03435787003350743,1484.6416771839424,0.9580413452392328,0.29185595520377017,6.809993647038937e-05,-1
93,49,block_balanced,-32652794.88329088,32652794.88329088,1,10.997813776245424,2515242985.75975,0.06210809213754774,3358.249163955883,0.7199612587842799,0.6578306882772748,7.180008105933666e-05,-1
93,49,pdp_aware_greedy,-162.59171825304583,162.59171825304583,1,2.9629139750061184,12532.420010176784,0.020483121678020202,906.8527639992737,0.9599483450457065,0.17754724328159247,0.0006099999882280827,-1
93,49,local_search,-100.0,1.543587261402403e+21,0,92.20957749061826,1.1890244400925593e+23,0.16945376699590733,28135.239604779883,0.8900826897238738,5.49103894475064,0.020117599982768297,-1
93,49,beam_search,-0.2964428901531458,0.2964428901531458,1,2.317874967723296,35.7923800465067,0.0005108071845085493,710.0798228567891,0.9580413452392328,0.1376216718540468,0.07360719982534647,-1
93,49,simulated_annealing,-100.0,1.543587261402403e+21,0,92.20957749061826,1.1890244400925593e+23,0.16945376699590733,28135.239604779883,0.8900826897238738,5.49103894475064,0.012646100018173456,-1
93,49,block_beam_strong,-0.2964428901531458,0.2964428901531458,1,2.317874967723296,35.7923800465067,0.0005108071845085493,710.0798228567891,0.9580413452392328,0.1376216718540468,0.4399556000716984,-1
93,49,block_lns_strong,-0.2964428901531458,0.2964428901531458,1,2.317874967723296,35.7923800465067,0.0005108071845085493,710.0798228567891,0.9580413452392328,0.1376216718540468,0.08170640002936125,-1
93,49,hybrid_heuristic,-0.2964428901531458,0.2964428901531458,1,2.317874967723296,35.7923800465067,0.0005108071845085493,710.0798228567891,0.9580413452392328,0.1376216718540468,0.01473299995996058,-1
93,50,autoreg_rl_pure,-9.86908327810777,9.86908327810777,1,3.0397192218361297,767.6119936149712,0.01096191193124799,774.9908378823293,0.984472362322435,0.21033691994859408,0.5581657998263836,233
93,50,random,-100.0,4.568029559262737e+25,0,160.50414532596903,3.5187507210275436e+27,0.31827915964179737,40764.30109148596,0.8860501606640883,11.06254734412823,0.029717700090259314,-1
93,50,latency_greedy,-53123.500229575155,53123.500229575155,1,4.090059101540909,4092099.681529669,0.04021732137989027,1041.6717004665588,0.935096732851412,0.2825987798534271,6.899982690811157e-05,-1
93,50,block_balanced,-27570572295.00796,27570572295.00796,1,7.406564303019682,2123759706070.297,0.0850813124420067,1883.963909939755,0.787577889857948,0.5101845755097826,7.800012826919556e-05,-1
93,50,pdp_aware_greedy,-43276.8224517886,43276.8224517886,1,5.433094227836517,3333600.274698195,0.03951841496449689,1382.7643282032016,0.935096732851412,0.37486354873903277,0.0005879001691937447,-1
93,50,local_search,-100.0,4.568029559262737e+25,0,160.50414532596903,3.5187507210275436e+27,0.31827915964179737,40764.30109148596,0.8860501606640883,11.06254734412823,0.02171580004505813,-1
93,50,beam_search,-7229.8453470230115,7229.8453470230115,1,7.307678945574146,556889.1205269066,0.03341782951305207,1858.8809632959328,0.8866393863606605,0.5037314188042177,0.09545150003395975,-1
93,50,simulated_annealing,-100.0,4.568029559262737e+25,0,160.50414532596903,3.5187507210275436e+27,0.31827915964179737,40764.30109148596,0.8860501606640883,11.06254734412823,0.012733800103887916,-1
93,50,block_beam_strong,-14.103644650368567,14.103644650368567,1,3.010724807546155,1094.0233729647896,0.012169907766093582,767.6300711528102,0.8860501606640883,0.2083446496811206,0.46090429998002946,-1
93,50,block_lns_strong,-11.987367938240356,11.987367938240356,1,3.0672583185120166,930.571213930439,0.011618233526485165,781.9899878705842,0.8860501606640883,0.21223334492992152,0.08060360001400113,-1
93,50,hybrid_heuristic,-11.987367938240356,11.987367938240356,1,3.0672583185120166,930.571213930439,0.011618233526485165,781.9899878705842,0.8860501606640883,0.21223334492992152,0.01516089984215796,-1
93,51,autoreg_rl_pure,-0.5346904971496278,0.5346904971496278,1,2.4320782745664484,53.2648729828477,0.0018661119224710797,668.8198693628597,0.9977940545071995,0.1219487839083288,0.11199590004980564,256
93,51,random,-100.0,1.2270575568275638e+25,0,74.9700583961108,9.452017783190853e+26,0.20007138116143244,20530.75724488247,0.9953482218826649,3.7521073596232997,0.03195550013333559,-1
93,51,latency_greedy,-1842.3876105737936,1842.3876105737936,1,3.6301910393904877,141921.86752661393,0.028757132972808745,996.8526643918113,0.9628720772801518,0.18228605647454513,9.439978748559952e-05,-1
93,51,block_balanced,-627946.8501806742,627946.8501806742,1,7.509855854402866,48370685.17494575,0.04863751266953812,2059.186306116526,0.8137974592737652,0.37598145579517317,8.579995483160019e-05,-1
93,51,pdp_aware_greedy,-0.6246262376296603,0.6246262376296603,1,2.413505254237812,60.33568612749153,0.002291058719279951,663.7324206043533,0.9977940545071995,0.12072682921838554,0.0005311998538672924,-1
93,51,local_search,-0.586673021851555,0.586673021851555,1,2.4279769589986633,57.30067648619945,0.0021151048756805034,667.6906451570553,0.938878030786594,0.12154734651915908,0.021673999959602952,-1
93,51,beam_search,-0.586673021851555,0.586673021851555,1,2.4279769589986633,57.30067648619945,0.0021151048756805034,667.6906451570553,0.938878030786594,0.12154734651915908,0.07483270019292831,-1
93,51,simulated_annealing,-0.586673021851555,0.586673021851555,1,2.4279769589986633,57.30067648619945,0.0021151048756805034,667.6906451570553,0.938878030786594,0.12154734651915908,0.008350600022822618,-1
93,51,block_beam_strong,-0.5314940143622122,0.5314940143622122,1,2.4001134466923384,53.26487298284734,0.0018661119224710572,660.068686673225,0.9977940545071995,0.1203537689470146,0.2940175000112504,-1
93,51,block_lns_strong,-0.5314940143622122,0.5314940143622122,1,2.4001134466923384,53.26487298284734,0.0018661119224710572,660.068686673225,0.9977940545071995,0.1203537689470146,0.0909226001240313,-1
93,51,hybrid_heuristic,-0.5314940143622122,0.5314940143622122,1,2.4001134466923384,53.26487298284734,0.0018661119224710572,660.068686673225,0.9977940545071995,0.1203537689470146,0.017137600108981133,-1
93,52,autoreg_rl_pure,-1.2438010087248839,1.2438010087248839,1,1.6306072524133512,114.06134466877657,0.00446208752694148,473.0553923743979,0.9997649263599848,0.10517497992697067,0.09404369979165494,256
93,52,random,-100.0,1.3059515676415698e+18,0,76.22327063535784,1.005973792561774e+20,0.14533382923257396,21981.982914023756,0.9277298883812125,4.9257742418782495,0.027529099956154823,-1
93,52,latency_greedy,-8731.02573138598,8731.02573138598,1,4.510920959538623,672546.5084826073,0.03406116506464545,1303.5949786200154,0.9997649263599848,0.29095664861630255,6.440002471208572e-05,-1
93,52,block_balanced,-79532652.42018087,79532652.42018087,1,10.181411172736354,6126395905.3458395,0.06514309869713408,2938.7581325525325,0.6978325214195785,0.6582780786994867,7.640011608600616e-05,-1
93,52,pdp_aware_greedy,-3.74933127883875,3.74933127883875,1,1.6129032889541661,307.1985806143806,0.007839790524359402,467.9504475727517,0.9997649263599848,0.10403306546615139,0.000619600061327219,-1
93,52,local_search,-3.74933127883875,3.74933127883875,1,1.6129032889541661,307.1985806143806,0.007839790524359402,467.9504475727517,0.9997649263599848,0.10403306546615139,0.014534299960359931,-1
93,52,beam_search,-3.74933127883875,3.74933127883875,1,1.6129032889541661,307.1985806143806,0.007839790524359402,467.9504475727517,0.9997649263599848,0.10403306546615139,0.07387429988011718,-1
93,52,simulated_annealing,-3.74933127883875,3.74933127883875,1,1.6129032889541661,307.1985806143806,0.007839790524359402,467.9504475727517,0.9997649263599848,0.10403306546615139,0.01005020015873015,-1
93,52,block_beam_strong,-1.2438010087248839,1.2438010087248839,1,1.6306072524133512,114.06134466877657,0.00446208752694148,473.0553923743979,0.9997649263599848,0.10517497992697067,0.4465117999352515,-1
93,52,block_lns_strong,-1.2438010087248839,1.2438010087248839,1,1.6306072524133512,114.06134466877657,0.00446208752694148,473.0553923743979,0.9997649263599848,0.10517497992697067,0.06473870016634464,-1
93,52,hybrid_heuristic,-1.2438010087248839,1.2438010087248839,1,1.6306072524133512,114.06134466877657,0.00446208752694148,473.0553923743979,0.9997649263599848,0.10517497992697067,0.015702700009569526,-1
93,53,autoreg_rl_pure,-0.19180173385491214,0.19180173385491214,1,1.909019736285418,30.881287041933817,7.660069190433222e-06,542.988836926072,0.9037784443332108,0.12614104600994516,0.09166689985431731,256
93,53,random,-100.0,113622495736184.53,0,49.94036762279938,8752334756370531.0,0.11345920266826466,14133.429200159817,0.9037784443332108,3.2762852748696396,0.029996100114658475,-1
93,53,latency_greedy,-55.506290951838984,55.506290951838984,1,2.9714301255218762,4283.569685102342,0.01682322389269055,843.5950462854809,0.9694531006214859,0.19596039651291194,7.659988477826118e-05,-1
93,53,block_balanced,-28759.8301805668,28759.8301805668,1,5.000317568255362,2215360.4718358195,0.038125282628264506,1417.6945326769267,0.7241372332693748,0.32854363937939757,7.519987411797047e-05,-1
93,53,pdp_aware_greedy,-8.679858058851629,8.679858058851629,1,2.1786893435315795,682.6385472558123,0.010561947100844987,619.2898346586928,0.9694531006214859,0.1437056120690803,0.0005158998537808657,-1
93,53,local_search,-2.8382494492556165,2.8382494492556165,1,2.24217755831947,232.1706997917525,0.006885138118377791,637.257585278142,0.9037784443332108,0.147869985812938,0.021769100101664662,-1
93,53,beam_search,-0.18822393711143143,0.18822393711143143,1,1.8719596100961553,30.89116350394699,8.75022971785006e-06,532.5083778693537,0.9495344171073294,0.12343555598348448,0.06955979997292161,-1
93,53,simulated_annealing,-2.8382494492556165,2.8382494492556165,1,2.24217755831947,232.1706997917525,0.006885138118377791,637.257585278142,0.9037784443332108,0.147869985812938,0.00786869996227324,-1
93,53,block_beam_strong,-0.19242341804146518,0.19242341804146518,1,1.9121609765299818,30.904978384734836,1.0274526978632944e-05,543.8828917221991,0.9495344171073294,0.12635839483134953,0.462638899916783,-1
93,53,block_lns_strong,-0.18822393711143143,0.18822393711143143,1,1.8719596100961553,30.89116350394699,8.75022971785006e-06,532.5083778693537,0.9495344171073294,0.12343555598348448,0.08192929998040199,-1
93,53,hybrid_heuristic,-0.18822393711143143,0.18822393711143143,1,1.8719596100961553,30.89116350394699,8.75022971785006e-06,532.5083778693537,0.9495344171073294,0.12343555598348448,0.015729599865153432,-1
93,54,autoreg_rl_pure,-1.6249902640767666,1.6249902640767666,1,2.439401846675713,137.19419215226688,0.005091635739179246,702.6067689396713,0.9939878723407536,0.1386944924650741,0.09317349991761148,256
93,54,random,-100.0,4.568029559262737e+25,0,75.9053166601288,3.5187507210275436e+27,0.21093692907509945,21773.972262604642,0.9939878723407536,4.328875293082017,0.030441700015217066,-1
93,54,latency_greedy,-4382380.051850093,4382380.051850093,1,6.024395943510213,337574484.9036962,0.05526124231239113,1730.7884635830692,0.9939878723407536,0.34434214595603235,9.769992902874947e-05,-1
93,54,block_balanced,-1076036.3555411936,1076036.3555411936,1,6.119835393250558,82887006.46250391,0.050473660417637935,1758.2132714929173,0.7825270679264301,0.3495050157111693,8.190004155039787e-05,-1
93,54,pdp_aware_greedy,-1.6249902640767666,1.6249902640767666,1,2.439401846675713,137.19419215226688,0.005091635739179246,702.6067689396713,0.9939878723407536,0.1386944924650741,0.0005227001383900642,-1
93,54,local_search,-1.6249902640767666,1.6249902640767666,1,2.439401846675713,137.19419215226688,0.005091635739179246,702.6067689396713,0.9939878723407536,0.1386944924650741,0.015902299899607897,-1
93,54,beam_search,-1.6249902640767666,1.6249902640767666,1,2.439401846675713,137.19419215226688,0.005091635739179246,702.6067689396713,0.9939878723407536,0.1386944924650741,0.0685226998757571,-1
93,54,simulated_annealing,-1.6249902640767666,1.6249902640767666,1,2.439401846675713,137.19419215226688,0.005091635739179246,702.6067689396713,0.9939878723407536,0.1386944924650741,0.008048799820244312,-1
93,54,block_beam_strong,-1.6249902640767666,1.6249902640767666,1,2.439401846675713,137.19419215226688,0.005091635739179246,702.6067689396713,0.9939878723407536,0.1386944924650741,0.4427455000113696,-1
93,54,block_lns_strong,-1.6249902640767666,1.6249902640767666,1,2.439401846675713,137.19419215226688,0.005091635739179246,702.6067689396713,0.9939878723407536,0.1386944924650741,0.09050239995121956,-1
93,54,hybrid_heuristic,-1.6249902640767666,1.6249902640767666,1,2.439401846675713,137.19419215226688,0.005091635739179246,702.6067689396713,0.9939878723407536,0.1386944924650741,0.016034699976444244,-1
93,55,autoreg_rl_pure,-7.864243495098976,7.864243495098976,1,2.4479966329059737,617.7373285204827,0.010221359507019044,633.714352059112,0.9644969906532896,0.1254177856102079,0.4923543999902904,249
93,55,random,-100.0,4.568029559262737e+25,0,137.62058103565587,3.5187507210275436e+27,0.29816317156875405,35468.10475042672,0.9571913349137271,7.004200407892007,0.02926300000399351,-1
93,55,latency_greedy,-116989.75584647027,116989.75584647027,1,3.473952839081237,9011718.674318872,0.04290878302988707,898.0973002608157,0.990932640147393,0.17653594889890623,6.780005060136318e-05,-1
93,55,block_balanced,-10009135.824426513,10009135.824426513,1,5.298655587984706,771003186.060451,0.05807693127128773,1368.3662850893961,0.7431994801105447,0.27037846813108585,0.0001868000254034996,-1
93,55,pdp_aware_greedy,-116989.75584647027,116989.75584647027,1,3.473952839081237,9011718.674318872,0.04290878302988707,898.0973002608157,0.990932640147393,0.17653594889890623,0.0007509998977184296,-1
93,55,local_search,-100.0,4.568029559262737e+25,0,137.62058103565587,3.5187507210275436e+27,0.29816317156875405,35468.10475042672,0.9571913349137271,7.004200407892007,0.018162199994549155,-1
93,55,beam_search,-7.861259592081457,7.861259592081457,1,2.4181576027307856,617.7373285204827,0.010221359507019044,626.0282651967478,0.990932640147393,0.1238997942062128,0.07138810004107654,-1
93,55,simulated_annealing,-100.0,4.568029559262737e+25,0,137.62058103565587,3.5187507210275436e+27,0.29816317156875405,35468.10475042672,0.9571913349137271,7.004200407892007,0.012769800145179033,-1
93,55,block_beam_strong,-7.862364767559386,7.862364767559386,1,2.4160368415033595,617.8387963406776,0.010221919448582799,625.4768796532271,0.9644969906532896,0.12369461689753908,0.3540264000184834,-1
93,55,block_lns_strong,-7.856587045740773,7.856587045740773,1,2.3714321393239395,617.7373285204827,0.010221359507019044,613.9843430130063,0.9644969906532896,0.1215247833424889,0.08232330018654466,-1
93,55,hybrid_heuristic,-7.856587045740773,7.856587045740773,1,2.3714321393239395,617.7373285204827,0.010221359507019044,613.9843430130063,0.9644969906532896,0.1215247833424889,0.015877599827945232,-1
93,56,autoreg_rl_pure,-0.272743477959379,0.272743477959379,1,2.661286927871582,31.32151510718625,5.5916912538940596e-05,732.4933764620315,0.9871744132388045,0.13832172512972332,0.08691199985332787,256
93,56,random,-100.0,393333310894.77106,0,60.77705821587379,30298443855046.492,0.09414268306926986,16661.046952168348,0.9961371523665998,3.1470309910273904,0.03288639988750219,-1
93,56,latency_greedy,-13.983299647706499,13.983299647706499,1,4.016814042898436,1077.0033038729844,0.01211645269170264,1103.922506401277,0.9961371523665998,0.2083437589145248,8.070003241300583e-05,-1
93,56,block_balanced,-29.530587981610076,29.530587981610076,1,3.8876062567286946,2275.605377780271,0.01466675955146499,1068.564407405704,0.8226453443656705,0.20147280737220863,7.539987564086914e-05,-1
93,56,pdp_aware_greedy,-0.2771045451883538,0.2771045451883538,1,2.470423001390231,33.127671684731716,0.0002470498657829826,680.1201386221402,0.9961371523665998,0.12709964742753657,0.0009764002170413733,-1
93,56,local_search,-0.2771045451883538,0.2771045451883538,1,2.470423001390231,33.127671684731716,0.0002470498657829826,680.1201386221402,0.9961371523665998,0.12709964742753657,0.01729660015553236,-1
93,56,beam_search,-0.34958508166323465,0.34958508166323465,1,3.438805195859227,31.251400670973553,4.827670568022891e-05,945.5138781181763,0.9961371523665998,0.17848786277545292,0.06842150003649294,-1
93,56,simulated_annealing,-0.2771045451883538,0.2771045451883538,1,2.470423001390231,33.127671684731716,0.0002470498657829826,680.1201386221402,0.9961371523665998,0.12709964742753657,0.009009499801322818,-1
93,56,block_beam_strong,-0.272743477959379,0.272743477959379,1,2.661286927871582,31.32151510718625,5.5916912538940596e-05,732.4933764620315,0.9871744132388045,0.13832172512972332,0.42335599986836314,-1
93,56,block_lns_strong,-0.2720992935538537,0.2720992935538537,1,2.393199040564282,33.336973175928996,0.00026852159153985304,658.9687057468893,0.9961371523665998,0.12312658767687341,0.08530719997361302,-1
93,56,hybrid_heuristic,-0.2720992935538537,0.2720992935538537,1,2.393199040564282,33.336973175928996,0.00026852159153985304,658.9687057468893,0.9961371523665998,0.12312658767687341,0.014698599930852652,-1
93,57,autoreg_rl_pure,-0.7585960990408607,0.7585960990408607,1,2.7328066202095145,68.1958006605676,0.002708548148685811,792.165773905509,0.9599324453162394,0.1527872167818275,0.09075740003027022,256
93,57,random,-100.0,9.6434565712104e+23,0,94.11199121276636,7.4283494278922836e+25,0.19140001998058115,27178.98749352631,0.8640803301014889,5.253700939059457,0.030977499904111028,-1
93,57,latency_greedy,-5913615.885696441,5913615.885696441,1,4.91573944533122,455525507.6503232,0.05628286535418313,1422.4629364958691,0.978921827516158,0.27358233724185016,6.92000612616539e-05,-1
93,57,block_balanced,-6574746909.548762,6574746909.548762,1,9.898210314889992,506452401989.42084,0.08019416444091992,2861.2798939588006,0.7309448473119793,0.5528098933710559,7.779989391565323e-05,-1
93,57,pdp_aware_greedy,-2.208103020967314,2.208103020967314,1,2.5506619005265634,181.25430096213384,0.006041113422939407,739.521762118362,0.9599324453162394,0.14292654734247168,0.000511599937453866,-1
93,57,local_search,-1.7502202374439069,1.7502202374439069,1,2.626282938243322,145.4011062417282,0.005289706776199123,761.3568852680804,0.9599324453162394,0.1470474344462671,0.025820299983024597,-1
93,57,beam_search,-1.0651450656893728,1.0651450656893728,1,5.009444620728442,74.27232081524522,0.0029995425861056597,1449.5668901157658,0.9599324453162394,0.2795801175532724,0.07154110004194081,-1
93,57,simulated_annealing,-1.7502202374439069,1.7502202374439069,1,2.626282938243322,145.4011062417282,0.005289706776199123,761.3568852680804,0.9599324453162394,0.1470474344462671,0.007893199799582362,-1
93,57,block_beam_strong,-0.7726181636286233,0.7726181636286233,1,2.744528715159303,69.18562430961005,0.0027576752575011842,795.5592781922154,0.9599324453162394,0.15356713501110683,0.40145700005814433,-1
93,57,block_lns_strong,-0.7585960990408607,0.7585960990408607,1,2.7328066202095145,68.1958006605676,0.002708548148685811,792.165773905509,0.9599324453162394,0.1527872167818275,0.08710059989243746,-1
93,57,hybrid_heuristic,-0.7585960990408607,0.7585960990408607,1,2.7328066202095145,68.1958006605676,0.002708548148685811,792.165773905509,0.9599324453162394,0.1527872167818275,0.015313100069761276,-1
93,58,autoreg_rl_pure,-0.45417189709158634,0.45417189709158634,1,2.766487170929217,44.486579599944704,0.0012521487807090862,760.6021139150029,0.962155724089584,0.1467787119756688,0.08803489990532398,256
93,58,random,-100.0,4.568029559262737e+25,0,91.0799716659604,3.5187507210275436e+27,0.2862732137299703,24943.21728635596,0.979852235439219,4.802443086621611,0.02907639998011291,-1
93,58,latency_greedy,-1960638.6763816343,1960638.6763816343,1,4.60640070208284,151027887.47996947,0.05251913997051733,1264.3599539059655,0.9877890622832448,0.2449072853691112,7.780012674629688e-05,-1
93,58,block_balanced,-347745456.1865223,347745456.1865223,1,7.1207256259028835,26786813826.786205,0.07017271835503314,1952.9130757959952,0.6717133588003447,0.3772428751641822,0.0002017999067902565,-1
93,58,pdp_aware_greedy,-106.96724009720812,106.96724009720812,1,3.3400884588555306,8244.7640662878,0.01905554678059413,917.6630990554479,0.9877890622832448,0.1778588345428187,0.0006518000736832619,-1
93,58,local_search,-100.0,4.568029559262737e+25,0,91.0799716659604,3.5187507210275436e+27,0.2862732137299703,24943.21728635596,0.979852235439219,4.802443086621611,0.018064799951389432,-1
93,58,beam_search,-0.46117989841695284,0.46117989841695284,1,2.796589074815464,44.794530762118505,0.001275667185926292,768.8246827876405,0.9479568848014823,0.148363919837031,0.07053350005298853,-1
93,58,simulated_annealing,-100.0,4.568029559262737e+25,0,91.0799716659604,3.5187507210275436e+27,0.2862732137299703,24943.21728635596,0.979852235439219,4.802443086621611,0.013295300072059035,-1
93,58,block_beam_strong,-0.4618900861083488,0.4618900861083488,1,2.758082737481228,45.145850592011456,0.0013023010408599544,758.2705332682048,0.979852235439219,0.14633612289484543,0.5182076001074165,-1
93,58,block_lns_strong,-0.4497451472076998,0.4497451472076998,1,2.7223201149772436,44.485805888925356,0.001252089487162315,748.5049523716427,0.962155724089584,0.14445281376760627,0.08699320000596344,-1
93,58,hybrid_heuristic,-0.4497451472076998,0.4497451472076998,1,2.7223201149772436,44.485805888925356,0.001252089487162315,748.5049523716427,0.962155724089584,0.14445281376760627,0.014248399995267391,-1
93,59,autoreg_rl_pure,-0.20253586488545397,0.20253586488545397,1,1.9625027196673923,31.296157445543447,5.3155723204957504e-05,511.08420855102463,0.9956443975943478,0.14097092186113988,0.08930060011334717,256
93,59,random,-100.0,34258793627958.83,0,81.42327374576077,2638953036883210.0,0.10937176920786736,21088.149402332867,0.774390087017826,5.82239476895024,0.03091370011679828,-1
93,59,latency_greedy,-5121.497438063515,5121.497438063515,1,3.292106352950171,394514.12604176346,0.032242636258208786,855.3813004260423,0.9956443975943478,0.23458843748763067,8.530006743967533e-05,-1
93,59,block_balanced,-2442108.1479585846,2442108.1479585846,1,6.470683106161229,188115440.70812926,0.05326777310842104,1678.5286287997833,0.7135729332693711,0.46199562161553626,7.970002479851246e-05,-1
93,59,pdp_aware_greedy,-0.21698407955871665,0.21698407955871665,1,2.094286261624222,31.393974730066645,6.379471934388207e-05,545.2289823818517,0.9956443975943478,0.15102376445378954,0.0005544000305235386,-1
93,59,local_search,-0.21003303241467977,0.21003303241467977,1,2.026331307838242,31.381992585912496,6.249327675704019e-05,527.6257410516174,0.9618777869132078,0.14599917582312597,0.02423470001667738,-1
93,59,beam_search,-0.2120333916798014,0.2120333916798014,1,2.0638295741921855,31.247231208152172,4.7821829204324855e-05,537.3373879600032,0.9956443975943478,0.1486770316262356,0.06954359984956682,-1
93,59,simulated_annealing,-0.21003303241467977,0.21003303241467977,1,2.026331307838242,31.381992585912496,6.249327675704019e-05,527.6257410516174,0.9618777869132078,0.14599917582312597,0.007635099813342094,-1
93,59,block_beam_strong,-0.2088329509846474,0.2088329509846474,1,2.0254735806593267,31.296157445543447,5.315572320495756e-05,527.3978979766896,0.9618777869132078,0.14579520989830697,0.4945688000880182,-1
93,59,block_lns_strong,-0.20253586488545397,0.20253586488545397,1,1.9625027196673923,31.296157445543447,5.3155723204957504e-05,511.08420855102463,0.9956443975943478,0.14097092186113988,0.0830373999197036,-1
93,59,hybrid_heuristic,-0.20253586488545397,0.20253586488545397,1,1.9625027196673923,31.296157445543447,5.3155723204957504e-05,511.08420855102463,0.9956443975943478,0.14097092186113988,0.014535000082105398,-1
93,60,autoreg_rl_pure,-1.6293647410444034,1.6293647410444034,1,2.7449779115692157,135.17730708863002,0.005041145048869411,698.4238534273035,0.8932135387310619,0.1549373057139216,0.4491719000507146,234
93,60,random,-100.0,4.568029559262737e+25,0,108.99109933251931,3.5187507210275436e+27,0.3074700197031887,27617.025226516475,0.8883256704603192,6.1409720421749965,0.02925270004197955,-1
93,60,latency_greedy,-134104607.34253073,134104607.34253073,1,4.7676357036369765,10330070709.649557,0.06692424951110466,1210.793223385313,0.9821172654681459,0.2696531163111235,6.809993647038937e-05,-1
93,60,block_balanced,-846395512.8429186,846395512.8429186,1,7.239525440841661,65197800962.3753,0.07320526610935014,1837.1329405097893,0.7101733236066371,0.40831257859772346,7.369997911155224e-05,-1
93,60,pdp_aware_greedy,-81837.93420336225,81837.93420336225,1,4.360066381770267,6303968.911566727,0.041690513790903175,1107.5558535032085,0.9821172654681459,0.24650620945477214,0.0006305000279098749,-1
93,60,local_search,-100.0,4.568029559262737e+25,0,108.99109933251931,3.5187507210275436e+27,0.3074700197031887,27617.025226516475,0.8883256704603192,6.1409720421749965,0.018877499969676137,-1
93,60,beam_search,-2.5844122030434056,2.5844122030434056,1,2.7076958489034197,209.03174542456938,0.006527216152653786,688.9681245552188,0.9130799874942477,0.15284538324783,0.07208569999784231,-1
93,60,simulated_annealing,-100.0,4.568029559262737e+25,0,108.99109933251931,3.5187507210275436e+27,0.3074700197031887,27617.025226516475,0.8883256704603192,6.1409720421749965,0.01317010005004704,-1
93,60,block_beam_strong,-2.107104551952531,2.107104551952531,1,2.602626148334796,173.0741139851248,0.005883672253717397,662.3277038467475,0.9821172654681459,0.14706418501552612,0.41517980000935495,-1
93,60,block_lns_strong,-1.6293647410444034,1.6293647410444034,1,2.7449779115692157,135.17730708863002,0.005041145048869411,698.4238534273035,0.8932135387310619,0.1549373057139216,0.08725459990091622,-1
93,60,hybrid_heuristic,-1.6293647410444034,1.6293647410444034,1,2.7449779115692157,135.17730708863002,0.005041145048869411,698.4238534273035,0.8932135387310619,0.1549373057139216,0.014964899979531765,-1
93,61,autoreg_rl_pure,-0.24694855210778108,0.24694855210778108,1,2.4694691472222674,30.812104687645313,1.3955453714641847e-08,633.8523073304602,0.9813083087182628,0.12251069438241975,0.09464679984375834,256
93,61,random,-100.0,3604491.267285505,0,69.95156497182825,277653261.0930326,0.05459503778346969,17870.226262993747,0.9813083087182628,3.4450241684417167,0.029828199883922935,-1
93,61,latency_greedy,-124637.3819443514,124637.3819443514,1,4.494857417878607,9600807.038701942,0.04312465889652599,1151.1628771812102,0.9813083087182628,0.22108869840546663,0.00015070009976625443,-1
93,61,block_balanced,-133726.81645432155,133726.81645432155,1,6.192566076162458,10300952.614368828,0.04336463059000537,1584.8388939315896,0.7304529951047558,0.3051847353701966,8.579995483160019e-05,-1
93,61,pdp_aware_greedy,-1.2409241264815352,1.2409241264815352,1,2.895779892933758,104.09412051519362,0.004150346132935062,742.7310885190655,0.9813083087182628,0.1420458554604167,0.0005361998919397593,-1
93,61,local_search,-1.2409241264815352,1.2409241264815352,1,2.895779892933758,104.09412051519362,0.004150346132935062,742.7310885190655,0.9813083087182628,0.1420458554604167,0.015555299818515778,-1
93,61,beam_search,-0.24694855210778108,0.24694855210778108,1,2.4694691472222674,30.812104687645313,1.3955453714641847e-08,633.8523073304602,0.9813083087182628,0.12251069438241975,0.07242279988713562,-1
93,61,simulated_annealing,-1.2409241264815352,1.2409241264815352,1,2.895779892933758,104.09412051519362,0.004150346132935062,742.7310885190655,0.9813083087182628,0.1420458554604167,0.009075599955394864,-1
93,61,block_beam_strong,-0.36119261784900947,0.36119261784900947,1,2.857976265417442,36.61965069913658,0.0005887075810730667,733.1112058709841,0.926205950942757,0.1413513312779709,0.3024811998475343,-1
93,61,block_lns_strong,-0.24694855210778108,0.24694855210778108,1,2.4694691472222674,30.812104687645313,1.3955453714641847e-08,633.8523073304602,0.9813083087182628,0.12251069438241975,0.07923829997889698,-1
93,61,hybrid_heuristic,-0.24694855210778108,0.24694855210778108,1,2.4694691472222674,30.812104687645313,1.3955453714641847e-08,633.8523073304602,0.9813083087182628,0.12251069438241975,0.015896999975666404,-1
93,62,autoreg_rl_pure,-14.472993273129847,14.472993273129847,1,2.699470061267683,1124.8718712211862,0.012264707930941497,769.274894060072,0.9846263082629533,0.19794019091799017,1.0790760999079794,172
93,62,random,-100.0,2.5599473633568047e+25,0,89.07569166110513,1.9719260818570848e+27,0.2025784045843567,25288.727018965048,0.9044964079577358,6.553252841057368,0.032447499921545386,-1
93,62,latency_greedy,-70295224.36923522,70295224.36923522,1,6.668721226494297,5414837344.76763,0.0647221845766822,1895.9948956916537,0.9846263082629533,0.491323491555869,7.16999638825655e-05,-1
93,62,block_balanced,-2928869.0812217514,2928869.0812217514,1,7.049743564465349,225610604.84641263,0.0538874132559542,2004.2069553364036,0.800625488966846,0.5192565447576561,7.369997911155224e-05,-1
93,62,pdp_aware_greedy,-100733.93993846307,100733.93993846307,1,4.764626631799573,7759524.1041866,0.04239874869467399,1355.536160542813,0.9846263082629533,0.3515372466481172,0.0005077000241726637,-1
93,62,local_search,-100.0,2.5599473633568047e+25,0,89.07569166110513,1.9719260818570848e+27,0.2025784045843567,25288.727018965048,0.9044964079577358,6.553252841057368,0.02050839993171394,-1
93,62,beam_search,-84279.54620066023,84279.54620066023,1,4.996983868993311,6492041.246675732,0.04179073635236418,1421.494908419577,0.9846263082629533,0.3691502074533852,0.0678904999513179,-1
93,62,simulated_annealing,-100.0,2.5599473633568047e+25,0,89.07569166110513,1.9719260818570848e+27,0.2025784045843567,25288.727018965048,0.9044964079577358,6.553252841057368,0.012931699864566326,-1
93,62,block_beam_strong,-17.128360112832524,17.128360112832524,1,4.032882015339592,1319.1433714202128,0.012807841028621179,1147.8305630641862,0.9607505867602153,0.2967573750919777,0.32196500012651086,-1
93,62,block_lns_strong,-15.426446126794508,15.426446126794508,1,3.819490070114254,1189.688785308904,0.01245570083509818,1087.2369074745668,0.8819430428241526,0.2807622923967352,0.10055939992889762,-1
93,62,hybrid_heuristic,-15.426446126794508,15.426446126794508,1,3.819490070114254,1189.688785308904,0.01245570083509818,1087.2369074745668,0.8819430428241526,0.2807622923967352,0.015607799869030714,-1
93,63,autoreg_rl_pure,-30256.96679731622,30256.96679731622,1,3.9111799903988733,2330693.214798144,0.03829830216455076,1028.4385006863051,0.9776830302146745,0.228143034842891,0.11456270003691316,256
93,63,random,-100.0,4.568029559262737e+25,0,73.66519720097526,3.5187507210275436e+27,0.2814859029143773,19316.575111667626,0.8762552560977767,4.281422246389495,0.02789689996279776,-1
93,63,latency_greedy,-146711779982.23123,146711779982.23123,1,8.497145437125866,11301200548217.285,0.09078056213027454,2230.7640734697497,0.9480149965864605,0.49500789804310175,6.92000612616539e-05,-1
93,63,block_balanced,-919173628351.9513,919173628351.9513,1,13.360156784198102,70803895323997.19,0.09703648162370153,3505.7786609043833,0.7302127134148139,0.7773402899252667,7.340009324252605e-05,-1
93,63,pdp_aware_greedy,-240835.61485941804,240835.61485941804,1,4.088763578988919,18551553.820040777,0.04537032798747537,1075.0077964352158,0.9776830302146745,0.23844116598057769,0.0005180998705327511,-1
93,63,local_search,-100.0,4.568029559262737e+25,0,73.66519720097526,3.5187507210275436e+27,0.2814859029143773,19316.575111667626,0.8762552560977767,4.281422246389495,0.01771260006353259,-1
93,63,beam_search,-631747.0993394161,631747.0993394161,1,6.586935767026955,48663425.27319804,0.048658083081293116,1729.9797713392636,0.9776830302146745,0.3835493816966843,0.07323269988410175,-1
93,63,simulated_annealing,-100.0,4.568029559262737e+25,0,73.66519720097526,3.5187507210275436e+27,0.2814859029143773,19316.575111667626,0.8762552560977767,4.281422246389495,0.01314319996163249,-1
93,63,block_beam_strong,-21726.265860371266,21726.265860371266,1,4.174979388022811,1673571.746827123,0.03716915228281039,1097.616228703597,0.9681237949242635,0.24332574893365821,0.3735998999327421,-1
93,63,block_lns_strong,-100.0,266549004912.77945,0,12.5428812089749,20532255561288.17,0.0928161615700937,3291.4275142461966,3.6510635670740696,0.731533452478836,0.08979359990917146,-1
93,63,hybrid_heuristic,-100.0,4.568029559262737e+25,0,73.66519720097526,3.5187507210275436e+27,0.2814859029143773,19316.575111667626,0.8762552560977767,4.281422246389495,0.018405100097879767,-1
94,0,autoreg_rl_pure,-0.44036556290441464,0.44036556290441464,1,2.5298729512227602,45.245716483671124,0.0013098341338255487,746.5548042431906,0.8895272266508959,0.15155680470794133,0.12734220013953745,256
94,0,random,-100.0,4.568029559262737e+25,0,89.45512663664363,3.5187507210275436e+27,0.22389867354098908,26297.91492420577,0.9179471664468635,5.312530245527611,0.03291489998809993,-1
94,0,latency_greedy,-72806.62713747898,72806.62713747898,1,4.0570457545221235,5608290.146527786,0.04129186269348312,1195.376418505211,0.8946359889803738,0.24169782340370027,0.00011289981193840504,-1
94,0,block_balanced,-2182006.1136980196,2182006.1136980196,1,6.15933403012919,168079797.34887677,0.052883838091355044,1813.412752079297,0.7139589072364494,0.3671866495154227,8.770008571445942e-05,-1
94,0,pdp_aware_greedy,-10.958956667281631,10.958956667281631,1,3.0237317503177588,851.6880337730256,0.01131625139481691,891.7637047192248,0.9914032660595721,0.18117630077945296,0.0008636999409645796,-1
94,0,local_search,-5.0123091986160695,5.0123091986160695,1,2.9992557817957137,393.8066362574878,0.008686521396504296,884.5578547867733,0.9914032660595721,0.1797234915467803,0.02252240013331175,-1
94,0,beam_search,-10.623453692887196,10.623453692887196,1,3.084470559098726,825.3763869199668,0.011209267647570562,909.6176703542311,0.9914032660595721,0.18470048658384366,0.07136880001053214,-1
94,0,simulated_annealing,-5.0123091986160695,5.0123091986160695,1,2.9992557817957137,393.8066362574878,0.008686521396504296,884.5578547867733,0.9914032660595721,0.1797234915467803,0.007866099942475557,-1
94,0,block_beam_strong,-0.43892517844983886,0.43892517844983886,1,2.6127957412355682,44.49600993933911,0.0012528713943681313,770.9295005494838,0.8946359889803738,0.15637690109384644,0.4530378000345081,-1
94,0,block_lns_strong,-0.4359848474833147,0.4359848474833147,1,2.5833924334715754,44.4960099246938,0.001252871393246032,762.297895955729,0.8812473476085085,0.15473673386269277,0.08204799983650446,-1
94,0,hybrid_heuristic,-0.4359848474833147,0.4359848474833147,1,2.5833924334715754,44.4960099246938,0.001252871393246032,762.297895955729,0.8812473476085085,0.15473673386269277,0.013755999971181154,-1
94,1,autoreg_rl_pure,-0.23539267854752602,0.23539267854752602,1,2.3485433306639996,30.853447283479547,4.5852485279083295e-06,600.8239252565343,0.9742325723269886,0.13059102567888228,0.28334950003772974,256
94,1,random,-100.0,2.504498461822918e+18,0,82.24009775402126,1.929213822726249e+20,0.14755375934618195,20943.149529114464,0.9742325723269886,4.535173839460551,0.02927950001321733,-1
94,1,latency_greedy,-1489.5656446584048,1489.5656446584048,1,5.215610340970269,114731.7979270939,0.028032063792920166,1330.8214349602938,0.9500384530945996,0.2887306154082527,6.940006278455257e-05,-1
94,1,block_balanced,-1083686.5350585524,1083686.5350585524,1,9.613587801322797,83476272.46831891,0.05049781166769504,2450.6783906740657,0.8190105115253673,0.5308179417426976,7.690000347793102e-05,-1
94,1,pdp_aware_greedy,-15.69060309235454,15.69060309235454,1,2.8636382307646784,1217.3997038022553,0.012534199439171969,731.979488176751,0.9742325723269886,0.15909312230837405,0.0007268001791089773,-1
94,1,local_search,-15.69060309235454,15.69060309235454,1,2.8636382307646784,1217.3997038022553,0.012534199439171969,731.979488176751,0.9742325723269886,0.15909312230837405,0.016049700090661645,-1
94,1,beam_search,-0.23539267854752602,0.23539267854752602,1,2.3485433306639996,30.853447283479547,4.5852485279083295e-06,600.8239252565343,0.9742325723269886,0.13059102567888228,0.06930350000038743,-1
94,1,simulated_annealing,-15.69060309235454,15.69060309235454,1,2.8636382307646784,1217.3997038022553,0.012534199439171969,731.979488176751,0.9742325723269886,0.15909312230837405,0.00800659996457398,-1
94,1,block_beam_strong,-0.30605991601844995,0.30605991601844995,1,2.5325305927855064,34.879687904140695,0.0004227459964770131,647.671511844907,0.9742325723269886,0.14083990597100285,0.23097590007819235,-1
94,1,block_lns_strong,-0.23539267854752602,0.23539267854752602,1,2.3485433306639996,30.853447283479547,4.5852485279083295e-06,600.8239252565343,0.9742325723269886,0.13059102567888228,0.08323740004561841,-1
94,1,hybrid_heuristic,-0.23539267854752602,0.23539267854752602,1,2.3485433306639996,30.853447283479547,4.5852485279083295e-06,600.8239252565343,0.9742325723269886,0.13059102567888228,0.015532599994912744,-1
94,2,autoreg_rl_pure,-0.4990106050823693,0.4990106050823693,1,2.57444986873244,49.4197651826096,0.0016106712576634927,644.434400283098,0.9878771209537514,0.15345925663667884,0.08204460004344583,256
94,2,random,-100.0,6.30075003941279e+24,0,75.82554036121589,4.8534643781456516e+26,0.19779902102293445,18901.61127753959,0.9085089203897799,4.539921154489842,0.027661999920383096,-1
94,2,latency_greedy,-12614.617407921407,12614.617407921407,1,4.256328011585958,971701.3282929913,0.03531567704954299,1063.5889315653535,0.9190962152296671,0.2553117161732163,6.84000551700592e-05,-1
94,2,block_balanced,-64851.89197596718,64851.89197596718,1,7.15947222359088,4995513.425437388,0.040897397571877596,1787.19182889222,0.7331204498285935,0.4285029999203562,7.699988782405853e-05,-1
94,2,pdp_aware_greedy,-1.6838024740093087,1.6838024740093087,1,2.561509648902374,140.78389778497314,0.005179691200170272,641.1859380214852,0.9085089203897799,0.1540669215038386,0.0005105000454932451,-1
94,2,local_search,-1.4896420809433717,1.4896420809433717,1,2.6272030854693873,125.32169692438042,0.004783056536878685,657.5608243969832,0.9190962152296671,0.15790360325552172,0.02352060005068779,-1
94,2,beam_search,-1.138996956204322,1.138996956204322,1,2.5845423130902128,98.6401374613511,0.0039668717959068485,646.935091971739,0.9878771209537514,0.1554752682051829,0.06995229981839657,-1
94,2,simulated_annealing,-1.4896420809433717,1.4896420809433717,1,2.6272030854693873,125.32169692438042,0.004783056536878685,657.5608243969832,0.9190962152296671,0.15790360325552172,0.00841260002925992,-1
94,2,block_beam_strong,-0.5361951124084319,0.5361951124084319,1,2.5476090502369844,52.49084046984273,0.0018162065845010596,637.7438349863824,0.9878771209537514,0.15185931402219682,0.44047160004265606,-1
94,2,block_lns_strong,-0.4990106050823693,0.4990106050823693,1,2.57444986873244,49.4197651826096,0.0016106712576634927,644.434400283098,0.9878771209537514,0.15345925663667884,0.07825480005703866,-1
94,2,hybrid_heuristic,-0.4990106050823693,0.4990106050823693,1,2.57444986873244,49.4197651826096,0.0016106712576634927,644.434400283098,0.9878771209537514,0.15345925663667884,0.015022899955511093,-1
94,3,autoreg_rl_pure,-6.1829635003567995,6.1829635003567995,1,2.71231597604654,486.1923701589658,0.00940499336502698,721.4617377084046,0.9942134943530245,0.19122729735602675,0.08654680009931326,256
94,3,random,-100.0,4.568029559262737e+25,0,93.80047255447859,3.5187507210275436e+27,0.2479871707343118,24854.840834897772,0.9700741851277249,6.592291463222193,0.028695000102743506,-1
94,3,latency_greedy,-227.6319810462858,227.6319810462858,1,2.079012472486986,17549.276655505764,0.021630982053058877,553.582395456674,0.9942134943530245,0.14548550728969079,6.609992124140263e-05,-1
94,3,block_balanced,-100.0,1232594.096045512,0,115.32260725638884,94945799.6336605,0.05093672634716344,30557.018887337563,0.6165995450036105,8.070857385917728,0.00013779988512396812,-1
94,3,pdp_aware_greedy,-11.067353386723148,11.067353386723148,1,2.7121435657291437,862.4379893772883,0.011359012950652746,721.3455494139706,0.9358978298344566,0.19010739370805513,0.002356200013309717,-1
94,3,local_search,-11.066946461140155,11.066946461140155,1,2.708074309933017,862.4379893770279,0.011359012950651717,720.2696464932225,0.9248993175054158,0.18998089726657688,0.02568059996701777,-1
94,3,beam_search,-23.329295987535314,23.329295987535314,1,2.7357353713969568,1806.793043122784,0.013880279646695122,727.6496293277039,0.9358978298344566,0.1933529140535911,0.07495300006121397,-1
94,3,simulated_annealing,-11.066946461140155,11.066946461140155,1,2.708074309933017,862.4379893770279,0.011359012950651717,720.2696464932225,0.9248993175054158,0.18998089726657688,0.008342700079083443,-1
94,3,block_beam_strong,-6.19431837261637,6.19431837261637,1,2.68003925906714,487.31566273838564,0.009412860877229775,712.8801516451396,0.9942134943530245,0.18833558079353177,0.5909730999264866,-1
94,3,block_lns_strong,-6.190628631035672,6.190628631035672,1,2.6431418432669855,487.3156627383331,0.009412860877229407,703.1065709966476,0.9942134943530245,0.18591182948957558,0.08101750002242625,-1
94,3,hybrid_heuristic,-6.190628631035672,6.190628631035672,1,2.6431418432669855,487.3156627383331,0.009412860877229407,703.1065709966476,0.9942134943530245,0.18591182948957558,0.015371500048786402,-1
94,4,autoreg_rl_pure,-48.81491240101896,48.81491240101896,1,4.453185945849364,3756.719196850097,0.016375796723894748,1116.8112409667694,0.9923276681218454,0.22478072377235758,0.9139501999597996,182
94,4,random,-100.0,3.350634728679378e+25,0,161.50638020206654,2.5809921355551293e+27,0.20349603840382346,40403.486492482974,0.9923276681218454,8.093787840936953,0.03106920002028346,-1
94,4,latency_greedy,-100.0,35917988037.86858,0,14509.251103110402,2766760581612.147,0.08598301196508618,3629473.862616435,0.9923276681218454,741.9276649371287,7.299985736608505e-05,-1
94,4,block_balanced,-100.0,20684143526.37588,0,14347.593483526338,1593298356674.0781,0.08410156771861903,3589035.435576004,0.8814765828592054,733.6754015355909,7.329997606575489e-05,-1
94,4,pdp_aware_greedy,-135681.59984736508,135681.59984736508,1,5.841401664518157,10451532.179375788,0.043414105776261536,1464.0926560546532,0.9923276681218454,0.2928681871342867,0.000680399825796485,-1
94,4,local_search,-100.0,3.350634728679378e+25,0,161.50638020206654,2.5809921355551293e+27,0.20349603840382346,40403.486492482974,0.9923276681218454,8.093787840936953,0.019633600022643805,-1
94,4,beam_search,-2426.7335618088077,2426.7335618088077,1,9.768825414615552,186886.71896150362,0.0296954364052053,2446.536165674819,0.8885156568069348,0.48962994723660686,0.06577489990741014,-1
94,4,simulated_annealing,-100.0,3.350634728679378e+25,0,161.50638020206654,2.5809921355551293e+27,0.20349603840382346,40403.486492482974,0.9923276681218454,8.093787840936953,0.011856699828058481,-1
94,4,block_beam_strong,-48.809195239283845,48.809195239283845,1,4.3993372987906785,3756.6936000277456,0.01637577349477857,1103.3456657682357,0.9923276681218454,0.22207462663232855,0.46539700007997453,-1
94,4,block_lns_strong,-48.809195239283845,48.809195239283845,1,4.3993372987906785,3756.6936000277456,0.01637577349477857,1103.3456657682357,0.9923276681218454,0.22207462663232855,0.09478600020520389,-1
94,4,hybrid_heuristic,-48.809195239283845,48.809195239283845,1,4.3993372987906785,3756.6936000277456,0.01637577349477857,1103.3456657682357,0.9923276681218454,0.22207462663232855,0.0166293999645859,-1
94,5,autoreg_rl_pure,-8.44652087114058,8.44652087114058,1,2.8270776953077243,659.6700641949903,0.01044526447056773,789.5293940909492,0.979383232236865,0.15431935764169766,0.3457723001483828,249
94,5,random,-100.0,7.493471817741856e+23,0,72.12801913360141,5.772217324691386e+25,0.19054005538443178,20073.758990314484,0.8436058971401037,3.950415810351748,0.03031840012408793,-1
94,5,latency_greedy,-4683.193105795561,4683.193105795561,1,3.5609054047072144,360749.4962627037,0.031937610240015166,993.7293962187576,0.979383232236865,0.1943762053619303,6.910017691552639e-05,-1
94,5,block_balanced,-2030535.8054301392,2030535.8054301392,1,5.99757400023446,156412048.86787593,0.05263856244759052,1671.834064942021,0.7710602803279893,0.32845357837220474,7.609999738633633e-05,-1
94,5,pdp_aware_greedy,-827.6580196766445,827.6580196766445,1,3.6075173950336277,63757.476184466796,0.026029115616143152,1006.7737961403014,0.979383232236865,0.19900623064800033,0.0005318000912666321,-1
94,5,local_search,-100.0,7.493471817741856e+23,0,72.12801913360141,5.772217324691386e+25,0.19054005538443178,20073.758990314484,0.8436058971401037,3.950415810351748,0.01902829995378852,-1
94,5,beam_search,-11.871609314076725,11.871609314076725,1,2.916964946606036,922.8120423540151,0.011589688099773236,814.6182018819452,0.979383232236865,0.1602949136527372,0.06995170004665852,-1
94,5,simulated_annealing,-100.0,7.493471817741856e+23,0,72.12801913360141,5.772217324691386e+25,0.19054005538443178,20073.758990314484,0.8436058971401037,3.950415810351748,0.012733499985188246,-1
94,5,block_beam_strong,-3.178902982822076,3.178902982822076,1,2.794992082013871,254.152895910361,0.007193546129937332,780.6819806035286,0.979383232236865,0.15417452614485194,0.3162380999419838,-1
94,5,block_lns_strong,-3.176932740935874,3.176932740935874,1,2.775289630535781,254.15289616160243,0.0071935461333074895,775.2031337077877,0.979383232236865,0.1530957173872611,0.07977860001847148,-1
94,5,hybrid_heuristic,-3.176932740935874,3.176932740935874,1,2.775289630535781,254.15289616160243,0.0071935461333074895,775.2031337077877,0.979383232236865,0.1530957173872611,0.014810199849307537,-1
94,6,autoreg_rl_pure,-0.22362447479231104,0.22362447479231104,1,2.221910786622571,30.922392986991575,1.219503741115952e-05,578.305567334675,0.9794221601742654,0.1036184302199974,0.30573849985376,254
94,6,random,-100.0,3.358157065394206e+17,0,71.85441419189505,2.5867865874945745e+19,0.14070369548363823,18614.691467937915,0.9571160557618327,3.3643288089759777,0.028195600025355816,-1
94,6,latency_greedy,-17159.398650513594,17159.398650513594,1,3.5139338546996703,1321791.3024669385,0.03636467308566777,912.9386879288553,0.9794221601742654,0.16535778880625526,7.039983756840229e-05,-1
94,6,block_balanced,-3951.8384494472016,3951.8384494472016,1,5.135330191669247,304401.15849924344,0.031358598804765894,1332.9363408944794,0.7934140181234138,0.24111629826376813,7.830001413822174e-05,-1
94,6,pdp_aware_greedy,-0.22837801495993018,0.22837801495993018,1,2.268585460125535,30.92902317149643,1.2925940588864873e-05,590.3974945435048,0.9794221601742654,0.10579509565072766,0.0007626998703926802,-1
94,6,local_search,-0.22362447479231104,0.22362447479231104,1,2.221910786622571,30.922392986991575,1.219503741115952e-05,578.305567334675,0.9794221601742654,0.1036184302199974,0.021784499986097217,-1
94,6,beam_search,-0.22362447479231104,0.22362447479231104,1,2.221910786622571,30.922392986991575,1.219503741115952e-05,578.305567334675,0.9794221601742654,0.1036184302199974,0.06827339995652437,-1
94,6,simulated_annealing,-0.22362447479231104,0.22362447479231104,1,2.221910786622571,30.922392986991575,1.219503741115952e-05,578.305567334675,0.9794221601742654,0.1036184302199974,0.008116800105199218,-1
94,6,block_beam_strong,-0.22362447479231104,0.22362447479231104,1,2.221910786622571,30.922392986991575,1.219503741115952e-05,578.305567334675,0.9794221601742654,0.1036184302199974,0.29019970004446805,-1
94,6,block_lns_strong,-0.22362447479231104,0.22362447479231104,1,2.221910786622571,30.922392986991575,1.219503741115952e-05,578.305567334675,0.9794221601742654,0.1036184302199974,0.08370760013349354,-1
94,6,hybrid_heuristic,-0.22362447479231104,0.22362447479231104,1,2.221910786622571,30.922392986991575,1.219503741115952e-05,578.305567334675,0.9794221601742654,0.1036184302199974,0.014810800086706877,-1
94,7,autoreg_rl_pure,-3.198281924831007,3.198281924831007,1,4.118075563238193,245.45394981047568,0.0070748146080732875,1043.4447324582652,0.978395841253719,0.2354248135922143,0.09235900011844933,256
94,7,random,-100.0,5.307962751934289e+17,0,80.13886216681156,4.0887208627368395e+19,0.1422644860550424,20255.20237289989,0.978395841253719,4.5780810449563205,0.028381000040099025,-1
94,7,latency_greedy,-313612.4968582727,313612.4968582727,1,4.294360924695279,24157551.555842564,0.04627050791998477,1087.9531372961296,0.9585479915030529,0.24585047283966419,6.720004603266716e-05,-1
94,7,block_balanced,-52360.33895505383,52360.33895505383,1,6.411034519502794,4033295.530997677,0.0401679750394,1622.9011642290418,0.6696116988880987,0.365677834981544,7.750000804662704e-05,-1
94,7,pdp_aware_greedy,-5336.97894864735,5336.97894864735,1,3.0263762687160933,411114.7021696008,0.03238315476371037,767.5535424295038,0.978395841253719,0.1736590610465988,0.0010466000530868769,-1
94,7,local_search,-100.0,5.307962751934289e+17,0,80.13886216681156,4.0887208627368395e+19,0.1422644860550424,20255.20237289989,0.978395841253719,4.5780810449563205,0.01761940005235374,-1
94,7,beam_search,-3.9844053566585336,3.9844053566585336,1,4.276257051779682,304.7905244694051,0.007812961242926245,1083.4188667183503,0.978395841253719,0.24471302129959754,0.0699864998459816,-1
94,7,simulated_annealing,-100.0,5.307962751934289e+17,0,80.13886216681156,4.0887208627368395e+19,0.1422644860550424,20255.20237289989,0.978395841253719,4.5780810449563205,0.011497299885377288,-1
94,7,block_beam_strong,-4.381519045896631,4.381519045896631,1,2.7675399122196027,347.00181070532517,0.008255153855896188,702.1411790747696,0.978395841253719,0.15875427637861678,0.4864246000070125,-1
94,7,block_lns_strong,-3.9001998802510727,3.9001998802510727,1,4.116334892208285,299.53606067316065,0.007753675327443579,1042.9986217982403,0.9565881412687124,0.23562514587963124,0.08524569985456765,-1
94,7,hybrid_heuristic,-3.9001998802510727,3.9001998802510727,1,4.116334892208285,299.53606067316065,0.007753675327443579,1042.9986217982403,0.9565881412687124,0.23562514587963124,0.015154900029301643,-1
94,8,autoreg_rl_pure,-0.18773258266308265,0.18773258266308265,1,1.8768751620808217,30.815450026536944,3.840810039204989e-07,606.1706547777817,0.9638359484118543,0.12273523655150079,0.08967070002108812,256
94,8,random,-100.0,8.599808491198418e+17,0,61.482974767612355,6.624427871256412e+19,0.14390953891633276,19768.767186390905,0.9243786850457598,3.9930992967146945,0.02809460018761456,-1
94,8,latency_greedy,-0.1951707626288685,0.1951707626288685,1,1.951118554381989,30.816516177663672,5.020306465291487e-07,630.0212227183134,0.9638359484118543,0.12757969309832198,9.910017251968384e-05,-1
94,8,block_balanced,-0.30892760095446903,0.30892760095446903,1,3.0888114589324402,30.815556990799987,3.95914779296413e-07,995.8206631939281,0.7337671018694406,0.20107238923887547,7.950002327561378e-05,-1
94,8,pdp_aware_greedy,-0.1951707626288685,0.1951707626288685,1,1.951118554381989,30.816516177663672,5.020306465291487e-07,630.0212227183134,0.9638359484118543,0.12757969309832198,0.0007343001198023558,-1
94,8,local_search,-0.1951707626288685,0.1951707626288685,1,1.951118554381989,30.816516177663672,5.020306465291487e-07,630.0212227183134,0.9638359484118543,0.12757969309832198,0.014619599794968963,-1
94,8,beam_search,-0.1936759832527626,0.1936759832527626,1,1.9363182602932467,30.815379988478416,3.763324624061718e-07,625.2678439881552,0.9519150927521369,0.12661768973230234,0.06373620009981096,-1
94,8,simulated_annealing,-0.19306145470412878,0.19306145470412878,1,1.9300374933481992,30.81642360142867,4.917889827803189e-07,623.2519639096861,0.9519150927521369,0.12607791554080316,0.007149199955165386,-1
94,8,block_beam_strong,-0.1920898742942935,0.1920898742942935,1,1.9204480783929303,30.815450026536944,3.84081003920517e-07,620.1709829969318,0.9638359484118543,0.12518789234015873,0.35063440003432333,-1
94,8,block_lns_strong,-0.18651358851622893,0.18651358851622893,1,1.8646852206122844,30.815450026536944,3.84081003920517e-07,602.2482177715426,0.9519150927521369,0.12194604991635147,0.08389210002496839,-1
94,8,hybrid_heuristic,-0.18651358851622893,0.18651358851622893,1,1.8646852206122844,30.815450026536944,3.84081003920517e-07,602.2482177715426,0.9519150927521369,0.12194604991635147,0.015059299999848008,-1
94,9,autoreg_rl_pure,-39.69296003267008,39.69296003267008,1,2.187234561550462,3071.510306222279,0.015689261308995745,648.0339139102349,0.9807735063027557,0.13821375623558338,0.11520630004815757,256
94,9,random,-100.0,4.568029559262737e+25,0,133.38763433950797,3.5187507210275436e+27,0.38298947243231585,39344.319261475146,0.7159407406557292,8.322185106182221,0.025362800108268857,-1
94,9,latency_greedy,-100.0,111239192332.78038,0,26.493662015507347,8568749022778.911,0.0898369361075737,7816.849882668928,0.9745929357090335,1.6484474817362418,6.820005364716053e-05,-1
94,9,block_balanced,-100.0,20192279808.832558,0,33.82410680966797,1555410231134.594,0.08401951830247359,9978.97845784242,0.6136634919906251,2.1081560013839584,7.320009171962738e-05,-1
94,9,pdp_aware_greedy,-57463.55633099913,57463.55633099913,1,3.712531302847581,4426416.878489133,0.04048505428407677,1097.8336292593594,0.9745929357090335,0.2333699429150141,0.0005663000047206879,-1
94,9,local_search,-100.0,4.568029559262737e+25,0,133.38763433950797,3.5187507210275436e+27,0.38298947243231585,39344.319261475146,0.7159407406557292,8.322185106182221,0.01762220007367432,-1
94,9,beam_search,-39.69296003267008,39.69296003267008,1,2.187234561550462,3071.510306222279,0.015689261308995745,648.0339139102349,0.9807735063027557,0.13821375623558338,0.07078870013356209,-1
94,9,simulated_annealing,-100.0,4.568029559262737e+25,0,133.38763433950797,3.5187507210275436e+27,0.38298947243231585,39344.319261475146,0.7159407406557292,8.322185106182221,0.011634900001809001,-1
94,9,block_beam_strong,-39.69296003267008,39.69296003267008,1,2.187234561550462,3071.510306222279,0.015689261308995745,648.0339139102349,0.9807735063027557,0.13821375623558338,0.6682672998867929,-1
94,9,block_lns_strong,-39.69296003267008,39.69296003267008,1,2.187234561550462,3071.510306222279,0.015689261308995745,648.0339139102349,0.9807735063027557,0.13821375623558338,0.06312699988484383,-1
94,9,hybrid_heuristic,-39.69296003267008,39.69296003267008,1,2.187234561550462,3071.510306222279,0.015689261308995745,648.0339139102349,0.9807735063027557,0.13821375623558338,0.01650449982844293,-1
94,10,autoreg_rl_pure,-110.00731292683476,110.00731292683476,1,3.1350023381888485,8480.520490693687,0.019151664325407724,782.819968400342,0.9531202278342159,0.17084887917254848,0.3256287002004683,251
94,10,random,-100.0,4.568029559262737e+25,0,122.30498748150355,3.5187507210275436e+27,0.3257421098933178,30433.43302920663,0.9929740602891897,6.653439099658437,0.02662750007584691,-1
94,10,latency_greedy,-21620082.596944652,21620082.596944652,1,7.217789882026092,1665393778.8154838,0.060702447784738385,1798.5804810862296,0.9531202278342159,0.39453244855092773,6.780005060136318e-05,-1
94,10,block_balanced,-22811666636.503345,22811666636.503345,1,11.654500848133173,1757181458241.214,0.08443534576017114,2902.5390237336774,0.7562945078536346,0.6356200821945626,7.189996540546417e-05,-1
94,10,pdp_aware_greedy,-3452.695222458509,3452.695222458509,1,3.3305425110613536,265966.0847483065,0.030898431570986946,831.3960740688794,0.9531202278342159,0.18225382881862923,0.00162540003657341,-1
94,10,local_search,-100.0,4.568029559262737e+25,0,122.30498748150355,3.5187507210275436e+27,0.3257421098933178,30433.43302920663,0.9929740602891897,6.653439099658437,0.018229200039058924,-1
94,10,beam_search,-47.13703941270773,47.13703941270773,1,2.9022677427042862,3639.41944510067,0.016267650254032213,724.8388696343757,0.9531202278342159,0.15893117041772717,0.07035860000178218,-1
94,10,simulated_annealing,-100.0,4.568029559262737e+25,0,122.30498748150355,3.5187507210275436e+27,0.3257421098933178,30433.43302920663,0.9929740602891897,6.653439099658437,0.012622399954125285,-1
94,10,block_beam_strong,-106.2001039569122,106.2001039569122,1,2.897039639520892,8189.084413200032,0.019032445141962936,723.5380674484829,0.9531202278342159,0.15864687386157034,0.31421910016797483,-1
94,10,block_lns_strong,-47.13703941270773,47.13703941270773,1,2.9022677427042862,3639.41944510067,0.016267650254032213,724.8388696343757,0.9531202278342159,0.15893117041772717,0.08456670003943145,-1
94,10,hybrid_heuristic,-47.13703941270773,47.13703941270773,1,2.9022677427042862,3639.41944510067,0.016267650254032213,724.8388696343757,0.9531202278342159,0.15893117041772717,0.01673200004734099,-1
94,11,autoreg_rl_pure,-0.20429223101026125,0.20429223101026125,1,2.0421610991338266,30.81784216393628,6.487204852434085e-07,541.2287597574349,0.924939938558589,0.11550067267605373,0.17015779996290803,256
94,11,random,-100.0,5.3167638297448e+16,0,60.719149762325536,4.0955003282568806e+18,0.13442013562807087,16010.532946427878,0.9426396846023403,3.4075916228998424,0.033246400067582726,-1
94,11,latency_greedy,-2775.671528382088,2775.671528382088,1,3.271763232675167,213815.43865866508,0.03015435219355407,865.3755089128163,0.9598505887275428,0.18506937200405993,8.919998072087765e-05,-1
94,11,block_balanced,-2956198.951177193,2956198.951177193,1,6.271612912540305,227715829.25813028,0.05391907788155206,1656.2816389246518,0.673314060430243,0.35301489094456245,0.00018989993259310722,-1
94,11,pdp_aware_greedy,-0.21196631482739658,0.21196631482739658,1,2.1186681436564427,30.819643075159362,8.479397234870203e-07,561.3860766042365,0.9598505887275428,0.12008082506863282,0.00199740007519722,-1
94,11,local_search,-0.21196631482739658,0.21196631482739658,1,2.1186681436564427,30.819643075159362,8.479397234870203e-07,561.3860766042365,0.9598505887275428,0.12008082506863282,0.016377000138163567,-1
94,11,beam_search,-0.20429223101026125,0.20429223101026125,1,2.0421610991338266,30.81784216393628,6.487204852434085e-07,541.2287597574349,0.924939938558589,0.11550067267605373,0.06905169994570315,-1
94,11,simulated_annealing,-0.21196631482739658,0.21196631482739658,1,2.1186681436564427,30.819643075159362,8.479397234870203e-07,561.3860766042365,0.9598505887275428,0.12008082506863282,0.00922180013731122,-1
94,11,block_beam_strong,-0.20785126091605408,0.20785126091605408,1,2.0775379055643173,30.819486696501105,8.306413660845665e-07,550.5617718309142,0.9598505887275428,0.11774407902065175,0.4932051000650972,-1
94,11,block_lns_strong,-0.20429223101026125,0.20429223101026125,1,2.0421610991338266,30.81784216393628,6.487204852434085e-07,541.2287597574349,0.924939938558589,0.11550067267605373,0.09274260001257062,-1
94,11,hybrid_heuristic,-0.20429223101026125,0.20429223101026125,1,2.0421610991338266,30.81784216393628,6.487204852434085e-07,541.2287597574349,0.924939938558589,0.11550067267605373,0.014900399837642908,-1
94,12,autoreg_rl_pure,-0.2745542848748612,0.2745542848748612,1,2.0182321765397235,36.41444876954984,0.0005695499949573007,418.89831973965323,0.9003731632192127,0.09769176227998307,0.12622909992933273,256
94,12,random,-100.0,6.548568152432097e+21,0,58.67201535365862,5.044358537773444e+23,0.174380545120638,12100.720698033088,0.9577729196090502,2.8051509741147274,0.028514500008895993,-1
94,12,latency_greedy,-74.11167957761988,74.11167957761988,1,2.744371976550264,5718.490801398363,0.01780820709244836,568.593428094321,0.9616544491957064,0.13299747441839058,7.040007039904594e-05,-1
94,12,block_balanced,-255.94868191847473,255.94868191847473,1,4.619331914674073,19710.94253886291,0.022027000124290295,955.2645505855157,0.7183296897067877,0.2223652473830379,7.409998215734959e-05,-1
94,12,pdp_aware_greedy,-5.960546477169539,5.960546477169539,1,2.3895097141142876,471.54617368986237,0.009300714659845435,495.4634995927589,0.9616544491957064,0.1156425646881156,0.0005413999315351248,-1
94,12,local_search,-5.960546477169539,5.960546477169539,1,2.3895097141142876,471.54617368986237,0.009300714659845435,495.4634995927589,0.9616544491957064,0.1156425646881156,0.014379900181666017,-1
94,12,beam_search,-5.960546477169539,5.960546477169539,1,2.3895097141142876,471.54617368986237,0.009300714659845435,495.4634995927589,0.9616544491957064,0.1156425646881156,0.06272199982777238,-1
94,12,simulated_annealing,-5.960546477169539,5.960546477169539,1,2.3895097141142876,471.54617368986237,0.009300714659845435,495.4634995927589,0.9616544491957064,0.1156425646881156,0.0080698998644948,-1
94,12,block_beam_strong,-0.2814022601768812,0.2814022601768812,1,2.086711801107185,36.4144497590206,0.0005695500875940065,433.0282165460938,0.9415208374764737,0.10086599484760006,0.37046070001088083,-1
94,12,block_lns_strong,-0.2745542848748612,0.2745542848748612,1,2.0182321765397235,36.41444876954984,0.0005695499949573007,418.89831973965323,0.9003731632192127,0.09769176227998307,0.08411210007034242,-1
94,12,hybrid_heuristic,-0.2745542848748612,0.2745542848748612,1,2.0182321765397235,36.41444876954984,0.0005695499949573007,418.89831973965323,0.9003731632192127,0.09769176227998307,0.01599220000207424,-1
94,13,autoreg_rl_pure,-2.5828579867537416,2.5828579867537416,1,5.227508770090056,189.50191880142745,0.006192816929424678,1323.5115592338848,0.9238963871938887,0.3806875435364087,1.182565800147131,141
94,13,random,-100.0,137995291.05534,0,37.34553894359721,10629769616.55845,0.06702175087063196,9438.067514103683,0.9753266900487932,2.713649187106176,0.033907700097188354,-1
94,13,latency_greedy,-128.7527803082372,128.7527803082372,1,4.844271959670769,9911.316343589939,0.019683178541543753,1226.6823582753448,0.9753266900487932,0.35283043736615316,7.279985584318638e-05,-1
94,13,block_balanced,-95.35036677993371,95.35036677993371,1,4.578291120446324,7340.379068859329,0.018659437863520357,1159.490398935503,0.8359943057561084,0.3334035837540883,7.320009171962738e-05,-1
94,13,pdp_aware_greedy,-127529576.3690371,127529576.3690371,1,5.800970440526681,9823596418.224483,0.06675286220308274,1468.3903838162425,0.9753266900487932,0.4232528812040306,0.0006188999395817518,-1
94,13,local_search,-86.55488659713652,86.55488659713652,1,5.859584265349602,6652.99390759044,0.01832423223168394,1483.2074243047628,0.9753266900487932,0.4265728273823715,0.022584000136703253,-1
94,13,beam_search,-19.568354408502646,19.568354408502646,1,4.007804587122116,1507.289172526667,0.013262391895560572,1015.3525898862779,0.9753266900487932,0.29090750895768663,0.0625150001142174,-1
94,13,simulated_annealing,-86.55488659713652,86.55488659713652,1,5.859584265349602,6652.99390759044,0.01832423223168394,1483.2074243047628,0.9753266900487932,0.4265728273823715,0.010284899966791272,-1
94,13,block_beam_strong,-3.1836746157911,3.1836746157911,1,4.077256064014129,244.64318196181586,0.0070635348798558616,1032.9033709472294,0.956641177296489,0.29698765262882076,0.44465600000694394,-1
94,13,block_lns_strong,-3.1836746157911,3.1836746157911,1,4.077256064014129,244.64318196181586,0.0070635348798558616,1032.9033709472294,0.956641177296489,0.29698765262882076,0.09299260005354881,-1
94,13,hybrid_heuristic,-2.2850495469899714,2.2850495469899714,1,5.448261774500505,164.8612914392799,0.005717931942205224,1379.2843994702228,0.9753266900487932,0.3964891466946984,0.02498900005593896,-1
94,14,autoreg_rl_pure,-0.5748887325771743,0.5748887325771743,1,1.6841090313735725,62.122943974383865,0.0023905792163615228,427.09215922400716,0.986708111721298,0.09156700548992054,0.08931780001148582,256
94,14,random,-100.0,617783349019224.5,0,74.43246399113491,4.758781826164516e+16,0.11923187079532584,18752.434083910466,0.8751318607924963,4.061795556495071,0.028392900014296174,-1
94,14,latency_greedy,-3948762695.6673017,3948762695.6673017,1,5.540850233886893,304172978780.95056,0.07845603343360923,1398.5644938083092,0.9692763684621216,0.30126259899654034,0.00016280007548630238,-1
94,14,block_balanced,-5962485.857265584,5962485.857265584,1,8.12882614530943,459289934.19046485,0.05631092302871881,2050.5242380500654,0.6784934579234851,0.4426454509188531,0.00013209995813667774,-1
94,14,pdp_aware_greedy,-1.0640633883165047,1.0640633883165047,1,2.4165367440497096,94.16215474121199,0.003808480171712983,611.5580245893889,0.986708111721298,0.13138996893124005,0.0005445999559015036,-1
94,14,local_search,-1.0640633883165047,1.0640633883165047,1,2.4165367440497096,94.16215474121199,0.003808480171712983,611.5580245893889,0.986708111721298,0.13138996893124005,0.015997400041669607,-1
94,14,beam_search,-0.5748887325771743,0.5748887325771743,1,1.6841090313735725,62.122943974383865,0.0023905792163615228,427.09215922400716,0.986708111721298,0.09156700548992054,0.07314619980752468,-1
94,14,simulated_annealing,-1.0640633883165047,1.0640633883165047,1,2.4165367440497096,94.16215474121199,0.003808480171712983,611.5580245893889,0.986708111721298,0.13138996893124005,0.00838900008238852,-1
94,14,block_beam_strong,-0.6435496144307788,0.6435496144307788,1,2.370717849915507,62.122943974338504,0.002390579216359034,600.028796910944,0.84042748602453,0.1288987413132118,0.5402836001012474,-1
94,14,block_lns_strong,-0.5748887325771743,0.5748887325771743,1,1.6841090313735725,62.122943974383865,0.0023905792163615228,427.09215922400716,0.986708111721298,0.09156700548992054,0.05770720005966723,-1
94,14,hybrid_heuristic,-0.5748887325771743,0.5748887325771743,1,1.6841090313735725,62.122943974383865,0.0023905792163615228,427.09215922400716,0.986708111721298,0.09156700548992054,0.014698900049552321,-1
94,15,autoreg_rl_pure,-0.4836848932344384,0.4836848932344384,1,2.542986710469294,48.481586959882456,0.0015453290453714499,573.2409017040068,0.9862895926991598,0.10673240980262855,0.0986583000048995,256
94,15,random,-100.0,8.159721206101648e+16,0,85.9197304113347,6.285428871433992e+18,0.135880454768804,19277.51545262064,0.8058589106105787,3.5973020910126445,0.029631400015205145,-1
94,15,latency_greedy,-7265943.482586983,7265943.482586983,1,7.081148392317557,559695213.2736514,0.05698496052339034,1591.295822932656,0.9862895926991598,0.2980099107650065,0.00015409989282488823,-1
94,15,block_balanced,-23935879.351623036,23935879.351623036,1,10.149932959416528,1843779456.1149304,0.06104935518362976,2279.7788171697002,0.6907362090947817,0.42632450074935685,9.66999214142561e-05,-1
94,15,pdp_aware_greedy,-28974.221339415453,28974.221339415453,1,3.7575164369891416,2231884.584600977,0.03815061716513821,845.760880325183,0.9998850618870363,0.15766177601119,0.0007275999523699284,-1
94,15,local_search,-100.0,8.159721206101648e+16,0,85.9197304113347,6.285428871433992e+18,0.135880454768804,19277.51545262064,0.8058589106105787,3.5973020910126445,0.019156400114297867,-1
94,15,beam_search,-0.4836848932344384,0.4836848932344384,1,2.542986710469294,48.481586959882456,0.0015453290453714499,573.2409017040068,0.9862895926991598,0.10673240980262855,0.06995100015774369,-1
94,15,simulated_annealing,-100.0,8.159721206101648e+16,0,85.9197304113347,6.285428871433992e+18,0.135880454768804,19277.51545262064,0.8058589106105787,3.5973020910126445,0.012982300017029047,-1
94,15,block_beam_strong,-0.47811524562309715,0.47811524562309715,1,2.424800432027932,48.96294557226812,0.0015790111084296634,546.7260426043177,0.9209816121263756,0.10187710155110542,0.5043874001130462,-1
94,15,block_lns_strong,-0.47811524562309715,0.47811524562309715,1,2.424800432027932,48.96294557226812,0.0015790111084296634,546.7260426043177,0.9209816121263756,0.10187710155110542,0.08460390008985996,-1
94,15,hybrid_heuristic,-0.47811524562309715,0.47811524562309715,1,2.424800432027932,48.96294557226812,0.0015790111084296634,546.7260426043177,0.9209816121263756,0.10187710155110542,0.016740000108256936,-1
94,16,autoreg_rl_pure,-0.6516597763777514,0.6516597763777514,1,2.5326879468264645,61.50001452606528,0.0023562212628940905,750.6164931933821,0.9572685148986694,0.152308361923425,0.09393199998885393,256
94,16,random,-100.0,3.017310833959722e+23,0,74.82365694355212,2.324232918114821e+25,0.1874388112125275,22094.546855216737,0.9571847428698037,4.476845375341918,0.028687699930742383,-1
94,16,latency_greedy,-216.9582813262199,216.9582813262199,1,3.0352632569417364,16719.71614351429,0.021465894068473625,898.95178154914,0.9571847428698037,0.18264428836562374,9.689992293715477e-05,-1
94,16,block_balanced,-7891.271581639376,7891.271581639376,1,5.1949356589310876,607855.0223770457,0.03371637497239166,1536.6408904675022,0.6819317655442906,0.3116180536592743,0.0001697998959571123,-1
94,16,pdp_aware_greedy,-0.6620982704663423,0.6620982704663423,1,2.530811134252981,62.318548243397956,0.0024012968117715044,750.0576741670995,0.9572685148986694,0.15229127617396299,0.0008738001342862844,-1
94,16,local_search,-0.6620982704663423,0.6620982704663423,1,2.530811134252981,62.318548243397956,0.0024012968117715044,750.0576741670995,0.9572685148986694,0.15229127617396299,0.014497699914500117,-1
94,16,beam_search,-0.7924724061331967,0.7924724061331967,1,2.324736454796437,73.9486530770268,0.0029846532846542315,689.1777692933296,0.9571847428698037,0.13929289125986746,0.06670120009221137,-1
94,16,simulated_annealing,-0.6620982704663423,0.6620982704663423,1,2.530811134252981,62.318548243397956,0.0024012968117715044,750.0576741670995,0.9572685148986694,0.15229127617396299,0.00941969989798963,-1
94,16,block_beam_strong,-0.41629939218679773,0.41629939218679773,1,3.2793078969216376,37.619007273511556,0.0006804986607541607,971.0812719623755,0.9006387037990804,0.19557435218809072,0.46095890016295016,-1
94,16,block_lns_strong,-0.41629939218679773,0.41629939218679773,1,3.2793078969216376,37.619007273511556,0.0006804986607541607,971.0812719623755,0.9006387037990804,0.19557435218809072,0.09395230002701283,-1
94,16,hybrid_heuristic,-0.41629939218679773,0.41629939218679773,1,3.2793078969216376,37.619007273511556,0.0006804986607541607,971.0812719623755,0.9006387037990804,0.19557435218809072,0.01562800002284348,-1
94,17,autoreg_rl_pure,-0.5701386926531309,0.5701386926531309,1,2.7250474979493164,53.7387052250549,0.0018963053925929187,756.2441770513761,0.9652841493699671,0.16301699567742745,0.14159390004351735,256
94,17,random,-100.0,1.6594364035661605e+25,0,92.39312669806381,1.2782629722059408e+27,0.20110048204580525,25546.712603724525,0.9261675666234619,5.500571293589587,0.03328640013933182,-1
94,17,latency_greedy,-26.300406034051996,26.300406034051996,1,3.07144311711836,2033.0715357880078,0.014282546936150893,851.9953636424115,0.9652841493699671,0.18363606611075584,0.00010349997319281101,-1
94,17,block_balanced,-1259.2306777287724,1259.2306777287724,1,5.389967847777754,96987.76469556204,0.02745927413449722,1493.0430815597542,0.6860522915268983,0.32115896751180867,8.130003698170185e-05,-1
94,17,pdp_aware_greedy,-1229.647109492174,1229.647109492174,1,2.9691039753107997,94727.59192141549,0.027378886594103823,823.7390036080457,0.9800747021812832,0.17642751276316007,0.0012347998563200235,-1
94,17,local_search,-10.717717125530841,10.717717125530841,1,3.069726058402207,832.7510708938034,0.011239593446341867,851.5209028196354,0.9464380230721972,0.1835338741728159,0.024820700054988265,-1
94,17,beam_search,-0.7617850919324938,0.7617850919324938,1,4.064948881372283,58.179963914650536,0.0021670223976444727,1126.7020864366016,0.9464380230721972,0.24264311461421706,0.07827559998258948,-1
94,17,simulated_annealing,-10.717717125530841,10.717717125530841,1,3.069726058402207,832.7510708938034,0.011239593446341867,851.5209028196354,0.9464380230721972,0.1835338741728159,0.009044399950653315,-1
94,17,block_beam_strong,-9.996982753950638,9.996982753950638,1,4.607261677169997,765.3893122523317,0.010952025970780599,1276.6615889511356,0.932090170226121,0.27496054582091023,0.3611991999205202,-1
94,17,block_lns_strong,-0.7617850919324938,0.7617850919324938,1,4.064948881372283,58.179963914650536,0.0021670223976444727,1126.7020864366016,0.9464380230721972,0.24264311461421706,0.09422590001486242,-1
94,17,hybrid_heuristic,-0.7617850919324938,0.7617850919324938,1,4.064948881372283,58.179963914650536,0.0021670223976444727,1126.7020864366016,0.9464380230721972,0.24264311461421706,0.025341899832710624,-1
94,18,autoreg_rl_pure,-8.095113755227697,8.095113755227697,1,2.8583963940600645,632.3599451230889,0.010301119475859957,767.9321007524701,0.9814669946245309,0.13203623558615452,0.10880400007590652,256
94,18,random,-100.0,5.30112414496558e+20,0,65.40062538298017,4.083453087454349e+22,0.16581008647555828,17507.59120184151,0.9554898576467368,3.0054782875855186,0.03204760001972318,-1
94,18,latency_greedy,-802802.8082302646,802802.8082302646,1,4.384370428020512,61839854.326790534,0.049474999328089464,1176.3098013912022,0.9554898576467368,0.2004406229361088,7.039983756840229e-05,-1
94,18,block_balanced,-1760923.8452857374,1760923.8452857374,1,6.1076751012104475,135643853.18109688,0.05215288235721472,1637.5856936527325,0.817889162187109,0.2798717680744118,7.289997301995754e-05,-1
94,18,pdp_aware_greedy,-60843018.03660402,60843018.03660402,1,6.778619463248213,4686734396.758563,0.0642298713440751,1817.1696519194381,0.9814669946245309,0.3115448426399345,0.0004952000454068184,-1
94,18,local_search,-100.0,5.30112414496558e+20,0,65.40062538298017,4.083453087454349e+22,0.16581008647555828,17507.59120184151,0.9554898576467368,3.0054782875855186,0.02036460000090301,-1
94,18,beam_search,-18.9205311197564,18.9205311197564,1,4.11401339881448,1456.5692534108105,0.01314569820399462,1103.9927717217568,0.9745695724081489,0.1900602541400184,0.07229409995488822,-1
94,18,simulated_annealing,-100.0,5.30112414496558e+20,0,65.40062538298017,4.083453087454349e+22,0.16581008647555828,17507.59120184151,0.9554898576467368,3.0054782875855186,0.013845000183209777,-1
94,18,block_beam_strong,-9.16210899806364,9.16210899806364,1,2.9123034119458233,714.135286017762,0.0107157260918312,782.3499518077169,0.9745695724081489,0.134425064922416,0.38129550009034574,-1
94,18,block_lns_strong,-9.16210899806364,9.16210899806364,1,2.9123034119458233,714.135286017762,0.0107157260918312,782.3499518077169,0.9745695724081489,0.134425064922416,0.07936879992485046,-1
94,18,hybrid_heuristic,-9.16210899806364,9.16210899806364,1,2.9123034119458233,714.135286017762,0.0107157260918312,782.3499518077169,0.9745695724081489,0.134425064922416,0.01681060018017888,-1
94,19,autoreg_rl_pure,-313.92321409925626,313.92321409925626,1,3.3196015309366977,24186.729461481893,0.022724627569626444,784.1769498608808,0.9603174030817623,0.1392677190325966,0.0940815000794828,256
94,19,random,-100.0,4.568029559262737e+25,0,117.36846952063658,3.5187507210275436e+27,0.3493526620162171,27630.86784745522,0.8886702960253071,4.91465349926862,0.027634800178930163,-1
94,19,latency_greedy,-339806.39742918214,339806.39742918214,1,4.7003316187855395,26175263.18563158,0.04654398728348073,1109.188992508908,0.9894433186258483,0.1978656832540435,6.689992733299732e-05,-1
94,19,block_balanced,-49884556.68984647,49884556.68984647,1,7.42749236325915,3842604701.5951796,0.06355285110714282,1751.2160960399187,0.7207695616243045,0.31172727952662516,7.150019519031048e-05,-1
94,19,pdp_aware_greedy,-41373779.61615188,41373779.61615188,1,4.178361840122491,3187020024.815792,0.06291511002445582,986.3431529276319,0.9894433186258483,0.17590271122447476,0.0007416000589728355,-1
94,19,local_search,-100.0,4.568029559262737e+25,0,117.36846952063658,3.5187507210275436e+27,0.3493526620162171,27630.86784745522,0.8886702960253071,4.91465349926862,0.0175675000064075,-1
94,19,beam_search,-1613.352407823571,1613.352407823571,1,5.235112540683456,124266.93543337271,0.028304237284800065,1235.1651628713812,0.8886702960253071,0.2194575251087567,0.07434819987975061,-1
94,19,simulated_annealing,-100.0,4.568029559262737e+25,0,117.36846952063658,3.5187507210275436e+27,0.3493526620162171,27630.86784745522,0.8886702960253071,4.91465349926862,0.01208069990389049,-1
94,19,block_beam_strong,-444.8027125576345,444.8027125576345,1,3.3125336806292083,34268.42465617777,0.023912465742700634,782.507351206252,0.9894433186258483,0.13905728376462953,0.5018790999893099,-1
94,19,block_lns_strong,-100.0,11728540910.69707,0,5.613686193820337,903448877686.5387,0.08216737890745412,1324.2797598215498,2.731677784194091,0.2343667017487733,0.06424329988658428,-1
94,19,hybrid_heuristic,-100.0,4.568029559262737e+25,0,117.36846952063658,3.5187507210275436e+27,0.3493526620162171,27630.86784745522,0.8886702960253071,4.91465349926862,0.017439199844375253,-1
94,20,autoreg_rl_pure,-0.2480938596529127,0.2480938596529127,1,2.2862595402270394,32.31159028713536,0.0001620141281747812,594.202248741253,0.938802485427451,0.1278358406977183,0.09152249991893768,256
94,20,random,-100.0,116417008.45103346,0,52.432180674240904,8967595547.936457,0.06644204544130365,13563.866402439522,0.9195230209357855,2.9256342442653724,0.02774429996497929,-1
94,20,latency_greedy,-4.250941184249009,4.250941184249009,1,2.9625104076151034,335.44154834062107,0.008139642014844458,768.9967928925878,0.938802485427451,0.16461461509083833,6.67001586407423e-05,-1
94,20,block_balanced,-5.095726758349181,5.095726758349181,1,4.459725352647535,388.9822971364054,0.008644498833999316,1156.3114052626297,0.6705732038767507,0.24847351277222984,0.00012349989265203476,-1
94,20,pdp_aware_greedy,-0.28684723945118834,0.28684723945118834,1,1.8993136692861872,38.27740302562814,0.000739649452393952,494.15131614443396,0.9684419579358999,0.10693781302345082,0.0005926999729126692,-1
94,20,local_search,-0.28684723945118834,0.28684723945118834,1,1.8993136692861872,38.27740302562814,0.000739649452393952,494.15131614443396,0.9684419579358999,0.10693781302345082,0.015391800086945295,-1
94,20,beam_search,-0.28684723945118834,0.28684723945118834,1,1.8993136692861872,38.27740302562814,0.000739649452393952,494.15131614443396,0.9684419579358999,0.10693781302345082,0.06889400002546608,-1
94,20,simulated_annealing,-0.28684723945118834,0.28684723945118834,1,1.8993136692861872,38.27740302562814,0.000739649452393952,494.15131614443396,0.9684419579358999,0.10693781302345082,0.008018499938771129,-1
94,20,block_beam_strong,-0.25108801135094694,0.25108801135094694,1,2.3161645266181345,32.31187168206853,0.00016204381815683883,601.9327663553286,0.938802485427451,0.129364584279151,0.5270899999886751,-1
94,20,block_lns_strong,-0.2480938596529127,0.2480938596529127,1,2.2862595402270394,32.31159028713536,0.0001620141281747812,594.202248741253,0.938802485427451,0.1278358406977183,0.08213059999980032,-1
94,20,hybrid_heuristic,-0.2480938596529127,0.2480938596529127,1,2.2862595402270394,32.31159028713536,0.0001620141281747812,594.202248741253,0.938802485427451,0.1278358406977183,0.01614009984768927,-1
94,21,autoreg_rl_pure,-0.6191584625115862,0.6191584625115862,1,2.5754193621255475,58.66728019802355,0.0021954590749315526,740.3106944463044,0.9186868598529632,0.1954219809361289,0.12419790006242692,255
94,21,random,-100.0,1.2680926994947495e+25,0,86.19304708396218,9.768111267207036e+26,0.20018352677337334,24683.168045550272,0.9164075545268681,6.526692031195367,0.02967540011741221,-1
94,21,latency_greedy,-247557.8288693115,247557.8288693115,1,5.233062276508895,19069356.79038419,0.04546418063805355,1501.209799865911,0.9900374194038345,0.39561350331528394,6.969994865357876e-05,-1
94,21,block_balanced,-407683007.92988014,407683007.92988014,1,9.445546365785843,31403800207.004787,0.07071484825241368,2707.466614608085,0.7235754985249949,0.7153302787427173,0.00020810007117688656,-1
94,21,pdp_aware_greedy,-405.38441310164853,405.38441310164853,1,3.4113128802667125,31231.274266266177,0.023596075980918795,979.6267314741004,0.930311355246422,0.2598259754625558,0.000768299913033843,-1
94,21,local_search,-100.0,1.2680926994947495e+25,0,86.19304708396218,9.768111267207036e+26,0.20018352677337334,24683.168045550272,0.9164075545268681,6.526692031195367,0.018980500055477023,-1
94,21,beam_search,-0.6090964630529778,0.6090964630529778,1,2.5326874433632596,58.22136866023403,0.002169447756850348,728.0671779262773,0.8269434268857084,0.19220057270612267,0.07592149986885488,-1
94,21,simulated_annealing,-100.0,1.2680926994947495e+25,0,86.19304708396218,9.768111267207036e+26,0.20018352677337334,24683.168045550272,0.9164075545268681,6.526692031195367,0.01384969986975193,-1
94,21,block_beam_strong,-0.6141167655581732,0.6141167655581732,1,2.5250023925913907,58.66728019802375,0.002195459074931564,725.8782450280855,0.9099956632894383,0.19162122390734226,0.4148546999786049,-1
94,21,block_lns_strong,-0.6090964630529778,0.6090964630529778,1,2.5326874433632596,58.22136866023403,0.002169447756850348,728.0671779262773,0.8269434268857084,0.19220057270612267,0.07894150004722178,-1
94,21,hybrid_heuristic,-0.6090964630529778,0.6090964630529778,1,2.5326874433632596,58.22136866023403,0.002169447756850348,728.0671779262773,0.8269434268857084,0.19220057270612267,0.015014699893072248,-1
94,22,autoreg_rl_pure,-0.778764771536681,0.778764771536681,1,2.4705609050474453,71.76946976012734,0.0028826776401933494,725.5531108855673,0.9408649170160406,0.18080694682098258,0.11666810000315309,256
94,22,random,-100.0,1761286034653103.0,0,68.91721953825284,1.3567176884406114e+17,0.12280357061248962,20164.49903755218,0.9025566248009936,5.017946386677989,0.027128600049763918,-1
94,22,latency_greedy,-1900.228564524773,1900.228564524773,1,4.46989354486294,146370.88488527288,0.02886236519411303,1310.4308729555896,0.9408649170160406,0.3260787452951115,6.860005669295788e-05,-1
94,22,block_balanced,-1109002.6237488887,1109002.6237488887,1,7.496771607937203,85426385.72901212,0.05057653918062687,2196.001482989385,0.7131143275444295,0.5454566574901895,7.580011151731014e-05,-1
94,22,pdp_aware_greedy,-0.8988397950848396,0.8988397950848396,1,2.651793815623523,79.62280624924219,0.0032366948505201465,778.561724109461,0.9408649170160406,0.19402896070079265,0.0006403999868780375,-1
94,22,local_search,-0.8988397950848396,0.8988397950848396,1,2.651793815623523,79.62280624924219,0.0032366948505201465,778.561724109461,0.9408649170160406,0.19402896070079265,0.014577999943867326,-1
94,22,beam_search,-1.3532649367871732,1.3532649367871732,1,5.626952054117772,91.70952259308243,0.003718503838974269,1648.9973966171765,0.9408649170160406,0.41090952498570466,0.07019090000540018,-1
94,22,simulated_annealing,-0.8988397950848396,0.8988397950848396,1,2.651793815623523,79.62280624924219,0.0032366948505201465,778.561724109461,0.9408649170160406,0.19402896070079265,0.008008900098502636,-1
94,22,block_beam_strong,-0.8956367463365963,0.8956367463365963,1,2.6174839878947798,79.6403639949422,0.0032374465379398512,768.5401835791941,0.9168612782714093,0.19153075085971824,0.46180010004900396,-1
94,22,block_lns_strong,-0.7729030959820986,0.7729030959820986,1,2.4404560451487862,71.54984278078153,0.002872228869600733,716.7538413951236,0.9168612782714093,0.17861716872124536,0.08804819989018142,-1
94,22,hybrid_heuristic,-0.7729030959820986,0.7729030959820986,1,2.4404560451487862,71.54984278078153,0.002872228869600733,716.7538413951236,0.9168612782714093,0.17861716872124536,0.015285999979823828,-1
94,23,autoreg_rl_pure,-19.917976896463358,19.917976896463358,1,4.722898894893172,1528.7122064146072,0.013310505744526016,1070.9614506575717,0.9690171294803789,0.2685022577059318,0.09141870005987585,256
94,23,random,-100.0,4.568029559262737e+25,0,75.76781967904081,3.5187507210275436e+27,0.24232165367280506,17138.412135080933,0.9913110644361955,4.331692628010189,0.026615899987518787,-1
94,23,latency_greedy,-102674.00543873274,102674.00543873274,1,3.988254286329441,7908973.226076507,0.042463786079899785,904.742008332168,0.9913110644361955,0.22868269542131942,6.749993190169334e-05,-1
94,23,block_balanced,-314309.7013885586,314309.7013885586,1,6.0500585569390735,24211243.659310747,0.046278076757966274,1371.0889447257307,0.7344889858016589,0.34569200281438817,7.750000804662704e-05,-1
94,23,pdp_aware_greedy,-29.57835444159615,29.57835444159615,1,3.171488576552968,2284.801076284696,0.014680508378321125,720.0948670339276,0.9690171294803789,0.18042041181084198,0.0009022001177072525,-1
94,23,local_search,-29.546931001865953,29.546931001865953,1,3.1530715712735633,2282.522396499533,0.014677106604404943,715.9213377427471,0.9629820448316443,0.17949413826753927,0.020846999948844314,-1
94,23,beam_search,-28.588414392971238,28.588414392971238,1,4.528130654342071,2198.095840746512,0.014548614507129121,1026.8709932406844,0.9629820448316443,0.2580410157529182,0.07074349978938699,-1
94,23,simulated_annealing,-29.546931001865953,29.546931001865953,1,3.1530715712735633,2282.522396499533,0.014677106604404943,715.9213377427471,0.9629820448316443,0.17949413826753927,0.008544899988919497,-1
94,23,block_beam_strong,-20.912274688425452,20.912274688425452,1,3.123099776005546,1617.626156072734,0.01350324226225679,709.1661489472574,0.9245464781631277,0.1773150467887934,0.4925186999607831,-1
94,23,block_lns_strong,-20.912274688425452,20.912274688425452,1,3.123099776005546,1617.626156072734,0.01350324226225679,709.1661489472574,0.9245464781631277,0.1773150467887934,0.09306400013156235,-1
94,23,hybrid_heuristic,-20.912274688425452,20.912274688425452,1,3.123099776005546,1617.626156072734,0.01350324226225679,709.1661489472574,0.9245464781631277,0.1773150467887934,0.015407100087031722,-1
94,24,autoreg_rl_pure,-13.661852285234382,13.661852285234382,1,2.833288648543017,1061.3589205403982,0.012066567826175862,645.276857190081,0.9353756541152548,0.1279272688031156,0.08982099988497794,256
94,24,random,-100.0,4.568029559262737e+25,0,97.73941104847168,3.5187507210275436e+27,0.24724453454317646,22167.3743437526,0.9378508567888524,4.427136947297404,0.028018700191751122,-1
94,24,latency_greedy,-113151.58446920483,113151.58446920483,1,3.0918227135089618,8716067.482401142,0.04279505977521754,703.8799708149925,0.9353756541152548,0.1413377578037075,6.780005060136318e-05,-1
94,24,block_balanced,-802.7524584412776,802.7524584412776,1,4.313864844870157,61833.561146829255,0.025924656800185564,981.0301298678346,0.7455110654797221,0.1964352292054768,7.750000804662704e-05,-1
94,24,pdp_aware_greedy,-688.5531819783084,688.5531819783084,1,2.7781212352739297,53048.62682678281,0.025402238513669316,632.7480386383689,0.9353756541152548,0.12712270818997862,0.0007995001506060362,-1
94,24,local_search,-100.0,4.568029559262737e+25,0,97.73941104847168,3.5187507210275436e+27,0.24724453454317646,22167.3743437526,0.9378508567888524,4.427136947297404,0.018702599918469787,-1
94,24,beam_search,-19.59641046093118,19.59641046093118,1,4.0940151489978795,1508.7862492453887,0.01326577632743638,931.1641848048346,0.9314854230551074,0.18659969990075154,0.07768069999292493,-1
94,24,simulated_annealing,-100.0,4.568029559262737e+25,0,97.73941104847168,3.5187507210275436e+27,0.24724453454317646,22167.3743437526,0.9378508567888524,4.427136947297404,0.013040199875831604,-1
94,24,block_beam_strong,-18.841015392434727,18.841015392434727,1,3.946782071452312,1451.7323432155877,0.013134358208948996,897.7787603750053,0.8184536973508479,0.1798169468362163,0.3212983999401331,-1
94,24,block_lns_strong,-18.830973911604325,18.830973911604325,1,3.8463672631482764,1451.7323432155877,0.013134358208948996,875.0044684361542,0.8279870427156509,0.17503970572370928,0.08235549996607006,-1
94,24,hybrid_heuristic,-18.823166214890666,18.823166214890666,1,3.7791321639966986,1451.6488283646117,0.013134162079171105,859.7539279814218,0.9378508567888524,0.17199606905905532,0.02372169983573258,-1
94,25,autoreg_rl_pure,-10.606719948294167,10.606719948294167,1,2.611913900406462,827.7274888798916,0.01121896505168808,622.3458578712612,0.9972782949129836,0.1202246963496034,0.12528289994224906,255
94,25,random,-100.0,7.01342535484008e+22,0,78.5640973806438,5.402437791623967e+24,0.1824643466448392,18636.06650434278,0.9530073120409107,3.5961026809501973,0.028947100043296814,-1
94,25,latency_greedy,-1537.5003197912179,1537.5003197912179,1,3.301571487835324,118438.94721429319,0.02814047807384857,785.8122273349691,0.9972782949129836,0.15081630276504868,7.129996083676815e-05,-1
94,25,block_balanced,-169476.34997072464,169476.34997072464,1,5.61108527097042,13054741.744099079,0.04417232396716328,1333.6406153873565,0.698705007522217,0.25722731438584234,8.139992132782936e-05,-1
94,25,pdp_aware_greedy,-1499.1959580181915,1499.1959580181915,1,2.743689227221986,115492.66164410129,0.028054597927076815,653.5600243554331,0.9781870105311037,0.12717056639248459,0.0005335002206265926,-1
94,25,local_search,-100.0,7.01342535484008e+22,0,78.5640973806438,5.402437791623967e+24,0.1824643466448392,18636.06650434278,0.9530073120409107,3.5961026809501973,0.01806819997727871,-1
94,25,beam_search,-1499.1959580181915,1499.1959580181915,1,2.743689227221986,115492.66164410129,0.028054597927076815,653.5600243554331,0.9781870105311037,0.12717056639248459,0.07076519983820617,-1
94,25,simulated_annealing,-100.0,7.01342535484008e+22,0,78.5640973806438,5.402437791623967e+24,0.1824643466448392,18636.06650434278,0.9530073120409107,3.5961026809501973,0.013202199945226312,-1
94,25,block_beam_strong,-7.311242785715185,7.311242785715185,1,3.378821678743485,567.9695731787464,0.00993500117754157,804.1793957776381,0.9972782949129836,0.15561132871520963,0.5247857000213116,-1
94,25,block_lns_strong,-7.30303565130839,7.30303565130839,1,3.2953322962629183,567.9804963210379,0.009935066742566494,784.3910583806837,0.9972782949129836,0.15194527483288278,0.09588639996945858,-1
94,25,hybrid_heuristic,-7.30303565130839,7.30303565130839,1,3.2953322962629183,567.9804963210379,0.009935066742566494,784.3910583806837,0.9972782949129836,0.15194527483288278,0.015091300010681152,-1
94,26,autoreg_rl_pure,-11.176272604274171,11.176272604274171,1,4.530149922066406,856.8239376488356,0.01133674809982767,1226.4339436806324,0.9821858916281908,0.26619900501955096,0.2609043000265956,245
94,26,random,-100.0,4.568029559262737e+25,0,159.33747611041673,3.5187507210275436e+27,0.2884346370617196,43034.47464216495,0.9821858916281908,9.329418251146452,0.030813599936664104,-1
94,26,latency_greedy,-75538754.09638105,75538754.09638105,1,11.253252166976436,5818746123.280865,0.06496744987957138,3042.0596037796613,0.977232354350762,0.6566536365571538,8.130003698170185e-05,-1
94,26,block_balanced,-247688388958.60828,247688388958.60828,1,15.830640262667552,19079423325245.65,0.0925659709923544,4278.296681845666,0.747787537872563,0.9245256987216253,0.00015820004045963287,-1
94,26,pdp_aware_greedy,-5789860.057054693,5789860.057054693,1,6.114195913399315,445992593.57168156,0.05621076269246772,1654.1866380629215,0.9410926226889316,0.3587913745720708,0.00090560014359653,-1
94,26,local_search,-100.0,4.568029559262737e+25,0,159.33747611041673,3.5187507210275436e+27,0.2884346370617196,43034.47464216495,0.9821858916281908,9.329418251146452,0.01750830002129078,-1
94,26,beam_search,-42.457762055569404,42.457762055569404,1,4.600107051631295,3265.8965139942484,0.015898467241609305,1245.2830746257857,0.9410926226889316,0.2699058466550054,0.07458200003020465,-1
94,26,simulated_annealing,-100.0,4.568029559262737e+25,0,159.33747611041673,3.5187507210275436e+27,0.2884346370617196,43034.47464216495,0.9821858916281908,9.329418251146452,0.015061300015076995,-1
94,26,block_beam_strong,-15.550623712167203,15.550623712167203,1,3.2560687739913283,1203.5942092783064,0.012495317594592114,882.3082340630297,0.9821858916281908,0.19061583527480555,0.37288159993477166,-1
94,26,block_lns_strong,-15.282533737855065,15.282533737855065,1,3.198157989328372,1183.389339390572,0.01243760097500366,866.681854867572,0.9821858916281908,0.18723660527261982,0.08112540002912283,-1
94,26,hybrid_heuristic,-15.282533737855065,15.282533737855065,1,3.198157989328372,1183.389339390572,0.01243760097500366,866.681854867572,0.9821858916281908,0.18723660527261982,0.01596720004454255,-1
94,27,autoreg_rl_pure,-2.1698468932938035,2.1698468932938035,1,2.5604540928569675,178.23200429294428,0.005983787790245142,665.8951642656784,0.9502020605121769,0.14559443674758582,0.25474150013178587,256
94,27,random,-100.0,4.568029559262737e+25,0,152.42677107554653,3.5187507210275436e+27,0.2754355573910166,39475.06805312517,0.8057857717221264,8.694388330400775,0.028427799930796027,-1
94,27,latency_greedy,-180390.00360304487,180390.00360304487,1,4.493876301816091,13895428.504277494,0.04438508765188037,1166.5413506791174,0.9669429260665516,0.2562420112261203,6.84000551700592e-05,-1
94,27,block_balanced,-66174693.77725804,66174693.77725804,1,7.256462230780878,5097433089.601487,0.06451624864439806,1881.9755573027423,0.6638051580413334,0.4145439297907288,7.6299998909235e-05,-1
94,27,pdp_aware_greedy,-4053.0951015572364,4053.0951015572364,1,3.6730846878124974,312212.2166531821,0.03144497698379724,954.0459745830713,0.9736189450401697,0.21087870160289807,0.0006462999153882265,-1
94,27,local_search,-100.0,4.568029559262737e+25,0,152.42677107554653,3.5187507210275436e+27,0.2754355573910166,39475.06805312517,0.8057857717221264,8.694388330400775,0.018283999990671873,-1
94,27,beam_search,-3.599798119913011,3.599798119913011,1,2.754095054381072,286.8894553450628,0.007606609311068695,716.0543938492278,0.9669429260665516,0.15660539250071362,0.09106260002590716,-1
94,27,simulated_annealing,-100.0,4.568029559262737e+25,0,152.42677107554653,3.5187507210275436e+27,0.2754355573910166,39475.06805312517,0.8057857717221264,8.694388330400775,0.011336799943819642,-1
94,27,block_beam_strong,-2.4361706599816695,2.4361706599816695,1,2.6347935443013317,198.17427336989095,0.00634537115291951,685.1349957850832,0.9237870823531258,0.14982158168697818,0.5057930999901146,-1
94,27,block_lns_strong,-2.1698468932938035,2.1698468932938035,1,2.5604540928569675,178.23200429294428,0.005983787790245142,665.8951642656784,0.9502020605121769,0.14559443674758582,0.08733779983595014,-1
94,27,hybrid_heuristic,-2.1698468932938035,2.1698468932938035,1,2.5604540928569675,178.23200429294428,0.005983787790245142,665.8951642656784,0.9502020605121769,0.14559443674758582,0.0155239999294281,-1
94,28,autoreg_rl_pure,-101.18315427194209,101.18315427194209,1,2.8248369929985255,7803.185224475397,0.018867882232120346,784.1936578384428,0.9920548405365763,0.1734919427002938,0.43882180005311966,243
94,28,random,-100.0,4.568029559262737e+25,0,143.20892244267068,3.5187507210275436e+27,0.3388513854580063,39617.910522423605,0.9535380251468016,8.766128132340969,0.02821539994329214,-1
94,28,latency_greedy,-3325300206.357244,3325300206.357244,1,7.000064112598059,256147696635.8647,0.0778701866626157,1939.1175777306432,0.9920548405365763,0.427472125016979,6.669992581009865e-05,-1
94,28,block_balanced,-786359313301.7454,786359313301.7454,1,10.960643271423466,60573215754570.88,0.09650443603444978,3034.7572205052206,0.7252817285714686,0.671517684688259,7.369997911155224e-05,-1
94,28,pdp_aware_greedy,-1261.9033824241449,1261.9033824241449,1,3.1063646650967187,97211.23357806512,0.027467120240035475,862.0711857047089,0.9920548405365763,0.18978893567000843,0.0006424998864531517,-1
94,28,local_search,-100.0,4.568029559262737e+25,0,143.20892244267068,3.5187507210275436e+27,0.3388513854580063,39617.910522423605,0.9535380251468016,8.766128132340969,0.018084200099110603,-1
94,28,beam_search,-285.7392725578222,285.7392725578222,1,3.0992272203524953,22017.419497343082,0.022404263401196042,860.1007914902855,0.9920548405365763,0.18963139205613047,0.06798839988186955,-1
94,28,simulated_annealing,-100.0,4.568029559262737e+25,0,143.20892244267068,3.5187507210275436e+27,0.3388513854580063,39617.910522423605,0.9535380251468016,8.766128132340969,0.012151300208643079,-1
94,28,block_beam_strong,-167.5886591761731,167.5886591761731,1,2.949394369653307,12917.438243095863,0.02058628206116514,818.6539526576772,0.9535380251468016,0.18076838141030147,0.43585440004244447,-1
94,28,block_lns_strong,-100.0,111826838051.26195,0,4.89012120963835,8614015341142.035,0.08985489861769247,1355.6266896050404,3.031754273266971,0.2997661769955358,0.06902619986794889,-1
94,28,hybrid_heuristic,-100.0,4.568029559262737e+25,0,143.20892244267068,3.5187507210275436e+27,0.3388513854580063,39617.910522423605,0.9535380251468016,8.766128132340969,0.019092299975454807,-1
94,29,autoreg_rl_pure,-49.272269340682826,49.272269340682826,1,3.183757976627024,3801.7277742407473,0.01641639912628737,794.722876397156,0.9937393701387173,0.18127999244920967,0.23698719986714423,252
94,29,random,-100.0,4.568029559262737e+25,0,100.32861788367605,3.5187507210275436e+27,0.2659060952427361,24957.500032224496,0.9731934662994686,5.671608769942019,0.027921299915760756,-1
94,29,latency_greedy,-164785039.94590387,164785039.94590387,1,5.075810290726731,12693382786.236492,0.06762662092816221,1265.2881559063576,0.9937393701387173,0.2885234448347461,8.410005830228329e-05,-1
94,29,block_balanced,-566505191644.8228,566505191644.8228,1,9.121780668144657,43637864547575.08,0.09538646169176813,2271.6951108917106,0.7461682561494752,0.5170868076254559,7.349997758865356e-05,-1
94,29,pdp_aware_greedy,-10734.620502842019,10734.620502842019,1,3.6864768208375676,826889.657023586,0.03476550804481004,919.7636446289064,0.9845485448713287,0.20796513005338438,0.000520800007507205,-1
94,29,local_search,-100.0,4.568029559262737e+25,0,100.32861788367605,3.5187507210275436e+27,0.2659060952427361,24957.500032224496,0.9731934662994686,5.671608769942019,0.018501400016248226,-1
94,29,beam_search,-114.31575338021833,114.31575338021833,1,4.932688730164436,8798.55185924284,0.019277175520688923,1229.7675646348923,0.9731934662994686,0.27826765313783863,0.0772696000058204,-1
94,29,simulated_annealing,-100.0,4.568029559262737e+25,0,100.32861788367605,3.5187507210275436e+27,0.2659060952427361,24957.500032224496,0.9731934662994686,5.671608769942019,0.012309200130403042,-1
94,29,block_beam_strong,-100.73603164848123,100.73603164848123,1,3.3608227394499135,7764.614697424044,0.01885098898626427,838.7600543403192,0.9845485448713287,0.19109177943754135,0.45181869994848967,-1
94,29,block_lns_strong,-100.0,1190790600231.3328,0,8.08462793869696,91726536109185.17,0.0979191185181407,2013.8688630478023,2.595182576798583,0.45607792546009884,0.09357749996706843,-1
94,29,hybrid_heuristic,-100.0,4.568029559262737e+25,0,100.32861788367605,3.5187507210275436e+27,0.2659060952427361,24957.500032224496,0.9731934662994686,5.671608769942019,0.017321400111541152,-1
94,30,autoreg_rl_pure,-0.5379538597419034,0.5379538597419034,1,2.7003536883678882,51.44972555386267,0.0017479079536177474,661.4945704174604,0.957845846557769,0.11034142929823926,0.09021450020372868,256
94,30,random,-100.0,3.8700985881294423e+18,0,88.39387083449313,2.981134868055896e+20,0.14903741895191863,21561.37612059363,0.9617682293030089,3.5930337593725143,0.030902299797162414,-1
94,30,latency_greedy,-100.0,2130105098.8506744,0,30.29696880044515,164081881387.8631,0.07635176279978169,7391.973220696475,0.9617682293030089,1.2265863975368996,0.00020820018835365772,-1
94,30,block_balanced,-100.0,337833240908.57623,0,35.967860347462555,26023276439015.33,0.09362412513256399,8775.119338683793,0.6869773066450063,1.4567305463563511,0.00010150019079446793,-1
94,30,pdp_aware_greedy,-194.8292276113818,194.8292276113818,1,3.5226927389737863,15011.361655294348,0.021098444964615572,862.0575805489511,0.9617682293030089,0.14386204280209655,0.0005816000048071146,-1
94,30,local_search,-100.0,3.8700985881294423e+18,0,88.39387083449313,2.981134868055896e+20,0.14903741895191863,21561.37612059363,0.9617682293030089,3.5930337593725143,0.01833639992401004,-1
94,30,beam_search,-5.741017255451648,5.741017255451648,1,2.824383862845992,451.2860162709947,0.009150996751013255,691.7459352811902,0.9617682293030089,0.11550808453451701,0.06517710001207888,-1
94,30,simulated_annealing,-100.0,3.8700985881294423e+18,0,88.39387083449313,2.981134868055896e+20,0.14903741895191863,21561.37612059363,0.9617682293030089,3.5930337593725143,0.012889399891719222,-1
94,30,block_beam_strong,-0.5446765043530741,0.5446765043530741,1,2.7569304554511644,51.5317599743362,0.0017533394680261066,675.2983491198518,0.957845846557769,0.11276446450888353,0.4594968999736011,-1
94,30,block_lns_strong,-0.5379538597419034,0.5379538597419034,1,2.7003536883678882,51.44972555386267,0.0017479079536177474,661.4945704174604,0.957845846557769,0.11034142929823926,0.08760450012050569,-1
94,30,hybrid_heuristic,-0.5379538597419034,0.5379538597419034,1,2.7003536883678882,51.44972555386267,0.0017479079536177474,661.4945704174604,0.957845846557769,0.11034142929823926,0.015691200038418174,-1
94,31,autoreg_rl_pure,-0.5533943354915083,0.5533943354915083,1,2.7577301883575864,52.19713370136078,0.0017970771478461596,769.0103237555761,0.9666495421975112,0.1638185356428734,0.12442599982023239,256
94,31,random,-100.0,4.568029559262737e+25,0,82.02016402607013,3.5187507210275436e+27,0.2126944566282361,22788.836095160368,0.9666495421975112,4.838520936172215,0.029301099944859743,-1
94,31,latency_greedy,-3028.0173151421527,3028.0173151421527,1,3.5721363581761603,233251.30731443487,0.030450964592354652,995.1564759619332,0.9269504249449831,0.21193247219644107,8.389982394874096e-05,-1
94,31,block_balanced,-80536.20286593134,80536.20286593134,1,5.745052702678721,6203685.947875265,0.041635844371712825,1598.8692194758726,0.8239559332844294,0.33976916408645724,8.330005221068859e-05,-1
94,31,pdp_aware_greedy,-634.9618243001808,634.9618243001808,1,3.4922198821922823,48914.986719293986,0.02512566574354721,973.0637809317248,0.9666495421975112,0.20642537520818993,0.0007261000573635101,-1
94,31,local_search,-100.0,4.568029559262737e+25,0,82.02016402607013,3.5187507210275436e+27,0.2126944566282361,22788.836095160368,0.9666495421975112,4.838520936172215,0.017697100061923265,-1
94,31,beam_search,-0.5462436976722301,0.5462436976722301,1,2.697002468110349,52.11410575698007,0.0017916499312588333,752.1341816086464,0.9666495421975112,0.16006756096494376,0.07314889994449914,-1
94,31,simulated_annealing,-100.0,4.568029559262737e+25,0,82.02016402607013,3.5187507210275436e+27,0.2126944566282361,22788.836095160368,0.9666495421975112,4.838520936172215,0.0127169000916183,-1
94,31,block_beam_strong,-0.5734557833243352,0.5734557833243352,1,2.776721509361944,53.59617590872329,0.0018872512472964337,774.2701966972841,0.9462523877230452,0.16493771858004957,0.28048960003070533,-1
94,31,block_lns_strong,-0.5462436976722301,0.5462436976722301,1,2.697002468110349,52.11410575698007,0.0017916499312588333,752.1341816086464,0.9666495421975112,0.16006756096494376,0.08158919983543456,-1
94,31,hybrid_heuristic,-0.5462436976722301,0.5462436976722301,1,2.697002468110349,52.11410575698007,0.0017916499312588333,752.1341816086464,0.9666495421975112,0.16006756096494376,0.015403600176796317,-1
94,32,autoreg_rl_pure,-0.25857975716047726,0.25857975716047726,1,2.318234075635643,32.8730187352286,0.00022074196052384307,561.6754492213075,0.9366631587566641,0.11487989678101768,0.18576140003278852,256
94,32,random,-100.0,4.828404882059454e+23,0,84.98948475659493,3.7193176926161855e+25,0.18904165239255422,20488.56513685272,0.9806760065596606,4.196422071925654,0.028155399952083826,-1
94,32,latency_greedy,-541070.4726191766,541070.4726191766,1,6.817469704386559,41678607.80142077,0.04812986083606209,1646.1192959447012,0.9643542083133918,0.3375791478093043,6.779981777071953e-05,-1
94,32,block_balanced,-148461.58250117174,148461.58250117174,1,8.298272073846109,11435954.63292942,0.04372098154339614,2003.0944674080988,0.7055847989471997,0.41032238708462654,8.719996549189091e-05,-1
94,32,pdp_aware_greedy,-26.70528070804652,26.70528070804652,1,2.8913970313349813,2065.6459042581855,0.014336737173209714,699.8277648629414,0.9806760065596606,0.1438244170262151,0.0005544000305235386,-1
94,32,local_search,-26.70484694188075,26.70484694188075,1,2.8870593696772575,2065.6459042581855,0.014336737173209714,698.7836733979439,0.9643542083133918,0.1436097826300108,0.021166000049561262,-1
94,32,beam_search,-0.25857975716047726,0.25857975716047726,1,2.318234075635643,32.8730187352286,0.00022074196052384307,561.6754492213075,0.9366631587566641,0.11487989678101768,0.06875300011597574,-1
94,32,simulated_annealing,-26.70484694188075,26.70484694188075,1,2.8870593696772575,2065.6459042581855,0.014336737173209714,698.7836733979439,0.9643542083133918,0.1436097826300108,0.007350599858909845,-1
94,32,block_beam_strong,-0.6284151415574786,0.6284151415574786,1,3.335123658229367,53.528323567910654,0.0018829324783582889,806.8276149229027,0.9366631587566641,0.16424463737813624,0.4466242000926286,-1
94,32,block_lns_strong,-0.25857975716047726,0.25857975716047726,1,2.318234075635643,32.8730187352286,0.00022074196052384307,561.6754492213075,0.9366631587566641,0.11487989678101768,0.0851081998553127,-1
94,32,hybrid_heuristic,-0.25857975716047726,0.25857975716047726,1,2.318234075635643,32.8730187352286,0.00022074196052384307,561.6754492213075,0.9366631587566641,0.11487989678101768,0.014365199953317642,-1
94,33,autoreg_rl_pure,-2.8458696228871108,2.8458696228871108,1,2.5204701315882208,230.61399515790805,0.006862202378709247,650.1398850843889,0.9445273482499945,0.15106467491841025,0.08677970012649894,256
94,33,random,-100.0,4.568029559262737e+25,0,110.38455865480636,3.5187507210275436e+27,0.274737753644307,28353.816586207813,0.9115921909117063,6.637277516805765,0.029970900155603886,-1
94,33,latency_greedy,-790555.9467481088,790555.9467481088,1,3.913574644271086,60896482.869791575,0.04942259079453176,1007.9327263912622,0.9625831484051897,0.23456055836424874,6.829993799328804e-05,-1
94,33,block_balanced,-6217082.012499258,6217082.012499258,1,6.396973914313312,478901475.72216076,0.05645347309711309,1645.819761688438,0.7556218785999955,0.38426906185077775,7.740012370049953e-05,-1
94,33,pdp_aware_greedy,-2.8493697546180883,2.8493697546180883,1,2.5554714488979986,230.61399515790805,0.006862202378709247,659.1198304413256,0.9625831484051897,0.15316248300383511,0.0005319002084434032,-1
94,33,local_search,-2.8458696228871108,2.8458696228871108,1,2.5204701315882208,230.61399515790805,0.006862202378709247,650.1398850843889,0.9445273482499945,0.15106467491841025,0.02169369999319315,-1
94,33,beam_search,-47.01210495326048,47.01210495326048,1,2.875437809792128,3630.002421215373,0.01625881746365158,741.3539523644713,0.9930582117366082,0.1743970271759759,0.06678880006074905,-1
94,33,simulated_annealing,-2.8458696228871108,2.8458696228871108,1,2.5204701315882208,230.61399515790805,0.006862202378709247,650.1398850843889,0.9445273482499945,0.15106467491841025,0.007657599868252873,-1
94,33,block_beam_strong,-2.8458696228871108,2.8458696228871108,1,2.5204701315882208,230.61399515790805,0.006862202378709247,650.1398850843889,0.9445273482499945,0.15106467491841025,0.3964873000513762,-1
94,33,block_lns_strong,-2.8458696228871108,2.8458696228871108,1,2.5204701315882208,230.61399515790805,0.006862202378709247,650.1398850843889,0.9445273482499945,0.15106467491841025,0.07775690010748804,-1
94,33,hybrid_heuristic,-2.8458696228871108,2.8458696228871108,1,2.5204701315882208,230.61399515790805,0.006862202378709247,650.1398850843889,0.9445273482499945,0.15106467491841025,0.014668199932202697,-1
94,34,autoreg_rl_pure,-1.38707653971266,1.38707653971266,1,2.6725069887467683,117.07210305679536,0.004550909732843824,709.1479875486332,0.9106409197376667,0.1397448733643197,0.17348569980822504,256
94,34,random,-100.0,4.568029559262737e+25,0,108.91491083886962,3.5187507210275436e+27,0.2197718743259635,28791.046342805195,0.9106409197376667,5.68673363201677,0.0278205000795424,-1
94,34,latency_greedy,-100.0,113557684859.61855,0,22.12114474969532,8747342377883.295,0.08990726191196789,5849.780182153274,0.9964091066499713,1.1553614845117923,0.00014490005560219288,-1
94,34,block_balanced,-100.0,33912395927662.754,0,31.135501506970485,2612270040596773.0,0.10933712251807821,8232.50358634548,0.6829806898032501,1.6245948296152621,8.96998681128025e-05,-1
94,34,pdp_aware_greedy,-53.98569133978185,53.98569133978185,1,2.8868042691275897,4167.089851008219,0.01672923608364658,765.7937818593091,0.9964091066499713,0.15144683755446361,0.0006969999521970749,-1
94,34,local_search,-53.98569133978185,53.98569133978185,1,2.8868042691275897,4167.089851008219,0.01672923608364658,765.7937818593091,0.9964091066499713,0.15144683755446361,0.015565400011837482,-1
94,34,beam_search,-1.6499430727695419,1.6499430727695419,1,2.6626883069850864,137.39633126145264,0.005096655104005661,706.5504497803091,0.9964091066499713,0.13923438177054548,0.07393770013004541,-1
94,34,simulated_annealing,-53.98569133978185,53.98569133978185,1,2.8868042691275897,4167.089851008219,0.01672923608364658,765.7937818593091,0.9964091066499713,0.15144683755446361,0.009564199950546026,-1
94,34,block_beam_strong,-1.688068712864674,1.688068712864674,1,3.9872694039451195,130.12990618433588,0.004911410684069268,1056.664005325178,0.9312417019208004,0.20871691504899956,0.5243242001160979,-1
94,34,block_lns_strong,-1.3792317512600356,1.3792317512600356,1,2.70548628486836,116.21378008151689,0.004525822768049104,717.868332249867,0.8948481216250977,0.14145952853364863,0.0878983000293374,-1
94,34,hybrid_heuristic,-1.3792317512600356,1.3792317512600356,1,2.70548628486836,116.21378008151689,0.004525822768049104,717.868332249867,0.8948481216250977,0.14145952853364863,0.01557309995405376,-1
94,35,autoreg_rl_pure,-0.21801228875742582,0.21801228875742582,1,2.1656749211431827,30.923271167901024,1.229185597052233e-05,542.6883251097399,0.9324960206103567,0.12129399856696782,0.0853526999708265,256
94,35,random,-100.0,44735610477.04581,0,58.76604151776407,3445981676787.7354,0.08673144169067899,14651.575581395547,0.9324960206103567,3.304249043428071,0.03729670005850494,-1
94,35,latency_greedy,-927327.8372879092,927327.8372879092,1,4.88942620700488,71432006.75009367,0.049966600721681104,1221.6276150320882,0.9949238602730712,0.27441894861082555,6.960006430745125e-05,-1
94,35,block_balanced,-3653946.7764405953,3653946.7764405953,1,7.108223819100732,281463300.39434457,0.0546415019020835,1774.740426690143,0.7559387018179123,0.4000999021515392,7.6299998909235e-05,-1
94,35,pdp_aware_greedy,-6.9852541002991435,6.9852541002991435,1,2.762498774627522,547.6062142411071,0.009810526084121994,691.4935122673915,0.9949238602730712,0.1566335093390428,0.0005232000257819891,-1
94,35,local_search,-6.9852541002991435,6.9852541002991435,1,2.762498774627522,547.6062142411071,0.009810526084121994,691.4935122673915,0.9949238602730712,0.1566335093390428,0.015482499962672591,-1
94,35,beam_search,-0.5515583016655639,0.5515583016655639,1,2.6252475223126677,53.07621738059444,0.001854015611726174,657.276846392863,0.9685755868545584,0.1482993404385964,0.06631999998353422,-1
94,35,simulated_annealing,-6.9852541002991435,6.9852541002991435,1,2.762498774627522,547.6062142411071,0.009810526084121994,691.4935122673915,0.9949238602730712,0.1566335093390428,0.007763200206682086,-1
94,35,block_beam_strong,-0.26972152222630186,0.26972152222630186,1,2.2694515073037533,34.10704016343339,0.0003463768329817951,568.5865632873023,0.9685755868545584,0.12825526317794955,0.46815020008943975,-1
94,35,block_lns_strong,-0.2673845368742383,0.2673845368742383,1,2.2460816537831176,34.10704016343339,0.0003463768329817951,562.7597964699922,0.9685755868545584,0.1269463765339901,0.08197639998979867,-1
94,35,hybrid_heuristic,-0.2673845368742383,0.2673845368742383,1,2.2460816537831176,34.10704016343339,0.0003463768329817951,562.7597964699922,0.9685755868545584,0.1269463765339901,0.015956399962306023,-1
94,36,autoreg_rl_pure,-2.564864021945185,2.564864021945185,1,2.692393774250111,207.6438218813947,0.006504504277327363,571.7128547961254,0.999103784419017,0.10893917912241238,0.12006590003147721,256
94,36,random,-100.0,4.568029559262737e+25,0,103.83539821528935,3.5187507210275436e+27,0.22294394563016637,21941.30603350313,0.999103784419017,4.1528755284144685,0.02767960005439818,-1
94,36,latency_greedy,-7387804.808161049,7387804.808161049,1,4.178653425015831,569082207.0087347,0.057041664316132515,885.681749472337,0.999103784419017,0.16676042576406885,6.820005364716053e-05,-1
94,36,block_balanced,-283760.74231808103,283760.74231808103,1,6.114355318887441,21858058.48426427,0.04592949353249773,1294.7054544896266,0.6677968351887741,0.2453622779619311,0.00043780007399618626,-1
94,36,pdp_aware_greedy,-2433.045266873954,2433.045266873954,1,3.4300903533959466,187421.7365065641,0.029705182318969993,727.5320344951201,0.999103784419017,0.13703526000673819,0.0005576000548899174,-1
94,36,local_search,-100.0,4.568029559262737e+25,0,103.83539821528935,3.5187507210275436e+27,0.22294394563016637,21941.30603350313,0.999103784419017,4.1528755284144685,0.018078400054946542,-1
94,36,beam_search,-2.744852343589145,2.744852343589145,1,2.9305493320662808,219.67380166488098,0.006696509370130231,622.0482970793687,0.9669086681165425,0.11849431127128451,0.0708570999559015,-1
94,36,simulated_annealing,-100.0,4.568029559262737e+25,0,103.83539821528935,3.5187507210275436e+27,0.22294394563016637,21941.30603350313,0.999103784419017,4.1528755284144685,0.012954399921000004,-1
94,36,block_beam_strong,-2.564864021945185,2.564864021945185,1,2.692393774250111,207.6438218813947,0.006504504277327363,571.7128547961254,0.999103784419017,0.10893917912241238,0.491328600095585,-1
94,36,block_lns_strong,-2.559405492439673,2.559405492439673,1,2.6376462330613117,207.64507166249277,0.006504524796862488,560.1220629203117,0.999103784419017,0.10675495605327409,0.08343710005283356,-1
94,36,hybrid_heuristic,-2.559405492439673,2.559405492439673,1,2.6376462330613117,207.64507166249277,0.006504524796862488,560.1220629203117,0.999103784419017,0.10675495605327409,0.014850599924102426,-1
94,37,autoreg_rl_pure,-0.2494531874974499,0.2494531874974499,1,2.4227269442793116,31.36509155619306,6.065672357488259e-05,753.635492840944,0.9685200887406086,0.16784759772866908,0.19089490012265742,251
94,37,random,-100.0,566802168706.3865,0,46.49900392872615,43660740674421.4,0.0953882484223996,14412.111785900695,0.9000589888275919,3.2166790889849572,0.029035800136625767,-1
94,37,latency_greedy,-19813330.738152716,19813330.738152716,1,4.9393262809439396,1526219797.5259778,0.060404933977097904,1533.4761618508305,0.9685200887406086,0.3426568291851251,6.949994713068008e-05,-1
94,37,block_balanced,-15023517.665001132,15023517.665001132,1,6.989192263832621,1157260737.4458973,0.059461475124144604,2168.7229190975895,0.7748160709924868,0.48399436397555795,7.599988020956516e-05,-1
94,37,pdp_aware_greedy,-0.3353271584553592,0.3353271584553592,1,2.514033341143426,37.27662625057937,0.0006493284245185478,781.9625724134022,0.9603415996705074,0.17473236678563064,0.0007034000009298325,-1
94,37,local_search,-0.3353271584553592,0.3353271584553592,1,2.514033341143426,37.27662625057937,0.0006493284245185478,781.9625724134022,0.9603415996705074,0.17473236678563064,0.015976700000464916,-1
94,37,beam_search,-0.3353271584553592,0.3353271584553592,1,2.514033341143426,37.27662625057937,0.0006493284245185478,781.9625724134022,0.9603415996705074,0.17473236678563064,0.06350310007110238,-1
94,37,simulated_annealing,-0.3353271584553592,0.3353271584553592,1,2.514033341143426,37.27662625057937,0.0006493284245185478,781.9625724134022,0.9603415996705074,0.17473236678563064,0.008274899795651436,-1
94,37,block_beam_strong,-0.2493052316548871,0.2493052316548871,1,2.414756557024517,31.415090375873167,6.608699022622177e-05,751.1739958371086,0.888918512403196,0.16729793241633917,0.303638800047338,-1
94,37,block_lns_strong,-0.2493052316548871,0.2493052316548871,1,2.414756557024517,31.415090375873167,6.608699022622177e-05,751.1739958371086,0.888918512403196,0.16729793241633917,0.08475730009377003,-1
94,37,hybrid_heuristic,-0.2493052316548871,0.2493052316548871,1,2.414756557024517,31.415090375873167,6.608699022622177e-05,751.1739958371086,0.888918512403196,0.16729793241633917,0.015703599900007248,-1
94,38,autoreg_rl_pure,-0.5772979353326704,0.5772979353326704,1,2.5086013584835785,55.95746475707221,0.002034236393759363,769.5076956824951,0.9723528809136275,0.12865205926626364,0.08833270007744431,256
94,38,random,-100.0,3.3862191963495846e+19,0,56.84321694701993,2.6084028319281473e+21,0.15643206291578812,17376.584841670156,0.978045858207847,2.9105488411751836,0.027706899913027883,-1
94,38,latency_greedy,-13598.26804260116,13598.26804260116,1,3.5037225774675793,1047477.6812741363,0.03557168105830758,1073.639111436382,0.978045858207847,0.1801395140679513,0.00011630007065832615,-1
94,38,block_balanced,-21213.13019052772,21213.13019052772,1,5.294602115723289,1634036.3092353742,0.037087648629663954,1621.0287869615443,0.7175362046183192,0.2714506568780614,9.09001100808382e-05,-1
94,38,pdp_aware_greedy,-4.331028940572283,4.331028940572283,1,2.7551414859748853,343.2080656093771,0.008217675957172474,844.865293977573,0.978045858207847,0.14181722031216282,0.0008391998708248138,-1
94,38,local_search,-4.331028940572283,4.331028940572283,1,2.7551414859748853,343.2080656093771,0.008217675957172474,844.865293977573,0.978045858207847,0.14181722031216282,0.015950899804010987,-1
94,38,beam_search,-0.5630096618974032,0.5630096618974032,1,2.445059701808773,55.34630086098929,0.001996796373074214,750.0918979344248,0.978045858207847,0.1255046521914183,0.0747616000007838,-1
94,38,simulated_annealing,-4.331028940572283,4.331028940572283,1,2.7551414859748853,343.2080656093771,0.008217675957172474,844.865293977573,0.978045858207847,0.14181722031216282,0.008297499967738986,-1
94,38,block_beam_strong,-0.6038423463234956,0.6038423463234956,1,2.53440871166004,57.80338540971961,0.0021448840456157595,777.399507222721,0.978045858207847,0.1300632931359575,0.4547961999196559,-1
94,38,block_lns_strong,-0.5630096618974032,0.5630096618974032,1,2.445059701808773,55.34630086098929,0.001996796373074214,750.0918979344248,0.978045858207847,0.1255046521914183,0.08413710002787411,-1
94,38,hybrid_heuristic,-0.5630096618974032,0.5630096618974032,1,2.445059701808773,55.34630086098929,0.001996796373074214,750.0918979344248,0.978045858207847,0.1255046521914183,0.015971799846738577,-1
94,39,autoreg_rl_pure,-0.20310532444830826,0.20310532444830826,1,2.0251960501572235,30.857096496421246,4.988451491492667e-06,581.1143211398073,0.9716321488700799,0.1295258425564148,0.09976300015114248,256
94,39,random,-100.0,5089915981.682638,0,58.885909424960246,392075954825.7618,0.07932149245736567,16819.28566012136,0.8870171192207124,3.7419870865759077,0.02966330014169216,-1
94,39,latency_greedy,-152.77172810191757,152.77172810191757,1,3.1710110474283977,11774.383724555255,0.02027041218277642,908.3161881050622,0.9716321488700799,0.2008563897411811,7.00999516993761e-05,-1
94,39,block_balanced,-86076.98003059956,86076.98003059956,1,5.815098520056681,6630491.17632039,0.0418626771223928,1663.4485747829196,0.7097328990404632,0.36930288885339035,7.950002327561378e-05,-1
94,39,pdp_aware_greedy,-14.749936437284925,14.749936437284925,1,2.465307637672157,1148.0085402056868,0.012334118104577163,706.8288505346891,0.9716321488700799,0.15807029341054502,0.0005377000197768211,-1
94,39,local_search,-5.869998488058603,5.869998488058603,1,2.4602750515890377,464.026161926772,0.009245907867680888,705.3901080149835,0.9716321488700799,0.1576121390026271,0.02428599982522428,-1
94,39,beam_search,-0.2079246965587935,0.2079246965587935,1,2.073508044947728,30.856185434854616,4.887792409509154e-06,594.9221979646469,0.9716321488700799,0.1328401542304042,0.06120830005966127,-1
94,39,simulated_annealing,-5.869998488058603,5.869998488058603,1,2.4602750515890377,464.026161926772,0.009245907867680888,705.3901080149835,0.9716321488700799,0.1576121390026271,0.007218300132080913,-1
94,39,block_beam_strong,-0.20254560042364883,0.20254560042364883,1,2.0195988349442953,30.857096303587053,4.988430186426635e-06,579.5264135405711,0.9716321488700799,0.12941689085919794,0.40608660015277565,-1
94,39,block_lns_strong,-0.19538338159603832,0.19538338159603832,1,1.9479766466681872,30.857096303587074,4.988430186429118e-06,559.0621880758879,0.9716321488700799,0.12457135144486411,0.08415020001120865,-1
94,39,hybrid_heuristic,-0.19538338159603832,0.19538338159603832,1,1.9479766466681872,30.857096303587074,4.988430186429118e-06,559.0621880758879,0.9716321488700799,0.12457135144486411,0.014024500036612153,-1
94,40,autoreg_rl_pure,-0.948702442597871,0.948702442597871,1,2.6459589987490135,83.5086688776332,0.003399143357358618,662.897095212017,0.9582655361468447,0.16074144214050798,0.10647150012664497,256
94,40,random,-100.0,1.1945173306125536e+17,0,61.890078608421675,9.201360595072859e+18,0.1371797640313335,15443.325533943273,0.8620875188362749,3.7410543762180937,0.02773720002733171,-1
94,40,latency_greedy,-398115422164.7379,398115422164.7379,1,6.105408907975596,30666809630271.098,0.09418388201062261,1525.9364649091062,0.9884948536690027,0.3710605409660855,6.839982233941555e-05,-1
94,40,block_balanced,-1049487494181.0972,1049487494181.0972,1,12.856552449007758,80841965423972.14,0.09748848227909343,3210.2709810446786,0.7187084374042885,0.778554526285262,7.25998543202877e-05,-1
94,40,pdp_aware_greedy,-1207.482589930831,1207.482589930831,1,3.4359798889508477,93016.66382496741,0.02731674805981365,859.9793091209671,0.9884948536690027,0.2094015680093353,0.0005359000060707331,-1
94,40,local_search,-100.0,1.1945173306125536e+17,0,61.890078608421675,9.201360595072859e+18,0.1371797640313335,15443.325533943273,0.8620875188362749,3.7410543762180937,0.017406600061804056,-1
94,40,beam_search,-1.0276483553579232,1.0276483553579232,1,2.6036601658679848,89.9156959889841,0.003651159310798202,652.328561585781,0.9852428786700284,0.15805849996567412,0.07070059981197119,-1
94,40,simulated_annealing,-100.0,1.1945173306125536e+17,0,61.890078608421675,9.201360595072859e+18,0.1371797640313335,15443.325533943273,0.8620875188362749,3.7410543762180937,0.013282099971547723,-1
94,40,block_beam_strong,-1.0004378654237844,1.0004378654237844,1,2.620896802636154,87.68689968720831,0.0035655880853017506,656.6332437487628,0.9884948536690027,0.15936253771278902,0.4747594001237303,-1
94,40,block_lns_strong,-0.9127193331879272,0.9127193331879272,1,2.5509586595690203,81.46867899198662,0.003314827411857667,639.1684422695581,0.9884948536690027,0.1551452920286136,0.08429190004244447,-1
94,40,hybrid_heuristic,-0.9127193331879272,0.9127193331879272,1,2.5509586595690203,81.46867899198662,0.003314827411857667,639.1684422695581,0.9884948536690027,0.1551452920286136,0.01527850003913045,-1
94,41,autoreg_rl_pure,-0.6855557188869501,0.6855557188869501,1,2.65966242119977,63.132933465207905,0.0024455601405735405,704.4477146674993,0.998386700661428,0.14055044652651477,0.23765510017983615,248
94,41,random,-100.0,4.568029559262737e+25,0,103.46355372579812,3.5187507210275436e+27,0.2555834591347283,27295.008402137708,0.9611119875360528,5.419160538045715,0.02822620002552867,-1
94,41,latency_greedy,-100.0,287798360.09929055,0,37.174471820493494,22169091996.858665,0.0695276592202201,9808.889052085444,0.998386700661428,1.942868291059558,7.019983604550362e-05,-1
94,41,block_balanced,-100.0,318732757.70582336,0,48.3680576108228,24551966900.17615,0.06987571547158515,12761.63447544584,0.800926656280044,2.530072047667659,7.600011304020882e-05,-1
94,41,pdp_aware_greedy,-0.9447762659153172,0.9447762659153172,1,2.784699984654585,82.13751462744362,0.0033427018399048436,737.4470085912671,0.998386700661428,0.14712466047688105,0.0008882000111043453,-1
94,41,local_search,-0.7465821583260169,0.7465821583260169,1,2.661956984791309,67.81612181312373,0.0026895143955022937,705.0638136077345,0.998386700661428,0.1406957957598419,0.022112100152298808,-1
94,41,beam_search,-0.8389380056573339,0.8389380056573339,1,2.711796334574886,74.54637553852105,0.003012098957954473,718.2157017013467,0.998386700661428,0.14292820864980024,0.07202319987118244,-1
94,41,simulated_annealing,-0.7465821583260169,0.7465821583260169,1,2.661956984791309,67.81612181312373,0.0026895143955022937,705.0638136077345,0.998386700661428,0.1406957957598419,0.008500299882143736,-1
94,41,block_beam_strong,-0.7453461726844675,0.7453461726844675,1,2.5933327510009767,68.24952601046397,0.002711232902645673,686.9614885959535,0.998386700661428,0.13684093015214213,0.34148159995675087,-1
94,41,block_lns_strong,-0.6597332116126174,0.6597332116126174,1,2.6564167388334576,61.16882858782815,0.002337812586784842,703.5968300161092,0.998386700661428,0.14026283382974464,0.09323609992861748,-1
94,41,hybrid_heuristic,-0.6597332116126174,0.6597332116126174,1,2.6564167388334576,61.16882858782815,0.002337812586784842,703.5968300161092,0.998386700661428,0.14026283382974464,0.019914800068363547,-1
94,42,autoreg_rl_pure,-0.21550797141305006,0.21550797141305006,1,2.1012130651400778,31.226913068370788,4.5604309309322295e-05,526.9170884818903,0.951955691023336,0.10141647596543946,0.16054630000144243,255
94,42,random,-100.0,4.664566570922836e+19,0,72.06746806715245,3.593113129365295e+21,0.15752396810140384,17979.410189766084,0.9312773172915677,3.488700942990563,0.029717199970036745,-1
94,42,latency_greedy,-27434705.18208212,27434705.18208212,1,7.578063565180081,2113293842.108559,0.06151447478604972,1893.065490866432,0.951955691023336,0.3663131050502807,7.760012522339821e-05,-1
94,42,block_balanced,-23657643.699456256,23657643.699456256,1,10.980079271717521,1822346972.3473945,0.06100949365994438,2741.6968786173484,0.7243268023378859,0.5320656846168298,7.71000050008297e-05,-1
94,42,pdp_aware_greedy,-0.3050250067026504,0.3050250067026504,1,2.220210107277196,37.20577192084276,0.0006428421286399375,556.6016748432386,0.951955691023336,0.10715994904014779,0.0007645001169294119,-1
94,42,local_search,-0.29357711381798735,0.29357711381798735,1,2.0989941767215106,37.257667008897144,0.0006475940267091768,526.371677946917,0.951955691023336,0.10130937980860275,0.024260299978777766,-1
94,42,beam_search,-0.3119422522295795,0.3119422522295795,1,2.0678078602890713,38.91256066468701,0.0007957561068380245,518.5925196736915,0.951955691023336,0.09980415106079356,0.06713580014184117,-1
94,42,simulated_annealing,-0.29357711381798735,0.29357711381798735,1,2.0989941767215106,37.257667008897144,0.0006475940267091768,526.371677946917,0.951955691023336,0.10130937980860275,0.00932359998114407,-1
94,42,block_beam_strong,-0.3015695621148204,0.3015695621148204,1,2.1856556613988953,37.20577192084276,0.0006428421286399375,547.9805674830887,0.951955691023336,0.10549215523662787,0.2842943000141531,-1
94,42,block_lns_strong,-0.29357711381798735,0.29357711381798735,1,2.0989941767215106,37.257667008897144,0.0006475940267091768,526.371677946917,0.951955691023336,0.10130937980860275,0.07946449983865023,-1
94,42,hybrid_heuristic,-0.29357711381798735,0.29357711381798735,1,2.0989941767215106,37.257667008897144,0.0006475940267091768,526.371677946917,0.951955691023336,0.10130937980860275,0.01558970008045435,-1
94,43,autoreg_rl_pure,-0.22550516519233937,0.22550516519233937,1,2.2441437728883917,30.89600189366401,9.28416234201385e-06,592.2811126843812,0.8961972801001266,0.15492978099143975,0.08594229980371892,256
94,43,random,-100.0,438698282485108.6,0,56.15764223191431,3.3792905185516028e+16,0.11806480943822949,14753.070432701099,0.8961972801001266,3.8529190106281246,0.02863970003090799,-1
94,43,latency_greedy,-8154.96167729259,8154.96167729259,1,4.875558630504384,628169.5164709116,0.03382844820761248,1283.3634002868375,0.8961972801001266,0.33303098302672746,7.019983604550362e-05,-1
94,43,block_balanced,-16692.457886270244,16692.457886270244,1,7.0771298910274885,1285795.433145418,0.036270543667611205,1861.6907479381427,0.6721479600750949,0.4844244524040632,7.240008562803268e-05,-1
94,43,pdp_aware_greedy,-1.5458965278008296,1.5458965278008296,1,2.8075078453560067,128.26608735159164,0.004862228327500214,740.2789663923877,0.9664465430716702,0.1938356585867839,0.000691999914124608,-1
94,43,local_search,-1.532911648081825,1.532911648081825,1,2.677665265244629,128.26603946146798,0.004862227054618408,706.1405170197081,0.9664465430716702,0.18441853133362818,0.02183440001681447,-1
94,43,beam_search,-0.22534920288574242,0.22534920288574242,1,2.242583868321704,30.89600406206253,9.284401613358399e-06,591.8828037887853,0.8961972801001266,0.15497464793597737,0.07201620005071163,-1
94,43,simulated_annealing,-1.532911648081825,1.532911648081825,1,2.677665265244629,128.26603946146798,0.004862227054618408,706.1405170197081,0.9664465430716702,0.18441853133362818,0.00842750002630055,-1
94,43,block_beam_strong,-0.22534920288574242,0.22534920288574242,1,2.242583868321704,30.89600406206253,9.284401613358399e-06,591.8828037887853,0.8961972801001266,0.15497464793597737,0.48561879992485046,-1
94,43,block_lns_strong,-0.22534920288574242,0.22534920288574242,1,2.242583868321704,30.89600406206253,9.284401613358399e-06,591.8828037887853,0.8961972801001266,0.15497464793597737,0.08734919992275536,-1
94,43,hybrid_heuristic,-0.22534920288574242,0.22534920288574242,1,2.242583868321704,30.89600406206253,9.284401613358399e-06,591.8828037887853,0.8961972801001266,0.15497464793597737,0.014254100155085325,-1
94,44,autoreg_rl_pure,-8.979383293972854,8.979383293972854,1,2.74004264928491,701.3868585572371,0.010654316590088043,759.3743907200015,0.9323151497201503,0.19356450898935335,0.37688640016131103,255
94,44,random,-100.0,4.568029559262737e+25,0,156.46630833875724,3.5187507210275436e+27,0.2772255655106736,43209.54790712088,0.8625139420333758,11.058395894869003,0.027239899849519134,-1
94,44,latency_greedy,-280134987.85681754,280134987.85681754,1,14.077807621382203,21578783021.69266,0.06943564972132464,3890.1807091037977,0.9439180885709391,0.9955410235486244,6.949994713068008e-05,-1
94,44,block_balanced,-100.0,124787971446.08463,0,19.4465805506256,9612410751713.88,0.09022876798262468,5372.769987440112,0.7187616183611466,1.3740669645840988,0.00010819989256560802,-1
94,44,pdp_aware_greedy,-1351.9563670295852,1351.9563670295852,1,3.5470999463050763,104144.61517385628,0.027701995063692874,982.2195632670416,0.9439180885709391,0.2518174076998647,0.0005348999984562397,-1
94,44,local_search,-100.0,4.568029559262737e+25,0,156.46630833875724,3.5187507210275436e+27,0.2772255655106736,43209.54790712088,0.8625139420333758,11.058395894869003,0.019223400158807635,-1
94,44,beam_search,-283604.7345869081,283604.7345869081,1,5.497987438025901,21846045.96497254,0.04592761941953038,1520.9397709554137,0.9439180885709391,0.38943750145026435,0.07750379992648959,-1
94,44,simulated_annealing,-100.0,4.568029559262737e+25,0,156.46630833875724,3.5187507210275436e+27,0.2772255655106736,43209.54790712088,0.8625139420333758,11.058395894869003,0.013803699985146523,-1
94,44,block_beam_strong,-8.979383293972854,8.979383293972854,1,2.74004264928491,701.3868585572371,0.010654316590088043,759.3743907200015,0.9323151497201503,0.19356450898935335,0.3651457999367267,-1
94,44,block_lns_strong,-8.979383293972854,8.979383293972854,1,2.74004264928491,701.3868585572371,0.010654316590088043,759.3743907200015,0.9323151497201503,0.19356450898935335,0.08869639993645251,-1
94,44,hybrid_heuristic,-8.979383293972854,8.979383293972854,1,2.74004264928491,701.3868585572371,0.010654316590088043,759.3743907200015,0.9323151497201503,0.19356450898935335,0.018174799857661128,-1
94,45,autoreg_rl_pure,-3.373037015916172,3.373037015916172,1,2.609774228640833,270.5337622057394,0.007406488404807781,752.183800549513,0.9365072144511633,0.15977964274254278,0.2699265999253839,248
94,45,random,-100.0,4.136032805962484e+19,0,80.80851740384888,3.185983853511441e+21,0.15711398371081733,23205.956010406426,0.9798462906031049,4.968841880292607,0.02798490016721189,-1
94,45,latency_greedy,-162.78468868373363,162.78468868373363,1,2.7852694510408726,12548.652906925341,0.020487534677315837,802.523389351032,0.924472539873035,0.1723296766505566,7.069995626807213e-05,-1
94,45,block_balanced,-35352.06987753076,35352.06987753076,1,4.92240539386634,2723160.942504712,0.03882886941633026,1416.2060893969533,0.7594113765618636,0.30328631417681645,7.180008105933666e-05,-1
94,45,pdp_aware_greedy,-72.69580587028194,72.69580587028194,1,2.8632050350586074,5608.51075520048,0.01774200122687531,824.9527010969575,0.9798462906031049,0.1769639075696567,0.000991299981251359,-1
94,45,local_search,-72.69580587028194,72.69580587028194,1,2.8632050350586074,5608.51075520048,0.01774200122687531,824.9527010969575,0.9798462906031049,0.1769639075696567,0.016132299788296223,-1
94,45,beam_search,-68.2597018715053,68.2597018715053,1,2.7986870841402265,5267.294883380841,0.01752801085958449,806.4321062744427,0.9798462906031049,0.1728396368149019,0.06364950002171099,-1
94,45,simulated_annealing,-72.69580587028194,72.69580587028194,1,2.8632050350586074,5608.51075520048,0.01774200122687531,824.9527010969575,0.9798462906031049,0.1769639075696567,0.008041599998250604,-1
94,45,block_beam_strong,-3.373037015916172,3.373037015916172,1,2.609774228640833,270.5337622057394,0.007406488404807781,752.183800549513,0.9365072144511633,0.15977964274254278,0.30832199985161424,-1
94,45,block_lns_strong,-3.2072098737270602,3.2072098737270602,1,2.548430907626059,258.2326336042539,0.007247837205414504,734.5652579059591,0.8941807607914545,0.1560239868667139,0.08593579987064004,-1
94,45,hybrid_heuristic,-3.2072098737270602,3.2072098737270602,1,2.548430907626059,258.2326336042539,0.007247837205414504,734.5652579059591,0.8941807607914545,0.1560239868667139,0.014814400114119053,-1
94,46,autoreg_rl_pure,-0.22728550335436423,0.22728550335436423,1,2.2335625126647436,31.114648637645324,3.3325709285687614e-05,613.2546400977062,0.9317264758349405,0.12194006427691746,0.09140200004912913,256
94,46,random,-100.0,559648958.357751,0,51.99240590539401,43109728895.32157,0.07179495377447905,14211.851775654355,0.9317264758349405,2.814681567385377,0.028521700063720345,-1
94,46,latency_greedy,-93622.0974663886,93622.0974663886,1,3.8164819570329986,7211706.563312162,0.042149141984456254,1045.8287937698358,0.9522220142673614,0.20568649881405224,0.0001580000389367342,-1
94,46,block_balanced,-50799.82340751104,50799.82340751104,1,5.0719048472492805,3913099.4173230734,0.04006483262681608,1388.9400136404206,0.6987948568762055,0.2742242006955533,9.609991684556007e-05,-1
94,46,pdp_aware_greedy,-0.23451681005718017,0.23451681005718017,1,2.29441390963631,31.20293782065649,4.298579646377599e-05,629.8864794163774,0.96700474733202,0.125228478406319,0.0005420001689344645,-1
94,46,local_search,-0.22728550335436423,0.22728550335436423,1,2.2335625126647436,31.114648637645324,3.3325709285687614e-05,613.2546400977062,0.9317264758349405,0.12194006427691746,0.02479019993916154,-1
94,46,beam_search,-0.22180641098222298,0.22180641098222298,1,2.178771588943331,31.114648637645324,3.3325709285687614e-05,598.277656096833,0.9055964745651717,0.11866211977355724,0.07372660003602505,-1
94,46,simulated_annealing,-0.22728550335436423,0.22728550335436423,1,2.2335625126647436,31.114648637645324,3.3325709285687614e-05,613.2546400977062,0.9317264758349405,0.12194006427691746,0.008254700107499957,-1
94,46,block_beam_strong,-0.2270107778244192,0.2270107778244192,1,2.220350101546223,31.19526167682619,4.214700320866931e-05,609.6412371122017,0.96700474733202,0.12090894721864795,0.4734058000613004,-1
94,46,block_lns_strong,-0.22180641098222298,0.22180641098222298,1,2.178771588943331,31.114648637645324,3.3325709285687614e-05,598.277656096833,0.9055964745651717,0.11866211977355724,0.08574969996698201,-1
94,46,hybrid_heuristic,-0.22180641098222298,0.22180641098222298,1,2.178771588943331,31.114648637645324,3.3325709285687614e-05,598.277656096833,0.9055964745651717,0.11866211977355724,0.014723200118169188,-1
94,47,autoreg_rl_pure,-0.166502789591823,0.166502789591823,1,1.6639930554607862,30.81994993042075,8.81883307287344e-07,481.70894208364604,0.9971435465212964,0.09284606602800059,0.09100749995559454,256
94,47,random,-100.0,2.7798236185779486e+24,0,85.81121959728972,2.1412966433998403e+26,0.19500932771723523,24694.72406227067,0.7936162130724115,4.700914416157232,0.02696059993468225,-1
94,47,latency_greedy,-34.24593660351407,34.24593660351407,1,1.9647552407541449,2653.6401404514845,0.01519070830348029,568.1770499029996,0.9971435465212964,0.10896991083042952,0.00013240007683634758,-1
94,47,block_balanced,-895609.6693298208,895609.6693298208,1,6.2040310351331645,68988747.84598802,0.049847951224478215,1788.0975575782304,0.5994216901825079,0.34077146405366765,9.709992446005344e-05,-1
94,47,pdp_aware_greedy,-0.166502789591823,0.166502789591823,1,1.6639930554607862,30.81994993042075,8.81883307287344e-07,481.70894208364604,0.9971435465212964,0.09284606602800059,0.0005643998738378286,-1
94,47,local_search,-0.166502789591823,0.166502789591823,1,1.6639930554607862,30.81994993042075,8.81883307287344e-07,481.70894208364604,0.9971435465212964,0.09284606602800059,0.01569889998063445,-1
94,47,beam_search,-0.166502789591823,0.166502789591823,1,1.6639930554607862,30.81994993042075,8.81883307287344e-07,481.70894208364604,0.9971435465212964,0.09284606602800059,0.07577340002171695,-1
94,47,simulated_annealing,-0.166502789591823,0.166502789591823,1,1.6639930554607862,30.81994993042075,8.81883307287344e-07,481.70894208364604,0.9971435465212964,0.09284606602800059,0.008103600004687905,-1
94,47,block_beam_strong,-0.166502789591823,0.166502789591823,1,1.6639930554607862,30.81994993042075,8.81883307287344e-07,481.70894208364604,0.9971435465212964,0.09284606602800059,0.6161030998919159,-1
94,47,block_lns_strong,-0.166502789591823,0.166502789591823,1,1.6639930554607862,30.81994993042075,8.81883307287344e-07,481.70894208364604,0.9971435465212964,0.09284606602800059,0.0664978998247534,-1
94,47,hybrid_heuristic,-0.166502789591823,0.166502789591823,1,1.6639930554607862,30.81994993042075,8.81883307287344e-07,481.70894208364604,0.9971435465212964,0.09284606602800059,0.01391540002077818,-1
94,48,autoreg_rl_pure,-0.40241990925795895,0.40241990925795895,1,3.281121218372197,36.53590344203182,0.0005809019618908949,980.2299346855316,0.9866755396588529,0.19809751115049617,0.13851780002005398,255
94,48,random,-100.0,1.3751121263817174e+16,0,60.399954072819654,1.0592481338891181e+18,0.129809758823984,17995.288300501474,0.9840891505798395,3.6432912242250604,0.02839779993519187,-1
94,48,latency_greedy,-148351.12050191654,148351.12050191654,1,3.976775054718531,11427479.039515948,0.043718453918859396,1187.3982279491315,0.9866755396588529,0.2394994988902636,9.34000127017498e-05,-1
94,48,block_balanced,-2781855.4085874716,2781855.4085874716,1,6.533627816063988,214286153.49899173,0.05371184489392879,1949.1236969476404,0.7271578263866268,0.394631379551783,0.00015849992632865906,-1
94,48,pdp_aware_greedy,-4.5240320727062455,4.5240320727062455,1,2.7264736056907233,358.2959150608201,0.00836434824427314,814.9525987866172,0.9866755396588529,0.16384416124455164,0.0007979001384228468,-1
94,48,local_search,-4.5240320727062455,4.5240320727062455,1,2.7264736056907233,358.2959150608201,0.00836434824427314,814.9525987866172,0.9866755396588529,0.16384416124455164,0.014664300018921494,-1
94,48,beam_search,-2.8606066154021033,2.8606066154021033,1,2.6520658643245607,230.73550367751994,0.006863998189465842,792.7873089961822,0.9866755396588529,0.15937271727062333,0.07043479988351464,-1
94,48,simulated_annealing,-4.5240320727062455,4.5240320727062455,1,2.7264736056907233,358.2959150608201,0.00836434824427314,814.9525987866172,0.9866755396588529,0.16384416124455164,0.009010199923068285,-1
94,48,block_beam_strong,-0.42768576478633713,0.42768576478633713,1,3.404851721242622,37.529035538715085,0.0006723352338231298,1017.094646471948,0.9866755396588529,0.20599274116583555,0.46516250004060566,-1
94,48,block_lns_strong,-0.39271046326427117,0.39271046326427117,1,3.2548031874723615,35.99071298852249,0.000529646177029228,972.3982855996759,0.9866755396588529,0.19678669309979488,0.0955489999614656,-1
94,48,hybrid_heuristic,-0.39271046326427117,0.39271046326427117,1,3.2548031874723615,35.99071298852249,0.000529646177029228,972.3982855996759,0.9866755396588529,0.19678669309979488,0.014704399975016713,-1
94,49,autoreg_rl_pure,-0.31399423174052443,0.31399423174052443,1,2.592476711549551,35.02910318740416,0.0004373189565054365,766.7049707207345,0.9820534145233046,0.18181707072063563,0.09904529992491007,256
94,49,random,-100.0,4.735108419399e+22,0,82.79246957779552,3.647451477435919e+24,0.18112513492161283,24397.195162008673,0.9991286906214393,5.755178807714988,0.028838400030508637,-1
94,49,latency_greedy,-284.33501525659767,284.33501525659767,1,3.140753337066805,21908.929757243746,0.022387423159374382,928.1895498307455,0.9991286906214393,0.2177004309554898,6.910017691552639e-05,-1
94,49,block_balanced,-8933.615788339031,8933.615788339031,1,5.486659722152119,688144.4936003769,0.03413932998593543,1619.455539122573,0.7694537180668465,0.3814007561964757,7.359986193478107e-05,-1
94,49,pdp_aware_greedy,-4.847290878361417,4.847290878361417,1,2.7388974450453563,383.10082276574764,0.00859255734036744,809.821065158089,0.9638607976964518,0.1909403896246654,0.0006047999486327171,-1
94,49,local_search,-3.539776392426465,3.539776392426465,1,2.6902769834479603,282.7575751522819,0.00755715167197873,795.5019787857352,0.9638607976964518,0.18772663125193226,0.022580600110813975,-1
94,49,beam_search,-0.31399423174052443,0.31399423174052443,1,2.592476711549551,35.02910318740416,0.0004373189565054365,766.7049707207345,0.9820534145233046,0.18181707072063563,0.07142909988760948,-1
94,49,simulated_annealing,-3.539776392426465,3.539776392426465,1,2.6902769834479603,282.7575751522819,0.00755715167197873,795.5019787857352,0.9638607976964518,0.18772663125193226,0.009732600068673491,-1
94,49,block_beam_strong,-0.3176027360196585,0.3176027360196585,1,2.590160849972427,35.32490514792486,0.00046598703885598425,766.0241050781719,0.9820534145233046,0.181655633182888,0.4011228000745177,-1
94,49,block_lns_strong,-0.31399423174052443,0.31399423174052443,1,2.592476711549551,35.02910318740416,0.0004373189565054365,766.7049707207345,0.9820534145233046,0.18181707072063563,0.0780829000286758,-1
94,49,hybrid_heuristic,-0.31399423174052443,0.31399423174052443,1,2.592476711549551,35.02910318740416,0.0004373189565054365,766.7049707207345,0.9820534145233046,0.18181707072063563,0.015080600045621395,-1
94,50,autoreg_rl_pure,-54.17339830868893,54.17339830868893,1,4.726382402914476,4167.378648257616,0.016729472348447842,1229.078584943111,0.9657561887473075,0.2983859616922972,1.2378078000620008,131
94,50,random,-100.0,4.568029559262737e+25,0,68.99560062030594,3.5187507210275436e+27,0.20480960270086176,17904.634223211626,0.9444995288484177,4.353790239487492,0.03255070000886917,-1
94,50,latency_greedy,-2361159.2461079587,2361159.2461079587,1,6.3469913917631535,181879952.09024867,0.053152852166298725,1649.5508659039992,0.9657561887473075,0.398394423751492,7.6299998909235e-05,-1
94,50,block_balanced,-1189487.4463775235,1189487.4463775235,1,6.088376723559558,91626138.15095228,0.05081539383312972,1582.4607681174407,0.8737526484181738,0.38262026939671107,7.469998672604561e-05,-1
94,50,pdp_aware_greedy,-12220041.36685471,12220041.36685471,1,5.59849953222413,941309119.1790407,0.05875733847595993,1455.3635369847498,0.9657561887473075,0.3537474556539386,0.00048060016706585884,-1
94,50,local_search,-100.0,4.568029559262737e+25,0,68.99560062030594,3.5187507210275436e+27,0.20480960270086176,17904.634223211626,0.9444995288484177,4.353790239487492,0.019051000010222197,-1
94,50,beam_search,-2219048.9387190547,2219048.9387190547,1,7.249948340624511,170933195.77374843,0.05294122861818985,1883.8554303850653,0.9657561887473075,0.456897400198891,0.08715519984252751,-1
94,50,simulated_annealing,-100.0,4.568029559262737e+25,0,68.99560062030594,3.5187507210275436e+27,0.20480960270086176,17904.634223211626,0.9444995288484177,4.353790239487492,0.013409000122919679,-1
94,50,block_beam_strong,-59.05643918050726,59.05643918050726,1,4.679366101998167,4543.881191195811,0.017024349732910553,1216.8776314485247,0.9444995288484177,0.29551156012007906,0.4650167999789119,-1
94,50,block_lns_strong,-52.31972095011695,52.31972095011695,1,4.669961195329262,4025.0245929438856,0.016610981142222765,1214.4362887052648,0.9284060007261417,0.2949208703966735,0.09118880005553365,-1
94,50,hybrid_heuristic,-52.31972095011695,52.31972095011695,1,4.669961195329262,4025.0245929438856,0.016610981142222765,1214.4362887052648,0.9284060007261417,0.2949208703966735,0.01753619988448918,-1
94,51,autoreg_rl_pure,-0.869345969318413,0.869345969318413,1,2.4447914151563834,78.9454368125906,0.00320756784040795,691.5582011528539,0.9923819871091056,0.11956310308090361,0.09713120013475418,256
94,51,random,-100.0,2.5987565455772367e+25,0,80.38355972001955,2.0018207741196877e+27,0.2026297008754478,22649.546607722397,0.9511438834302227,3.9404613636597454,0.030049500055611134,-1
94,51,latency_greedy,-366.6226112352282,366.6226112352282,1,3.1316109427646976,28247.609288661144,0.02325375319316217,885.0403765163586,0.9923819871091056,0.15376621617028516,0.0002263002097606659,-1
94,51,block_balanced,-59878.508340915774,59878.508340915774,1,5.361931346709151,4612427.797051428,0.04062539080790149,1513.4549643135674,0.8055315834418072,0.2638001318661663,0.0001042000949382782,-1
94,51,pdp_aware_greedy,-0.869345969318413,0.869345969318413,1,2.4447914151563834,78.9454368125906,0.00320756784040795,691.5582011528539,0.9923819871091056,0.11956310308090361,0.0005146998446434736,-1
94,51,local_search,-0.869345969318413,0.869345969318413,1,2.4447914151563834,78.9454368125906,0.00320756784040795,691.5582011528539,0.9923819871091056,0.11956310308090361,0.015499499859288335,-1
94,51,beam_search,-0.869345969318413,0.869345969318413,1,2.4447914151563834,78.9454368125906,0.00320756784040795,691.5582011528539,0.9923819871091056,0.11956310308090361,0.07047019992023706,-1
94,51,simulated_annealing,-0.869345969318413,0.869345969318413,1,2.4447914151563834,78.9454368125906,0.00320756784040795,691.5582011528539,0.9923819871091056,0.11956310308090361,0.009999500121921301,-1
94,51,block_beam_strong,-0.869345969318413,0.869345969318413,1,2.4447914151563834,78.9454368125906,0.00320756784040795,691.5582011528539,0.9923819871091056,0.11956310308090361,0.3176425998099148,-1
94,51,block_lns_strong,-0.869345969318413,0.869345969318413,1,2.4447914151563834,78.9454368125906,0.00320756784040795,691.5582011528539,0.9923819871091056,0.11956310308090361,0.08315670001320541,-1
94,51,hybrid_heuristic,-0.869345969318413,0.869345969318413,1,2.4447914151563834,78.9454368125906,0.00320756784040795,691.5582011528539,0.9923819871091056,0.11956310308090361,0.015745599986985326,-1
94,52,autoreg_rl_pure,-3.3924663508570667,3.3924663508570667,1,2.81249012566226,270.46888336662545,0.007405670716918307,654.0299689034615,0.8783408310012385,0.14497231930995752,0.16743859997950494,256
94,52,random,-100.0,4.568029559262737e+25,0,127.99659157126442,3.5187507210275436e+27,0.2732229335893553,29638.05910228563,0.9996737922289592,6.539023577104653,0.026850700145587325,-1
94,52,latency_greedy,-13401744.67509696,13401744.67509696,1,4.3853367377636525,1032335671.0184053,0.05907203446080027,1018.0573344947504,0.9996737922289592,0.22382470947445882,9.370013140141964e-05,-1
94,52,block_balanced,-471550.21178539476,471550.21178539476,1,6.262273240072116,36323470.11236916,0.0476610128278233,1452.7361339409888,0.6647388601329611,0.3209499506584803,7.71000050008297e-05,-1
94,52,pdp_aware_greedy,-13.941095170316649,13.941095170316649,1,2.8973390323250445,1082.3756052478518,0.012133416224018884,673.6431359703049,0.9996737922289592,0.14960576307380333,0.0009162998758256435,-1
94,52,local_search,-13.940629260287489,13.940629260287489,1,2.8926799320371037,1082.3756052478236,0.012133416224018796,672.5664236696227,0.9996737922289592,0.14920549349415607,0.021301799919456244,-1
94,52,beam_search,-3.890213550382902,3.890213550382902,1,2.9618872727854697,307.6595180432373,0.007844902055848452,688.6526363965776,0.9367777858991339,0.15307585122713407,0.06969989999197423,-1
94,52,simulated_annealing,-13.940629260287489,13.940629260287489,1,2.8926799320371037,1082.3756052478236,0.012133416224018796,672.5664236696227,0.9996737922289592,0.14920549349415607,0.008377499878406525,-1
94,52,block_beam_strong,-3.3924663508570667,3.3924663508570667,1,2.81249012566226,270.46888336662545,0.007405670716918307,654.0299689034615,0.8783408310012385,0.14497231930995752,0.4939586999826133,-1
94,52,block_lns_strong,-3.389453571132963,3.389453571132963,1,2.7823532452077204,270.4689533345704,0.007405671598851403,647.0483057663916,0.856863250481965,0.1437465862744535,0.08318770001642406,-1
94,52,hybrid_heuristic,-3.389453571132963,3.389453571132963,1,2.7823532452077204,270.4689533345704,0.007405671598851403,647.0483057663916,0.856863250481965,0.1437465862744535,0.014686899958178401,-1
94,53,autoreg_rl_pure,-0.6667538309749821,0.6667538309749821,1,2.682258973616328,61.51056392498699,0.002356806011422655,661.9757031963829,0.9857451850046745,0.13041329164077525,0.09345700009725988,256
94,53,random,-100.0,7.920032823893658e+17,0,73.61471789514917,6.100797039092607e+19,0.14362880885033577,18092.348670855125,0.9857451850046745,3.5686939199851655,0.02840949990786612,-1
94,53,latency_greedy,-23552789.587913807,23552789.587913807,1,4.587691097970721,1814270114.996012,0.06099435004934275,1130.13608909101,0.9424482582047009,0.2219339375593387,6.789993494749069e-05,-1
94,53,block_balanced,-15704699.656025661,15704699.656025661,1,7.041692223564198,1209732149.2986255,0.05961265042251843,1733.2183284914408,0.7729721095375294,0.34144683431566597,7.790001109242439e-05,-1
94,53,pdp_aware_greedy,-1.486460678539975,1.486460678539975,1,2.650248609039164,124.899114123237,0.0047715413050698225,654.1097358767742,0.9857451850046745,0.129415309489764,0.0012602999340742826,-1
94,53,local_search,-1.486460678539975,1.486460678539975,1,2.650248609039164,124.899114123237,0.0047715413050698225,654.1097358767742,0.9857451850046745,0.129415309489764,0.014805900165811181,-1
94,53,beam_search,-1.001907761973932,1.001907761973932,1,3.9331159382616727,77.69210877147563,0.0031530093886463838,969.3823781869378,0.9857451850046745,0.191425271950656,0.07128629996441305,-1
94,53,simulated_annealing,-1.486460678539975,1.486460678539975,1,2.650248609039164,124.899114123237,0.0047715413050698225,654.1097358767742,0.9857451850046745,0.129415309489764,0.00839169998653233,-1
94,53,block_beam_strong,-1.0737580838330198,1.0737580838330198,1,2.5676879334618268,93.74461981534336,0.003793329392550147,633.7927392333936,0.9310235974044508,0.12385249464954814,0.36390489991754293,-1
94,53,block_lns_strong,-1.001907761973932,1.001907761973932,1,3.9331159382616727,77.69210877147563,0.0031530093886463838,969.3823781869378,0.9857451850046745,0.191425271950656,0.09833570010960102,-1
94,53,hybrid_heuristic,-1.001907761973932,1.001907761973932,1,3.9331159382616727,77.69210877147563,0.0031530093886463838,969.3823781869378,0.9857451850046745,0.191425271950656,0.015313199954107404,-1
94,54,autoreg_rl_pure,-0.2642111583697827,0.2642111583697827,1,2.4396000611732234,32.371923732465234,0.00016837400242592654,699.5896714573338,0.9555160766789011,0.15324695800832022,0.09728839993476868,256
94,54,random,-100.0,240353528788.48935,0,65.98740617686373,18514419439104.93,0.09246348811783595,18846.88174434683,0.9192904634451335,4.155605289931877,0.028374900110065937,-1
94,54,latency_greedy,-32370293.98342837,32370293.98342837,1,5.095911479675968,2493482002.047765,0.062078468529578434,1458.0449477430068,0.9402689078380471,0.3218169414668471,8.220016025006771e-05,-1
94,54,block_balanced,-7894033377.244533,7894033377.244533,1,10.263434640413482,608076967879.2068,0.0808176106856134,2933.793665202128,0.746707984485738,0.6467066147230022,7.779989391565323e-05,-1
94,54,pdp_aware_greedy,-3.2088915012478973,3.2088915012478973,1,2.847694545863135,256.0569430807671,0.0072189918515832025,816.0797793961507,0.9555160766789011,0.1802939103172482,0.0005513997748494148,-1
94,54,local_search,-1.085322590744868,1.085322590744868,1,4.150125858765998,82.44592230618262,0.003355478679590478,1188.005769793348,0.9402689078380471,0.2630412271525567,0.021361000137403607,-1
94,54,beam_search,-1.0431804452086437,1.0431804452086437,1,2.8345144594397294,89.33386265166237,0.0036290270431432593,812.3159431492663,0.9555160766789011,0.17950379823823026,0.07039589993655682,-1
94,54,simulated_annealing,-1.085322590744868,1.085322590744868,1,4.150125858765998,82.44592230618262,0.003355478679590478,1188.005769793348,0.9402689078380471,0.2630412271525567,0.007694699801504612,-1
94,54,block_beam_strong,-0.28141847833884565,0.28141847833884565,1,2.5654320503902595,32.72811952888955,0.00020568146643518544,735.5295722282348,0.9555160766789011,0.16115127391425318,0.3367955000139773,-1
94,54,block_lns_strong,-0.2642111583697827,0.2642111583697827,1,2.4396000611732234,32.371923732465234,0.00016837400242592654,699.5896714573338,0.9555160766789011,0.15324695800832022,0.08283190010115504,-1
94,54,hybrid_heuristic,-0.2642111583697827,0.2642111583697827,1,2.4396000611732234,32.371923732465234,0.00016837400242592654,699.5896714573338,0.9555160766789011,0.15324695800832022,0.016304600052535534,-1
94,55,autoreg_rl_pure,-0.876901736595812,0.876901736595812,1,2.270473772853907,80.87022502528816,0.0032896915379174935,552.414758348721,0.9790296600078008,0.11225898079285951,0.09159020008519292,256
94,55,random,-100.0,5.476077233406721e+18,0,62.21153711433839,4.2182193577053716e+20,0.15022078688832352,15062.314154024716,0.8897274024211856,3.046769751269387,0.02967520011588931,-1
94,55,latency_greedy,-195.8911811266844,195.8911811266844,1,2.8600995762519172,15098.26782923813,0.02111812520084721,695.083427731628,0.9790296600078008,0.13931991728443907,8.299993351101875e-05,-1
94,55,block_balanced,-65.76175380401317,65.76175380401317,1,3.8452819441246096,5066.816163035724,0.01739571887533578,933.6140932636711,0.6604620679671559,0.1884201770293875,7.810001261532307e-05,-1
94,55,pdp_aware_greedy,-3.7074859229462165,3.7074859229462165,1,2.6258184987812174,296.1727546608448,0.007715178862281183,638.4294487782291,0.9525936219620312,0.12994936708418503,0.0007064999081194401,-1
94,55,local_search,-1.904109483946834,1.904109483946834,1,2.452374194862499,158.59480476946405,0.005585818500862452,596.4430481362836,0.8491655159577719,0.12129287885841966,0.02098979987204075,-1
94,55,beam_search,-2.964741246891056,2.964741246891056,1,2.3365896189719657,241.18710058647025,0.007015029424480621,568.433509013889,0.9790296600078008,0.11581249738463965,0.06561629986390471,-1
94,55,simulated_annealing,-1.904109483946834,1.904109483946834,1,2.452374194862499,158.59480476946405,0.005585818500862452,596.4430481362836,0.8491655159577719,0.12129287885841966,0.007250300142914057,-1
94,55,block_beam_strong,-0.876901736595812,0.876901736595812,1,2.270473772853907,80.87022502528816,0.0032896915379174935,552.414758348721,0.9790296600078008,0.11225898079285951,0.48339950013905764,-1
94,55,block_lns_strong,-0.876901736595812,0.876901736595812,1,2.270473772853907,80.87022502528816,0.0032896915379174935,552.414758348721,0.9790296600078008,0.11225898079285951,0.07710300013422966,-1
94,55,hybrid_heuristic,-0.876901736595812,0.876901736595812,1,2.270473772853907,80.87022502528816,0.0032896915379174935,552.414758348721,0.9790296600078008,0.11225898079285951,0.014812899986281991,-1
94,56,autoreg_rl_pure,-287.78164827724254,287.78164827724254,1,5.165038722377817,22158.830654610996,0.02242608970486703,1286.3875911742157,0.9801130632257166,0.25732647472083026,0.5061268000863492,215
94,56,random,-100.0,4.568029559262737e+25,0,92.74112856419382,3.5187507210275436e+27,0.27236285507473657,23049.13191923465,0.92002303506063,4.609757903009459,0.029588600154966116,-1
94,56,latency_greedy,-29812856.76159344,29812856.76159344,1,6.004061583201596,2296482742.933467,0.061797885627340905,1494.838651298143,0.9801130632257166,0.2988631882239543,7.080007344484329e-05,-1
94,56,block_balanced,-7664923.732880019,7664923.732880019,1,6.372610509114526,590428646.02617,0.05716720473472105,1586.4750394065693,0.7885911729091114,0.316984338336987,7.24999699741602e-05,-1
94,56,pdp_aware_greedy,-295346.5968728664,295346.5968728664,1,5.510730544789742,22750520.88933377,0.04606592463025083,1372.2453649578365,0.9801130632257166,0.2744587918249178,0.0005921998526901007,-1
94,56,local_search,-100.0,4.568029559262737e+25,0,92.74112856419382,3.5187507210275436e+27,0.27236285507473657,23049.13191923465,0.92002303506063,4.609757903009459,0.016784800216555595,-1
94,56,beam_search,-2593.643508163885,2593.643508163885,1,5.589389703689158,199775.97735370972,0.029922810234974923,1391.8329616056446,0.9801130632257166,0.2784098289635335,0.06717179995030165,-1
94,56,simulated_annealing,-100.0,4.568029559262737e+25,0,92.74112856419382,3.5187507210275436e+27,0.27236285507473657,23049.13191923465,0.92002303506063,4.609757903009459,0.01234030001796782,-1
94,56,block_beam_strong,-299.9052099911549,299.9052099911549,1,5.019658189916756,23093.82782907075,0.022566989997420035,1250.2785257510482,0.909001635630784,0.24997119673413026,0.4570779998321086,-1
94,56,block_lns_strong,-100.0,24414365.383248582,0,4.178466631944904,1880637255.482277,0.06111683427022126,1041.0788370892399,3.080355341566538,0.20904650558953453,0.08833790011703968,-1
94,56,hybrid_heuristic,-100.0,4.568029559262737e+25,0,92.74112856419382,3.5187507210275436e+27,0.27236285507473657,23049.13191923465,0.92002303506063,4.609757903009459,0.019782100105658174,-1
94,57,autoreg_rl_pure,-2.639052598020954,2.639052598020954,1,2.685019927057433,213.4153646253906,0.006597971610828276,769.3962640784537,0.9108258036669221,0.19092515317820305,0.27505850000306964,252
94,57,random,-100.0,4.568029559262737e+25,0,96.56558499174854,3.5187507210275436e+27,0.2111142392748361,27571.28576141124,0.8996639190841806,6.844465387780299,0.030325600178912282,-1
94,57,latency_greedy,-677274657.5008998,677274657.5008998,1,8.031525430830765,52170430534.18887,0.07244531931495606,2295.717275714169,0.9108258036669221,0.5698606601362093,8.230004459619522e-05,-1
94,57,block_balanced,-80804885883.94135,80804885883.94135,1,12.268858449020417,6224396028419.035,0.08874719769807113,3505.463746842933,0.748572602619953,0.8697185449021919,7.389998063445091e-05,-1
94,57,pdp_aware_greedy,-19.048695924728655,19.048695924728655,1,3.0053121239214664,1474.982101446006,0.0131885247505681,860.8243045650389,0.9108258036669221,0.21247501990548925,0.0008062000852078199,-1
94,57,local_search,-8.159774953658543,8.159774953658543,1,2.9526675896023598,636.6146232583974,0.010323980690563951,845.8024812315762,0.9108258036669221,0.20875306091549528,0.022887300001457334,-1
94,57,beam_search,-2.506171586555464,2.506171586555464,1,3.765285953277215,194.85826402492694,0.0062878428678638425,1077.7558561131123,0.8996639190841806,0.2670076521949887,0.07383559993468225,-1
94,57,simulated_annealing,-8.159774953658543,8.159774953658543,1,2.9526675896023598,636.6146232583974,0.010323980690563951,845.8024812315762,0.9108258036669221,0.20875306091549528,0.007899200078099966,-1
94,57,block_beam_strong,-2.639052598020954,2.639052598020954,1,2.685019927057433,213.4153646253906,0.006597971610828276,769.3962640784537,0.9108258036669221,0.19092515317820305,0.19393579987809062,-1
94,57,block_lns_strong,-2.506171586555464,2.506171586555464,1,3.765285953277215,194.85826402492694,0.0062878428678638425,1077.7558561131123,0.8996639190841806,0.2670076521949887,0.09027329995296896,-1
94,57,hybrid_heuristic,-2.506171586555464,2.506171586555464,1,3.765285953277215,194.85826402492694,0.0062878428678638425,1077.7558561131123,0.8996639190841806,0.2670076521949887,0.016037699999287724,-1
94,58,autoreg_rl_pure,-0.24785903987477043,0.24785903987477043,1,2.338344801517414,31.89228964366968,0.00011748396244552993,654.3820183685867,0.9873864943149836,0.14072956148040722,0.08905069995671511,256
94,58,random,-100.0,81300617513.46744,0,55.561917961818146,6262582208936.634,0.08876804904442652,15485.80579578783,0.9873864943149836,3.335788490909489,0.03744739992544055,-1
94,58,latency_greedy,-20.166649243774287,20.166649243774287,1,3.0543724253780584,1560.7200744504244,0.013381150103602506,853.9007296028568,0.9968051799567553,0.18321851918670054,6.960006430745125e-05,-1
94,58,block_balanced,-97.10695700104493,97.10695700104493,1,4.919461874450103,7473.061082948547,0.01872051119690062,1373.6673297458128,0.7017923566737692,0.29592379139108227,8.059991523623466e-05,-1
94,58,pdp_aware_greedy,-2.0955632225293583,2.0955632225293583,1,2.5451636021138393,172.62771968381497,0.005874867827020642,712.0355340475361,0.9928384676301399,0.15248601053413582,0.0005747000686824322,-1
94,58,local_search,-2.0955632225293583,2.0955632225293583,1,2.5451636021138393,172.62771968381497,0.005874867827020642,712.0355340475361,0.9928384676301399,0.15248601053413582,0.014511300018057227,-1
94,58,beam_search,-0.37957866075829183,0.37957866075829183,1,3.5275550994774525,32.87816442913424,0.0002212755708916254,985.786979297251,0.9928384676301399,0.21117004845807616,0.06772240018472075,-1
94,58,simulated_annealing,-2.0955632225293583,2.0955632225293583,1,2.5451636021138393,172.62771968381497,0.005874867827020642,712.0355340475361,0.9928384676301399,0.15248601053413582,0.008235499961301684,-1
94,58,block_beam_strong,-0.2515800774970174,0.2515800774970174,1,2.3754710781304764,31.89293746251017,0.00011755321205846273,664.7167905599806,0.9968051799567553,0.14257744446110318,0.4582364000380039,-1
94,58,block_lns_strong,-0.23954969184872715,0.23954969184872715,1,2.2390626079041454,32.016991215854766,0.00013078827476477694,626.7145101864965,0.9968051799567553,0.1347862310305317,0.0857067999895662,-1
94,58,hybrid_heuristic,-0.23954969184872715,0.23954969184872715,1,2.2390626079041454,32.016991215854766,0.00013078827476477694,626.7145101864965,0.9968051799567553,0.1347862310305317,0.016534300055354834,-1
94,59,autoreg_rl_pure,-0.5495711537016825,0.5495711537016825,1,2.807376100364621,51.520212018926614,0.0017525753988580407,801.8999583496156,0.9939537977653528,0.14503007063521875,0.10852200002409518,256
94,59,random,-100.0,9.24364254985368e+19,0,63.144907108380856,7.120372901542279e+21,0.1598556676655376,17974.81674432565,0.9939537977653528,3.2778811869582705,0.039242800092324615,-1
94,59,latency_greedy,-8947311.74180969,8947311.74180969,1,4.2308272942961045,689210942.1159258,0.05769460487337991,1206.9548666075357,0.9474712335084194,0.22045204557345743,0.0003535000141710043,-1
94,59,block_balanced,-321261.5611982115,321261.5611982115,1,5.781464322401314,24746747.116807245,0.04635265976610111,1648.3364759990277,0.842196652007484,0.3005387451753562,0.00016050017438828945,-1
94,59,pdp_aware_greedy,-3.254051840075703,3.254051840075703,1,3.0308541048365836,258.1247644590364,0.007246412809491662,865.5050470238975,0.9939537977653528,0.15657502564490802,0.0006990998517721891,-1
94,59,local_search,-3.254051840075703,3.254051840075703,1,3.0308541048365836,258.1247644590364,0.007246412809491662,865.5050470238975,0.9939537977653528,0.15657502564490802,0.016698400024324656,-1
94,59,beam_search,-0.5495711537016825,0.5495711537016825,1,2.807376100364621,51.520212018926614,0.0017525753988580407,801.8999583496156,0.9939537977653528,0.14503007063521875,0.07047250005416572,-1
94,59,simulated_annealing,-3.254051840075703,3.254051840075703,1,3.0308541048365836,258.1247644590364,0.007246412809491662,865.5050470238975,0.9939537977653528,0.15657502564490802,0.007944399956613779,-1
94,59,block_beam_strong,-0.5495711537016825,0.5495711537016825,1,2.807376100364621,51.520212018926614,0.0017525753988580407,801.8999583496156,0.9939537977653528,0.14503007063521875,0.24626529985107481,-1
94,59,block_lns_strong,-0.5495711537016825,0.5495711537016825,1,2.807376100364621,51.520212018926614,0.0017525753988580407,801.8999583496156,0.9939537977653528,0.14503007063521875,0.08647640002891421,-1
94,59,hybrid_heuristic,-0.5495711537016825,0.5495711537016825,1,2.807376100364621,51.520212018926614,0.0017525753988580407,801.8999583496156,0.9939537977653528,0.14503007063521875,0.01663119997829199,-1
94,60,autoreg_rl_pure,-0.7689253880029524,0.7689253880029524,1,2.6580517654024693,69.56730148155688,0.0027764312052188035,675.9549210895427,0.9598265817979419,0.20064576100728823,0.24223360000178218,251
94,60,random,-100.0,7.505453338776361e+23,0,86.15373748240584,5.781446683922148e+25,0.19054550211372304,21819.512581113344,0.9130005757042827,6.457205243133001,0.0291166000533849,-1
94,60,latency_greedy,-229095090.4370897,229095090.4370897,1,6.021466609053721,17647182521.2572,0.06874994002109557,1527.6131507381592,0.9598265817979419,0.45158269991515854,6.819982081651688e-05,-1
94,60,block_balanced,-742887744.5402893,742887744.5402893,1,8.756434497589948,57224603106.375114,0.0727605624482163,2220.2397701818445,0.7608338130869022,0.657394420752325,7.230020128190517e-05,-1
94,60,pdp_aware_greedy,-0.9299059247726018,0.9299059247726018,1,2.539136965399185,82.88362366737526,0.0033735301390680054,645.8370624567149,0.9598265817979419,0.19075445331804697,0.0005385999102145433,-1
94,60,local_search,-0.8765897882556268,0.8765897882556268,1,2.506128809986105,79.03094617345036,0.0032112585121420044,637.4859979689556,0.9444019332879171,0.18844663830649652,0.020793900126591325,-1
94,60,beam_search,-0.8299351433650436,0.8299351433650436,1,3.51110757088759,67.69579536970774,0.0026834600446257024,892.0127205741043,0.9598265817979419,0.2653499904029763,0.07021660008467734,-1
94,60,simulated_annealing,-0.8765897882556268,0.8765897882556268,1,2.506128809986105,79.03094617345036,0.0032112585121420044,637.4859979689556,0.9444019332879171,0.18844663830649652,0.0077321999706327915,-1
94,60,block_beam_strong,-0.6218559949742518,0.6218559949742518,1,2.5459162187628275,59.102333534220044,0.0022206471576160613,647.5993635839646,0.9444019332879171,0.19232593268797235,0.3504494000226259,-1
94,60,block_lns_strong,-0.6158987401605632,0.6158987401605632,1,2.486343670625942,59.102333534220044,0.0022206471576160613,632.504196710813,0.9598265817979419,0.18786139528036563,0.08406300004571676,-1
94,60,hybrid_heuristic,-0.6158987401605632,0.6158987401605632,1,2.486343670625942,59.102333534220044,0.0022206471576160613,632.504196710813,0.9598265817979419,0.18786139528036563,0.0163911001291126,-1
94,61,autoreg_rl_pure,-12.995831678175795,12.995831678175795,1,2.8957135958300966,1009.5745298431533,0.011896035329332795,811.0877793781924,0.9301043602737042,0.16504215657987165,0.09599049994722009,256
94,61,random,-100.0,4.568029559262737e+25,0,104.23648529772908,3.5187507210275436e+27,0.2503083411305491,29099.370156916753,0.9190545696456428,5.917622852236628,0.027140799909830093,-1
94,61,latency_greedy,-2381208.2156917327,2381208.2156917327,1,8.404000705748922,183424307.2975265,0.05318167780441343,2348.6428749437855,0.9675360209974365,0.4761343789878825,7.120007649064064e-05,-1
94,61,block_balanced,-686713760.9595506,686713760.9595506,1,12.535193277937731,52897524132.97927,0.07249250506448238,3501.859945572024,0.6908168714425029,0.7109275546669778,8.110003545880318e-05,-1
94,61,pdp_aware_greedy,-610.1464988390802,610.1464988390802,1,3.202832504284029,47005.69267855249,0.024989927626797977,896.8203493010246,0.9675360209974365,0.18317921100787984,0.0006568001117557287,-1
94,61,local_search,-100.0,4.568029559262737e+25,0,104.23648529772908,3.5187507210275436e+27,0.2503083411305491,29099.370156916753,0.9190545696456428,5.917622852236628,0.01963880006223917,-1
94,61,beam_search,-425.36148246548885,425.36148246548885,1,4.754681473845178,32759.758887512216,0.023758971241054333,1330.0318206571524,0.9301043602737042,0.2712540812883167,0.07772129983641207,-1
94,61,simulated_annealing,-100.0,4.568029559262737e+25,0,104.23648529772908,3.5187507210275436e+27,0.2503083411305491,29099.370156916753,0.9190545696456428,5.917622852236628,0.014392399927601218,-1
94,61,block_beam_strong,-13.71712037226694,13.71712037226694,1,2.863882737797077,1065.3805522165972,0.012079461372972111,802.2326071891387,0.9301043602737042,0.16311581612592474,0.4750570000614971,-1
94,61,block_lns_strong,-12.605989036497634,12.605989036497634,1,2.924779233166033,979.321079601718,0.011792311079454984,819.1965712001358,0.9301043602737042,0.16668889004258614,0.08326019998639822,-1
94,61,hybrid_heuristic,-12.605989036497634,12.605989036497634,1,2.924779233166033,979.321079601718,0.011792311079454984,819.1965712001358,0.9301043602737042,0.16668889004258614,0.01535100000910461,-1
94,62,autoreg_rl_pure,-4.0790726779797275,4.0790726779797275,1,4.059312662324475,313.7538646257376,0.007911774062144111,1225.294198597618,0.9646276523520677,0.2565229447797686,0.09695829986594617,256
94,62,random,-100.0,3.504045984443883e+20,0,83.32828285514242,2.6991647436418027e+22,0.1643986710435355,25097.811579536203,0.9191706805915442,5.250264527644758,0.02836370002478361,-1
94,62,latency_greedy,-56152.854201756825,56152.854201756825,1,3.590873606966398,4325454.500856062,0.04040639286233823,1084.1989902041992,0.9646276523520677,0.22715229811855303,6.95998314768076e-05,-1
94,62,block_balanced,-115156596.3786143,115156596.3786143,1,6.6349896816567036,8870506426.331854,0.0664049338052774,2001.0108919417814,0.7126148714618791,0.41846792048261594,7.639988325536251e-05,-1
94,62,pdp_aware_greedy,-55.667828356613306,55.667828356613306,1,3.0116697257823626,4295.702937308552,0.016832866865187097,909.7879192442288,0.9646276523520677,0.19056104509306826,0.0005314999725669622,-1
94,62,local_search,-55.667828356613306,55.667828356613306,1,3.0116697257823626,4295.702937308552,0.016832866865187097,909.7879192442288,0.9646276523520677,0.19056104509306826,0.014423700049519539,-1
94,62,beam_search,-4.382337349900812,4.382337349900812,1,5.596432865547643,325.2738973623401,0.00803470605517282,1688.2105790951377,0.9646276523520677,0.3540070067179675,0.07344259996898472,-1
94,62,simulated_annealing,-55.667828356613306,55.667828356613306,1,3.0116697257823626,4295.702937308552,0.016832866865187097,909.7879192442288,0.9646276523520677,0.19056104509306826,0.007730899844318628,-1
94,62,block_beam_strong,-6.462861577113545,6.462861577113545,1,4.37501729212329,494.9451246833192,0.009465822309319381,1320.3503046958438,0.9646276523520677,0.27721028159690014,0.4937769998796284,-1
94,62,block_lns_strong,-4.389072584599311,4.389072584599311,1,3.937994406575842,338.56765469035366,0.008171266605898928,1188.8017395841296,0.9412584224143492,0.24954286626045594,0.0899812001734972,-1
94,62,hybrid_heuristic,-4.382337349900812,4.382337349900812,1,5.596432865547643,325.2738973623401,0.00803470605517282,1688.2105790951377,0.9646276523520677,0.3540070067179675,0.016262699849903584,-1
94,63,autoreg_rl_pure,-0.507577389936526,0.507577389936526,1,2.560578635365314,50.1865141970209,0.0016631591300370115,579.6587779541106,0.9781446441883188,0.1212786928507859,0.17945810011588037,248
94,63,random,-100.0,4258127591886312.0,0,84.52570473537192,3.280033401665521e+17,0.12581317196197628,19047.123662743248,0.9321343232439195,4.01643459810819,0.030984400073066354,-1
94,63,latency_greedy,-40.80899226302642,40.80899226302642,1,2.7904250593711,3152.8318359354876,0.0157783496100693,631.42262702798,0.9781446441883188,0.1334225228837647,9.239977225661278e-05,-1
94,63,block_balanced,-23.858024072868623,23.858024072868623,1,4.324130469861194,1835.2855402664409,0.01393362221762277,976.9964618215827,0.8456412022196269,0.205926899600278,8.740019984543324e-05,-1
94,63,pdp_aware_greedy,-5320981.869972731,5320981.869972731,1,6.214195254907104,409874931.1824237,0.05592285387131309,1402.8490123839888,0.9781446441883188,0.29538262629892037,0.0007090999279171228,-1
94,63,local_search,-22.267536700356242,22.267536700356242,1,4.261654701277389,1713.251633722768,0.013699044728567377,962.9176762299094,0.882073478013247,0.20296751173325656,0.02142410003580153,-1
94,63,beam_search,-0.8870189437078565,0.8870189437078565,1,5.700272983341149,55.22982801225058,0.001989614340697822,1287.0571526641393,0.9664470882510022,0.2710682492302732,0.06580500002019107,-1
94,63,simulated_annealing,-22.267536700356242,22.267536700356242,1,4.261654701277389,1713.251633722768,0.013699044728567377,962.9176762299094,0.882073478013247,0.20296751173325656,0.008531100116670132,-1
94,63,block_beam_strong,-0.507577389936526,0.507577389936526,1,2.560578635365314,50.1865141970209,0.0016631591300370115,579.6587779541106,0.9781446441883188,0.1212786928507859,0.3587143998593092,-1
94,63,block_lns_strong,-0.507577389936526,0.507577389936526,1,2.560578635365314,50.1865141970209,0.0016631591300370115,579.6587779541106,0.9781446441883188,0.1212786928507859,0.08361589978449047,-1
94,63,hybrid_heuristic,-0.507577389936526,0.507577389936526,1,2.560578635365314,50.1865141970209,0.0016631591300370115,579.6587779541106,0.9781446441883188,0.1212786928507859,0.016905700089409947,-1
95,0,autoreg_rl_pure,-4.611525008873264,4.611525008873264,1,2.8340070092348775,364.207162013008,0.008420135240073328,827.2940932502914,0.9831907834769338,0.17660168575997473,0.1352717000991106,254
95,0,random,-100.0,2.8231274519986564e+21,0,94.72661768740053,2.1746535630728742e+23,0.17151203110777016,27558.30492515347,0.8821130500751515,5.870991893611627,0.029918699990957975,-1
95,0,latency_greedy,-100.0,1197651.2855344524,0,16.739204173153517,92254916.20036043,0.05083870939906898,4872.207924887252,0.9912502593755464,1.0361938229157728,9.829993359744549e-05,-1
95,0,block_balanced,-100.0,44934033.72449607,0,23.037711718033975,3461266062.6777754,0.06319653397813485,6704.440843420776,0.7434376945316599,1.4247986677921693,7.899990305304527e-05,-1
95,0,pdp_aware_greedy,-15.393514193050978,15.393514193050978,1,2.647140572624462,1196.182642113146,0.012474259239155178,772.9308115940019,0.9831907834769338,0.16505298279698866,0.0005051000043749809,-1
95,0,local_search,-15.393514193050978,15.393514193050978,1,2.647140572624462,1196.182642113146,0.012474259239155178,772.9308115940019,0.9831907834769338,0.16505298279698866,0.015776399988681078,-1
95,0,beam_search,-22.0116454145737,22.0116454145737,1,5.337352115430684,1685.2542502792962,0.01364287230963091,1555.512060401582,0.9912502593755464,0.33258462658863747,0.07519110012799501,-1
95,0,simulated_annealing,-15.393514193050978,15.393514193050978,1,2.647140572624462,1196.182642113146,0.012474259239155178,772.9308115940019,0.9831907834769338,0.16505298279698866,0.00838900008238852,-1
95,0,block_beam_strong,-4.611525008873264,4.611525008873264,1,2.8340070092348775,364.207162013008,0.008420135240073328,827.2940932502914,0.9831907834769338,0.17660168575997473,0.42961809993721545,-1
95,0,block_lns_strong,-4.611525008873264,4.611525008873264,1,2.8340070092348775,364.207162013008,0.008420135240073328,827.2940932502914,0.9831907834769338,0.17660168575997473,0.09079560008831322,-1
95,0,hybrid_heuristic,-4.611525008873264,4.611525008873264,1,2.8340070092348775,364.207162013008,0.008420135240073328,827.2940932502914,0.9831907834769338,0.17660168575997473,0.017563499975949526,-1
95,1,autoreg_rl_pure,-0.2207626361753956,0.2207626361753956,1,2.1839233728100886,30.994562556709965,2.0142501985576877e-05,531.6316475763086,0.9798596604448722,0.12587868362773716,0.09398460015654564,256
95,1,random,-100.0,1487498668.3667457,0,67.59298118709486,114581942204.22212,0.075127599116002,16365.537815967276,0.900747125970754,3.9086914729673397,0.028740900103002787,-1
95,1,latency_greedy,-79030.19242856475,79030.19242856475,1,3.8656583151987425,6087692.521572256,0.04157149718554161,938.6665848040045,0.9751173780345451,0.22468449698092116,6.749993190169334e-05,-1
95,1,block_balanced,-524447.0334405255,524447.0334405255,1,5.687312889965382,40398113.87810066,0.048023476756256366,1379.6904127517457,0.7348947453336542,0.32966974203940586,0.00030300021171569824,-1
95,1,pdp_aware_greedy,-13.064164376477029,13.064164376477029,1,2.7468137709735787,1015.9851684834156,0.01191761483945484,667.8461659476673,0.9751173780345451,0.1597744633782824,0.0005284000653773546,-1
95,1,local_search,-13.064164376477029,13.064164376477029,1,2.7468137709735787,1015.9851684834156,0.01191761483945484,667.8461659476673,0.9751173780345451,0.1597744633782824,0.015102700097486377,-1
95,1,beam_search,-0.5556087444162736,0.5556087444162736,1,2.2722733346519965,56.10718104417889,0.0020433456845463395,552.977416633031,0.9729651481224624,0.13141811053220565,0.0672651999630034,-1
95,1,simulated_annealing,-13.064164376477029,13.064164376477029,1,2.7468137709735787,1015.9851684834156,0.01191761483945484,667.8461659476673,0.9751173780345451,0.1597744633782824,0.009013399947434664,-1
95,1,block_beam_strong,-0.22575150002703187,0.22575150002703187,1,2.233812036390888,30.994562363638742,2.0142480748931164e-05,543.7049856578835,0.9729651481224624,0.12875420544213928,0.42793499981053174,-1
95,1,block_lns_strong,-0.2207626361753956,0.2207626361753956,1,2.1839233728100886,30.994562556709965,2.0142501985576877e-05,531.6316475763086,0.9798596604448722,0.12587868362773716,0.08164570014923811,-1
95,1,hybrid_heuristic,-0.2207626361753956,0.2207626361753956,1,2.1839233728100886,30.994562556709965,2.0142501985576877e-05,531.6316475763086,0.9798596604448722,0.12587868362773716,0.015862299827858806,-1
95,2,autoreg_rl_pure,-1.0838126717195309,1.0838126717195309,1,2.4493279980112734,95.43085012967757,0.0038541075395672414,698.0934263838801,0.948709142064034,0.1870182014640139,0.1271819998510182,256
95,2,random,-100.0,4.568029559262737e+25,0,84.56821625559238,3.5187507210275436e+27,0.2070446643610795,24009.821231230017,0.9484458144691997,6.4101541670425455,0.02934910007752478,-1
95,2,latency_greedy,-148776.93329942742,148776.93329942742,1,3.2634128886178657,11460284.871509507,0.043728227008243324,929.1926250247092,0.948709142064034,0.24873357647565264,6.789993494749069e-05,-1
95,2,block_balanced,-1014.0516697898314,1014.0516697898314,1,5.216623239825956,78102.97412825284,0.026720986654558333,1483.6769080513316,0.6922579517224109,0.3963648345950679,7.38000962883234e-05,-1
95,2,pdp_aware_greedy,-3.8420050129634795,3.8420050129634795,1,2.499243486472651,307.5097595959942,0.007843242160985208,712.2695225204103,0.948709142064034,0.1907993280918918,0.0006554999854415655,-1
95,2,local_search,-1.1169973335446095,1.1169973335446095,1,2.398027063203404,98.38223367721021,0.0039579464243801295,683.5379347165504,0.948709142064034,0.1831272678792897,0.02273990004323423,-1
95,2,beam_search,-1.7257225364779605,1.7257225364779605,1,3.778645860067047,134.63740423928184,0.00502750127679356,1075.4622658720052,0.948709142064034,0.28778608333801686,0.07428059983067214,-1
95,2,simulated_annealing,-1.1169973335446095,1.1169973335446095,1,2.398027063203404,98.38223367721021,0.0039579464243801295,683.5379347165504,0.948709142064034,0.1831272678792897,0.007677400019019842,-1
95,2,block_beam_strong,-1.114719872282587,1.114719872282587,1,2.551541923697463,97.02427681072582,0.0039105617588381025,727.1168392243051,0.9230106022965479,0.19441234994068465,0.46018950012512505,-1
95,2,block_lns_strong,-1.0838126717195309,1.0838126717195309,1,2.4493279980112734,95.43085012967757,0.0038541075395672414,698.0934263838801,0.948709142064034,0.1870182014640139,0.07489889999851584,-1
95,2,hybrid_heuristic,-1.0838126717195309,1.0838126717195309,1,2.4493279980112734,95.43085012967757,0.0038541075395672414,698.0934263838801,0.948709142064034,0.1870182014640139,0.015156100038439035,-1
95,3,autoreg_rl_pure,-1.951381830182445,1.951381830182445,1,2.756498205584161,159.89352544170794,0.0056136225801768705,747.8036168930876,0.9592688990036831,0.1608857899570094,0.12260010000318289,255
95,3,random,-100.0,2.9675335283261676e+20,0,73.32108214642965,2.2858894862660244e+22,0.1638321039752431,19812.57225858073,0.9592688990036831,4.274972270332528,0.029879000037908554,-1
95,3,latency_greedy,-16212.482703832904,16212.482703832904,1,4.516241057183152,1248842.6970819917,0.03617113018439916,1223.160186160748,0.9592688990036831,0.26282051886279345,6.819982081651688e-05,-1
95,3,block_balanced,-104840926.88306749,104840926.88306749,1,10.714900169903782,8075890926.584202,0.06608498379978499,2897.9345279678605,0.6805045033603283,0.626160791810152,7.38000962883234e-05,-1
95,3,pdp_aware_greedy,-2.39801473442554,2.39801473442554,1,2.721252063157879,194.56913496213448,0.006282780552387438,738.2576682006189,0.9592688990036831,0.15830749617288814,0.0005323998630046844,-1
95,3,local_search,-2.39801473442554,2.39801473442554,1,2.721252063157879,194.56913496213448,0.006282780552387438,738.2576682006189,0.9592688990036831,0.15830749617288814,0.016086099902167916,-1
95,3,beam_search,-2.3921980031388546,2.3921980031388546,1,2.6630847502913415,194.56913496213204,0.0062827805523873945,722.548161027705,0.9517276759216887,0.155194973666149,0.06947249989025295,-1
95,3,simulated_annealing,-2.39801473442554,2.39801473442554,1,2.721252063157879,194.56913496213448,0.006282780552387438,738.2576682006189,0.9592688990036831,0.15830749617288814,0.008067700080573559,-1
95,3,block_beam_strong,-2.3921980031388546,2.3921980031388546,1,2.6630847502913415,194.56913496213204,0.0062827805523873945,722.548161027705,0.9517276759216887,0.155194973666149,0.4528162002097815,-1
95,3,block_lns_strong,-2.3921980031388546,2.3921980031388546,1,2.6630847502913415,194.56913496213204,0.0062827805523873945,722.548161027705,0.9517276759216887,0.155194973666149,0.07324139983393252,-1
95,3,hybrid_heuristic,-2.3921980031388546,2.3921980031388546,1,2.6630847502913415,194.56913496213204,0.0062827805523873945,722.548161027705,0.9517276759216887,0.155194973666149,0.015085999853909016,-1
95,4,autoreg_rl_pure,-0.5078643719996252,0.5078643719996252,1,2.469857478344224,50.907444996225465,0.0017117841305000208,697.0016240617584,0.9499274350981727,0.12995993429598535,0.08550260006450117,256
95,4,random,-100.0,8.016339408967942e+16,0,50.669700030909844,6.174981949954817e+18,0.13582001587457346,14244.392614841672,0.9399027979794836,2.654603154362702,0.028786899987608194,-1
95,4,latency_greedy,-728314.1751231173,728314.1751231173,1,3.972119136299203,56102002.08672138,0.04914302212233493,1119.2350414008502,0.9499274350981727,0.20793722807793702,6.900005973875523e-05,-1
95,4,block_balanced,-13601810.087198807,13601810.087198807,1,6.557167828740498,1047746682.2594631,0.05912255202895941,1845.8380143334252,0.7239550439945575,0.3442851153839224,7.489998824894428e-05,-1
95,4,pdp_aware_greedy,-1.367309116609649,1.367309116609649,1,2.627957124783084,115.89258687803218,0.004516387299913547,741.4383670027094,0.9399027979794836,0.13845737961526006,0.0005225997883826494,-1
95,4,local_search,-1.2725075568572595,1.2725075568572595,1,2.5685621635363405,109.04754687981283,0.004308835247935075,724.7437180492961,0.9218034736147382,0.1352302657568482,0.02427340019494295,-1
95,4,beam_search,-0.5078643719996252,0.5078643719996252,1,2.469857478344224,50.907444996225465,0.0017117841305000208,697.0016240617584,0.9499274350981727,0.12995993429598535,0.06972029991447926,-1
95,4,simulated_annealing,-1.2725075568572595,1.2725075568572595,1,2.5685621635363405,109.04754687981283,0.004308835247935075,724.7437180492961,0.9218034736147382,0.1352302657568482,0.007835900178179145,-1
95,4,block_beam_strong,-0.5689687338773894,0.5689687338773894,1,2.5212069896345115,55.21876570622948,0.001988931421437589,711.4349670431895,0.868746052793469,0.1327506366937965,0.3941211998462677,-1
95,4,block_lns_strong,-0.5078643719996252,0.5078643719996252,1,2.469857478344224,50.907444996225465,0.0017117841305000208,697.0016240617584,0.9499274350981727,0.12995993429598535,0.07968520000576973,-1
95,4,hybrid_heuristic,-0.5078643719996252,0.5078643719996252,1,2.469857478344224,50.907444996225465,0.0017117841305000208,697.0016240617584,0.9499274350981727,0.12995993429598535,0.014945799950510263,-1
95,5,autoreg_rl_pure,-0.25559632281924194,0.25559632281924194,1,2.555961174234574,30.8119943815501,1.7505934923264218e-09,712.9195337289143,0.9472628528961503,0.12415048132534351,0.17757820012047887,256
95,5,random,-100.0,2.9553092801652856e+16,0,72.04978569664654,2.2764731544599165e+18,0.13241803721460813,20013.7270276743,0.9430500024599873,3.5133623652027626,0.029315699823200703,-1
95,5,latency_greedy,-6841456.160343986,6841456.160343986,1,12.46586645424058,526996936.1154203,0.05677973406834281,3465.1584842486527,0.9430500024599873,0.6079820614651541,6.880005821585655e-05,-1
95,5,block_balanced,-100.0,67037255472.74271,0,26.944881251352037,5163876195678.967,0.08811039486354919,7486.544642876081,0.7893857107467919,1.3119001249915938,7.790001109242439e-05,-1
95,5,pdp_aware_greedy,-0.3164674863388298,0.3164674863388298,1,2.747500008060987,34.025474234444935,0.00033821404606503046,766.1164295897632,0.9472628528961503,0.13345408055515787,0.000502200098708272,-1
95,5,local_search,-0.3164674863388298,0.3164674863388298,1,2.747500008060987,34.025474234444935,0.00033821404606503046,766.1164295897632,0.9472628528961503,0.13345408055515787,0.015828799922019243,-1
95,5,beam_search,-0.3032302507786438,0.3032302507786438,1,2.827453335006692,32.389930639850746,0.00017026985144567646,788.3222075110893,0.9472628528961503,0.1373376465983097,0.06863459991291165,-1
95,5,simulated_annealing,-0.3164674863388298,0.3164674863388298,1,2.747500008060987,34.025474234444935,0.00033821404606503046,766.1164295897632,0.9472628528961503,0.13345408055515787,0.008281199960038066,-1
95,5,block_beam_strong,-0.2735663904526235,0.2735663904526235,1,2.599658899859171,31.859624381884807,0.0001139903330353664,725.055889124679,0.9472628528961503,0.12627300717738085,0.3019242000300437,-1
95,5,block_lns_strong,-0.2735663904526235,0.2735663904526235,1,2.599658899859171,31.859624381884807,0.0001139903330353664,725.055889124679,0.9472628528961503,0.12627300717738085,0.08761380007490516,-1
95,5,hybrid_heuristic,-0.2735663904526235,0.2735663904526235,1,2.599658899859171,31.859624381884807,0.0001139903330353664,725.055889124679,0.9472628528961503,0.12627300717738085,0.016967900097370148,-1
95,6,autoreg_rl_pure,-0.7695609233257088,0.7695609233257088,1,2.524502377490122,70.64498695266555,0.0028288393015513617,548.9888495668777,0.9982848481116898,0.0900573478505893,0.08896819991059601,256
95,6,random,-100.0,4.568029559262737e+25,0,89.5449206992602,3.5187507210275436e+27,0.23730703410032844,19374.710301197338,0.9534333054469173,3.166457540290401,0.02746999985538423,-1
95,6,latency_greedy,-2.767676847699513,2.767676847699513,1,2.8348880333356568,222.1688504644805,0.006735012843216118,616.1183006348326,0.9534333054469173,0.10111837878814146,0.00013040006160736084,-1
95,6,block_balanced,-7104.379304391403,7104.379304391403,1,5.460661671950322,547238.7055521563,0.03335823290053636,1184.1905985776875,0.6987993936781829,0.19342293443362815,0.0002616001293063164,-1
95,6,pdp_aware_greedy,-26.54596029241824,26.54596029241824,1,2.8279605371059526,2053.862112156969,0.014317233123913345,614.6373804574821,0.9982848481116898,0.1008487578941663,0.0007080999203026295,-1
95,6,local_search,-2.767676847699513,2.767676847699513,1,2.8348880333356568,222.1688504644805,0.006735012843216118,616.1183006348326,0.9534333054469173,0.10111837878814146,0.015063300030305982,-1
95,6,beam_search,-0.9722933969845594,0.9722933969845594,1,2.4329535997894935,86.96665827603236,0.003537469919036462,529.1828047197857,0.9982848481116898,0.08689953632826092,0.07037679990753531,-1
95,6,simulated_annealing,-2.767676847699513,2.767676847699513,1,2.8348880333356568,222.1688504644805,0.006735012843216118,616.1183006348326,0.9534333054469173,0.10111837878814146,0.008886100025847554,-1
95,6,block_beam_strong,-0.8366552046484681,0.8366552046484681,1,2.4960461149612336,76.03245428442536,0.0030793928872696495,542.8305649249975,0.9341615565730538,0.08915289379271905,0.4814168999437243,-1
95,6,block_lns_strong,-0.8366552046484681,0.8366552046484681,1,2.4960461149612336,76.03245428442536,0.0030793928872696495,542.8305649249975,0.9341615565730538,0.08915289379271905,0.08068150002509356,-1
95,6,hybrid_heuristic,-0.8366552046484681,0.8366552046484681,1,2.4960461149612336,76.03245428442536,0.0030793928872696495,542.8305649249975,0.9341615565730538,0.08915289379271905,0.015310100046917796,-1
95,7,autoreg_rl_pure,-40.50802532772166,40.50802532772166,1,2.7354379997282248,3130.071934066545,0.015753649677997267,669.7416563908669,0.9634026151720013,0.1312175689481611,0.10173830017447472,256
95,7,random,-100.0,4.568029559262737e+25,0,91.09952016117732,3.5187507210275436e+27,0.2672393842736197,22209.213454757548,0.869843349027037,4.389428080339314,0.031395699828863144,-1
95,7,latency_greedy,-209524.23458024152,209524.23458024152,1,5.767918895314187,16139626.940907355,0.04489550670772584,1408.8763769342756,0.9948229493578521,0.28190196590138283,6.780005060136318e-05,-1
95,7,block_balanced,-434358.5496668391,434358.5496668391,1,10.373689618748093,33458566.702638663,0.047380924889741514,2531.6128842119765,0.6963760645504965,0.5044840186658616,7.860013283789158e-05,-1
95,7,pdp_aware_greedy,-112.6787337907946,112.6787337907946,1,2.9478995872203524,8687.741148143683,0.019233966573356544,721.5289903886213,0.9948229493578521,0.14369874142857872,0.0005690997932106256,-1
95,7,local_search,-100.0,4.568029559262737e+25,0,91.09952016117732,3.5187507210275436e+27,0.2672393842736197,22209.213454757548,0.869843349027037,4.389428080339314,0.019063400104641914,-1
95,7,beam_search,-320.42943954001765,320.42943954001765,1,2.821907220475399,24691.737395054657,0.022795077401627204,690.8324329967598,0.9634026151720013,0.13607859694358612,0.0740153999067843,-1
95,7,simulated_annealing,-100.0,4.568029559262737e+25,0,91.09952016117732,3.5187507210275436e+27,0.2672393842736197,22209.213454757548,0.869843349027037,4.389428080339314,0.012213399866595864,-1
95,7,block_beam_strong,-40.50802532772166,40.50802532772166,1,2.7354379997282248,3130.071934066545,0.015753649677997267,669.7416563908669,0.9634026151720013,0.1312175689481611,0.43773410003632307,-1
95,7,block_lns_strong,-40.50802532772166,40.50802532772166,1,2.7354379997282248,3130.071934066545,0.015753649677997267,669.7416563908669,0.9634026151720013,0.1312175689481611,0.08582619996741414,-1
95,7,hybrid_heuristic,-40.50802532772166,40.50802532772166,1,2.7354379997282248,3130.071934066545,0.015753649677997267,669.7416563908669,0.9634026151720013,0.1312175689481611,0.016426400048658252,-1
95,8,autoreg_rl_pure,-19.29864929477057,19.29864929477057,1,2.9393874753939793,1494.7438133570365,0.013233897854237866,825.3876631934594,0.9269085044953679,0.20406431599783673,0.08665419998578727,256
95,8,random,-100.0,4.568029559262737e+25,0,85.12110722127235,3.5187507210275436e+27,0.23114588985132095,23820.634206485993,0.9269085044953679,5.882301886232008,0.030428200028836727,-1
95,8,latency_greedy,-24752.451734460974,24752.451734460974,1,4.326674709809597,1906677.5139958635,0.03761372053740924,1213.5182871907411,0.9733616791079962,0.29787481335754085,6.980006583034992e-05,-1
95,8,block_balanced,-1731265.9020639514,1731265.9020639514,1,7.2492866952615325,133359294.61056612,0.05209497426485968,2031.333912192964,0.7209288368297305,0.4998464510334206,0.00018969993107020855,-1
95,8,pdp_aware_greedy,-353.9000373004806,353.9000373004806,1,3.1097614146835197,27267.75840719762,0.023133394974054318,873.0234050312322,0.9733616791079962,0.21409504136864038,0.000875100027769804,-1
95,8,local_search,-100.0,4.568029559262737e+25,0,85.12110722127235,3.5187507210275436e+27,0.23114588985132095,23820.634206485993,0.9269085044953679,5.882301886232008,0.01748180016875267,-1
95,8,beam_search,-19.29864929477057,19.29864929477057,1,2.9393874753939793,1494.7438133570365,0.013233897854237866,825.3876631934594,0.9269085044953679,0.20406431599783673,0.07589780003763735,-1
95,8,simulated_annealing,-100.0,4.568029559262737e+25,0,85.12110722127235,3.5187507210275436e+27,0.23114588985132095,23820.634206485993,0.9269085044953679,5.882301886232008,0.012575400061905384,-1
95,8,block_beam_strong,-19.29864929477057,19.29864929477057,1,2.9393874753939793,1494.7438133570365,0.013233897854237866,825.3876631934594,0.9269085044953679,0.20406431599783673,0.386614500079304,-1
95,8,block_lns_strong,-19.29864929477057,19.29864929477057,1,2.9393874753939793,1494.7438133570365,0.013233897854237866,825.3876631934594,0.9269085044953679,0.20406431599783673,0.07967679994180799,-1
95,8,hybrid_heuristic,-19.29864929477057,19.29864929477057,1,2.9393874753939793,1494.7438133570365,0.013233897854237866,825.3876631934594,0.9269085044953679,0.20406431599783673,0.017849300056695938,-1
95,9,autoreg_rl_pure,-0.19954454735583135,0.19954454735583135,1,1.995445473558183,30.81197855992483,1.1092292218786165e-16,476.1584062023268,0.947559908291644,0.11435687405338268,0.08729840000160038,256
95,9,random,-100.0,321.2891903719172,0,41.87086267589525,24457.170060983113,0.022762535656207627,9932.939719962258,0.9147133311428948,2.3890531155643524,0.03154540015384555,-1
95,9,latency_greedy,-0.2491733505948837,0.2491733505948837,1,2.307316755062086,32.232539803527175,0.00015366325518515332,550.037992710864,0.9965196956961361,0.13252011745464168,7.08999577909708e-05,-1
95,9,block_balanced,-0.36317372560783157,0.36317372560783157,1,3.4348534467681517,32.32857348773905,0.00016380556287944842,817.4961693020377,0.7622611092857456,0.19642595671982324,7.230020128190517e-05,-1
95,9,pdp_aware_greedy,-0.22456166972567457,0.22456166972567457,1,2.2438615494561036,30.825498454024547,1.49558921684161e-06,535.0605178098468,0.9965196956961361,0.1280973557470806,0.0005262000486254692,-1
95,9,local_search,-0.22456166972567457,0.22456166972567457,1,2.2438615494561036,30.825498454024547,1.49558921684161e-06,535.0605178098468,0.9965196956961361,0.1280973557470806,0.016286300029605627,-1
95,9,beam_search,-0.21599091041226126,0.21599091041226126,1,2.064591758927839,31.546207559056384,8.028640508904268e-05,492.47720113739285,0.9965196956961361,0.11866485679880684,0.06346999993547797,-1
95,9,simulated_annealing,-0.22456166972567457,0.22456166972567457,1,2.2438615494561036,30.825498454024547,1.49558921684161e-06,535.0605178098468,0.9965196956961361,0.1280973557470806,0.008838600013405085,-1
95,9,block_beam_strong,-0.2036921766352023,0.2036921766352023,1,2.0369217663518926,30.81197855992483,1.1092292218786165e-16,486.00063166883206,0.947559908291644,0.1164649540443971,0.34919689991511405,-1
95,9,block_lns_strong,-0.19954454735583135,0.19954454735583135,1,1.995445473558183,30.81197855992483,1.1092292218786165e-16,476.1584062023268,0.947559908291644,0.11435687405338268,0.08018149994313717,-1
95,9,hybrid_heuristic,-0.19954454735583135,0.19954454735583135,1,1.995445473558183,30.81197855992483,1.1092292218786165e-16,476.1584062023268,0.947559908291644,0.11435687405338268,0.015205400064587593,-1
95,10,autoreg_rl_pure,-0.1667260530905821,0.1667260530905821,1,1.5858865985397086,31.438801524774163,6.865918781115585e-05,470.1499255539203,0.9967332607778925,0.11202088118033177,0.08859660010784864,256
95,10,random,-100.0,4.568029559262737e+25,0,91.35850267029144,3.5187507210275436e+27,0.22763618718728876,26915.63527645774,0.954051087262447,6.4657788938462515,0.029052400030195713,-1
95,10,latency_greedy,-486826.1547802941,486826.1547802941,1,4.507103869631215,37500188.70253306,0.0477697048616908,1330.643339337681,0.9967332607778925,0.3203834779593253,6.929994560778141e-05,-1
95,10,block_balanced,-484717.01709699124,484717.01709699124,1,6.797618440539847,37337704.296016954,0.04775490101083424,2005.4549490332586,0.6814650623303193,0.48216075787310714,7.650000043213367e-05,-1
95,10,pdp_aware_greedy,-1.3319380674461105,1.3319380674461105,1,1.682068354720573,120.45413298266949,0.004648000759421013,498.48340045928285,0.9967332607778925,0.11881478756101077,0.00091559998691082,-1
95,10,local_search,-1.3319380674461105,1.3319380674461105,1,1.682068354720573,120.45413298266949,0.004648000759421013,498.48340045928285,0.9967332607778925,0.11881478756101077,0.014127100119367242,-1
95,10,beam_search,-0.1667260530905821,0.1667260530905821,1,1.5858865985397086,31.438801524774163,6.865918781115585e-05,470.1499255539203,0.9967332607778925,0.11202088118033177,0.07120330003090203,-1
95,10,simulated_annealing,-1.3319380674461105,1.3319380674461105,1,1.682068354720573,120.45413298266949,0.004648000759421013,498.48340045928285,0.9967332607778925,0.11881478756101077,0.009511400014162064,-1
95,10,block_beam_strong,-0.1667260530905821,0.1667260530905821,1,1.5858865985397086,31.438801524774163,6.865918781115585e-05,470.1499255539203,0.9967332607778925,0.11202088118033177,0.4781192000955343,-1
95,10,block_lns_strong,-0.1667260530905821,0.1667260530905821,1,1.5858865985397086,31.438801524774163,6.865918781115585e-05,470.1499255539203,0.9967332607778925,0.11202088118033177,0.05519869993440807,-1
95,10,hybrid_heuristic,-0.1667260530905821,0.1667260530905821,1,1.5858865985397086,31.438801524774163,6.865918781115585e-05,470.1499255539203,0.9967332607778925,0.11202088118033177,0.0155627999920398,-1
95,11,autoreg_rl_pure,-0.534525504838805,0.534525504838805,1,2.714851078634047,51.07396623992354,0.0017229176608234125,738.8295982075279,0.979460808641752,0.17492602304284036,0.08055489999242127,256
95,11,random,-100.0,1.4224075165931848e+17,0,62.98064741165118,1.0956797476185926e+19,0.13777504185018286,17075.107316977897,0.9159587812490594,4.053565177206665,0.028195899911224842,-1
95,11,latency_greedy,-17577.996028594996,17577.996028594996,1,4.914252725684449,1354025.0494148924,0.03644681397100299,1334.9884293401399,0.979460808641752,0.3189322052767441,6.820005364716053e-05,-1
95,11,block_balanced,-189023136.30565885,189023136.30565885,1,9.09540880335113,14560442018.69889,0.06809445872107665,2468.440193380841,0.6856225660492263,0.5881759590177154,7.589999586343765e-05,-1
95,11,pdp_aware_greedy,-5.292070059391385,5.292070059391385,1,2.817035863675482,416.76023942035283,0.008879656860477626,766.506496643201,0.979460808641752,0.18272135894757222,0.0006412998773157597,-1
95,11,local_search,-5.292070059391385,5.292070059391385,1,2.817035863675482,416.76023942035283,0.008879656860477626,766.506496643201,0.979460808641752,0.18272135894757222,0.01512669981457293,-1
95,11,beam_search,-3.41983689817858,3.41983689817858,1,2.841451314707268,272.3541472757539,0.007429351688487112,773.160784591413,0.979460808641752,0.184097707948734,0.07597930007614195,-1
95,11,simulated_annealing,-5.292070059391385,5.292070059391385,1,2.817035863675482,416.76023942035283,0.008879656860477626,766.506496643201,0.979460808641752,0.18272135894757222,0.009706099983304739,-1
95,11,block_beam_strong,-0.5440560887632768,0.5440560887632768,1,2.780742761393466,51.30054332966937,0.0017380083387784622,756.6759702824689,0.979460808641752,0.17946455109226941,0.501216399949044,-1
95,11,block_lns_strong,-0.5440560887632768,0.5440560887632768,1,2.780742761393466,51.30054332966937,0.0017380083387784622,756.6759702824689,0.979460808641752,0.17946455109226941,0.08187460014596581,-1
95,11,hybrid_heuristic,-0.5440560887632768,0.5440560887632768,1,2.780742761393466,51.30054332966937,0.0017380083387784622,756.6759702824689,0.979460808641752,0.17946455109226941,0.015139099908992648,-1
95,12,autoreg_rl_pure,-0.21637905071560487,0.21637905071560487,1,1.6519087800613987,34.75500076003811,0.0004105369882694517,400.7347869230493,0.9951617569789565,0.09737911645272129,0.08596090017817914,256
95,12,random,-100.0,1.5327130052530746e+21,0,70.90139575363092,1.1806480064093537e+23,0.16942966480474925,17075.998844457998,0.932001853929382,4.136558508733887,0.029930099844932556,-1
95,12,latency_greedy,-1634.6131789406827,1634.6131789406827,1,3.3576081016179398,125919.1138995731,0.028349265430586863,811.3075983473896,0.9951617569789565,0.19563159501800306,6.84000551700592e-05,-1
95,12,block_balanced,-2884.9023697839434,2884.9023697839434,1,5.026935923375667,222215.96443122736,0.030285731306043676,1213.376702739833,0.6634411713193044,0.2936191421926664,7.309997454285622e-05,-1
95,12,pdp_aware_greedy,-0.6495300741932957,0.6495300741932957,1,1.6971597641452545,67.77203279369549,0.0026872972582076917,411.62900285446074,0.9497609730335055,0.10001968724069846,0.0005504000000655651,-1
95,12,local_search,-0.6495300741932957,0.6495300741932957,1,1.6971597641452545,67.77203279369549,0.0026872972582076917,411.62900285446074,0.9497609730335055,0.10001968724069846,0.016144299879670143,-1
95,12,beam_search,-0.21637905071560487,0.21637905071560487,1,1.6519087800613987,34.75500076003811,0.0004105369882694517,400.7347869230493,0.9951617569789565,0.09737911645272129,0.0789775000885129,-1
95,12,simulated_annealing,-0.6495300741932957,0.6495300741932957,1,1.6971597641452545,67.77203279369549,0.0026872972582076917,411.62900285446074,0.9497609730335055,0.10001968724069846,0.00938930013217032,-1
95,12,block_beam_strong,-0.21637905071560487,0.21637905071560487,1,1.6519087800613987,34.75500076003811,0.0004105369882694517,400.7347869230493,0.9951617569789565,0.09737911645272129,0.567963499808684,-1
95,12,block_lns_strong,-0.21637905071560487,0.21637905071560487,1,1.6519087800613987,34.75500076003811,0.0004105369882694517,400.7347869230493,0.9951617569789565,0.09737911645272129,0.07245089998468757,-1
95,12,hybrid_heuristic,-0.21637905071560487,0.21637905071560487,1,1.6519087800613987,34.75500076003811,0.0004105369882694517,400.7347869230493,0.9951617569789565,0.09737911645272129,0.01521169999614358,-1
95,13,autoreg_rl_pure,-1.3169188311895865,1.3169188311895865,1,2.6882313822189547,111.54673361109631,0.00438608674823787,729.7990046941127,0.9543928620887433,0.14969526984335063,0.09846709994599223,256
95,13,random,-100.0,6.478865621024355e+21,0,69.70761835276886,4.990666715190749e+23,0.17434406319926526,18852.019407332544,0.9198887809683473,3.9012190118924033,0.03051230008713901,-1
95,13,latency_greedy,-3514582.783384448,3514582.783384448,1,4.309286457071044,270728121.03936565,0.05450892793418951,1168.067434508362,0.9925649020525085,0.2419001058130336,6.92000612616539e-05,-1
95,13,block_balanced,-3464172394.712066,3464172394.712066,1,7.533317296690571,266845013857.15326,0.07800967043900241,2039.8977675696342,0.7940519216420068,0.4216849904794412,7.680011913180351e-05,-1
95,13,pdp_aware_greedy,-1.6477316587251831,1.6477316587251831,1,2.6373267136077247,137.42134637399508,0.005097275746744905,716.0219530684095,0.9925649020525085,0.1468606224411786,0.0005504000000655651,-1
95,13,local_search,-1.6241560050539592,1.6241560050539592,1,2.481424837077792,136.80622635463328,0.005081981314765213,673.8666983303162,0.9925649020525085,0.13817916234418007,0.022970300167798996,-1
95,13,beam_search,-1.094467725700578,1.094467725700578,1,2.6143656103148745,94.9803245237548,0.0038379746656515504,709.8164972779146,0.9198887809683473,0.14558202396336184,0.0663368001114577,-1
95,13,simulated_annealing,-1.6241560050539592,1.6241560050539592,1,2.481424837077792,136.80622635463328,0.005081981314765213,673.8666983303162,0.9925649020525085,0.13817916234418007,0.00731780007481575,-1
95,13,block_beam_strong,-1.135580888816338,1.135580888816338,1,2.543038617142755,98.69670072097921,0.003968826181072095,690.5115058664605,0.9925649020525085,0.1416101510209361,0.24703549989499152,-1
95,13,block_lns_strong,-1.094467725700578,1.094467725700578,1,2.6143656103148745,94.9803245237548,0.0038379746656515504,709.8164972779146,0.9198887809683473,0.14558202396336184,0.08624039986170828,-1
95,13,hybrid_heuristic,-1.094467725700578,1.094467725700578,1,2.6143656103148745,94.9803245237548,0.0038379746656515504,709.8164972779146,0.9198887809683473,0.14558202396336184,0.015620799968019128,-1
95,14,autoreg_rl_pure,-0.31583045558145284,0.31583045558145284,1,2.5560267686092595,35.45132112654561,0.00047816568219827683,728.2979208986187,0.9637032611540359,0.17491294643630617,0.08459180011413991,256
95,14,random,-100.0,56047548227.13864,0,53.62972684127643,4317339635394.933,0.08749998206731772,15222.305112509797,0.9637032611540359,3.6796488180459517,0.028246099827811122,-1
95,14,latency_greedy,-95646.02610258559,95646.02610258559,1,4.37744704878231,7367605.35656436,0.042222055184910914,1245.1018578449693,0.9555469883876728,0.3020062680624803,6.870017386972904e-05,-1
95,14,block_balanced,-1548183.5316892872,1548183.5316892872,1,6.325623808855248,119256476.54882592,0.05171392500774348,1798.0282111105316,0.7166602412907546,0.43519360436931004,7.309997454285622e-05,-1
95,14,pdp_aware_greedy,-0.31583045558145284,0.31583045558145284,1,2.5560267686092595,35.45132112654561,0.00047816568219827683,728.2979208986187,0.9637032611540359,0.17491294643630617,0.0007440000772476196,-1
95,14,local_search,-0.31583045558145284,0.31583045558145284,1,2.5560267686092595,35.45132112654561,0.00047816568219827683,728.2979208986187,0.9637032611540359,0.17491294643630617,0.01563089992851019,-1
95,14,beam_search,-0.31583045558145284,0.31583045558145284,1,2.5560267686092595,35.45132112654561,0.00047816568219827683,728.2979208986187,0.9637032611540359,0.17491294643630617,0.06935719982720912,-1
95,14,simulated_annealing,-0.31583045558145284,0.31583045558145284,1,2.5560267686092595,35.45132112654561,0.00047816568219827683,728.2979208986187,0.9637032611540359,0.17491294643630617,0.0076054001692682505,-1
95,14,block_beam_strong,-0.31583045558145284,0.31583045558145284,1,2.5560267686092595,35.45132112654561,0.00047816568219827683,728.2979208986187,0.9637032611540359,0.17491294643630617,0.4406745999585837,-1
95,14,block_lns_strong,-0.31583045558145284,0.31583045558145284,1,2.5560267686092595,35.45132112654561,0.00047816568219827683,728.2979208986187,0.9637032611540359,0.17491294643630617,0.08061389997601509,-1
95,14,hybrid_heuristic,-0.31583045558145284,0.31583045558145284,1,2.5560267686092595,35.45132112654561,0.00047816568219827683,728.2979208986187,0.9637032611540359,0.17491294643630617,0.016422800021246076,-1
95,15,autoreg_rl_pure,-0.27712924767152475,0.27712924767152475,1,2.231520869231427,34.9698363591856,0.00043154592123519157,667.0341660599909,0.9770990553374674,0.12127175203951528,0.1506806998513639,253
95,15,random,-100.0,2732954284567895.5,0,52.58824383224434,2.1051932205339446e+17,0.12430136976367523,15655.244244472327,0.893177614895601,2.842771344037655,0.02917229989543557,-1
95,15,latency_greedy,-2272.9267565729924,2272.9267565729924,1,3.688704850122382,175085.82413438155,0.029473065927320748,1100.7300282625954,0.9279079300109215,0.20042172972239577,7.100007496774197e-05,-1
95,15,block_balanced,-16790.432910075353,16790.432910075353,1,5.333700774485771,1293355.8736027856,0.03629053102612474,1590.3662201164016,0.7443146790796675,0.28897452050786093,0.00013369997031986713,-1
95,15,pdp_aware_greedy,-0.29383388604241195,0.29383388604241195,1,2.292334814361578,35.788144264149594,0.000510403703921133,685.1360475431579,0.9358365690627559,0.1245643413153958,0.0007446000818163157,-1
95,15,local_search,-0.27712924767152475,0.27712924767152475,1,2.231520869231427,34.9698363591856,0.00043154592123519157,667.0341660599909,0.9770990553374674,0.12127175203951528,0.02285980014130473,-1
95,15,beam_search,-0.27712924767152475,0.27712924767152475,1,2.231520869231427,34.9698363591856,0.00043154592123519157,667.0341660599909,0.9770990553374674,0.12127175203951528,0.07719370000995696,-1
95,15,simulated_annealing,-0.27712924767152475,0.27712924767152475,1,2.231520869231427,34.9698363591856,0.00043154592123519157,667.0341660599909,0.9770990553374674,0.12127175203951528,0.00881989998742938,-1
95,15,block_beam_strong,-0.2778892727958804,0.2778892727958804,1,2.2395906246441992,34.966219771086685,0.0004311933216528672,669.439363059062,0.9770990553374674,0.12170653590922972,0.4061763999052346,-1
95,15,block_lns_strong,-0.27712924767152475,0.27712924767152475,1,2.231520869231427,34.9698363591856,0.00043154592123519157,667.0341660599909,0.9770990553374674,0.12127175203951528,0.08696049987338483,-1
95,15,hybrid_heuristic,-0.27712924767152475,0.27712924767152475,1,2.231520869231427,34.9698363591856,0.00043154592123519157,667.0341660599909,0.9770990553374674,0.12127175203951528,0.018081200076267123,-1
95,16,autoreg_rl_pure,-0.33202906950538846,0.33202906950538846,1,2.392792994532222,37.95648837563686,0.0007109464120357994,588.3322673536842,0.9618150137778368,0.1275868148506129,0.08818649989552796,256
95,16,random,-100.0,26863189668.69214,0,63.610397036881665,2069270059848.0952,0.08499270006753765,15565.584448774312,0.9250459108449811,3.3737943385170834,0.031095500104129314,-1
95,16,latency_greedy,-524.1157857948805,524.1157857948805,1,2.9494263999811228,40380.70344988357,0.024472011598109997,724.5029560469335,0.9250459108449811,0.15722870218983231,7.400009781122208e-05,-1
95,16,block_balanced,-88.17596284833519,88.17596284833519,1,4.236520846572655,6790.367773145465,0.018393910160906416,1039.4229075670505,0.7057130007453288,0.22508051588318959,0.00011090002954006195,-1
95,16,pdp_aware_greedy,-1.592533826861237,1.592533826861237,1,2.514841298808514,134.1129648378038,0.0050141957927957075,618.1818329754043,0.9250459108449811,0.1332038942791251,0.0017895998898893595,-1
95,16,local_search,-1.592533826861237,1.592533826861237,1,2.514841298808514,134.1129648378038,0.0050141957927957075,618.1818329754043,0.9250459108449811,0.1332038942791251,0.015169400023296475,-1
95,16,beam_search,-1.592533826861237,1.592533826861237,1,2.514841298808514,134.1129648378038,0.0050141957927957075,618.1818329754043,0.9250459108449811,0.1332038942791251,0.06792830000631511,-1
95,16,simulated_annealing,-1.592533826861237,1.592533826861237,1,2.514841298808514,134.1129648378038,0.0050141957927957075,618.1818329754043,0.9250459108449811,0.1332038942791251,0.007568700006231666,-1
95,16,block_beam_strong,-0.40141385382947015,0.40141385382947015,1,2.2778535306154906,44.186572667556085,0.0012290799978181943,560.2058290755701,0.9250459108449811,0.12161048512021211,0.34489049995318055,-1
95,16,block_lns_strong,-0.40141385382947015,0.40141385382947015,1,2.2778535306154906,44.186572667556085,0.0012290799978181943,560.2058290755701,0.9250459108449811,0.12161048512021211,0.07121769990772009,-1
95,16,hybrid_heuristic,-0.40141385382947015,0.40141385382947015,1,2.2778535306154906,44.186572667556085,0.0012290799978181943,560.2058290755701,0.9250459108449811,0.12161048512021211,0.014830600004643202,-1
95,17,autoreg_rl_pure,-421.79886788138873,421.79886788138873,1,3.493984029577563,32495.042022711634,0.023731311035326726,993.4454667575982,0.9492785935760071,0.21501012409293654,0.610912499949336,229
95,17,random,-100.0,4.568029559262737e+25,0,120.58969745494637,3.5187507210275436e+27,0.3024587228038767,34187.85509958377,0.8944740954035657,7.387102719208018,0.02862449991516769,-1
95,17,latency_greedy,-2770968.810240976,2770968.810240976,1,4.106915162330228,213447578.10483953,0.05369847730589697,1167.1020608252736,0.9982582765172139,0.25111620574215,6.760004907846451e-05,-1
95,17,block_balanced,-579533448.0946078,579533448.0946078,1,6.82788408357345,44641430421.84129,0.0719139818130369,1938.5181349129448,0.7453950795029715,0.4182233203036954,7.880013436079025e-05,-1
95,17,pdp_aware_greedy,-9263.193848209221,9263.193848209221,1,3.639675826031075,713546.1011937828,0.034262907790264543,1034.7208741745599,0.9982582765172139,0.22424377646320065,0.0005326000973582268,-1
95,17,local_search,-100.0,4.568029559262737e+25,0,120.58969745494637,3.5187507210275436e+27,0.3024587228038767,34187.85509958377,0.8944740954035657,7.387102719208018,0.0190932999830693,-1
95,17,beam_search,-523.2966280609061,523.2966280609061,1,3.177275262066484,40315.848654979156,0.02446653171762634,903.6508416916212,0.9982582765172139,0.1956148836332654,0.06649879994802177,-1
95,17,simulated_annealing,-100.0,4.568029559262737e+25,0,120.58969745494637,3.5187507210275436e+27,0.3024587228038767,34187.85509958377,0.8944740954035657,7.387102719208018,0.012451500166207552,-1
95,17,block_beam_strong,-523.2966280609061,523.2966280609061,1,3.177275262066484,40315.848654979156,0.02446653171762634,903.6508416916212,0.9982582765172139,0.1956148836332654,0.36711509991437197,-1
95,17,block_lns_strong,-100.0,9839905963.943005,0,5.720888290553873,757967428968.4402,0.08156879266396803,1624.8920606062065,3.8158215728083262,0.35497999926338797,0.07707299990579486,-1
95,17,hybrid_heuristic,-100.0,4.568029559262737e+25,0,120.58969745494637,3.5187507210275436e+27,0.3024587228038767,34187.85509958377,0.8944740954035657,7.387102719208018,0.0196427998598665,-1
95,18,autoreg_rl_pure,-112.2931479167949,112.2931479167949,1,3.6687710134466793,8652.486620204625,0.019220103976726025,839.3978042722599,0.9270775438230463,0.18847840568337607,0.4092566999606788,224
95,18,random,-100.0,4.568029559262737e+25,0,113.66348812219118,3.5187507210275436e+27,0.32948839533353047,25912.711804471022,0.9146899742209339,5.816207400838101,0.02900370000861585,-1
95,18,latency_greedy,-72705837.44339445,72705837.44339445,1,8.946001455131954,5600526723.118919,0.06483713570313708,2042.274129417065,0.999027425785642,0.45636098464940206,0.00014050002209842205,-1
95,18,block_balanced,-100191182232.88866,100191182232.88866,1,15.288553160831714,7717721397046.009,0.08948032381764709,3488.107744197744,0.7622416451841115,0.781071055188444,8.779997006058693e-05,-1
95,18,pdp_aware_greedy,-20286794.790198464,20286794.790198464,1,6.060381254129293,1562690699.4418175,0.06048544312742643,1384.560390220228,0.999027425785642,0.31265875224304673,0.0005254000425338745,-1
95,18,local_search,-100.0,4.568029559262737e+25,0,113.66348812219118,3.5187507210275436e+27,0.32948839533353047,25912.711804471022,0.9146899742209339,5.816207400838101,0.018875000067055225,-1
95,18,beam_search,-689993.6013956566,689993.6013956566,1,4.7219316053706475,53150164.570683695,0.04895875324760088,1079.4690233026367,0.9699266629247139,0.24395295630773203,0.07329319999553263,-1
95,18,simulated_annealing,-100.0,4.568029559262737e+25,0,113.66348812219118,3.5187507210275436e+27,0.32948839533353047,25912.711804471022,0.9146899742209339,5.816207400838101,0.012764000101014972,-1
95,18,block_beam_strong,-112.2931479167949,112.2931479167949,1,3.6687710134466793,8652.486620204625,0.019220103976726025,839.3978042722599,0.9270775438230463,0.18847840568337607,0.36005060002207756,-1
95,18,block_lns_strong,-100.0,184386283014.0967,0,8.951722516483766,14203265497397.842,0.091559781427285,2043.698329086208,3.735312588044524,0.4566528322647694,0.08515099994838238,-1
95,18,hybrid_heuristic,-100.0,4.568029559262737e+25,0,113.66348812219118,3.5187507210275436e+27,0.32948839533353047,25912.711804471022,0.9146899742209339,5.816207400838101,0.020995100028812885,-1
95,19,autoreg_rl_pure,-0.26439516227316795,0.26439516227316795,1,1.7513094021933342,37.687996800151396,0.0006867450896132401,462.02320558138786,0.9995790049662485,0.0817709031911914,0.09533519996330142,256
95,19,random,-100.0,3.3859377499055145e+18,0,83.26108260281384,2.6081860338831357e+20,0.1485817810234994,21826.662221835526,0.8968980954924793,3.827497249276995,0.028130599996075034,-1
95,19,latency_greedy,-9.43705330430263,9.43705330430263,1,2.9932402091955987,734.6907754748919,0.010812470216005223,787.4897475332627,0.9889801559614108,0.13898930722264172,0.00012520002201199532,-1
95,19,block_balanced,-171.71214594192023,171.71214594192023,1,4.813052196578768,13220.714461390122,0.020665398519419606,1264.5676882199948,0.6593201039742738,0.2222360593686329,0.00010870001278817654,-1
95,19,pdp_aware_greedy,-4321186.655255721,4321186.655255721,1,4.325455845677842,332860773.9309359,0.055213302410410184,1136.7483051494294,0.9995790049662485,0.20000926152049175,0.0005847001448273659,-1
95,19,local_search,-9.421346640854733,9.421346640854733,1,2.874486001905294,734.3956550536129,0.010811100483372166,756.3711415914852,0.9889801559614108,0.13352742627384764,0.021650400012731552,-1
95,19,beam_search,-3.2471543044151208,3.2471543044151208,1,3.8246464302040195,251.4788696292476,0.00715748666716501,1005.4705745537021,0.9030001186236871,0.17701944125031246,0.08271940005943179,-1
95,19,simulated_annealing,-9.421346640854733,9.421346640854733,1,2.874486001905294,734.3956550536129,0.010811100483372166,756.3711415914852,0.9889801559614108,0.13352742627384764,0.007506499998271465,-1
95,19,block_beam_strong,-0.26439516227316795,0.26439516227316795,1,1.7513094021933342,37.687996800151396,0.0006867450896132401,462.02320558138786,0.9995790049662485,0.0817709031911914,0.49946959991939366,-1
95,19,block_lns_strong,-0.26439516227316795,0.26439516227316795,1,1.7513094021933342,37.687996800151396,0.0006867450896132401,462.02320558138786,0.9995790049662485,0.0817709031911914,0.06791969994083047,-1
95,19,hybrid_heuristic,-0.26439516227316795,0.26439516227316795,1,1.7513094021933342,37.687996800151396,0.0006867450896132401,462.02320558138786,0.9995790049662485,0.0817709031911914,0.015732700005173683,-1
95,20,autoreg_rl_pure,-0.8201961997144711,0.8201961997144711,1,2.498487156265302,74.74581468848416,0.0030212076803277886,552.2936730106657,0.9789234288096896,0.13250551406862293,0.09818470012396574,256
95,20,random,-100.0,4.692262193035279e+23,0,59.06273147036127,3.6144470522336037e+25,0.1889441443514027,12989.489714494834,0.9789234288096896,3.11021280629745,0.03137139999307692,-1
95,20,latency_greedy,-15300414.364395818,15300414.364395818,1,5.989095541995666,1178590083.0622938,0.05952373788603607,1319.7582057967152,0.9693702453195314,0.31642100236205084,8.469983004033566e-05,-1
95,20,block_balanced,-7708711924.12296,7708711924.12296,1,8.909455367829736,593801666288.947,0.08073662113608818,1961.9195349543652,0.7108813930756274,0.4697348900827734,7.670000195503235e-05,-1
95,20,pdp_aware_greedy,-6.955287830788977,6.955287830788977,1,3.189450123503785,542.0091101550101,0.009775501105197872,704.2385352752211,0.9952339503058782,0.168888018797353,0.0005072001367807388,-1
95,20,local_search,-6.955287830788977,6.955287830788977,1,3.189450123503785,542.0091101550101,0.009775501105197872,704.2385352752211,0.9952339503058782,0.168888018797353,0.0164080997928977,-1
95,20,beam_search,-1.7908230777449423,1.7908230777449423,1,2.8608962713283215,146.72151560657517,0.005320526606685062,631.9761245288051,0.9789234288096896,0.14999547378310013,0.06784140015952289,-1
95,20,simulated_annealing,-6.955287830788977,6.955287830788977,1,3.189450123503785,542.0091101550101,0.009775501105197872,704.2385352752211,0.9952339503058782,0.168888018797353,0.009475300088524818,-1
95,20,block_beam_strong,-0.8249896596711568,0.8249896596711568,1,2.546421713876801,74.74581501166605,0.00302120769506835,562.8256163080051,0.9135775902715524,0.13502758952673102,0.34573309984989464,-1
95,20,block_lns_strong,-0.8201961997144711,0.8201961997144711,1,2.498487156265302,74.74581468848416,0.0030212076803277886,552.2936730106657,0.9789234288096896,0.13250551406862293,0.07957509998232126,-1
95,20,hybrid_heuristic,-0.8201961997144711,0.8201961997144711,1,2.498487156265302,74.74581468848416,0.0030212076803277886,552.2936730106657,0.9789234288096896,0.13250551406862293,0.015149100217968225,-1
95,21,autoreg_rl_pure,-0.24748202226440702,0.24748202226440702,1,2.4127218365532954,31.290322095132534,5.251999672678794e-05,634.9126221582509,0.9760040110069144,0.11680005722775073,0.09170380001887679,256
95,21,random,-100.0,716357.137685912,0,60.31145717684811,55180518.15221399,0.04908656033474725,15801.698298921168,0.9657626509906209,2.9199165363210513,0.029486800078302622,-1
95,21,latency_greedy,-538.7290104146524,538.7290104146524,1,3.406747296067948,41502.83661866167,0.02456545719889138,895.266430105698,0.9657626509906209,0.16555187549282482,0.00026819994673132896,-1
95,21,block_balanced,-1002.3670533037769,1002.3670533037769,1,4.8630966049224345,77205.63196040348,0.02668159073251064,1276.7852356632327,0.7862106206072407,0.23583140156863974,0.00011799996718764305,-1
95,21,pdp_aware_greedy,-0.26103355182897237,0.26103355182897237,1,2.426639608155263,32.226987171076004,0.0001530759069126047,638.5459804208648,0.9657626509906209,0.11814667817901987,0.0006615999154746532,-1
95,21,local_search,-0.25973597740782006,0.25973597740782006,1,2.4165026366183175,32.205120120379604,0.00015076186204659363,635.8933961757072,0.9434527447286889,0.11765539469863372,0.02218280010856688,-1
95,21,beam_search,-0.24748202226440702,0.24748202226440702,1,2.4127218365532954,31.290322095132534,5.251999672678794e-05,634.9126221582509,0.9760040110069144,0.11680005722775073,0.06850529997609556,-1
95,21,simulated_annealing,-0.25973597740782006,0.25973597740782006,1,2.4165026366183175,32.205120120379604,0.00015076186204659363,635.8933961757072,0.9434527447286889,0.11765539469863372,0.008032500045374036,-1
95,21,block_beam_strong,-0.2536189498629523,0.2536189498629523,1,2.4780759807463744,31.259626676688157,4.917396144010685e-05,652.0244602929217,0.9657626509906209,0.12016833055301658,0.3838421998079866,-1
95,21,block_lns_strong,-0.24748202226440702,0.24748202226440702,1,2.4127218365532954,31.290322095132534,5.251999672678794e-05,634.9126221582509,0.9760040110069144,0.11680005722775073,0.07842729985713959,-1
95,21,hybrid_heuristic,-0.24748202226440702,0.24748202226440702,1,2.4127218365532954,31.290322095132534,5.251999672678794e-05,634.9126221582509,0.9760040110069144,0.11680005722775073,0.01640780013985932,-1
95,22,autoreg_rl_pure,-1.9223094513414876,1.9223094513414876,1,4.023934703598838,147.89102510715074,0.0053475935172530705,1026.5787462063258,0.9916966839895593,0.30324452211546765,0.25041259988211095,256
95,22,random,-100.0,8.228108820750814e+21,0,88.97577096952627,6.338107814342355e+23,0.17515890132406284,22638.223657601986,0.9916966839895593,6.664143607680053,0.030516200000420213,-1
95,22,latency_greedy,-717436524.3031448,717436524.3031448,1,8.329161882254839,55264096978.98941,0.0726417157375508,2121.7908853680688,0.9916966839895593,0.622115649572626,7.019983604550362e-05,-1
95,22,block_balanced,-3210832101.7410207,3210832101.7410207,1,11.60119972102856,247330224637.3467,0.07775076257077514,2954.2241604295623,0.8264139033246328,0.8674617823451573,7.730000652372837e-05,-1
95,22,pdp_aware_greedy,-2.3212415188681943,2.3212415188681943,1,2.6576245567237735,189.1454206238284,0.006186397352388608,678.9910363524906,0.9916966839895593,0.20014402966052108,0.0004888998810201883,-1
95,22,local_search,-2.3212415188681943,2.3212415188681943,1,2.6576245567237735,189.1454206238284,0.006186397352388608,678.9910363524906,0.9916966839895593,0.20014402966052108,0.016566300066187978,-1
95,22,beam_search,-13.595092836252288,13.595092836252288,1,2.97065216904032,1055.1583333015071,0.012046592396334838,758.6248963036686,0.9916966839895593,0.22359647060599191,0.07248259987682104,-1
95,22,simulated_annealing,-2.3212415188681943,2.3212415188681943,1,2.6576245567237735,189.1454206238284,0.006186397352388608,678.9910363524906,0.9916966839895593,0.20014402966052108,0.008236499968916178,-1
95,22,block_beam_strong,-2.3212415188681943,2.3212415188681943,1,2.6576245567237735,189.1454206238284,0.006186397352388608,678.9910363524906,0.9916966839895593,0.20014402966052108,0.29152139998041093,-1
95,22,block_lns_strong,-2.3212415188681943,2.3212415188681943,1,2.6576245567237735,189.1454206238284,0.006186397352388608,678.9910363524906,0.9916966839895593,0.20014402966052108,0.08579810010269284,-1
95,22,hybrid_heuristic,-2.3212415188681943,2.3212415188681943,1,2.6576245567237735,189.1454206238284,0.006186397352388608,678.9910363524906,0.9916966839895593,0.20014402966052108,0.017214199993759394,-1
95,23,autoreg_rl_pure,-2.1250651369831135,2.1250651369831135,1,2.6614606247445796,174.00441523090916,0.0059019482380119346,689.1066566552768,0.9853087173966976,0.12644593305944365,0.402912899851799,245
95,23,random,-100.0,1.453458116946378e+24,0,69.41087660522425,1.1195980084274764e+26,0.19279865258932147,17896.8653937783,0.9148875161888333,3.3084806179604285,0.028539499966427684,-1
95,23,latency_greedy,-721891.5724942614,721891.5724942614,1,5.304201617763113,55607259.08944912,0.049112824190680894,1370.3057286750163,0.9483389962369834,0.25389066430492707,0.00016659987159073353,-1
95,23,block_balanced,-146857999548.86594,146857999548.86594,1,10.543331902712334,11312463833581.998,0.09078395821145416,2720.991410829972,0.7841892995904286,0.5031486096047668,0.00011280016042292118,-1
95,23,pdp_aware_greedy,-36.093813864797376,36.093813864797376,1,2.9605413819219164,2788.3114915335823,0.015359477467996107,766.2087474700247,0.9853087173966976,0.14065525295311768,0.0010477001778781414,-1
95,23,local_search,-2.265773824331202,2.265773824331202,1,3.7840256894511106,176.1960851988557,0.005944620724182731,978.5004457486564,0.9853087173966976,0.17977897346103683,0.02415170008316636,-1
95,23,beam_search,-2.265773824331202,2.265773824331202,1,3.7840256894511106,176.1960851988557,0.005944620724182731,978.5004457486564,0.9853087173966976,0.17977897346103683,0.06602140003815293,-1
95,23,simulated_annealing,-2.265773824331202,2.265773824331202,1,3.7840256894511106,176.1960851988557,0.005944620724182731,978.5004457486564,0.9853087173966976,0.17977897346103683,0.010644800029695034,-1
95,23,block_beam_strong,-1.6805970428957997,1.6805970428957997,1,2.596061541852444,140.27083055191565,0.005167244112520513,672.242701956751,0.9483389962369834,0.12333882413562795,0.3187293999362737,-1
95,23,block_lns_strong,-1.6805970428957997,1.6805970428957997,1,2.596061541852444,140.27083055191565,0.005167244112520513,672.242701956751,0.9483389962369834,0.12333882413562795,0.08318189997226,-1
95,23,hybrid_heuristic,-1.6805970428957997,1.6805970428957997,1,2.596061541852444,140.27083055191565,0.005167244112520513,672.242701956751,0.9483389962369834,0.12333882413562795,0.015671500004827976,-1
95,24,autoreg_rl_pure,-0.2768802144446971,0.2768802144446971,1,2.5176496682025147,32.74660473825282,0.0002076064835237188,638.5691533618811,0.9596375521097259,0.18652391339305435,0.08755819988436997,256
95,24,random,-100.0,6.402703479373148e+22,0,89.08762439602198,4.931999058299878e+24,0.18215374740383156,22493.617383664776,0.9295115474071336,6.557743881933726,0.028287400025874376,-1
95,24,latency_greedy,-26595.182529273596,26595.182529273596,1,4.294460102890535,2048623.2164985023,0.03785852152707866,1087.0541186886078,0.9726225169272881,0.3147005616273963,6.769993342459202e-05,-1
95,24,block_balanced,-607.1219189133549,607.1219189133549,1,5.905732489694489,46751.8890248919,0.024971469976413162,1493.8651807082351,0.6854869390404654,0.43374911306710445,7.349997758865356e-05,-1
95,24,pdp_aware_greedy,-3282.1950955649577,3282.1950955649577,1,3.4541979387027406,252831.51659543914,0.030725770457978394,874.9438040828701,0.9391333422176847,0.25528870796558273,0.0007321001030504704,-1
95,24,local_search,-100.0,6.402703479373148e+22,0,89.08762439602198,4.931999058299878e+24,0.18215374740383156,22493.617383664776,0.9295115474071336,6.557743881933726,0.019144699908792973,-1
95,24,beam_search,-0.275588721922699,0.275588721922699,1,2.485268200220243,32.896555412809704,0.00022318204031925896,630.3626623015448,0.9139825853872873,0.1839787697072366,0.0715471999719739,-1
95,24,simulated_annealing,-100.0,6.402703479373148e+22,0,89.08762439602198,4.931999058299878e+24,0.18215374740383156,22493.617383664776,0.9295115474071336,6.557743881933726,0.01280999998562038,-1
95,24,block_beam_strong,-0.28444331793798033,0.28444331793798033,1,2.5932559216586997,32.74679562983461,0.00020762635696698847,657.6410429270359,0.9391333422176847,0.19208505255245623,0.44470889982767403,-1
95,24,block_lns_strong,-0.2753722117331717,0.2753722117331717,1,2.464442607881711,33.040297070673546,0.00023804615363229087,625.1042338270959,0.9139825853872873,0.18227654842324195,0.07830839999951422,-1
95,24,hybrid_heuristic,-0.2753722117331717,0.2753722117331717,1,2.464442607881711,33.040297070673546,0.00023804615363229087,625.1042338270959,0.9139825853872873,0.18227654842324195,0.014123799977824092,-1
95,25,autoreg_rl_pure,-2.614836298424979,2.614836298424979,1,1.6482280136078276,219.53638691758886,0.006694376105004779,475.31123454983384,0.9690045309195479,0.09487183660897323,0.12300859997048974,256
95,25,random,-100.0,4.568029559262737e+25,0,69.17253567349142,3.5187507210275436e+27,0.21106093341194254,19828.179429416094,0.8802787660089461,3.9900497369548424,0.028332500020042062,-1
95,25,latency_greedy,-73924.1829114855,73924.1829114855,1,3.204086993252866,5694381.9782350715,0.041343799243775015,921.197850732264,0.9690045309195479,0.18442692102984082,6.649992428719997e-05,-1
95,25,block_balanced,-279707628.59754837,279707628.59754837,1,10.286143802004643,21545863590.064857,0.06943044484103444,2951.0015651805593,0.6624418723542,0.5926553892071343,0.00015680002979934216,-1
95,25,pdp_aware_greedy,-182.09269726119146,182.09269726119146,1,2.607140410803032,14037.319899776161,0.020869728264187502,750.149217334444,0.9690045309195479,0.15133390089108104,0.0007581999525427818,-1
95,25,local_search,-100.0,4.568029559262737e+25,0,69.17253567349142,3.5187507210275436e+27,0.21106093341194254,19828.179429416094,0.8802787660089461,3.9900497369548424,0.01812450005672872,-1
95,25,beam_search,-29.511200251036797,29.511200251036797,1,3.5081678226568003,2277.0347541572555,0.01466890030748603,1008.4250614104953,0.9690045309195479,0.20327751089412438,0.080573899904266,-1
95,25,simulated_annealing,-100.0,4.568029559262737e+25,0,69.17253567349142,3.5187507210275436e+27,0.21106093341194254,19828.179429416094,0.8802787660089461,3.9900497369548424,0.011814899975433946,-1
95,25,block_beam_strong,-2.614836298424979,2.614836298424979,1,1.6482280136078276,219.53638691758886,0.006694376105004779,475.31123454983384,0.9690045309195479,0.09487183660897323,0.5536466999910772,-1
95,25,block_lns_strong,-2.614836298424979,2.614836298424979,1,1.6482280136078276,219.53638691758886,0.006694376105004779,475.31123454983384,0.9690045309195479,0.09487183660897323,0.06395959993824363,-1
95,25,hybrid_heuristic,-2.614836298424979,2.614836298424979,1,1.6482280136078276,219.53638691758886,0.006694376105004779,475.31123454983384,0.9690045309195479,0.09487183660897323,0.01580860000103712,-1
95,26,autoreg_rl_pure,-0.8205424019703675,0.8205424019703675,1,2.722446453634058,73.04732536249392,0.002942844591115941,651.0630787465959,0.9831038271432209,0.14290500949237542,0.15764559991657734,255
95,26,random,-100.0,24557078447983.625,0,54.349576963790355,1891630436583709.5,0.10823669578043682,12941.736240790338,0.900177696394795,2.8601076441739877,0.02914149989373982,-1
95,26,latency_greedy,-19280.678748235136,19280.678748235136,1,4.397976840766994,1485186.5849150284,0.03676202531515048,1049.9221729781418,0.9546266650487276,0.23153540834879638,0.0001471000723540783,-1
95,26,block_balanced,-676814.4547431563,676814.4547431563,1,7.0897571008645395,52134957.37109927,0.04889300487209327,1690.768359135227,0.7536583089778909,0.37240936542171216,0.00010810000821948051,-1
95,26,pdp_aware_greedy,-0.8205424019703675,0.8205424019703675,1,2.722446453634058,73.04732536249392,0.002942844591115941,651.0630787465959,0.9831038271432209,0.14290500949237542,0.000542100053280592,-1
95,26,local_search,-0.8205424019703675,0.8205424019703675,1,2.722446453634058,73.04732536249392,0.002942844591115941,651.0630787465959,0.9831038271432209,0.14290500949237542,0.017090599983930588,-1
95,26,beam_search,-0.8205424019703675,0.8205424019703675,1,2.722446453634058,73.04732536249392,0.002942844591115941,651.0630787465959,0.9831038271432209,0.14290500949237542,0.07026700000278652,-1
95,26,simulated_annealing,-0.8205424019703675,0.8205424019703675,1,2.722446453634058,73.04732536249392,0.002942844591115941,651.0630787465959,0.9831038271432209,0.14290500949237542,0.0073062998708337545,-1
95,26,block_beam_strong,-0.8205424019703675,0.8205424019703675,1,2.722446453634058,73.04732536249392,0.002942844591115941,651.0630787465959,0.9831038271432209,0.14290500949237542,0.35879940004087985,-1
95,26,block_lns_strong,-0.8205424019703675,0.8205424019703675,1,2.722446453634058,73.04732536249392,0.002942844591115941,651.0630787465959,0.9831038271432209,0.14290500949237542,0.08258509985171258,-1
95,26,hybrid_heuristic,-0.8205424019703675,0.8205424019703675,1,2.722446453634058,73.04732536249392,0.002942844591115941,651.0630787465959,0.9831038271432209,0.14290500949237542,0.014140399871394038,-1
95,27,autoreg_rl_pure,-0.24964539658923535,0.24964539658923535,1,2.3417235526335247,32.00386610389862,0.000129390409159648,582.7056539800533,0.9833758517363507,0.14257949953370436,0.16016319999471307,255
95,27,random,-100.0,4.568029559262737e+25,0,75.38949779781068,3.5187507210275436e+27,0.22447672273023034,18669.723739358422,0.9833758517363507,4.5681221793677125,0.03123769978992641,-1
95,27,latency_greedy,-499661.43332006497,499661.43332006497,1,4.355607154086688,38488890.68745662,0.04785842508246884,1081.345847353004,0.9833758517363507,0.264422797461592,6.740004755556583e-05,-1
95,27,block_balanced,-2067807481.4066408,2067807481.4066408,1,9.084725698600165,159283099418.71115,0.07625056902435226,2252.344637223693,0.8167174793440111,0.5500122400247934,9.330012835562229e-05,-1
95,27,pdp_aware_greedy,-2.4248712707616735,2.4248712707616735,1,2.534969986405345,198.07282235534066,0.006343625434501544,630.5544157676843,0.9833758517363507,0.15428995200203272,0.0006879998836666346,-1
95,27,local_search,-2.4248712707616735,2.4248712707616735,1,2.534969986405345,198.07282235534066,0.006343625434501544,630.5544157676843,0.9833758517363507,0.15428995200203272,0.01542159984819591,-1
95,27,beam_search,-1.3309167567918365,1.3309167567918365,1,4.027131374508644,102.31145360586814,0.004091455874221971,1000.0174459731314,0.9800609752128133,0.24441361299844877,0.07401959993876517,-1
95,27,simulated_annealing,-2.4248712707616735,2.4248712707616735,1,2.534969986405345,198.07282235534066,0.006343625434501544,630.5544157676843,0.9833758517363507,0.15428995200203272,0.008325000060722232,-1
95,27,block_beam_strong,-0.9322192662940548,0.9322192662940548,1,3.6695607124341425,74.35417217645977,0.0030032976177559504,911.4810104371691,0.9833758517363507,0.22288966840165145,0.26613120012916625,-1
95,27,block_lns_strong,-0.7528613593023035,0.7528613593023035,1,3.6224974345677037,60.900770391648244,0.002322839678890067,899.8325090098336,0.9833758517363507,0.22004299501049396,0.09710659994743764,-1
95,27,hybrid_heuristic,-0.7528613593023035,0.7528613593023035,1,3.6224974345677037,60.900770391648244,0.002322839678890067,899.8325090098336,0.9833758517363507,0.22004299501049396,0.016048999968916178,-1
95,28,autoreg_rl_pure,-2.1793278672663114,2.1793278672663114,1,2.7605388663334858,177.42107127223315,0.005968240917243345,696.5326256469153,0.9927722970210405,0.1314645597695253,0.1272404999472201,256
95,28,random,-100.0,4.568029559262737e+25,0,106.12069177211346,3.5187507210275436e+27,0.22817660620605504,26663.492787829073,0.9764796805400368,5.0393317926434325,0.031145500019192696,-1
95,28,latency_greedy,-63418.22779290154,63418.22779290154,1,3.703295712588111,4885104.973169654,0.04082120368056141,933.2968723277606,0.9764796805400368,0.17559429126324583,0.00010409997776150703,-1
95,28,block_balanced,-11191.310052392022,11191.310052392022,1,5.832562725162523,862051.8972585581,0.0349074819589005,1468.3004592575412,0.6835357763780258,0.27749308018679986,8.609984070062637e-05,-1
95,28,pdp_aware_greedy,-24.252765585965694,24.252765585965694,1,3.2621826712318533,1873.8726360628696,0.014004558151271565,822.5604349700917,0.9927722970210405,0.1558557497986871,0.0005540000274777412,-1
95,28,local_search,-3.864082905798751,3.864082905798751,1,4.298864140643314,295.3479502446402,0.007705671387320737,1083.0043716188552,0.9927722970210405,0.204909307415364,0.021845699986442924,-1
95,28,beam_search,-2.7015785999218,2.7015785999218,1,2.640463818398744,218.57495466658347,0.006679413101784659,666.3433497144774,0.9764796805400368,0.12552575608009017,0.06882079993374646,-1
95,28,simulated_annealing,-3.864082905798751,3.864082905798751,1,4.298864140643314,295.3479502446402,0.007705671387320737,1083.0043716188552,0.9927722970210405,0.204909307415364,0.00988380005583167,-1
95,28,block_beam_strong,-2.1917830054873133,2.1917830054873133,1,2.8850902485435035,177.42107127223315,0.005968240917243345,727.8467893577379,0.9927722970210405,0.13736171974219386,0.48791679996065795,-1
95,28,block_lns_strong,-2.1793278672663114,2.1793278672663114,1,2.7605388663334858,177.42107127223315,0.005968240917243345,696.5326256469153,0.9927722970210405,0.1314645597695253,0.08170560002326965,-1
95,28,hybrid_heuristic,-2.1793278672663114,2.1793278672663114,1,2.7605388663334858,177.42107127223315,0.005968240917243345,696.5326256469153,0.9927722970210405,0.1314645597695253,0.016422600019723177,-1
95,29,autoreg_rl_pure,-1.1399916473110956,1.1399916473110956,1,2.7059415312715567,97.78162093704148,0.003937069775233625,689.8810159417345,0.9443162652686388,0.16345215302358923,0.08615390001796186,256
95,29,random,-100.0,4.568029559262737e+25,0,103.87639869297064,3.5187507210275436e+27,0.2880050232957801,26371.960110584063,0.9259642417976867,6.307577903963129,0.028553000185638666,-1
95,29,latency_greedy,-171625353.66031262,171625353.66031262,1,5.46184998637309,13220291782.04162,0.06776528066039303,1389.3845904900697,0.9443162652686388,0.33236989551288115,0.00040919985622167587,-1
95,29,block_balanced,-104261908.33288203,104261908.33288203,1,7.496505677442782,8031289183.490196,0.0660661031338172,1905.9370059986836,0.765023540378666,0.45532646547399186,0.00010369997471570969,-1
95,29,pdp_aware_greedy,-12.037927417286156,12.037927417286156,1,2.6513606515468444,937.6694653907525,0.011644139775040814,676.0207534677173,0.9443162652686388,0.1606622001819635,0.0005389000289142132,-1
95,29,local_search,-12.037927417286156,12.037927417286156,1,2.6513606515468444,937.6694653907525,0.011644139775040814,676.0207534677173,0.9443162652686388,0.1606622001819635,0.01678230008110404,-1
95,29,beam_search,-1.1399916473110956,1.1399916473110956,1,2.7059415312715567,97.78162093704148,0.003937069775233625,689.8810159417345,0.9443162652686388,0.16345215302358923,0.06534660002216697,-1
95,29,simulated_annealing,-12.037927417286156,12.037927417286156,1,2.6513606515468444,937.6694653907525,0.011644139775040814,676.0207534677173,0.9443162652686388,0.1606622001819635,0.007627200102433562,-1
95,29,block_beam_strong,-1.1399916473110956,1.1399916473110956,1,2.7059415312715567,97.78162093704148,0.003937069775233625,689.8810159417345,0.9443162652686388,0.16345215302358923,0.32976759993471205,-1
95,29,block_lns_strong,-1.1399916473110956,1.1399916473110956,1,2.7059415312715567,97.78162093704148,0.003937069775233625,689.8810159417345,0.9443162652686388,0.16345215302358923,0.07267500017769635,-1
95,29,hybrid_heuristic,-1.1399916473110956,1.1399916473110956,1,2.7059415312715567,97.78162093704148,0.003937069775233625,689.8810159417345,0.9443162652686388,0.16345215302358923,0.01535199978388846,-1
95,30,autoreg_rl_pure,-3.3141214314626675,3.3141214314626675,1,3.764175534388148,257.1031508226139,0.007232892963417008,1018.3647306423743,0.9307630684009416,0.22166151471489423,0.1472558001987636,256
95,30,random,-100.0,1.3326938952888442e+23,0,89.42796637533499,1.0265733932145308e+25,0.18465292803279582,24127.379403595158,0.9168672484084502,5.231208132202164,0.025872299913316965,-1
95,30,latency_greedy,-145354.1465088043,145354.1465088043,1,3.8587497529774,11196623.202613156,0.04364887647643413,1043.861260037971,0.9452850315095407,0.22642960902197254,9.639980271458626e-05,-1
95,30,block_balanced,-1111781896.2594366,1111781896.2594366,1,9.1935472403907,85640499837.13718,0.07413506896225174,2483.055893592599,0.6552820501216744,0.5376076744167432,0.00018640002235770226,-1
95,30,pdp_aware_greedy,-6.426241296939532,6.426241296939532,1,2.843984089446506,503.9178070182211,0.00952707313672483,770.1306043950044,0.9307630684009416,0.1671894567096753,0.0010972998570650816,-1
95,30,local_search,-6.426241296939532,6.426241296939532,1,2.843984089446506,503.9178070182211,0.00952707313672483,770.1306043950044,0.9307630684009416,0.1671894567096753,0.014997499994933605,-1
95,30,beam_search,-23.381372166290188,23.381372166290188,1,2.8135762015972574,1810.2048608831744,0.013886711284500235,761.9384283695878,0.9452850315095407,0.1655073269312798,0.06609379989095032,-1
95,30,simulated_annealing,-6.426241296939532,6.426241296939532,1,2.843984089446506,503.9178070182211,0.00952707313672483,770.1306043950044,0.9307630684009416,0.1671894567096753,0.009596900083124638,-1
95,30,block_beam_strong,-4.445258770719207,4.445258770719207,1,2.992166497249613,350.1813809114633,0.008286250133425465,810.0977945967813,0.9307630684009416,0.17538652026972185,0.5114700000267476,-1
95,30,block_lns_strong,-4.445258770719207,4.445258770719207,1,2.992166497249613,350.1813809114633,0.008286250133425465,810.0977945967813,0.9307630684009416,0.17538652026972185,0.08574040001258254,-1
95,30,hybrid_heuristic,-4.445258770719207,4.445258770719207,1,2.992166497249613,350.1813809114633,0.008286250133425465,810.0977945967813,0.9307630684009416,0.17538652026972185,0.01524430001154542,-1
95,31,autoreg_rl_pure,-0.22173186485511295,0.22173186485511295,1,2.1440734727118547,31.376185756818224,6.186238827545127e-05,555.1206460964057,0.9630869024530646,0.13174161540473409,0.08335119998082519,256
95,31,random,-100.0,1581815316.8044198,0,53.15050843054727,121847148689.23613,0.07533718772919133,13693.071135652117,0.9558218509864441,3.2384002057080243,0.02764660003595054,-1
95,31,latency_greedy,-59.77507084066574,59.77507084066574,1,3.011542047432462,4612.084589211776,0.01707514155193597,778.531869389459,0.9630869024530646,0.1833548419759085,6.700004450976849e-05,-1
95,31,block_balanced,-103.7879578792472,103.7879578792472,1,4.9307886111820425,7987.610972701214,0.018947520380829502,1272.903189119581,0.7535999178799446,0.30109590129939606,7.269997149705887e-05,-1
95,31,pdp_aware_greedy,-0.22173186485511295,0.22173186485511295,1,2.1440734727118547,31.376185756818224,6.186238827545127e-05,555.1206460964057,0.9630869024530646,0.13174161540473409,0.0006333999335765839,-1
95,31,local_search,-0.22173186485511295,0.22173186485511295,1,2.1440734727118547,31.376185756818224,6.186238827545127e-05,555.1206460964057,0.9630869024530646,0.13174161540473409,0.015134199988096952,-1
95,31,beam_search,-0.22173186485511295,0.22173186485511295,1,2.1440734727118547,31.376185756818224,6.186238827545127e-05,555.1206460964057,0.9630869024530646,0.13174161540473409,0.07016330002807081,-1
95,31,simulated_annealing,-0.22173186485511295,0.22173186485511295,1,2.1440734727118547,31.376185756818224,6.186238827545127e-05,555.1206460964057,0.9630869024530646,0.13174161540473409,0.01001870003528893,-1
95,31,block_beam_strong,-0.22173186485511295,0.22173186485511295,1,2.1440734727118547,31.376185756818224,6.186238827545127e-05,555.1206460964057,0.9630869024530646,0.13174161540473409,0.3143504001200199,-1
95,31,block_lns_strong,-0.22173186485511295,0.22173186485511295,1,2.1440734727118547,31.376185756818224,6.186238827545127e-05,555.1206460964057,0.9630869024530646,0.13174161540473409,0.08271769993007183,-1
95,31,hybrid_heuristic,-0.22173186485511295,0.22173186485511295,1,2.1440734727118547,31.376185756818224,6.186238827545127e-05,555.1206460964057,0.9630869024530646,0.13174161540473409,0.015240899985656142,-1
95,32,autoreg_rl_pure,-4.33203527460379,4.33203527460379,1,2.6751757977019306,343.90155873403324,0.008224557727233144,728.0224619310316,0.9082512006322125,0.13637122444845967,0.28374899993650615,246
95,32,random,-100.0,4.568029559262737e+25,0,107.62863349025757,3.5187507210275436e+27,0.2752928374430691,29179.240842128987,0.9806901081730581,5.452727237154829,0.027859600028023124,-1
95,32,latency_greedy,-43.77798723004403,43.77798723004403,1,2.6556158740146727,3382.57179353838,0.01601813735954393,722.6900650846676,0.9806901081730581,0.13429604905326542,6.730016320943832e-05,-1
95,32,block_balanced,-23661.415454437036,23661.415454437036,1,5.5157497575598065,1822625.8883866526,0.037460019841397386,1498.0570900294324,0.7064176004917209,0.2797492075053319,7.160007953643799e-05,-1
95,32,pdp_aware_greedy,-4.610566076553442,4.610566076553442,1,2.462326630483597,366.9963474731183,0.00844614432745984,670.3023677917873,0.9806901081730581,0.12506430818077044,0.000546799972653389,-1
95,32,local_search,-4.610566076553442,4.610566076553442,1,2.462326630483597,366.9963474731183,0.00844614432745984,670.3023677917873,0.9806901081730581,0.12506430818077044,0.015004500048235059,-1
95,32,beam_search,-4.664033086565578,4.664033086565578,1,3.7790189628223776,360.9724344100015,0.008389720864777272,1027.2369752063312,0.9806901081730581,0.1916502100734665,0.0646577998995781,-1
95,32,simulated_annealing,-4.610566076553442,4.610566076553442,1,2.462326630483597,366.9963474731183,0.00844614432745984,670.3023677917873,0.9806901081730581,0.12506430818077044,0.007437000051140785,-1
95,32,block_beam_strong,-4.329985777290631,4.329985777290631,1,2.5801554520321033,344.4756272792379,0.0082302439158994,702.2584658406464,0.9806901081730581,0.13156598995351673,0.4344063999596983,-1
95,32,block_lns_strong,-4.3217933111241775,4.3217933111241775,1,2.697452681151307,342.94102212236396,0.008215022284182921,734.0586385616225,0.9082512006322125,0.13749777948292277,0.07776979985646904,-1
95,32,hybrid_heuristic,-4.3217933111241775,4.3217933111241775,1,2.697452681151307,342.94102212236396,0.008215022284182921,734.0586385616225,0.9082512006322125,0.13749777948292277,0.014347500167787075,-1
95,33,autoreg_rl_pure,-0.3494726080333543,0.3494726080333543,1,2.386967566054796,39.34503645780628,0.0008334372090707445,656.7626769843291,0.9845364796693566,0.12810169515270828,0.08461969997733831,256
95,33,random,-100.0,1.133115083998899e+23,0,77.48954052105002,8.72837941852509e+24,0.18409984549547992,21231.75162407032,0.9780090657572023,4.119004050955827,0.026875900104641914,-1
95,33,latency_greedy,-227889.1069728279,227889.1069728279,1,3.895736360253386,17554286.498359658,0.045181950720809064,1070.0782454020095,0.9845364796693566,0.20692341133939074,6.820005364716053e-05,-1
95,33,block_balanced,-24627.20125347019,24627.20125347019,1,5.4191745067674315,1897021.060638513,0.03759641056529275,1487.5055112079026,0.6885521088953735,0.2889303699138635,7.38000962883234e-05,-1
95,33,pdp_aware_greedy,-0.9809593059628945,0.9809593059628945,1,2.819262170156465,84.65845993322365,0.003445762949103452,775.2809813187473,0.9845364796693566,0.151116418846502,0.000579299870878458,-1
95,33,local_search,-0.7823245300240871,0.7823245300240871,1,2.644671870120285,70.7025019348905,0.0028316137508863966,727.4381023272185,0.9845364796693566,0.1418359815214187,0.02082669991068542,-1
95,33,beam_search,-0.9809593059628945,0.9809593059628945,1,2.819262170156465,84.65845993322365,0.003445762949103452,775.2809813187473,0.9845364796693566,0.151116418846502,0.06724030012264848,-1
95,33,simulated_annealing,-0.7823245300240871,0.7823245300240871,1,2.644671870120285,70.7025019348905,0.0028316137508863966,727.4381023272185,0.9845364796693566,0.1418359815214187,0.007705899886786938,-1
95,33,block_beam_strong,-0.36584527577614645,0.36584527577614645,1,2.4950257747229925,39.77385037427839,0.0008703925180285869,686.4445558124614,0.9836458698505336,0.13355730212354452,0.5106779998168349,-1
95,33,block_lns_strong,-0.36484975320873925,0.36484975320873925,1,2.451600325735277,40.031671325062355,0.00089242029433628,674.5359623279143,0.9836458698505336,0.1313712886471473,0.08302489994093776,-1
95,33,hybrid_heuristic,-0.36484975320873925,0.36484975320873925,1,2.451600325735277,40.031671325062355,0.00089242029433628,674.5359623279143,0.9836458698505336,0.1313712886471473,0.016028099926188588,-1
95,34,autoreg_rl_pure,-0.5149325248671497,0.5149325248671497,1,2.7194972389657197,49.52893069476303,0.0016181937099219066,777.2372410753338,0.9301830213520493,0.1638734522302594,0.0885105999186635,256
95,34,random,-100.0,309974926675.92285,0,59.11893205083691,23877351986706.66,0.09333072505134579,16833.560979706097,0.8570994355617532,3.5501077243890786,0.027051799930632114,-1
95,34,latency_greedy,-8712104.388131669,8712104.388131669,1,7.927769088521412,671092903.7917439,0.057603784180025853,2259.8952205616492,0.9321262554225866,0.4748937743761432,9.740004315972328e-05,-1
95,34,block_balanced,-4863307.9425448105,4863307.9425448105,1,10.34218841402333,374620301.2861516,0.05561623255255118,2947.318866625365,0.6614727303918476,0.6210453407133768,0.0001805000938475132,-1
95,34,pdp_aware_greedy,-0.5158504832339301,0.5158504832339301,1,2.7253299434843226,49.55471168690999,0.0016199678240533576,778.9021184034002,0.9402365455617757,0.16366676163518518,0.0006460000295192003,-1
95,34,local_search,-0.5158504832339301,0.5158504832339301,1,2.7253299434843226,49.55471168690999,0.0016199678240533576,778.9021184034002,0.9402365455617757,0.16366676163518518,0.014911300037056208,-1
95,34,beam_search,-0.5158504832339301,0.5158504832339301,1,2.7253299434843226,49.55471168690999,0.0016199678240533576,778.9021184034002,0.9402365455617757,0.16366676163518518,0.06688409997150302,-1
95,34,simulated_annealing,-0.5158504832339301,0.5158504832339301,1,2.7253299434843226,49.55471168690999,0.0016199678240533576,778.9021184034002,0.9402365455617757,0.16366676163518518,0.008214300032705069,-1
95,34,block_beam_strong,-0.5150199403482343,0.5150199403482343,1,2.7897133449057927,48.994790016888764,0.0015812276650983828,797.2270273447645,0.9301830213520493,0.16807588582516697,0.5021865000016987,-1
95,34,block_lns_strong,-0.5150199403482343,0.5150199403482343,1,2.7897133449057927,48.994790016888764,0.0015812276650983828,797.2270273447645,0.9301830213520493,0.16807588582516697,0.08592110010795295,-1
95,34,hybrid_heuristic,-0.5150199403482343,0.5150199403482343,1,2.7897133449057927,48.994790016888764,0.0015812276650983828,797.2270273447645,0.9301830213520493,0.16807588582516697,0.015346500091254711,-1
95,35,autoreg_rl_pure,-1.0473716559827633,1.0473716559827633,1,2.5271289998827715,92.02449994031845,0.003730192749793999,759.6970520977882,0.9970592854187673,0.15665772326202146,0.12012300011701882,256
95,35,random,-100.0,4.568029559262737e+25,0,97.4176545164265,3.5187507210275436e+27,0.2596721989388209,29179.35936831774,0.9950689010844896,6.060576401206421,0.02728939987719059,-1
95,35,latency_greedy,-47216422.91228665,47216422.91228665,1,4.957875405211446,3637078518.7456713,0.06336544783402998,1487.7027511655433,0.9970592854187673,0.3073406514796935,7.319985888898373e-05,-1
95,35,block_balanced,-73982208.3349855,73982208.3349855,1,7.532819066094554,5698845515.370191,0.06489646607383844,2258.927582025943,0.7017588795562032,0.4677726312438498,7.429998368024826e-05,-1
95,35,pdp_aware_greedy,-1.4557936105999933,1.4557936105999933,1,2.4837229765041506,123.81957757841752,0.004741946496614554,746.6984214108141,0.9970592854187673,0.15396696675585647,0.0007864001672714949,-1
95,35,local_search,-1.094529542316845,1.094529542316845,1,2.337669271637771,97.11647666812456,0.003913799912495901,702.9553879366446,0.9848471560393801,0.14491303999572208,0.022643700009211898,-1
95,35,beam_search,-1.094529542316845,1.094529542316845,1,2.337669271637771,97.11647666812456,0.003913799912495901,702.9553879366446,0.9848471560393801,0.14491303999572208,0.07062810007482767,-1
95,35,simulated_annealing,-1.094529542316845,1.094529542316845,1,2.337669271637771,97.11647666812456,0.003913799912495901,702.9553879366446,0.9848471560393801,0.14491303999572208,0.008093399927020073,-1
95,35,block_beam_strong,-1.0562299999186142,1.0562299999186142,1,2.6157124377087984,92.02449995212315,0.003730192750231325,786.2337432278118,0.9970592854187673,0.16214904550524367,0.49632079992443323,-1
95,35,block_lns_strong,-1.0473716559827633,1.0473716559827633,1,2.5271289998827715,92.02449994031845,0.003730192749793999,759.6970520977882,0.9970592854187673,0.15665772326202146,0.08334970008581877,-1
95,35,hybrid_heuristic,-1.0473716559827633,1.0473716559827633,1,2.5271289998827715,92.02449994031845,0.003730192749793999,759.6970520977882,0.9970592854187673,0.15665772326202146,0.01669459999538958,-1
95,36,autoreg_rl_pure,-0.3760246198424597,0.3760246198424597,1,2.3807069176586966,41.43856224530674,0.0010101777797979477,613.8807270632818,0.9821806440790429,0.12997001766430435,0.08350449986755848,256
95,36,random,-100.0,1427867162228851.8,0,57.59601728882465,1.0998853097253621e+17,0.1220881053746706,14784.154195174098,0.8663054150583821,3.1337347828434288,0.026921699987724423,-1
95,36,latency_greedy,-40.922334771055056,40.922334771055056,1,2.9800835709547315,3160.101664755598,0.015786201551369367,767.6731083418415,0.9745935919406798,0.16327298988846164,9.780004620552063e-05,-1
95,36,block_balanced,-29.41123248202531,29.41123248202531,1,4.427433685484101,2262.253142254516,0.01464669690739967,1139.1531517815238,0.6547870960526954,0.2414749786659826,7.970002479851246e-05,-1
95,36,pdp_aware_greedy,-40.922334771055056,40.922334771055056,1,2.9800835709547315,3160.101664755598,0.015786201551369367,767.6731083418415,0.9745935919406798,0.16327298988846164,0.0007042000070214272,-1
95,36,local_search,-4.873245089266645,4.873245089266645,1,5.886806809287714,360.85174528072196,0.008388580823400042,1513.6652358623585,0.9488739161547957,0.3210212878434874,0.02210150007158518,-1
95,36,beam_search,-0.3787835656779245,0.3787835656779245,1,2.3459609296142103,41.91873185480009,0.0010494549098634693,604.9846922418515,0.9821806440790429,0.12767415097661863,0.06802519992925227,-1
95,36,simulated_annealing,-4.873245089266645,4.873245089266645,1,5.886806809287714,360.85174528072196,0.008388580823400042,1513.6652358623585,0.9488739161547957,0.3210212878434874,0.008319899905472994,-1
95,36,block_beam_strong,-0.3949198126931246,0.3949198126931246,1,2.5068320084138183,41.922517039753714,0.0010497627414980649,646.2663186605964,0.9991468728696402,0.13625378569512267,0.6023355000652373,-1
95,36,block_lns_strong,-0.3787835656779245,0.3787835656779245,1,2.3459609296142103,41.91873185480009,0.0010494549098634693,604.9846922418515,0.9821806440790429,0.12767415097661863,0.0787559999153018,-1
95,36,hybrid_heuristic,-0.3787835656779245,0.3787835656779245,1,2.3459609296142103,41.91873185480009,0.0010494549098634693,604.9846922418515,0.9821806440790429,0.12767415097661863,0.014123300090432167,-1
95,37,autoreg_rl_pure,-0.23401018937973825,0.23401018937973825,1,2.287784052897395,31.214982607951807,4.430154751949148e-05,613.8201021938596,0.9626005316338367,0.12195092087752016,0.14501810004003346,255
95,37,random,-100.0,4.568029559262737e+25,0,101.17043013017663,3.5187507210275436e+27,0.2609005870558373,27019.953670015482,0.9626005316338367,5.391311168667159,0.02972209989093244,-1
95,37,latency_greedy,-3.577199530649575,3.577199530649575,1,3.012138960473674,283.160976399878,0.007562012018813572,807.228434643369,0.9626005316338367,0.1595949182756854,6.929994560778141e-05,-1
95,37,block_balanced,-87086.024070755,87086.024070755,1,6.521589922385141,6708212.342549127,0.04190240674924698,1744.4392120826699,0.7440939230309571,0.3461520092348254,7.459986954927444e-05,-1
95,37,pdp_aware_greedy,-5.815477063430356,5.815477063430356,1,2.7590701600440837,457.5247623911351,0.009197804154199485,739.6748401089344,0.9626005316338367,0.14755855323844802,0.0004930999130010605,-1
95,37,local_search,-3.577199530649575,3.577199530649575,1,3.012138960473674,283.160976399878,0.007562012018813572,807.228434643369,0.9626005316338367,0.1595949182756854,0.015846800059080124,-1
95,37,beam_search,-0.23401018937973825,0.23401018937973825,1,2.287784052897395,31.214982607951807,4.430154751949148e-05,613.8201021938596,0.9626005316338367,0.12195092087752016,0.06805639993399382,-1
95,37,simulated_annealing,-3.577199530649575,3.577199530649575,1,3.012138960473674,283.160976399878,0.007562012018813572,807.228434643369,0.9626005316338367,0.1595949182756854,0.007760199951007962,-1
95,37,block_beam_strong,-0.5932874364597972,0.5932874364597972,1,2.4111877859247848,57.93951139913626,0.002152903240796296,646.7543350926665,0.9626005316338367,0.12775417160086233,0.28188200015574694,-1
95,37,block_lns_strong,-0.23401018937973825,0.23401018937973825,1,2.287784052897395,31.214982607951807,4.430154751949148e-05,613.8201021938596,0.9626005316338367,0.12195092087752016,0.07575610000640154,-1
95,37,hybrid_heuristic,-0.23401018937973825,0.23401018937973825,1,2.287784052897395,31.214982607951807,4.430154751949148e-05,613.8201021938596,0.9626005316338367,0.12195092087752016,0.015473600011318922,-1
95,38,autoreg_rl_pure,-0.2140931369555921,0.2140931369555921,1,2.1329186178503434,30.87370074336339,6.822459341956894e-06,634.4699724149541,0.9496364403337418,0.13647261018068074,0.08800649992190301,256
95,38,random,-100.0,1.274417935369435e+25,0,84.35569972280953,9.816834525246356e+26,0.20020048961960585,24982.07554680536,0.8676399454207284,5.408778466827463,0.03039530012756586,-1
95,38,latency_greedy,-2314.340114795099,2314.340114795099,1,3.2791824007710044,178279.04744769886,0.02953468307942948,973.8685805522567,0.9839224901337412,0.20981512268986643,0.00021199998445808887,-1
95,38,block_balanced,-5831031.23205172,5831031.23205172,1,7.203703600445932,449163998.5824479,0.05623491943624093,2136.037769767431,0.723033287850607,0.46166925802530956,9.269989095628262e-05,-1
95,38,pdp_aware_greedy,-37.52595747851492,37.52595747851492,1,2.87550845674852,2899.284445501907,0.01549253130816813,854.3585120393426,0.9346700583961652,0.18581422025070854,0.000680399825796485,-1
95,38,local_search,-18.01493453272637,18.01493453272637,1,2.8704192941587525,1396.3905955745117,0.013001853080737157,852.8518795144804,0.9346700583961652,0.18547577038472038,0.0235899998806417,-1
95,38,beam_search,-0.2128527426625181,0.2128527426625181,1,2.1199736841698864,30.87786799220874,7.282594398889933e-06,630.6385336669894,0.9496364403337418,0.13564434187583177,0.07212579995393753,-1
95,38,simulated_annealing,-18.01493453272637,18.01493453272637,1,2.8704192941587525,1396.3905955745117,0.013001853080737157,852.8518795144804,0.9346700583961652,0.18547577038472038,0.0105835001450032,-1
95,38,block_beam_strong,-0.21664733650232415,0.21664733650232415,1,2.1579196225539317,30.8778679923167,7.2825944108100254e-06,641.8673375291206,0.9346700583961652,0.1380722738248928,0.4793876998592168,-1
95,38,block_lns_strong,-0.2128527426625181,0.2128527426625181,1,2.1199736841698864,30.87786799220874,7.282594398889933e-06,630.6385336669894,0.9496364403337418,0.13564434187583177,0.08237150008790195,-1
95,38,hybrid_heuristic,-0.2128527426625181,0.2128527426625181,1,2.1199736841698864,30.87786799220874,7.282594398889933e-06,630.6385336669894,0.9496364403337418,0.13564434187583177,0.01487069996073842,-1
95,39,autoreg_rl_pure,-0.43114134939722926,0.43114134939722926,1,2.9866302222430914,41.0167770011903,0.0009752990814188477,736.1391805831327,0.9920865132693493,0.15548024130318672,0.1303097999189049,256
95,39,random,-100.0,4.568029559262737e+25,0,111.65641098604232,3.5187507210275436e+27,0.2508969872032969,27408.904521935903,0.9591216387110417,5.757421604758448,0.02873539994470775,-1
95,39,latency_greedy,-34281788.69787396,34281788.69787396,1,10.346192813947132,2640724297.002139,0.062274065557487365,2542.4025422261557,0.9627727655433873,0.5315435664994191,6.870017386972904e-05,-1
95,39,block_balanced,-209418893179.57477,209418893179.57477,1,16.818158864042978,16131526116631.352,0.09199378626071636,4131.018062787494,0.6944605592885444,0.8651178000154673,7.760012522339821e-05,-1
95,39,pdp_aware_greedy,-127642.02081686592,127642.02081686592,1,4.122764354230478,9832257.076233394,0.04320587093099771,1014.8953686893958,0.9591216387110417,0.2122696120594539,0.0008789000567048788,-1
95,39,local_search,-100.0,4.568029559262737e+25,0,111.65641098604232,3.5187507210275436e+27,0.2508969872032969,27408.904521935903,0.9591216387110417,5.757421604758448,0.018047000048682094,-1
95,39,beam_search,-0.43114134939722926,0.43114134939722926,1,2.9866302222430914,41.0167770011903,0.0009752990814188477,736.1391805831327,0.9920865132693493,0.15548024130318672,0.0754315999802202,-1
95,39,simulated_annealing,-100.0,4.568029559262737e+25,0,111.65641098604232,3.5187507210275436e+27,0.2508969872032969,27408.904521935903,0.9591216387110417,5.757421604758448,0.011757700005546212,-1
95,39,block_beam_strong,-0.4360960830434651,0.4360960830434651,1,2.907322088905688,42.00934999439009,0.0010568168434450945,716.6841436201754,0.9920865132693493,0.1513903609738683,0.5002534000668675,-1
95,39,block_lns_strong,-0.43114134939722926,0.43114134939722926,1,2.9866302222430914,41.0167770011903,0.0009752990814188477,736.1391805831327,0.9920865132693493,0.15548024130318672,0.0803667998407036,-1
95,39,hybrid_heuristic,-0.43114134939722926,0.43114134939722926,1,2.9866302222430914,41.0167770011903,0.0009752990814188477,736.1391805831327,0.9920865132693493,0.15548024130318672,0.01698919991031289,-1
95,40,autoreg_rl_pure,-10.292823802433896,10.292823802433896,1,2.7736535184298954,802.302206178461,0.011112602344868484,815.8344324389489,0.9292131488362912,0.19907475900575392,0.14272360014729202,256
95,40,random,-100.0,4.568029559262737e+25,0,107.39475277840529,3.5187507210275436e+27,0.3289039905033493,31480.43414489429,0.8939093049753196,7.659548158555799,0.02981720003299415,-1
95,40,latency_greedy,-723082259.0946586,723082259.0946586,1,7.226404920959928,55698987635.861786,0.07266843888833156,2120.933249953151,0.97227631325454,0.5163227645332438,0.00013480009511113167,-1
95,40,block_balanced,-53598920635.29891,53598920635.29891,1,11.878249045759834,4128721983564.0356,0.08734768758010043,3484.433629471656,0.6888225429681445,0.8472432010711021,9.749992750585079e-05,-1
95,40,pdp_aware_greedy,-76.79086695620308,76.79086695620308,1,1.9548266665335436,5930.950324856754,0.017932573517927243,575.8600626076013,0.97227631325454,0.13900084721151917,0.0009682001546025276,-1
95,40,local_search,-76.79086695620308,76.79086695620308,1,1.9548266665335436,5930.950324856754,0.017932573517927243,575.8600626076013,0.97227631325454,0.13900084721151917,0.015657000010833144,-1
95,40,beam_search,-76.79086695620308,76.79086695620308,1,1.9548266665335436,5930.950324856754,0.017932573517927243,575.8600626076013,0.97227631325454,0.13900084721151917,0.06952799996361136,-1
95,40,simulated_annealing,-76.79086695620308,76.79086695620308,1,1.9548266665335436,5930.950324856754,0.017932573517927243,575.8600626076013,0.97227631325454,0.13900084721151917,0.008082499960437417,-1
95,40,block_beam_strong,-10.294094753790203,10.294094753790203,1,2.786363031992926,802.3022061784613,0.011112602344868485,819.5653698416486,0.9458441884087837,0.19997874980955122,0.45023109996691346,-1
95,40,block_lns_strong,-10.292823802433896,10.292823802433896,1,2.7736535184298954,802.302206178461,0.011112602344868484,815.8344324389489,0.9292131488362912,0.19907475900575392,0.08735749986954033,-1
95,40,hybrid_heuristic,-10.292823802433896,10.292823802433896,1,2.7736535184298954,802.302206178461,0.011112602344868484,815.8344324389489,0.9292131488362912,0.19907475900575392,0.01518190000206232,-1
95,41,autoreg_rl_pure,-1.0693420556227313,1.0693420556227313,1,2.3489527396673906,95.0893694243785,0.003841886463606224,704.7440203390507,0.9627923687286326,0.1381683146999532,0.84495780011639,186
95,41,random,-100.0,2.670041405893308e+23,0,66.45484870902716,2.056731463812337e+25,0.1870219601523861,19858.40944418495,0.9957682607193746,3.8865837936153174,0.029179200064390898,-1
95,41,latency_greedy,-46.334214003590766,46.334214003590766,1,3.1869348835183513,3575.3850574081157,0.016207132335915454,955.069134867219,0.9957682607193746,0.18735315497630523,7.059983909130096e-05,-1
95,41,block_balanced,-11288.620298295094,11288.620298295094,1,5.408217489845241,869550.9690136972,0.03493701075971124,1618.807872998901,0.674587488086962,0.3169330108787885,7.919990457594395e-05,-1
95,41,pdp_aware_greedy,-114.14545564523517,114.14545564523517,1,3.196216008944183,8798.809873909111,0.019277275493226005,957.8744210625254,0.9957682607193746,0.18690978673070419,0.0005914999637752771,-1
95,41,local_search,-46.334214003590766,46.334214003590766,1,3.1869348835183513,3575.3850574081157,0.016207132335915454,955.069134867219,0.9957682607193746,0.18735315497630523,0.0154727001208812,-1
95,41,beam_search,-1.2444971539698388,1.2444971539698388,1,2.3258703319263745,108.75936092481648,0.0042998136120005245,697.8697787196611,0.9046865662605402,0.13681452810679895,0.07011920004151762,-1
95,41,simulated_annealing,-46.334214003590766,46.334214003590766,1,3.1869348835183513,3575.3850574081157,0.016207132335915454,955.069134867219,0.9957682607193746,0.18735315497630523,0.007659700000658631,-1
95,41,block_beam_strong,-1.0800154005560054,1.0800154005560054,1,2.4557655189971825,95.08875834583644,0.00384186455471757,736.6726478240237,0.9957682607193746,0.14420428761832138,0.5073009000625461,-1
95,41,block_lns_strong,-1.0693420556227313,1.0693420556227313,1,2.3489527396673906,95.0893694243785,0.003841886463606224,704.7440203390507,0.9627923687286326,0.1381683146999532,0.08284930000081658,-1
95,41,hybrid_heuristic,-1.0693420556227313,1.0693420556227313,1,2.3489527396673906,95.0893694243785,0.003841886463606224,704.7440203390507,0.9627923687286326,0.1381683146999532,0.01606619986705482,-1
95,42,autoreg_rl_pure,-0.424643956328431,0.424643956328431,1,2.5588741292481343,43.81128605292162,0.0012000011305423378,704.0109338401567,0.9774950604826433,0.17946976169485107,0.1298680999316275,254
95,42,random,-100.0,449228972861.9364,0,72.34811594376495,34604083700269.98,0.09459568317227748,19823.435024419374,0.8610976962326993,5.064341304086164,0.03142279991880059,-1
95,42,latency_greedy,-2973751346.8396263,2973751346.8396263,1,11.04216208204671,229067906799.17218,0.07748925600455187,3028.011114681385,0.9774950604826433,0.777572472322303,7.33998604118824e-05,-1
95,42,block_balanced,-110108057.77739538,110108057.77739538,1,10.955170585688805,8481617735.20426,0.06625209653314947,3004.2294529973706,0.7527131012269226,0.7712244342631588,7.830001413822174e-05,-1
95,42,pdp_aware_greedy,-83.83345124007508,83.83345124007508,1,4.355234814722245,6454.949883660291,0.01822120688071914,1196.1388316370412,0.9662834615234803,0.30640595409149696,0.0005677998997271061,-1
95,42,local_search,-83.83345124007508,83.83345124007508,1,4.355234814722245,6454.949883660291,0.01822120688071914,1196.1388316370412,0.9662834615234803,0.30640595409149696,0.015567700145766139,-1
95,42,beam_search,-0.424643956328431,0.424643956328431,1,2.5588741292481343,43.81128605292162,0.0012000011305423378,704.0109338401567,0.9774950604826433,0.17946976169485107,0.06908689998090267,-1
95,42,simulated_annealing,-83.83345124007508,83.83345124007508,1,4.355234814722245,6454.949883660291,0.01822120688071914,1196.1388316370412,0.9662834615234803,0.30640595409149696,0.0098794000223279,-1
95,42,block_beam_strong,-0.47025459495173605,0.47025459495173605,1,2.6176331939213853,46.872050341107546,0.0014302254918112055,720.0743816789161,0.9774950604826433,0.1843201156608893,0.46750660007819533,-1
95,42,block_lns_strong,-0.424643956328431,0.424643956328431,1,2.5588741292481343,43.81128605292162,0.0012000011305423378,704.0109338401567,0.9774950604826433,0.17946976169485107,0.07581229996867478,-1
95,42,hybrid_heuristic,-0.424643956328431,0.424643956328431,1,2.5588741292481343,43.81128605292162,0.0012000011305423378,704.0109338401567,0.9774950604826433,0.17946976169485107,0.015282199950888753,-1
95,43,autoreg_rl_pure,-1.52238454567752,1.52238454567752,1,4.014723649835639,117.15578375767294,0.004553345695405006,1029.7618160736508,0.9999518878067638,0.23712177775682983,0.10392699996009469,256
95,43,random,-100.0,4.568029559262737e+25,0,70.20945692499657,3.5187507210275436e+27,0.2602221338177027,17959.341089317564,0.9999518878067638,4.1482024734230025,0.028385299956426024,-1
95,43,latency_greedy,-5515062.270484827,5515062.270484827,1,5.763068711919292,424824937.5061495,0.056044989215011345,1476.833793300283,0.9855092363575189,0.3421864466959019,6.83001708239317e-05,-1
95,43,block_balanced,-1440901525.581746,1440901525.581746,1,8.704001888150646,110992567246.73083,0.07501909421704897,2229.0349960267285,0.708892066741241,0.515649042641578,0.00016039982438087463,-1
95,43,pdp_aware_greedy,-128.94554883535722,128.94554883535722,1,3.161444709265532,9939.128102191447,0.019692731598837606,811.4693051313095,0.9924488934377373,0.1879640980366045,0.0005204998888075352,-1
95,43,local_search,-100.0,4.568029559262737e+25,0,70.20945692499657,3.5187507210275436e+27,0.2602221338177027,17959.341089317564,0.9999518878067638,4.1482024734230025,0.017872299998998642,-1
95,43,beam_search,-940.6134881189631,940.6134881189631,1,5.208302078512718,72446.09902830738,0.02646466405371313,1334.9618228996349,0.9924488934377373,0.30945798973951627,0.06739740003831685,-1
95,43,simulated_annealing,-100.0,4.568029559262737e+25,0,70.20945692499657,3.5187507210275436e+27,0.2602221338177027,17959.341089317564,0.9999518878067638,4.1482024734230025,0.013439300004392862,-1
95,43,block_beam_strong,-7.2132036399664,7.2132036399664,1,2.9134832243859514,564.0021226563274,0.009911103174502408,748.110081558837,0.9855092363575189,0.1716239971465497,0.5216385999228805,-1
95,43,block_lns_strong,-7.008515195324213,7.008515195324213,1,2.9275951856138347,548.1262783751813,0.009813762291012402,751.7271145776382,0.9999518878067638,0.17245528773824925,0.06355890003032982,-1
95,43,hybrid_heuristic,-7.008515195324213,7.008515195324213,1,2.9275951856138347,548.1262783751813,0.009813762291012402,751.7271145776382,0.9999518878067638,0.17245528773824925,0.01611079997383058,-1
95,44,autoreg_rl_pure,-1.75397609429858,1.75397609429858,1,2.476388945601398,146.8450523158151,0.005323395889389943,607.3433818692238,0.9369700324720477,0.16083648778971735,0.45895480015315115,234
95,44,random,-100.0,4.568029559262737e+25,0,133.12262257342562,3.5187507210275436e+27,0.25239606937624176,32495.032080852354,0.9369700324720477,8.621517034507594,0.030680299969390035,-1
95,44,latency_greedy,-844333.50139691,844333.50139691,1,6.699531213071331,65038943.561693035,0.04964695370636215,1638.0551792031456,0.9369700324720477,0.4325555401672339,8.390005677938461e-05,-1
95,44,block_balanced,-1037026.4235143046,1037026.4235143046,1,8.535600322746786,79882054.88078812,0.05034776821027642,2086.2513989201016,0.7787654042801149,0.5521144098435479,8.279993198812008e-05,-1
95,44,pdp_aware_greedy,-657.634502754495,657.634502754495,1,3.427693836471982,50661.95896915424,0.025245300026361384,839.5274655164851,0.9369700324720477,0.22245758281376596,0.000511599937453866,-1
95,44,local_search,-100.0,4.568029559262737e+25,0,133.12262257342562,3.5187507210275436e+27,0.25239606937624176,32495.032080852354,0.9369700324720477,8.621517034507594,0.01888470002450049,-1
95,44,beam_search,-25.166581093457275,25.166581093457275,1,4.0919381100301475,1937.8721939267025,0.01411905086547607,1001.6623548413472,0.915304344509582,0.26449532154499555,0.07371189980767667,-1
95,44,simulated_annealing,-100.0,4.568029559262737e+25,0,133.12262257342562,3.5187507210275436e+27,0.25239606937624176,32495.032080852354,0.9369700324720477,8.621517034507594,0.013219299959018826,-1
95,44,block_beam_strong,-1.75397609429858,1.75397609429858,1,2.476388945601398,146.8450523158151,0.005323395889389943,607.3433818692238,0.9369700324720477,0.16083648778971735,0.30234460020437837,-1
95,44,block_lns_strong,-1.75397609429858,1.75397609429858,1,2.476388945601398,146.8450523158151,0.005323395889389943,607.3433818692238,0.9369700324720477,0.16083648778971735,0.07794320001266897,-1
95,44,hybrid_heuristic,-1.75397609429858,1.75397609429858,1,2.476388945601398,146.8450523158151,0.005323395889389943,607.3433818692238,0.9369700324720477,0.16083648778971735,0.018316400004550815,-1
95,45,autoreg_rl_pure,-0.3365882035811582,0.3365882035811582,1,2.481194692180633,37.62672042597202,0.0006811975911899278,696.1271789409716,0.9709168111542337,0.16755805712345678,0.1768920999020338,254
95,45,random,-100.0,2.4306011685305975e+19,0,76.74673189853227,1.872290777312264e+21,0.15530165241301588,21444.384160576665,0.9613358374567325,5.205306266722715,0.028755699982866645,-1
95,45,latency_greedy,-7700.522343219451,7700.522343219451,1,3.530491118166304,593174.4399731305,0.03363302698129773,989.2028862550303,0.9709168111542337,0.2405689196297151,0.00013369997031986713,-1
95,45,block_balanced,-1485440.0353646409,1485440.0353646409,1,6.181000220776188,114423349.50403652,0.05157288159407444,1729.7761651160745,0.6935120079673097,0.4194152875988465,8.979998528957367e-05,-1
95,45,pdp_aware_greedy,-57.470349762873866,57.470349762873866,1,2.895228739584435,4435.448008909868,0.016942007374152256,811.7421557478349,0.9613358374567325,0.19739967956780094,0.0012723999097943306,-1
95,45,local_search,-57.470349762873866,57.470349762873866,1,2.895228739584435,4435.448008909868,0.016942007374152256,811.7421557478349,0.9613358374567325,0.19739967956780094,0.016250499989837408,-1
95,45,beam_search,-0.34814392852947645,0.34814392852947645,1,2.6024309150738185,37.58297532423417,0.0006772317115466765,730.0212972068864,0.9709168111542337,0.17574528484282417,0.07076249993406236,-1
95,45,simulated_annealing,-57.470349762873866,57.470349762873866,1,2.895228739584435,4435.448008909868,0.016942007374152256,811.7421557478349,0.9613358374567325,0.19739967956780094,0.009590300032868981,-1
95,45,block_beam_strong,-0.3365882035811582,0.3365882035811582,1,2.481194692180633,37.62672042597202,0.0006811975911899278,696.1271789409716,0.9709168111542337,0.16755805712345678,0.48806030000559986,-1
95,45,block_lns_strong,-0.3365882035811582,0.3365882035811582,1,2.481194692180633,37.62672042597202,0.0006811975911899278,696.1271789409716,0.9709168111542337,0.16755805712345678,0.08268889994360507,-1
95,45,hybrid_heuristic,-0.3365882035811582,0.3365882035811582,1,2.481194692180633,37.62672042597202,0.0006811975911899278,696.1271789409716,0.9709168111542337,0.16755805712345678,0.014809600077569485,-1
95,46,autoreg_rl_pure,-0.3360498202384823,0.3360498202384823,1,2.461787288697859,37.7347439109469,0.0006909711568494245,639.6115789861582,0.9970886563630541,0.11543149606198902,0.0818618000485003,256
95,46,random,-100.0,57280680264690.5,0,91.48160976814093,4412327730533065.0,0.11112417227209281,23663.59844368352,0.9575641049304346,4.246490445941974,0.02758920006453991,-1
95,46,latency_greedy,-6927.828085900287,6927.828085900287,1,3.744557380902938,533652.1937971201,0.033272522630230006,971.3581994491183,0.9970886563630541,0.17552927112942054,6.849993951618671e-05,-1
95,46,block_balanced,-499110043.3241073,499110043.3241073,1,9.397495354577224,38446419843.285736,0.07140465665614384,2433.4749859724307,0.6839743606645962,0.4384243062056182,7.950002327561378e-05,-1
95,46,pdp_aware_greedy,-0.35625193617696904,0.35625193617696904,1,2.592279652318724,38.2857298413213,0.0007403910070051813,673.3995605896912,0.9970886563630541,0.12149468988392655,0.0005562999285757542,-1
95,46,local_search,-0.3369387010080376,0.3369387010080376,1,2.465256981782563,37.77648732174771,0.0006947404533947687,640.546638091498,0.9970886563630541,0.11558406761125986,0.02110150014050305,-1
95,46,beam_search,-0.7830432265526169,0.7830432265526169,1,3.990823567262189,60.38846378227552,0.002294039567354392,1035.1296621463719,0.9696569081098103,0.18523456486118112,0.07400440005585551,-1
95,46,simulated_annealing,-0.3369387010080376,0.3369387010080376,1,2.465256981782563,37.77648732174771,0.0006947404533947687,640.546638091498,0.9970886563630541,0.11558406761125986,0.008324200054630637,-1
95,46,block_beam_strong,-0.3369387010080376,0.3369387010080376,1,2.465256981782563,37.77648732174771,0.0006947404533947687,640.546638091498,0.9970886563630541,0.11558406761125986,0.4633583000395447,-1
95,46,block_lns_strong,-0.3369387010080376,0.3369387010080376,1,2.465256981782563,37.77648732174771,0.0006947404533947687,640.546638091498,0.9970886563630541,0.11558406761125986,0.08200159994885325,-1
95,46,hybrid_heuristic,-0.3369387010080376,0.3369387010080376,1,2.465256981782563,37.77648732174771,0.0006947404533947687,640.546638091498,0.9970886563630541,0.11558406761125986,0.01594759989529848,-1
95,47,autoreg_rl_pure,-1.8485890969597338,1.8485890969597338,1,2.8075819761388683,151.58190870049964,0.005431632085272314,743.8856640636211,0.9638202314987284,0.13443328433052043,0.09314699983224273,256
95,47,random,-100.0,3.911700176405865e+19,0,69.87815483165652,3.013180549206694e+21,0.15692386918741583,18445.02449394485,0.9783646385085315,3.3299337474675763,0.030648099957033992,-1
95,47,latency_greedy,-4280.4867905139,4280.4867905139,1,3.596286458961046,329728.7778416213,0.031631076585914256,952.0044037587568,0.9783646385085315,0.17092665849784056,8.409982547163963e-05,-1
95,47,block_balanced,-214396.2380961586,214396.2380961586,1,5.549440891236294,16514918.793533027,0.04497387285462147,1467.5015771796607,0.7228651736240462,0.26417516424993,0.00025630020536482334,-1
95,47,pdp_aware_greedy,-4280.4867905139,4280.4867905139,1,3.596286458961046,329728.7778416213,0.031631076585914256,952.0044037587568,0.9783646385085315,0.17092665849784056,0.0005499999970197678,-1
95,47,local_search,-100.0,3.911700176405865e+19,0,69.87815483165652,3.013180549206694e+21,0.15692386918741583,18445.02449394485,0.9783646385085315,3.3299337474675763,0.018389999866485596,-1
95,47,beam_search,-16.33893163574764,16.33893163574764,1,5.8131614589193275,1244.620255132318,0.012609588255890357,1537.0863296331515,0.9783646385085315,0.2762917456159949,0.07525899983011186,-1
95,47,simulated_annealing,-100.0,3.911700176405865e+19,0,69.87815483165652,3.013180549206694e+21,0.15692386918741583,18445.02449394485,0.9783646385085315,3.3299337474675763,0.012559900060296059,-1
95,47,block_beam_strong,-1.8323348166459237,1.8323348166459237,1,2.803494179161585,150.36133063736472,0.005404069084455115,742.8066859059742,0.9783646385085315,0.1342385099264992,0.4403389000799507,-1
95,47,block_lns_strong,-1.8323348166459237,1.8323348166459237,1,2.803494179161585,150.36133063736472,0.005404069084455115,742.8066859059742,0.9783646385085315,0.1342385099264992,0.09017500001937151,-1
95,47,hybrid_heuristic,-1.8323348166459237,1.8323348166459237,1,2.803494179161585,150.36133063736472,0.005404069084455115,742.8066859059742,0.9783646385085315,0.1342385099264992,0.015260099899023771,-1
95,48,autoreg_rl_pure,-1.261902018792177,1.261902018792177,1,2.864741101425377,105.94913808008388,0.004210565259568078,754.5057461975657,0.9989901624245008,0.2074383173472194,0.11034539993852377,253
95,48,random,-100.0,4.568029559262737e+25,0,76.55185103976179,3.5187507210275436e+27,0.25912372421121693,20085.989271764625,0.8816938737968834,5.567438188873927,0.028715499909594655,-1
95,48,latency_greedy,-100.0,26712459.130297896,0,15.361918281888284,2057659207.4931548,0.061423521251858015,4033.0320334254347,0.9948591077970662,1.1201667566604507,6.950017996132374e-05,-1
95,48,block_balanced,-100.0,24724572658.431328,0,22.016835144306913,1904532506498.3787,0.08470987416297304,5778.964716082614,0.6964013754579463,1.6034121963703356,7.779989391565323e-05,-1
95,48,pdp_aware_greedy,-602.4097582758709,602.4097582758709,1,3.5060453506764175,46407.39632072871,0.024946256092907473,922.7033058468987,0.9948591077970662,0.25435742615790996,0.0005471000913530588,-1
95,48,local_search,-100.0,4.568029559262737e+25,0,76.55185103976179,3.5187507210275436e+27,0.25912372421121693,20085.989271764625,0.8816938737968834,5.567438188873927,0.01634479989297688,-1
95,48,beam_search,-82.25391614521115,82.25391614521115,1,3.2238089163308454,6341.993747597149,0.01816102043011323,848.7130585298288,0.9948591077970662,0.23343872042045796,0.0721257000695914,-1
95,48,simulated_annealing,-100.0,4.568029559262737e+25,0,76.55185103976179,3.5187507210275436e+27,0.25912372421121693,20085.989271764625,0.8816938737968834,5.567438188873927,0.013465800089761615,-1
95,48,block_beam_strong,-1.392984937135328,1.392984937135328,1,2.8491902350848486,116.16623649405558,0.004524427758891458,750.4017929674785,0.9802621445498324,0.20631226601037586,0.5276434000115842,-1
95,48,block_lns_strong,-1.25743475011409,1.25743475011409,1,2.8561700057769643,105.67104771709579,0.004201605157031555,752.2342864206156,0.9802621445498324,0.2068176770882291,0.08587319985963404,-1
95,48,hybrid_heuristic,-1.25743475011409,1.25743475011409,1,2.8561700057769643,105.67104771709579,0.004201605157031555,752.2342864206156,0.9802621445498324,0.2068176770882291,0.015084699960425496,-1
95,49,autoreg_rl_pure,-0.19897165430516953,0.19897165430516953,1,1.9896250905878257,30.812683017762826,7.794429637800734e-08,573.5781635258516,0.9489879498028331,0.09908449540761502,0.09056650009006262,256
95,49,random,-100.0,2038809.7433635963,0,55.856598715683525,157049005.79960534,0.052652417588834356,16024.080232698472,0.9462285901343512,2.7616298279062534,0.027714600088074803,-1
95,49,latency_greedy,-321.7357967462321,321.7357967462321,1,3.3223098813328016,24788.51142161394,0.02280841296514776,955.7931750901272,0.9766591183114447,0.16494751431424975,6.92000612616539e-05,-1
95,49,block_balanced,-155.29691613157223,155.29691613157223,1,4.910058076880221,11955.502953182451,0.02032245504950479,1411.2330482336952,0.7117409623521248,0.2428789660713209,7.539987564086914e-05,-1
95,49,pdp_aware_greedy,-0.21049116487432212,0.21049116487432212,1,2.1049001345607365,30.81206725360979,9.813555391285715e-09,606.637505785405,0.9462285901343512,0.10478808978614451,0.0006844999734312296,-1
95,49,local_search,-0.21049116487432212,0.21049116487432212,1,2.1049001345607365,30.81206725360979,9.813555391285715e-09,606.637505785405,0.9462285901343512,0.10478808978614451,0.015305600129067898,-1
95,49,beam_search,-0.19897165430516953,0.19897165430516953,1,1.9896250905878257,30.812683017762826,7.794429637800734e-08,573.5781635258516,0.9489879498028331,0.09908449540761502,0.06418340001255274,-1
95,49,simulated_annealing,-0.21049116487432212,0.21049116487432212,1,2.1049001345607365,30.81206725360979,9.813555391285715e-09,606.637505785405,0.9462285901343512,0.10478808978614451,0.007687299977988005,-1
95,49,block_beam_strong,-0.2085792955774944,0.2085792955774944,1,2.085701503311075,30.812683017762826,7.794429637800734e-08,601.1447482145238,0.9489879498028331,0.10382205910290089,0.4825961000751704,-1
95,49,block_lns_strong,-0.19897165430516953,0.19897165430516953,1,1.9896250905878257,30.812683017762826,7.794429637800734e-08,573.5781635258516,0.9489879498028331,0.09908449540761502,0.07853560009971261,-1
95,49,hybrid_heuristic,-0.19897165430516953,0.19897165430516953,1,1.9896250905878257,30.812683017762826,7.794429637800734e-08,573.5781635258516,0.9489879498028331,0.09908449540761502,0.016612499952316284,-1
95,50,autoreg_rl_pure,-2.2729774533963893,2.2729774533963893,1,1.6292526246690069,193.3491857280231,0.006261337491368932,424.53831891915377,0.9727322314269544,0.0934450603572342,0.08870500000193715,256
95,50,random,-100.0,4.568029559262737e+25,0,101.56813519272956,3.5187507210275436e+27,0.2111848394718343,26290.610986348525,0.9592865814143058,5.733551516295177,0.02928379992954433,-1
95,50,latency_greedy,-49.7426347871821,49.7426347871821,1,3.031283083532685,3839.1345126571464,0.01644977977880613,787.3568456361379,0.9693756892827146,0.17051782476887373,6.929994560778141e-05,-1
95,50,block_balanced,-20912.159158496328,20912.159158496328,1,5.711208745158297,1610849.3176514667,0.03703892537571482,1481.0837244719871,0.6484881542846362,0.3236907533842731,7.280008867383003e-05,-1
95,50,pdp_aware_greedy,-28.74051806881123,28.74051806881123,1,2.6506523890964644,2224.274583757548,0.014588977431834139,688.8425748272131,0.9693756892827146,0.14912621402016493,0.0005510998889803886,-1
95,50,local_search,-28.74051806881123,28.74051806881123,1,2.6506523890964644,2224.274583757548,0.014588977431834139,688.8425748272131,0.9693756892827146,0.14912621402016493,0.01550800004042685,-1
95,50,beam_search,-2.671607636431002,2.671607636431002,1,5.390543134748506,195.08244672197193,0.006291762880261766,1397.9849149534384,0.9693756892827146,0.3029508711415455,0.07974290009588003,-1
95,50,simulated_annealing,-28.74051806881123,28.74051806881123,1,2.6506523890964644,2224.274583757548,0.014588977431834139,688.8425748272131,0.9693756892827146,0.14912621402016493,0.007937399903312325,-1
95,50,block_beam_strong,-1.9555923147303607,1.9555923147303607,1,4.064295549402636,150.14390291113605,0.0053991356786332444,1054.7967833253595,0.8724381203544431,0.2284151794150665,0.6052343000192195,-1
95,50,block_lns_strong,-1.9102334109748007,1.9102334109748007,1,4.042049823322137,146.82126769485174,0.005322843651785159,1049.0678950328618,0.8557093930207528,0.2271649599238579,0.10242260014638305,-1
95,50,hybrid_heuristic,-1.9102334109748007,1.9102334109748007,1,4.042049823322137,146.82126769485174,0.005322843651785159,1049.0678950328618,0.8557093930207528,0.2271649599238579,0.014960499946027994,-1
95,51,autoreg_rl_pure,-0.22737185177359556,0.22737185177359556,1,1.4487238534269036,37.166908037109344,0.0006392791215336861,402.84630996771483,0.9846033014666017,0.08567325180281431,0.08603699994273484,256
95,51,random,-100.0,4.568029559262737e+25,0,88.82940635877945,3.5187507210275436e+27,0.25880401806893516,24527.509099037576,0.8091499860247657,5.27337329251117,0.027342800050973892,-1
95,51,latency_greedy,-2483.820564577644,2483.820564577644,1,2.083886431286909,191343.32476871,0.029775780170394065,578.163581366539,0.9846033014666017,0.12497604352679458,6.680004298686981e-05,-1
95,51,block_balanced,-140430442.58367515,140430442.58367515,1,7.156946457393128,10817349440.80409,0.06708138736663277,1978.8288164429352,0.6068624895185742,0.42534121380717427,7.319985888898373e-05,-1
95,51,pdp_aware_greedy,-314.19144363917104,314.19144363917104,1,1.8968642218405347,24218.35050643044,0.02272908176455762,526.5292129744427,0.9846033014666017,0.11326589989008062,0.0005755000747740269,-1
95,51,local_search,-100.0,4.568029559262737e+25,0,88.82940635877945,3.5187507210275436e+27,0.25880401806893516,24527.509099037576,0.8091499860247657,5.27337329251117,0.0193467999342829,-1
95,51,beam_search,-0.5451045424768444,0.5451045424768444,1,1.6548349309846708,60.054167645779685,0.00227511455728442,459.756962579638,0.9803318240163227,0.09926807985016879,0.07057340000756085,-1
95,51,simulated_annealing,-100.0,4.568029559262737e+25,0,88.82940635877945,3.5187507210275436e+27,0.25880401806893516,24527.509099037576,0.8091499860247657,5.27337329251117,0.013203199952840805,-1
95,51,block_beam_strong,-0.22737185177359556,0.22737185177359556,1,1.4487238534269036,37.166908037109344,0.0006392791215336861,402.84630996771483,0.9846033014666017,0.08567325180281431,0.6158130001276731,-1
95,51,block_lns_strong,-0.22737185177359556,0.22737185177359556,1,1.4487238534269036,37.166908037109344,0.0006392791215336861,402.84630996771483,0.9846033014666017,0.08567325180281431,0.07152860006317496,-1
95,51,hybrid_heuristic,-0.22737185177359556,0.22737185177359556,1,1.4487238534269036,37.166908037109344,0.0006392791215336861,402.84630996771483,0.9846033014666017,0.08567325180281431,0.01322470000013709,-1
95,52,autoreg_rl_pure,-0.2903593309141982,0.2903593309141982,1,2.530256198929716,33.68779231879489,0.0003042107106000565,654.6027354109689,0.9860940695887702,0.16731078109248881,0.09284280007705092,255
95,52,random,-100.0,823349574.1852955,0,62.497842782492704,63422573117.19077,0.07311115177073599,16099.874127472533,0.9507807114041821,4.109669581052822,0.030508400173857808,-1
95,52,latency_greedy,-41639.102893208794,41639.102893208794,1,4.220468365287081,3207456.1657333924,0.03938690556123988,1089.9174530880277,0.9860940695887702,0.27842351461023185,6.999983452260494e-05,-1
95,52,block_balanced,-47800221.96665466,47800221.96665466,1,10.114202519521427,3682048488.892739,0.06340734191453078,2607.92334217425,0.7923172595034851,0.6653255907652368,7.320009171962738e-05,-1
95,52,pdp_aware_greedy,-11.703672940605346,11.703672940605346,1,3.7149303218148475,903.7291894988126,0.011518449806646016,959.7211531164771,0.9860940695887702,0.24517391889742204,0.0006095001008361578,-1
95,52,local_search,-11.703672940605346,11.703672940605346,1,3.7149303218148475,903.7291894988126,0.011518449806646016,959.7211531164771,0.9860940695887702,0.24517391889742204,0.015801100060343742,-1
95,52,beam_search,-0.4065700207123989,0.4065700207123989,1,3.5518386286663652,34.77025154447505,0.00041203265040097787,917.7152028402936,0.9860940695887702,0.23445596174072514,0.06625609984621406,-1
95,52,simulated_annealing,-11.703672940605346,11.703672940605346,1,3.7149303218148475,903.7291894988126,0.011518449806646016,959.7211531164771,0.9860940695887702,0.24517391889742204,0.008639400126412511,-1
95,52,block_beam_strong,-0.2955236311385317,0.2955236311385317,1,2.568621306921229,33.790071867046905,0.00031454573932305965,664.4861119280142,0.9860940695887702,0.16969754062134407,0.29322710004635155,-1
95,52,block_lns_strong,-0.2903593309141982,0.2903593309141982,1,2.530256198929716,33.68779231879489,0.0003042107106000565,654.6027354109689,0.9860940695887702,0.16731078109248881,0.08094420004636049,-1
95,52,hybrid_heuristic,-0.2903593309141982,0.2903593309141982,1,2.530256198929716,33.68779231879489,0.0003042107106000565,654.6027354109689,0.9860940695887702,0.16731078109248881,0.015528999967500567,-1
95,53,autoreg_rl_pure,-0.25791332331016675,0.25791332331016675,1,2.5028575540512428,31.399529706810156,6.43979055577631e-05,654.2951870137606,0.9943649119171238,0.13768236432316283,0.15072010015137494,254
95,53,random,-100.0,1511428154156114.0,0,67.90131281985622,1.1642522970180808e+17,0.12228199799796714,17675.154178729583,0.897559043265033,3.7097950183745305,0.028803199995309114,-1
95,53,latency_greedy,-6163.08911210393,6163.08911210393,1,3.9669098622483787,474742.6788557694,0.03287374252445185,1035.3113980383512,0.9943649119171238,0.21599982625747713,6.909994408488274e-05,-1
95,53,block_balanced,-254112761.34574768,254112761.34574768,1,8.608028954512855,19574292350.47492,0.06910327389366265,2243.3033245570537,0.7309873207006736,0.46961565474577566,7.670000195503235e-05,-1
95,53,pdp_aware_greedy,-1.428887872924599,1.428887872924599,1,2.70977866090107,120.00572432218789,0.004635285776175223,708.1724518141963,0.9017500621687049,0.14922545440218038,0.0005195001140236855,-1
95,53,local_search,-1.428887872924599,1.428887872924599,1,2.70977866090107,120.00572432218789,0.004635285776175223,708.1724518141963,0.9017500621687049,0.14922545440218038,0.0154467998072505,-1
95,53,beam_search,-0.316246352596053,0.316246352596053,1,2.6015244968143696,35.13288889479282,0.000447404976789481,679.9985626452753,0.9943649119171238,0.14341302821048332,0.0678626000881195,-1
95,53,simulated_annealing,-1.428887872924599,1.428887872924599,1,2.70977866090107,120.00572432218789,0.004635285776175223,708.1724518141963,0.9017500621687049,0.14922545440218038,0.008110000053420663,-1
95,53,block_beam_strong,-0.26050510138361793,0.26050510138361793,1,2.5127516453672065,31.52296010051395,7.777311693634075e-05,656.8819069890739,0.9017500621687049,0.13836369054200842,0.44076180015690625,-1
95,53,block_lns_strong,-0.25521598207048,0.25521598207048,1,2.475884025875374,31.399530598655183,6.439800239003719e-05,647.2882352805411,0.9943649119171238,0.1363560317179567,0.0877645998261869,-1
95,53,hybrid_heuristic,-0.25521598207048,0.25521598207048,1,2.475884025875374,31.399530598655183,6.439800239003719e-05,647.2882352805411,0.9943649119171238,0.1363560317179567,0.015522100031375885,-1
95,54,autoreg_rl_pure,-0.44907831966172584,0.44907831966172584,1,2.55338474291948,45.73574846426521,0.001346558945740236,655.6497605645807,0.9699307863138683,0.14777442849862055,0.2785958000458777,251
95,54,random,-100.0,4.568029559262737e+25,0,84.08484826669516,3.5187507210275436e+27,0.2249326883331147,21497.214579268846,0.9877382327529731,4.826650231784744,0.03233760013245046,-1
95,54,latency_greedy,-29.72043444765881,29.72043444765881,1,2.8799943410179916,2297.9908700700985,0.01470013262279786,739.0864893015178,0.9699307863138683,0.166585764192062,7.100007496774197e-05,-1
95,54,block_balanced,-819.8916419245013,819.8916419245013,1,4.939618445334019,63148.971355248155,0.02599642165422747,1265.6276919280472,0.7543906115774531,0.28452827180787876,7.450021803379059e-05,-1
95,54,pdp_aware_greedy,-4.419132498488237,4.419132498488237,1,2.7463034110282507,350.06275759721717,0.008285095073656053,704.9394144251817,0.9699307863138683,0.15881916265657542,0.0008673998527228832,-1
95,54,local_search,-4.419132498488237,4.419132498488237,1,2.7463034110282507,350.06275759721717,0.008285095073656053,704.9394144251817,0.9699307863138683,0.15881916265657542,0.015574699966236949,-1
95,54,beam_search,-0.44907831966172584,0.44907831966172584,1,2.55338474291948,45.73574846426521,0.001346558945740236,655.6497605645807,0.9699307863138683,0.14777442849862055,0.07128060003742576,-1
95,54,simulated_annealing,-4.419132498488237,4.419132498488237,1,2.7463034110282507,350.06275759721717,0.008285095073656053,704.9394144251817,0.9699307863138683,0.15881916265657542,0.009755600010976195,-1
95,54,block_beam_strong,-0.46111111554743556,0.46111111554743556,1,2.6499595378421708,45.91871895873453,0.0013601706304994096,680.3228869653653,0.9850000094963853,0.1533217847931309,0.27100539999082685,-1
95,54,block_lns_strong,-0.44907831966172584,0.44907831966172584,1,2.55338474291948,45.73574846426521,0.001346558945740236,655.6497605645807,0.9699307863138683,0.14777442849862055,0.07566900015808642,-1
95,54,hybrid_heuristic,-0.44907831966172584,0.44907831966172584,1,2.55338474291948,45.73574846426521,0.001346558945740236,655.6497605645807,0.9699307863138683,0.14777442849862055,0.016257300041615963,-1
95,55,autoreg_rl_pure,-0.6641221643242654,0.6641221643242654,1,2.8339311696642766,60.13951667074863,0.002279956290672805,790.8298993390467,0.9670885365126545,0.17067949643234534,0.0859023998491466,256
95,55,random,-100.0,4.568029559262737e+25,0,102.14232721548797,3.5187507210275436e+27,0.2628527487011131,28397.766588897095,0.9265159389809566,6.12713836477893,0.028461400186643004,-1
95,55,latency_greedy,-0.8161814170697212,0.8161814170697212,1,2.842290326665162,71.7882422177536,0.002883569257499019,793.1516525496793,0.9670885365126545,0.17073511096605254,6.999983452260494e-05,-1
95,55,block_balanced,-147.54532504019272,147.54532504019272,1,4.526892657096169,11361.34982807507,0.020148672420956148,1261.4834483819589,0.6866094395799897,0.27281324192398115,7.269997149705887e-05,-1
95,55,pdp_aware_greedy,-3845.067257642374,3845.067257642374,1,3.992965705665726,296185.3789449864,0.03126531974517583,1113.0639011695857,0.9963257461923419,0.2388152928888709,0.0007009999826550484,-1
95,55,local_search,-0.8161814170697212,0.8161814170697212,1,2.842290326665162,71.7882422177536,0.002883569257499019,793.1516525496793,0.9670885365126545,0.17073511096605254,0.016693100100383162,-1
95,55,beam_search,-0.8133923067499744,0.8133923067499744,1,4.058843135934618,62.202297430263954,0.002394931232278018,1131.3727290102338,0.9808706279714139,0.24495838751011262,0.07357680005952716,-1
95,55,simulated_annealing,-0.6775427059431269,0.6775427059431269,1,2.9277248251328647,60.45080824696719,0.002297557388219984,816.9024157631444,0.9670885365126545,0.17599297580199033,0.007906300015747547,-1
95,55,block_beam_strong,-0.6775427059431269,0.6775427059431269,1,2.9277248251328647,60.45080824696719,0.002297557388219984,816.9024157631444,0.9670885365126545,0.17599297580199033,0.5240176999941468,-1
95,55,block_lns_strong,-0.6602000865729936,0.6602000865729936,1,2.7766390976218034,60.27871975564885,0.0022878383676660516,774.9053617394547,0.9670885365126545,0.16725291479513782,0.08585769985802472,-1
95,55,hybrid_heuristic,-0.6602000865729936,0.6602000865729936,1,2.7766390976218034,60.27871975564885,0.0022878383676660516,774.9053617394547,0.9670885365126545,0.16725291479513782,0.014701599953696132,-1
95,56,autoreg_rl_pure,-0.3995536241587784,0.3995536241587784,1,3.3441637076977146,35.829497697109844,0.0005143407951757705,848.1044429793023,0.9948842922902923,0.19594381870357142,0.29168809996917844,243
95,56,random,-100.0,4.568029559262737e+25,0,85.5833194230963,3.5187507210275436e+27,0.20695919755541956,21633.29821055402,0.9859347189563824,4.99488100658033,0.031625900184735656,-1
95,56,latency_greedy,-4366644.13844774,4366644.13844774,1,4.173338609901473,336362362.5964457,0.05524897889268117,1057.6118697707977,0.9803810067274068,0.24346619532184324,6.999983452260494e-05,-1
95,56,block_balanced,-213972.56743220924,213972.56743220924,1,5.666013126783627,16482282.567042528,0.0449671290208781,1434.9248748029042,0.8290702435752436,0.330894281626142,7.519987411797047e-05,-1
95,56,pdp_aware_greedy,-16674379.444056727,16674379.444056727,1,5.811059061773256,1284426540.875198,0.059816907766051294,1471.605962632635,0.9948842922902923,0.3399983147681484,0.0004933001473546028,-1
95,56,local_search,-100.0,4.568029559262737e+25,0,85.5833194230963,3.5187507210275436e+27,0.20695919755541956,21633.29821055402,0.9859347189563824,4.99488100658033,0.01924040005542338,-1
95,56,beam_search,-6.179695811314453,6.179695811314453,1,4.008299122332242,475.9577090178381,0.009332461154828092,1015.9579451043471,0.9948842922902923,0.23461460219331332,0.06805190001614392,-1
95,56,simulated_annealing,-100.0,4.568029559262737e+25,0,85.5833194230963,3.5187507210275436e+27,0.20695919755541956,21633.29821055402,0.9859347189563824,4.99488100658033,0.01441609999164939,-1
95,56,block_beam_strong,-1.054622373480028,1.054622373480028,1,2.6618678559300726,91.54512963456338,0.0037123872091058413,675.6555375654049,0.9948842922902923,0.1555935178805127,0.37707859999500215,-1
95,56,block_lns_strong,-0.8829235636159536,0.8829235636159536,1,2.614907330272011,78.68091619125737,0.003196125496506323,663.7914832511135,0.9948842922902923,0.15298336071079766,0.08306510001420975,-1
95,56,hybrid_heuristic,-0.8829235636159536,0.8829235636159536,1,2.614907330272011,78.68091619125737,0.003196125496506323,663.7914832511135,0.9948842922902923,0.15298336071079766,0.015043199993669987,-1
95,57,autoreg_rl_pure,-0.1361314276349399,0.1361314276349399,1,1.3613142733865427,30.811978582746693,2.5252505918562553e-12,376.65862480417013,0.9819284238430183,0.10225350609467004,0.08920589997433126,256
95,57,random,-100.0,124743941402.95312,0,55.78220503878386,9609019119571.586,0.09022756486818982,15320.076913580859,0.9899334060021712,4.148586382480578,0.027882999973371625,-1
95,57,latency_greedy,-5360620.851908065,5360620.851908065,1,3.197106331661903,412928343.07686543,0.05594815706019553,880.686120834795,0.9848057960423866,0.23690311421247015,6.910017691552639e-05,-1
95,57,block_balanced,-1759857.2752983887,1759857.2752983887,1,6.56749872132314,135561691.81012088,0.05215081672495269,1806.2355013510146,0.6609039092225601,0.48861817366483534,7.79998954385519e-05,-1
95,57,pdp_aware_greedy,-1.7312151047262436,1.7312151047262436,1,2.1628320533428695,147.50710156944794,0.005338731733899612,596.7516747615546,0.9899334060021712,0.16026418761278222,0.0008529999759048223,-1
95,57,local_search,-1.7312151047262436,1.7312151047262436,1,2.1628320533428695,147.50710156944794,0.005338731733899612,596.7516747615546,0.9899334060021712,0.16026418761278222,0.014716899953782558,-1
95,57,beam_search,-0.13591404486492534,0.13591404486492534,1,1.3591404462250805,30.811978578597216,2.0661293660192426e-12,376.06843204679905,0.9819284238430183,0.10224589028999763,0.06535209994763136,-1
95,57,simulated_annealing,-1.7312151047262436,1.7312151047262436,1,2.1628320533428695,147.50710156944794,0.005338731733899612,596.7516747615546,0.9899334060021712,0.16026418761278222,0.010156500153243542,-1
95,57,block_beam_strong,-0.13591404486492534,0.13591404486492534,1,1.3591404462250805,30.811978578597216,2.0661293660192426e-12,376.06843204679905,0.9819284238430183,0.10224589028999763,0.6209301999770105,-1
95,57,block_lns_strong,-0.13591404486492534,0.13591404486492534,1,1.3591404462250805,30.811978578597216,2.0661293660192426e-12,376.06843204679905,0.9819284238430183,0.10224589028999763,0.06894419994205236,-1
95,57,hybrid_heuristic,-0.13591404486492534,0.13591404486492534,1,1.3591404462250805,30.811978578597216,2.0661293660192426e-12,376.06843204679905,0.9819284238430183,0.10224589028999763,0.01462169992737472,-1
95,58,autoreg_rl_pure,-5.3840516002711585,5.3840516002711585,1,2.9399592488862893,422.89869440668656,0.00892950486544806,788.8790764529828,0.9783040873625783,0.1966975396373771,0.2976011000573635,251
95,58,random,-100.0,4.568029559262737e+25,0,94.53945015225973,3.5187507210275436e+27,0.2973947748003875,25276.23308206472,0.9623286651149414,6.3207627178360415,0.030538600170984864,-1
95,58,latency_greedy,-100.0,645066515.6489574,0,30.950676658242102,49689438917.150185,0.07227921077200904,8276.971283543064,0.9623286651149414,2.056164394713827,6.889994256198406e-05,-1
95,58,block_balanced,-100.0,7382350375.321728,0,36.062822385411884,568662053468.667,0.08058914193441213,9643.658388843172,0.6792211929257199,2.3969479474089654,7.400009781122208e-05,-1
95,58,pdp_aware_greedy,-576.0582935040565,576.0582935040565,1,3.4288126151163594,44378.13932514743,0.02479382392834418,919.5456434013922,0.9623286651149414,0.22778831277895206,0.0005268000531941652,-1
95,58,local_search,-100.0,4.568029559262737e+25,0,94.53945015225973,3.5187507210275436e+27,0.2973947748003875,25276.23308206472,0.9623286651149414,6.3207627178360415,0.018643900053575635,-1
95,58,beam_search,-7.332580129290042,7.332580129290042,1,3.11543983337264,571.6420165537918,0.009956973888167193,835.8594538664007,0.9783040873625783,0.2093804535870876,0.0727422998752445,-1
95,58,simulated_annealing,-100.0,4.568029559262737e+25,0,94.53945015225973,3.5187507210275436e+27,0.2973947748003875,25276.23308206472,0.9623286651149414,6.3207627178360415,0.01276109996251762,-1
95,58,block_beam_strong,-7.0151339994397794,7.0151339994397794,1,3.1499699559342234,546.9231728375893,0.0098062710451537,845.0809567564817,0.9703159898938856,0.21166297068503578,0.5053471999708563,-1
95,58,block_lns_strong,-5.3840516002711585,5.3840516002711585,1,2.9399592488862893,422.89869440668656,0.00892950486544806,788.8790764529828,0.9783040873625783,0.1966975396373771,0.08514829981140792,-1
95,58,hybrid_heuristic,-5.3840516002711585,5.3840516002711585,1,2.9399592488862893,422.89869440668656,0.00892950486544806,788.8790764529828,0.9783040873625783,0.1966975396373771,0.01575649995356798,-1
95,59,autoreg_rl_pure,-0.6162330568506651,0.6162330568506651,1,1.7607801290980998,64.71709800229372,0.002530050188654714,494.78835535755456,0.9604219343835932,0.08819711410835364,0.08523380011320114,256
95,59,random,-100.0,4.568029559262737e+25,0,112.54975661642564,3.5187507210275436e+27,0.3630773610070531,31443.43230723575,0.9464028403241971,5.58064286820776,0.02662299992516637,-1
95,59,latency_greedy,-1324379294.6980665,1324379294.6980665,1,5.59744461136942,102016866071.30455,0.07473161220934593,1566.5113319396505,0.9604219343835932,0.27694656848565274,0.00026849983260035515,-1
95,59,block_balanced,-157248409432.17252,157248409432.17252,1,9.82315153032209,12112836549970.701,0.09101701409486983,2746.9965362300654,0.6176136837312757,0.4867421823460496,0.00016729999333620071,-1
95,59,pdp_aware_greedy,-42.113844664000155,42.113844664000155,1,1.9966858849444944,3259.458715048309,0.01589174030595594,560.6880853505822,0.9604219343835932,0.10038107502571557,0.0009077999275177717,-1
95,59,local_search,-42.113844664000155,42.113844664000155,1,1.9966858849444944,3259.458715048309,0.01589174030595594,560.6880853505822,0.9604219343835932,0.10038107502571557,0.015440699877217412,-1
95,59,beam_search,-1.7903044113477151,1.7903044113477151,1,1.795473017851399,154.88851237264117,0.005505200993902552,504.4797339901692,0.9604219343835932,0.090201457607932,0.06826520012691617,-1
95,59,simulated_annealing,-42.113844664000155,42.113844664000155,1,1.9966858849444944,3259.458715048309,0.01589174030595594,560.6880853505822,0.9604219343835932,0.10038107502571557,0.007590999826788902,-1
95,59,block_beam_strong,-0.6162330568506651,0.6162330568506651,1,1.7607801290980998,64.71709800229372,0.002530050188654714,494.78835535755456,0.9604219343835932,0.08819711410835364,0.5835061999969184,-1
95,59,block_lns_strong,-0.6162330568506651,0.6162330568506651,1,1.7607801290980998,64.71709800229372,0.002530050188654714,494.78835535755456,0.9604219343835932,0.08819711410835364,0.060699000023305416,-1
95,59,hybrid_heuristic,-0.6162330568506651,0.6162330568506651,1,1.7607801290980998,64.71709800229372,0.002530050188654714,494.78835535755456,0.9604219343835932,0.08819711410835364,0.015599600039422512,-1
95,60,autoreg_rl_pure,-0.5109184511475462,0.5109184511475462,1,2.66961737013548,49.60395117353937,0.0016233536667110027,590.2808158929112,0.9895514967233503,0.13361550536258168,0.09404569980688393,256
95,60,random,-100.0,4.568029559262737e+25,0,81.2966680326393,3.5187507210275436e+27,0.2218835312788038,17889.39893267904,0.9895514967233503,4.0376049651873025,0.029769199900329113,-1
95,60,latency_greedy,-1734877.35251518,1734877.35251518,1,5.187837194362539,133637500.32458428,0.05210207893692538,1144.3191840348695,0.9839240754492926,0.2596762781291149,0.0004972000606358051,-1
95,60,block_balanced,-3262644607.8262157,3262644607.8262157,1,9.18596015519603,251321339222.5337,0.07780533712125945,2024.0135653696375,0.702802911035209,0.45811155723366365,0.00010469998233020306,-1
95,60,pdp_aware_greedy,-321.1037680721253,321.1037680721253,1,3.871753430568021,24735.593926009624,0.022801127342209314,854.8013373265625,0.9895514967233503,0.19332437169805178,0.000505700008943677,-1
95,60,local_search,-100.0,4.568029559262737e+25,0,81.2966680326393,3.5187507210275436e+27,0.2218835312788038,17889.39893267904,0.9895514967233503,4.0376049651873025,0.016444799955934286,-1
95,60,beam_search,-0.5109184511475462,0.5109184511475462,1,2.66961737013548,49.60395117353937,0.0016233536667110027,590.2808158929112,0.9895514967233503,0.13361550536258168,0.06423939997330308,-1
95,60,simulated_annealing,-100.0,4.568029559262737e+25,0,81.2966680326393,3.5187507210275436e+27,0.2218835312788038,17889.39893267904,0.9895514967233503,4.0376049651873025,0.012386800022795796,-1
95,60,block_beam_strong,-0.7783462473386813,0.7783462473386813,1,3.9316617282634603,60.48237905388367,0.0022993374049114644,867.9513095333075,0.9679060122147036,0.19628845182575277,0.4525597000028938,-1
95,60,block_lns_strong,-0.5109184511475462,0.5109184511475462,1,2.66961737013548,49.60395117353937,0.0016233536667110027,590.2808158929112,0.9895514967233503,0.13361550536258168,0.08247599983587861,-1
95,60,hybrid_heuristic,-0.5109184511475462,0.5109184511475462,1,2.66961737013548,49.60395117353937,0.0016233536667110027,590.2808158929112,0.9895514967233503,0.13361550536258168,0.016808200161904097,-1
95,61,autoreg_rl_pure,-0.45689765926305875,0.45689765926305875,1,2.682384513548899,45.3443872329206,0.0013172607627186055,681.8366458600169,0.9187848896739615,0.13106175024471248,0.14606609987094998,256
95,61,random,-100.0,4.568029559262737e+25,0,119.52435824526438,3.5187507210275436e+27,0.24959804657654072,30254.203890331362,0.8990475504114708,5.805799640231254,0.032428500009700656,-1
95,61,latency_greedy,-347644213.4433238,347644213.4433238,1,10.258069324156935,26779015079.53731,0.07017172564845278,2599.1352704828205,0.9401181362409173,0.4965498362151807,6.969994865357876e-05,-1
95,61,block_balanced,-662781059.91761,662781059.91761,1,14.4150299204263,51053989440.035545,0.07237157064713355,3651.3148698933865,0.705088602180688,0.6995241018513896,7.349997758865356e-05,-1
95,61,pdp_aware_greedy,-13511.85609413337,13511.85609413337,1,4.780407671273705,1040811.5392169248,0.03554991552690915,1212.7562815337487,0.9401181362409173,0.23280195998439684,0.0005256999284029007,-1
95,61,local_search,-100.0,4.568029559262737e+25,0,119.52435824526438,3.5187507210275436e+27,0.24959804657654072,30254.203890331362,0.8990475504114708,5.805799640231254,0.019129299791529775,-1
95,61,beam_search,-19.532410875980943,19.532410875980943,1,4.21010859589606,1502.962097447868,0.013252590772017358,1068.41519848805,0.9401181362409173,0.20603499518821422,0.07124489988200366,-1
95,61,simulated_annealing,-100.0,4.568029559262737e+25,0,119.52435824526438,3.5187507210275436e+27,0.24959804657654072,30254.203890331362,0.8990475504114708,5.805799640231254,0.013503100024536252,-1
95,61,block_beam_strong,-0.45329476125747015,0.45329476125747015,1,2.707419313753492,44.874013260877156,0.001281711059757356,688.1702835616559,0.9401181362409173,0.1319170909889187,0.3894394999369979,-1
95,61,block_lns_strong,-0.4343226345250995,0.4343226345250995,1,2.7249291613185753,43.277713093651535,0.0011582258063718737,692.5729949347805,0.9401181362409173,0.13314876060538733,0.08290760009549558,-1
95,61,hybrid_heuristic,-0.4343226345250995,0.4343226345250995,1,2.7249291613185753,43.277713093651535,0.0011582258063718737,692.5729949347805,0.9401181362409173,0.13314876060538733,0.016742199892178178,-1
95,62,autoreg_rl_pure,-0.5751856140455922,0.5751856140455922,1,2.5519806750121288,55.46060211884393,0.0020038298202345174,643.3334631198504,0.9837024839326163,0.1253092991596415,0.25102520012296736,253
95,62,random,-100.0,1.1933947811619144e+20,0,82.5486506009321,9.192713602671473e+21,0.16072655428310018,20720.806465297854,0.9647645950466293,4.037165003932704,0.02877849992364645,-1
95,62,latency_greedy,-12712.971859662579,12712.971859662579,1,3.859314599683228,979280.6246309803,0.035342165814050315,971.4409039135196,0.9681405518389379,0.18927110310374085,7.08999577909708e-05,-1
95,62,block_balanced,-60002669.555133164,60002669.555133164,1,13.3170229331954,4622002347.908415,0.06418245593658324,3345.134784725897,0.7290412928713145,0.6501263483072713,7.349997758865356e-05,-1
95,62,pdp_aware_greedy,-157.6559944253319,157.6559944253319,1,3.1716879530877415,12150.613283449587,0.020377643269075103,798.8642674855478,0.9837024839326163,0.15563578875651038,0.0005090998020023108,-1
95,62,local_search,-100.0,1.1933947811619144e+20,0,82.5486506009321,9.192713602671473e+21,0.16072655428310018,20720.806465297854,0.9647645950466293,4.037165003932704,0.018447200069203973,-1
95,62,beam_search,-0.5789047058564623,0.5789047058564623,1,2.6618861643128855,54.900482166703014,0.001969223717290547,670.9169379616299,0.9681405518389379,0.13067268741974153,0.07110549998469651,-1
95,62,simulated_annealing,-100.0,1.1933947811619144e+20,0,82.5486506009321,9.192713602671473e+21,0.16072655428310018,20720.806465297854,0.9647645950466293,4.037165003932704,0.012984899803996086,-1
95,62,block_beam_strong,-0.5751856140455922,0.5751856140455922,1,2.5519806750121288,55.46060211884393,0.0020038298202345174,643.3334631198504,0.9837024839326163,0.1253092991596415,0.38552049989812076,-1
95,62,block_lns_strong,-0.5751856140455922,0.5751856140455922,1,2.5519806750121288,55.46060211884393,0.0020038298202345174,643.3334631198504,0.9837024839326163,0.1253092991596415,0.08281849999912083,-1
95,62,hybrid_heuristic,-0.5751856140455922,0.5751856140455922,1,2.5519806750121288,55.46060211884393,0.0020038298202345174,643.3334631198504,0.9837024839326163,0.1253092991596415,0.016048999968916178,-1
95,63,autoreg_rl_pure,-0.21456954975505937,0.21456954975505937,1,2.1049589906197186,31.125771654463904,3.454423293892578e-05,512.2123569229685,0.999436630001979,0.100387332553851,0.09226090018637478,256
95,63,random,-100.0,5161003635696929.0,0,56.23498482089192,3.975518334269563e+17,0.12646876846948518,13610.007214608306,0.993272451025965,2.649121566912346,0.028198499931022525,-1
95,63,latency_greedy,-86151.98225076347,86151.98225076347,1,3.8011867415759255,6636284.106471118,0.04186565438284484,922.6225643183151,0.993272451025965,0.18070577838259344,0.00015150010585784912,-1
95,63,block_balanced,-79488.45546538771,79488.45546538771,1,5.263346618307517,6122981.732350236,0.04159120268246674,1276.4625339131849,0.7495774725014842,0.24924414720053326,8.719996549189091e-05,-1
95,63,pdp_aware_greedy,-1.3959589295205606,1.3959589295205606,1,2.249616989280777,121.01383246678823,0.004663805233318138,547.1977321676395,0.993272451025965,0.10743690643162199,0.0006742000114172697,-1
95,63,local_search,-0.9322178738191768,0.9322178738191768,1,3.549387719454514,75.2797568349871,0.003045474598676317,861.7128816698607,0.993272451025965,0.1682909981481618,0.022931299870833755,-1
95,63,beam_search,-0.21861271222523213,0.21861271222523213,1,2.1284114825102876,31.256561823499784,4.883968861927345e-05,517.868036475597,0.993272451025965,0.10149622228726342,0.06412730016745627,-1
95,63,simulated_annealing,-0.9310802694623066,0.9310802694623066,1,3.5393164804738646,75.2697059322391,0.00304501939082573,859.2811236745481,0.993272451025965,0.16781556363316852,0.007382799871265888,-1
95,63,block_beam_strong,-0.30237208201867366,0.30237208201867366,1,2.9782546757208905,31.162204027044837,3.853234331422895e-05,723.5302838488043,0.993272451025965,0.14071288232928503,0.39019820000976324,-1
95,63,block_lns_strong,-0.21456954975505937,0.21456954975505937,1,2.1049589906197186,31.125771654463904,3.454423293892578e-05,512.2123569229685,0.999436630001979,0.100387332553851,0.07951129996217787,-1
95,63,hybrid_heuristic,-0.21456954975505937,0.21456954975505937,1,2.1049589906197186,31.125771654463904,3.454423293892578e-05,512.2123569229685,0.999436630001979,0.100387332553851,0.017424900084733963,-1
