episode,reward,cost,feasible,latency_s,ppl_hat,candidate_reward,candidate_feasible,temperature,entropy_coef,hard_batch_fraction,state_weight_mean,state_weight_max,policy_loss,loss,replay_loss,buffer
1,-4.227663516998291,7635.49169921875,0.96875,3.6130199432373047,588164.3125,-2974774.75,0.9932861328125,1.2,0.02,0.5,3.6791515350341797,16.0,0.3891623616218567,0.338683545589447,0.1919163316488266,640
2,-3.8443498611450195,1620335.75,0.96875,3.2532143592834473,124814384.0,-247198.9375,0.994140625,1.1981508974408706,0.01994244629676505,0.5,2.6086678504943848,16.0,0.2014755755662918,0.1448705494403839,0.11328015476465225,1280
3,-13.356283187866211,649191488.0,0.875,5.503014087677002,50007183360.0,-16450.47265625,0.998046875,1.1963046441986362,0.0198850582149679,0.5,3.9924776554107666,16.0,-0.10681085288524628,-0.16858260333538055,0.1502581536769867,1920
4,-13.130677223205566,1416874.5,0.875,5.30027961730957,109141744.0,-26992.599609375,0.918701171875,1.1944612358827313,0.019827835278002203,0.5,2.924499273300171,16.0,0.011171437799930573,-0.03861454874277115,0.13189612329006195,2560
5,-4.035645961761475,70754.640625,0.96875,3.5165600776672363,5450229.0,-20260.1171875,0.99853515625,1.192620668109355,0.01977077701063312,0.5,2.5772910118103027,16.0,0.0010395236313343048,-0.046045463532209396,0.10357198864221573,3200
6,-8.634665489196777,4859096.5,0.9375,4.994194984436035,374295936.0,-17061.974609375,0.998779296875,1.1907829365014617,0.019713882938993402,0.5,5.604492664337158,16.0,0.25016891956329346,0.19545480608940125,0.14072629809379578,3840
7,-4.065635681152344,103434.015625,0.96875,3.477632761001587,7967520.0,-1635797.75,0.996826171875,1.1889480366887515,0.019657152590579433,0.5,2.9638733863830566,16.0,0.2950015068054199,0.23887895047664642,0.14433756470680237,4480
8,-4.008357524871826,163058.0625,0.96875,3.317811965942383,12560358.0,-4077.574462890625,0.96533203125,1.1871159643076572,0.019600585494247317,0.5,1.8847475051879883,16.0,0.3042301535606384,0.23849540948867798,0.1581299751996994,5120
9,-4.441064834594727,163058.5,0.96875,3.736788272857666,12560389.0,-16706.103515625,0.9766845703125,1.1852867150013366,0.019544181180208956,0.5,3.564661979675293,16.0,0.3299408257007599,0.2737599313259125,0.14967142045497894,5760
10,-1.6585283279418945,1.6585283279418945,1.0,3.673410654067993,130.27203369140625,-1512.290771484375,0.992431640625,1.183460284419661,0.019487939180028162,0.5,4.38837194442749,16.0,0.5018112659454346,0.4512909948825836,0.1554783582687378,6400
11,-4.707365989685059,163058.765625,0.96875,3.718384027481079,12560410.0,-236213.046875,0.9757080078125,1.1816366682192039,0.019431859026616757,0.5,3.2458267211914062,16.0,0.19760262966156006,0.12693408131599426,0.15064768493175507,7040
12,-6.913969993591309,189394.796875,0.9375,3.85976505279541,14589071.0,-2853472.5,0.966552734375,1.1798158620632326,0.01937594025423069,0.5,2.170518398284912,11.76475715637207,0.13922883570194244,0.08541111648082733,0.13399606943130493,7680
13,-10.429975509643555,78916.3359375,0.90625,4.466131210327148,6078918.0,-12068.9091796875,0.9991455078125,1.177997861621697,0.019320182398466185,0.5,3.5299692153930664,16.0,0.4218187630176544,0.35141444206237793,0.15932030975818634,8320
14,-7.4968414306640625,593580.5,0.9375,4.389319896697998,45723468.0,-7421.9365234375,0.9447021484375,1.176182662571219,0.019264584996255864,0.5,4.6362080574035645,16.0,0.1416987180709839,0.07682580500841141,0.13775724172592163,8960
15,-6.992679119110107,303746976.0,0.9375,3.852250814437866,23397613568.0,-1265.339599609375,0.999267578125,1.1743702605950823,0.01920914758586491,0.5,2.9085307121276855,16.0,-0.1681603193283081,-0.2074444591999054,0.15631216764450073,9600
16,-7.173453330993652,209297.34375,0.9375,4.26633882522583,16122161.0,-2106.89697265625,0.994140625,1.1725606513832225,0.01915386970688725,0.5,3.6181952953338623,16.0,0.3939688801765442,0.3284834027290344,0.14693962037563324,10240
17,-4.260488033294678,163058.34375,0.96875,3.8096067905426025,12560376.0,-27474.28125,0.9744873046875,1.1707538306322165,0.019098750900241695,0.5,2.7159640789031982,16.0,0.35813915729522705,0.3083939254283905,0.16652123630046844,10880
18,-7.057724475860596,163058.671875,0.9375,4.151825904846191,12560399.0,-2346.48388671875,0.9710693359375,1.1689497940452727,0.019043790708168157,0.5,4.10452938079834,16.0,0.5168948173522949,0.4450257122516632,0.15532436966896057,11520
19,-1.4908143281936646,1.4908143281936646,1.0,3.43338942527771,119.20194244384766,-865301.9375,0.9996337890625,1.1671485373322203,0.01898898867422384,0.5,4.898795127868652,16.0,0.6810675263404846,0.5993877649307251,0.15830835700035095,12160
20,-6.788852214813232,163058.125,0.9375,3.8729605674743652,12560360.0,-11636.416015625,0.9697265625,1.1653500562094994,0.01893434434327943,0.5,2.6947555541992188,16.0,0.4828433394432068,0.4091174602508545,0.1489747315645218,12800
21,-16.309001922607422,14371990.0,0.84375,5.372615337371826,1107073408.0,-62811.03125,0.994873046875,1.1635543464001505,0.018879857261515358,0.5,3.549624443054199,16.0,0.0555993989109993,-0.007541291415691376,0.15311500430107117,13440
22,-6.980186939239502,21181320.0,0.9375,4.126843452453613,1631595904.0,-1038083.1875,0.9989013671875,1.1617614036338049,0.01882552697641798,0.5,3.0732693672180176,16.0,0.42121580243110657,0.35659876465797424,0.16581188142299652,14080
23,-4.797877311706543,70717.421875,0.96875,3.849709987640381,5447360.5,-2052457.375,0.999267578125,1.159971223646674,0.018771353036775868,0.5,4.767852783203125,16.0,0.07956837117671967,0.037869490683078766,0.18700934946537018,14720
24,-1.1475210189819336,1.1475210189819336,1.0,3.1359424591064453,95.04930114746094,-418058.8125,0.982177734375,1.1581838021815396,0.018717334992676013,0.5,3.098252773284912,16.0,0.14449749886989594,0.11029939353466034,0.1925330013036728,15360
25,-3.9287703037261963,1.1481902599334717,0.96875,3.52382755279541,92.11299133300781,-7875.63427734375,0.9993896484375,1.1563991349877427,0.01866347239550013,0.5,2.4444522857666016,16.0,0.3867341876029968,0.3207680583000183,0.15490160882472992,16000
26,-10.17402458190918,32440.673828125,0.90625,4.581728935241699,2498898.75,-53.21159362792969,0.9993896484375,1.1546172178211753,0.018609764797920914,0.5,3.5130507946014404,16.0,0.3105684220790863,0.23362597823143005,0.16805823147296906,16640
27,-7.349643230438232,593580.375,0.9375,4.061461925506592,45723456.0,-2213.14892578125,0.9390869140625,1.1528380464442687,0.018556211753898325,0.5,3.017571210861206,16.0,-0.29462575912475586,-0.32782042026519775,0.163609579205513,17280
28,-7.1448259353637695,189395.03125,0.9375,3.847095012664795,14589090.0,-446.4345397949219,0.97119140625,1.1510616166259837,0.018502812818675888,0.5,2.4516754150390625,12.530241012573242,-0.05626928433775902,-0.08127087354660034,0.12778261303901672,17920
29,-0.4809918999671936,0.4809918999671936,1.0,2.633531093597412,47.576683044433594,-3013.219482421875,0.9971923828125,1.1492879241418015,0.018449567548776993,0.5,1.7741466760635376,11.76475715637207,0.32822126150131226,0.28491610288619995,0.18110667169094086,18560
30,-7.387395858764648,163060.203125,0.9375,4.0685601234436035,12560518.0,-1824.7161865234375,0.9736328125,1.1475169647737122,0.018396475502001214,0.5,3.039457321166992,16.0,-0.06653790175914764,-0.10539159178733826,0.1560184508562088,19200
31,-7.461231231689453,163085.65625,0.9375,4.24092960357666,12562475.0,-1180.5830078125,0.9725341796875,1.145748734310206,0.018343536237420657,0.5,3.3294334411621094,16.0,0.03378722816705704,-0.010203741490840912,0.1587105542421341,19840
32,-10.223306655883789,2.0213124752044678,0.90625,4.629122257232666,150.85546875,-8992.65234375,0.9989013671875,1.1439832285462623,0.01829074931537625,0.5,4.296930313110352,16.0,0.1377481073141098,0.08323072642087936,0.17490892112255096,20480
33,-6.965340614318848,233773.65625,0.9375,3.7975716590881348,18007572.0,-548.3017578125,0.9696044921875,1.1422204432833407,0.01823811429747415,0.5,1.8349580764770508,12.530241012573242,-0.3627319037914276,-0.38965028524398804,0.19173644483089447,21120
34,-1.3880393505096436,1.3880393505096436,1.0,3.3590197563171387,111.85806274414062,-87.83138275146484,0.998779296875,1.1404603743293698,0.01818563074658205,0.5,4.704283714294434,16.0,-0.0641198679804802,-0.09966038912534714,0.13985168933868408,21760
35,-4.039155006408691,70716.671875,0.96875,3.598184585571289,5447303.5,-63356.76953125,0.99853515625,1.138703017498738,0.018133298226825592,0.5,2.7634406089782715,16.0,0.24809382855892181,0.19802987575531006,0.15908275544643402,22400
36,-3.8108017444610596,70716.4375,0.96875,3.357996940612793,5447287.5,-441.77081298828125,0.99755859375,1.1369483686122834,0.018081116303584714,0.5,2.6325693130493164,16.0,0.08358035236597061,0.030822936445474625,0.14398807287216187,23040
37,-3.723789691925049,163057.765625,0.96875,3.661241054534912,12560334.0,-10208.791015625,0.9638671875,1.1351964234972844,0.018029084543490056,0.5,2.256112575531006,16.0,-0.07846216857433319,-0.12528881430625916,0.1918593943119049,23680
38,-10.09015941619873,141432.5625,0.90625,4.428213596343994,10894538.0,-756.32177734375,0.999267578125,1.1334471779874482,0.017977202514419362,0.5,4.032642841339111,16.0,0.013881338760256767,-0.025342518463730812,0.14978156983852386,24320
39,-4.085108757019043,70716.703125,0.96875,3.601647138595581,5447307.5,-6626.150390625,0.9998779296875,1.1317006279229027,0.017925469785493888,0.5,3.6811892986297607,16.0,-0.04457052797079086,-0.08748354017734528,0.1667926162481308,24960
40,-0.8880608081817627,0.8880608081817627,1.0,3.244910717010498,74.22372436523438,-62732.16015625,0.99951171875,1.1299567691501855,0.01787388592707482,0.5,3.5249130725860596,12.530241012573242,0.06680205464363098,0.03086283430457115,0.16217881441116333,25600
41,-13.308472633361816,26340.306640625,0.875,5.014329433441162,2028984.5,-22072.48828125,0.9984130859375,1.1282155975222345,0.017822450510759705,0.5,3.311452865600586,16.0,0.13248410820960999,0.06896011531352997,0.18490764498710632,26240
42,-6.887782096862793,121.34140014648438,0.9375,3.908796787261963,9347.623046875,-5396.62060546875,0.9991455078125,1.1264771088983778,0.01777116310937891,0.5,3.4359352588653564,16.0,0.0771503895521164,0.029748648405075073,0.18908365070819855,26880
43,-3.934339761734009,70716.5546875,0.96875,3.5432891845703125,5447296.0,-27700.79296875,0.9993896484375,1.124741299144324,0.017720023296992057,0.5,3.187645196914673,16.0,0.12062902748584747,0.08147874474525452,0.17063215374946594,27520
44,-4.301289081573486,70754.8984375,0.96875,3.7897133827209473,5450247.0,-102185.453125,0.9993896484375,1.1230081641321519,0.017669030648884483,0.5,4.339066505432129,16.0,-0.013438411056995392,-0.03366950899362564,0.1671259105205536,28160
45,-8.1947603225708,163062.265625,0.96875,3.7226247787475586,12560678.0,-1441.5194091796875,0.968994140625,1.121277699740302,0.017618184741563726,0.5,2.629276990890503,16.0,0.8578844666481018,0.8177753686904907,0.19408366084098816,28800
46,-7.086865425109863,233773.765625,0.9375,4.143082141876221,18007580.0,-573.0233764648438,0.9647216796875,1.119549901853565,0.017567485152756,0.5,3.923212766647339,16.0,0.21651451289653778,0.1834692507982254,0.14765232801437378,29440
47,-6.999092102050781,233773.6875,0.9375,4.132469177246094,18007572.0,-117.30126190185547,0.9595947265625,1.117824766363073,0.017516931461402693,0.5,4.2918195724487305,16.0,0.20800891518592834,0.1593913584947586,0.1774960458278656,30080
48,-3.9157371520996094,70716.5390625,0.96875,3.673396110534668,5447293.5,-157431.34375,0.9974365234375,1.1161022891662893,0.01746652324765687,0.5,3.474374771118164,16.0,0.17479950189590454,0.14594736695289612,0.15822884440422058,30720
49,-5.283982276916504,70717.9140625,0.96875,3.394292116165161,5447401.0,-26436.189453125,0.9998779296875,1.1143824661669997,0.017416260092879766,0.5,3.230288505554199,12.530241012573242,-0.09787581861019135,-0.11772270500659943,0.1546136736869812,31360
50,-1.0180009603500366,1.0180009603500366,1.0,3.209348201751709,84.50694274902344,-1018.5772094726562,0.9996337890625,1.1126652932753012,0.01736614157963735,0.5,3.8286077976226807,16.0,0.23693321645259857,0.18424665927886963,0.14790593087673187,32000
51,-3.7819294929504395,163057.84375,0.96875,3.5203065872192383,12560340.0,-988.6079711914062,0.9703369140625,1.1109507664075928,0.01731616729169682,0.5,2.846273422241211,16.0,0.1786845624446869,0.1306973397731781,0.1407947838306427,32640
52,-6.8695173263549805,1.3077714443206787,0.9375,3.834632396697998,102.0113754272461,-773.5079345703125,0.9984130859375,1.109238881486567,0.01726633681402317,0.5,3.467081069946289,16.0,0.2479461133480072,0.2104596644639969,0.1438964307308197,33280
53,-9.949886322021484,928.2393798828125,0.90625,4.966363906860352,71494.7890625,-177.43795776367188,0.9986572265625,1.107529634441198,0.017216649732775716,0.5,3.606104850769043,16.0,0.3358787000179291,0.2921627163887024,0.1440114825963974,33920
54,-6.948742866516113,37205848.0,0.9375,3.9256162643432617,2865964288.0,-10525028.0,0.999267578125,1.1058230212067341,0.017167105635304703,0.5,3.420875072479248,16.0,-0.0438961535692215,-0.08430473506450653,0.17351610958576202,34560
55,-190.7872314453125,104568256.0,0.875,5.713442802429199,8054886912.0,-8446057.0,0.9630126953125,1.1041190377246861,0.017117704110147833,0.5,3.9078500270843506,16.0,0.3328249156475067,0.29076650738716125,0.1284022331237793,35200
56,-11.490467071533203,326116.875,0.90625,4.774160861968994,25120758.0,-1876.0748291015625,0.9383544921875,1.1024176799428191,0.017068444747026876,0.5,4.1045942306518555,16.0,0.3011787533760071,0.2487608790397644,0.15490639209747314,35840
57,-3.939131021499634,163058.015625,0.96875,3.829441547393799,12560350.0,-118962.6015625,0.9676513671875,1.1007189438151426,0.01701932713684425,0.5,4.059408187866211,16.0,0.44230449199676514,0.39065486192703247,0.17125622928142548,36480
58,-4.425364971160889,26352.3671875,0.96875,3.5876760482788086,2029924.625,-2950.52294921875,0.998291015625,1.0990228253019003,0.016970350871679626,0.5,3.061156988143921,16.0,0.06097957491874695,0.022555649280548096,0.12296590954065323,37120
59,-3.9630651473999023,70754.5703125,0.96875,3.5314836502075195,5450223.5,-103772.4140625,0.999267578125,1.0973293203695609,0.016921515544786544,0.5,2.744610071182251,16.0,0.05290544033050537,0.006067108362913132,0.14881904423236847,37760
60,-4.299481391906738,199431.203125,0.96875,3.5188112258911133,15362179.0,-5462.80322265625,0.99853515625,1.0956384249908082,0.016872820750589032,0.5,3.016981840133667,16.0,-0.10610213875770569,-0.14120617508888245,0.14127743244171143,38400
61,-7.446475982666016,166917.59375,0.9375,4.401084899902344,12857649.0,-142.7836456298828,0.9688720703125,1.0939501351445324,0.016824266084678234,0.5,3.43572998046875,16.0,0.1150871068239212,0.07829669117927551,0.14027300477027893,39040
62,-3.894350528717041,70754.5,0.96875,3.638249158859253,5450217.0,-1170.3109130859375,0.9991455078125,1.0922644468158194,0.016775851143809063,0.5,3.4074361324310303,16.0,0.1873059719800949,0.1556142121553421,0.1482565850019455,39680
63,-1.0695977210998535,1.0695977210998535,1.0,3.3717079162597656,87.23077392578125,-2597.531494140625,0.9996337890625,1.0905813559959416,0.016727575525896838,0.5,3.449305772781372,16.0,0.1445838212966919,0.10211075842380524,0.14852723479270935,40320
64,-1.3827590942382812,1.3827590942382812,1.0,3.379595994949341,111.2928237915039,-3404.12646484375,0.9996337890625,1.0889008586823492,0.016679438830013955,0.5,3.7575488090515137,16.0,-0.13639956712722778,-0.17946377396583557,0.12811382114887238,40960
65,-4.152261734008789,163058.203125,0.96875,3.337104320526123,12560370.0,-2749.659912109375,0.96875,1.0872229508786595,0.016631440656386547,0.5,2.30171275138855,12.530241012573242,-0.270380437374115,-0.3054088354110718,0.1378868818283081,41600
66,-0.8653887510299683,0.8653887510299683,1.0,3.194420337677002,72.86621856689453,-872.27392578125,0.999755859375,1.085547628594648,0.01658358060639118,0.5,4.456493377685547,16.0,-0.3901670575141907,-0.43530112504959106,0.14306984841823578,42240
67,-4.2136077880859375,163058.28125,0.96875,3.7653000354766846,12560371.0,-45699.21484375,0.968505859375,1.0838748878462385,0.01653585828255152,0.5,3.713594675064087,16.0,0.02543855831027031,-0.010215885937213898,0.13665972650051117,42880
68,-1.1843736171722412,1.1843736171722412,1.0,3.278156280517578,96.79258728027344,-301.4006652832031,0.999267578125,1.0822047246554947,0.01648827328853506,0.5,3.640976905822754,16.0,0.23267892003059387,0.18777874112129211,0.1429407000541687,43520
69,-7.383846282958984,692197.5625,0.9375,4.247735500335693,53319932.0,-1690386.125,0.9642333984375,1.0805371350506094,0.016440825229149806,0.5,3.614583730697632,16.0,0.18335264921188354,0.14313700795173645,0.15665054321289062,44160
70,-9.66622257232666,6.886920928955078,0.96875,4.109814643859863,529.6531982421875,-46497.1171875,0.9996337890625,1.0788721150658958,0.016393513710341,0.5,4.174851417541504,16.0,0.4193744957447052,0.3630920350551605,0.1271643042564392,44800
71,-1.51274836063385,1.51274836063385,1.0,3.272379159927368,122.13178253173828,-24.07308006286621,0.9998779296875,1.0772096607417776,0.016346338339187846,0.5,3.703442096710205,12.530241012573242,-0.1913360357284546,-0.21249617636203766,0.15609130263328552,45440
72,-4.18941068649292,163058.25,0.96875,3.754997730255127,12560370.0,-7782.107421875,0.9539794921875,1.0755497681247805,0.01629929872390026,0.5,3.6819992065429688,16.0,0.5243659615516663,0.4790606200695038,0.1463908553123474,46080
73,-1.6575380563735962,1.6575380563735962,1.0,3.449105739593506,131.923583984375,-5641.66162109375,0.997802734375,1.0738924332675217,0.0162523944738156,0.5,3.615656852722168,16.0,0.2851264476776123,0.24194443225860596,0.12092337012290955,46720
74,-7.0928850173950195,1449.4224853515625,0.9375,4.075033187866211,111648.3515625,-2984.031005859375,0.9962158203125,1.0722376522287012,0.016205625199395435,0.5,3.0040273666381836,16.0,-0.07674260437488556,-0.11339253187179565,0.14703765511512756,47360
75,-7.087774753570557,1892071.75,0.9375,4.078575611114502,145746208.0,-1318.3720703125,0.980712890625,1.0705854210730918,0.01615899051222229,0.5,3.032896041870117,16.0,0.1107354685664177,0.07097417116165161,0.15692460536956787,48000
76,-0.7621490955352783,0.7621490955352783,1.0,2.9055728912353516,67.13866424560547,-322.8536071777344,0.9996337890625,1.0689357358715312,0.01611249002499645,0.5,3.579918622970581,12.530241012573242,-0.050382111221551895,-0.0663989931344986,0.1420159786939621,48640
77,-3.8828346729278564,38295548.0,0.96875,3.247954845428467,2949903872.0,-63206.2734375,0.99658203125,1.0672885927009104,0.016066123351532714,0.5,2.934079885482788,16.0,-0.14774498343467712,-0.17580312490463257,0.13311633467674255,49280
78,-0.5198357701301575,0.5198357701301575,1.0,2.9167165756225586,48.387451171875,-817.2214965820312,0.9989013671875,1.0656439876441663,0.016019890106757202,0.5,1.6159226894378662,12.530241012573242,0.08421794325113297,0.06445202976465225,0.1489703357219696,49920
79,-4.49994421005249,163058.546875,0.96875,3.753058433532715,12560393.0,-895.1378784179688,0.9671630859375,1.0640019167902717,0.01597378990670416,0.5,3.1500532627105713,16.0,0.19937558472156525,0.17252463102340698,0.13883493840694427,50560
80,-7.061672210693359,1.4703705310821533,0.9375,3.8884408473968506,114.12191009521484,-138115.109375,0.9981689453125,1.0623623762342254,0.015927822368512767,0.5,3.0550975799560547,16.0,0.5117925405502319,0.4624137282371521,0.1295955628156662,51200
81,-6.841699600219727,163058.09375,0.9375,3.928588390350342,12560357.0,-9564.5869140625,0.96826171875,1.060725362077044,0.015881987110423944,0.5,3.5058417320251465,16.0,0.06019870936870575,0.02397632971405983,0.14370210468769073,51840
82,-4.027766227722168,1.2310142517089844,0.96875,3.474497079849243,98.87290954589844,-833.1904296875,0.999755859375,1.0590908704257522,0.015836283751777213,0.5,2.8575854301452637,16.0,-0.2537038028240204,-0.2866113781929016,0.12703019380569458,52480
83,-4.158516883850098,70716.78125,0.96875,3.655839443206787,5447312.5,-978241.5625,0.999267578125,1.0574588973933732,0.0157907119130075,0.5,3.356935977935791,16.0,-0.03500554710626602,-0.06066930294036865,0.1399872601032257,53120
84,-7.051083564758301,326115.15625,0.9375,3.9890050888061523,25120634.0,-1445.303955078125,0.93896484375,1.0558294390989196,0.015745271215642006,0.5,3.3661961555480957,16.0,-0.027691498398780823,-0.052978843450546265,0.12372596561908722,53760
85,-1.4257497787475586,1.4257497787475586,1.0,3.340306282043457,114.90704345703125,-428.947998046875,0.9998779296875,1.0542024916673847,0.015699961282297063,0.5,3.004138946533203,16.0,-0.07631392776966095,-0.11071473360061646,0.13033033907413483,54400
86,-1.0421462059020996,1.0421462059020996,1.0,3.3497843742370605,85.28507995605469,-2493.881103515625,0.9991455078125,1.0525780512297325,0.015654781736674984,0.5,3.930222511291504,16.0,0.07278934866189957,0.037509676069021225,0.1300767958164215,55040
87,-3.9583652019500732,163058.03125,0.96875,3.8451955318450928,12560351.0,-266.36285400390625,0.96923828125,1.050956113922889,0.015609732203560961,0.5,3.549410581588745,16.0,0.11525242030620575,0.06382618844509125,0.13709673285484314,55680
88,-0.69948810338974,0.69948810338974,1.0,2.988511800765991,61.67301559448242,-25.974143981933594,0.99755859375,1.0493366758897325,0.01556481230881992,0.5,2.626471519470215,16.0,-0.11904511600732803,-0.15019060671329498,0.1525210440158844,56320
89,-1.4891417026519775,1.4891417026519775,1.0,3.202270269393921,120.8533935546875,-1012.8770751953125,0.977783203125,1.0477197332790857,0.015520021679393443,0.5,3.1235790252685547,16.0,-0.04133066162467003,-0.07689160853624344,0.1577082872390747,56960
90,-6.026823043823242,163060.109375,0.96875,3.57999849319458,12560513.0,-95753.9765625,0.968994140625,1.0461052822457053,0.015475359943296652,0.5,2.3768181800842285,16.0,-1.0271456241607666,-1.052309513092041,0.1573716700077057,57600
91,-0.8658023476600647,0.8658023476600647,1.0,3.144805908203125,73.28025817871094,-2065.75927734375,1.0,1.0444933189502725,0.015430826729615127,0.5,3.5190582275390625,16.0,-0.053772106766700745,-0.08724305033683777,0.13546864688396454,58240
92,-1.025543212890625,1.025543212890625,1.0,3.1455559730529785,85.57931518554688,-724.0213623046875,0.9996337890625,1.0428838395593854,0.015386421668501815,0.5,3.7926552295684814,16.0,-0.40411850810050964,-0.42351630330085754,0.13112106919288635,58880
93,-1.0362452268600464,1.0362452268600464,1.0,3.290372610092163,85.28816986083984,-1367.16357421875,0.9998779296875,1.0412768402455488,0.015342144391173975,0.5,3.676828384399414,16.0,0.11205198615789413,0.08127884566783905,0.13782072067260742,59520
94,-3.979759693145752,163058.0625,0.96875,3.521859645843506,12560355.0,-26106.1640625,0.9688720703125,1.0396723171871651,0.015297994529910106,0.5,3.0043201446533203,16.0,-0.03352674841880798,-0.05553463473916054,0.12220093607902527,60160
95,-0.9780552387237549,0.9780552387237549,1.0,3.0286943912506104,82.82150268554688,-1838.189453125,0.9993896484375,1.0380702665685262,0.01525397171804689,0.5,2.8937411308288574,16.0,-0.1636788696050644,-0.19079549610614777,0.13586175441741943,60800
96,-1.5318818092346191,1.5318818092346191,1.0,3.210860252380371,124.07949829101562,-6504.7587890625,0.9998779296875,1.0364706845798028,0.01521007558997615,0.5,2.7676119804382324,16.0,0.10536843538284302,0.0696420967578888,0.1217987909913063,61440
97,-8.337485313415527,326116.46875,0.9375,4.084486961364746,25120730.0,-19801.97265625,0.94287109375,1.0348735674170368,0.015166305781141816,0.5,2.8514156341552734,11.76475715637207,-0.6704534292221069,-0.6999925374984741,0.12606757879257202,62080
98,-3.8575892448425293,163057.90625,0.96875,3.6514792442321777,12560345.0,-56.50444030761719,0.9696044921875,1.0332789112821317,0.015122661928036898,0.5,3.7121002674102783,16.0,0.4597574770450592,0.42238330841064453,0.1374308317899704,62720
99,-0.8453444242477417,0.8453444242477417,1.0,3.3726630210876465,69.94920349121094,-716.4649047851562,0.999755859375,1.031686712382843,0.015079143668200462,0.5,4.097387790679932,16.0,-0.09943340718746185,-0.13867241144180298,0.13624869287014008,63360
100,-1.0709270238876343,1.0709270238876343,1.0,3.176853656768799,88.83413696289062,-111.52670288085938,0.9998779296875,1.0300969669327706,0.01503575064021462,0.5,2.8214645385742188,16.0,-0.04303644225001335,-0.0813584178686142,0.15672680735588074,64000
101,-0.7475854158401489,0.7475854158401489,1.0,3.2385997772216797,63.45152282714844,-8914.6328125,0.9998779296875,1.0285096711513484,0.014992482483701539,0.5,3.57100772857666,16.0,0.078296959400177,0.04373349994421005,0.11691781878471375,64640
102,-7.012357711791992,276317.5,0.9375,4.183060169219971,21284718.0,-105.09500885009766,0.9971923828125,1.0269248212638356,0.014949338839320432,0.5,2.9925174713134766,16.0,-0.10428197681903839,-0.14124368131160736,0.14130514860153198,65280
103,-1.2435190677642822,1.2435190677642822,1.0,3.3444676399230957,100.8377685546875,-19.735889434814453,0.9993896484375,1.0253424135013085,0.014906319348764583,0.5,3.337218761444092,16.0,0.03771979361772537,0.00845830887556076,0.1242045909166336,65920
104,-4.063643932342529,2594.20458984375,0.96875,3.3628344535827637,199836.375,-1478.8538818359375,0.997802734375,1.0237624441006508,0.014863423654758373,0.5,3.591557264328003,12.530241012573242,0.04076196625828743,0.0229180995374918,0.11119133234024048,66560
105,-1.0017380714416504,1.0017380714416504,1.0,3.0414462089538574,84.54756164550781,-18681.369140625,0.999267578125,1.022184909304545,0.014820651401054308,0.5,2.7020351886749268,16.0,0.019442319869995117,-0.009523183107376099,0.11090992391109467,67200
106,-4.090803146362305,163058.15625,0.96875,3.6049749851226807,12560362.0,-171.18075561523438,0.96826171875,1.020609805361463,0.014778002232430061,0.5,3.0578813552856445,16.0,0.008882716298103333,-0.02623268961906433,0.1211649477481842,67840
107,-0.7129052877426147,0.7129052877426147,1.0,2.9228429794311523,63.21238708496094,-558.8956298828125,0.9996337890625,1.0190371285256574,0.014735475794685524,0.5,3.368912696838379,16.0,-0.18012119829654694,-0.21312803030014038,0.10717673599720001,68480
108,-0.8384300470352173,0.8384300470352173,1.0,3.022446870803833,72.11430358886719,-234.41998291015625,0.9996337890625,1.0174668750571536,0.014693071734639867,0.5,3.285064935684204,16.0,-0.20499277114868164,-0.22759409248828888,0.09932496398687363,69120
109,-3.927396297454834,172889.3125,0.96875,3.630740165710449,13317659.0,-783.7960205078125,0.9984130859375,1.015899041221739,0.014650789700128602,0.5,2.817319869995117,16.0,-1.1295247077941895,-1.156614899635315,0.1287689507007599,69760
110,-3.9654767513275146,70716.5859375,0.96875,3.6513595581054688,5447297.0,-1181.6561279296875,0.998779296875,1.0143336232909554,0.01460862934000066,0.5,3.17807674407959,16.0,-0.35075533390045166,-0.38174477219581604,0.15613114833831787,70400
111,-0.9714734554290771,0.9714734554290771,1.0,3.4104785919189453,79.37362670898438,-22610.662109375,0.9991455078125,1.01277061754209,0.014566590304115468,0.5,3.6855952739715576,16.0,-0.28462326526641846,-0.3191377520561218,0.12654435634613037,71040
112,-4.251924514770508,163058.3125,0.96875,3.8709521293640137,12560374.0,-20.506649017333984,0.9688720703125,1.0112100202581666,0.01452467224334006,0.5,4.613897800445557,16.0,0.33242836594581604,0.30351194739341736,0.10985591262578964,71680
113,-13.167728424072266,304489.71875,0.875,4.546788215637207,23454820.0,-62172.76171875,0.96875,1.009651827727936,0.014482874809546154,0.5,2.914741039276123,16.0,-0.11618512868881226,-0.13997295498847961,0.11691887676715851,72320
114,-0.7004417181015015,0.7004417181015015,1.0,3.0910656452178955,60.95650100708008,-144.24176025390625,0.99951171875,1.0080960362458684,0.014441197655607274,0.5,2.8084559440612793,16.0,0.17869128286838531,0.13290011882781982,0.09948280453681946,72960
115,-3.6680727005004883,163057.71875,0.96875,3.3443117141723633,12560332.0,-3530.29736328125,0.969482421875,1.0065426421121428,0.01439964043539587,0.5,2.187131404876709,12.530241012573242,-0.3470184803009033,-0.3617779612541199,0.1235538125038147,73600
116,-1.1117229461669922,1.1117229461669922,1.0,3.3204212188720703,90.87074279785156,-1015.4053344726562,1.0,1.0049916416326408,0.014358202803780433,0.5,3.7911267280578613,16.0,-0.8113119006156921,-0.8322494626045227,0.11824698746204376,74240
117,-4.492627143859863,70717.1171875,0.96875,3.3837151527404785,5447340.0,-34.424556732177734,0.999755859375,1.0034430311189353,0.01431688441662263,0.5,3.463867664337158,16.0,-0.48953795433044434,-0.5162047743797302,0.1236007958650589,74880
118,-1.2508057355880737,1.2508057355880737,1.0,2.991144895553589,104.1207046508789,-101.75249481201172,1.0,1.0018968068882832,0.014275684930774461,0.5,3.5530343055725098,12.530241012573242,-0.2527146637439728,-0.26421475410461426,0.12728628516197205,75520
119,-3.8156867027282715,163057.890625,0.96875,3.3523306846618652,12560343.0,-715.125,0.9686279296875,1.000352965263616,0.014234604004075389,0.5,3.5523877143859863,12.530241012573242,-0.7256218194961548,-0.7474930882453918,0.0997292548418045,76160
120,-4.648322105407715,163058.71875,0.96875,3.808030128479004,12560404.0,-87328.828125,0.968994140625,0.9988115025735312,0.014193641295349509,0.5,3.359591484069824,16.0,0.03033321350812912,-0.002539355307817459,0.11934896558523178,76800
121,-7.453199863433838,233774.140625,0.9375,4.054227828979492,18007608.0,-560.1127319335938,0.96826171875,0.9972724151522842,0.014152796464402715,0.5,3.7515478134155273,16.0,-0.15815572440624237,-0.1915164291858673,0.1191386729478836,77440
122,-4.113117694854736,70716.734375,0.96875,3.667356252670288,5447308.5,-56869.0625,0.9901123046875,0.995735699339778,0.01411206917201987,0.5,4.019925117492676,16.0,-0.12083715945482254,-0.1509777009487152,0.13147537410259247,78080
123,-6.9380388259887695,326115.0625,0.9375,3.948929786682129,25120624.0,-257.08575439453125,0.9407958984375,0.9942013514815566,0.014071459079961992,0.5,2.3991377353668213,16.0,-0.06663484871387482,-0.0866444855928421,0.1089305654168129,78720
124,-4.881228446960449,163058.921875,0.96875,3.696209669113159,12560423.0,-9018.1875,0.96826171875,0.9926693679287946,0.014030965850963448,0.5,2.6509151458740234,16.0,-1.1481236219406128,-1.1718664169311523,0.12373866885900497,79360
125,-10.114309310913086,304489.4375,0.90625,4.3346405029296875,23454798.0,-558.9866943359375,0.9678955078125,0.991139745038289,0.013990589148729145,0.5,2.9157395362854004,16.0,-0.17554499208927155,-0.1988888382911682,0.13141869008541107,80000
126,-4.324746608734131,70716.953125,0.96875,3.8481898307800293,5447323.5,-62208.66015625,0.9996337890625,0.9896124791724514,0.013950328637931742,0.5,4.04287052154541,16.0,-0.1884804219007492,-0.2141638547182083,0.10036368668079376,80640
127,-4.44574499130249,291762044928.0,0.96875,3.6924009323120117,22474414620672.0,-286240.0625,0.9996337890625,0.9880875666992981,0.013910183984208863,0.5,3.257802963256836,16.0,-0.23966139554977417,-0.2637876272201538,0.14108942449092865,81280
128,-0.866622805595398,0.866622805595398,1.0,3.1957101821899414,72.95134735107422,-7707.796875,1.0,0.9865650039924416,0.013870154854160327,0.5,4.143782615661621,16.0,-0.3048686981201172,-0.3250812888145447,0.12534329295158386,81920
129,-0.7961133718490601,0.7961133718490601,1.0,2.879450798034668,69.95614624023438,-7175.310546875,0.9991455078125,0.9850447874310834,0.01383024091534537,0.5,2.630610704421997,12.530241012573242,-0.08420997858047485,-0.10146945714950562,0.12820611894130707,82560
130,-0.8897393345832825,0.8897393345832825,1.0,2.917786121368408,76.87285614013672,-2991.834716796875,0.9998779296875,0.9835269134000035,0.013790441836279886,0.5,2.610529899597168,12.530241012573242,-0.9020578265190125,-0.9205094575881958,0.12311578541994095,83200
131,-7.251573085784912,326115.375,0.9375,4.006373882293701,25120648.0,-388.0383605957031,0.9385986328125,0.982011378289553,0.013750757286433681,0.5,3.07627534866333,12.530241012573242,-0.15408334136009216,-0.16943703591823578,0.13712385296821594,83840
132,-3.7968618869781494,163057.859375,0.96875,3.67295241355896,12560340.0,-185.45205688476562,0.96923828125,0.980498178495645,0.013711186936227717,0.5,3.356729030609131,16.0,-0.029549606144428253,-0.05569145828485489,0.10758556425571442,84480
133,-0.7898244261741638,0.7898244261741638,1.0,3.0012474060058594,68.53351593017578,-62221.3046875,1.0,0.9789873104197468,0.013671730457031388,0.5,3.112278461456299,16.0,-0.15095673501491547,-0.16795974969863892,0.138359934091568,85120
134,-5.5041985511779785,70718.1328125,0.96875,3.5579993724823,5447417.0,-10385.6376953125,0.9976806640625,0.9774787704688699,0.013632387521159778,0.5,2.990659236907959,16.0,-0.3865535855293274,-0.4123862683773041,0.10650596767663956,85760
135,-1.1771345138549805,1.1771345138549805,1.0,3.360785961151123,95.59846496582031,-88.23240661621094,0.9984130859375,0.9759725550555625,0.013593157801870943,0.5,3.179658889770508,16.0,-0.12715193629264832,-0.15531185269355774,0.12160275876522064,86400
136,-7.49212121963501,233774.1875,0.9375,4.379998207092285,18007608.0,-316580.78125,0.9727783203125,0.9744686605979015,0.013554040973363206,0.5,3.639252185821533,16.0,-0.8874298930168152,-0.9059271216392517,0.10041392594575882,87040
137,-3.9257020950317383,70716.5546875,0.96875,3.682908058166504,5447294.0,-203.83900451660156,0.9998779296875,0.9729670835194824,0.013515036710772442,0.5,3.8091156482696533,16.0,-0.9576015472412109,-0.986975371837616,0.10355482995510101,87680
138,-0.561622142791748,0.561622142791748,1.0,2.806246757507324,52.45719528198242,-1114.869384765625,0.9996337890625,0.9714678202494118,0.013476144690169379,0.5,1.6179717779159546,12.530241012573242,-0.3045860528945923,-0.32541149854660034,0.1195480227470398,88320
139,-4.14332914352417,70716.765625,0.96875,3.3692357540130615,5447313.5,-141.4576873779297,0.999755859375,0.9699708672222993,0.013437364588556915,0.5,2.6729037761688232,16.0,-0.3949825167655945,-0.4196680784225464,0.1248641386628151,88960
140,-10.074769020080566,1837809280.0,0.90625,4.621389389038086,141566345216.0,-123824.84375,0.9649658203125,0.9684762208782479,0.013398696083867432,0.5,3.191481828689575,16.0,-0.11727175116539001,-0.13658516108989716,0.13070426881313324,89600
141,-7.045483589172363,233773.71875,0.9375,4.072179794311523,18007576.0,-13539.619140625,0.9678955078125,0.9669838776628463,0.013360138854960122,0.5,4.071873188018799,16.0,-0.8442823886871338,-0.8618625998497009,0.11526580154895782,90240
142,-3.9950127601623535,70716.6171875,0.96875,3.705749034881592,5447299.5,-140297.03125,0.9998779296875,0.9654938340271602,0.013321692581618317,0.5,4.124063491821289,16.0,-1.0467894077301025,-1.06791090965271,0.12374616414308548,90880
143,-10.063785552978516,304489.375,0.90625,4.483150482177734,23454794.0,-127258.453125,0.9677734375,0.9640060864277242,0.013283356944546831,0.5,3.5477914810180664,16.0,-0.7647584676742554,-0.7840219736099243,0.12188912183046341,91520
144,-4.413559436798096,70717.03125,0.96875,3.982771396636963,5447329.5,-1407.7852783203125,0.9993896484375,0.9625206313265326,0.013245131625369314,0.5,4.504978179931641,16.0,-0.5452666282653809,-0.5672672390937805,0.11600358039140701,92160
145,-3.78743314743042,70716.4140625,0.96875,3.383146286010742,5447286.0,-772.3497314453125,0.9989013671875,0.961037465191032,0.013207016306625595,0.5,2.6151251792907715,16.0,-0.3935561180114746,-0.4129818379878998,0.1090913712978363,92800
146,-10.277406692504883,304489.59375,0.90625,4.4111433029174805,23454812.0,-64149.54296875,0.964599609375,0.959556584494112,0.013169010671769059,0.5,2.8902506828308105,16.0,-0.5691540837287903,-0.5872953534126282,0.10658760368824005,93440
147,-3.994084596633911,163058.046875,0.96875,3.5156137943267822,12560356.0,-7026.126953125,0.968505859375,0.9580779857140973,0.013131114405164014,0.5,2.460860013961792,16.0,-0.13006116449832916,-0.14934952557086945,0.13321776688098907,94080
148,-4.554769515991211,70717.171875,0.96875,4.023317337036133,5447340.0,-372760.75,0.9976806640625,0.9566016653347394,0.013093327192083065,0.5,4.082283020019531,16.0,-0.4780677556991577,-0.491254061460495,0.12459208816289902,94720
149,-2.353564500808716,2.353564500808716,1.0,3.533890962600708,184.88536071777344,-22952.541015625,0.9998779296875,0.9551276198452079,0.013055648718704502,0.5,3.506481170654297,16.0,-0.12338190525770187,-0.1398465931415558,0.1645253598690033,95360
150,-4.445831298828125,70717.0703125,0.96875,3.5090394020080566,5447335.5,-376173.0,0.982421875,0.9536558457400821,0.013018078672109697,0.5,4.214294910430908,16.0,-0.4380999505519867,-0.4531018137931824,0.16511540114879608,96000
151,-6.935819149017334,233773.609375,0.9375,3.915358543395996,18007570.0,-334119.1875,0.96826171875,0.9521863395193432,0.012980616740280506,0.5,3.0724611282348633,16.0,-0.23695935308933258,-0.25113919377326965,0.10600630193948746,96640
152,-2.2905569076538086,2.2905569076538086,1.0,3.1756296157836914,182.79159545898438,-70695.6875,1.0,0.9507190976883655,0.012943262612096669,0.5,3.1172657012939453,16.0,-0.24395224452018738,-0.25806495547294617,0.1426352858543396,97280
153,-1.100947618484497,1.100947618484497,1.0,3.1577820777893066,91.29353332519531,-549.51318359375,0.9989013671875,0.949254116757908,0.012906015977333237,0.5,2.2359468936920166,16.0,-0.2132197469472885,-0.23590855300426483,0.12358976155519485,97920
154,-4.434298038482666,70717.0625,0.96875,3.7029802799224854,5447333.0,-187428.84375,0.9981689453125,0.9477913932441071,0.012868876526657986,0.5,4.067997455596924,16.0,-0.8880152702331543,-0.908099353313446,0.11909214407205582,98560
155,-3.9319605827331543,70716.5546875,0.96875,3.148461103439331,5447299.0,-66675.6328125,0.9986572265625,0.9463309236684667,0.012831843951628863,0.5,3.3607282638549805,11.76475715637207,-0.1300393044948578,-0.1480255424976349,0.13574248552322388,99200
156,-0.8277769088745117,0.8277769088745117,1.0,3.1408605575561523,70.38155364990234,-79470.234375,0.999267578125,0.9448727045578511,0.0127949179446914,0.5,3.167351245880127,16.0,-0.1332203894853592,-0.15579728782176971,0.12177679687738419,99840
157,-4.407618522644043,1.632201075553894,0.96875,4.0313720703125,125.4866943359375,-23.65599822998047,0.999755859375,0.9434167324444767,0.012758098199176185,0.5,4.910842418670654,16.0,-0.4294514060020447,-0.4531428813934326,0.11419980227947235,100000
158,-10.085471153259277,396830.8125,0.90625,4.437178611755371,30567852.0,-2901.606689453125,0.9371337890625,0.9419630038659028,0.012721384409296297,0.5,2.8188183307647705,16.0,-0.7485179901123047,-0.769100546836853,0.11112994700670242,100000
159,-0.8807682394981384,0.8807682394981384,1.0,3.3345770835876465,72.97127532958984,-318.2255859375,1.0,0.9405115153650248,0.012684776270144778,0.5,2.975832223892212,16.0,-0.10269978642463684,-0.12923696637153625,0.11940280348062515,100000
160,-5.381080627441406,163059.4375,0.96875,3.7791152000427246,12560461.0,-222088.484375,0.968505859375,0.9390622634900646,0.012648273477692096,0.5,2.568563938140869,16.0,-0.12325729429721832,-0.15066500008106232,0.11053067445755005,100000
161,-3.9371399879455566,70716.5703125,0.96875,3.4198801517486572,5447297.5,-63078.0078125,0.998779296875,0.9376152447945635,0.012611875728783615,0.5,3.2366161346435547,16.0,0.5199859142303467,0.5022885799407959,0.1038689836859703,100000
162,-7.420597076416016,178659.296875,0.9375,4.060765743255615,13762115.0,-125818.8515625,0.968017578125,0.9361704558373732,0.012575582721137091,0.5,3.5089242458343506,16.0,-0.6112468242645264,-0.6342743039131165,0.10772386938333511,100000
163,-4.0892109870910645,163058.15625,0.96875,3.7065348625183105,12560362.0,-49171.65234375,0.968017578125,0.934727893182648,0.012539394153340147,0.5,3.4673845767974854,16.0,-0.1579432338476181,-0.17850561439990997,0.09456384927034378,100000
164,-4.101787567138672,70716.7265625,0.96875,3.5375478267669678,5447309.0,-65.1766128540039,0.999267578125,0.9332875533998366,0.012503309724847776,0.5,3.006674289703369,16.0,-0.7909894585609436,-0.8088283538818359,0.09599556773900986,100000
165,-4.185188293457031,70716.8125,0.96875,3.4777579307556152,5447315.5,-234.59860229492188,0.998779296875,0.9318494330636738,0.012467329135979848,0.5,3.1058413982391357,16.0,-0.201726496219635,-0.2163875252008438,0.0952063649892807,100000
166,-7.171584129333496,233773.84375,0.9375,4.035801887512207,18007588.0,-70277.859375,0.9649658203125,0.9304135287541727,0.012431452087918616,0.5,3.059093713760376,16.0,-0.02402588352560997,-0.04018179327249527,0.09659884870052338,100000
167,-3.903905153274536,70716.53125,0.96875,3.333766460418701,5447295.0,-34.310569763183594,0.9993896484375,0.9289798370566161,0.012395678282706235,0.5,3.2256240844726562,12.530241012573242,-0.04942045360803604,-0.06266722828149796,0.10511032491922379,100000
168,-1.091212511062622,1.091212511062622,1.0,3.197983741760254,90.23396301269531,-6850.10302734375,0.9991455078125,0.9275483545615487,0.012360007423242296,0.5,3.046799898147583,16.0,-0.11132832616567612,-0.12290296703577042,0.10873061418533325,100000
169,-1.1841351985931396,1.1841351985931396,1.0,3.3507111072540283,96.21533203125,-197.98281860351562,0.9998779296875,0.9261190778647687,0.012324439213281342,0.5,4.345115661621094,16.0,-0.4476558566093445,-0.45941245555877686,0.1011585220694542,100000
170,-4.053261756896973,163058.109375,0.96875,3.4137792587280273,12560362.0,-6.665692329406738,0.96875,0.9246920035673201,0.012288973357430422,0.5,2.987830400466919,16.0,-0.958615779876709,-0.9751647710800171,0.08864263445138931,100000
171,-1.3028066158294678,1.3028066158294678,1.0,3.1378836631774902,106.9959945678711,-22.421619415283203,1.0,0.9232671282754843,0.012253609561146635,0.5,3.3987035751342773,16.0,-0.46131858229637146,-0.4770691394805908,0.10365758091211319,100000
172,-3.9638257026672363,70716.5859375,0.96875,3.622443437576294,5447298.0,-168.64932250976562,0.9993896484375,0.9218444486007724,0.012218347530734674,0.5,3.0607399940490723,16.0,-0.5111078023910522,-0.5270614624023438,0.09393486380577087,100000
173,-0.8009262084960938,0.8009262084960938,1.0,3.0843772888183594,68.74833679199219,-44.055030822753906,0.9998779296875,0.9204239611599165,0.012183186973344404,0.5,3.0457324981689453,16.0,-0.39916563034057617,-0.41406017541885376,0.11736907064914703,100000
174,-3.9333319664001465,163057.984375,0.96875,3.4939041137695312,12560351.0,-50.2874870300293,0.9688720703125,0.9190056625748626,0.012148127596968414,0.5,2.8933119773864746,16.0,-0.13081127405166626,-0.14917771518230438,0.09285852313041687,100000
175,-4.605876922607422,70717.2265625,0.96875,3.5710108280181885,5447347.5,-251112.59375,0.9996337890625,0.9175895494727613,0.012113169110439604,0.5,3.413600444793701,16.0,-0.7787529826164246,-0.7940986156463623,0.09007848054170609,100000
176,-7.338602066040039,233774.015625,0.9375,3.752058744430542,18007602.0,-86462.0234375,0.968505859375,0.9161756184859609,0.012078311223428752,0.5,1.8645766973495483,11.76475715637207,0.2698412537574768,0.2548734247684479,0.10588613897562027,100000
177,-0.8818605542182922,0.8818605542182922,1.0,3.132758140563965,74.61003112792969,-12.969411849975586,1.0,0.9147638662519989,0.012043553646442122,0.5,4.070915699005127,16.0,-0.23277436196804047,-0.2498454451560974,0.08456096798181534,100000
178,-1.9017301797866821,1.9017301797866821,1.0,3.661813259124756,149.09521484375,-237497.203125,1.0,0.9133542894135942,0.012008896090819047,0.5,4.013538837432861,16.0,-1.1633890867233276,-1.1757869720458984,0.08216174691915512,100000
179,-0.8395391702651978,0.8395391702651978,1.0,2.932584762573242,72.89195251464844,-7409.8857421875,1.0,0.9119468846186387,0.011974338268729528,0.5,3.4096550941467285,16.0,-0.6264482140541077,-0.6416658163070679,0.09692444652318954,100000
180,-0.6606582403182983,0.6606582403182983,1.0,3.1065526008605957,57.772682189941406,-76844.640625,0.999755859375,0.91054164852019,0.011939879893171858,0.5,3.070331573486328,16.0,-0.11208369582891464,-0.12517711520195007,0.09802963584661484,100000
181,-6.97627067565918,233773.65625,0.9375,3.9003987312316895,18007572.0,-62208.9140625,0.9716796875,0.9091385777764629,0.011905520677970231,0.5,2.731492519378662,12.530241012573242,-0.0473356619477272,-0.05501653999090195,0.0875784382224083,100000
182,-4.200870513916016,70716.828125,0.96875,3.5311527252197266,5447317.0,-1171.2835693359375,0.9969482421875,0.9077376690508214,0.011871260337772358,0.5,3.5329318046569824,16.0,-0.2169680893421173,-0.23242592811584473,0.08652953058481216,100000
183,-4.146241664886475,163058.203125,0.96875,3.930793285369873,12560365.0,-389.08734130859375,0.96875,0.9063389190117714,0.011837098588047108,0.5,4.446719646453857,16.0,-1.3935143947601318,-1.4086804389953613,0.09301329404115677,100000
184,-4.233656883239746,9412083.0,0.96875,3.5178799629211426,725012288.0,-31035.173828125,0.99951171875,0.9049423243329521,0.011803035145082142,0.5,2.7228991985321045,16.0,-0.5911867618560791,-0.6084161996841431,0.08702336251735687,100000
185,-1.1689412593841553,1.1689412593841553,1.0,3.604992151260376,93.08622741699219,-77.36851501464844,0.999755859375,0.9035478816931283,0.011769069725981554,0.5,3.53309965133667,16.0,-0.7101624608039856,-0.7256038188934326,0.09539930522441864,100000
186,-0.7814642190933228,0.7814642190933228,1.0,2.8312525749206543,69.19900512695312,-39.74598693847656,1.0,0.9021555877761827,0.011735202048663525,0.5,2.4424853324890137,12.530241012573242,-0.07422495633363724,-0.09085147827863693,0.08380104601383209,100000
187,-4.083621501922607,2252.033203125,0.96875,3.6732535362243652,173476.484375,-2562.072021484375,0.9996337890625,0.9007654392711077,0.011701431831857977,0.5,3.705343008041382,16.0,-0.4531707167625427,-0.4684326648712158,0.08805908262729645,100000
188,-3.8035404682159424,478276.09375,0.96875,3.9608378410339355,36841580.0,-10136.0615234375,0.9998779296875,0.8993774328719981,0.011667758795104238,0.5,2.1048340797424316,16.0,-0.5874121189117432,-0.6033446192741394,0.10144553333520889,100000
189,-3.804264783859253,163057.859375,0.96875,3.497241973876953,12560342.0,-154.63909912109375,0.96875,0.8979915652780425,0.011634182658748717,0.5,3.1458401679992676,16.0,-0.6810987591743469,-0.6937382817268372,0.09172017872333527,100000
190,-1.8184328079223633,1.8184328079223633,1.0,3.169276714324951,146.47283935546875,-214.62486267089844,0.9998779296875,0.8966078331935157,0.011600703143942575,0.5,1.8188152313232422,16.0,-0.2958390712738037,-0.31238481402397156,0.07724019885063171,100000
191,-6.91461181640625,614629.5625,0.9375,3.7562408447265625,47344872.0,-590.8911743164062,0.9981689453125,0.895226233327771,0.011567319972639415,0.5,2.984393358230591,12.530241012573242,0.42741110920906067,0.4157858192920685,0.09250142425298691,100000
192,-4.3114013671875,70716.9453125,0.96875,3.9593448638916016,5447322.0,-1494.6898193359375,0.9998779296875,0.8938467623952324,0.011534032867592962,0.5,3.4126384258270264,16.0,0.053602829575538635,0.0426892414689064,0.08034034818410873,100000
193,-1.442427158355713,1.442427158355713,1.0,3.223472833633423,117.09165954589844,-4010.2509765625,0.968017578125,0.892469417115387,0.011500841552354783,0.5,4.012080192565918,16.0,-0.7099757194519043,-0.7239053249359131,0.08181862533092499,100000
194,-0.9322813153266907,0.9322813153266907,1.0,2.985280990600586,79.62995910644531,-79.31013488769531,0.9998779296875,0.8910941942127764,0.011467745751271961,0.5,2.4929349422454834,16.0,-0.504641056060791,-0.5209122896194458,0.10535948723554611,100000
195,-4.058568000793457,163058.140625,0.96875,3.6673121452331543,12560360.0,-15.598609924316406,0.96923828125,0.8897210904169895,0.011434745189484832,0.5,3.5407567024230957,16.0,-1.2304716110229492,-1.244618535041809,0.08431588858366013,100000
196,-4.176178932189941,163058.234375,0.96875,3.488762617111206,12560370.0,-620.3825073242188,0.9686279296875,0.8883501024626549,0.011401839592924687,0.5,2.628601551055908,16.0,-0.5634624361991882,-0.5780584812164307,0.0813458189368248,100000
197,-6.960527420043945,163102.40625,0.9375,4.171153545379639,12563768.0,-773.3405151367188,0.9688720703125,0.8869812270894328,0.011369028688311503,0.5,2.6067259311676025,16.0,-0.6478614211082458,-0.6611235737800598,0.10236557573080063,100000
198,-1.274001955986023,1.274001955986023,1.0,3.292508363723755,103.58610534667969,-9672.7275390625,1.0,0.8856144610420071,0.011336312203151667,0.5,3.9782590866088867,16.0,0.11146286129951477,0.10056298971176147,0.09281298518180847,100000
199,-7.134486198425293,446.32476806640625,0.9375,4.2519073486328125,34378.4296875,-4982.79296875,0.99609375,0.8842498010700782,0.01130368986573572,0.5,3.4655816555023193,16.0,-0.4661881625652313,-0.47718358039855957,0.09178260713815689,100000
200,-0.7259679436683655,0.7259679436683655,1.0,2.9213781356811523,64.22988891601562,-2013.0924072265625,1.0,0.8828872439283545,0.011271161405136097,0.5,2.8386011123657227,16.0,-0.04051533341407776,-0.056107521057128906,0.11707552522420883,100000
201,-10.275847434997559,559760.9375,0.90625,4.444402694702148,43118352.0,-99405.6171875,0.9337158203125,0.8815267863765457,0.011238726551204874,0.5,2.0900344848632812,11.76475715637207,0.052845247089862823,0.036427970975637436,0.10540608316659927,100000
202,-0.8675216436386108,0.8675216436386108,1.0,3.022770404815674,74.35273742675781,-1323.583984375,1.0,0.8801684251793539,0.011206385034571534,0.5,2.847668170928955,16.0,-0.718837320804596,-0.7323494553565979,0.08702307194471359,100000
203,-3.9741172790527344,163058.03125,0.96875,3.470160722732544,12560355.0,-36632.8671875,0.9661865234375,0.8788121571064673,0.011174136586640718,0.5,2.3496246337890625,16.0,-0.5883270502090454,-0.6020488142967224,0.07921862602233887,100000
204,-1.1566011905670166,1.1566011905670166,1.0,3.3834950923919678,93.84185791015625,-442.4247741699219,0.999755859375,0.877457978932551,0.011141980939590002,0.5,3.837649345397949,16.0,-0.6229684948921204,-0.633768618106842,0.08046174049377441,100000
205,-4.0004377365112305,163058.0625,0.96875,3.6590700149536133,12560357.0,-1875.371826171875,0.96875,0.8761058874372404,0.011109917826367671,0.5,3.3763508796691895,16.0,-0.5375397801399231,-0.5484784841537476,0.1063394770026207,100000
206,-0.6465755701065063,0.6465755701065063,1.0,2.951056957244873,57.88568115234375,-1598.591796875,0.998779296875,0.8747558794051332,0.011077946980690496,0.5,2.8030922412872314,16.0,-0.5395679473876953,-0.5503920316696167,0.07539703696966171,100000
207,-3.9488885402679443,163058.015625,0.96875,3.4976210594177246,12560353.0,-1163.82861328125,0.9688720703125,0.8734079516257819,0.011046068137041535,0.5,2.496262788772583,12.530241012573242,-0.3361804485321045,-0.34698325395584106,0.07505421340465546,100000
208,-1.0814306735992432,1.0814306735992432,1.0,3.0554769039154053,90.57820892333984,-2165.083984375,0.9962158203125,0.872062100893686,0.01101428103066792,0.5,3.57647967338562,16.0,-0.3670688569545746,-0.3785967230796814,0.0791245847940445,100000
209,-0.7898634076118469,0.7898634076118469,1.0,3.163151741027832,67.28936767578125,-9187.2255859375,0.98779296875,0.8707183240082841,0.01098258539757865,0.5,3.836864471435547,16.0,-0.37344369292259216,-0.3833402991294861,0.08658864349126816,100000
210,-0.8783146739006042,0.8783146739006042,1.0,3.0909461975097656,74.65896606445312,-57.37947463989258,1.0,0.8693766177739469,0.010950980974542413,0.5,3.3060104846954346,16.0,-0.3821467459201813,-0.3896372318267822,0.09986729919910431,100000
211,-3.7957682609558105,70716.421875,0.96875,3.6555325984954834,5447284.5,-3179.1494140625,0.9998779296875,0.8680369789999693,0.010919467499085391,0.5,3.4512526988983154,16.0,-0.3591034412384033,-0.3684171140193939,0.08686806261539459,100000
212,-3.960261344909668,1840.5628662109375,0.96875,3.7250874042510986,141780.578125,-67857.375,0.999755859375,0.8666994045005628,0.01088804470948909,0.5,3.3631770610809326,16.0,-0.7830982804298401,-0.791890025138855,0.09564706683158875,100000
213,-6.075849533081055,163060.15625,0.96875,3.7964587211608887,12560515.0,-58087.66015625,0.9674072265625,0.8653638910948479,0.010856712344788149,0.5,3.4477274417877197,16.0,-0.4071296155452728,-0.41639843583106995,0.072185218334198,100000
214,-7.092688083648682,326115.21875,0.9375,4.028489112854004,25120636.0,-26.00328254699707,0.9375,0.8640304356068464,0.01082547014476819,0.5,2.4505386352539062,16.0,-0.5914539098739624,-0.5992867946624756,0.0689866915345192,100000
215,-0.9869586229324341,0.9869586229324341,1.0,3.3863940238952637,80.7519760131836,-217.26605224609375,0.999755859375,0.8626990348654746,0.010794317849963651,0.5,3.8917922973632812,16.0,-0.7673306465148926,-0.7777050733566284,0.08164878189563751,100000
216,-0.6460336446762085,0.6460336446762085,1.0,2.673989772796631,59.978179931640625,-9056.2568359375,0.9993896484375,0.8613696857045344,0.010763255201655624,0.5,2.0992228984832764,11.76475715637207,-0.9540385007858276,-0.9643399119377136,0.06344932317733765,100000
217,-4.178807735443115,1063.822509765625,0.96875,4.086477756500244,81945.5078125,-11770.0029296875,0.997802734375,0.860042384962707,0.010732281941869717,0.5,3.583678960800171,16.0,-0.6432007551193237,-0.651929497718811,0.0651242733001709,100000
218,-3.7179601192474365,70754.3203125,0.96875,3.155856132507324,5450207.0,-210.1734161376953,0.999755859375,0.8587171294835452,0.010701397813373908,0.5,2.0554451942443848,12.530241012573242,-0.3687971234321594,-0.3818880617618561,0.0691952109336853,100000
219,-0.7372721433639526,0.7372721433639526,1.0,2.8161096572875977,65.91152954101562,-23290.775390625,0.9998779296875,0.8573939161154649,0.010670602559676404,0.5,3.8153696060180664,12.530241012573242,-0.5760179758071899,-0.5820926427841187,0.05507466569542885,100000
220,-4.13394021987915,180534.296875,0.96875,3.966526508331299,13906545.0,-62749.79296875,0.9896240234375,0.856072741711739,0.010639895925023518,0.5,3.69254469871521,16.0,-0.4475463032722473,-0.4543783664703369,0.07201138883829117,100000
221,-10.228103637695312,1750718.375,0.90625,5.131374359130859,134857728.0,-90.82426452636719,0.9931640625,0.8547536031304889,0.010609277654397538,0.5,4.236926078796387,16.0,-0.44504624605178833,-0.45306646823883057,0.07228928059339523,100000
222,-3.96879243850708,70754.578125,0.96875,3.537198543548584,5450224.0,-61931.0546875,0.999267578125,0.8534364972346776,0.01057874749351462,0.5,3.141963481903076,16.0,-0.3718165457248688,-0.3794615864753723,0.07702843099832535,100000
223,-3.798008680343628,163057.859375,0.96875,3.452190399169922,12560342.0,-815.9063720703125,0.968994140625,0.8521214208921016,0.010548305188822658,0.5,3.440157175064087,16.0,-0.8764625787734985,-0.8827754855155945,0.07666211575269699,100000
224,-4.84268856048584,70717.4609375,0.96875,3.5174074172973633,5447366.5,-67761.390625,0.9993896484375,0.8508083709753845,0.010517950487499199,0.5,2.895231246948242,12.530241012573242,-0.17936736345291138,-0.19092127680778503,0.0638875737786293,100000
225,-3.9569573402404785,163058.0,0.96875,3.7999372482299805,12560351.0,-40099.80859375,0.968505859375,0.8494973443619684,0.010487683137449326,0.5,3.703249454498291,16.0,-0.31299376487731934,-0.31875213980674744,0.06998826563358307,100000
226,-0.9107531905174255,0.9107531905174255,1.0,2.9534127712249756,78.21711730957031,-1401.840576171875,0.998779296875,0.8481883379341072,0.01045750288730358,0.5,4.085163116455078,12.530241012573242,-0.14881764352321625,-0.15676701068878174,0.0737462043762207,100000
227,-3.8076329231262207,163057.875,0.96875,3.4704861640930176,12560341.0,-177.93870544433594,0.96875,0.8468813485788592,0.010427409486415852,0.5,2.6620607376098633,16.0,-0.5764802694320679,-0.5856236815452576,0.07520192116498947,100000
228,-3.8185222148895264,163057.890625,0.96875,3.6419878005981445,12560341.0,-1035.4080810546875,0.9688720703125,0.8455763731880791,0.010397402684861327,0.5,3.3535146713256836,16.0,-1.0202758312225342,-1.0264397859573364,0.06172735616564751,100000
229,-7.127479553222656,326115.25,0.9375,4.17133092880249,25120636.0,-91.75244903564453,0.937255859375,0.8442734086584112,0.010367482233434389,0.5,3.062985897064209,16.0,-0.293839693069458,-0.30074506998062134,0.06529539823532104,100000
230,-4.142400741577148,70754.75,0.96875,3.5370757579803467,5450237.0,-61929.8046875,0.9998779296875,0.8429724518912819,0.010337647883646555,0.5,3.028848171234131,16.0,-0.2912468910217285,-0.29805389046669006,0.06178683415055275,100000
231,-1.2720067501068115,1.2720067501068115,1.0,3.499530553817749,101.83772277832031,-4453.48291015625,0.9993896484375,0.8416734997928921,0.010307899387724414,0.5,4.0054826736450195,16.0,-0.5417866110801697,-0.5474986433982849,0.07692902535200119,100000
232,-0.7535494565963745,0.7535494565963745,1.0,2.822622299194336,67.11520385742188,-4199.984375,0.9998779296875,0.8403765492742101,0.010278236498607572,0.5,2.98226261138916,12.530241012573242,-0.42987799644470215,-0.4365078806877136,0.07702752947807312,100000
233,-6.102814674377441,70718.734375,0.96875,3.7393651008605957,5447461.5,-64.82982635498047,0.99951171875,0.8390815972509641,0.010248658969946598,0.5,4.021636009216309,16.0,-0.2795095145702362,-0.2858744263648987,0.054908208549022675,100000
234,-3.846975803375244,70716.4765625,0.96875,3.3632407188415527,5447291.0,-62063.953125,0.9998779296875,0.8377886406436347,0.010219166556100969,0.5,3.716712474822998,16.0,-0.4706442356109619,-0.4784311056137085,0.06444253772497177,100000
235,-4.453868389129639,70717.078125,0.96875,3.491875648498535,5447336.0,-22378.79296875,0.9998779296875,0.8364976763774482,0.010189759012137051,0.5,3.117976665496826,16.0,-0.4528331160545349,-0.4615257978439331,0.057488784193992615,100000
236,-7.150827407836914,326115.28125,0.9375,4.113945007324219,25120640.0,-89637.078125,0.9359130859375,0.8352087013823688,0.010160436093826043,0.5,3.4953298568725586,16.0,-0.33559948205947876,-0.34240153431892395,0.06315343081951141,100000
237,-4.1611785888671875,163058.21875,0.96875,3.4082841873168945,12560371.0,-168620.03125,0.968505859375,0.8339217125930911,0.010131197557641955,0.5,3.2622432708740234,12.530241012573242,-0.18251466751098633,-0.19191013276576996,0.05931496620178223,100000
238,-3.995356559753418,163058.046875,0.96875,3.637070655822754,12560355.0,-2961.55078125,0.96875,0.8326367069490332,0.010102043160759595,0.5,3.0924177169799805,16.0,-0.09690043330192566,-0.10550326108932495,0.06045873090624809,100000
239,-0.8533046841621399,0.8533046841621399,1.0,3.1037375926971436,72.6339111328125,-3165.8603515625,0.9998779296875,0.8313536813943294,0.010072972661052544,0.5,2.2078893184661865,16.0,-0.17776019871234894,-0.18841169774532318,0.06972341239452362,100000
240,-1.064805507659912,1.064805507659912,1.0,3.285818576812744,87.52323913574219,-3164.36328125,0.9998779296875,0.8300726328778228,0.010043985817091147,0.5,3.495910167694092,16.0,-0.9427308440208435,-0.9497438669204712,0.043835170567035675,100000
241,-1.2693052291870117,1.2693052291870117,1.0,3.143831253051758,104.36956787109375,-51169.8359375,1.0,0.8287935583530581,0.010015082388140497,0.5,3.2846155166625977,16.0,-0.2829585373401642,-0.29172512888908386,0.07769809663295746,100000
242,-4.085722923278809,15891.978515625,0.96875,3.6390061378479004,1224161.0,-6237.9970703125,0.9998779296875,0.8275164547782742,0.009986262134158467,0.5,2.432846784591675,11.76475715637207,-0.8138324022293091,-0.8264413475990295,0.07242222875356674,100000
243,-4.283764839172363,139183.84375,0.96875,3.944744825363159,10721323.0,-5819.38134765625,0.9906005859375,0.8262413191163974,0.009957524815793678,0.5,2.9171600341796875,16.0,-0.22206063568592072,-0.23057697713375092,0.06968062371015549,100000
244,-0.9535099267959595,0.9535099267959595,1.0,3.0091629028320312,81.08122253417969,-1430.5087890625,1.0,0.8249681483350336,0.009928870194383536,0.5,2.973949432373047,16.0,-0.25427770614624023,-0.26023662090301514,0.06160963326692581,100000
245,-1.0767199993133545,1.0767199993133545,1.0,3.285090446472168,88.44662475585938,-66.99004364013672,1.0,0.8236969394064615,0.009900298031952241,0.5,3.614072561264038,16.0,-0.37876322865486145,-0.38383394479751587,0.06304236501455307,100000
246,-7.070537090301514,233773.75,0.9375,4.25325870513916,18007576.0,-123924.65625,0.9686279296875,0.8224276893076251,0.009871808091208814,0.5,4.438752174377441,16.0,-0.5219436883926392,-0.5269659161567688,0.0600094236433506,100000
247,-4.101006031036377,70716.71875,0.96875,3.728573799133301,5447307.5,-69487.765625,0.9993896484375,0.8211603950201272,0.009843400135545122,0.5,4.332122802734375,16.0,-0.5402566194534302,-0.5449058413505554,0.05031805485486984,100000
248,-4.20922327041626,163058.28125,0.96875,3.5730459690093994,12560372.0,-102.9659652709961,0.97021484375,0.8198950535302209,0.00981507392903392,0.5,3.79304575920105,16.0,-0.4609448313713074,-0.4657886326313019,0.067557193338871,100000
249,-1.3564269542694092,1.3564269542694092,1.0,3.1827526092529297,110.78074645996094,-463.78363037109375,0.999755859375,0.818631661828804,0.009786829236426884,0.5,3.5601003170013428,16.0,-0.31372010707855225,-0.3184254765510559,0.054111048579216,100000
250,-3.8051207065582275,163057.859375,0.96875,3.512420177459717,12560342.0,-314.6833190917969,0.9691162109375,0.8173702169114107,0.009758665823152662,0.5,3.2146811485290527,16.0,-0.545177698135376,-0.5509089231491089,0.05244486778974533,100000
251,-1.182938814163208,1.182938814163208,1.0,3.3588027954101562,96.06084442138672,-428.25714111328125,0.999755859375,0.8161107157782048,0.009730583455314924,0.5,3.8636295795440674,16.0,-0.3022390902042389,-0.3085072338581085,0.05659232288599014,100000
252,-7.262293815612793,326115.375,0.9375,4.338710308074951,25120648.0,-124782.703125,0.9376220703125,0.8148531554339729,0.009702581899690418,0.5,3.5915403366088867,16.0,-0.5366843938827515,-0.5430088043212891,0.05920787528157234,100000
253,-7.160037517547607,233773.859375,0.9375,4.367624282836914,18007584.0,-61938.171875,0.9686279296875,0.8135975328881164,0.009674660923727037,0.5,3.7872202396392822,16.0,-0.18574143946170807,-0.1909988522529602,0.03923315554857254,100000
254,-1.040039300918579,1.040039300918579,1.0,3.3459224700927734,85.15252685546875,-7.024056434631348,1.0,0.8123438451546457,0.00964682029554189,0.5,4.350005149841309,16.0,-0.2918155789375305,-0.2954443693161011,0.06032495200634003,100000
255,-4.2576775550842285,163058.3125,0.96875,3.6957788467407227,12560375.0,-239.83956909179688,0.9686279296875,0.811092089252172,0.009619059783919363,0.5,3.8199622631073,16.0,-0.3275682330131531,-0.33300867676734924,0.05157560855150223,100000
256,-4.383284091949463,163058.453125,0.96875,4.039402008056641,12560382.0,-405.12396240234375,0.9681396484375,0.8098422622039005,0.009591379158309215,0.5,3.6535282135009766,16.0,-0.28405502438545227,-0.28910574316978455,0.049376558512449265,100000
257,-0.8595715165138245,0.8595715165138245,1.0,3.1354856491088867,72.8720932006836,-32813.484375,0.9892578125,0.8085943610376235,0.009563778188824654,0.5,2.3372387886047363,16.0,-0.3378312587738037,-0.34731584787368774,0.04843588545918465,100000
258,-0.7350842952728271,0.7350842952728271,1.0,3.0978846549987793,63.572486877441406,-1296.787109375,1.0,0.8073483827857134,0.009536256646240429,0.5,3.191981554031372,16.0,-0.8443459868431091,-0.8525812029838562,0.05858767032623291,100000
259,-1.1161855459213257,1.1161855459213257,1.0,3.2354063987731934,91.86936950683594,-763.861083984375,0.9996337890625,0.806104324485115,0.009508814301990926,0.5,3.5777533054351807,16.0,-0.3927345275878906,-0.39874958992004395,0.05427788570523262,100000
260,-4.042810440063477,163058.109375,0.96875,3.4275965690612793,12560361.0,-18.663665771484375,0.966796875,0.8048621831773394,0.009481450928168276,0.5,3.7452754974365234,16.0,-0.603610634803772,-0.60946124792099,0.0470050685107708,100000
261,-1.3755168914794922,1.3755168914794922,1.0,3.3183138370513916,111.20701599121094,-39.431480407714844,1.0,0.8036219559084563,0.009454166297520447,0.5,3.100931167602539,16.0,-0.7619186043739319,-0.7678395509719849,0.04136285185813904,100000
262,-0.8578104972839355,0.8578104972839355,1.0,3.0133135318756104,73.67753601074219,-1069.64306640625,1.0,0.8023836397290871,0.009426960183449379,0.5,2.7335965633392334,16.0,0.017025243490934372,0.011693965643644333,0.05694747343659401,100000
263,-1.1478139162063599,1.1478139162063599,1.0,3.0965700149536133,95.37516784667969,-22.630159378051758,0.999755859375,0.8011472316943983,0.009399832360009082,0.5,2.0672237873077393,16.0,-0.6359851956367493,-0.6446504592895508,0.047727424651384354,100000
264,-0.847895622253418,0.847895622253418,1.0,3.1248936653137207,72.05429077148438,-481776.875,0.9969482421875,0.7999127288640938,0.00937278260190377,0.5,3.912673234939575,16.0,-0.5295336246490479,-0.5341361165046692,0.0479767844080925,100000
265,-4.071529865264893,15729.734375,0.96875,3.6131303310394287,1211663.375,-59.45466995239258,0.999755859375,0.7986801283024081,0.009345810684485985,0.5,3.4125964641571045,16.0,-0.13339126110076904,-0.14051006734371185,0.047272779047489166,100000
266,-23.335046768188477,86461.6171875,0.9375,3.939077377319336,6660134.0,-505.6151123046875,0.999755859375,0.7974494270781,0.009318916383754738,0.5,2.5420608520507812,16.0,-0.5069275498390198,-0.5140010118484497,0.05163715034723282,100000
267,-3.9868388175964355,163058.03125,0.96875,3.666520595550537,12560355.0,-1253.2020263671875,0.96875,0.7962206222644446,0.009292099476353642,0.5,4.050933837890625,16.0,-0.4396337866783142,-0.444276362657547,0.05588318780064583,100000
268,-0.6489746570587158,0.6489746570587158,1.0,3.0099947452545166,57.616485595703125,-463.62847900390625,1.0,0.7949937109392272,0.009265359739569058,0.5,2.9448328018188477,16.0,-0.11525418609380722,-0.11922454088926315,0.054643549025058746,100000
269,-4.465085506439209,142115.875,0.96875,4.653675079345703,10947172.0,-143537.859375,0.999755859375,0.793768690184736,0.009238696951328245,0.5,3.7983226776123047,16.0,-0.0674976259469986,-0.0767938643693924,0.048915695399045944,100000
270,-0.7920105457305908,0.7920105457305908,1.0,3.0748367309570312,68.13505554199219,-81.26604461669922,1.0,0.7925455570877549,0.009212110890197524,0.5,2.346348285675049,11.76475715637207,-0.5044209957122803,-0.5141896605491638,0.03553631901741028,100000
271,-4.141476154327393,1700.1597900390625,0.96875,3.6138689517974854,130966.171875,-952.1845092773438,0.9974365234375,0.7913243087395568,0.009185601335380432,0.5,3.0058321952819824,16.0,-0.5237260460853577,-0.5308375358581543,0.04767700657248497,100000
272,-4.006171703338623,163058.0625,0.96875,3.632094621658325,12560357.0,-15.397331237792969,0.96875,0.7901049422358971,0.009159168066715878,0.5,3.574051856994629,16.0,-0.384653776884079,-0.3884255588054657,0.04358483478426933,100000
273,-1.0091992616653442,1.0091992616653442,1.0,3.453622579574585,81.94731140136719,-3565.63916015625,0.9998779296875,0.7888874546770062,0.009132810864676339,0.5,4.782978534698486,16.0,-0.22222766280174255,-0.2252732515335083,0.03946657106280327,100000
274,-4.425315856933594,163058.5,0.96875,3.7582662105560303,12560389.0,-66.6241455078125,0.96875,0.7876718431675825,0.009106529510366014,0.5,4.194737434387207,16.0,-0.1688195914030075,-0.17350736260414124,0.03732290118932724,100000
275,-0.8468494415283203,0.8468494415283203,1.0,2.933692455291748,73.44651794433594,-271.28460693359375,0.970947265625,0.7864581048167864,0.009080323785519017,0.5,2.5810928344726562,11.76475715637207,-0.5522499084472656,-0.561029851436615,0.046390075236558914,100000
276,-1.1794682741165161,1.1794682741165161,1.0,3.42763614654541,95.26329040527344,-99982.703125,0.9998779296875,0.7852462367382324,0.009054193472497564,0.5,3.5422940254211426,16.0,-0.3812686800956726,-0.38778188824653625,0.05030006542801857,100000
277,-6.2077765464782715,1129077.75,0.96875,3.8532848358154297,86972800.0,-6819.36767578125,0.9967041015625,0.7840362360499828,0.009028138354290166,0.5,3.862520933151245,16.0,-0.2287069410085678,-0.23210793733596802,0.05354247987270355,100000
278,-6.269434928894043,6.269434928894043,1.0,3.4926743507385254,486.8421325683594,-373.4230041503906,1.0,0.782828099874541,0.009002158214509823,0.5,2.53134822845459,11.76475715637207,-0.3678078055381775,-0.3735353946685791,0.0703195258975029,100000
279,-0.7505741119384766,0.7505741119384766,1.0,3.039163827896118,65.21800231933594,-49.847496032714844,1.0,0.7816218253388441,0.008976252837392224,0.5,2.61104154586792,16.0,-0.29756373167037964,-0.3038973808288574,0.049831222742795944,100000
280,-0.7457832098007202,0.7457832098007202,1.0,2.894648551940918,65.962158203125,-1496.9376220703125,1.0,0.7804174095742562,0.008950422007793966,0.5,2.8951940536499023,16.0,-0.15333667397499084,-0.15785135328769684,0.04992954432964325,100000
281,-4.286566734313965,163058.359375,0.96875,3.557860851287842,12560379.0,-1846.7818603515625,0.96875,0.7792148497165621,0.008924665511190758,0.5,1.8211078643798828,12.530241012573242,-0.2059476226568222,-0.21426326036453247,0.043374769389629364,100000
282,-7.073188781738281,233773.78125,0.9375,4.233760356903076,18007576.0,-67.45226287841797,0.96875,0.7780141429059599,0.008898983133675646,0.5,3.7132019996643066,16.0,-0.20571500062942505,-0.21048322319984436,0.03878248855471611,100000
283,-4.379904747009277,70717.0,0.96875,3.906007766723633,5447327.5,-290577.5,0.99951171875,0.7768152862870547,0.008873374661957225,0.5,4.42387580871582,16.0,-0.2128504514694214,-0.21755807101726532,0.04783223941922188,100000
284,-6.978342056274414,9182256.0,0.9375,4.08177375793457,707308736.0,-14983.4404296875,0.9677734375,0.7756182770088511,0.008847839883357883,0.5,2.974886417388916,16.0,-0.06643396615982056,-0.07208780944347382,0.04192611202597618,100000
285,-4.054217338562012,163058.109375,0.96875,3.5382285118103027,12560360.0,-11.520225524902344,0.968017578125,0.7744231122247474,0.008822378585812026,0.5,3.2146008014678955,16.0,-0.12847763299942017,-0.13228775560855865,0.06894423067569733,100000
286,-7.62041711807251,326115.75,0.9375,4.294992446899414,25120674.0,-511.5716857910156,0.9375,0.7732297890925276,0.008796990557864317,0.5,2.7336723804473877,16.0,-0.15713265538215637,-0.16119688749313354,0.06620965152978897,100000
287,-0.8522306680679321,0.8522306680679321,1.0,3.240140914916992,71.50047302246094,-911.7379150390625,0.999755859375,0.7720383047743559,0.008771675588667916,0.5,3.494260787963867,16.0,-0.1385829597711563,-0.14220072329044342,0.049429018050432205,100000
288,-7.174137115478516,178616.078125,0.9375,4.361453056335449,13758784.0,-245.8964080810547,0.9686279296875,0.7708486564367689,0.008746433467982744,0.5,3.875340700149536,16.0,-0.4689050316810608,-0.47315794229507446,0.05133495107293129,100000
289,-1.6080653667449951,1.6080653667449951,1.0,3.138482093811035,130.5054473876953,-63692.00390625,0.9964599609375,0.7696608412506701,0.008721263986173717,0.5,1.9827361106872559,16.0,-0.09298455715179443,-0.1027863398194313,0.0535358227789402,100000
290,-0.5987834930419922,0.5987834930419922,1.0,3.1189215183258057,52.91120529174805,-4715.49658203125,0.9991455078125,0.7684748563913215,0.008696166934209023,0.5,1.9144355058670044,16.0,-0.2674753963947296,-0.27438420057296753,0.05654198303818703,100000
291,-3.867347478866577,163057.921875,0.96875,3.598036289215088,12560346.0,-1192.9390869140625,0.9697265625,0.7672906990383382,0.00867114210365837,0.5,2.9283952713012695,16.0,-0.2846207618713379,-0.2893831729888916,0.055492352694272995,100000
292,-4.362238883972168,70717.0,0.96875,3.7463674545288086,5447327.5,-105.98133087158203,0.998291015625,0.7661083663756817,0.008646189286691267,0.5,3.603980779647827,16.0,-0.4175160527229309,-0.4234910011291504,0.060711055994033813,100000
293,-4.0701375007629395,327.0222473144531,0.96875,3.601447105407715,25193.576171875,-232.1311798095703,0.9996337890625,0.7649278555916519,0.008621308276075294,0.5,3.558580160140991,16.0,-0.3450460433959961,-0.3516141474246979,0.05305385962128639,100000
294,-4.206538200378418,150063.234375,0.96875,3.952855110168457,11559363.0,-211.21035766601562,0.97119140625,0.7637491638788819,0.008596498865174383,0.5,3.0852861404418945,16.0,-0.34558600187301636,-0.3518766462802887,0.04900083318352699,100000
295,-1.1152403354644775,1.1152403354644775,1.0,3.2309188842773438,91.83112335205078,-5157.42724609375,0.9998779296875,0.7625722884343308,0.00857176084794709,0.5,3.474503755569458,16.0,-0.3812420964241028,-0.3867165744304657,0.06162998825311661,100000
296,-0.9239753484725952,0.9239753484725952,1.0,2.9509122371673584,79.2548828125,-185.91188049316406,1.0,0.7613972264592765,0.008547094018944905,0.5,2.8273820877075195,16.0,-0.41482973098754883,-0.41904759407043457,0.056331682950258255,100000
297,-1.7116971015930176,1.7116971015930176,1.0,3.089646339416504,138.8643798828125,-2128256.25,1.0,0.7602239751593101,0.008522498173310524,0.5,2.105015277862549,16.0,-0.3557661771774292,-0.36211055517196655,0.047712333500385284,100000
298,-4.222658634185791,163058.28125,0.96875,3.6681127548217773,12560372.0,-144.00473022460938,0.96923828125,0.7590525317443277,0.008497973106776168,0.5,2.9807486534118652,16.0,-0.22171872854232788,-0.22552385926246643,0.04703040421009064,100000
299,-0.943318247795105,0.943318247795105,1.0,3.1065220832824707,79.54621124267578,-54.27440643310547,0.9998779296875,0.757882893428526,0.00847351861566187,0.5,2.7809619903564453,12.530241012573242,-0.2744050920009613,-0.2788126468658447,0.048543114215135574,100000
300,-3.811929941177368,70754.40625,0.96875,3.422506809234619,5450212.5,-6.474837779998779,0.9998779296875,0.7567150574303935,0.008449134496873787,0.5,3.511500358581543,16.0,-0.339746356010437,-0.3442348539829254,0.044795773923397064,100000
301,-4.086679935455322,163058.140625,0.96875,3.8892955780029297,12560360.0,-8272.216796875,0.9683837890625,0.7555490209727048,0.008424820547902525,0.5,3.8609464168548584,16.0,-0.12663398683071136,-0.12972448766231537,0.05341706424951553,100000
302,-1.4041576385498047,1.4041576385498047,1.0,3.5382306575775146,111.71918487548828,-64.61862182617188,1.0,0.7543847812825146,0.00840057656682144,0.5,5.0318193435668945,16.0,-0.057863518595695496,-0.059709686785936356,0.047444771975278854,100000
303,-0.8196378350257874,0.8196378350257874,1.0,3.0733118057250977,70.27493286132812,-1.8258602619171143,1.0,0.7532223355911498,0.008376402352284974,0.5,3.286816120147705,16.0,-0.3099411129951477,-0.31381312012672424,0.04743713513016701,100000
304,-13.242412567138672,163067.3125,0.96875,3.7571001052856445,12561067.0,-1325.970458984375,0.96875,0.752061681134204,0.008352297703526976,0.5,3.317007541656494,12.530241012573242,-0.2661345899105072,-0.2721865177154541,0.06011519208550453,100000
305,-5.133989334106445,53082984.0,0.96875,3.957029342651367,4088979200.0,-1672.0423583984375,0.9998779296875,0.7509028151515303,0.008328262420359037,0.5,2.6121585369110107,16.0,-0.5297279357910156,-0.5369974374771118,0.06394132226705551,100000
306,-3.9461283683776855,2237468.75,0.96875,3.9178736209869385,172352096.0,-744.5621337890625,0.999755859375,0.7497457348872351,0.008304296303168831,0.5,4.17670202255249,16.0,-0.13006392121315002,-0.132683664560318,0.049800433218479156,100000
307,-1.000162124633789,1.000162124633789,1.0,2.8548221588134766,85.86373901367188,-14130.96875,0.9998779296875,0.7485904375896715,0.008280399152918448,0.5,2.8935394287109375,16.0,-0.19806423783302307,-0.20209529995918274,0.06121675297617912,100000
308,-1.6489837169647217,1.6489837169647217,1.0,3.5569729804992676,130.4337615966797,-2502.6982421875,1.0,0.7474369205114325,0.008256570771142748,0.5,4.135829448699951,16.0,-0.36029794812202454,-0.36350324749946594,0.060848042368888855,100000
309,-0.769895076751709,0.769895076751709,1.0,2.7774229049682617,68.72247314453125,-65.31594848632812,1.0,0.7462851809093446,0.00823281095994771,0.5,3.0400447845458984,16.0,-0.27502530813217163,-0.2790878117084503,0.0625351145863533,100000
310,-0.6284706592559814,0.6284706592559814,1.0,2.9596261978149414,56.425048828125,-12.38364028930664,0.9981689453125,0.7451352160444613,0.008209119522008798,0.5,2.401982545852661,16.0,-0.27237027883529663,-0.2776924967765808,0.044673968106508255,100000
311,-4.942918300628662,70717.5703125,0.96875,3.419445753097534,5447375.0,-417.68389892578125,0.998779296875,0.743987023182057,0.0081854962605693,0.5,2.3275413513183594,16.0,-0.42106854915618896,-0.4259307384490967,0.049719590693712234,100000
312,-4.029049873352051,70716.6484375,0.96875,3.527249574661255,5447303.0,-483.3460998535156,0.9991455078125,0.7428405995916194,0.008161940979438719,0.5,3.8116536140441895,16.0,-0.17217189073562622,-0.17480280995368958,0.05197262018918991,100000
313,-0.8657379746437073,0.8657379746437073,1.0,3.329115867614746,71.8555679321289,-37.72024917602539,0.985107421875,0.7416959425468443,0.00813845348299113,0.5,3.3482847213745117,16.0,-0.1074131429195404,-0.11053954064846039,0.04608919471502304,100000
314,-12.957758903503418,375204.875,0.875,4.557204246520996,28902006.0,-336815.1875,0.9678955078125,0.7405530493256283,0.008115033576163553,0.5,1.9988456964492798,12.530241012573242,0.06350161880254745,0.05749496445059776,0.062161725014448166,100000
315,-1.1223318576812744,1.1223318576812744,1.0,3.3089122772216797,91.776611328125,-214.9777374267578,1.0,0.7394119172100625,0.008091681064454345,0.5,3.73883318901062,16.0,-0.1222042590379715,-0.12641701102256775,0.048201192170381546,100000
316,-1.1525095701217651,1.1525095701217651,1.0,3.321277618408203,94.00594329833984,-650.7403564453125,1.0,0.7382725434864259,0.008068395753921572,0.5,3.7271952629089355,16.0,-0.17180559039115906,-0.1756468117237091,0.056480057537555695,100000
317,-3.8822178840637207,163057.9375,0.96875,3.4890613555908203,12560347.0,-16.562978744506836,0.96875,0.7371349254451794,0.008045177451181404,0.5,3.1707417964935303,16.0,-0.4786856770515442,-0.4830910563468933,0.041544605046510696,100000
318,-3.8488378524780273,163057.90625,0.96875,3.3378303050994873,12560346.0,-57.1447639465332,0.96875,0.7359990603809591,0.008022025963406513,0.5,2.492157459259033,12.530241012573242,-0.2629113793373108,-0.2685154378414154,0.04407922923564911,100000
319,-4.160833358764648,2997.51318359375,0.96875,3.4953548908233643,230902.171875,-104.2585220336914,0.9998779296875,0.7348649455925697,0.007998941098324464,0.5,3.1179111003875732,16.0,-1.1411117315292358,-1.1457306146621704,0.03972911089658737,100000
320,-0.8564023971557617,0.8564023971557617,1.0,3.3374826908111572,71.07199096679688,-20.73312759399414,1.0,0.7337325783829783,0.007975922664216123,0.5,3.28303599357605,16.0,-0.23286186158657074,-0.23662106692790985,0.04602959379553795,100000
321,-0.8382090330123901,0.8382090330123901,1.0,2.9098711013793945,72.96444702148438,-3508.3955078125,1.0,0.7326019560593078,0.007952970469914063,0.5,3.0069456100463867,16.0,-0.17390795052051544,-0.1782870590686798,0.03592094033956528,100000
322,-4.4519195556640625,163058.53125,0.96875,3.481417655944824,12560391.0,-433.0211181640625,0.96875,0.7314730759328306,0.007930084324800975,0.5,2.748432159423828,11.76475715637207,-0.8008570671081543,-0.809241771697998,0.04524360969662666,100000
323,-6.110633850097656,163060.171875,0.96875,3.8815488815307617,12560516.0,-5705.14013671875,0.968017578125,0.7303459353189627,0.00790726403880809,0.5,4.321789741516113,16.0,-0.2821415662765503,-0.28557610511779785,0.04680628329515457,100000
324,-1.0628763437271118,1.0628763437271118,1.0,3.182063579559326,88.17386627197266,-639.1028442382812,0.998291015625,0.729220531537256,0.00788450942241359,0.5,3.50711727142334,16.0,-0.3816351592540741,-0.38528531789779663,0.045808035880327225,100000
325,-4.857536792755127,163058.921875,0.96875,3.787447929382324,12560421.0,-31427.826171875,0.9609375,0.7280968619113931,0.007861820286641051,0.5,2.6162729263305664,16.0,-0.21963363885879517,-0.2255292683839798,0.049015991389751434,100000
326,-3.94364070892334,70716.5703125,0.96875,3.5708389282226562,5447296.0,-4155.16162109375,0.998779296875,0.7269749237691813,0.00783919644305786,0.5,3.6724534034729004,16.0,-0.3800220191478729,-0.38351136445999146,0.04279765859246254,100000
327,-15.932140350341797,15.932140350341797,1.0,3.397606372833252,1231.89208984375,-1210.65576171875,1.0,0.7258547144425441,0.007816637703773647,0.5,3.307939052581787,16.0,-0.13377664983272552,-0.1377299427986145,0.03196220472455025,100000
328,-1.4799307584762573,1.4799307584762573,1.0,3.3424720764160156,119.06391143798828,-1630.32275390625,0.9998779296875,0.7247362312675176,0.007794143881438741,0.5,3.599221706390381,16.0,-0.2505360245704651,-0.25483238697052,0.041410934180021286,100000
329,-6.828482627868652,326115.0,0.9375,3.7506353855133057,25120616.0,-5199.4521484375,0.9375,0.7236194715842421,0.0077717147892426,0.5,1.7395416498184204,12.530241012573242,-0.22063635289669037,-0.22646254301071167,0.04826323688030243,100000
330,-4.1097259521484375,163058.171875,0.96875,3.62884521484375,12560365.0,-1469.826416015625,0.9686279296875,0.7225044327369569,0.007749350240912263,0.5,2.6129608154296875,16.0,-0.5177444219589233,-0.522028386592865,0.03852459415793419,100000
331,-0.8306702375411987,0.8306702375411987,1.0,3.0853118896484375,71.03231811523438,-61997.890625,0.9940185546875,0.7213911120739933,0.0077270500507108045,0.5,2.8401172161102295,16.0,-0.14454194903373718,-0.14956359565258026,0.03898955136537552,100000
332,-9890.3564453125,9890.3564453125,1.0,3.3698437213897705,761858.5,-983499.1875,1.0,0.7202795069477689,0.007704814033435793,0.5,2.564042568206787,16.0,-0.23940373957157135,-0.24334996938705444,0.04810202494263649,100000
333,-4.239891529083252,163058.3125,0.96875,3.978289842605591,12560372.0,-359.4123229980469,0.968505859375,0.7191696147147809,0.00768264200441775,0.5,3.538989782333374,16.0,-0.5284469127655029,-0.5314699411392212,0.04606457054615021,100000
334,-4.177604675292969,163058.234375,0.96875,4.056795597076416,12560366.0,-2501.02880859375,0.9686279296875,0.7180614327356,0.0076605337795186195,0.5,4.836938858032227,16.0,-0.3550099730491638,-0.35686561465263367,0.04368447884917259,100000
335,-1.9446618556976318,1.9446618556976318,1.0,3.3616700172424316,154.7142333984375,-1265.6868896484375,0.9991455078125,0.7169549583748637,0.007638489175130233,0.5,3.3956031799316406,16.0,-0.3897063732147217,-0.39345377683639526,0.046601954847574234,100000
336,-1.0889379978179932,1.0889379978179932,1.0,3.2007296085357666,90.03760528564453,-39.38396072387695,1.0,0.7158501890012707,0.007616508008172791,0.5,4.294726371765137,16.0,-0.056326061487197876,-0.05887173116207123,0.05354524031281471,100000
337,-33.96255111694336,326142.0625,0.9375,4.093966484069824,25122704.0,-364.3898620605469,0.937255859375,0.7147471219875745,0.007594590096093341,0.5,2.560978651046753,12.530241012573242,-0.2864738404750824,-0.2907164990901947,0.034196753054857254,100000
338,-1.0399671792984009,1.0399671792984009,1.0,3.0714190006256104,87.261474609375,-2794.962890625,1.0,0.7136457547105765,0.007572735256864258,0.5,1.8802342414855957,12.530241012573242,-0.2618928551673889,-0.26918932795524597,0.04633698612451553,100000
339,-4.421590805053711,163058.484375,0.96875,3.6508398056030273,12560387.0,-236.61891174316406,0.96875,0.7125460845511206,0.007550943308981737,0.5,2.7873353958129883,16.0,-0.5265806913375854,-0.5295606851577759,0.03980740159749985,100000
340,-0.8688342571258545,0.8688342571258545,1.0,2.9930057525634766,74.6831283569336,-734.7920532226562,0.985107421875,0.7114481088940862,0.007529214071464284,0.5,3.7158522605895996,12.530241012573242,-0.06647178530693054,-0.07000149041414261,0.044594958424568176,100000
341,-3.826294422149658,163057.890625,0.96875,3.7010650634765625,12560342.0,-1069138.125,0.968505859375,0.710351825128383,0.00750754736385121,0.5,2.419783353805542,16.0,-0.2043866217136383,-0.2083224207162857,0.04506806284189224,100000
342,-1.3718788623809814,1.3718788623809814,1.0,3.2594475746154785,111.38023376464844,-4877.42626953125,0.9993896484375,0.7092572306469437,0.007485943006201139,0.5,2.851147413253784,16.0,-0.34132665395736694,-0.3441915512084961,0.04643196240067482,100000
343,-16.01277732849121,16.01277732849121,1.0,3.2957923412323,1238.8878173828125,-296343.03125,1.0,0.7081643228467185,0.007464400819090507,0.5,2.8332912921905518,16.0,-0.1896076500415802,-0.19242991507053375,0.03800508379936218,100000
344,-1.1556460857391357,1.1556460857391357,1.0,3.1022329330444336,95.93484497070312,-90.43854522705078,1.0,0.7070730991286684,0.007442920623612074,0.5,3.5294437408447266,12.530241012573242,-0.5401042699813843,-0.5434715747833252,0.05337515100836754,100000
345,-0.5459889769554138,0.5459889769554138,1.0,2.944737434387207,50.18618392944336,-9.676740646362305,1.0,0.7059835568977598,0.0074215022413734386,0.5,2.5438220500946045,16.0,-0.15977466106414795,-0.1630784124135971,0.04736872762441635,100000
346,-1.3614237308502197,1.3614237308502197,1.0,3.1373238563537598,111.51559448242188,-1260.295166015625,0.97265625,0.7048956935629573,0.007400145494495563,0.5,3.0464930534362793,16.0,-0.23313632607460022,-0.2354235053062439,0.04040756821632385,100000
347,-3.8551273345947266,163057.921875,0.96875,3.9173502922058105,12560343.0,-85.81318664550781,0.9688720703125,0.7038095065372186,0.007378850205611281,0.5,3.302464008331299,16.0,-0.15434497594833374,-0.15615293383598328,0.04964889585971832,100000
348,-1.577303171157837,1.577303171157837,1.0,3.3409900665283203,126.57592010498047,-11.173425674438477,0.9996337890625,0.7027249932374874,0.0073576161978638355,0.5,4.642848014831543,16.0,-0.2000989019870758,-0.20248502492904663,0.040792953222990036,100000
349,-10.430694580078125,489172.625,0.90625,4.6466264724731445,37680932.0,-2599.474365234375,0.9088134765625,0.7016421510846875,0.00733644329490541,0.5,3.0627119541168213,16.0,-0.2505359947681427,-0.2535664141178131,0.04086051508784294,100000
350,-0.9150885343551636,0.9150885343551636,1.0,3.0551671981811523,77.76725769042969,-83.61961364746094,1.0,0.7005609775037178,0.007315331320895658,0.5,2.258692741394043,16.0,-0.3305017054080963,-0.3356803357601166,0.03884968161582947,100000
351,-3.9957685470581055,163058.046875,0.96875,3.3912458419799805,12560358.0,-638.1392822265625,0.9609375,0.6994814699234443,0.007294280100500249,0.5,2.8045616149902344,12.530241012573242,0.16016286611557007,0.15732719004154205,0.04092787206172943,100000
352,-0.9576274156570435,0.9576274156570435,1.0,3.1984148025512695,79.94059753417969,-93.77356719970703,1.0,0.6984036257766949,0.007273289458889408,0.5,2.995184898376465,16.0,-0.2598816156387329,-0.2624063491821289,0.048072125762701035,100000
353,-1.200208067893982,1.200208067893982,1.0,3.5117101669311523,96.2132568359375,-10.255273818969727,1.0,0.6973274425002541,0.007252359221736468,0.5,4.091325759887695,16.0,-0.11074790358543396,-0.11356434971094131,0.03770540654659271,100000
354,-7.423720836639404,41188196.0,0.9375,5.0436296463012695,3172724480.0,-937.1846313476562,0.9583740234375,0.6962529175348555,0.007231489215216414,0.5,4.409786224365234,16.0,-0.3115166425704956,-0.31375786662101746,0.04260455071926117,100000
355,-3.9492714405059814,163058.0,0.96875,3.4520204067230225,12560352.0,-431.6253356933594,0.968017578125,0.6951800483251763,0.007210679266004449,0.5,3.2899789810180664,12.530241012573242,-0.04254460334777832,-0.04614531993865967,0.05534939840435982,100000
356,-4.905393123626709,38170.21484375,0.96875,4.057038307189941,2940249.0,-2026.3497314453125,0.9998779296875,0.6941088323198316,0.007189929201274547,0.5,4.899980545043945,16.0,-0.14543722569942474,-0.146913543343544,0.04900946840643883,100000
357,-0.9144620895385742,0.9144620895385742,1.0,3.101135015487671,77.36491394042969,-703.1199951171875,0.9998779296875,0.6930392669713674,0.007169238848698024,0.5,2.7000770568847656,16.0,-0.03988068550825119,-0.0448194220662117,0.05080171301960945,100000
358,-2.0238234996795654,2.0238234996795654,1.0,3.7976791858673096,157.4534912109375,-7630.48876953125,0.9998779296875,0.6919713497362558,0.007148608036442101,0.5,4.837584495544434,16.0,-0.21825841069221497,-0.22003573179244995,0.05256320908665657,100000
359,-4.149465560913086,163058.21875,0.96875,3.605785846710205,12560368.0,-3005.1767578125,0.9688720703125,0.6909050780748879,0.007128036593168482,0.5,3.8330554962158203,16.0,-0.09503310918807983,-0.09670741111040115,0.04375492036342621,100000
360,-4.881949424743652,167498.203125,0.96875,3.5823280811309814,12902379.0,-1121.160400390625,0.999755859375,0.6898404494515681,0.0071075243480319275,0.5,3.199368715286255,16.0,-0.27336585521698,-0.275635689496994,0.04896080866456032,100000
361,-3.963958263397217,163058.03125,0.96875,3.497549295425415,12560354.0,-5831.55712890625,0.96875,0.6887774613345081,0.007087071130678837,0.5,2.547146797180176,16.0,-0.24106678366661072,-0.2459586262702942,0.048637017607688904,100000
362,-4.046265602111816,163058.09375,0.96875,3.4626550674438477,12560360.0,-1511.224853515625,0.96875,0.6877161111958212,0.007066676771245834,0.5,2.294550657272339,16.0,-0.26885753870010376,-0.27313411235809326,0.0415014810860157,100000
363,-4.653915882110596,163058.734375,0.96875,3.871211051940918,12560404.0,-15470.443359375,0.95458984375,0.6866563965115157,0.007046341100358353,0.5,3.3335561752319336,16.0,-0.07963702827692032,-0.08212345093488693,0.04517742246389389,100000
364,-0.9837448596954346,0.9837448596954346,1.0,3.2523837089538574,81.53669738769531,-78446.453125,1.0,0.685598314761489,0.0070260639491292395,0.5,3.178069591522217,16.0,-0.2695528268814087,-0.2741093337535858,0.03651416301727295,100000
365,-4.11225700378418,70754.7109375,0.96875,3.7236409187316895,5450233.0,-125949.3046875,0.9989013671875,0.6845418634295221,0.007005845149157342,0.5,4.720463752746582,16.0,-0.21751663088798523,-0.2198784053325653,0.037168316543102264,100000
366,-10.086420059204102,304565.375,0.90625,4.450708866119385,23460646.0,-123746.890625,0.9661865234375,0.6834870400032731,0.00698568453252611,0.5,3.177523136138916,16.0,-0.24574539065361023,-0.24920322000980377,0.0373975932598114,100000
367,-3.9234914779663086,163057.984375,0.96875,3.3875794410705566,12560352.0,-4.879273414611816,0.96875,0.6824338419742716,0.00696558193180221,0.5,3.0464253425598145,12.530241012573242,-0.1719689667224884,-0.17457066476345062,0.04480493441224098,100000
368,-4.361003398895264,379.5484313964844,0.96875,3.1816723346710205,29242.896484375,-944.1315307617188,0.9915771484375,0.6813822668379123,0.006945537180034126,0.5,1.6143717765808105,12.530241012573242,-0.18101489543914795,-0.1864173263311386,0.04264090955257416,100000
369,-0.9120997190475464,0.9120997190475464,1.0,3.3017635345458984,75.63750457763672,-52.38457489013672,1.0,0.6803323120934495,0.0069255501107507765,0.5,4.429780960083008,16.0,-0.05070936679840088,-0.052756499499082565,0.03938444331288338,100000
370,-1.4894779920578003,1.4894779920578003,1.0,3.1190967559814453,121.5199966430664,-2376.601806640625,1.0,0.6792839752439909,0.00690562055796013,0.5,3.1243631839752197,12.530241012573242,-0.303191214799881,-0.305807501077652,0.0509323924779892,100000
371,-1.2753849029541016,1.2753849029541016,1.0,3.2370083332061768,104.12014770507812,-277.6637268066406,0.999755859375,0.6782372537964915,0.00688574835614783,0.5,2.7481818199157715,16.0,0.23854975402355194,0.23465952277183533,0.045481398701667786,100000
372,-0.7342532873153687,0.7342532873153687,1.0,3.011323928833008,64.17524719238281,-4297.3525390625,0.9989013671875,0.6771921452617481,0.006865933340275815,0.5,3.0793814659118652,16.0,-0.27807530760765076,-0.28181692957878113,0.05424908176064491,100000
373,-1.2732422351837158,1.2732422351837158,1.0,3.3667056560516357,102.95603942871094,-89.4785385131836,0.9989013671875,0.6761486471543932,0.0068461753457809554,0.5,3.345217704772949,16.0,-0.2856220006942749,-0.28876399993896484,0.05379873886704445,100000
374,-1.6869771480560303,1.6869771480560303,1.0,3.4341471195220947,134.3065185546875,-81470.7734375,1.0,0.6751067569928889,0.00682647420857368,0.5,4.14600944519043,16.0,-0.251594603061676,-0.2533971965312958,0.05269470438361168,100000
375,-0.7445582151412964,0.7445582151412964,1.0,3.0187647342681885,64.91173553466797,-15.089629173278809,0.9976806640625,0.6740664722995213,0.006806829765036615,0.5,2.968660831451416,16.0,-0.4088253080844879,-0.41259831190109253,0.04653149098157883,100000
376,-1.0114470720291138,1.0114470720291138,1.0,3.353224992752075,82.89381408691406,-2271.933349609375,0.9998779296875,0.6730277906003943,0.006787241852023227,0.5,3.6287574768066406,16.0,-0.2772822380065918,-0.27987995743751526,0.04131684452295303,100000
377,-6.916258811950684,326115.0625,0.9375,4.093920707702637,25120622.0,-3.8747992515563965,0.9375,0.6719907094254242,0.006767710306856468,0.5,2.219947576522827,16.0,-0.22138795256614685,-0.2252957820892334,0.04423639550805092,100000
378,-1.4135971069335938,1.4135971069335938,1.0,3.263498306274414,114.56258392333984,-13.03640365600586,1.0,0.6709552263083326,0.006748234967327423,0.5,2.942422866821289,16.0,-0.3872694969177246,-0.3909936845302582,0.040073975920677185,100000
379,-0.9269320368766785,0.9269320368766785,1.0,3.022575855255127,78.93061065673828,-28.425071716308594,1.0,0.6699213387866426,0.006728815671693957,0.5,3.574446678161621,16.0,-0.19231495261192322,-0.19586800038814545,0.03653790056705475,100000
380,-0.6922877430915833,0.6922877430915833,1.0,3.0040650367736816,60.998565673828125,-15754.1337890625,1.0,0.6688890444016711,0.006709452258679389,0.5,2.896557331085205,16.0,-0.12936796247959137,-0.13241806626319885,0.0402638204395771,100000
381,-1.0023456811904907,1.0023456811904907,1.0,3.1458933353424072,83.78981018066406,-2220.75439453125,1.0,0.6678583406985238,0.006690144567471134,0.5,2.0178680419921875,16.0,-0.6440161466598511,-0.6485728025436401,0.04891575872898102,100000
382,-4.492774963378906,163058.546875,0.96875,3.7703371047973633,12560392.0,-72785.9921875,0.95947265625,0.6668292252260891,0.006670892437719377,0.5,3.05415678024292,16.0,-0.27074646949768066,-0.2746167480945587,0.051551274955272675,100000
383,-1.5413646697998047,1.5413646697998047,1.0,3.3245809078216553,123.93399047851562,-18.291065216064453,0.99951171875,0.6658016955370327,0.0066516957095357375,0.5,3.366887331008911,16.0,-0.22386011481285095,-0.22871574759483337,0.04709074646234512,100000
384,-1.0131067037582397,1.0131067037582397,1.0,3.506296396255493,81.84254455566406,-26.19365882873535,1.0,0.6647757491877907,0.006632554223491947,0.5,5.256319046020508,16.0,-0.11670635640621185,-0.11781813949346542,0.045339927077293396,100000
385,-5.17906379699707,5.17906379699707,1.0,3.5467686653137207,402.43426513671875,-243.5946502685547,1.0,0.6637513837385656,0.006613467820618518,0.5,3.8557276725769043,16.0,-0.4595782458782196,-0.46272939443588257,0.03980261832475662,100000
386,-0.9127323627471924,0.9127323627471924,1.0,3.389450788497925,75.01078033447266,-43.23060989379883,1.0,0.6627285967533183,0.006594436342403429,0.5,3.530425786972046,16.0,-0.12690888345241547,-0.1295463740825653,0.029666993767023087,100000
387,-1.0337867736816406,1.0337867736816406,1.0,3.3157215118408203,84.90353393554688,-318.4793701171875,0.9998779296875,0.6617073857997643,0.0065754596307908055,0.5,3.2670915126800537,16.0,-0.20008082687854767,-0.2017604410648346,0.03822963684797287,100000
388,-3.8160359859466553,163057.875,0.96875,3.6534881591796875,12560343.0,-5.688256740570068,0.96875,0.6606877484493666,0.006556537528179609,0.5,2.8606278896331787,16.0,-0.04261898249387741,-0.044778455048799515,0.04719625040888786,100000
389,-0.9724056720733643,0.9724056720733643,1.0,3.1422085762023926,81.51192474365234,-25100.6484375,1.0,0.6596696822773306,0.006537669877422326,0.5,3.7325732707977295,16.0,-0.12587879598140717,-0.1276869922876358,0.04590734466910362,100000
390,-1.7385187149047852,1.7385187149047852,1.0,3.365224838256836,138.8076629638672,-24039.076171875,1.0,0.6586531848625982,0.006518856521823664,0.5,3.9972572326660156,16.0,-0.02416381426155567,-0.02697114460170269,0.043069880455732346,100000
391,-1.0079963207244873,1.0079963207244873,1.0,3.5096371173858643,81.42316436767578,-32346.81640625,1.0,0.6576382537878412,0.0065000973051392505,0.5,4.4674882888793945,16.0,-0.05556406453251839,-0.0569801926612854,0.0411951020359993,100000
392,-4.592709541320801,22.339380264282227,0.96875,4.186063766479492,1719.3677978515625,-9.577950477600098,0.99951171875,0.6566248866394576,0.006481392071574337,0.5,4.363259315490723,16.0,-0.11154748499393463,-0.11298832297325134,0.047341085970401764,100000
393,-0.7424805164337158,0.7424805164337158,1.0,3.025367259979248,64.7008285522461,-88.20303344726562,0.999755859375,0.6556130810075634,0.006462740665782499,0.5,3.2403571605682373,16.0,-0.04900891333818436,-0.051334988325834274,0.04627333953976631,100000
394,-4.509580135345459,163058.578125,0.96875,3.674126148223877,12560394.0,-9.935046195983887,0.96875,0.6546028344859884,0.006444142932864354,0.5,3.594541311264038,16.0,-0.13422906398773193,-0.13699419796466827,0.04244501516222954,100000
395,-1.2425252199172974,1.2425252199172974,1.0,3.5596327781677246,99.10379791259766,-47540.72265625,0.97900390625,0.6535941446722706,0.00642559871836627,0.5,4.5078206062316895,16.0,-0.07101675868034363,-0.0729520246386528,0.04795399680733681,100000
396,-4.249169826507568,163058.3125,0.96875,3.701176404953003,12560374.0,-2519.380126953125,0.96875,0.6525870091676494,0.006407107868279083,0.5,2.76849102973938,16.0,-0.09448890388011932,-0.09806706011295319,0.05382675305008888,100000
397,-4.297435760498047,163058.359375,0.96875,3.8829400539398193,12560376.0,-293.7940368652344,0.96875,0.6515814255770607,0.006388670229036821,0.5,3.5507047176361084,16.0,-0.23658961057662964,-0.23968742787837982,0.05203155428171158,100000
398,-0.7654863595962524,0.7654863595962524,1.0,3.111696720123291,65.80796813964844,-23.394453048706055,0.9969482421875,0.6505773915091309,0.006370285647515424,0.5,2.846853733062744,16.0,-0.20084837079048157,-0.20364026725292206,0.059271667152643204,100000
399,-4.071161270141602,163058.140625,0.96875,3.621237277984619,12560362.0,-116.02357482910156,0.96875,0.6495749045761715,0.0063519539710314744,0.5,2.7741079330444336,16.0,-0.3459526300430298,-0.34880781173706055,0.04170925170183182,100000
400,-0.8122615814208984,0.8122615814208984,1.0,2.9830424785614014,70.40208435058594,-5718.4208984375,0.9998779296875,0.6485739623941731,0.0063336750473409345,0.5,3.40230393409729,16.0,-0.11481338739395142,-0.11657630652189255,0.03557123616337776,100000
401,-1.0862325429916382,1.0862325429916382,1.0,3.335406541824341,88.79178619384766,-759.771484375,1.0,0.6475745625828,0.00631544872463787,0.5,3.894958972930908,16.0,-0.27438855171203613,-0.2763989269733429,0.04374636337161064,100000
402,-0.750451385974884,0.750451385974884,1.0,2.933168888092041,66.0250244140625,-136.48414611816406,1.0,0.6465767027653841,0.006297274851553203,0.5,2.5867021083831787,16.0,-0.12527303397655487,-0.12896263599395752,0.044429730623960495,100000
403,-3.7822375297546387,163057.84375,0.96875,3.5459532737731934,12560339.0,-17794.279296875,0.967529296875,0.64558038056892,0.006279153277153442,0.5,2.272496461868286,16.0,-0.09967824816703796,-0.10340914875268936,0.046035315841436386,100000
404,-10.233044624328613,489172.40625,0.90625,4.5141425132751465,37680920.0,-103.28581237792969,0.9061279296875,0.6445855936240587,0.0062610838509394385,0.5,3.047624111175537,16.0,-0.22254136204719543,-0.22459179162979126,0.04393351823091507,100000
405,-3.9734976291656494,15558.818359375,0.96875,3.921642303466797,1198495.375,-1142.5006103515625,0.9998779296875,0.6435923395651019,0.006243066422845132,0.5,4.2420501708984375,16.0,-0.28232985734939575,-0.2840251922607422,0.040943071246147156,100000
406,-6.972689151763916,315530.59375,0.9375,4.393939018249512,24305300.0,-15769.5791015625,0.955322265625,0.6426006160299969,0.006225100843236306,0.5,3.40594482421875,16.0,-0.1489722728729248,-0.1512177288532257,0.044654324650764465,100000
407,-0.7450337409973145,0.7450337409973145,1.0,2.9151227474212646,65.74671936035156,-64.62481689453125,1.0,0.6416104206603308,0.006207186962909345,0.5,2.3313989639282227,12.530241012573242,-0.16465885937213898,-0.16935986280441284,0.037209972739219666,100000
408,-1.4425389766693115,1.4425389766693115,1.0,3.1176910400390625,117.91511535644531,-630.9568481445312,0.99951171875,0.6406217511013249,0.006189324633089986,0.5,3.2491490840911865,16.0,-0.19507668912410736,-0.19730384647846222,0.033300142735242844,100000
409,-7.259269714355469,326115.40625,0.9375,4.181633472442627,25120648.0,-27813.537109375,0.9349365234375,0.6396346050018288,0.006171513705432106,0.5,2.9360318183898926,16.0,-0.2589348256587982,-0.26203790307044983,0.04260937497019768,100000
410,-1.0442067384719849,1.0442067384719849,1.0,3.248797655105591,86.22169494628906,-1894.298828125,0.9998779296875,0.6386489800143149,0.006153754032016462,0.5,2.968763828277588,16.0,-0.07174982130527496,-0.07501406222581863,0.044788677245378494,100000
411,-0.940311074256897,0.940311074256897,1.0,2.925333023071289,80.71026611328125,-21.4769287109375,0.9998779296875,0.6376648737948732,0.0061360454653494835,0.5,2.9084668159484863,12.530241012573242,-0.08887911587953568,-0.09126105904579163,0.04387727752327919,100000
412,-4.126296520233154,163058.1875,0.96875,3.432621717453003,12560367.0,-3726.915771484375,0.96875,0.6366822840032058,0.00611838785836204,0.5,2.228470802307129,16.0,-0.10516004264354706,-0.10887998342514038,0.03863328695297241,100000
413,-3.9056386947631836,163057.96875,0.96875,3.7028756141662598,12560348.0,-2494.893310546875,0.9686279296875,0.6357012083026202,0.0061007810644082144,0.5,3.6088967323303223,16.0,-0.09203968942165375,-0.0937923789024353,0.034801896661520004,100000
414,-8.757101058959961,8.757101058959961,1.0,3.1907460689544678,680.7926635742188,-344.91094970703125,1.0,0.6347216443600252,0.006083224937264097,0.5,2.8667216300964355,16.0,-0.20953550934791565,-0.21145230531692505,0.03506559878587723,100000
415,-4.02604866027832,15729.6884765625,0.96875,3.356172561645508,1211661.875,-61919.78515625,0.9998779296875,0.6337435898459244,0.006065719331126559,0.5,2.944791793823242,16.0,-0.22338849306106567,-0.22540640830993652,0.03895716741681099,100000
416,-7.065553665161133,233811.734375,0.9375,4.197540283203125,18010504.0,-123926.0859375,0.968017578125,0.6327670424344112,0.006048264100612052,0.5,2.842815399169922,16.0,-0.39554470777511597,-0.39856743812561035,0.033556122332811356,100000
417,-10.315871238708496,304565.5625,0.90625,4.700901985168457,23460660.0,-123748.0390625,0.96826171875,0.6317919998031626,0.00603085910075539,0.5,3.882143020629883,16.0,-0.06036289781332016,-0.06258482486009598,0.029866669327020645,100000
418,-0.8207297325134277,0.8207297325134277,1.0,3.32218599319458,68.44196319580078,-129.74078369140625,0.9876708984375,0.6308184596334346,0.006013504187008555,0.5,3.469111919403076,16.0,0.07529705762863159,0.07353240996599197,0.04501042515039444,100000
419,-1.3055193424224854,1.3055193424224854,1.0,3.1959009170532227,106.758056640625,-17.161470413208008,1.0,0.629846419610056,0.0059961992152394936,0.5,2.73828125,12.530241012573242,-0.5021868348121643,-0.5045373439788818,0.04110012575984001,100000
420,-1.2702479362487793,1.2702479362487793,1.0,3.483815908432007,101.82329559326172,-4047.031494140625,1.0,0.6288758774214233,0.005978944041730917,0.5,4.14304256439209,16.0,-0.18338561058044434,-0.18540439009666443,0.055374182760715485,100000
421,-6.853283405303955,326114.96875,0.9375,3.974027156829834,25120618.0,-223.30282592773438,0.9339599609375,0.6279068307594944,0.00596173852317911,0.5,2.4939992427825928,16.0,-0.11745931208133698,-0.11997055262327194,0.057436875998973846,100000
422,-6.829757213592529,326114.9375,0.9375,3.739595413208008,25120618.0,-42.22650146484375,0.9375,0.6269392773197842,0.005944582516692738,0.5,2.600499391555786,12.530241012573242,-0.10707132518291473,-0.1102643758058548,0.044467728585004807,100000
423,-0.9361047744750977,0.9361047744750977,1.0,2.9925830364227295,79.86822509765625,-52961.67578125,1.0,0.6259732148013586,0.005927475879791668,0.5,2.7130870819091797,12.530241012573242,-0.12672309577465057,-0.1290288269519806,0.04249535873532295,100000
424,-4.20412540435791,163058.25,0.96875,3.6840951442718506,12560371.0,-121.66496276855469,0.96875,0.6250086409068287,0.005910418470405774,0.5,3.740572690963745,16.0,-0.1762048602104187,-0.17845430970191956,0.06442592293024063,100000
425,-4.301056385040283,345266.28125,0.96875,3.7459259033203125,26595844.0,-422087.3125,0.976318359375,0.6240455533423463,0.005893410146873769,0.5,3.1790270805358887,16.0,-0.2634251117706299,-0.2661716341972351,0.05101032927632332,100000
426,-0.6163580417633057,0.6163580417633057,1.0,2.8612236976623535,56.25000762939453,-1063.41650390625,0.976806640625,0.6230839498175976,0.005876450767942019,0.5,2.7397494316101074,16.0,-0.033949267119169235,-0.036518339067697525,0.04719032719731331,100000
427,-1.4647506475448608,1.4647506475448608,1.0,3.242121696472168,118.66758728027344,-288.9317321777344,1.0,0.6221238280457974,0.005859540192763371,0.5,3.4425153732299805,16.0,0.3016967177391052,0.29875099658966064,0.03959839046001434,100000
428,-1.8776572942733765,1.8776572942733765,1.0,3.1326074600219727,151.31735229492188,-1183.1630859375,0.999755859375,0.6211651857436851,0.0058426782808959936,0.5,3.237344264984131,16.0,-0.08392737805843353,-0.08605842292308807,0.03674563020467758,100000
429,-7.143581390380859,326115.25,0.9375,4.220452308654785,25120638.0,-2859.63671875,0.9375,0.6202080206315178,0.005825864892302194,0.5,4.411981582641602,16.0,-0.43658560514450073,-0.4385315477848053,0.046784352511167526,100000
430,-4.110866546630859,163058.1875,0.96875,3.6597611904144287,12560365.0,-12023.6416015625,0.965576171875,0.6192523304330658,0.00580909988734727,0.5,3.488959789276123,16.0,-0.1392095685005188,-0.14072155952453613,0.04119902849197388,100000
431,-4.3384108543396,163058.390625,0.96875,3.6674840450286865,12560382.0,-554.7957763671875,0.9669189453125,0.618298112875607,0.005792383126798342,0.5,2.536553382873535,16.0,-0.5596389770507812,-0.5628160834312439,0.0350518673658371,100000
432,-10.103886604309082,341673.0625,0.90625,4.628669738769531,26319052.0,-929.8461303710938,0.9373779296875,0.6173453656899209,0.0057757144718231955,0.5,3.3920798301696777,16.0,-0.15814539790153503,-0.1603749692440033,0.0441478006541729,100000
433,-3.796959400177002,163057.859375,0.96875,3.6591243743896484,12560341.0,-292.80078125,0.9686279296875,0.6163940866102844,0.005759093783989141,0.5,2.6623449325561523,16.0,-0.1843557357788086,-0.18624700605869293,0.03999455273151398,100000
434,-0.8097540140151978,0.8097540140151978,1.0,3.1680455207824707,68.78384399414062,-129.1232452392578,0.99951171875,0.615444273374465,0.005742520925261843,0.5,3.587303876876831,16.0,-0.26893702149391174,-0.2704612612724304,0.03354846313595772,100000
435,-1.53227698802948,1.53227698802948,1.0,3.023296356201172,125.55474853515625,-31.826282501220703,1.0,0.6144959237237164,0.005725995758004192,0.5,2.6841230392456055,11.76475715637207,-0.34165072441101074,-0.34515535831451416,0.038553908467292786,100000
436,-1241.807373046875,327349.875,0.9375,4.32669734954834,25215744.0,-4980.8447265625,0.9375,0.613549035402773,0.005709518144975153,0.5,2.788668394088745,16.0,-0.23691530525684357,-0.23931215703487396,0.0342746376991272,100000
437,-1.9715633392333984,1.9715633392333984,1.0,3.1499295234680176,158.41749572753906,-33260.71484375,0.9998779296875,0.6126036061598441,0.005693087949328632,0.5,3.2427611351013184,16.0,0.02101369947195053,0.018542306497693062,0.04228634014725685,100000
438,-4.359975814819336,163058.421875,0.96875,3.906235456466675,12560381.0,-9023.408203125,0.96875,0.611659633746609,0.005676705034612324,0.5,2.989394187927246,16.0,-0.2670733332633972,-0.26955658197402954,0.03764854371547699,100000
439,-0.7354235649108887,0.7354235649108887,1.0,2.8531103134155273,65.48412322998047,-2.4427456855773926,0.999267578125,0.6107171159182115,0.005660369264766602,0.5,2.985642194747925,12.530241012573242,-0.08571179956197739,-0.08798973262310028,0.04400448873639107,100000
440,-13.9189453125,163067.984375,0.96875,3.6725993156433105,12561119.0,-57378.80859375,0.9561767578125,0.6097760504332544,0.005644080504123371,0.5,3.038449764251709,16.0,0.07941236346960068,0.0765860378742218,0.048113808035850525,100000
441,-4.614904880523682,60745704.0,0.96875,4.0112152099609375,4679238144.0,-658345.0,0.999755859375,0.6088364350537945,0.005627838617404947,0.5,4.481808185577393,16.0,-0.17766165733337402,-0.17936719954013824,0.0390690341591835,100000
442,-0.9587659239768982,0.9587659239768982,1.0,2.968104600906372,81.8023681640625,-6329.58251953125,0.9935302734375,0.6078982675453368,0.005611643469722931,0.5,2.8310108184814453,16.0,-0.2200814187526703,-0.22298592329025269,0.0362713597714901,100000
443,-72.87821960449219,163126.953125,0.96875,3.6805830001831055,12565662.0,-308.4517517089844,0.96875,0.6069615456768297,0.005595494926577091,0.5,2.9000210762023926,16.0,-0.2152007520198822,-0.21737827360630035,0.03830702230334282,100000
444,-1.340728759765625,1.340728759765625,1.0,3.310375213623047,108.58843231201172,-2692.897216796875,1.0,0.6060262672206598,0.0055793928538542484,0.5,3.696791648864746,16.0,-0.23123112320899963,-0.2331853210926056,0.03643985092639923,100000
445,-1.0091320276260376,1.0091320276260376,1.0,3.087082862854004,84.76557922363281,-1300.014892578125,1.0,0.6050924299526451,0.005563337117827151,0.5,2.6521453857421875,16.0,-0.08378518372774124,-0.08617060631513596,0.0410735122859478,100000
446,-3.7326059341430664,163057.796875,0.96875,3.375181198120117,12560337.0,-51.219627380371094,0.9661865234375,0.6041600316520324,0.005547327585153379,0.5,2.5844404697418213,12.530241012573242,-0.06625209003686905,-0.06789714097976685,0.043866828083992004,100000
447,-23.797435760498047,23.797435760498047,1.0,3.496788263320923,1836.9912109375,-62908.546875,0.999755859375,0.6032290701014896,0.005531364122874232,0.5,2.9567346572875977,16.0,-0.2455120086669922,-0.2481711208820343,0.032591063529253006,100000
448,-3.9539079666137695,300381.6875,0.96875,3.2687087059020996,23138390.0,-605.8782958984375,0.9691162109375,0.6022995430871013,0.005515446598413612,0.5,2.1347274780273438,16.0,-0.10597479343414307,-0.10872723907232285,0.04735482484102249,100000
449,-4.072729110717773,163058.140625,0.96875,3.380406379699707,12560364.0,-11489.83984375,0.9693603515625,0.601371448398364,0.005499574879576949,0.5,2.2741498947143555,12.530241012573242,-0.2122369110584259,-0.21568800508975983,0.052512165158987045,100000
450,-4.050673484802246,163058.109375,0.96875,3.4992830753326416,12560361.0,-132.15048217773438,0.96923828125,0.6004447838281799,0.00548374883455007,0.5,2.056925058364868,11.76475715637207,-0.028925739228725433,-0.03261028602719307,0.034198809415102005,100000
451,-1.0725953578948975,1.0725953578948975,1.0,3.4009149074554443,87.23670959472656,-11.794715881347656,1.0,0.5995195471728528,0.005467968331898134,0.5,4.008989334106445,16.0,-0.08146525919437408,-0.08276737481355667,0.043166592717170715,100000
452,-1.3999669551849365,1.3999669551849365,1.0,3.403238296508789,112.43621826171875,-371.486328125,1.0,0.5985957362320816,0.005452233240564526,0.5,3.9211950302124023,16.0,-0.1338108479976654,-0.1359582543373108,0.036678340286016464,100000
453,-0.9733850955963135,0.9733850955963135,1.0,3.4201817512512207,79.44613647460938,-208.20413208007812,0.9998779296875,0.597673348808956,0.005436543429869766,0.5,4.472874164581299,16.0,-0.11809991300106049,-0.11978690326213837,0.036536525934934616,100000
454,-4.0990118980407715,15558.9453125,0.96875,3.7930502891540527,1198506.25,-276.6994323730469,0.9998779296875,0.5967523827099509,0.005420898769510434,0.5,4.609192848205566,16.0,-0.21053558588027954,-0.2116812914609909,0.042387500405311584,100000
455,-0.9922599792480469,0.9922599792480469,1.0,3.5286147594451904,80.06480407714844,-72.5497055053711,1.0,0.5958328357449213,0.0054052991295580775,0.5,4.04262638092041,16.0,-0.04828869551420212,-0.049201205372810364,0.03893966227769852,100000
456,-2.1199023723602295,2.1199023723602295,1.0,3.0665464401245117,170.48634338378906,-377.8912353515625,1.0,0.594914705727097,0.0053897443804581426,0.5,3.1750073432922363,16.0,-0.02003401517868042,-0.022178957238793373,0.04595685377717018,100000
457,-1.0335783958435059,1.0335783958435059,1.0,3.3724260330200195,84.45068359375,-95.31499481201172,1.0,0.5939979904730772,0.005374234393028885,0.5,4.4930806159973145,16.0,-0.2202209085226059,-0.22182708978652954,0.0358225554227829,100000
458,-1.0955686569213867,1.0955686569213867,1.0,3.209653615951538,90.47962951660156,-424.4059143066406,0.9981689453125,0.593082687802826,0.005358769038460314,0.5,3.1273579597473145,16.0,-0.07756496965885162,-0.08032901585102081,0.042404331266880035,100000
459,-3.5797860622406006,3.5797860622406006,1.0,3.194368839263916,281.95648193359375,-82554.125,1.0,0.5921687955396663,0.005343348188313103,0.5,2.321087121963501,16.0,-0.21084484457969666,-0.21370506286621094,0.03900695592164993,100000
460,-4.247333526611328,163058.296875,0.96875,3.8300940990448,12560374.0,-26.897323608398438,0.968994140625,0.5912563115102755,0.005327971714517543,0.5,4.505555152893066,16.0,-0.1457790732383728,-0.14712181687355042,0.028368864208459854,100000
461,-4.329226970672607,163058.375,0.96875,3.9461536407470703,12560378.0,-4.717142105102539,0.9688720703125,0.5903452335446796,0.005312639489372466,0.5,4.533788681030273,16.0,-0.17510351538658142,-0.1766006201505661,0.0376078262925148,100000
462,-7.168743133544922,7.168743133544922,1.0,3.1515443325042725,558.7435302734375,-96939.4375,1.0,0.5894355594762485,0.005297351385544185,0.5,3.556628704071045,16.0,-0.04633086174726486,-0.04794630780816078,0.03404591232538223,100000
463,-3.987424373626709,70754.59375,0.96875,3.7144412994384766,5450224.0,-310496.34375,0.9996337890625,0.5885272871416907,0.005282107276065442,0.5,3.2339978218078613,16.0,-0.19334951043128967,-0.1958000510931015,0.034458860754966736,100000
464,-1.1541473865509033,1.1541473865509033,1.0,3.3376967906951904,94.00563049316406,-185655.171875,1.0,0.5876204143810481,0.005266907034334349,0.5,4.039485454559326,16.0,-0.16161805391311646,-0.16307996213436127,0.03676421567797661,100000
465,-3.7990012168884277,163057.875,0.96875,3.3123960494995117,12560343.0,-4.951480865478516,0.9686279296875,0.5867149390376908,0.0052517505341133424,0.5,1.9410089254379272,16.0,-0.1335318237543106,-0.1370229572057724,0.029651226475834846,100000
466,-6.183047294616699,6.183047294616699,1.0,3.3830432891845703,481.03216552734375,-46987.3515625,1.0,0.5858108589583124,0.005236637649528125,0.5,3.334901809692383,16.0,-0.0854940339922905,-0.08666923642158508,0.03851893171668053,100000
467,-0.9122368097305298,0.9122368097305298,1.0,2.9837889671325684,78.09741973876953,-25.165821075439453,1.0,0.5849081719929244,0.005221568255066628,0.5,3.3150486946105957,16.0,-0.15536431968212128,-0.15733227133750916,0.05964795500040054,100000
468,-0.818165123462677,0.818165123462677,1.0,3.214430809020996,69.07444763183594,-137.0795135498047,0.998779296875,0.5840068759948512,0.005206542225577972,0.5,4.294476509094238,16.0,-0.11596149951219559,-0.11718762665987015,0.04986537620425224,100000
469,-0.8904273509979248,0.8904273509979248,1.0,3.1361403465270996,75.24386596679688,-24.314790725708008,0.9998779296875,0.5831069688207251,0.005191559436271413,0.5,2.687812328338623,16.0,-0.2365255355834961,-0.23889298737049103,0.03925173729658127,100000
470,-1.0859575271606445,1.0859575271606445,1.0,3.018134117126465,91.21454620361328,-15.236917495727539,1.0,0.5822084483304814,0.005176619762715325,0.5,3.9670238494873047,16.0,-0.1883988380432129,-0.18999378383159637,0.0374143049120903,100000
471,-1.4465889930725098,1.4465889930725098,1.0,3.176351547241211,117.77522277832031,-20667.11328125,0.9945068359375,0.5813113123873525,0.005161723080836149,0.5,3.0057687759399414,16.0,-0.37836045026779175,-0.3803703188896179,0.03864433616399765,100000
472,-0.97311931848526,0.97311931848526,1.0,3.3473360538482666,79.9867935180664,-1283.2376708984375,1.0,0.5804155588578639,0.005146869266917379,0.5,4.245657920837402,16.0,-0.09096077084541321,-0.09236765652894974,0.03699027746915817,100000
473,-4.706594944000244,163058.796875,0.96875,3.65671443939209,12560410.0,-9.286632537841797,0.96875,0.5795211856118283,0.005132058197598515,0.5,3.6189513206481934,16.0,-0.1966680884361267,-0.19857919216156006,0.041173435747623444,100000
474,-3.919929027557373,182164.34375,0.96875,4.478891372680664,14032106.0,-2605.946044921875,0.998291015625,0.5786281905223413,0.005117289749874061,0.5,2.7632689476013184,16.0,-0.0751601904630661,-0.07656838744878769,0.028853345662355423,100000
475,-0.6557105779647827,0.6557105779647827,1.0,2.9528017044067383,58.57590866088867,-2972.81982421875,1.0,0.5777365714657752,0.005102563801092486,0.5,1.7256355285644531,12.530241012573242,0.06068624556064606,0.056760843843221664,0.03598126396536827,100000
476,-0.6559247970581055,0.6559247970581055,1.0,3.075735569000244,57.64545440673828,-1255.234375,1.0,0.5768463263217751,0.005087880228955212,0.5,2.9610214233398438,16.0,-0.010272979736328125,-0.012117506004869938,0.028317641466856003,100000
477,-3.872856378555298,163057.9375,0.96875,3.2589645385742188,12560349.0,-28.249235153198242,0.96875,0.5759574529732535,0.005073238911515599,0.5,3.2021968364715576,16.0,-0.16735795140266418,-0.1692904531955719,0.04034002125263214,100000
478,-0.9577321410179138,0.9577321410179138,1.0,3.091914176940918,80.76903533935547,-764.9154052734375,0.9998779296875,0.5750699493063848,0.005058639727177929,0.5,2.5172948837280273,16.0,-0.21828874945640564,-0.22061750292778015,0.03687821701169014,100000
479,-4.14504861831665,687.3192749023438,0.96875,3.8721401691436768,52945.140625,-13082.5537109375,0.997802734375,0.5741838132106007,0.005044082554696404,0.5,2.6931533813476562,16.0,-0.18935364484786987,-0.1916961520910263,0.03563931956887245,100000
480,-4.239289283752441,4022.801025390625,0.96875,3.6514315605163574,309878.8125,-220.0904998779297,0.9998779296875,0.5732990425785853,0.0050295672731741235,0.5,2.814762592315674,16.0,-0.19054105877876282,-0.193433478474617,0.039082713425159454,100000
481,-3.672616481781006,163057.71875,0.96875,3.439242362976074,12560332.0,-613.7190551757812,0.96875,0.5724156353062699,0.005015093762062099,0.5,2.4505977630615234,16.0,0.03478176146745682,0.032484330236911774,0.035127442330121994,100000
482,-35.21834182739258,35.21834182739258,1.0,3.4863550662994385,2716.8232421875,-3302.352783203125,0.9998779296875,0.5715335892928278,0.005000661901158241,0.5,3.229074001312256,16.0,-0.31749120354652405,-0.31967708468437195,0.03095405176281929,100000
483,-38.52237319946289,163092.609375,0.96875,3.3646535873413086,12563017.0,-2620.28759765625,0.96826171875,0.5706529024406697,0.004986271570606361,0.5,2.295365571975708,16.0,-0.07342462241649628,-0.07544828951358795,0.034438639879226685,100000
484,-7.161307334899902,896191.75,0.9375,4.300425052642822,69033592.0,-12411.7021484375,0.96630859375,0.5697735726554384,0.004971922650895184,0.5,3.6888208389282227,16.0,-0.09494537860155106,-0.09615956246852875,0.03977134823799133,100000
485,-0.8627169728279114,0.8627169728279114,1.0,3.2629027366638184,72.13289642333984,-19384.44921875,0.994384765625,0.5688955978460037,0.0049576150228573465,0.5,4.254174709320068,16.0,-0.03643880784511566,-0.037427861243486404,0.028001487255096436,100000
486,-0.832304835319519,0.832304835319519,1.0,3.2105648517608643,70.19340515136719,-101445.59375,1.0,0.5680189759244584,0.004943348567668413,0.5,3.397357702255249,16.0,-0.16162899136543274,-0.16339020431041718,0.04138883575797081,100000
487,-1.1701406240463257,1.1701406240463257,1.0,3.0573477745056152,97.3971176147461,-192.88795471191406,1.0,0.5671437048061116,0.0049291231668458875,0.5,2.5283918380737305,12.530241012573242,-0.039814770221710205,-0.04209982603788376,0.03809581696987152,100000
488,-2.175398349761963,2.175398349761963,1.0,3.038285732269287,174.97889709472656,-106.23566436767578,0.9996337890625,0.5662697824094857,0.004914938702248229,0.5,2.410000801086426,16.0,-0.13886584341526031,-0.1410032957792282,0.04091808199882507,100000
489,-2.38200306892395,2.38200306892395,1.0,3.2943778038024902,188.92095947265625,-149.7512969970703,0.9984130859375,0.5653972066563099,0.0049007950560738716,0.5,2.2953872680664062,16.0,-0.006991365924477577,-0.009069124236702919,0.04389403015375137,100000
490,-7.427187442779541,326115.53125,0.9375,4.140794277191162,25120660.0,-112.21900939941406,0.9375,0.5645259754715158,0.004886692110860241,0.5,3.588592529296875,16.0,-0.12504082918167114,-0.12695877254009247,0.04488802328705788,100000
491,-3.185523748397827,3.185523748397827,1.0,3.14351749420166,251.9781951904297,-590.5333862304688,0.997802734375,0.563656086783233,0.004872629749482791,0.5,2.9085140228271484,16.0,-0.20732039213180542,-0.20937548577785492,0.03839891403913498,100000
492,-1.2211058139801025,1.2211058139801025,1.0,3.1166131496429443,100.8664321899414,-65.18061828613281,0.9984130859375,0.5627875385227832,0.004858607855154014,0.5,2.915959119796753,16.0,-0.06790727376937866,-0.06926319003105164,0.04150344803929329,100000
493,-1.90567147731781,1.90567147731781,1.0,3.0048818588256836,154.4591522216797,-40212.796875,0.9993896484375,0.5619203286246761,0.004844626311422488,0.5,2.685305595397949,16.0,-0.2264246940612793,-0.2279214709997177,0.04652148857712746,100000
494,-1.125285267829895,1.125285267829895,1.0,2.986787796020508,94.48542785644531,-94.784423828125,1.0,0.5610544550266038,0.004830685002171895,0.5,2.8642663955688477,12.530241012573242,-0.17060348391532898,-0.17237263917922974,0.03186388686299324,100000
495,-2.485668659210205,2.485668659210205,1.0,3.031094551086426,198.93435668945312,-1619.7716064453125,1.0,0.5601899156694365,0.004816783811620067,0.5,2.788712739944458,16.0,-0.1827000230550766,-0.18456999957561493,0.04046984761953354,100000
496,-3.907548189163208,163057.984375,0.96875,3.4419384002685547,12560351.0,-157.7583770751953,0.96875,0.5593267084972176,0.004802922624318024,0.5,2.927279233932495,16.0,-0.25520703196525574,-0.256941020488739,0.04075458645820618,100000
497,-0.831121563911438,0.831121563911438,1.0,3.196969985961914,70.20698547363281,-490.9248046875,1.0,0.5584648314571579,0.004789101325149001,0.5,3.118699550628662,16.0,-0.1105857789516449,-0.11204597353935242,0.03786896914243698,100000
498,-7.2712602615356445,326115.375,0.9375,4.074301719665527,25120648.0,-100.56897735595703,0.9375,0.5576042824996318,0.004775319799327516,0.5,3.6926887035369873,16.0,-0.03691922128200531,-0.03801612928509712,0.045625630766153336,100000
499,-918.2432250976562,163972.296875,0.96875,3.8732941150665283,12630777.0,-1077.322509765625,0.9681396484375,0.5567450595781722,0.004761577932398391,0.5,4.657783508300781,16.0,-0.15148237347602844,-0.15292324125766754,0.05499653518199921,100000
500,-0.5945968627929688,0.5945968627929688,1.0,2.8592569828033447,54.588897705078125,-27.62403106689453,1.0,0.555887160649465,0.004747875610235824,0.5,2.6289045810699463,16.0,-0.11350344866514206,-0.11472546309232712,0.0368555448949337,100000
501,-3.615042209625244,163057.671875,0.96875,3.2761902809143066,12560330.0,-193.4958953857422,0.9688720703125,0.5550305836733449,0.004734212719042425,0.5,2.0787315368652344,16.0,-0.20238474011421204,-0.20425470173358917,0.04501168802380562,100000
502,-1.0420267581939697,1.0420267581939697,1.0,3.053948402404785,87.5546875,-1392.928955078125,0.999267578125,0.5541753266127902,0.004720589145348279,0.5,2.3406317234039307,12.530241012573242,-0.07658709585666656,-0.07882476598024368,0.04710659757256508,100000
503,-1.1849380731582642,1.1849380731582642,1.0,3.01084566116333,98.89517211914062,-206.04673767089844,1.0,0.5533213874339186,0.004707004776010005,0.5,1.7752957344055176,16.0,-0.17450818419456482,-0.17681695520877838,0.045809291303157806,100000
504,-1.564549207687378,1.564549207687378,1.0,3.585829019546509,123.70750427246094,-8240.4130859375,1.0,0.552468764105981,0.0046934594982098055,0.5,3.3963308334350586,16.0,-0.18209373950958252,-0.1838238537311554,0.04964751377701759,100000
505,-19.36822509765625,163073.421875,0.96875,3.8899359703063965,12561538.0,-188224.015625,0.9581298828125,0.5516174546013581,0.004679953199454545,0.5,2.3680830001831055,12.530241012573242,-0.3878172039985657,-0.3904210925102234,0.047044578939676285,100000
506,-4.240382671356201,163058.3125,0.96875,3.678809642791748,12560374.0,-6355.3408203125,0.9678955078125,0.550767456895555,0.0046664857675748,0.5,3.443120241165161,16.0,-0.11158943921327591,-0.11324924975633621,0.041836220771074295,100000
507,-0.8815817832946777,0.8815817832946777,1.0,2.973914623260498,75.81212615966797,-323.115234375,0.9998779296875,0.549918768967196,0.004653057090723945,0.5,2.6826071739196777,16.0,-0.39942145347595215,-0.40223297476768494,0.054347313940525055,100000
508,-4.213814735412598,163058.265625,0.96875,3.810267210006714,12560371.0,-2169.480224609375,0.9688720703125,0.5490713887980205,0.004639667057377205,0.5,3.5420947074890137,16.0,-0.09469050168991089,-0.09562589973211288,0.04169493541121483,100000
509,-0.9939748048782349,0.9939748048782349,1.0,2.947871685028076,84.67035675048828,-14.860923767089844,1.0,0.5482253143728778,0.004626315556330741,0.5,2.51627779006958,12.530241012573242,-0.16641172766685486,-0.16779586672782898,0.039984770119190216,100000
510,-0.6624097228050232,0.6624097228050232,1.0,3.015481948852539,58.6091194152832,-344965.03125,1.0,0.5473805436797226,0.004613002476700726,0.5,2.5055181980133057,16.0,-0.29164090752601624,-0.29375454783439636,0.041112132370471954,100000
511,-1.1226754188537598,1.1226754188537598,1.0,3.0288736820220947,93.960205078125,-4487.6240234375,1.0,0.5465370747096093,0.00459972770792242,0.5,3.345150947570801,16.0,-0.2805890738964081,-0.28283828496932983,0.03487740457057953,100000
512,-1.0095850229263306,1.0095850229263306,1.0,3.0747945308685303,84.89513397216797,-17.86400032043457,1.0,0.5456949054566889,0.004586491139749253,0.5,2.2971625328063965,16.0,-0.177507221698761,-0.1801827996969223,0.03720654174685478,100000
513,-1.115506887435913,1.115506887435913,1.0,3.0229082107543945,93.45396423339844,-2.867727041244507,0.9996337890625,0.5448540339182023,0.004573292662251909,0.5,3.1269989013671875,12.530241012573242,-0.34977152943611145,-0.35109445452690125,0.05300954729318619,100000
514,-10.449424743652344,304565.6875,0.90625,4.47256326675415,23460676.0,-61867.6484375,0.968017578125,0.5440144580944772,0.0045601321658174186,0.5,3.7651638984680176,16.0,-0.2441112995147705,-0.2450931817293167,0.045064713805913925,100000
515,-9.535930633544922,141510.734375,0.9375,4.259004592895508,10900562.0,-7078.9853515625,0.9984130859375,0.5431761759889222,0.0045470095411482385,0.5,3.30238938331604,16.0,-0.3218974173069,-0.3235380947589874,0.043493397533893585,100000
516,-354.5652770996094,163408.640625,0.96875,3.9549198150634766,12587357.0,-2709.29931640625,0.9686279296875,0.5423391856080229,0.004533924679261351,0.5,3.2314186096191406,16.0,-0.03484075516462326,-0.03620043769478798,0.04174035042524338,100000
517,-0.8082848787307739,0.8082848787307739,1.0,3.1776790618896484,68.59646606445312,-158.52862548828125,1.0,0.5415034849613363,0.00452087747148736,0.5,3.0251450538635254,16.0,-0.5296422839164734,-0.5313922762870789,0.03297458216547966,100000
518,-1.1371238231658936,1.1371238231658936,1.0,3.3929810523986816,92.26844787597656,-4.020157337188721,1.0,0.5406690720614867,0.004507867809469581,0.5,3.836236000061035,16.0,-0.20372581481933594,-0.20494480431079865,0.037073127925395966,100000
519,-0.8347010612487793,0.8347010612487793,1.0,3.3381762504577637,69.3949966430664,-5712.78076171875,1.0,0.5398359449241609,0.004494895585163152,0.5,3.78920841217041,16.0,-0.06257797032594681,-0.0633828341960907,0.03353434056043625,100000
520,-0.8674371242523193,0.8674371242523193,1.0,3.3491058349609375,71.83247375488281,-3.050750494003296,0.999755859375,0.5390041015681031,0.0044819606908341235,0.5,3.7700819969177246,16.0,-0.2419409453868866,-0.24302168190479279,0.043124470859766006,100000
521,-1.1250783205032349,1.1250783205032349,1.0,3.066537857055664,93.85517883300781,-6037.44140625,0.994140625,0.5381735400151108,0.004469063019058575,0.5,1.9303909540176392,12.530241012573242,-0.29828059673309326,-0.3009088635444641,0.041888583451509476,100000
522,-1.2084629535675049,1.2084629535675049,1.0,3.1513447761535645,99.62501525878906,-193.4069366455078,1.0,0.5373442582900293,0.0044562024627217145,0.5,2.8214545249938965,16.0,-0.46956610679626465,-0.4718288481235504,0.04039696604013443,100000
523,-4.2389302253723145,163058.3125,0.96875,3.463822841644287,12560375.0,-63.43456268310547,0.963623046875,0.5365162544207479,0.004443378915016997,0.5,2.5802016258239746,12.530241012573242,-0.36739104986190796,-0.36922213435173035,0.04071436822414398,100000
524,-27.953887939453125,163082.015625,0.96875,3.9316160678863525,12562199.0,-195.15699768066406,0.973388671875,0.5356895264381948,0.0044305922694452314,0.5,2.682215690612793,16.0,-0.11770766228437424,-0.11928872019052505,0.04704586789011955,100000
525,-4.90687894821167,163058.96875,0.96875,3.5732624530792236,12560426.0,-16.61361312866211,0.96875,0.5348640723763316,0.004417842419813695,0.5,3.1949574947357178,16.0,-0.1887323558330536,-0.19008509814739227,0.03299438953399658,100000
526,-3.8144445419311523,30922.43359375,0.96875,3.5492169857025146,2381956.75,-180.6793975830078,0.9998779296875,0.5340398902721505,0.0044051292602352585,0.5,2.797119617462158,16.0,0.01428106427192688,0.012434925884008408,0.041484616696834564,100000
527,-0.740109920501709,0.740109920501709,1.0,3.0030457973480225,64.69015502929688,-376.20086669921875,0.9852294921875,0.5332169781656676,0.0043924526851275,0.5,3.6526432037353516,16.0,-0.16173525154590607,-0.16296708583831787,0.04781493917107582,100000
528,-0.9341387748718262,0.9341387748718262,1.0,2.787954092025757,81.29304504394531,-1.527869701385498,1.0,0.5323953340999198,0.00437981258921183,0.5,3.026191473007202,16.0,-0.12728767096996307,-0.1287466138601303,0.03920060396194458,100000
529,-10.667165756225586,304565.9375,0.90625,4.343474388122559,23460692.0,-8647.314453125,0.96728515625,0.5315749561209592,0.00436720886751262,0.5,2.8507838249206543,12.530241012573242,-0.15360310673713684,-0.15624701976776123,0.0390707366168499,100000
530,-4.341642379760742,163058.421875,0.96875,4.182272434234619,12560379.0,-61893.76953125,0.96875,0.5307558422778489,0.004354641415356326,0.5,4.225001335144043,16.0,-0.1549730896949768,-0.15628215670585632,0.03955594450235367,100000
531,-1.0600595474243164,1.0600595474243164,1.0,3.4841504096984863,85.62991333007812,-1805.115478515625,0.9703369140625,0.5299379906226582,0.004342110128370625,0.5,3.7921395301818848,16.0,-0.175785630941391,-0.1769205629825592,0.03580455109477043,100000
532,-0.9478438496589661,0.9478438496589661,1.0,3.5284934043884277,76.64437866210938,-6.387474536895752,1.0,0.529121399210458,0.004329614902483538,0.5,3.9916563034057617,16.0,-0.1263740062713623,-0.1273852437734604,0.03819270059466362,100000
533,-3.929983377456665,163057.984375,0.96875,3.601473093032837,12560351.0,-7707.140625,0.96875,0.5283060660993162,0.004317155633922581,0.5,2.2920942306518555,12.530241012573242,-0.15120357275009155,-0.15246029198169708,0.04045099765062332,100000
534,-4.886754989624023,33753248.0,0.96875,4.49820613861084,2600010752.0,-257554.84375,0.9967041015625,0.527491989350293,0.004304732219213887,0.5,3.9498958587646484,16.0,-0.6421902775764465,-0.6434929370880127,0.03144478425383568,100000
535,-4.465370178222656,163058.515625,0.96875,3.621007204055786,12560391.0,-2788.019287109375,0.9678955078125,0.5266791670274364,0.004292344555181359,0.5,3.00203275680542,16.0,-0.24139311909675598,-0.24316738545894623,0.043525777757167816,100000
536,-148.80833435058594,148.80833435058594,1.0,3.2298812866210938,11468.62890625,-1522.1104736328125,0.999755859375,0.5258675971977775,0.004279992538945805,0.5,2.1949238777160645,12.530241012573242,-0.08695060014724731,-0.08837942779064178,0.036135297268629074,100000
537,-7.518293857574463,176527.703125,0.9375,4.321318626403809,13597914.0,-62622.73828125,0.9686279296875,0.5250572779313261,0.00426767606792409,0.5,3.037789821624756,16.0,-0.05599326267838478,-0.057420194149017334,0.03458340838551521,100000
538,-4.075843334197998,163058.125,0.96875,3.5446834564208984,12560363.0,-80.67597961425781,0.96875,0.5242482073010659,0.004255395039828281,0.5,2.617368698120117,16.0,-0.3282070457935333,-0.32991823554039,0.029452314600348473,100000
539,-1.2217512130737305,1.2217512130737305,1.0,3.3186395168304443,99.35995483398438,-48.917415618896484,1.0,0.5234403833829496,0.004243149352664792,0.5,3.7495856285095215,16.0,0.0639924556016922,0.06197676807641983,0.03667207807302475,100000
540,-1.6672090291976929,1.6672090291976929,1.0,3.312396764755249,133.72161865234375,-133.5115509033203,1.0,0.5226338042558955,0.00423093890473355,0.5,2.4654994010925293,16.0,-0.27268141508102417,-0.274632066488266,0.03604666888713837,100000
541,-5.1543474197387695,163059.203125,0.96875,3.9401590824127197,12560442.0,-893.1820068359375,0.9677734375,0.5218284680017812,0.004218763594627138,0.5,4.356314659118652,16.0,0.047242291271686554,0.0463680736720562,0.03260234370827675,100000
542,-7.29297399520874,326115.375,0.9375,4.049599647521973,25120652.0,-11.97342300415039,0.9122314453125,0.5210243727054407,0.004206623321229959,0.5,2.5903735160827637,16.0,-0.3451651632785797,-0.3475072383880615,0.03316345810890198,100000
543,-0.8602308034896851,0.8602308034896851,1.0,3.1794872283935547,72.58393859863281,-42.24467468261719,0.9996337890625,0.5202215164546586,0.004194517983717394,0.5,2.9697306156158447,16.0,-0.2069190889596939,-0.20864109694957733,0.03553394973278046,100000
544,-0.999944269657135,0.999944269657135,1.0,3.319369316101074,82.26854705810547,-100.9239730834961,1.0,0.5194198973401665,0.004182447481554967,0.5,3.644651174545288,16.0,-0.1474505215883255,-0.1484244167804718,0.03477802500128746,100000
545,-0.8599052429199219,0.8599052429199219,1.0,3.0790629386901855,73.33242797851562,-7270.56298828125,1.0,0.5186195134556378,0.004170411714497509,0.5,2.2104837894439697,16.0,-0.07403665781021118,-0.07608375698328018,0.0445033498108387,100000
546,-0.7001079320907593,0.7001079320907593,1.0,3.0743062496185303,61.05989456176758,-62.10360336303711,0.9984130859375,0.5178203628976834,0.00415841058258832,0.5,2.3463778495788574,16.0,-0.1797042191028595,-0.18169988691806793,0.03780200704932213,100000
547,-0.8568967580795288,0.8568967580795288,1.0,3.134737491607666,72.67182159423828,-140.5945281982422,1.0,0.5170224437658473,0.0041464439861583526,0.5,4.0396599769592285,16.0,-0.3377007246017456,-0.33861956000328064,0.037303533405065536,100000
548,-1.3494913578033447,1.3494913578033447,1.0,3.0678977966308594,111.13121795654297,-994.604248046875,0.9993896484375,0.5162257541626016,0.004134511825825367,0.5,2.487974166870117,16.0,-0.3121335208415985,-0.31463903188705444,0.04351162165403366,100000
549,-7.043354034423828,200270.65625,0.9375,3.730494499206543,15426840.0,-25.919986724853516,0.9720458984375,0.5154302921933428,0.00412261400249312,0.5,2.421748399734497,12.530241012573242,-0.24142341315746307,-0.2428939938545227,0.03952319547533989,100000
550,-1.1475485563278198,1.1475485563278198,1.0,3.3303534984588623,93.55388641357422,-41.39654541015625,1.0,0.5146360559663865,0.004110750417350532,0.5,3.493415355682373,16.0,-0.22856122255325317,-0.22977201640605927,0.03942224383354187,100000
551,-1.9438472986221313,1.9438472986221313,1.0,3.475691795349121,153.77320861816406,-830.6166381835938,1.0,0.5138430435929634,0.004098920971870874,0.5,4.920447826385498,16.0,-0.14557954668998718,-0.14615008234977722,0.03991780802607536,100000
552,-0.8344764709472656,0.8344764709472656,1.0,3.3120908737182617,69.5786361694336,-1004.8229370117188,1.0,0.5130512531872147,0.004087125567810947,0.5,3.7595467567443848,16.0,-0.1573493480682373,-0.15834087133407593,0.04801757261157036,100000
553,-11.346526145935059,11.346526145935059,1.0,3.1213295459747314,880.7907104492188,-1330.788330078125,0.9974365234375,0.5122606828661871,0.004075364107210258,0.5,2.175440788269043,16.0,-0.1322023570537567,-0.13342490792274475,0.04114820435643196,100000
554,-0.8239367604255676,0.8239367604255676,1.0,3.061049699783325,70.70052337646484,-21.99356460571289,1.0,0.5114713307498294,0.00406363649239022,0.5,3.5248496532440186,16.0,-0.07849965244531631,-0.07950449734926224,0.050307970494031906,100000
555,-0.9763739109039307,0.9763739109039307,1.0,3.2906606197357178,80.674072265625,-358.3113708496094,1.0,0.510683194960987,0.004051942625953333,0.5,3.089630603790283,16.0,-0.20706729590892792,-0.208174467086792,0.03716311976313591,100000
556,-0.7816861867904663,0.7816861867904663,1.0,3.2862448692321777,65.71129608154297,-557.4664306640625,0.9879150390625,0.5098962736253981,0.004040282410782375,0.5,3.6312313079833984,16.0,-0.07084085047245026,-0.07160787284374237,0.0486416257917881,100000
557,-6.980231285095215,326115.09375,0.9375,4.065711498260498,25120626.0,-18.621265411376953,0.9361572265625,0.5091105648716887,0.004028655750039597,0.5,2.845820903778076,16.0,-0.06162590906023979,-0.06271877884864807,0.04165210202336311,100000
558,-0.7731902599334717,0.7731902599334717,1.0,3.0625734329223633,66.77979278564453,-121.78700256347656,0.98876953125,0.5083260668313686,0.0040170625471659185,0.5,3.2219276428222656,16.0,-0.14044511318206787,-0.14168690145015717,0.03221016004681587,100000
559,-5.042757987976074,163059.09375,0.96875,3.61397123336792,12560436.0,-3723.602294921875,0.96875,0.5075427776388269,0.004005502705880128,0.5,2.4589805603027344,12.530241012573242,-0.17289647459983826,-0.1747201830148697,0.03159663826227188,100000
560,-0.8602272272109985,0.8602272272109985,1.0,2.9983506202697754,73.97894287109375,-4301.56103515625,0.9990234375,0.5067606954313272,0.003993976130178077,0.5,3.448073387145996,12.530241012573242,-0.1299332082271576,-0.13081276416778564,0.03420187160372734,100000
561,-10.327940940856934,326118.4375,0.9375,4.526638984680176,25120880.0,-27.157602310180664,0.9375,0.5059798183490037,0.00398248272433189,0.5,4.130008697509766,16.0,-0.04997905343770981,-0.05096249282360077,0.041385866701602936,100000
562,-0.5742930769920349,0.5742930769920349,1.0,2.7291510105133057,54.0271110534668,-23.39145851135254,1.0,0.5052001445348562,0.003971022392889163,0.5,2.1815218925476074,12.530241012573242,-0.15915724635124207,-0.16056938469409943,0.03156628459692001,100000
563,-4.492978096008301,163058.546875,0.96875,3.768842935562134,12560393.0,-3.886075019836426,0.9681396484375,0.5044216721347462,0.00395959504067218,0.5,3.8302149772644043,12.530241012573242,-0.023881707340478897,-0.025203347206115723,0.03621731698513031,100000
564,-3024.43017578125,3024.43017578125,1.0,3.3308629989624023,232976.84375,-122625.03125,1.0,0.5036443992973924,0.003948200572777108,0.5,2.9865658283233643,16.0,-0.18619142472743988,-0.1877661794424057,0.03196403384208679,100000
565,-4.263347148895264,163058.328125,0.96875,3.6577982902526855,12560376.0,-25.62202262878418,0.96875,0.5028683241743657,0.0039368388945732235,0.5,3.6816470623016357,16.0,-0.19713068008422852,-0.19824834167957306,0.05130818113684654,100000
566,-1.6351797580718994,1.6351797580718994,1.0,3.311213493347168,131.26351928710938,-72244.796875,0.9993896484375,0.5020934449200857,0.003925509911702121,0.5,2.8443875312805176,16.0,-0.25187528133392334,-0.25345250964164734,0.03894079476594925,100000
567,-1.0153801441192627,1.0153801441192627,1.0,3.016483783721924,85.79069519042969,-482.82025146484375,0.9998779296875,0.5013197596918159,0.003914213530076921,0.5,2.7744951248168945,16.0,-0.012279398739337921,-0.013708872720599174,0.048229627311229706,100000
568,-4.152473449707031,163058.203125,0.96875,3.62009859085083,12560368.0,-3455.473388671875,0.9686279296875,0.500547266649659,0.0039029496558815086,0.5,2.6218338012695312,16.0,-0.23460502922534943,-0.23570244014263153,0.04449077323079109,100000
569,-4.042158126831055,163058.109375,0.96875,3.333437204360962,12560362.0,-42.5678825378418,0.9686279296875,0.499775963956553,0.00389171819556973,0.5,3.4603195190429688,12.530241012573242,0.06865456700325012,0.06791850924491882,0.04738938435912132,100000
570,-4.140955448150635,163058.203125,0.96875,3.726512908935547,12560365.0,-10.164936065673828,0.96875,0.49900584977826684,0.003880519055864637,0.5,3.5469911098480225,16.0,0.008841760456562042,0.007840887643396854,0.038123633712530136,100000
571,-0.9453675746917725,0.9453675746917725,1.0,2.997553586959839,80.54345703125,-22.23118782043457,0.983154296875,0.49823692228339556,0.0038693521437576962,0.5,3.2832987308502197,16.0,-0.08844193816184998,-0.0892835482954979,0.041911374777555466,100000
572,-3.7612104415893555,213.52940368652344,0.96875,3.278301477432251,16453.716796875,-4263.9677734375,0.9932861328125,0.49746917964335635,0.0038582173665080285,0.5,2.7418041229248047,16.0,-0.002208918333053589,-0.0033642821945250034,0.037895943969488144,100000
573,-1.3634119033813477,1.3634119033813477,1.0,3.1936755180358887,111.23466491699219,-9.72922420501709,1.0,0.4967026200323843,0.003847114631641632,0.5,3.3532357215881348,16.0,-0.15851500630378723,-0.15960155427455902,0.036937110126018524,100000
574,-0.9431166648864746,0.9431166648864746,1.0,2.958418130874634,80.67152404785156,-140.39772033691406,1.0,0.4959372416275274,0.003836043846950614,0.5,2.419013500213623,16.0,0.0017342455685138702,0.0002281108172610402,0.04031481221318245,100000
575,-4.55497407913208,4.55497407913208,1.0,3.3899898529052734,355.5682678222656,-895.8028564453125,1.0,0.4951730426086433,0.0038250049204924326,0.5,3.827991008758545,16.0,-0.037866443395614624,-0.038674116134643555,0.03501717746257782,100000
576,-5.001019477844238,5.001019477844238,1.0,3.1212728023529053,391.9970703125,-394.3712158203125,1.0,0.49441002115839366,0.0038139977605891194,0.5,2.9402647018432617,16.0,-0.006257036235183477,-0.0076311551965773106,0.04064192622900009,100000
577,-445.409912109375,445.409912109375,1.0,3.2030444145202637,34316.03515625,-594.0299682617188,0.9998779296875,0.49364817546224093,0.0038030222758265344,0.5,2.369333267211914,16.0,-0.06294499337673187,-0.06396836042404175,0.03018791414797306,100000
578,-176.75247192382812,326284.90625,0.9375,4.283830642700195,25133702.0,-41073.06640625,0.9375,0.49288750370844364,0.0037920783750535927,0.5,3.051307201385498,16.0,-0.27036038041114807,-0.2713368833065033,0.031109483912587166,100000
579,-10.977190017700195,467647.75,0.90625,4.852512359619141,36022872.0,-75.86444854736328,0.906005859375,0.49212800408805174,0.003781165967381517,0.5,3.912583589553833,16.0,-0.06388112902641296,-0.06478068232536316,0.03763611987233162,100000
580,-26.05584716796875,163080.109375,0.96875,3.957859516143799,12562052.0,-37.1638069152832,0.96875,0.4913696747949031,0.003770284962183079,0.5,4.587847709655762,16.0,-0.02721777930855751,-0.0278617013245821,0.03183190897107124,100000
581,-3.8444156646728516,163057.90625,0.96875,3.611849308013916,12560344.0,-29.595834732055664,0.9686279296875,0.4906125140256182,0.0037594352690918445,0.5,2.0192527770996094,11.76475715637207,-0.08029832690954208,-0.08219138532876968,0.03629792854189873,100000
582,-391.281494140625,163445.34375,0.96875,3.63569974899292,12590189.0,-595.7244873046875,0.96875,0.4898565199795968,0.0037486167980014286,0.5,2.79744815826416,16.0,-0.20269069075584412,-0.20409084856510162,0.03208884224295616,100000
583,-8.044371604919434,8.044371604919434,1.0,3.18762469291687,625.9152221679688,-224.8415069580078,1.0,0.48910169085901306,0.003737829459064742,0.5,3.591355800628662,16.0,-0.05269722640514374,-0.05404577776789665,0.03514445945620537,100000
584,-0.8636810779571533,0.8636810779571533,1.0,3.176724910736084,72.8709945678711,-8724.90234375,0.9993896484375,0.48834802486881146,0.003727073162693249,0.5,3.5175352096557617,16.0,-0.09654804319143295,-0.09751598536968231,0.0375012531876564,100000
585,-1.4453084468841553,1.4453084468841553,1.0,3.6198062896728516,114.26066589355469,-177.6654052734375,1.0,0.4875955202167025,0.003716347819556219,0.5,4.966912746429443,16.0,-0.16693653166294098,-0.16765038669109344,0.03736817464232445,100000
586,-12.654459953308105,12.654459953308105,1.0,3.264033079147339,980.44140625,-87.63691711425781,1.0,0.4868441751131586,0.0037056533405799884,0.5,3.9267125129699707,16.0,-0.23927892744541168,-0.23996707797050476,0.040478307753801346,100000
587,-16.652952194213867,16.652952194213867,1.0,3.491507053375244,1286.692626953125,-245.40866088867188,0.999755859375,0.48609398777140944,0.003694989636947222,0.5,3.620647430419922,16.0,-0.03533358871936798,-0.03626175969839096,0.034796010702848434,100000
588,-1.0017595291137695,1.0017595291137695,1.0,3.0874667167663574,84.19471740722656,-445.197265625,1.0,0.48534495640743813,0.0036843566200961677,0.5,3.0580079555511475,16.0,-0.04323785752058029,-0.04424336180090904,0.03199420124292374,100000
589,-2.363156795501709,2.363156795501709,1.0,3.136439800262451,188.6858367919922,-2967.91796875,0.99951171875,0.48459707923997686,0.003673754201719931,0.5,3.2512383460998535,16.0,-0.06296999007463455,-0.06368356943130493,0.037066083401441574,100000
590,-0.8704673051834106,0.8704673051834106,1.0,3.1118311882019043,73.89361572265625,-71.81953430175781,0.9840087890625,0.48385035449050245,0.003663182293765733,0.5,3.559415340423584,16.0,-0.16839423775672913,-0.16921503841876984,0.03552865982055664,100000
591,-1.0658986568450928,1.0658986568450928,1.0,3.4776763916015625,86.12957763671875,-40275.96484375,1.0,0.48310478038323246,0.0036526408084341876,0.5,3.6135590076446533,16.0,-0.2105930745601654,-0.21122430264949799,0.04232533276081085,100000
592,-0.8576052784919739,0.8576052784919739,1.0,3.210073232650757,72.14608764648438,-2343.100830078125,1.0,0.48236035514512055,0.003642129658178563,0.5,2.881106376647949,16.0,-0.253487229347229,-0.2544892132282257,0.038137584924697876,100000
593,-3.8489179611206055,163057.90625,0.96875,3.3014039993286133,12560347.0,-29061.19921875,0.96875,0.48161707700585266,0.0036316487557040613,0.5,2.3364646434783936,11.76475715637207,-0.08333824574947357,-0.08464758098125458,0.03459540754556656,100000
594,-1.415259599685669,1.415259599685669,1.0,3.3521080017089844,114.00807189941406,-3886.3310546875,1.0,0.4808749441978427,0.0036211980139670935,0.5,4.197014808654785,16.0,-0.102261021733284,-0.1028696596622467,0.03289727494120598,100000
595,-1.040513277053833,1.040513277053833,1.0,3.005336284637451,87.81256866455078,-1822.36962890625,0.9993896484375,0.4801339549562282,0.0036107773461745503,0.5,1.8449854850769043,12.530241012573242,0.16231292486190796,0.16076989471912384,0.03358946368098259,100000
596,-1.2650363445281982,1.2650363445281982,1.0,3.549147605895996,100.91859436035156,-20742.015625,1.0,0.47939410751886613,0.0036003866657830902,0.5,4.031047344207764,16.0,-0.08152277022600174,-0.08219735324382782,0.03515879064798355,100000
597,-0.8185790777206421,0.8185790777206421,1.0,3.1345629692077637,69.7215576171875,-208.5159454345703,0.9947509765625,0.47865540012632884,0.003590025886498412,0.5,3.936880588531494,16.0,-0.0434926301240921,-0.044025272130966187,0.032291825860738754,100000
598,-3.907715320587158,163057.984375,0.96875,3.5957236289978027,12560349.0,-47.981788635253906,0.9686279296875,0.4779178310219,0.0035796949222745462,0.5,2.8315622806549072,16.0,-0.14442121982574463,-0.14526070654392242,0.03564132750034332,100000
599,-1.0907564163208008,1.0907564163208008,1.0,3.162041187286377,90.47570037841797,-2759.250244140625,1.0,0.4771813984515698,0.003569393687313133,0.5,3.925969123840332,16.0,-0.05457219108939171,-0.05565473437309265,0.03358065336942673,100000
600,-1.2215766906738281,1.2215766906738281,1.0,3.613457202911377,97.07552337646484,-1606.725341796875,1.0,0.4764461006640316,0.003559122096062717,0.5,4.623504638671875,16.0,-0.07365575432777405,-0.074207603931427,0.03160222992300987,100000
601,-1.1922900676727295,1.1922900676727295,1.0,3.3334059715270996,96.976806640625,-1663877.625,0.9989013671875,0.47571193591067745,0.0035488800632180297,0.5,3.186574935913086,16.0,-0.18177777528762817,-0.18275921046733856,0.03963480889797211,100000
602,-0.941315770149231,0.941315770149231,1.0,2.975492000579834,80.40127563476562,-6.900935649871826,1.0,0.4749789024455934,0.003538667503719285,0.5,2.0793142318725586,12.530241012573242,-0.15847665071487427,-0.1599629819393158,0.0320415198802948,100000
603,-16.218524932861328,163070.265625,0.96875,3.7313551902770996,12561296.0,-762.1854858398438,0.964111328125,0.4742469985255562,0.003528484332751474,0.5,2.837855577468872,16.0,-0.15400807559490204,-0.15504087507724762,0.031872864812612534,100000
604,-4.111591815948486,82005.71875,0.96875,3.995591402053833,6316896.0,-390.7697448730469,0.99951171875,0.4735162224100286,0.0035183304657436564,0.5,4.386963844299316,16.0,-0.1320902705192566,-0.13303127884864807,0.036897845566272736,100000
605,-7.598695755004883,326115.75,0.9375,4.486016273498535,25120672.0,-19.570201873779297,0.9449462890625,0.4727865723611556,0.003508205818368262,0.5,4.3858842849731445,16.0,-0.1364978849887848,-0.13754621148109436,0.042482566088438034,100000
606,-4.232579231262207,1420029.5,0.96875,4.096822738647461,109384784.0,-1610.6231689453125,0.999755859375,0.4720580466437597,0.003498110306540387,0.5,2.6414527893066406,16.0,-0.20784088969230652,-0.2092806100845337,0.0390792042016983,100000
607,-1.0215175151824951,1.0215175151824951,1.0,2.9286603927612305,86.93995666503906,-389.2885437011719,1.0,0.4713306435253375,0.0034880438464170993,0.5,2.9660279750823975,12.530241012573242,-0.02591533772647381,-0.026720451191067696,0.041910555213689804,100000
608,-4.162103652954102,3994466.75,0.96875,3.462383270263672,307693568.0,-635.709228515625,0.9998779296875,0.4706043612760552,0.0034780063543967403,0.5,2.4583568572998047,16.0,-0.1795235574245453,-0.1808881312608719,0.03345269709825516,100000
609,-1.681708574295044,1.681708574295044,1.0,3.2640132904052734,135.21121215820312,-44.24816131591797,0.9998779296875,0.46987919816874435,0.003467997747118229,0.5,3.111447334289551,16.0,-0.16060219705104828,-0.1618504524230957,0.038247302174568176,100000
610,-1.3721845149993896,1.3721845149993896,1.0,3.1280784606933594,112.41569519042969,-305.6800537109375,1.0,0.46915515247889816,0.0034580179414603735,0.5,3.2738442420959473,16.0,-0.06793469935655594,-0.0688873827457428,0.040569860488176346,100000
611,-0.9126594066619873,0.9126594066619873,1.0,2.899062156677246,78.78260803222656,-1.3699922561645508,1.0,0.46843222248466687,0.0034480668545411757,0.5,2.730130672454834,12.530241012573242,-0.23669010400772095,-0.23812513053417206,0.05044608563184738,100000
612,-1.3970279693603516,1.3970279693603516,1.0,3.3409643173217773,112.68953704833984,-3182.13330078125,0.9998779296875,0.46771040646685436,0.0034381444037171493,0.5,2.7934389114379883,12.530241012573242,-0.34850966930389404,-0.34979578852653503,0.04788462072610855,100000
613,-1.3387784957885742,1.3387784957885742,1.0,3.2472028732299805,108.9248275756836,-312.2286071777344,0.9998779296875,0.4669897027089132,0.003428250506582627,0.5,3.382760763168335,16.0,-0.11241071671247482,-0.11351492255926132,0.03656288981437683,100000
614,-4.068240165710449,163058.125,0.96875,3.571453094482422,12560361.0,-2156.7158203125,0.9993896484375,0.4662701094969414,0.0034183850809690803,0.5,4.310664176940918,16.0,-0.06793415546417236,-0.06856756657361984,0.03965950757265091,100000
615,-5.1947221755981445,5.1947221755981445,1.0,3.3277220726013184,405.32769775390625,-3725.650390625,1.0,0.46555162511967785,0.0034085480449444366,0.5,3.415405750274658,16.0,-0.05572635680437088,-0.05643297731876373,0.033472176641225815,100000
616,-0.9388725161552429,0.9388725161552429,1.0,3.218801975250244,78.3388671875,-25607.353515625,0.989501953125,0.4648342478684981,0.0033987393168123958,0.5,2.860288143157959,16.0,-0.12202625721693039,-0.12278169393539429,0.031052956357598305,100000
617,-4.17108154296875,163058.25,0.96875,3.6464319229125977,12560368.0,-3862.979736328125,0.98388671875,0.46411797603741095,0.0033889588151117577,0.5,3.78244948387146,16.0,-0.10323172807693481,-0.1039872094988823,0.03198060393333435,100000
618,-3.8541526794433594,25019.572265625,0.96875,3.4068727493286133,1927260.875,-530.2896118164062,0.9998779296875,0.46340280792305366,0.0033792064586157366,0.5,2.32181453704834,16.0,-0.07640048116445541,-0.07753796875476837,0.0323663167655468,100000
619,-1.181280255317688,1.181280255317688,1.0,3.3068442344665527,96.33332824707031,-1.2976634502410889,1.0,0.46268874182468844,0.003369482166331297,0.5,4.26417875289917,16.0,-0.2246340960264206,-0.22519230842590332,0.03393196687102318,100000
620,-0.9413712620735168,0.9413712620735168,1.0,2.9207725524902344,80.82705688476562,-104802.375,0.9969482421875,0.46197577604419804,0.0033597858574984725,0.5,3.1033217906951904,16.0,-0.16333743929862976,-0.16433504223823547,0.03906043991446495,100000
621,-7.624394416809082,163061.6875,0.96875,3.9396157264709473,12560632.0,-216968.71875,0.96875,0.4612639088860821,0.0033501174515896993,0.5,3.5456154346466064,16.0,-0.18619830906391144,-0.18699531257152557,0.03603769838809967,100000
622,-62.852508544921875,62.852508544921875,1.0,3.443545341491699,4845.810546875,-3119.985107421875,0.9998779296875,0.46055313865745273,0.0033404768683091488,0.5,3.391326904296875,11.76475715637207,-0.24251782894134521,-0.24344012141227722,0.03665290027856827,100000
623,-0.9330085515975952,0.9330085515975952,1.0,3.122957706451416,78.62545013427734,-185.54922485351562,1.0,0.4598434636680305,0.003330864027592054,0.5,2.9649405479431152,16.0,-0.2014245092868805,-0.2022068053483963,0.034012891352176666,100000
624,-0.711543083190918,0.711543083190918,1.0,3.060943603515625,62.043670654296875,-25890.62890625,0.999267578125,0.459134882230141,0.003321278849604054,0.5,2.410435199737549,16.0,-0.15088620781898499,-0.15178638696670532,0.03891951963305473,100000
625,-0.8684664368629456,0.8684664368629456,1.0,3.0168566703796387,74.4710693359375,-942.0455932617188,1.0,0.4584273926587099,0.003311721254740522,0.5,2.235459804534912,16.0,-0.28210553526878357,-0.2832963168621063,0.04097267612814903,100000
626,-4.1704511642456055,163058.234375,0.96875,3.7921104431152344,12560367.0,-62.380271911621094,0.96875,0.4577209932712597,0.003302191163625912,0.5,3.707383632659912,16.0,-0.13130687177181244,-0.13186533749103546,0.03319637477397919,100000
627,-0.8050243258476257,0.8050243258476257,1.0,3.0452756881713867,69.36521911621094,-9.94369888305664,1.0,0.4570156823879054,0.003292688497113092,0.5,3.6763904094696045,16.0,-0.10004137456417084,-0.1007155328989029,0.041751928627491,100000
628,-3.022611141204834,3.022611141204834,1.0,3.557969570159912,236.23651123046875,-338.91436767578125,1.0,0.45631145833135056,0.003283213176282692,0.5,3.5204029083251953,16.0,-0.18670298159122467,-0.18755319714546204,0.038407668471336365,100000
629,-1.4404101371765137,1.4404101371765137,1.0,3.3494014739990234,115.96627807617188,-141776.28125,0.9957275390625,0.4556083194268835,0.00327376512244245,0.5,3.0864717960357666,12.530241012573242,-0.11569389700889587,-0.11645255982875824,0.031398192048072815,100000
630,-1.1209399700164795,1.1209399700164795,1.0,3.240880012512207,92.19344329833984,-2.4500067234039307,1.0,0.4549062640023727,0.0032643442571265503,0.5,4.039594650268555,16.0,-0.08627931773662567,-0.08672434836626053,0.03447490185499191,100000
631,-3.985460042953491,163058.03125,0.96875,3.3472647666931152,12560357.0,-45.987361907958984,0.96875,0.4542052903882638,0.0032549505020949814,0.5,2.679593324661255,12.530241012573242,-0.25276708602905273,-0.25393393635749817,0.035705652087926865,100000
632,-1.5966811180114746,1.5966811180114746,1.0,3.0846927165985107,130.04286193847656,-34856.8984375,1.0,0.4535053969175745,0.0032455837793328797,0.5,2.610504627227783,16.0,-0.008285479620099068,-0.009298042394220829,0.0353555791079998,100000
633,-2.3828794956207275,2.3828794956207275,1.0,3.5141520500183105,187.29554748535156,-2342.085693359375,1.0,0.4528065819258918,0.003236244011049886,0.5,3.950162172317505,16.0,-0.1092071682214737,-0.11021146923303604,0.03963693603873253,100000
634,-1.1466253995895386,1.1466253995895386,1.0,3.0060877799987793,95.9805908203125,-14708.6552734375,1.0,0.45210884375136695,0.0032269311196794926,0.5,2.7272655963897705,16.0,-0.25984135270118713,-0.26067525148391724,0.0314502939581871,100000
635,-1.3003153800964355,1.3003153800964355,1.0,3.068842887878418,107.33592224121094,-9.419363021850586,0.9996337890625,0.4514121807347122,0.003217645027878409,0.5,2.645522117614746,16.0,-0.12744136154651642,-0.12824396789073944,0.027640514075756073,100000
636,-2.6285932064056396,2.6285932064056396,1.0,2.989753246307373,210.26229858398438,-5360.1005859375,1.0,0.4507165912191966,0.003208385658525913,0.5,2.838149070739746,16.0,-0.16354092955589294,-0.16443315148353577,0.029845423996448517,100000
637,-6.870059013366699,326115.0,0.9375,3.7935304641723633,25120620.0,-95.96946716308594,0.9373779296875,0.45002207355064194,0.003199152934723209,0.5,2.0145955085754395,16.0,-0.07299252599477768,-0.07455787807703018,0.04526501148939133,100000
638,-1.2237343788146973,1.2237343788146973,1.0,2.934863567352295,102.46894073486328,-164.09445190429688,1.0,0.44932862607741936,0.0031899467797927954,0.5,1.6983213424682617,5.5618510246276855,-0.5806846618652344,-0.5830977559089661,0.05462658405303955,100000
639,-5.686820030212402,25474340864.0,0.96875,4.477302074432373,1962287038464.0,-5025.666015625,0.9754638671875,0.4486362471504444,0.0031807671172778213,0.5,3.2083401679992676,16.0,-0.11806631088256836,-0.11890419572591782,0.0420367605984211,100000
640,-1.241300344467163,1.241300344467163,1.0,2.9247896671295166,103.89962768554688,-10.224532127380371,1.0,0.4479449351231744,0.0031716138709414568,0.5,3.0597593784332275,16.0,-0.2517789304256439,-0.25290390849113464,0.03323259949684143,100000
641,-0.7773217558860779,0.7773217558860779,1.0,3.083527088165283,66.93663024902344,-353.5328674316406,1.0,0.44725468835160326,0.003162486964766255,0.5,2.6833038330078125,16.0,-0.2401987761259079,-0.24104651808738708,0.034210771322250366,100000
642,-51.868953704833984,51.868953704833984,1.0,3.2771146297454834,4001.03125,-2729.229736328125,1.0,0.4465655051942586,0.003153386322953527,0.5,3.10341477394104,16.0,-0.1514357626438141,-0.15235650539398193,0.040193431079387665,100000
643,-6.065299034118652,163060.140625,0.96875,3.66686749458313,12560514.0,-15858.259765625,0.96875,0.4458773840121973,0.003144311869922707,0.5,2.760550022125244,16.0,-0.07640001177787781,-0.07738517969846725,0.036057598888874054,100000
644,-0.7535710334777832,0.7535710334777832,1.0,2.9660816192626953,66.01180267333984,-26.17483139038086,1.0,0.44519032316900153,0.003135263530310723,0.5,2.0488269329071045,16.0,-0.38404107093811035,-0.38509929180145264,0.031100425869226456,100000
645,-0.8221540451049805,0.8221540451049805,1.0,2.932889223098755,71.55043029785156,-1.330275535583496,0.999755859375,0.4445043210307753,0.0031262412289713797,0.5,2.8653221130371094,16.0,-0.09902069717645645,-0.09975649416446686,0.04006774351000786,100000
646,-4.904830455780029,4.904830455780029,1.0,3.2029547691345215,383.9584045410156,-520.9298706054688,0.990966796875,0.44381937596614024,0.0031172448909747253,0.5,3.102865219116211,16.0,-0.09036571532487869,-0.09114102274179459,0.034806028008461,100000
647,-8.083382606506348,326116.21875,0.9375,4.117260456085205,25120712.0,-23.620410919189453,0.9375,0.4431354863462318,0.0031082744416064344,0.5,2.8135735988616943,16.0,-0.18088504672050476,-0.18187536299228668,0.03426605090498924,100000
648,-1.220238208770752,1.220238208770752,1.0,3.21972918510437,100.00529479980469,-135.01608276367188,1.0,0.44245265054469524,0.0030993298063671845,0.5,3.4383506774902344,16.0,-0.08238951861858368,-0.08321209996938705,0.02925846539437771,100000
649,-1.229363203048706,1.229363203048706,1.0,3.3175086975097656,99.95499420166016,-130.00035095214844,1.0,0.441770866937682,0.003090410910972039,0.5,3.3035714626312256,16.0,-0.06294611096382141,-0.06381987780332565,0.03409756347537041,100000
650,-4.531757831573486,163058.59375,0.96875,3.648406982421875,12560397.0,-179.91326904296875,0.96875,0.441090133903846,0.0030815176813498327,0.5,3.0463991165161133,16.0,-0.047477398067712784,-0.04819919914007187,0.0405152291059494,100000
651,-1.2037030458450317,1.2037030458450317,1.0,2.955899953842163,100.76387023925781,-65.37683868408203,1.0,0.440410449824339,0.0030726500436425493,0.5,2.2818503379821777,12.530241012573242,-0.11590535938739777,-0.11705943942070007,0.03231797367334366,100000
652,-7.223946571350098,326115.375,0.9375,4.30638313293457,25120644.0,-2002.3692626953125,0.930419921875,0.43973181308280773,0.0030638079242047167,0.5,3.4843907356262207,16.0,-0.049455367028713226,-0.04996437206864357,0.03787296265363693,100000
653,-1.2005376815795898,1.2005376815795898,1.0,3.3784408569335938,97.26521301269531,-9398.376953125,1.0,0.43905422206538935,0.0030549912496027876,0.5,3.6870203018188477,16.0,-0.37167078256607056,-0.3723052740097046,0.0439099445939064,100000
654,-12.634346961975098,41.940731048583984,0.96875,3.8976969718933105,3231.47998046875,-12457.27734375,0.999755859375,0.43837767516070797,0.003046199946614538,0.5,3.1806259155273438,12.530241012573242,-0.0771600753068924,-0.07786592096090317,0.04078146442770958,100000
655,-0.9920781254768372,0.9920781254768372,1.0,3.082188129425049,83.4896240234375,-25.668182373046875,0.9937744140625,0.4377021707598706,0.0030374339422284484,0.5,3.24876070022583,16.0,-0.18329758942127228,-0.18402965366840363,0.03995300456881523,100000
656,-1.135891079902649,1.135891079902649,1.0,3.133580207824707,94.17164611816406,-27.42365837097168,1.0,0.4370277072564634,0.0030286931636431093,0.5,3.10176944732666,16.0,-0.2432350218296051,-0.24416756629943848,0.04408947378396988,100000
657,-8.333386421203613,164527.15625,0.9375,4.471765995025635,12673514.0,-2675.137939453125,0.9674072265625,0.4363542830465481,0.003019977538266607,0.5,2.9281070232391357,16.0,-0.07485343515872955,-0.07577835768461227,0.03345507010817528,100000
658,-3.9662744998931885,163058.046875,0.96875,3.6621408462524414,12560353.0,-6.578120708465576,0.9686279296875,0.43568189652865774,0.0030112869937159266,0.5,3.415407657623291,16.0,-0.0947188064455986,-0.09528608620166779,0.03374886512756348,100000
659,-0.9206113815307617,0.9206113815307617,1.0,3.237823247909546,76.78569030761719,-44873.40625,1.0,0.43501054610379314,0.0030026214578163474,0.5,3.5211269855499268,16.0,-0.05850083380937576,-0.059020690619945526,0.031661611050367355,100000
660,-4.215200424194336,163058.296875,0.96875,3.6847751140594482,12560372.0,-120.66727447509766,0.96875,0.4343402301754192,0.002993980858600844,0.5,3.7252919673919678,16.0,0.005351372063159943,0.004928729962557554,0.035075146704912186,100000
661,-5.274799346923828,163059.328125,0.96875,3.7130661010742188,12560453.0,-1701.2681884765625,0.96875,0.43367094714946064,0.0029853651243094926,0.5,3.5515999794006348,12.530241012573242,-0.044972099363803864,-0.045454241335392,0.03631167113780975,100000
662,-1.3943347930908203,1.3943347930908203,1.0,3.2944931983947754,112.84004211425781,-28371.61328125,0.9891357421875,0.4330026954342988,0.0029767741833888685,0.5,3.5176682472229004,12.530241012573242,-0.058978721499443054,-0.05958304926753044,0.0451190248131752,100000
663,-4.1624860763549805,163058.234375,0.96875,3.5905725955963135,12560368.0,-136.68067932128906,0.9398193359375,0.43233547344076756,0.002968207964491457,0.5,2.7325901985168457,16.0,-0.14834462106227875,-0.14891350269317627,0.032955002039670944,100000
664,-4.160561561584473,163058.21875,0.96875,3.872112512588501,12560367.0,-3728.733154296875,0.968505859375,0.4316692795821495,0.002959666396475059,0.5,4.492424964904785,16.0,-0.1007896289229393,-0.10120838135480881,0.03428231552243233,100000
665,-3.926567554473877,163057.984375,0.96875,3.6511390209198,12560350.0,-10.697502136230469,0.96875,0.43100411227417207,0.0029511494084021993,0.5,3.455604314804077,16.0,0.05761394277215004,0.05699170380830765,0.030514122918248177,100000
666,-0.955047607421875,0.955047607421875,1.0,3.251072883605957,79.33623504638672,-37.151180267333984,0.9998779296875,0.4303399699350042,0.002942656929539541,0.5,2.7569353580474854,16.0,-0.09895940124988556,-0.09979315102100372,0.03242101892828941,100000
667,-1.7297817468643188,1.7297817468643188,1.0,3.1283955574035645,139.95895385742188,-81.88492584228516,0.9990234375,0.42967685098525205,0.002934188889357291,0.5,3.187831163406372,16.0,-0.14218772947788239,-0.14274634420871735,0.03361479938030243,100000
668,-1.0639493465423584,1.0639493465423584,1.0,2.9679670333862305,89.90570068359375,-5.378021240234375,1.0,0.4290147538479558,0.002925745217528623,0.5,2.911252975463867,12.530241012573242,0.035221267491579056,0.034369658678770065,0.03278939053416252,100000
669,-0.9074705243110657,0.9074705243110657,1.0,2.8684592247009277,78.61865234375,-9.486888885498047,0.9996337890625,0.4283536769485854,0.0029173258439290873,0.5,1.8394320011138916,12.530241012573242,-0.13595154881477356,-0.13692431151866913,0.032133087515830994,100000
670,-4.146446704864502,163058.1875,0.96875,3.9656639099121094,12560365.0,-171.7708740234375,0.96875,0.4276936187150369,0.0029089306986360298,0.5,3.304910659790039,16.0,-0.12286422401666641,-0.12334062904119492,0.02923860214650631,100000
671,-1.2174384593963623,1.2174384593963623,1.0,3.2988288402557373,99.18033599853516,-28.804519653320312,1.0,0.4270345775776292,0.002900559711928013,0.5,2.3607394695281982,16.0,-0.15192070603370667,-0.15323808789253235,0.032414376735687256,100000
672,-2.6566407680511475,2.6566407680511475,1.0,3.078603982925415,211.73838806152344,-99974.984375,0.9993896484375,0.42637655196909957,0.0028922128142842346,0.5,2.239406108856201,11.76475715637207,-0.1213395893573761,-0.12210115045309067,0.03310046344995499,100000
673,-1.0114407539367676,1.0114407539367676,1.0,3.237489700317383,83.78482818603516,-41.94215774536133,1.0,0.4257195403246006,0.002883889936383953,0.5,4.035171985626221,16.0,0.03567146137356758,0.035155490040779114,0.04030132293701172,100000
674,-2.1181676387786865,2.1181676387786865,1.0,3.2330780029296875,169.06991577148438,-63446720.0,0.999755859375,0.42506354108169586,0.0028755910091059077,0.5,3.3223726749420166,16.0,0.025209931656718254,0.02453448623418808,0.031767480075359344,100000
675,-4.412148952484131,163058.46875,0.96875,3.747194290161133,12560387.0,-3665.275146484375,0.96875,0.4244085526803569,0.002867315963527749,0.5,3.88177752494812,16.0,-0.11500494182109833,-0.11558117717504501,0.03010697104036808,100000
676,-10.076164245605469,10.076164245605469,1.0,3.5562801361083984,779.58447265625,-60.411415100097656,1.0,0.4237545735629589,0.0028590647309254635,0.5,4.157317161560059,16.0,-0.02023063600063324,-0.020729288458824158,0.034706246107816696,100000
677,-1.0387775897979736,1.0387775897979736,1.0,3.249372959136963,85.7990493774414,-9.237207412719727,1.0,0.4231016021742771,0.0028508372427728033,0.5,4.637115478515625,16.0,0.029569288715720177,0.029015326872467995,0.036481358110904694,100000
678,-0.9959746599197388,0.9959746599197388,1.0,2.9689273834228516,84.66221618652344,-15.624162673950195,1.0,0.42244963696148363,0.0028426334307407194,0.5,3.8543007373809814,16.0,-0.01750853843986988,-0.01807378977537155,0.03405918553471565,100000
679,-1.1168934106826782,1.1168934106826782,1.0,3.2797842025756836,91.5820541381836,-11.344070434570312,1.0,0.421798676374143,0.0028344532266967887,0.5,3.7197442054748535,16.0,0.009759113192558289,0.009123549796640873,0.029467083513736725,100000
680,-1.6567836999893188,1.6567836999893188,1.0,3.974433422088623,127.81889343261719,-683.9664916992188,1.0,0.42114871886420896,0.0028262965627046566,0.5,5.489788055419922,16.0,-0.03233297914266586,-0.03252829238772392,0.03478756174445152,100000
681,-0.6769357919692993,0.6769357919692993,1.0,3.093026638031006,59.1307373046875,-82.68556213378906,0.9998779296875,0.4204997628860207,0.0028181633710234627,0.5,3.2516369819641113,16.0,-0.060160186141729355,-0.06068095192313194,0.04087139293551445,100000
682,-0.7331136465072632,0.7331136465072632,1.0,2.9130353927612305,64.84458923339844,-238.07275390625,1.0,0.41985180689629914,0.0028100535841072876,0.5,2.0910263061523438,16.0,0.09253622591495514,0.09163215756416321,0.035393666476011276,100000
683,-7.325815200805664,326115.46875,0.9375,4.212183952331543,25120652.0,-580.1954345703125,0.9373779296875,0.41920484935414337,0.0028019671346045873,0.5,2.9351038932800293,16.0,-0.12205132097005844,-0.12281760573387146,0.03195564076304436,100000
684,-0.8589932322502136,0.8589932322502136,1.0,3.1082139015197754,73.03762817382812,-6.995307922363281,1.0,0.4185588887210265,0.002793903955357631,0.5,2.9297385215759277,16.0,-0.4046134352684021,-0.40536877512931824,0.041382987052202225,100000
685,-1.1992440223693848,1.1992440223693848,1.0,3.3588919639587402,97.3161392211914,-31573.701171875,0.99951171875,0.41791392346079287,0.002785863979401951,0.5,2.749972343444824,16.0,-0.030945254489779472,-0.0319790244102478,0.03523299843072891,100000
686,-4.284762382507324,163058.359375,0.96875,3.542860984802246,12560378.0,-19.07926368713379,0.9686279296875,0.4172699520396535,0.002777847139965779,0.5,2.410728931427002,16.0,-0.13196879625320435,-0.1327354907989502,0.034294240176677704,100000
687,-7.436145305633545,326115.5625,0.9375,4.094865798950195,25120662.0,-824.372314453125,0.92626953125,0.4166269729261833,0.0027698533704694967,0.5,2.421870708465576,12.530241012573242,-0.22550612688064575,-0.22652675211429596,0.040303196758031845,100000
688,-0.6385139226913452,0.6385139226913452,1.0,2.917398452758789,57.523963928222656,-4.88238000869751,1.0,0.41598498459131644,0.00276188260452508,0.5,2.9132957458496094,16.0,-0.2181253433227539,-0.21880659461021423,0.04240565747022629,100000
689,-11.758413314819336,11.758413314819336,1.0,3.2548675537109375,911.4896850585938,-29745.55859375,1.0,0.4153439855083438,0.0027539347759355493,0.5,3.3152823448181152,16.0,-0.08054307848215103,-0.08136164397001266,0.04275508224964142,100000
690,-7.2831268310546875,163061.359375,0.96875,3.684093713760376,12560608.0,-281.63494873046875,0.96875,0.4147039741529084,0.0027460098186944193,0.5,3.8555545806884766,16.0,-0.04469539225101471,-0.04557675123214722,0.036337655037641525,100000
691,-0.9550779461860657,0.9550779461860657,1.0,3.1872434616088867,79.83025360107422,-357899.0,1.0,0.4140649490030023,0.002738107666985149,0.5,3.736098051071167,16.0,-0.1168263852596283,-0.11749815940856934,0.03941134735941887,100000
692,-0.8188281655311584,0.8188281655311584,1.0,3.189667224884033,69.31626892089844,-1080.9945068359375,1.0,0.4134269085389629,0.002730228255180599,0.5,3.0766892433166504,16.0,-0.07020539045333862,-0.07086645066738129,0.045357171446084976,100000
693,-12.333112716674805,163276.765625,0.9375,4.44245719909668,12577195.0,-8301.27734375,0.9405517578125,0.4127898512434693,0.002722371517842482,0.5,4.160451889038086,16.0,0.014029898680746555,0.01372036524116993,0.04442780464887619,100000
694,-1.1166801452636719,1.1166801452636719,1.0,3.1537411212921143,92.53654479980469,-4727.9521484375,0.999755859375,0.4121537756015385,0.0027145373897208224,0.5,2.689563035964966,12.530241012573242,-0.29427793622016907,-0.29530251026153564,0.0428844578564167,100000
695,-2.207636594772339,2.207636594772339,1.0,2.955277919769287,178.10159301757812,-124.27288818359375,1.0,0.4115186801005221,0.0027067258057534137,0.5,3.246519088745117,16.0,-0.23604115843772888,-0.2368122935295105,0.03186789155006409,100000
696,-1.5042493343353271,1.5042493343353271,1.0,2.9549686908721924,123.92210388183594,-4438.1923828125,1.0,0.41088456323010253,0.0026989367010652777,0.5,2.447256088256836,12.530241012573242,-0.23505562543869019,-0.23583398759365082,0.039624303579330444,100000
697,-1.359771490097046,1.359771490097046,1.0,3.3768463134765625,109.54328155517578,-18441.5078125,0.9993896484375,0.41025142348228966,0.002691170010968127,0.5,3.0291335582733154,16.0,-0.12662455439567566,-0.12714150547981262,0.033171188086271286,100000
698,-4.013767719268799,163058.09375,0.96875,3.3981733322143555,12560358.0,-6.8817644119262695,0.96875,0.40961925935141663,0.002683425670959824,0.5,3.4210431575775146,12.530241012573242,-0.0614381842315197,-0.062033966183662415,0.03379468247294426,100000
699,-0.7860493063926697,0.7860493063926697,1.0,2.9158875942230225,68.9002456665039,-9.922903060913086,0.99951171875,0.40898806933413717,0.00267570361672385,0.5,2.6180176734924316,12.530241012573242,0.017602549865841866,0.01700938679277897,0.023767760023474693,100000
700,-4.33896541595459,163058.40625,0.96875,3.577700614929199,12560383.0,-8.1255521774292,0.96875,0.40835785192942115,0.0026680037841287697,0.5,2.991248846054077,16.0,-0.03989109396934509,-0.04045604541897774,0.03140028193593025,100000
701,-0.872640073299408,0.872640073299408,1.0,3.2420401573181152,73.0579833984375,-230.50228881835938,1.0,0.4077286056385518,0.0026603261092276965,0.5,2.6415066719055176,16.0,-0.07439281791448593,-0.07521405071020126,0.03619883209466934,100000
702,-1.2354989051818848,1.2354989051818848,1.0,3.245636463165283,100.98126220703125,-96.09529876708984,0.99755859375,0.4071003289651214,0.002652670528257762,0.5,3.237170934677124,16.0,-0.07980701327323914,-0.08040908724069595,0.028216443955898285,100000
703,-4.486721038818359,163058.546875,0.96875,3.77011775970459,12560391.0,-15.75790023803711,0.967529296875,0.40647302041502814,0.0026450369776395894,0.5,2.6983840465545654,16.0,-0.08609309792518616,-0.08692324906587601,0.030830955132842064,100000
704,-1.2165870666503906,1.2165870666503906,1.0,3.182725429534912,100.00909423828125,-2.5109663009643555,1.0,0.40584667849647277,0.0026374253939767628,0.5,4.210785388946533,16.0,-0.0835278108716011,-0.08404120057821274,0.03187279403209686,100000
705,-0.8698044419288635,0.8698044419288635,1.0,2.9533653259277344,75.06321716308594,-23.58567237854004,1.0,0.4052213017199544,0.0026298357140552993,0.5,3.0653443336486816,16.0,-0.15269212424755096,-0.15332846343517303,0.03856205195188522,100000
706,-4.065323829650879,163058.125,0.96875,3.475674629211426,12560362.0,-37.48679733276367,0.96875,0.40459688859826765,0.002622267874843129,0.5,3.69716215133667,16.0,-0.006378523074090481,-0.0070132240653038025,0.033695776015520096,100000
707,-1.29916512966156,1.29916512966156,1.0,2.8371691703796387,109.03189086914062,-120.16215515136719,0.9998779296875,0.40397343764649857,0.002614721813489565,0.5,2.1346940994262695,12.530241012573242,-0.2326475977897644,-0.2336321622133255,0.031975507736206055,100000
708,-1.1136860847473145,1.1136860847473145,1.0,3.0791711807250977,92.88032531738281,-298.668212890625,0.9998779296875,0.40335094738202165,0.002607197467324789,0.5,3.3899879455566406,12.530241012573242,-0.18508923053741455,-0.18566562235355377,0.030794011428952217,100000
709,-2367.29052734375,328475.4375,0.9375,4.377419471740723,25302440.0,-5024.7861328125,0.9368896484375,0.4027294163244955,0.0025996947738593226,0.5,2.4274797439575195,16.0,-0.15784844756126404,-0.15854623913764954,0.035338517278432846,100000
710,-6.897059917449951,326115.0,0.9375,3.9097208976745605,25120620.0,-2.016096353530884,0.9375,0.4021088429958602,0.0025922136707835146,0.5,2.6620423793792725,16.0,-0.11085136979818344,-0.11149882525205612,0.0407877080142498,100000
711,-1.0566699504852295,1.0566699504852295,1.0,3.118410110473633,88.18611145019531,-410.15374755859375,0.9996337890625,0.40148922592033337,0.002584754095967022,0.5,2.6486549377441406,16.0,-0.03219771012663841,-0.032758016139268875,0.037843093276023865,100000
712,-4.981942653656006,4.981942653656006,1.0,3.2874960899353027,389.24713134765625,-32682.625,1.0,0.4008705636244065,0.0025773159874582915,0.5,3.1477653980255127,16.0,0.018199045211076736,0.017600318416953087,0.03514591604471207,100000
713,-1.1605535745620728,1.1605535745620728,1.0,3.108304738998413,96.26609802246094,-207.25465393066406,1.0,0.4002528546368419,0.0025698992834840484,0.5,2.7548422813415527,16.0,-0.1592525839805603,-0.1597636640071869,0.035963237285614014,100000
714,-3.8895628452301025,87.85216522216797,0.96875,3.5194435119628906,6770.9482421875,-3716.4853515625,0.9989013671875,0.39963609748866874,0.00256250392244878,0.5,2.10768723487854,16.0,-0.0980212464928627,-0.09885253012180328,0.036045145243406296,100000
715,-1.2693932056427002,1.2693932056427002,1.0,3.0100045204162598,105.40721893310547,-2571.118896484375,1.0,0.39902029071317974,0.00255512984293423,0.5,2.327493667602539,16.0,-0.12378598749637604,-0.1246233657002449,0.028680913150310516,100000
716,-3.908050537109375,2047866.375,0.96875,4.63713264465332,157747008.0,-840.1981811523438,0.98486328125,0.39840543284592783,0.0025477769836988796,0.5,2.5461854934692383,16.0,-0.21642887592315674,-0.21708396077156067,0.03494461253285408,100000
717,-0.9210681915283203,0.9210681915283203,1.0,3.065412998199463,78.14895629882812,-2.7719626426696777,1.0,0.3977915224247224,0.002540445283677447,0.5,2.78826904296875,16.0,-0.2682616412639618,-0.2686763107776642,0.03529651463031769,100000
718,-54.730159759521484,54.730159759521484,1.0,3.442448854446411,4220.15576171875,-3100.19482421875,1.0,0.39717855798962615,0.0025331346819803774,0.5,3.5541820526123047,16.0,-0.07748477160930634,-0.0779479444026947,0.037272557616233826,100000
719,-0.9572451114654541,0.9572451114654541,1.0,3.0813117027282715,80.81318664550781,-10.389122009277344,1.0,0.39656653808295117,0.002525845117893334,0.5,2.739089012145996,16.0,-0.24062195420265198,-0.24130849540233612,0.038257863372564316,100000
720,-1.2230932712554932,1.2230932712554932,1.0,3.259195327758789,99.92121887207031,-7340.03564453125,1.0,0.39595546124925596,0.0025185765308767,0.5,2.4269049167633057,16.0,-0.061676181852817535,-0.06276529282331467,0.044995661824941635,100000
721,-4.162710189819336,1559701.25,0.96875,4.380151748657227,120143696.0,-21226.439453125,0.99560546875,0.39534532603534156,0.0025113288605650703,0.5,2.6828298568725586,16.0,-0.11063252389431,-0.111649289727211,0.05058123543858528,100000
722,-0.7765793800354004,0.7765793800354004,1.0,2.9265661239624023,68.0885238647461,-2876.484619140625,1.0,0.39473613099024846,0.0025041020467667543,0.5,2.4458441734313965,16.0,-0.24114125967025757,-0.24192087352275848,0.034712884575128555,100000
723,-0.8283861875534058,0.8283861875534058,1.0,2.7757604122161865,73.24085235595703,-2372.727294921875,1.0,0.3941278746652526,0.002496896029463272,0.5,1.7847874164581299,11.76475715637207,-0.18385371565818787,-0.185061514377594,0.039203643798828125,100000
724,-0.7780375480651855,0.7780375480651855,1.0,3.090182304382324,66.94050598144531,-4439.73779296875,1.0,0.3935205556138628,0.0024897107488088587,0.5,2.890082836151123,16.0,-0.12826409935951233,-0.128926619887352,0.035595208406448364,100000
725,-1.0427415370941162,1.0427415370941162,1.0,3.4836883544921875,84.29946899414062,-11066.208984375,1.0,0.3929141723918165,0.0024825461451299683,0.5,4.090110778808594,16.0,0.015623961575329304,0.015237919986248016,0.03446251153945923,100000
726,-16.1268253326416,16.1268253326416,1.0,3.3876986503601074,1246.96484375,-18.397733688354492,1.0,0.3923087235570765,0.002475402158924774,0.5,2.8251113891601562,16.0,-0.18610265851020813,-0.186584934592247,0.02321540378034115,100000
727,-3.9724881649017334,163058.046875,0.96875,3.4872586727142334,12560355.0,-162.5559539794922,0.9686279296875,0.3917042076698281,0.0024682787308626785,0.5,2.4428799152374268,16.0,-0.06001148745417595,-0.06068727746605873,0.029043257236480713,100000
728,-4.458437442779541,163058.515625,0.96875,3.801793336868286,12560390.0,-4.298161506652832,0.96875,0.3911006232924747,0.002461175801783818,0.5,3.466548442840576,16.0,-0.11127635836601257,-0.11168084293603897,0.03151087090373039,100000
729,-1.8090133666992188,1.8090133666992188,1.0,3.146559238433838,145.9222412109375,-221979.671875,1.0,0.3904979689896354,0.002454093312698573,0.5,2.829169273376465,16.0,-0.06534294784069061,-0.06576624512672424,0.03703178092837334,100000
730,-0.918065071105957,0.918065071105957,1.0,2.82897686958313,79.73887634277344,-162.51571655273438,0.9993896484375,0.3898962433281407,0.002447031204787076,0.5,3.024258613586426,12.530241012573242,-0.1082138940691948,-0.1086559072136879,0.0327552855014801,100000
731,-7.281005859375,326115.40625,0.9375,4.302238464355469,25120648.0,-15412.0517578125,0.9376220703125,0.3892954448770299,0.0024399894193987267,0.5,3.59224271774292,16.0,-0.055131696164608,-0.05553238093852997,0.030149128288030624,100000
732,-7.202103614807129,326115.3125,0.9375,3.8648815155029297,25120644.0,-1378.781494140625,0.9381103515625,0.3886955722075469,0.0024329678980517023,0.5,2.9287304878234863,16.0,-0.12150739878416061,-0.12206606566905975,0.02994774654507637,100000
733,-0.969691276550293,0.969691276550293,1.0,2.9351563453674316,82.89775085449219,-73.58126831054688,1.0,0.38809662389313754,0.0024259665824324706,0.5,2.8740968704223633,16.0,-0.05913162976503372,-0.059628505259752274,0.035088151693344116,100000
734,-4.868748664855957,163058.9375,0.96875,3.75778865814209,12560422.0,-1705.736572265625,0.96875,0.3874985985094457,0.0024189854143953095,0.5,3.6262941360473633,16.0,-0.11607806384563446,-0.11640353500843048,0.03266848623752594,100000
735,-6.608273506164551,163060.6875,0.96875,3.8336644172668457,12560555.0,-16303.1982421875,0.96875,0.38690149463430995,0.00241202433596182,0.5,3.9190797805786133,16.0,-0.14072692394256592,-0.14114969968795776,0.03704925626516342,100000
736,-2.5458500385284424,2.5458500385284424,1.0,3.550633430480957,199.56814575195312,-57.25728988647461,1.0,0.3863053108477605,0.0024050832893204492,0.5,3.1972784996032715,16.0,-0.15661603212356567,-0.15737244486808777,0.03426976129412651,100000
737,-4.265595436096191,4260.466796875,0.96875,3.631249189376831,328186.375,-591.7185668945312,0.984619140625,0.38571004573201556,0.0023981622168260043,0.5,3.05298113822937,16.0,-0.18746104836463928,-0.18813729286193848,0.029661554843187332,100000
738,-3.459350109100342,3.459350109100342,1.0,3.3176872730255127,271.72943115234375,-1251.5601806640625,1.0,0.3851156978714781,0.0023912610609991805,0.5,2.833981990814209,12.530241012573242,-0.09871592372655869,-0.09925221651792526,0.06387700885534286,100000
739,-0.9190922379493713,0.9190922379493713,1.0,3.1735405921936035,77.16383361816406,-2.501943826675415,1.0,0.38452226585273225,0.0023843797645260786,0.5,3.605558395385742,16.0,0.007732029538601637,0.007370421662926674,0.07198511064052582,100000
740,-7.071535587310791,326115.1875,0.9375,4.192811965942383,25120636.0,-28807986.0,0.9376220703125,0.3839297482645401,0.002377518270257731,0.5,3.210554361343384,16.0,-0.041979607194662094,-0.04237121716141701,0.03817860782146454,100000
741,-4.519487380981445,163058.578125,0.96875,3.6727375984191895,12560395.0,-12.003961563110352,0.96875,0.38333814369783853,0.0023706765212096266,0.5,3.2936031818389893,16.0,-0.3348853588104248,-0.3353414535522461,0.04059360921382904,100000
742,-0.9650035500526428,0.9650035500526428,1.0,3.5549604892730713,77.7623062133789,-1213207.125,1.0,0.3827474507457356,0.0023638544605612383,0.5,4.104384899139404,16.0,-0.19582390785217285,-0.19627399742603302,0.03806968405842781,100000
743,-0.7798376679420471,0.7798376679420471,1.0,3.2892231941223145,65.54595947265625,-130.1300811767578,1.0,0.3821576680035071,0.0023570520316555507,0.5,2.917064666748047,16.0,-0.09444797039031982,-0.09494192898273468,0.027440033853054047,100000
744,-4.256315231323242,163058.328125,0.96875,3.8173792362213135,12560374.0,-29.210590362548828,0.96875,0.3815687940685935,0.0023502691779985884,0.5,4.161566257476807,16.0,-0.04393535107374191,-0.04436986893415451,0.033049896359443665,100000
745,-1.3924241065979004,1.3924241065979004,1.0,3.5036773681640625,111.08152770996094,-5.129197120666504,1.0,0.3809808275405967,0.002343505843258949,0.5,4.4076247215271,16.0,-0.521946132183075,-0.5224934220314026,0.03382916375994682,100000
746,-1.0257216691970825,1.0257216691970825,1.0,3.5516088008880615,82.46524047851562,-8994.900390625,1.0,0.3803937670212763,0.0023367619712673345,0.5,4.866143226623535,16.0,-0.0601869560778141,-0.060564134269952774,0.04218200594186783,100000
747,-1.1341907978057861,1.1341907978057861,1.0,3.504277229309082,91.18521118164062,-1175.4478759765625,1.0,0.37980761111454636,0.0023300375060160824,0.5,4.219900131225586,16.0,-0.09187247604131699,-0.09237693250179291,0.05959169566631317,100000
748,-1.259073257446289,1.259073257446289,1.0,3.3361854553222656,102.09970092773438,-1936.4097900390625,1.0,0.37922235842647245,0.002323332391658705,0.5,4.1279377937316895,16.0,-0.01372881792485714,-0.014136959798634052,0.03270368650555611,100000
749,-1.205009937286377,1.205009937286377,1.0,3.193202018737793,99.03661346435547,-3271.6455078125,0.9998779296875,0.37863800756526783,0.002316646572509421,0.5,2.2287542819976807,12.530241012573242,0.0075511569157242775,0.00682277325540781,0.03367644175887108,100000
750,-3.1352429389953613,3.1352429389953613,1.0,3.145778179168701,248.087646484375,-853.212158203125,1.0,0.3780545571412907,0.0023099799930426978,0.5,3.1236393451690674,16.0,-0.06655344367027283,-0.06711769104003906,0.03822072222828865,100000
751,-0.8873348832130432,0.8873348832130432,1.0,3.211454391479492,74.42552185058594,-70.00904083251953,1.0,0.37747200576704026,0.0023033325978927847,0.5,2.3281195163726807,16.0,-0.03720651566982269,-0.037788648158311844,0.039537303149700165,100000
752,-0.9694881439208984,0.9694881439208984,1.0,3.264960289001465,80.34162139892578,-165.00877380371094,1.0,0.37689035205715393,0.002296704331853259,0.5,3.328883647918701,16.0,-0.16241276264190674,-0.16281481087207794,0.03125045448541641,100000
753,-1.162926197052002,1.162926197052002,1.0,3.4509496688842773,93.8094711303711,-57.31428909301758,0.9989013671875,0.37630959462840397,0.0022900951398765637,0.5,3.675619125366211,16.0,-0.03133544325828552,-0.03163236007094383,0.03117072582244873,100000
754,-3.7738399505615234,3.7738399505615234,1.0,3.3245434761047363,295.9017028808594,-2940.8505859375,1.0,0.3757297320996936,0.0022835049670735506,0.5,3.326338291168213,16.0,-0.10034582018852234,-0.10083922743797302,0.024429311975836754,100000
755,-1.403035283088684,1.403035283088684,1.0,3.2234838008880615,114.0572280883789,-746.7399291992188,0.9996337890625,0.37515076309205486,0.0022769337587130265,0.5,2.9249086380004883,16.0,-0.2950679361820221,-0.2955986261367798,0.029752666130661964,100000
756,-1.5667924880981445,1.5667924880981445,1.0,3.432490348815918,125.06145477294922,-1915.21923828125,1.0,0.3745726862286441,0.0022703814602212957,0.5,4.327150344848633,16.0,-0.009700529277324677,-0.010033862665295601,0.033683497458696365,100000
757,-0.8442386388778687,0.8442386388778687,1.0,3.3745012283325195,69.84986877441406,-2198.36376953125,1.0,0.3739955001347397,0.0022638480171817106,0.5,3.7815628051757812,16.0,-0.10655355453491211,-0.10691393166780472,0.03379346802830696,100000
758,-7.248073577880859,740817.4375,0.9375,4.374505996704102,57065116.0,-13041.3662109375,0.96826171875,0.37341920343773793,0.002257333375334215,0.5,4.042194843292236,16.0,-0.1347830444574356,-0.13520558178424835,0.03146616369485855,100000
759,-4.3683929443359375,163058.4375,0.96875,3.6102747917175293,12560384.0,-561.9667358398438,0.96875,0.3728437947671506,0.002250837480574898,0.5,2.1746039390563965,16.0,-0.16834503412246704,-0.16933535039424896,0.03349309787154198,100000
760,-1.0516057014465332,1.0516057014465332,1.0,3.154252290725708,87.51991271972656,-1148.6002197265625,1.0,0.37226927275460114,0.0022443602789555426,0.5,3.4575517177581787,16.0,-0.2278975397348404,-0.22835493087768555,0.037043359130620956,100000
761,-4.553958415985107,4.553958415985107,1.0,3.477729082107544,354.81427001953125,-142.93333435058594,0.9998779296875,0.3716956360338213,0.0022379017166831764,0.5,3.98098087310791,16.0,-0.08356205374002457,-0.08393167704343796,0.03357549011707306,100000
762,-1.061798095703125,1.061798095703125,1.0,3.171050548553467,88.17564392089844,-458.1898498535156,1.0,0.3711228832406485,0.0022314617401196285,0.5,3.2201452255249023,16.0,0.08492108434438705,0.0844065397977829,0.0372343510389328,100000
763,-3.992947578430176,163058.0625,0.96875,3.69020676612854,12560354.0,-68.02349853515625,0.96875,0.370551013013022,0.002225040295781078,0.5,3.233590602874756,16.0,-0.13005761802196503,-0.13044744729995728,0.031316280364990234,100000
764,-0.9993395805358887,0.9993395805358887,1.0,3.228437900543213,82.92240905761719,-25266.97265625,1.0,0.36998002399098,0.002218637330337619,0.5,3.5619821548461914,16.0,0.0069532678462564945,0.0065101864747703075,0.04606954753398895,100000
765,-3.7509448528289795,163057.828125,0.96875,3.5181455612182617,12560337.0,-139968.046875,0.96875,0.3694099148166563,0.002212252790612807,0.5,2.0041258335113525,16.0,-0.2291344702243805,-0.22993893921375275,0.03545067831873894,100000
766,-1.5844182968139648,1.5844182968139648,1.0,3.0641703605651855,129.25634765625,-35.56117630004883,1.0,0.3688406841342769,0.0022058866235832256,0.5,2.8475747108459473,16.0,-0.0744713693857193,-0.075013667345047,0.03983047604560852,100000
767,-4.119039058685303,163058.1875,0.96875,3.604119300842285,12560364.0,-49.496971130371094,0.9688720703125,0.3682723305901571,0.002199538776378043,0.5,2.4469857215881348,16.0,-0.29950639605522156,-0.3002164661884308,0.038182999938726425,100000
768,-7.000990867614746,326115.125,0.9375,3.9327552318573,25120630.0,-42.253414154052734,0.9376220703125,0.3677048528326981,0.0021932091962785717,0.5,1.8440592288970947,12.530241012573242,-0.066531702876091,-0.06725890189409256,0.03631671890616417,100000
769,-0.8516455888748169,0.8516455888748169,1.0,2.9916162490844727,73.36978912353516,-479.32379150390625,1.0,0.3671382495123837,0.0021868978307178328,0.5,2.7608938217163086,16.0,-0.09897752851247787,-0.0994526594877243,0.039754271507263184,100000
770,-1.2159903049468994,1.2159903049468994,1.0,3.240666151046753,99.51680755615234,-353.4826965332031,1.0,0.36657251928177736,0.0021806046272801177,0.5,3.459789514541626,16.0,-0.050663985311985016,-0.05098726227879524,0.03685412555932999,100000
771,-7.134725093841553,326115.25,0.9375,3.9738128185272217,25120640.0,-1372.880126953125,0.9375,0.36600766079551866,0.002174329533700556,0.5,2.320296287536621,16.0,-0.06102056801319122,-0.0616925023496151,0.03774382919073105,100000
772,-0.7273623943328857,0.7273623943328857,1.0,3.264644145965576,61.6931266784668,-5.355023384094238,0.9991455078125,0.36544367271032036,0.002168072497864676,0.5,3.3053717613220215,16.0,-0.058870829641819,-0.05924250930547714,0.03972943127155304,100000
773,-0.9485338926315308,0.9485338926315308,1.0,3.103250741958618,79.9731674194336,-164023.953125,1.0,0.36488055368496514,0.002161833467807978,0.5,2.3771350383758545,16.0,-0.22581836581230164,-0.22653846442699432,0.0367785282433033,100000
774,-0.9160858988761902,0.9160858988761902,1.0,3.204929828643799,76.69046783447266,-989.1298828125,1.0,0.3643183023803023,0.002155612391715498,0.5,2.39449405670166,16.0,-0.1606065332889557,-0.1613815426826477,0.035686708986759186,100000
775,-0.6501025557518005,0.6501025557518005,1.0,2.9985790252685547,57.79130554199219,-9.199847221374512,1.0,0.36375691745924466,0.002149409217921379,0.5,3.1286723613739014,16.0,-0.10156659036874771,-0.1018972396850586,0.03277599439024925,100000
776,-7.6052045822143555,326115.75,0.9375,3.9811673164367676,25120676.0,-3.684727191925049,0.9365234375,0.3631963975867656,0.002143223894908444,0.5,2.0821726322174072,12.530241012573242,-0.24314188957214355,-0.24361827969551086,0.03138228878378868,100000
777,-1.1772652864456177,1.1772652864456177,1.0,3.139606475830078,97.31228637695312,-16636.294921875,1.0,0.3626367414298953,0.0021370563713077628,0.5,2.500370979309082,16.0,-0.15455350279808044,-0.15516188740730286,0.03206399083137512,100000
778,-0.8176935911178589,0.8176935911178589,1.0,3.09407901763916,69.96519470214844,-16.44353675842285,1.0,0.36207794765771845,0.0021309065958982324,0.5,2.479358434677124,16.0,-0.167046457529068,-0.16748356819152832,0.044699616730213165,100000
779,-1.2587977647781372,1.2587977647781372,1.0,3.2509562969207764,102.73500061035156,-318849.40625,1.0,0.36152001494136987,0.0021247745176061457,0.5,3.689992904663086,16.0,-0.13149231672286987,-0.13183921575546265,0.04420549049973488,100000
780,-3.77306866645813,163057.8125,0.96875,3.4977142810821533,12560340.0,-13.905364990234375,0.9688720703125,0.36096294195403267,0.002118660085504771,0.5,3.032456398010254,16.0,-0.021874554455280304,-0.022291379049420357,0.03783276677131653,100000
781,-1.1329394578933716,1.1329394578933716,1.0,3.2763571739196777,92.84447479248047,-139.6474609375,1.0,0.3604067273709343,0.002112563248813928,0.5,3.179086446762085,16.0,-0.03823142498731613,-0.038717642426490784,0.041885361075401306,100000
782,-4.4009318351745605,163058.46875,0.96875,3.772237777709961,12560386.0,-28.409168243408203,0.9686279296875,0.3598513698693434,0.0021064839568995623,0.5,3.1538500785827637,16.0,-0.1443689614534378,-0.144791841506958,0.03436824306845665,100000
783,-4.042647838592529,163058.09375,0.96875,3.6747546195983887,12560358.0,-17.711719512939453,0.96875,0.35929686812856704,0.0021004221592733335,0.5,2.675250291824341,16.0,-0.11517786234617233,-0.1156749576330185,0.024056751281023026,100000
784,-5.324062824249268,5.324062824249268,1.0,3.3660829067230225,414.9952697753906,-3962.968017578125,1.0,0.3587432208299473,0.002094377805592187,0.5,3.08613657951355,16.0,-0.06006890535354614,-0.060402560979127884,0.03476662561297417,100000
785,-31.733428955078125,163085.78125,0.96875,4.244494915008545,12562486.0,-101920.4296875,0.96875,0.35819042665685813,0.002088350845657941,0.5,5.405081748962402,16.0,-0.01691613905131817,-0.01712118275463581,0.03834935650229454,100000
786,-0.7915360927581787,0.7915360927581787,1.0,3.043614387512207,68.33900451660156,-4.69810676574707,1.0,0.3576384842947024,0.002082341229416868,0.5,2.3588500022888184,16.0,-0.06864812970161438,-0.06916356086730957,0.02598312869668007,100000
787,-11.989548683166504,163066.046875,0.96875,3.599745512008667,12560971.0,-117669.9765625,0.9686279296875,0.3570873924309087,0.00207634890695928,0.5,2.499606132507324,11.76475715637207,-0.40853577852249146,-0.4091416895389557,0.03256264328956604,100000
788,-0.8595303297042847,0.8595303297042847,1.0,3.067214012145996,73.39481353759766,-79969.2421875,1.0,0.356537149754928,0.0020703738285191126,0.5,3.4792470932006836,16.0,-0.19156037271022797,-0.19192519783973694,0.039064280688762665,100000
789,-7.354074954986572,170674.65625,0.9375,4.524607181549072,13147056.0,-1240.2918701171875,0.9686279296875,0.3559877549582309,0.0020644159444735124,0.5,4.180424690246582,16.0,-0.16078945994377136,-0.16106465458869934,0.026768498122692108,100000
790,-1.0330183506011963,1.0330183506011963,1.0,3.374361753463745,84.39263916015625,-638.6737670898438,1.0,0.35543920673430424,0.0020584752053424264,0.5,2.606637477874756,11.76475715637207,-0.04857000708580017,-0.04907352477312088,0.030062125995755196,100000
791,-2.5115978717803955,2.5115978717803955,1.0,3.4040775299072266,198.05862426757812,-19870.921875,1.0,0.3548915037786481,0.002052551561788187,0.5,2.638361930847168,16.0,0.02039645053446293,0.01993255317211151,0.0332784578204155,100000
792,-1.7993443012237549,1.7993443012237549,1.0,3.3734092712402344,143.42999267578125,-5309.93798828125,1.0,0.3543446447887728,0.0020466449646151076,0.5,4.4895734786987305,16.0,-0.09035581350326538,-0.09060924500226974,0.02521882764995098,100000
793,-0.9582903385162354,0.9582903385162354,1.0,3.017296075820923,81.3868179321289,-3.677246570587158,1.0,0.3537986284641955,0.002040755364769069,0.5,3.6405701637268066,16.0,-0.057855669409036636,-0.058182381093502045,0.029367677867412567,100000
794,-3.818776845932007,163057.875,0.96875,3.5015976428985596,12560343.0,-28.35677719116211,0.96875,0.3532534535064375,0.002034882713337116,0.5,2.993544578552246,16.0,-0.1337791383266449,-0.1340668946504593,0.03194570168852806,100000
795,-0.8092078566551208,0.8092078566551208,1.0,3.3254499435424805,67.52928924560547,-3322.20751953125,0.9998779296875,0.35270911861902077,0.0020290269615470496,0.5,3.693340301513672,16.0,-0.14161133766174316,-0.14191414415836334,0.02884747087955475,100000
796,-0.8162703514099121,0.8162703514099121,1.0,3.1696085929870605,69.27375793457031,-13.843950271606445,1.0,0.3521656225074652,0.00202318806076702,0.5,3.7362284660339355,16.0,-0.02976498194038868,-0.03001692332327366,0.028945693746209145,100000
797,-428.8070373535156,428.8070373535156,1.0,3.659586191177368,33033.6015625,-167136.484375,1.0,0.3516229638792852,0.002017365962505126,0.5,4.167471408843994,16.0,-0.05986713618040085,-0.060099780559539795,0.025271449238061905,100000
798,-0.8971251249313354,0.8971251249313354,1.0,2.8894829750061035,77.65980529785156,-6.784557819366455,1.0,0.351081141443987,0.00201156061840901,0.5,2.0084028244018555,12.530241012573242,-0.2135595679283142,-0.21411724388599396,0.027171466499567032,100000
799,-0.8252700567245483,0.8252700567245483,1.0,2.9613966941833496,71.57086181640625,-8.812631607055664,1.0,0.35054015391306526,0.002005771980265459,0.5,3.104097843170166,16.0,-0.1827784776687622,-0.18316927552223206,0.02395148016512394,100000
800,-4.153916358947754,163058.203125,0.96875,3.514958143234253,12560368.0,-2.668076992034912,0.96875,0.35000000000000003,0.002,0.5,2.617928981781006,12.530241012573242,-0.2829962372779846,-0.2833803594112396,0.026235507801175117,100000
